epoch,batch,global_step,lr,window_samples,train_adv_loss,train_adv_acc,free_gradient_cosine,free_gradient_sign_agreement,free_prediction_disagreement,free_attack_loss_gain,free_boundary_fraction,free_delta_linf,control_gradient_participation_ratio,control_gradient_entropy,detector_baseline,detector_score,detector_threshold,detector_pgd10_acc,detector_seconds,observer_pgd10_acc,observer_pgd10_seconds,intervention_triggered
1,20,20,0.0010795454545454546,2560,3.1691909790039063,0.0,-0.0067783428588882085,0.49175416082143786,0.340234375,0.8326211541891098,0.9156555294990539,0.03137257695198059,0.24469003602862358,0.8843633711338044,nan,nan,0.16632988750934596,nan,0.0,nan,0.0,0
1,40,40,0.002215909090909091,2560,2.881258010864258,0.0,-0.008253071003127842,0.4926831677556038,0.41953125,0.6404249936342239,0.9148463100194931,0.03137257695198059,0.2208985909819603,0.8764220982789993,nan,nan,0.16632988750934596,nan,0.0,nan,0.0,0
1,60,60,0.0033522727272727276,2560,2.6409835815429688,0.021484375,-0.00431033008499071,0.49535434544086454,0.28125,0.4211172893643379,0.9141616970300674,0.03137257695198059,0.19114221781492233,0.8646950274705887,nan,nan,0.16632988750934596,nan,0.0,nan,0.0,0
1,80,80,0.004488636363636363,2560,2.4657265186309814,0.045703125,0.01545563095714897,0.49942882508039477,0.259375,0.28845819756388663,0.9146839350461959,0.03137257695198059,0.17093973532319068,0.8542301118373871,-0.0067783428588882085,-0.02223397381603718,0.16632988750934596,nan,0.0,nan,0.0,0
1,100,100,0.005625,2560,2.352028286457062,0.07578125,0.055228606425225736,0.5062854915857316,0.26953125,0.22564323768019676,0.9160108178853988,0.03137257695198059,0.16412732899188995,0.8504168212413787,-0.005544336471939459,-0.06077294289716519,0.16632988750934596,nan,0.0,0.0078125,0.3796109999966575,0
1,120,120,0.006761363636363636,2560,2.302302837371826,0.098828125,0.11581975538283587,0.5174364924430848,0.222265625,0.1920911192893982,0.9169669091701508,0.03137257695198059,0.15657920092344285,0.8450251936912536,-0.00431033008499071,-0.12013008546782658,0.16632988750934596,nan,0.0,nan,0.0,0
1,140,140,0.007897727272727272,2560,2.238854169845581,0.140234375,0.21348046511411667,0.5342839777469635,0.22109375,0.1841121070086956,0.9163943201303482,0.03137257695198059,0.1532011330127716,0.8410691559314728,0.01545563095714897,-0.1980248341569677,0.16632988750934596,nan,0.0,nan,0.0,0
1,160,160,0.009034090909090908,2560,2.255216991901398,0.1578125,0.2815133802592754,0.5488912105560303,0.180859375,0.17531979754567145,0.9145333796739579,0.03137257695198059,0.1494776912033558,0.8378884345293045,0.055228606425225736,-0.22628477383404969,0.16632988750934596,nan,0.0,nan,0.0,0
1,180,180,0.010170454545454547,2560,2.241754674911499,0.153515625,0.3456214040517807,0.5650814324617386,0.165234375,0.16447562277317046,0.9146301478147507,0.03137257695198059,0.15003100112080575,0.8371507883071899,0.11581975538283587,-0.22980164866894484,0.16632988750934596,nan,0.0,nan,0.0,0
1,200,200,0.011306818181818182,2560,2.2252129554748534,0.15859375,0.4136806130409241,0.5837883085012436,0.204296875,0.1711577445268631,0.9167171657085419,0.03137257695198059,0.14316547513008118,0.8315773844718933,0.21348046511411667,-0.2002001479268074,0.16632988750934596,nan,0.0,0.171875,0.3759256000048481,0
1,220,220,0.012443181818181819,2560,2.193842077255249,0.183203125,0.48872202187776564,0.6007883876562119,0.1875,0.16205608248710632,0.915911254286766,0.03137257695198059,0.13139253295958042,0.8214174628257751,0.2815133802592754,-0.20720864161849023,0.16632988750934596,nan,0.0,nan,0.0,0
1,240,240,0.013579545454545454,2560,2.17294659614563,0.1765625,0.4882246911525726,0.5998579859733582,0.165234375,0.16125970855355262,0.9164653986692428,0.03137257695198059,0.1255285881459713,0.8162489026784897,0.3456214040517807,-0.1426032871007919,0.16632988750934596,nan,0.0,nan,0.0,0
1,260,260,0.014715909090909089,2560,2.163528084754944,0.194140625,0.5525490194559097,0.6181247860193253,0.147265625,0.17189985141158104,0.9164319545030594,0.03137257695198059,0.12299750037491322,0.8128397673368454,0.4136806130409241,-0.13886840641498566,0.16632988750934596,nan,0.0,nan,0.0,0
1,280,280,0.015852272727272725,2560,2.1849352359771728,0.164453125,0.610269233584404,0.6338786005973815,0.184765625,0.1735050432384014,0.9146970301866532,0.03137257695198059,0.11414577588438987,0.8044113218784332,0.4882246911525726,-0.12204454243183138,0.16632988750934596,nan,0.0,nan,0.0,0
1,300,300,0.016988636363636362,2560,2.1837398052215575,0.187890625,0.616155469417572,0.6357965052127839,0.14140625,0.16566740348935127,0.914180263876915,0.03137257695198059,0.10732705183327199,0.7992423206567765,0.48872202187776564,-0.1274334475398064,0.16632988750934596,nan,0.0,0.1640625,0.37613919998693746,0
1,320,320,0.018125,2560,2.2285174131393433,0.181640625,0.6569161087274551,0.6534725427627563,0.153125,0.17339257150888443,0.9155931025743484,0.03137257695198059,0.10394827276468277,0.7929238945245742,0.5525490194559097,-0.10436708927154537,0.16632988750934596,nan,0.0,nan,0.0,0
1,340,340,0.019261363636363635,2560,2.180952262878418,0.1875,0.7110346794128418,0.6908874779939651,0.1578125,0.1763671465218067,0.9156738489866256,0.03137257695198059,0.09749232903122902,0.7845617651939392,0.610269233584404,-0.10076544582843783,0.16632988750934596,nan,0.0,nan,0.0,0
1,352,352,0.019943181818181818,1480,2.141194353876887,0.18851351367460714,0.8217076030937401,0.7502421794710933,0.1864864864864865,0.18909201847540366,0.917939520848764,0.03137257695198059,0.08520180715902431,0.7617465041779183,0.616155469417572,-0.2055521336761681,0.16632988750934596,nan,0.0,nan,0.0,0
2,20,372,0.021079545454545455,2560,2.12821741104126,0.1953125,0.8339121878147125,0.7546947687864304,0.196875,0.18919165134429933,0.9183572292327881,0.03137257695198059,0.0767978947609663,0.7511406421661377,0.6569161087274551,-0.17699607908725745,0.16632988750934596,nan,0.0,nan,0.0,0
2,40,392,0.022215909090909088,2560,2.1119653224945067,0.2140625,0.8384400188922883,0.7640851557254791,0.2046875,0.1999669313430786,0.9163673549890519,0.03137257695198059,0.0749520167708397,0.7482367128133773,0.7110346794128418,-0.12740533947944643,0.16632988750934596,nan,0.0,0.1796875,0.38371390000975225,0
2,60,412,0.023352272727272725,2560,2.1206421971321108,0.191796875,0.8547249883413315,0.7700571924448013,0.1609375,0.19411988332867622,0.9131066799163818,0.03137257695198059,0.07151098195463419,0.7420742005109787,0.8217076030937401,-0.033017385247591347,0.16632988750934596,nan,0.0,nan,0.0,0
2,80,432,0.024488636363636365,2560,2.115780258178711,0.2015625,0.8530485659837723,0.7765719294548035,0.21640625,0.20067732855677606,0.9178047358989716,0.03137257695198059,0.06966527029871941,0.7370502084493638,0.8339121878147125,-0.019136378169059776,0.16632988750934596,nan,0.0,nan,0.0,0
2,100,452,0.025625,2560,2.098805475234985,0.21875,0.8535919219255448,0.7835463404655456,0.18203125,0.2132774755358696,0.9179500788450241,0.03137257695198059,0.07006042040884494,0.7403078973293304,0.8384400188922883,-0.01515190303325653,0.16632988750934596,nan,0.0,nan,0.0,0
2,120,472,0.026761363636363635,2560,2.1246683835983275,0.2078125,0.87321557700634,0.7903520107269287,0.184375,0.19551037698984147,0.9179797053337098,0.03137257695198059,0.06712294276803732,0.7330393850803375,0.8530485659837723,-0.020167011022567682,0.16632988750934596,nan,0.0,nan,0.0,0
2,140,492,0.027897727272727272,2560,2.1021213293075562,0.208203125,0.8671146720647812,0.7922504663467407,0.16953125,0.21041590198874474,0.9163918972015381,0.03137257695198059,0.06713335551321506,0.7353004068136215,0.8535919219255448,-0.013522750139236428,0.16632988750934596,nan,0.0,0.125,0.37431980000110343,0
2,160,512,0.02903409090909091,2560,2.119344449043274,0.201953125,0.8668558150529861,0.7976527094841004,0.176171875,0.19662029892206193,0.9160743921995163,0.03137257695198059,0.06588908284902573,0.7339905738830567,0.8547249883413315,-0.012130826711654663,0.16632988750934596,nan,0.0,nan,0.0,0
2,180,532,0.030170454545454545,2560,2.0971116065979003,0.20390625,0.8713090062141419,0.7981107354164123,0.2140625,0.21372748389840127,0.920628759264946,0.03137257695198059,0.06613895110785961,0.7315333008766174,0.8668558150529861,-0.004453191161155723,0.16632988750934596,nan,0.0,nan,0.0,0
2,200,552,0.03130681818181818,2560,2.0939722537994383,0.2015625,0.8803143769502639,0.8050449579954148,0.196875,0.2157202884554863,0.9183471858501434,0.03137257695198059,0.06463704854249955,0.7343402713537216,0.8671146720647812,-0.013199704885482721,0.16632988750934596,nan,0.0,nan,0.0,0
2,220,572,0.032443181818181815,2560,2.098335862159729,0.21953125,0.8786043047904968,0.8028624385595322,0.188671875,0.21998654529452324,0.9177559107542038,0.03137257695198059,0.06364967413246632,0.7296069949865341,0.8713090062141419,-0.007295298576354914,0.16632988750934596,nan,0.0,nan,0.0,0
2,240,592,0.03357954545454545,2560,2.087814998626709,0.225,0.8798044413328171,0.8075744897127152,0.19140625,0.21003756523132325,0.9183900356292725,0.03137257695198059,0.06227187588810921,0.727326038479805,0.8713090062141419,-0.008495435118675232,0.16632988750934596,nan,0.0,0.21875,0.3720164999976987,0
2,260,612,0.03471590909090909,2560,2.050836372375488,0.2265625,0.8820658773183823,0.808162197470665,0.19375,0.22038049921393393,0.9206716060638428,0.03137257695198059,0.06134508345276117,0.723114761710167,0.8786043047904968,-0.0034615725278854814,0.16632988750934596,nan,0.0,nan,0.0,0
2,280,632,0.035852272727272726,2560,2.0592925906181336,0.23359375,0.8797600537538528,0.8035389184951782,0.205859375,0.23276302218437195,0.9224552303552628,0.03137257695198059,0.062009966000914574,0.7299708247184753,0.8798044413328171,4.438757896430001e-05,0.16632988750934596,nan,0.0,nan,0.0,0
2,300,652,0.03698863636363636,2560,2.051890182495117,0.23125,0.8787716895341873,0.8084579676389694,0.201171875,0.22320649400353432,0.9194578975439072,0.03137257695198059,0.06350343860685825,0.7306627452373504,0.8798044413328171,0.0010327517986298274,0.16632988750934596,nan,0.0,nan,0.0,0
2,320,672,0.038125,2560,2.0484212398529054,0.22421875,0.875782909989357,0.8078574031591416,0.202734375,0.22754725217819213,0.9168532192707062,0.03137257695198059,0.06522449273616075,0.7350902080535888,0.8797600537538528,0.003977143764495761,0.16632988750934596,nan,0.0,nan,0.0,0
2,340,692,0.03926136363636363,2560,2.0638734340667724,0.226953125,0.8782339245080948,0.8105502009391785,0.187109375,0.21855001375079156,0.9203167140483857,0.03137257695198059,0.06038781702518463,0.7253796994686127,0.8797600537538528,0.0015261292457580122,0.16632988750934596,nan,0.0,0.1875,0.37759899999946356,0
2,352,704,0.039943181818181815,1480,2.0028201960228587,0.24189189140861098,0.8831806691917213,0.812813003643139,0.19729729737784413,0.22487703819532653,0.913879741849126,0.03137257695198059,0.05827556848526001,0.7205452290741173,0.8787716895341873,-0.004408979657534062,0.16632988750934596,nan,0.0,nan,0.0,0
3,20,724,0.04107954545454545,2560,2.023862838745117,0.23671875,0.8813569784164429,0.8093109369277954,0.2046875,0.225528234988451,0.9202781856060028,0.03137257695198059,0.05855047479271889,0.7205798298120498,0.8787716895341873,-0.002585288882255621,0.16632988750934596,nan,0.0,nan,0.0,0
3,40,744,0.04221590909090909,2560,2.0112908124923705,0.2421875,0.8718934535980225,0.8115383416414261,0.20234375,0.23423219919204713,0.9181311517953873,0.03137257695198059,0.0624698456376791,0.7313311368227005,0.8787716895341873,0.006878235936164767,0.16632988750934596,nan,0.0,nan,0.0,0
3,60,764,0.043352272727272725,2560,2.0275171279907225,0.233203125,0.8848783612251282,0.8207073420286178,0.195703125,0.22996877655386924,0.9188404321670532,0.03137257695198059,0.060155334696173665,0.7249708324670792,0.8782339245080948,-0.0066444367170334084,0.16632988750934596,nan,0.0,nan,0.0,0
3,80,784,0.04448863636363636,2560,1.9897865056991577,0.2453125,0.8748171538114548,0.8171023219823838,0.216796875,0.24689023122191428,0.9178746700286865,0.03137257695198059,0.06379362270236015,0.7337085604667664,0.8813569784164429,0.0065398246049881426,0.16632988750934596,nan,0.0,0.203125,0.38683940000191797,0
3,100,804,0.04562499999999999,2560,2.003979432582855,0.250390625,0.8838430404663086,0.8167773127555847,0.187109375,0.23925195559859275,0.9181104272603988,0.03137257695198059,0.0594447297975421,0.7246957749128342,0.8813569784164429,-0.0024860620498656782,0.16632988750934596,nan,0.0,nan,0.0,0
3,120,824,0.046761363636363636,2560,2.0139235258102417,0.234375,0.8823458939790726,0.8171038508415223,0.220703125,0.2444421760737896,0.9192143976688385,0.03137257695198059,0.0636285712942481,0.7304722666740417,0.8813569784164429,-0.0009889155626296997,0.16632988750934596,nan,0.0,nan,0.0,0
3,140,844,0.04789772727272727,2560,2.0253692150115965,0.240234375,0.8840902835130692,0.8242328822612762,0.195703125,0.23553159311413766,0.9140504360198974,0.03137257695198059,0.06174618564546108,0.7279168903827667,0.8823458939790726,-0.001744389533996582,0.16632988750934596,nan,0.0,nan,0.0,0
3,160,864,0.04903409090909091,2560,2.007063865661621,0.2578125,0.8950053602457047,0.8243966609239578,0.20234375,0.23206381127238274,0.9188211053609848,0.03137257695198059,0.059690669551491736,0.7235569149255753,0.8838430404663086,-0.01116231977939608,0.16632988750934596,nan,0.0,nan,0.0,0
3,180,884,0.050170454545454546,2560,2.017498803138733,0.24453125,0.8794380575418472,0.8149232417345047,0.216796875,0.23628146350383758,0.9209720760583877,0.03137257695198059,0.0604124678298831,0.7243177771568299,0.8838430404663086,0.0044049829244613425,0.16632988750934596,nan,0.0,0.2109375,0.38060390000464395,0
3,200,904,0.05130681818181818,2560,2.0171424627304075,0.247265625,0.8889967739582062,0.8232666254043579,0.196875,0.23682566210627556,0.9222684442996979,0.03137257695198059,0.0614928487688303,0.7282282531261444,0.8838430404663086,-0.005153733491897627,0.16632988750934596,nan,0.0,nan,0.0,0
3,220,924,0.05244318181818181,2560,1.9728198289871215,0.2515625,0.8776914983987808,0.8181263208389282,0.2109375,0.24721122458577155,0.9203533381223679,0.03137257695198059,0.05967254191637039,0.7270417243242264,0.8840902835130692,0.0063987851142883745,0.16632988750934596,nan,0.0,nan,0.0,0
3,240,944,0.05357954545454545,2560,1.9920795679092407,0.2375,0.8857564747333526,0.8203806757926941,0.205078125,0.23213595449924468,0.921280562877655,0.03137257695198059,0.06080601699650288,0.7285467714071274,0.8840902835130692,-0.0016661912202834417,0.16632988750934596,nan,0.0,nan,0.0,0
3,260,964,0.054715909090909086,2560,1.993373203277588,0.2515625,0.8853886038064956,0.8210024684667587,0.19453125,0.2481428012251854,0.9137696713209152,0.03137257695198059,0.05977627281099558,0.7258942544460296,0.8857564747333526,0.0003678709268569724,0.16632988750934596,nan,0.0,nan,0.0,0
3,280,984,0.05585227272727273,2560,1.9761403799057007,0.26015625,0.8769630193710327,0.8220811307430267,0.21953125,0.2591729074716568,0.9222390681505204,0.03137257695198059,0.06364880241453648,0.7358867198228836,0.8853886038064956,0.00842558443546293,0.16632988750934596,nan,0.0,0.296875,0.3763749000063399,0
3,300,1004,0.056988636363636366,2560,1.946401023864746,0.244921875,0.8761621296405793,0.8184140741825103,0.229296875,0.2709264561533928,0.9205060511827469,0.03137257695198059,0.06036505065858364,0.7282408654689789,0.8853886038064956,0.009226474165916376,0.16632988750934596,nan,0.0,nan,0.0,0
3,320,1024,0.058124999999999996,2560,1.9677391290664672,0.258203125,0.8788093775510788,0.8197782099246979,0.22734375,0.25428430140018465,0.9219157069921493,0.03137257695198059,0.05863059461116791,0.7238847196102143,0.8776914983987808,-0.0011178791522979958,0.16632988750934596,nan,0.0,nan,0.0,0
3,340,1044,0.05926136363636363,2560,1.9703288555145264,0.2484375,0.8769543528556824,0.8241077631711959,0.233984375,0.27007158622145655,0.9182514369487762,0.03137257695198059,0.061170841567218304,0.7297964006662369,0.8788093775510788,0.0018550246953964455,0.16632988750934596,nan,0.0,nan,0.0,0
3,352,1056,0.05994318181818181,1480,1.9507377850042806,0.2702702702702703,0.8901780524769345,0.83146908476546,0.22027027059245755,0.22964123302214853,0.9253728276974446,0.03137257695198059,0.05992333095621418,0.7228336070034955,0.8769630193710327,-0.013215033105901774,0.16632988750934596,nan,0.0,nan,0.0,0
4,20,1076,0.061079545454545456,2560,1.94717857837677,0.265234375,0.8767921566963196,0.8222923457622529,0.228125,0.27266994714736936,0.9205028772354126,0.03137257695198059,0.05922397971153259,0.7246461063623428,0.8769630193710327,0.00017086267471311256,0.16632988750934596,nan,0.0,0.2734375,0.371063900005538,0
4,40,1096,0.06221590909090909,2560,1.9787056922912598,0.244140625,0.8869498550891877,0.8283690303564072,0.250390625,0.26083370447158816,0.914699700474739,0.03137257695198059,0.05695976372808218,0.7214442461729049,0.8769543528556824,-0.009995502233505316,0.16632988750934596,nan,0.0,nan,0.0,0
4,60,1116,0.06335227272727273,2560,1.9513352870941163,0.2609375,0.888128685951233,0.829497030377388,0.204296875,0.25152712464332583,0.9189006954431533,0.03137257695198059,0.06090733110904693,0.729153162240982,0.8788093775510788,-0.009319308400154158,0.16632988750934596,nan,0.0,nan,0.0,0
4,80,1136,0.06448863636363636,2560,1.9363266468048095,0.276953125,0.8779858916997909,0.8262125879526139,0.230078125,0.2764830894768238,0.9170651942491531,0.03137257695198059,0.06337551213800907,0.7345218628644943,0.8869498550891877,0.008963963389396756,0.16632988750934596,nan,0.0,nan,0.0,0
4,100,1156,0.065625,2560,1.9618887186050415,0.2671875,0.8840525478124619,0.8298731654882431,0.216796875,0.27756901904940606,0.9204226404428482,0.03137257695198059,0.06099052540957928,0.7323680430650711,0.8869498550891877,0.002897307276725769,0.16632988750934596,nan,0.0,nan,0.0,0
4,120,1176,0.06676136363636363,2560,1.9728004097938538,0.2609375,0.8773086398839951,0.8300263911485672,0.205859375,0.2578614667057991,0.9188002496957779,0.03137257695198059,0.06153660695999861,0.7317327201366425,0.8840525478124619,0.006743907928466797,0.16632988750934596,nan,0.0,0.28125,0.37969210000301246,0
4,140,1196,0.06789772727272726,2560,1.972415804862976,0.25625,0.8857870817184448,0.8283021450042725,0.218359375,0.2599524699151516,0.9201843470335007,0.03137257695198059,0.05777422711253166,0.7248398959636688,0.8840525478124619,-0.0017345339059828824,0.16632988750934596,nan,0.0,nan,0.0,0
4,160,1216,0.0690340909090909,2560,1.9305658340454102,0.2625,0.8849674224853515,0.8332219660282135,0.2140625,0.26938005313277247,0.9192287623882294,0.03137257695198059,0.0589329058304429,0.7276704639196396,0.8840525478124619,-0.0009148746728896429,0.16632988750934596,nan,0.0,nan,0.0,0
4,180,1236,0.07017045454545454,2560,1.9218528747558594,0.27265625,0.8893410921096802,0.8395388513803482,0.2265625,0.2816757023334503,0.9186233758926392,0.03137257695198059,0.06107055004686117,0.7318526983261109,0.8840525478124619,-0.005288544297218256,0.16632988750934596,nan,0.0,nan,0.0,0
4,200,1256,0.07130681818181818,2560,1.9184092998504638,0.26875,0.8778966575860977,0.8275471001863479,0.217578125,0.2656628184020519,0.922550094127655,0.03137257695198059,0.058252446167171,0.7281608015298844,0.8849674224853515,0.007070764899253845,0.16632988750934596,nan,0.0,nan,0.0,0
4,220,1276,0.07244318181818182,2560,1.8943207740783692,0.293359375,0.8863386183977127,0.8313614159822464,0.21484375,0.2779517687857151,0.9188478052616119,0.03137257695198059,0.057033727318048476,0.724668350815773,0.8849674224853515,-0.0013711959123611228,0.16632988750934596,nan,0.0,0.25,0.3764707000082126,0
4,240,1296,0.07357954545454545,2560,1.8866748809814453,0.284765625,0.8814696192741394,0.8307237207889557,0.230859375,0.2867480918765068,0.9211072474718094,0.03137257695198059,0.05952513478696346,0.7301809370517731,0.8857870817184448,0.00431746244430542,0.16632988750934596,nan,0.0,nan,0.0,0
4,260,1316,0.07471590909090908,2560,1.9277805089950562,0.2703125,0.8827264547348023,0.8320841729640961,0.225390625,0.27235712483525276,0.9227919459342957,0.03137257695198059,0.06057228296995163,0.7315177947282792,0.8849674224853515,0.002240967750549272,0.16632988750934596,nan,0.0,nan,0.0,0
4,280,1336,0.07585227272727273,2560,1.9147233724594117,0.282421875,0.8879551321268082,0.8341395288705826,0.233984375,0.2943348154425621,0.918823516368866,0.03137257695198059,0.060974450595676896,0.7349695891141892,0.8827264547348023,-0.005228677392005943,0.16632988750934596,nan,0.0,nan,0.0,0
4,300,1356,0.07698863636363637,2560,1.9047157764434814,0.273828125,0.8862368017435074,0.8363283962011338,0.21484375,0.28813192546367644,0.9202347069978714,0.03137257695198059,0.0673889759927988,0.7465412795543671,0.8827264547348023,-0.003510347008705117,0.16632988750934596,nan,0.0,nan,0.0,0
4,320,1376,0.078125,2560,1.9083579540252686,0.280859375,0.8875775665044785,0.8321932673454284,0.217578125,0.28859622627496717,0.9177640497684478,0.03137257695198059,0.05960077792406082,0.733494633436203,0.8862368017435074,-0.0013407647609711137,0.16632988750934596,nan,0.0,0.203125,0.3704472000099486,0
4,340,1396,0.07926136363636364,2560,1.923329973220825,0.2703125,0.8821439713239669,0.8291113704442978,0.2421875,0.28177778571844103,0.924435955286026,0.03137257695198059,0.06100655365735293,0.7328383505344391,0.8862368017435074,0.00409283041954045,0.16632988750934596,nan,0.0,nan,0.0,0
4,352,1408,0.07994318181818182,1480,1.8945570610664986,0.3033783781367379,0.8853537752821639,0.8335880588840794,0.21621621621621623,0.3059182788874652,0.9233084060050346,0.03137257695198059,0.06044451407081372,0.7324110768936776,0.8862368017435074,0.0008830264613435279,0.16632988750934596,nan,0.0,nan,0.0,0
5,20,1428,0.08107954545454545,2560,1.9037123203277588,0.289453125,0.8819658488035202,0.83460733294487,0.22578125,0.2913107179105282,0.9141929864883422,0.03137257695198059,0.06146795228123665,0.7360655814409256,0.8862368017435074,0.004270952939987138,0.16632988750934596,nan,0.0,nan,0.0,0
5,40,1448,0.08221590909090909,2560,1.892620325088501,0.2796875,0.8853982001543045,0.8377254664897918,0.235546875,0.2843961253762245,0.9206293940544128,0.03137257695198059,0.0581729706376791,0.7293826222419739,0.8853537752821639,-4.442487214062485e-05,0.16632988750934596,nan,0.0,nan,0.0,0
5,60,1468,0.08335227272727272,2560,1.872916543483734,0.286328125,0.8838381826877594,0.8311545312404632,0.24296875,0.30086111798882487,0.9181605190038681,0.03137257695198059,0.05436235517263412,0.7199766308069229,0.8853537752821639,0.0015155925944044801,0.16632988750934596,nan,0.0,0.3203125,0.36574609999661334,0
5,80,1488,0.08448863636363636,2560,1.9046095848083495,0.2859375,0.8783626675605773,0.8307263880968094,0.228125,0.30331072881817817,0.9197963923215866,0.03137257695198059,0.06440633479505778,0.7427103996276856,0.8838381826877594,0.005475515127182029,0.16632988750934596,nan,0.0,nan,0.0,0
5,100,1508,0.08562499999999999,2560,1.8988008499145508,0.281640625,0.8887300610542297,0.8360581904649734,0.237109375,0.2888010025024414,0.9210701167583466,0.03137257695198059,0.06141502484679222,0.7357776910066605,0.8838381826877594,-0.004891878366470315,0.16632988750934596,nan,0.0,nan,0.0,0
5,120,1528,0.08676136363636362,2560,1.8760229825973511,0.28125,0.8735415875911713,0.8287917047739028,0.23828125,0.3114756479859352,0.9210295587778091,0.03137257695198059,0.05965018980205059,0.7347684025764465,0.8838381826877594,0.01029659509658809,0.16632988750934596,nan,0.0,nan,0.0,0
5,140,1548,0.08789772727272727,2560,1.8982745170593263,0.28203125,0.8869880855083465,0.8340306788682937,0.25625,0.28681382089853286,0.9206170558929443,0.03137257695198059,0.060289934277534485,0.7346128642559051,0.8838381826877594,-0.003149902820587136,0.16632988750934596,nan,0.0,nan,0.0,0
5,160,1568,0.0890340909090909,2560,1.894376766681671,0.284765625,0.8765605062246322,0.8321023523807526,0.243359375,0.30862648636102674,0.9214351892471313,0.03137257695198059,0.05821564439684153,0.7336025327444077,0.8838381826877594,0.0072776764631271584,0.16632988750934596,nan,0.0,0.2734375,0.3764560999989044,0
5,180,1588,0.09017045454545455,2560,1.8684955716133118,0.31015625,0.8769425362348556,0.8269287288188935,0.21640625,0.3079846501350403,0.9186002314090729,0.03137257695198059,0.058956850320100784,0.7314031064510346,0.8783626675605773,0.0014201313257217185,0.16632988750934596,nan,0.0,nan,0.0,0
5,200,1608,0.09130681818181818,2560,1.8570745229721068,0.296484375,0.8781930446624756,0.8322096645832062,0.262890625,0.3363167345523834,0.9212417781352997,0.03137257695198059,0.06186995543539524,0.7388477712869644,0.8769425362348556,-0.0012505084276199785,0.16632988750934596,nan,0.0,nan,0.0,0
5,220,1628,0.09244318181818183,2560,1.8635850071907043,0.290234375,0.8826196789741516,0.8346367090940475,0.2421875,0.2982592679560184,0.9213655024766922,0.03137257695198059,0.06113393697887659,0.7382036566734314,0.8769425362348556,-0.005677142739295982,0.16632988750934596,nan,0.0,nan,0.0,0
5,240,1648,0.09357954545454546,2560,1.862857699394226,0.300390625,0.8859954237937927,0.8371394008398056,0.22734375,0.321789488196373,0.9191734492778778,0.03137257695198059,0.05692775808274746,0.7298039019107818,0.8781930446624756,-0.007802379131317094,0.16632988750934596,nan,0.0,nan,0.0,0
5,260,1668,0.09471590909090909,2560,1.863689374923706,0.29375,0.8898274183273316,0.8354615718126297,0.250390625,0.3035497829318047,0.9137528896331787,0.03137257695198059,0.05911389924585819,0.7349751561880111,0.8781930446624756,-0.01163437366485598,0.16632988750934596,nan,0.0,0.28125,0.37550540000665933,0
5,280,1688,0.09585227272727273,2560,1.870477455854416,0.302734375,0.8845553994178772,0.8304911494255066,0.22578125,0.30407087951898576,0.919190239906311,0.03137257695198059,0.05755534321069718,0.7309446185827255,0.8826196789741516,-0.001935720443725586,0.16632988750934596,nan,0.0,nan,0.0,0
5,300,1708,0.09698863636363636,2560,1.8585830926895142,0.298046875,0.8823262065649032,0.836176186800003,0.25078125,0.313266459107399,0.9203907191753388,0.03137257695198059,0.056493259966373444,0.728213506937027,0.8845553994178772,0.00222919285297396,0.16632988750934596,nan,0.0,nan,0.0,0
5,320,1728,0.098125,2560,1.8531476497650146,0.309375,0.8776391297578812,0.832538115978241,0.210546875,0.30793409049510956,0.9217074245214463,0.03137257695198059,0.05556614939123392,0.7293263077735901,0.8845553994178772,0.006916269659996033,0.16632988750934596,nan,0.0,nan,0.0,0
5,340,1748,0.09926136363636363,2560,1.836500632762909,0.309375,0.8812993764877319,0.8319413751363754,0.240234375,0.3104747965931892,0.91820630133152,0.03137257695198059,0.057150944322347644,0.7306102395057679,0.8845553994178772,0.0032560229301452637,0.16632988750934596,nan,0.0,nan,0.0,0
5,352,1760,0.0999431818181818,1480,1.8914254053218944,0.2824324322713388,0.873407231472634,0.8284344808475391,0.2682432440487114,0.33652315719707593,0.9264954412305677,0.03137257695198059,0.05724139771348721,0.732058969059506,0.8823262065649032,0.008918975092269243,0.16632988750934596,nan,0.0,0.25,0.38226749999739695,0
6,20,1780,0.10107954545454545,2560,1.8696425437927247,0.291015625,0.8767876088619232,0.8318705439567566,0.248046875,0.32334947437047956,0.9226652979850769,0.03137257695198059,0.05369123723357916,0.7244859486818314,0.8812993764877319,0.004511767625808738,0.16632988750934596,nan,0.0,nan,0.0,0
6,40,1800,0.10221590909090908,2560,1.8383803844451905,0.30390625,0.8776070654392243,0.8326627254486084,0.259375,0.3340107724070549,0.9224444329738617,0.03137257695198059,0.056357565149664876,0.7314378291368484,0.8776391297578812,3.206431865687698e-05,0.16632988750934596,nan,0.0,nan,0.0,0
6,60,1820,0.10335227272727272,2560,1.8451554298400878,0.309375,0.8808928161859513,0.8341055810451508,0.240234375,0.3189122676849365,0.923074620962143,0.03137257695198059,0.05605944860726595,0.7323417782783508,0.8776070654392243,-0.0032857507467269897,0.16632988750934596,nan,0.0,nan,0.0,0
6,80,1840,0.10448863636363635,2560,1.842230224609375,0.290234375,0.8733220398426056,0.8319685816764831,0.26484375,0.3225507169961929,0.9188979029655456,0.03137257695198059,0.05591322276741266,0.7295803695917129,0.8776070654392243,0.004285025596618697,0.16632988750934596,nan,0.0,nan,0.0,0
6,100,1860,0.10562500000000001,2560,1.8685119152069092,0.2984375,0.8712751418352127,0.8296693414449692,0.242578125,0.3286170199513435,0.9234146326780319,0.03137257695198059,0.05960629153996706,0.7366847723722458,0.8767876088619232,0.005512467026710488,0.16632988750934596,nan,0.0,0.265625,0.37513109999417793,0
6,120,1880,0.10676136363636364,2560,1.8347367286682128,0.3,0.8684074312448502,0.8298172205686569,0.23984375,0.32843782305717467,0.921196386218071,0.03137257695198059,0.0586262134835124,0.7363896667957306,0.8767876088619232,0.008380177617072992,0.16632988750934596,nan,0.0,nan,0.0,0
6,140,1900,0.10789772727272727,2560,1.8268625259399414,0.32421875,0.8786891549825668,0.829680535197258,0.2296875,0.32353130280971526,0.9245447993278504,0.03137257695198059,0.05444944370537996,0.7275257378816604,0.8733220398426056,-0.005367115139961243,0.16632988750934596,nan,0.0,nan,0.0,0
6,160,1920,0.10903409090909091,2560,1.830316412448883,0.302734375,0.8749945223331451,0.8315036952495575,0.246875,0.32681629061698914,0.9172957301139831,0.03137257695198059,0.05664894338697195,0.7312199801206589,0.8733220398426056,-0.0016724824905395286,0.16632988750934596,nan,0.0,nan,0.0,0
6,180,1940,0.11017045454545454,2560,1.8358630537986755,0.297265625,0.8782417953014374,0.8258356958627701,0.248046875,0.31956985145807265,0.9224882960319519,0.03137257695198059,0.05546650532633066,0.7281362265348434,0.8733220398426056,-0.0049197554588318315,0.16632988750934596,nan,0.0,nan,0.0,0
6,200,1960,0.11130681818181819,2560,1.8225534677505493,0.308203125,0.8644703209400177,0.8263907343149185,0.265234375,0.35470842868089675,0.9190256953239441,0.03137257695198059,0.058101024106144906,0.7354984104633331,0.8749945223331451,0.010524201393127375,0.16632988750934596,nan,0.0,0.28125,0.37302149999595713,0
6,220,1980,0.11244318181818182,2560,1.8184654235839843,0.326953125,0.8762854278087616,0.8290364801883697,0.251953125,0.3340747892856598,0.9175622582435607,0.03137257695198059,0.0560233136638999,0.7297944545745849,0.8749945223331451,-0.0012909054756164995,0.16632988750934596,nan,0.0,nan,0.0,0
6,240,2000,0.11357954545454545,2560,1.809120273590088,0.30546875,0.8689453184604645,0.8256956934928894,0.259765625,0.31830635368824006,0.9259458124637604,0.03137257695198059,0.05667655505239964,0.7331466794013977,0.8762854278087616,0.007340109348297097,0.16632988750934596,nan,0.0,nan,0.0,0
6,260,2020,0.11471590909090909,2560,1.8109931826591492,0.309375,0.870961531996727,0.8240438014268875,0.25703125,0.3407742381095886,0.9223427027463913,0.03137257695198059,0.05770954489707947,0.7344634741544723,0.8749945223331451,0.00403299033641813,0.16632988750934596,nan,0.0,nan,0.0,0
6,280,2040,0.11585227272727272,2560,1.8128246545791626,0.302734375,0.8621251344680786,0.8215901911258697,0.28125,0.35281565636396406,0.9281620234251022,0.03137257695198059,0.05677780881524086,0.7330687671899796,0.870961531996727,0.008836397528648399,0.16632988750934596,nan,0.0,nan,0.0,0
6,300,2060,0.11698863636363635,2560,1.7952613472938537,0.33203125,0.8635099589824676,0.8260396540164947,0.24375,0.33221334517002105,0.9174237757921219,0.03137257695198059,0.05399396177381277,0.7263485193252563,0.8689453184604645,0.005435359477996893,0.16632988750934596,nan,0.0,0.2734375,0.38127410000015516,0
6,320,2080,0.118125,2560,1.7947664380073547,0.315234375,0.8637104988098144,0.8243077784776688,0.266015625,0.3535111740231514,0.9225333064794541,0.03137257695198059,0.05370929315686226,0.7261293768882752,0.8689453184604645,0.005234819650650091,0.16632988750934596,nan,0.0,nan,0.0,0
6,340,2100,0.11926136363636362,2560,1.8179922699928284,0.33125,0.8805705547332764,0.8302793025970459,0.25703125,0.34704560935497286,0.9186125576496125,0.03137257695198059,0.053144196793437,0.7268965363502502,0.8637104988098144,-0.01686005592346196,0.16632988750934596,nan,0.0,nan,0.0,0
6,352,2112,0.11994318181818181,1480,1.8243052489048726,0.31351351367460717,0.8709355621724515,0.8243047682014671,0.2432432434848837,0.33578170006339614,0.9221048645071082,0.03137257695198059,0.05537960307823645,0.7293335125253008,0.8637104988098144,-0.007225063362637063,0.16632988750934596,nan,0.0,nan,0.0,0
7,20,2132,0.12107954545454545,2560,1.8296721220016479,0.305859375,0.8687688618898392,0.8296230584383011,0.243359375,0.34637222439050674,0.9194500148296356,0.03137257695198059,0.05538407601416111,0.7309025228023529,0.8637104988098144,-0.005058363080024719,0.16632988750934596,nan,0.0,nan,0.0,0
7,40,2152,0.1222159090909091,2560,1.8023372888565063,0.32109375,0.8780275642871856,0.8322434902191163,0.259375,0.3363282322883606,0.9245936274528503,0.03137257695198059,0.05230479538440704,0.7258715152740478,0.8687688618898392,-0.009258702397346497,0.16632988750934596,nan,0.0,0.2734375,0.3827385000040522,0
7,60,2172,0.12335227272727273,2560,1.777623212337494,0.321484375,0.8663107573986053,0.828256630897522,0.258984375,0.35474191308021547,0.9210575312376023,0.03137257695198059,0.052878403849899766,0.7262626469135285,0.8709355621724515,0.004624804773846192,0.16632988750934596,nan,0.0,nan,0.0,0
7,80,2192,0.12448863636363636,2560,1.8049315929412841,0.313671875,0.8645774900913239,0.823869726061821,0.251171875,0.3495710134506226,0.9215859949588776,0.03137257695198059,0.053256946802139285,0.7274154365062714,0.8709355621724515,0.006358072081127597,0.16632988750934596,nan,0.0,nan,0.0,0
7,100,2212,0.125625,2560,1.8142340183258057,0.30546875,0.86698676943779,0.8229604333639144,0.256640625,0.3507414162158966,0.9191882014274597,0.03137257695198059,0.05531907901167869,0.7317011952400208,0.8687688618898392,0.0017820924520491888,0.16632988750934596,nan,0.0,nan,0.0,0
7,120,2232,0.12676136363636364,2560,1.819337546825409,0.322265625,0.8755756974220276,0.8326407253742218,0.24921875,0.3506824806332588,0.922914656996727,0.03137257695198059,0.05299627762287855,0.7271017700433731,0.86698676943779,-0.008588927984237604,0.16632988750934596,nan,0.0,nan,0.0,0
7,140,2252,0.12789772727272727,2560,1.7644187331199646,0.33046875,0.863340774178505,0.8235855340957642,0.2515625,0.35360343754291534,0.9185253322124481,0.03137257695198059,0.05384839810431004,0.7298983991146087,0.86698676943779,0.0036459952592849953,0.16632988750934596,nan,0.0,0.2890625,0.37387630000011995,0
7,160,2272,0.1290340909090909,2560,1.77900892496109,0.32421875,0.8590886235237122,0.8205804497003555,0.269921875,0.3692738085985184,0.9267218500375748,0.03137257695198059,0.05552155468612909,0.7316585212945939,0.8663107573986053,0.007222133874893122,0.16632988750934596,nan,0.0,nan,0.0,0
7,180,2292,0.13017045454545453,2560,1.765210008621216,0.33046875,0.867599031329155,0.8275721430778503,0.258984375,0.3815359339118004,0.9251390010118484,0.03137257695198059,0.05637282989919186,0.7360036611557007,0.8645774900913239,-0.003021541237831049,0.16632988750934596,nan,0.0,nan,0.0,0
7,200,2312,0.13130681818181816,2560,1.782890999317169,0.31875,0.8728184252977371,0.829602712392807,0.26171875,0.3495768025517464,0.9208554834127426,0.03137257695198059,0.05474324896931648,0.7301063239574432,0.86698676943779,-0.00583165585994716,0.16632988750934596,nan,0.0,nan,0.0,0
7,220,2332,0.13244318181818182,2560,1.7793997049331665,0.32109375,0.8718192666769028,0.8260251551866531,0.257421875,0.34394132196903227,0.9151476711034775,0.03137257695198059,0.05328253116458655,0.7300449430942535,0.867599031329155,-0.004220235347747847,0.16632988750934596,nan,0.0,nan,0.0,0
7,240,2352,0.13357954545454545,2560,1.755712127685547,0.33359375,0.8683203935623169,0.8253556787967682,0.287109375,0.3715390279889107,0.9253442317247391,0.03137257695198059,0.05420679077506065,0.7317174673080444,0.867599031329155,-0.0007213622331619929,0.16632988750934596,nan,0.0,0.34375,0.37602379999589175,0
7,260,2372,0.13471590909090908,2560,1.765726637840271,0.341796875,0.8720862209796906,0.8272143185138703,0.266796875,0.35561812072992327,0.9190155267715454,0.03137257695198059,0.05315816402435303,0.7284781873226166,0.8683203935623169,-0.003765827417373635,0.16632988750934596,nan,0.0,nan,0.0,0
7,280,2392,0.1358522727272727,2560,1.7670819103717803,0.322265625,0.8616694986820221,0.8213039577007294,0.269140625,0.3550070866942406,0.9231998652219773,0.03137257695198059,0.05564617719501257,0.7352730482816696,0.8718192666769028,0.010149767994880654,0.16632988750934596,nan,0.0,nan,0.0,0
7,300,2412,0.13698863636363634,2560,1.758466649055481,0.32578125,0.8576549589633942,0.8158561944961548,0.286328125,0.3664312720298767,0.9252334833145142,0.03137257695198059,0.05437131207436323,0.7344289243221283,0.8718192666769028,0.014164307713508628,0.16632988750934596,nan,0.0,nan,0.0,0
7,320,2432,0.138125,2560,1.8106229603290558,0.30859375,0.8569886207580566,0.8194922357797623,0.26171875,0.3659448608756065,0.9237349510192872,0.03137257695198059,0.05054170824587345,0.723200061917305,0.8683203935623169,0.011331772804260343,0.16632988750934596,nan,0.0,nan,0.0,0
7,340,2452,0.13926136363636363,2560,1.7662549257278441,0.349609375,0.8667553514242172,0.8235083431005478,0.23125,0.3398056760430336,0.9210117548704148,0.03137257695198059,0.05845027063041926,0.7404258519411087,0.8616694986820221,-0.005085852742195085,0.16632988750934596,nan,0.0,0.3125,0.3732739999977639,0
7,352,2464,0.13994318181818183,1480,1.7666399975080749,0.3236486486486487,0.852816983815786,0.8096644681853217,0.24999999951671908,0.3573365427352287,0.9235474969889667,0.031372576770750255,0.050556932007138795,0.7251798542770179,0.8616694986820221,0.008852514866236172,0.16632988750934596,nan,0.0,nan,0.0,0
8,20,2484,0.14107954545454546,2560,1.740524274110794,0.342578125,0.8597720682621002,0.8176602870225906,0.254296875,0.3740686297416687,0.9204166620969773,0.03137257695198059,0.05273712333291769,0.7286865532398223,0.8576549589633942,-0.0021171092987060103,0.16632988750934596,nan,0.0,nan,0.0,0
8,40,2504,0.1422159090909091,2560,1.7938579618930817,0.32421875,0.8634252190589905,0.8264123529195786,0.254296875,0.34910382479429247,0.9218495875597,0.03137257695198059,0.05637780632823706,0.7356461018323899,0.8576549589633942,-0.005770260095596336,0.16632988750934596,nan,0.0,nan,0.0,0
8,60,2524,0.14335227272727272,2560,1.7564005374908447,0.329296875,0.8523343592882157,0.8133107662200928,0.27421875,0.37989943027496337,0.9214176386594772,0.03137257695198059,0.053050706163048744,0.7296639978885651,0.8597720682621002,0.007437708973884516,0.16632988750934596,nan,0.0,nan,0.0,0
8,80,2544,0.14448863636363635,2560,1.7497676253318786,0.333203125,0.8574587792158127,0.8196658015251159,0.26640625,0.3664723217487335,0.9225630611181259,0.03137257695198059,0.051116667687892914,0.7278732091188431,0.8597720682621002,0.00231328904628747,0.16632988750934596,nan,0.0,0.3515625,0.3768586999940453,0
8,100,2564,0.145625,2560,1.7578795075416564,0.32578125,0.862546181678772,0.821417260169983,0.28203125,0.3609656199812889,0.9263591974973678,0.03137257695198059,0.05120128002017736,0.7262111514806747,0.8574587792158127,-0.005087402462959245,0.16632988750934596,nan,0.0,nan,0.0,0
8,120,2584,0.14676136363636363,2560,1.7401275157928466,0.340234375,0.8518826335668563,0.8107387751340867,0.2703125,0.3765149310231209,0.9227606683969498,0.03137257695198059,0.05218049716204405,0.7285637438297272,0.8597720682621002,0.007889434695243835,0.16632988750934596,nan,0.0,nan,0.0,0
8,140,2604,0.14789772727272726,2560,1.7489760994911194,0.33125,0.8608434081077576,0.8125029474496841,0.282421875,0.36731951832771303,0.9191342860460281,0.03137257695198059,0.05150497667491436,0.7272663921117782,0.8574587792158127,-0.0033846288919449075,0.16632988750934596,nan,0.0,nan,0.0,0
8,160,2624,0.1490340909090909,2560,1.7222673833370208,0.337890625,0.8585342913866043,0.8163013756275177,0.271484375,0.38397013694047927,0.9270974725484848,0.03137257695198059,0.049891135096549986,0.7237169533967972,0.8574587792158127,-0.0010755121707916038,0.16632988750934596,nan,0.0,nan,0.0,0
8,180,2644,0.15017045454545455,2560,1.725395929813385,0.36015625,0.8678704798221588,0.8225097805261612,0.266796875,0.3545007467269897,0.9191350519657135,0.03137257695198059,0.052920101955533025,0.7284075021743774,0.8585342913866043,-0.009336188435554504,0.16632988750934596,nan,0.0,0.328125,0.37158769999223296,0
8,200,2664,0.15130681818181818,2560,1.7447742462158202,0.334375,0.8663200497627258,0.817714586853981,0.255078125,0.3709983259439468,0.9194792598485947,0.03137257695198059,0.04773497749119997,0.7180328726768493,0.8608434081077576,-0.005476641654968195,0.16632988750934596,nan,0.0,nan,0.0,0
8,220,2684,0.1524431818181818,2560,1.77391557097435,0.334375,0.8577368587255478,0.8202414393424988,0.266015625,0.36835362315177916,0.920416533946991,0.03137257695198059,0.05117656122893095,0.726915466785431,0.8608434081077576,0.003106549382209778,0.16632988750934596,nan,0.0,nan,0.0,0
8,240,2704,0.15357954545454547,2560,1.71732417345047,0.348828125,0.852795422077179,0.8153175503015518,0.264453125,0.38502064645290374,0.9172274500131607,0.03137257695198059,0.04894632380455732,0.721216905117035,0.8608434081077576,0.008047986030578658,0.16632988750934596,nan,0.0,nan,0.0,0
8,260,2724,0.1547159090909091,2560,1.7429197072982787,0.3375,0.8455890893936158,0.8085696190595627,0.28515625,0.37466873824596403,0.9247567653656006,0.03137257695198059,0.05232654791325331,0.7300749868154526,0.8585342913866043,0.012945201992988542,0.16632988750934596,nan,0.0,nan,0.0,0
8,280,2744,0.15585227272727273,2560,1.7388134241104125,0.340625,0.8588604509830475,0.8216547846794129,0.252734375,0.38581459522247313,0.9248073786497116,0.03137257695198059,0.05466109998524189,0.7346204042434692,0.8577368587255478,-0.0011235922574996948,0.16632988750934596,nan,0.0,0.3125,0.3734715999889886,0
8,300,2764,0.15698863636363636,2560,1.7547302186489104,0.331640625,0.8467077106237412,0.8124483913183213,0.273828125,0.3577793508768082,0.9271906763315201,0.03137257695198059,0.058300495892763135,0.7421617299318314,0.8577368587255478,0.011029148101806663,0.16632988750934596,nan,0.0,nan,0.0,0
8,320,2784,0.158125,2560,1.6916765868663788,0.351953125,0.8467202335596085,0.8158528834581376,0.273828125,0.3780051082372665,0.9259931147098541,0.03137257695198059,0.050934976898133755,0.727206489443779,0.852795422077179,0.006075188517570496,0.16632988750934596,nan,0.0,nan,0.0,0
8,340,2804,0.15926136363636365,2560,1.7127660095691681,0.35,0.8455703318119049,0.8062848627567292,0.283203125,0.3744977995753288,0.9225713282823562,0.03137257695198059,0.046098357439041136,0.7144944071769714,0.8467202335596085,0.0011499017477035745,0.16632988750934596,nan,0.0,nan,0.0,0
8,352,2816,0.15994318181818182,1480,1.7439235996555638,0.3195945945945946,0.8467087916425756,0.8115333499135198,0.2817567574011313,0.38438536653647554,0.9224697535102432,0.03137257695198059,0.0524194653976608,0.7286181008493579,0.8467077106237412,-1.0810188344478888e-06,0.16632988750934596,nan,0.0,nan,0.0,0
9,20,2836,0.16107954545454548,2560,1.692336243391037,0.3453125,0.8439409613609314,0.8088956385850906,0.271484375,0.382283478975296,0.9225797176361084,0.03137257695198059,0.04764880631119013,0.7181249976158142,0.8467087916425756,0.002767830281644179,0.16632988750934596,nan,0.0,0.265625,0.3753170999989379,0
9,40,2856,0.1622159090909091,2560,1.748745083808899,0.332421875,0.8455557525157928,0.8129012048244476,0.277734375,0.36863358318805695,0.9164712488651275,0.03137257695198059,0.05194163415580988,0.7296748757362366,0.8467077106237412,0.0011519581079483254,0.16632988750934596,nan,0.0,nan,0.0,0
9,60,2876,0.16335227272727273,2560,1.7001465618610383,0.35390625,0.845607015490532,0.8090240657329559,0.2875,0.38262207359075545,0.9219769984483719,0.03137257695198059,0.05019282680004835,0.7244569718837738,0.8455703318119049,-3.6683678627080774e-05,0.16632988750934596,nan,0.0,nan,0.0,0
9,80,2896,0.16448863636363636,2560,1.7340370059013366,0.361328125,0.8452147990465164,0.8141451776027679,0.259375,0.3763143226504326,0.91927669942379,0.03137257695198059,0.04750985689461231,0.720952108502388,0.8455703318119049,0.00035553276538846657,0.16632988750934596,nan,0.0,nan,0.0,0
9,100,2916,0.165625,2560,1.724744063615799,0.327734375,0.8353699535131455,0.8083538204431534,0.289453125,0.3887793317437172,0.9203024744987488,0.03137257695198059,0.05250461231917143,0.7318939000368119,0.8455557525157928,0.010185799002647378,0.16632988750934596,nan,0.0,nan,0.0,0
9,120,2936,0.16676136363636365,2560,1.6872757375240326,0.35,0.8536115705966949,0.8162160396575928,0.265234375,0.36255430728197097,0.9206895411014557,0.03137257695198059,0.04731427524238825,0.7164755165576935,0.8452147990465164,-0.008396771550178483,0.16632988750934596,nan,0.0,0.234375,0.37697559999651276,0
9,140,2956,0.16789772727272728,2560,1.7081454813480377,0.3546875,0.8480085283517838,0.8130180537700653,0.2796875,0.3858592569828033,0.9218283534049988,0.03137257695198059,0.0473565636202693,0.7176116079092025,0.8455557525157928,-0.0024527758359909058,0.16632988750934596,nan,0.0,nan,0.0,0
9,160,2976,0.1690340909090909,2560,1.691495132446289,0.352734375,0.8370507061481476,0.8105152308940887,0.281640625,0.3882729187607765,0.9230542719364166,0.03137257695198059,0.047082728892564776,0.7200093239545822,0.845607015490532,0.008556309342384383,0.16632988750934596,nan,0.0,nan,0.0,0
9,180,2996,0.17017045454545454,2560,1.7225020766258239,0.36484375,0.8327857464551925,0.8081511378288269,0.2484375,0.37268939465284345,0.921347576379776,0.03137257695198059,0.0491894269362092,0.7221242129802704,0.8452147990465164,0.012429052591323875,0.16632988750934596,nan,0.0,nan,0.0,0
9,200,3016,0.17130681818181817,2560,1.7093864023685454,0.348828125,0.8430997431278229,0.8083769649267196,0.258984375,0.37111506313085557,0.9234162777662277,0.03137257695198059,0.04775418844074011,0.7218834280967712,0.8370507061481476,-0.006049036979675293,0.16632988750934596,nan,0.0,nan,0.0,0
9,220,3036,0.17244318181818183,2560,1.7168723165988922,0.344921875,0.8402162492275238,0.8174054652452469,0.26171875,0.38005981147289275,0.9214740931987763,0.03137257695198059,0.04911732077598572,0.7238313794136048,0.8430997431278229,0.0028834939002990723,0.16632988750934596,nan,0.0,0.328125,0.38180210000427905,0
9,240,3056,0.17357954545454546,2560,1.688524103164673,0.355078125,0.8303463250398636,0.8073542475700378,0.2625,0.37805832624435426,0.9237007379531861,0.03137257695198059,0.046663827076554296,0.7191011369228363,0.8402162492275238,0.009869924187660195,0.16632988750934596,nan,0.0,nan,0.0,0
9,260,3076,0.1747159090909091,2560,1.7101680040359497,0.34296875,0.8324313521385193,0.8150145471096039,0.27890625,0.3909619227051735,0.9181209743022919,0.03137257695198059,0.05012491643428803,0.7244490951299667,0.8370507061481476,0.004619354009628318,0.16632988750934596,nan,0.0,nan,0.0,0
9,280,3096,0.17585227272727272,2560,1.6998483538627625,0.355859375,0.8338674128055572,0.8120456904172897,0.2734375,0.3757003635168076,0.9236400812864304,0.03137257695198059,0.04633881151676178,0.7174630016088486,0.8327857464551925,-0.0010816663503646629,0.16632988750934596,nan,0.0,nan,0.0,0
9,300,3116,0.17698863636363635,2560,1.6980629086494445,0.356640625,0.8317067861557007,0.8069696009159089,0.283984375,0.3978335738182068,0.9285837978124618,0.03137257695198059,0.04674804843962192,0.7174092590808868,0.8338674128055572,0.0021606266498565008,0.16632988750934596,nan,0.0,nan,0.0,0
9,320,3136,0.178125,2560,1.6851183295249939,0.36953125,0.8304835528135299,0.8089932918548584,0.2609375,0.37033179104328157,0.9218005061149597,0.03137257695198059,0.05299114212393761,0.7311576217412948,0.8324313521385193,0.001947799324989341,0.16632988750934596,nan,0.0,0.3515625,0.37537670000165235,0
9,340,3156,0.17926136363636364,2560,1.687724870443344,0.353515625,0.826799339056015,0.8021780908107757,0.26328125,0.3823833718895912,0.918102040886879,0.03137257695198059,0.047718292102217674,0.7212222784757614,0.8317067861557007,0.004907447099685713,0.16632988750934596,nan,0.0,nan,0.0,0
9,352,3168,0.17994318181818184,1480,1.6916863338367358,0.35337837902275293,0.8267822259181254,0.8072030447624825,0.29797297248969207,0.4170790153580743,0.9175570252779368,0.03137257695198059,0.04338303888971741,0.7119239810350779,0.8317067861557007,0.0049245602375752595,0.16632988750934596,nan,0.0,nan,0.0,0
10,20,3188,0.18107954545454547,2560,1.6835251986980437,0.35625,0.8295928865671158,0.8137223780155182,0.277734375,0.3813649281859398,0.9202001124620438,0.03137257695198059,0.04839061331003904,0.722185829281807,0.8304835528135299,0.0008906662464140958,0.16632988750934596,nan,0.0,nan,0.0,0
10,40,3208,0.1822159090909091,2560,1.6706201493740083,0.3671875,0.8409173101186752,0.8139405757188797,0.274609375,0.38627345860004425,0.9227132320404052,0.03137257695198059,0.04981830045580864,0.7248181700706482,0.8295928865671158,-0.011324423551559382,0.16632988750934596,nan,0.0,nan,0.0,0
10,60,3228,0.18335227272727272,2560,1.6526568710803986,0.372265625,0.829201677441597,0.8105096369981766,0.27578125,0.3852151781320572,0.9188149988651275,0.03137257695198059,0.0495697483420372,0.7220265060663223,0.8295928865671158,0.00039120912551882103,0.16632988750934596,nan,0.0,0.296875,0.37351639999542385,0
10,80,3248,0.18448863636363635,2560,1.6494418561458588,0.37578125,0.8275072187185287,0.8067814111709595,0.269921875,0.3917206585407257,0.9143196314573288,0.03137257695198059,0.04724382478743792,0.7212610870599747,0.829201677441597,0.0016944587230682817,0.16632988750934596,nan,0.0,nan,0.0,0
10,100,3268,0.185625,2560,1.668093627691269,0.35859375,0.821534252166748,0.8064455896615982,0.28671875,0.3931756019592285,0.9220366418361664,0.03137257695198059,0.04215455111116171,0.7067157536745071,0.829201677441597,0.007667425274848982,0.16632988750934596,nan,0.0,nan,0.0,0
10,120,3288,0.18676136363636364,2560,1.7110523879528046,0.3515625,0.8300002008676529,0.8091739892959595,0.271484375,0.37858236730098727,0.9170377314090729,0.03137257695198059,0.048349231481552124,0.7230545431375504,0.829201677441597,-0.0007985234260559082,0.16632988750934596,nan,0.0,nan,0.0,0
10,140,3308,0.18789772727272727,2560,1.6608102560043334,0.35625,0.8126309514045715,0.8041225552558899,0.2953125,0.3975321978330612,0.9213713586330414,0.03137257695198059,0.04423393029719591,0.712353065609932,0.829201677441597,0.016570726037025474,0.16632988750934596,nan,0.0,nan,0.0,0
10,160,3328,0.1890340909090909,2560,1.6779644787311554,0.3546875,0.8230517655611038,0.8072437465190887,0.261328125,0.3674132853746414,0.9243265986442566,0.03137257695198059,0.04652294088155031,0.7154859751462936,0.8275072187185287,0.0044554531574249046,0.16632988750934596,nan,0.0,0.3125,0.37727680000534747,0
10,180,3348,0.19017045454545453,2560,1.6874943614006042,0.34609375,0.8312088996171951,0.8108712732791901,0.291796875,0.38338613957166673,0.9258260309696198,0.03137257695198059,0.044577324949204924,0.7126433104276657,0.8230517655611038,-0.008157134056091309,0.16632988750934596,nan,0.0,nan,0.0,0
10,200,3368,0.1913068181818182,2560,1.6530897080898286,0.372265625,0.8310597598552704,0.8109151393175125,0.280078125,0.39213951826095583,0.9219317346811294,0.03137257695198059,0.049816174618899825,0.7240847259759903,0.8230517655611038,-0.008007994294166543,0.16632988750934596,nan,0.0,nan,0.0,0
10,220,3388,0.19244318181818182,2560,1.6778331637382506,0.36328125,0.8162250608205796,0.7978505641222,0.271875,0.407997353374958,0.9255851984024048,0.03137257695198059,0.045519483461976054,0.7153017342090606,0.8300002008676529,0.013775140047073364,0.16632988750934596,nan,0.0,nan,0.0,0
10,240,3408,0.19357954545454545,2560,1.6859735131263733,0.351171875,0.8258055448532104,0.8041750818490982,0.288671875,0.39812873750925065,0.9234966516494751,0.03137257695198059,0.04605294559150934,0.7160077840089798,0.8230517655611038,-0.0027537792921066284,0.16632988750934596,nan,0.0,nan,0.0,0
10,260,3428,0.19471590909090908,2560,1.6492684662342072,0.358203125,0.8166106373071671,0.8042862057685852,0.29609375,0.3797588512301445,0.9203898251056671,0.03137257695198059,0.04402506221085787,0.7103779792785645,0.8258055448532104,0.009194907546043352,0.16632988750934596,nan,0.0,0.3359375,0.381276500003878,0
10,280,3448,0.1958522727272727,2560,1.719680243730545,0.35390625,0.830017939209938,0.8104899287223816,0.279296875,0.387943172454834,0.9183946132659913,0.03137257695198059,0.047015645913779734,0.7192407935857773,0.8258055448532104,-0.0042123943567276,0.16632988750934596,nan,0.0,nan,0.0,0
10,300,3468,0.19698863636363637,2560,1.670910221338272,0.37578125,0.809920659661293,0.8030881404876709,0.278125,0.4012086048722267,0.9220183223485947,0.03137257695198059,0.04756897892802954,0.719749116897583,0.8258055448532104,0.01588488519191744,0.16632988750934596,nan,0.0,nan,0.0,0
10,320,3488,0.198125,2560,1.6768104016780854,0.363671875,0.8260900318622589,0.807389086484909,0.27734375,0.38595258444547653,0.9207695215940476,0.03137257695198059,0.0442654836922884,0.7121042400598526,0.8166106373071671,-0.009479394555091836,0.16632988750934596,nan,0.0,nan,0.0,0
10,340,3508,0.19926136363636363,2560,1.6997836709022522,0.34375,0.8173261702060699,0.8079193264245987,0.29609375,0.40487092584371565,0.9219538569450378,0.03137257695198059,0.04188707321882248,0.705895534157753,0.8258055448532104,0.008479374647140547,0.16632988750934596,nan,0.0,nan,0.0,0
10,352,3520,0.19994318181818183,1480,1.662299118170867,0.3621621623232558,0.818855973836538,0.8034265705057093,0.2844594597816467,0.3936634935237266,0.9159274487882048,0.03137257695198059,0.048801966676035445,0.7191830087352443,0.8173261702060699,-0.001529803630468063,0.16632988750934596,nan,0.0,0.3671875,0.38281450000067707,0
11,20,3540,0.20107954545454546,2560,1.6559289157390595,0.359765625,0.8299400031566619,0.814058455824852,0.27890625,0.38891537487506866,0.9253648310899735,0.03137257695198059,0.04707553163170815,0.7192049115896225,0.818855973836538,-0.011084029320123978,0.16632988750934596,nan,0.0,nan,0.0,0
11,40,3560,0.20221590909090909,2560,1.6596976935863494,0.370703125,0.818976753950119,0.8068433374166488,0.26796875,0.3909886613488197,0.9176332086324692,0.03137257695198059,0.04775464609265327,0.7204199641942978,0.818855973836538,-0.00012078011358107599,0.16632988750934596,nan,0.0,nan,0.0,0
11,60,3580,0.20335227272727271,2560,1.7074257969856261,0.34921875,0.8103250503540039,0.8084685236215592,0.296875,0.401689849793911,0.9165167659521103,0.03137257695198059,0.04396234899759292,0.7130154460668564,0.818976753950119,0.008651703596115112,0.16632988750934596,nan,0.0,nan,0.0,0
11,80,3600,0.20448863636363637,2560,1.6737687528133391,0.362890625,0.8279548794031143,0.8100209712982178,0.2796875,0.3886078268289566,0.9205689907073975,0.03137257695198059,0.04624314773827791,0.7177081555128098,0.818855973836538,-0.009098905566576332,0.16632988750934596,nan,0.0,nan,0.0,0
11,100,3620,0.205625,2560,1.6503938436508179,0.375390625,0.8244839787483216,0.8107399135828018,0.27890625,0.40057953000068663,0.9239685326814652,0.03137257695198059,0.04685095362365246,0.7189712345600128,0.818976753950119,-0.005507224798202537,0.16632988750934596,nan,0.0,0.3359375,0.3807634999975562,0
11,120,3640,0.20676136363636363,2560,1.621711254119873,0.37421875,0.8152884542942047,0.8025459527969361,0.298828125,0.40980625301599505,0.9110422968864441,0.03137257695198059,0.044436701014637946,0.7144549071788788,0.8244839787483216,0.009195524454116866,0.16632988750934596,nan,0.0,nan,0.0,0
11,140,3660,0.20789772727272726,2560,1.683254885673523,0.3546875,0.8233072817325592,0.8107767909765243,0.28125,0.40214099884033205,0.917947793006897,0.03137257695198059,0.045113020576536655,0.7144818246364594,0.818976753950119,-0.004330527782440141,0.16632988750934596,nan,0.0,nan,0.0,0
11,160,3680,0.2090340909090909,2560,1.6582739293575286,0.35703125,0.8142206996679306,0.805795568227768,0.29921875,0.3950405329465866,0.9159572809934616,0.03137257695198059,0.04336779844015837,0.7112285822629929,0.8233072817325592,0.009086582064628534,0.16632988750934596,nan,0.0,nan,0.0,0
11,180,3700,0.21017045454545455,2560,1.6748733162879943,0.359375,0.8266913056373596,0.8103436976671219,0.273828125,0.3868180900812149,0.920061007142067,0.03137257695198059,0.04375945534557104,0.7113779157400131,0.8233072817325592,-0.003384023904800415,0.16632988750934596,nan,0.0,nan,0.0,0
11,200,3720,0.21130681818181818,2560,1.6445011973381043,0.367578125,0.8166959613561631,0.8022794276475906,0.2953125,0.41165375262498854,0.9248153865337372,0.03137257695198059,0.04293826743960381,0.7097324162721634,0.8233072817325592,0.006611320376396113,0.16632988750934596,nan,0.0,0.3828125,0.37126339999667834,0
11,220,3740,0.2124431818181818,2560,1.6657782316207885,0.36796875,0.8185603231191635,0.8001143395900726,0.288671875,0.40633406341075895,0.9231097072362899,0.03137257695198059,0.0424378264695406,0.7085660934448242,0.8166959613561631,-0.0018643617630004217,0.16632988750934596,nan,0.0,nan,0.0,0
11,240,3760,0.21357954545454544,2560,1.6936052322387696,0.355078125,0.8240244716405869,0.8174333184957504,0.28203125,0.37820581793785096,0.9285557001829148,0.03137257695198059,0.04568181056529284,0.7160425126552582,0.8185603231191635,-0.0054641485214234065,0.16632988750934596,nan,0.0,nan,0.0,0
11,260,3780,0.21471590909090907,2560,1.6695468544960022,0.363671875,0.810552430152893,0.8015138268470764,0.29453125,0.3905149683356285,0.921232494711876,0.03137257695198059,0.03754267459735274,0.6936154305934906,0.8185603231191635,0.008007892966270469,0.16632988750934596,nan,0.0,nan,0.0,0
11,280,3800,0.21585227272727273,2560,1.6769040465354919,0.355859375,0.8051957547664642,0.80490483045578,0.30546875,0.4038551837205887,0.9207121729850769,0.03137257695198059,0.04075884614139795,0.7043306529521942,0.8185603231191635,0.01336456835269928,0.16632988750934596,nan,0.0,nan,0.0,0
11,300,3820,0.21698863636363636,2560,1.690365767478943,0.362109375,0.8124809265136719,0.8006893306970596,0.262109375,0.3836668610572815,0.9210257440805435,0.03137257695198059,0.045831642113626,0.714104175567627,0.8166959613561631,0.004215034842491194,0.16632988750934596,nan,0.0,0.2890625,0.37473909999243915,0
11,320,3840,0.21812499999999999,2560,1.6845538198947907,0.3609375,0.8138684958219529,0.8106048762798309,0.26484375,0.364242759346962,0.916866448521614,0.03137257695198059,0.04249596409499645,0.7089544892311096,0.8124809265136719,-0.0013875693082809892,0.16632988750934596,nan,0.0,nan,0.0,0
11,340,3860,0.21926136363636362,2560,1.6726650714874267,0.366015625,0.8154321134090423,0.8082037806510926,0.262890625,0.4101047024130821,0.9188676357269288,0.03137257695198059,0.04715956691652536,0.7197369009256362,0.8124809265136719,-0.002951186895370439,0.16632988750934596,nan,0.0,nan,0.0,0
11,352,3872,0.21994318181818182,1480,1.656246576438079,0.36959459443350096,0.8110057334642152,0.8019036624882673,0.29932432448541796,0.40001706335995646,0.9159140319437594,0.031372576770750255,0.04472717733399288,0.714440634121766,0.8124809265136719,0.0014751930494566468,0.16632988750934596,nan,0.0,nan,0.0,0
12,20,3892,0.22107954545454545,2560,1.6974403858184814,0.34765625,0.802334988117218,0.8017638117074967,0.3,0.40746190696954726,0.9259633600711823,0.03137257695198059,0.04264233130961657,0.7093265205621719,0.8124809265136719,0.010145938396453835,0.16632988750934596,nan,0.0,nan,0.0,0
12,40,3912,0.22221590909090908,2560,1.6434433937072754,0.3609375,0.8171609491109848,0.8070095241069793,0.297265625,0.3931029409170151,0.9193354487419129,0.03137257695198059,0.04263496212661266,0.709729728102684,0.8124809265136719,-0.004680022597312927,0.16632988750934596,nan,0.0,0.2890625,0.3904370999953244,0
12,60,3932,0.22335227272727273,2560,1.6588330209255218,0.362109375,0.8062898367643356,0.8036570429801941,0.28046875,0.39169247150421144,0.9155063807964325,0.03137257695198059,0.04186756815761328,0.7066092550754547,0.8138684958219529,0.007578659057617232,0.16632988750934596,nan,0.0,nan,0.0,0
12,80,3952,0.22448863636363636,2560,1.6572565913200379,0.365625,0.8112635165452957,0.8064581722021102,0.278125,0.39098398089408876,0.9216073602437973,0.03137257695198059,0.04107307605445385,0.7020791292190551,0.8110057334642152,-0.0002577830810804871,0.16632988750934596,nan,0.0,nan,0.0,0
12,100,3972,0.225625,2560,1.6824950337409974,0.352734375,0.8235168844461441,0.8038677394390106,0.279296875,0.4081186786293983,0.9185667902231216,0.03137257695198059,0.043627609685063365,0.7127923995256424,0.8110057334642152,-0.012511150981928898,0.16632988750934596,nan,0.0,nan,0.0,0
12,120,3992,0.22676136363636362,2560,1.6501983880996705,0.367578125,0.8162686139345169,0.805200719833374,0.281640625,0.3882631927728653,0.9245422601699829,0.03137257695198059,0.048300031945109366,0.7213051110506058,0.8112635165452957,-0.005005097389221169,0.16632988750934596,nan,0.0,nan,0.0,0
12,140,4012,0.22789772727272725,2560,1.6963143467903137,0.35234375,0.8009257912635803,0.8042976588010788,0.282421875,0.4040834099054337,0.9198710322380066,0.03137257695198059,0.038965298980474475,0.6981835156679154,0.8162686139345169,0.015342822670936562,0.16632988750934596,nan,0.0,0.3125,0.3741576000029454,0
12,160,4032,0.22903409090909088,2560,1.6603294909000397,0.358203125,0.8109570622444153,0.8006050318479538,0.276953125,0.38293696641922,0.9214416712522506,0.03137257695198059,0.0418331841006875,0.707459157705307,0.8112635165452957,0.0003064543008803877,0.16632988750934596,nan,0.0,nan,0.0,0
12,180,4052,0.23017045454545454,2560,1.6598058879375457,0.357421875,0.8049620121717453,0.8063134670257568,0.29140625,0.40463989824056623,0.9172807216644288,0.03137257695198059,0.04259957484900952,0.7083127439022064,0.8112635165452957,0.006301504373550371,0.16632988750934596,nan,0.0,nan,0.0,0
12,200,4072,0.23130681818181817,2560,1.7016405761241913,0.344140625,0.8190723180770874,0.8009009242057801,0.294140625,0.40196814984083173,0.9217099636793137,0.03137257695198059,0.04599515087902546,0.7177650451660156,0.8109570622444153,-0.00811525583267203,0.16632988750934596,nan,0.0,nan,0.0,0
12,220,4092,0.2324431818181818,2560,1.6749798595905303,0.3453125,0.8101406514644622,0.7995441675186157,0.30234375,0.38251679092645646,0.9214901179075241,0.03137257695198059,0.0416240531951189,0.7027472704648972,0.8109570622444153,0.0008164107799530917,0.16632988750934596,nan,0.0,nan,0.0,0
12,240,4112,0.23357954545454543,2560,1.6712750375270844,0.359375,0.8132358819246293,0.8025861263275147,0.294140625,0.4091382592916489,0.9179814875125885,0.03137257695198059,0.041450328566133975,0.7041597008705139,0.8101406514644622,-0.00309523046016702,0.16632988750934596,nan,0.0,0.3046875,0.3735302999994019,0
12,260,4132,0.23471590909090906,2560,1.6820917010307312,0.377734375,0.8216828048229218,0.8132798731327057,0.2640625,0.38281015753746034,0.9156865626573563,0.03137257695198059,0.04405367784202099,0.7155904263257981,0.8109570622444153,-0.010725742578506448,0.16632988750934596,nan,0.0,nan,0.0,0
12,280,4152,0.23585227272727272,2560,1.6307481229305267,0.387890625,0.8023824959993362,0.7969509333372116,0.26953125,0.3937221586704254,0.9184794247150421,0.03137257695198059,0.040600844845175746,0.7032697796821594,0.8132358819246293,0.010853385925293058,0.16632988750934596,nan,0.0,nan,0.0,0
12,300,4172,0.23698863636363635,2560,1.6420591950416565,0.372265625,0.8038348764181137,0.7947335749864578,0.266796875,0.41763917207717893,0.9181563198566437,0.03137257695198059,0.040731432102620604,0.7035869717597961,0.8132358819246293,0.00940100550651557,0.16632988750934596,nan,0.0,nan,0.0,0
12,320,4192,0.23812499999999998,2560,1.68245969414711,0.35546875,0.8005558371543884,0.796629610657692,0.283203125,0.4008109226822853,0.9214136928319931,0.03137257695198059,0.03914430569857359,0.700539442896843,0.8101406514644622,0.009584814310073853,0.16632988750934596,nan,0.0,nan,0.0,0
12,340,4212,0.2392613636363636,2560,1.6654335379600524,0.358984375,0.7992094814777374,0.7944884240627289,0.269140625,0.39391872733831407,0.9180837154388428,0.03137257695198059,0.03879627697169781,0.6980400145053863,0.8038348764181137,0.004625394940376282,0.16632988750934596,nan,0.0,0.296875,0.3738251000031596,0
12,352,4224,0.2399431818181818,1480,1.6918912533167245,0.3628378379989315,0.815723738799224,0.8071078081388732,0.25472972997137017,0.39871151978905134,0.9272896666784545,0.03137257695198059,0.0456011810818234,0.7185852550171518,0.8023824959993362,-0.013341242799887798,0.16632988750934596,nan,0.0,nan,0.0,0
13,20,4244,0.24107954545454544,2560,1.6642356038093566,0.36328125,0.8096380054950714,0.8061985224485397,0.280859375,0.37570673823356626,0.9170490503311157,0.03137257695198059,0.039802925661206245,0.7009186029434205,0.8023824959993362,-0.0072555094957351685,0.16632988750934596,nan,0.0,nan,0.0,0
13,40,4264,0.24221590909090907,2560,1.620394802093506,0.366015625,0.7947487264871598,0.795053493976593,0.302734375,0.4138793110847473,0.9191478937864304,0.03137257695198059,0.04242538176476955,0.7098723948001862,0.8038348764181137,0.009086149930953913,0.16632988750934596,nan,0.0,nan,0.0,0
13,60,4284,0.24335227272727272,2560,1.6780625939369203,0.368359375,0.816434359550476,0.8122598201036453,0.257421875,0.39387640357017517,0.9199917107820511,0.03137257695198059,0.03984472556039691,0.701716023683548,0.8005558371543884,-0.01587852239608767,0.16632988750934596,nan,0.0,nan,0.0,0
13,80,4304,0.24448863636363635,2560,1.6766952395439148,0.36328125,0.8102594435214996,0.8018484979867935,0.2828125,0.3973272114992142,0.923454812169075,0.03137257695198059,0.0399934696033597,0.7030152350664138,0.8096380054950714,-0.0006214380264282227,0.16632988750934596,nan,0.0,0.3828125,0.38096049999876413,0
13,100,4324,0.24562499999999998,2560,1.65090172290802,0.384765625,0.8198407530784607,0.8140369594097138,0.269921875,0.394740903377533,0.9159389644861221,0.03137257695198059,0.0469199150800705,0.7195343554019928,0.8102594435214996,-0.009581309556961126,0.16632988750934596,nan,0.0,nan,0.0,0
13,120,4344,0.2467613636363636,2560,1.6728682041168212,0.369921875,0.8066308915615081,0.7945138514041901,0.27265625,0.41067342460155487,0.9194119960069657,0.03137257695198059,0.04226021990180016,0.7068397134542466,0.8102594435214996,0.003628551959991455,0.16632988750934596,nan,0.0,nan,0.0,0
13,140,4364,0.24789772727272724,2560,1.639428162574768,0.386328125,0.7962780117988586,0.8109752833843231,0.27578125,0.3926124483346939,0.9178606837987899,0.03137257695198059,0.03794605899602175,0.6954708188772202,0.8102594435214996,0.013981431722640991,0.16632988750934596,nan,0.0,nan,0.0,0
13,160,4384,0.2490340909090909,2560,1.6473683297634125,0.364453125,0.8070171296596527,0.8060053676366806,0.307421875,0.40732415318489074,0.9247736901044845,0.03137257695198059,0.03933082967996597,0.7002952039241791,0.8102594435214996,0.003242313861846924,0.16632988750934596,nan,0.0,nan,0.0,0
13,180,4404,0.2501704545454545,2560,1.6734323680400849,0.3578125,0.800347700715065,0.8026923060417175,0.276953125,0.3954960465431213,0.9189942926168442,0.03137257695198059,0.0387233117595315,0.6986838042736053,0.8070171296596527,0.006669428944587663,0.16632988750934596,nan,0.0,0.359375,0.3741223999968497,0
13,200,4424,0.25130681818181816,2560,1.678126734495163,0.358984375,0.7997209042310714,0.8019181758165359,0.28359375,0.42045433074235916,0.920430389046669,0.03137257695198059,0.04639868848025799,0.7178911715745926,0.8066308915615081,0.006909987330436684,0.16632988750934596,nan,0.0,nan,0.0,0
13,220,4444,0.2524431818181818,2560,1.6486259818077087,0.3796875,0.8064820826053619,0.8061797052621842,0.283203125,0.40947701036930084,0.9245956718921662,0.03137257695198059,0.04231921508908272,0.7105873823165894,0.800347700715065,-0.006134381890296914,0.16632988750934596,nan,0.0,nan,0.0,0
13,240,4464,0.2535795454545454,2560,1.6500881254673003,0.366796875,0.8101243287324905,0.8105134487152099,0.28828125,0.42383419871330263,0.9197616815567017,0.03137257695198059,0.0451285844668746,0.7155511021614075,0.800347700715065,-0.009776628017425515,0.16632988750934596,nan,0.0,nan,0.0,0
13,260,4484,0.2547159090909091,2560,1.6508373975753785,0.3703125,0.8170995324850082,0.8080590754747391,0.26796875,0.39629521667957307,0.9231294214725494,0.03137257695198059,0.04125957731157541,0.7045195549726486,0.8064820826053619,-0.010617449879646301,0.16632988750934596,nan,0.0,nan,0.0,0
13,280,4504,0.2558522727272727,2560,1.620760190486908,0.389453125,0.8070286542177201,0.796623507142067,0.26953125,0.39263107627630234,0.9156159937381745,0.03137257695198059,0.04302095882594585,0.7092770427465439,0.8064820826053619,-0.0005465716123581599,0.16632988750934596,nan,0.0,0.34375,0.372679899999639,0
13,300,4524,0.2569886363636364,2560,1.6750742256641389,0.35546875,0.8149490594863892,0.8065190851688385,0.297265625,0.4100977644324303,0.9208309382200242,0.03137257695198059,0.04085162729024887,0.7017936527729034,0.8070286542177201,-0.007920405268669106,0.16632988750934596,nan,0.0,nan,0.0,0
13,320,4544,0.258125,2560,1.6857325553894043,0.373046875,0.8187343120574951,0.8072934657335281,0.264453125,0.4051538109779358,0.9166624933481217,0.03137257695198059,0.04008399471640587,0.7032499313354492,0.8101243287324905,-0.008609983325004622,0.16632988750934596,nan,0.0,nan,0.0,0
13,340,4564,0.25926136363636365,2560,1.6885358691215515,0.36015625,0.8160505414009094,0.8080201625823975,0.279296875,0.3999877065420151,0.9189769953489304,0.03137257695198059,0.03940939512103796,0.7026052117347718,0.8149490594863892,-0.001101481914520197,0.16632988750934596,nan,0.0,nan,0.0,0
13,352,4576,0.2599431818181818,1480,1.642550329259924,0.3783783783783784,0.8093941827078124,0.8057758150873957,0.28175675683730356,0.39072554127590076,0.9234861170923387,0.03137257695198059,0.04381836280226707,0.7128517972456442,0.8160505414009094,0.006656358693096998,0.16632988750934596,nan,0.0,nan,0.0,0
14,20,4596,0.2610795454545454,2560,1.651925927400589,0.379296875,0.8076048731803894,0.8068693995475769,0.270703125,0.4150099515914917,0.9228548884391785,0.03137257695198059,0.0401948606595397,0.7015495985746384,0.8149490594863892,0.007344186305999756,0.16632988750934596,nan,0.0,0.296875,0.3769481000053929,0
14,40,4616,0.2622159090909091,2560,1.6701797902584077,0.358984375,0.8187723278999328,0.8059237420558929,0.28125,0.39048527032136915,0.9247141689062118,0.03137257695198059,0.040983831882476805,0.7039187014102936,0.8149490594863892,-0.0038232684135436346,0.16632988750934596,nan,0.0,nan,0.0,0
14,60,4636,0.2633522727272727,2560,1.658155083656311,0.371875,0.8105224549770356,0.8090067654848099,0.271875,0.41510836184024813,0.9115158319473267,0.03137257695198059,0.04159195851534605,0.7058554440736771,0.8160505414009094,0.0055280864238738125,0.16632988750934596,nan,0.0,nan,0.0,0
14,80,4656,0.26448863636363634,2560,1.6707255601882935,0.365625,0.7986985683441162,0.7986651331186294,0.281640625,0.3908568546175957,0.9268000513315201,0.03137257695198059,0.039553331583738326,0.7014726221561431,0.8105224549770356,0.011823886632919334,0.16632988750934596,nan,0.0,nan,0.0,0
14,100,4676,0.265625,2560,1.6468404710292817,0.378515625,0.8035914957523346,0.8013816982507705,0.288671875,0.4081699073314667,0.917401772737503,0.03137257695198059,0.04397453125566244,0.713068100810051,0.8093941827078124,0.005802686955477809,0.16632988750934596,nan,0.0,nan,0.0,0
14,120,4696,0.2667613636363636,2560,1.6855911195278168,0.367578125,0.8069513380527497,0.8042277246713638,0.27578125,0.4051298677921295,0.917349511384964,0.03137257695198059,0.042575128749012946,0.710229241847992,0.8076048731803894,0.0006535351276397705,0.16632988750934596,nan,0.0,0.28125,0.3768735000048764,0
14,140,4716,0.26789772727272726,2560,1.6835035383701324,0.3546875,0.8077163398265839,0.8038924038410187,0.283984375,0.4233245477080345,0.9203964442014694,0.03137257695198059,0.04758172556757927,0.7204276293516159,0.8069513380527497,-0.0007650017738342063,0.16632988750934596,nan,0.0,nan,0.0,0
14,160,4736,0.26903409090909086,2560,1.686186534166336,0.354296875,0.8040137261152267,0.7986915796995163,0.28359375,0.3702923864126205,0.922947707772255,0.03137257695198059,0.03919776063412428,0.7004351884126663,0.8069513380527497,0.002937611937522955,0.16632988750934596,nan,0.0,nan,0.0,0
14,180,4756,0.2701704545454545,2560,1.6424338698387146,0.36328125,0.8061416566371917,0.8014173030853271,0.294140625,0.41079606860876083,0.9190703243017196,0.03137257695198059,0.04031051304191351,0.7014327108860016,0.8040137261152267,-0.002127930521965027,0.16632988750934596,nan,0.0,nan,0.0,0
14,200,4776,0.2713068181818182,2560,1.659552925825119,0.36015625,0.8179243922233581,0.8110790401697159,0.285546875,0.403591388463974,0.9181670039892197,0.03137257695198059,0.04607337862253189,0.7163928896188736,0.8061416566371917,-0.011782735586166382,0.16632988750934596,nan,0.0,nan,0.0,0
14,220,4796,0.27244318181818183,2560,1.6945042848587035,0.36171875,0.8115312695503235,0.8006970882415771,0.280859375,0.3810304880142212,0.9194374293088913,0.03137257695198059,0.04081136826425791,0.7037864863872528,0.8069513380527497,-0.0045799314975738525,0.16632988750934596,nan,0.0,0.375,0.37657549999130424,0
14,240,4816,0.27357954545454544,2560,1.6559421062469482,0.366796875,0.8173175245523453,0.8095878779888153,0.295703125,0.4037189960479736,0.9193148523569107,0.03137257695198059,0.04429455976933241,0.7126736998558044,0.8077163398265839,-0.009601184725761436,0.16632988750934596,nan,0.0,nan,0.0,0
14,260,4836,0.2747159090909091,2560,1.639769059419632,0.375390625,0.8008230358362198,0.799597954750061,0.28203125,0.40827447175979614,0.9222901821136474,0.03137257695198059,0.04294956438243389,0.7115451902151108,0.8115312695503235,0.010708233714103677,0.16632988750934596,nan,0.0,nan,0.0,0
14,280,4856,0.27585227272727275,2560,1.6357210278511047,0.368359375,0.8003924787044525,0.7929182857275009,0.284765625,0.39990729838609695,0.913620775938034,0.03137257695198059,0.03851781962439418,0.6985271036624908,0.8115312695503235,0.011138790845870994,0.16632988750934596,nan,0.0,nan,0.0,0
14,300,4876,0.27698863636363635,2560,1.6497993648052216,0.365625,0.820122292637825,0.8089267909526825,0.294921875,0.40361337512731554,0.9240137964487076,0.03137257695198059,0.04346902463585138,0.7127993881702424,0.8115312695503235,-0.008591023087501481,0.16632988750934596,nan,0.0,nan,0.0,0
14,320,4896,0.278125,2560,1.6603994846343995,0.371484375,0.8086444497108459,0.8085031032562255,0.295703125,0.4064130187034607,0.9190713435411453,0.03137257695198059,0.04136492069810629,0.7060598343610763,0.8115312695503235,0.0028868198394775835,0.16632988750934596,nan,0.0,0.328125,0.3741684999986319,0
14,340,4916,0.2792613636363636,2560,1.668204426765442,0.36640625,0.7989864200353622,0.8026626735925675,0.29453125,0.3980918049812317,0.9183807581663131,0.03137257695198059,0.03794845687225461,0.6963775306940079,0.8086444497108459,0.009658029675483681,0.16632988750934596,nan,0.0,nan,0.0,0
14,352,4928,0.2799431818181818,1480,1.6820090732058963,0.3756756758367693,0.80543476923092,0.8081822566083959,0.2695945950778755,0.41263459260399277,0.9183675308485288,0.03137257695198059,0.04007505303299105,0.7021523913821659,0.8008230358362198,-0.004611733394700113,0.16632988750934596,nan,0.0,nan,0.0,0
15,20,4948,0.28107954545454544,2560,1.636256492137909,0.373046875,0.796589943766594,0.80001260638237,0.283984375,0.4015433773398399,0.9205937862396241,0.03137257695198059,0.04006851837038994,0.7010632753372192,0.80543476923092,0.008844825464325967,0.16632988750934596,nan,0.0,nan,0.0,0
15,40,4968,0.28221590909090905,2560,1.6472246170043945,0.3796875,0.8074279278516769,0.7966381311416626,0.278125,0.41565838903188707,0.9241784542798996,0.03137257695198059,0.043805208057165146,0.7119650214910507,0.80543476923092,-0.0019931586207569962,0.16632988750934596,nan,0.0,nan,0.0,0
15,60,4988,0.2833522727272727,2560,1.6273675441741944,0.378125,0.7982860833406449,0.8032220363616943,0.28125,0.40706012696027755,0.915842205286026,0.03137257695198059,0.0425813652575016,0.7098114341497421,0.80543476923092,0.007148685890275064,0.16632988750934596,nan,0.0,0.234375,0.3731864000001224,0
15,80,5008,0.28448863636363636,2560,1.6627610862255096,0.362109375,0.7960492044687271,0.7971847742795944,0.2765625,0.40872012376785277,0.9171099573373794,0.03137257695198059,0.04187663942575455,0.7075383961200714,0.7989864200353622,0.0029372155666351762,0.16632988750934596,nan,0.0,nan,0.0,0
15,100,5028,0.28562499999999996,2560,1.6233739972114563,0.38359375,0.8136896908283233,0.7976387202739715,0.2828125,0.389233709871769,0.9180099695920945,0.03137257695198059,0.04350133277475834,0.7112949460744857,0.7982860833406449,-0.015403607487678439,0.16632988750934596,nan,0.0,nan,0.0,0
15,120,5048,0.2867613636363636,2560,1.6882224023342132,0.3421875,0.7959541201591491,0.8013968288898468,0.29609375,0.4100194931030273,0.9148313105106354,0.03137257695198059,0.040959871001541616,0.704330924153328,0.7982860833406449,0.0023319631814957553,0.16632988750934596,nan,0.0,nan,0.0,0
15,140,5068,0.2878977272727273,2560,1.6630221605300903,0.374609375,0.801438057422638,0.7995744228363038,0.278515625,0.4039409950375557,0.9153142511844635,0.03137257695198059,0.039738279581069944,0.7007241576910019,0.7982860833406449,-0.003151974081993081,0.16632988750934596,nan,0.0,nan,0.0,0
15,160,5088,0.28903409090909093,2560,1.681077879667282,0.355078125,0.8023469269275665,0.8057815700769424,0.296484375,0.39622091352939603,0.9230720728635788,0.03137257695198059,0.04153014086186886,0.7093717217445373,0.7982860833406449,-0.004060843586921603,0.16632988750934596,nan,0.0,0.3359375,0.3746328999986872,0
15,180,5108,0.29017045454545454,2560,1.6330843150615693,0.364453125,0.7933700770139694,0.7982286036014556,0.29140625,0.4104926556348801,0.9229319423437119,0.03137257695198059,0.04098315667361021,0.7042041033506393,0.801438057422638,0.008067980408668518,0.16632988750934596,nan,0.0,nan,0.0,0
15,200,5128,0.2913068181818182,2560,1.6588704943656922,0.370703125,0.7901012778282166,0.7970356196165085,0.28046875,0.40727694183588026,0.9197857081890106,0.03137257695198059,0.03996145781129599,0.702690452337265,0.801438057422638,0.011336779594421365,0.16632988750934596,nan,0.0,nan,0.0,0
15,220,5148,0.2924431818181818,2560,1.6294728577136994,0.391796875,0.8020045161247253,0.8015603572130203,0.2765625,0.4041929841041565,0.9152669429779052,0.03137257695198059,0.03896772637963295,0.7026544868946075,0.7959541201591491,-0.006050395965576216,0.16632988750934596,nan,0.0,nan,0.0,0
15,240,5168,0.29357954545454545,2560,1.6733625113964081,0.353515625,0.7974343687295914,0.8007736414670944,0.285546875,0.4101105868816376,0.9165840297937393,0.03137257695198059,0.0352871960029006,0.6860726058483124,0.801438057422638,0.00400368869304657,0.16632988750934596,nan,0.0,nan,0.0,0
15,260,5188,0.2947159090909091,2560,1.6285119116306306,0.37265625,0.8146802663803101,0.7996846705675125,0.275390625,0.3964260473847389,0.9187512904405594,0.03137257695198059,0.04014342706650496,0.7026802122592926,0.7974343687295914,-0.01724589765071871,0.16632988750934596,nan,0.0,0.3671875,0.37554750000708736,0
15,280,5208,0.2958522727272727,2560,1.647328221797943,0.367578125,0.7986454665660858,0.7997912257909775,0.28046875,0.40162090957164764,0.9175092220306397,0.03137257695198059,0.03724966030567885,0.6939649939537048,0.7974343687295914,-0.0012110978364944236,0.16632988750934596,nan,0.0,nan,0.0,0
15,300,5228,0.29698863636363637,2560,1.6423758506774901,0.3609375,0.7967076539993286,0.7920496881008148,0.2734375,0.39141859114170074,0.9236349910497665,0.03137257695198059,0.035752478055655956,0.6918619096279144,0.7986454665660858,0.00193781256675718,0.16632988750934596,nan,0.0,nan,0.0,0
15,320,5248,0.298125,2560,1.6467544674873351,0.371484375,0.7873715907335281,0.7937734186649322,0.296484375,0.41326122283935546,0.9159721583127975,0.03137257695198059,0.0400703277438879,0.7032055139541626,0.7986454665660858,0.011273875832557678,0.16632988750934596,nan,0.0,nan,0.0,0
15,340,5268,0.29926136363636363,2560,1.6642484724521638,0.369140625,0.8011812627315521,0.802594518661499,0.290625,0.4097682997584343,0.9181017756462098,0.03137257695198059,0.03722023768350482,0.6955029755830765,0.7974343687295914,-0.00374689400196071,0.16632988750934596,nan,0.0,nan,0.0,0
15,352,5280,0.2999431818181818,1480,1.6914726070455604,0.35675675627347586,0.8049472148353989,0.8054403988090721,0.28716216216216217,0.40720198621621,0.9169754866007213,0.03137257695198059,0.04265101789622693,0.7118368780290758,0.7986454665660858,-0.006301748269313068,0.16632988750934596,nan,0.0,0.296875,0.38191050000023097,0
16,20,5300,0.2989204545454545,2560,1.6708218455314636,0.373828125,0.7982377946376801,0.8057145655155182,0.28671875,0.4106767654418945,0.921118950843811,0.03137257695198059,0.04025996383279562,0.7051672130823136,0.7986454665660858,0.0004076719284057395,0.16632988750934596,nan,0.0,nan,0.0,0
16,40,5320,0.2977840909090909,2560,1.6245605945587158,0.390234375,0.8058370590209961,0.7954827785491944,0.283984375,0.41512716114521026,0.9171117395162582,0.03137257695198059,0.04036768842488527,0.7044035285711289,0.7982377946376801,-0.00759926438331604,0.16632988750934596,nan,0.0,nan,0.0,0
16,60,5340,0.29664772727272726,2560,1.6684768319129943,0.359765625,0.8072397500276566,0.806096664071083,0.29609375,0.3993484452366829,0.9277785181999206,0.03137257695198059,0.04540475104004145,0.7166627287864685,0.8011812627315521,-0.0060584872961044756,0.16632988750934596,nan,0.0,nan,0.0,0
16,80,5360,0.29551136363636366,2560,1.648633360862732,0.366015625,0.7952129453420639,0.8027223199605942,0.29765625,0.42867221832275393,0.9199449092149734,0.03137257695198059,0.04156145490705967,0.7053157478570938,0.8049472148353989,0.009734269493335002,0.16632988750934596,nan,0.0,nan,0.0,0
16,100,5380,0.294375,2560,1.659145051240921,0.363671875,0.8084146708250046,0.8068137019872665,0.272265625,0.39230267852544787,0.9239902675151825,0.03137257695198059,0.043630513548851016,0.7092949181795121,0.8049472148353989,-0.003467455989605739,0.16632988750934596,nan,0.0,0.375,0.3725384999997914,0
16,120,5400,0.2932386363636364,2560,1.6187140703201295,0.387109375,0.8044847220182418,0.8024332851171494,0.29296875,0.4210811838507652,0.9228589594364166,0.03137257695198059,0.044055438600480556,0.7118341237306595,0.8058370590209961,0.001352337002754278,0.16632988750934596,nan,0.0,nan,0.0,0
16,140,5420,0.2921022727272727,2560,1.6589220583438873,0.35,0.810707613825798,0.8055881708860397,0.277734375,0.3999257117509842,0.9220359981060028,0.03137257695198059,0.043865314312279226,0.7107960671186447,0.8058370590209961,-0.004870554804801919,0.16632988750934596,nan,0.0,nan,0.0,0
16,160,5440,0.2909659090909091,2560,1.6658365249633789,0.37265625,0.7980833947658539,0.7973133325576782,0.283203125,0.4165625974535942,0.9130230188369751,0.03137257695198059,0.035735399555414916,0.6865323394536972,0.8072397500276566,0.009156355261802696,0.16632988750934596,nan,0.0,nan,0.0,0
16,180,5460,0.2898295454545454,2560,1.6736311793327332,0.376171875,0.8053060621023178,0.8013519555330276,0.2625,0.40276138931512834,0.9244213372468948,0.03137257695198059,0.039996881037950516,0.7043381094932556,0.8044847220182418,-0.0008213400840759721,0.16632988750934596,nan,0.0,nan,0.0,0
16,200,5480,0.2886931818181818,2560,1.6919247150421142,0.35703125,0.8044280797243119,0.8006485193967819,0.275,0.3989140272140503,0.9162707179784775,0.03137257695198059,0.038239809405058625,0.6972732275724411,0.8053060621023178,0.0008779823780059592,0.16632988750934596,nan,0.0,0.28125,0.3726728999899933,0
16,220,5500,0.28755681818181816,2560,1.6237787306308746,0.378125,0.7986412763595581,0.8015678584575653,0.287109375,0.412559375166893,0.9170097559690475,0.03137257695198059,0.040806205943226814,0.704475125670433,0.8044847220182418,0.005843445658683777,0.16632988750934596,nan,0.0,nan,0.0,0
16,240,5520,0.28642045454545456,2560,1.6477738440036773,0.371484375,0.7912901222705842,0.7985820949077607,0.303515625,0.4092446565628052,0.9234946131706238,0.03137257695198059,0.036786315776407716,0.692695876955986,0.8044280797243119,0.0131379574537277,0.16632988750934596,nan,0.0,nan,0.0,0
16,260,5540,0.2852840909090909,2560,1.660469216108322,0.362890625,0.8015638649463653,0.8055197596549988,0.29921875,0.42494384944438934,0.9254797905683517,0.03137257695198059,0.04459752794355154,0.7120245635509491,0.7986412763595581,-0.002922588586807273,0.16632988750934596,nan,0.0,nan,0.0,0
16,280,5560,0.2841477272727273,2560,1.6408300280570984,0.384765625,0.8116570353507996,0.8059543818235397,0.273828125,0.4007555335760117,0.9207264184951782,0.03137257695198059,0.04018361810594797,0.7033978402614594,0.8015638649463653,-0.010093170404434249,0.16632988750934596,nan,0.0,nan,0.0,0
16,300,5580,0.28301136363636364,2560,1.6417489409446717,0.373828125,0.7970824986696243,0.80015909075737,0.298046875,0.412009072303772,0.9173111170530319,0.03137257695198059,0.04018147978931665,0.7035377562046051,0.8015638649463653,0.004481366276741006,0.16632988750934596,nan,0.0,0.3046875,0.37481779999507125,0
16,320,5600,0.28187500000000004,2560,1.6556157112121581,0.372265625,0.8060790598392487,0.8043463557958603,0.284765625,0.40895111560821534,0.9209296107292175,0.03137257695198059,0.03724270761013031,0.6975745409727097,0.7986412763595581,-0.007437783479690596,0.16632988750934596,nan,0.0,nan,0.0,0
16,340,5620,0.28073863636363633,2560,1.6807005643844604,0.360546875,0.8043960392475128,0.8057069301605224,0.26875,0.3984550595283508,0.920976534485817,0.03137257695198059,0.0377230953425169,0.6939871490001679,0.8015638649463653,-0.002832174301147461,0.16632988750934596,nan,0.0,nan,0.0,0
16,352,5632,0.2800568181818182,1480,1.6851246073439314,0.35405405357077313,0.8044821004609803,0.8030689316826898,0.2972972976194846,0.39779273384326214,0.9147782203313467,0.03137257695198059,0.03996562412058985,0.7014872467195665,0.8043960392475128,-8.606121346754758e-05,0.16632988750934596,nan,0.0,nan,0.0,0
17,20,5652,0.2789204545454545,2560,1.6399626195430757,0.3609375,0.7998169720172882,0.7963830530643463,0.308984375,0.4070326700806618,0.920894768834114,0.03137257695198059,0.03632430834695697,0.6926840037107468,0.8044821004609803,0.004665128443692157,0.16632988750934596,nan,0.0,nan,0.0,0
17,40,5672,0.2777840909090909,2560,1.6293344020843505,0.378125,0.7949041664600373,0.8043541193008423,0.283984375,0.4077531933784485,0.923041558265686,0.03137257695198059,0.0397213539108634,0.7014393746852875,0.8043960392475128,0.009491872787475542,0.16632988750934596,nan,0.0,0.3125,0.38446879999537487,0
17,60,5692,0.27664772727272724,2560,1.599040538072586,0.390625,0.7852910578250885,0.7936536341905593,0.3015625,0.42719946801662445,0.9159038752317429,0.03137257695198059,0.03612790396437049,0.693439245223999,0.8043960392475128,0.01910498142242434,0.16632988750934596,nan,0.0,nan,0.0,0
17,80,5712,0.27551136363636364,2560,1.6229052126407624,0.38828125,0.7926544487476349,0.7914680659770965,0.283984375,0.4221708491444588,0.9174239039421082,0.03137257695198059,0.039289763756096364,0.7005139708518981,0.7998169720172882,0.007162523269653276,0.16632988750934596,nan,0.0,nan,0.0,0
17,100,5732,0.274375,2560,1.6307663917541504,0.37734375,0.7895856976509095,0.7918511956930161,0.2859375,0.4290358811616898,0.9198950678110123,0.03137257695198059,0.04034332539886236,0.7048101991415023,0.7949041664600373,0.005318468809127785,0.16632988750934596,nan,0.0,nan,0.0,0
17,120,5752,0.2732386363636364,2560,1.6627629339694976,0.368359375,0.8066914111375809,0.800916564464569,0.286328125,0.4187709346413612,0.9220640987157822,0.03137257695198059,0.04038935787975788,0.7057145684957504,0.7926544487476349,-0.014036962389946006,0.16632988750934596,nan,0.0,nan,0.0,0
17,140,5772,0.2721022727272727,2560,1.6374452412128448,0.383203125,0.8025103509426117,0.8004952907562256,0.284765625,0.4117493391036987,0.9246380001306533,0.03137257695198059,0.040064592845737934,0.7039578855037689,0.7926544487476349,-0.009855902194976784,0.16632988750934596,nan,0.0,0.2890625,0.37471519999962766,0
17,160,5792,0.2709659090909091,2560,1.66389399766922,0.36015625,0.7709341704845428,0.7923894435167312,0.283984375,0.4058035135269165,0.9170851558446884,0.03137257695198059,0.03570181597024202,0.6932645350694656,0.7926544487476349,0.021720278263092085,0.16632988750934596,nan,0.0,nan,0.0,0
17,180,5812,0.26982954545454546,2560,1.6421260774135589,0.3875,0.800704401731491,0.8070338129997253,0.2703125,0.39104744642972944,0.9213221460580826,0.03137257695198059,0.036148324981331824,0.6929641216993332,0.7926544487476349,-0.008049952983856135,0.16632988750934596,nan,0.0,nan,0.0,0
17,200,5832,0.26869318181818186,2560,1.6314742803573608,0.3796875,0.7968739241361618,0.7982537776231766,0.30234375,0.427283750474453,0.9152435451745987,0.03137257695198059,0.041468285396695136,0.7063519567251205,0.800704401731491,0.0038304775953292847,0.16632988750934596,nan,0.0,nan,0.0,0
17,220,5852,0.26755681818181815,2560,1.6329668700695037,0.37890625,0.7925589799880981,0.8012303918600082,0.27734375,0.41071236729621885,0.9199334710836411,0.03137257695198059,0.038004545494914055,0.6959771931171417,0.800704401731491,0.008145421743392944,0.16632988750934596,nan,0.0,nan,0.0,0
17,240,5872,0.26642045454545454,2560,1.6443545997142792,0.376953125,0.7951064854860306,0.7995473444461823,0.2796875,0.42382130175828936,0.927469152212143,0.03137257695198059,0.03773730862885714,0.6964791864156723,0.7968739241361618,0.0017674386501311812,0.16632988750934596,nan,0.0,0.375,0.37552400000276975,0
17,260,5892,0.2652840909090909,2560,1.612261801958084,0.3921875,0.7822493225336075,0.7963235408067704,0.266015625,0.416431599855423,0.9209812372922898,0.03137257695198059,0.03913377821445465,0.6976603895425797,0.7951064854860306,0.012857162952423118,0.16632988750934596,nan,0.0,nan,0.0,0
17,280,5912,0.26414772727272723,2560,1.6288011848926545,0.389453125,0.7929733335971832,0.7967917382717132,0.293359375,0.4176341459155083,0.9152819514274597,0.03137257695198059,0.04031052440404892,0.704600390791893,0.7951064854860306,0.002133151888847329,0.16632988750934596,nan,0.0,nan,0.0,0
17,300,5932,0.2630113636363636,2560,1.62868971824646,0.37109375,0.7965236246585846,0.7973874568939209,0.28515625,0.4144519418478012,0.9215436488389969,0.03137257695198059,0.03818092457950115,0.6962916404008865,0.7929733335971832,-0.003550291061401367,0.16632988750934596,nan,0.0,nan,0.0,0
17,320,5952,0.26187499999999997,2560,1.6117371797561646,0.386328125,0.8120159029960632,0.8037521541118622,0.274609375,0.38956345319747926,0.9261201471090317,0.03137257695198059,0.037215471174567936,0.6956777781248092,0.7929733335971832,-0.01904256939887994,0.16632988750934596,nan,0.0,nan,0.0,0
17,340,5972,0.26073863636363637,2560,1.6508136689662933,0.37578125,0.7871545195579529,0.799135485291481,0.29609375,0.4276940107345581,0.9167404413223267,0.03137257695198059,0.040550852008163926,0.7027651131153106,0.7951064854860306,0.007951965928077676,0.16632988750934596,nan,0.0,0.375,0.3719007000036072,0
17,352,5984,0.2600568181818182,1480,1.618179167283548,0.3858108112940917,0.8096120028882413,0.7952592891615791,0.26824324275996236,0.3939186825945571,0.928687200030765,0.03137257695198059,0.04258148054013381,0.7116599269815393,0.7929733335971832,-0.01663866929105806,0.16632988750934596,nan,0.0,nan,0.0,0
18,20,6004,0.25892045454545454,2560,1.6124696016311646,0.3828125,0.8097115337848664,0.8042765557765961,0.293359375,0.4017774298787117,0.924149090051651,0.03137257695198059,0.039851540327072145,0.6995122641324997,0.7965236246585846,-0.01318790912628176,0.16632988750934596,nan,0.0,nan,0.0,0
18,40,6024,0.25778409090909093,2560,1.575879544019699,0.40078125,0.7767572164535522,0.7903921872377395,0.286328125,0.43458386063575744,0.9165783137083053,0.03137257695198059,0.03637339193373919,0.6920371919870376,0.8096120028882413,0.03285478643468909,0.16632988750934596,nan,0.0,nan,0.0,0
18,60,6044,0.2566477272727273,2560,1.6457455933094025,0.368359375,0.7908823966979981,0.7969183802604676,0.300390625,0.41116672307252883,0.9186505794525146,0.03137257695198059,0.0404261564835906,0.7044287621974945,0.8096120028882413,0.01872960619024322,0.16632988750934596,nan,0.0,nan,0.0,0
18,80,6064,0.2555113636363637,2560,1.6368590652942658,0.383203125,0.7866582334041595,0.7890531063079834,0.29453125,0.41911645978689194,0.9251622647047043,0.03137257695198059,0.04200234562158585,0.7061933964490891,0.7908823966979981,0.004224163293838568,0.16632988750934596,nan,0.0,0.3671875,0.37228789999790024,0
18,100,6084,0.25437499999999996,2560,1.5639678239822388,0.391015625,0.7808701455593109,0.7900276362895966,0.292578125,0.414779494702816,0.9206412196159363,0.03137257695198059,0.04000545796006918,0.7019553929567337,0.7908823966979981,0.0100122511386872,0.16632988750934596,nan,0.0,nan,0.0,0
18,120,6104,0.25323863636363636,2560,1.6751340806484223,0.371484375,0.7894030272960663,0.7958820551633835,0.29375,0.4188134863972664,0.9317986994981766,0.03137257695198059,0.03782655522227287,0.6936573266983033,0.7866582334041595,-0.0027447938919067383,0.16632988750934596,nan,0.0,nan,0.0,0
18,140,6124,0.2521022727272727,2560,1.6248962700366973,0.3890625,0.7890449732542038,0.7918930232524872,0.28984375,0.4261637642979622,0.9204244196414948,0.03137257695198059,0.037855195067822936,0.6982418537139893,0.7866582334041595,-0.0023867398500442283,0.16632988750934596,nan,0.0,nan,0.0,0
18,160,6144,0.2509659090909091,2560,1.6349337995052338,0.3765625,0.7833476603031159,0.7956932187080383,0.30078125,0.4079426690936089,0.9218490809202194,0.03137257695198059,0.03945291582494974,0.7008076429367065,0.7890449732542038,0.005697312951087885,0.16632988750934596,nan,0.0,nan,0.0,0
18,180,6164,0.24982954545454544,2560,1.5730455279350282,0.402734375,0.787589180469513,0.7933873772621155,0.283984375,0.42536303400993347,0.9166664361953736,0.03137257695198059,0.036629270389676095,0.6942108690738678,0.7866582334041595,-0.0009309470653534602,0.16632988750934596,nan,0.0,0.3515625,0.3749461999977939,0
18,200,6184,0.24869318181818179,2560,1.586729234457016,0.395703125,0.7928052246570587,0.795252114534378,0.28125,0.4233889847993851,0.9275067836046219,0.03137257695198059,0.03908733204007149,0.7004994779825211,0.787589180469513,-0.005216044187545732,0.16632988750934596,nan,0.0,nan,0.0,0
18,220,6204,0.24755681818181818,2560,1.5889873325824737,0.39375,0.7885108649730682,0.7974476009607315,0.292578125,0.422392338514328,0.9225503504276276,0.03137257695198059,0.03764340654015541,0.6990936040878296,0.7890449732542038,0.0005341082811355369,0.16632988750934596,nan,0.0,nan,0.0,0
18,240,6224,0.2464204545454545,2560,1.5834543585777283,0.39921875,0.7803933650255204,0.7912878900766372,0.2828125,0.4342759519815445,0.9190342128276825,0.03137257695198059,0.03751222621649504,0.6973195612430573,0.7885108649730682,0.008117499947547846,0.16632988750934596,nan,0.0,nan,0.0,0
18,260,6244,0.2452840909090909,2560,1.6327429115772247,0.398828125,0.7894622057676315,0.7990436732769013,0.2765625,0.4096732884645462,0.9158729761838913,0.03137257695198059,0.03473430247977376,0.6879919469356537,0.787589180469513,-0.0018730252981185025,0.16632988750934596,nan,0.0,nan,0.0,0
18,280,6264,0.24414772727272724,2560,1.6065786361694336,0.383984375,0.7830129355192185,0.7965604305267334,0.281640625,0.41901466101408,0.9259319484233857,0.03137257695198059,0.03547774199396372,0.690280658006668,0.7885108649730682,0.005497929453849748,0.16632988750934596,nan,0.0,0.3125,0.37464779999572784,0
18,300,6284,0.24301136363636364,2560,1.5997320413589478,0.384375,0.7935649514198303,0.7944195061922074,0.283203125,0.4208244040608406,0.925978747010231,0.03137257695198059,0.04061447754502297,0.7049080193042755,0.7885108649730682,-0.005054086446762085,0.16632988750934596,nan,0.0,nan,0.0,0
18,320,6304,0.24187499999999995,2560,1.6433242499828338,0.376171875,0.7824300289154053,0.7945480585098267,0.282421875,0.4159849926829338,0.9172978907823562,0.03137257695198059,0.03740678522735834,0.6984524756669999,0.7885108649730682,0.006080836057662964,0.16632988750934596,nan,0.0,nan,0.0,0
18,340,6324,0.24073863636363635,2560,1.6458630383014679,0.37109375,0.7922084301710128,0.7966029077768326,0.286328125,0.41097571700811386,0.9238442927598953,0.03137257695198059,0.041683062352240084,0.7081323057413101,0.7830129355192185,-0.009195494651794367,0.16632988750934596,nan,0.0,nan,0.0,0
18,352,6336,0.2400568181818182,1480,1.548989016300923,0.4141891888670019,0.7916019130397487,0.793144723209175,0.27972972924644884,0.41988290355012226,0.9307736190589698,0.03137257695198059,0.033291917888296614,0.6841174489743,0.7894622057676315,-0.0021397072721172083,0.16632988750934596,nan,0.0,nan,0.0,0
19,20,6356,0.23892045454545452,2560,1.5872693836688996,0.394921875,0.7718669444322586,0.7889611750841141,0.295703125,0.4428435742855072,0.9196363002061844,0.03137257695198059,0.03734917426481843,0.6945035427808761,0.7916019130397487,0.019734968607490133,0.16632988750934596,nan,0.0,0.421875,0.3758574000094086,0
19,40,6376,0.23778409090909092,2560,1.5870398461818696,0.402734375,0.7809627085924149,0.7922254145145416,0.28125,0.41516129970550536,0.9192117273807525,0.03137257695198059,0.03694278374314308,0.6963181406259537,0.7916019130397487,0.010639204447333794,0.16632988750934596,nan,0.0,nan,0.0,0
19,60,6396,0.23664772727272726,2560,1.5859912574291228,0.41640625,0.7848760068416596,0.797743883728981,0.26953125,0.42837506979703904,0.9210441738367081,0.03137257695198059,0.0384243393316865,0.7010795384645462,0.7824300289154053,-0.002445977926254339,0.16632988750934596,nan,0.0,nan,0.0,0
19,80,6416,0.23551136363636366,2560,1.5913090825080871,0.387109375,0.7761021137237549,0.7849899470806122,0.293359375,0.4344785913825035,0.9219722956418991,0.03137257695198059,0.035898069851100445,0.6934683978557586,0.7848760068416596,0.008773893117904663,0.16632988750934596,nan,0.0,nan,0.0,0
19,100,6436,0.234375,2560,1.5796599984169006,0.39765625,0.7789390534162521,0.7903640925884247,0.284375,0.4212165653705597,0.919392666220665,0.03137257695198059,0.03797775991261006,0.6998130857944489,0.7809627085924149,0.002023655176162764,0.16632988750934596,nan,0.0,nan,0.0,0
19,120,6456,0.23323863636363631,2560,1.5540229022502898,0.39765625,0.776258009672165,0.7863264918327332,0.291796875,0.43095908910036085,0.9224596858024597,0.03137257695198059,0.03531911475583911,0.6900694489479064,0.7789390534162521,0.002681043744087175,0.16632988750934596,nan,0.0,0.296875,0.36855179999838583,0
19,140,6476,0.2321022727272727,2560,1.6236601233482362,0.37734375,0.7635594308376312,0.7790097743272781,0.299609375,0.4329136162996292,0.9251702815294266,0.03137257695198059,0.04009252805262804,0.7051117986440658,0.7789390534162521,0.01537962257862091,0.16632988750934596,nan,0.0,nan,0.0,0
19,160,6496,0.23096590909090906,2560,1.6174259603023529,0.388671875,0.7945643186569213,0.7994868218898773,0.283203125,0.39356889873743056,0.9243112087249756,0.03137257695198059,0.03981090057641268,0.7041912466287613,0.776258009672165,-0.01830630898475638,0.16632988750934596,nan,0.0,nan,0.0,0
19,180,6516,0.22982954545454545,2560,1.6074843883514405,0.384375,0.7797410070896149,0.7928319454193116,0.288671875,0.43846587687730787,0.9278621852397919,0.03137257695198059,0.0378568671643734,0.6993334472179413,0.776258009672165,-0.003482997417449951,0.16632988750934596,nan,0.0,nan,0.0,0
19,200,6536,0.22869318181818177,2560,1.62291162610054,0.39921875,0.8047374218702317,0.7943952113389969,0.278515625,0.4150496110320091,0.9199024379253388,0.03137257695198059,0.04466630164533854,0.7168194264173507,0.7789390534162521,-0.025798368453979537,0.16632988750934596,nan,0.0,nan,0.0,0
19,220,6556,0.22755681818181817,2560,1.6072300970554352,0.388671875,0.795922926068306,0.7938547879457474,0.285546875,0.4223562806844711,0.9204513728618622,0.03137257695198059,0.03913102801889181,0.700033962726593,0.7797410070896149,-0.016181918978691034,0.16632988750934596,nan,0.0,0.3125,0.37257919998955913,0
19,240,6576,0.2264204545454545,2560,1.5718325316905974,0.408984375,0.7638016939163208,0.783424773812294,0.28046875,0.42693319022655485,0.9270886957645417,0.03137257695198059,0.03652590848505497,0.6944600045681,0.7945643186569213,0.03076262474060054,0.16632988750934596,nan,0.0,nan,0.0,0
19,260,6596,0.2252840909090909,2560,1.5663968443870544,0.4046875,0.7782194226980209,0.7879395991563797,0.285546875,0.4211507350206375,0.9207754969596863,0.03137257695198059,0.03693569786846638,0.6958701014518738,0.7945643186569213,0.01634489595890043,0.16632988750934596,nan,0.0,nan,0.0,0
19,280,6616,0.22414772727272725,2560,1.5789539217948914,0.390234375,0.7780663013458252,0.7916988581418991,0.29453125,0.429691407084465,0.9228021174669265,0.03137257695198059,0.03864889359101653,0.6981045335531235,0.7797410070896149,0.001674705743789695,0.16632988750934596,nan,0.0,nan,0.0,0
19,300,6636,0.22301136363636365,2560,1.5421427011489868,0.409765625,0.7731853544712066,0.7905807703733444,0.28046875,0.42386351227760316,0.9177845239639282,0.03137257695198059,0.03329673269763589,0.6840654700994492,0.7782194226980209,0.005034068226814292,0.16632988750934596,nan,0.0,nan,0.0,0
19,320,6656,0.22187499999999996,2560,1.598099833726883,0.3890625,0.7847089469432831,0.7888169825077057,0.28046875,0.4202698215842247,0.9186700373888016,0.03137257695198059,0.037190099246799946,0.6952754080295562,0.7780663013458252,-0.0066426455974578635,0.16632988750934596,nan,0.0,0.34375,0.37241029999859165,0
19,340,6676,0.22073863636363636,2560,1.5824532568454743,0.39453125,0.7725255995988846,0.7892507076263428,0.298046875,0.4130407333374023,0.9207351893186569,0.03137257695198059,0.03689633086323738,0.6979140430688858,0.7780663013458252,0.005540701746940657,0.16632988750934596,nan,0.0,nan,0.0,0
19,352,6688,0.22005681818181821,1480,1.5924083587285636,0.39594594546266504,0.750996204646858,0.7774374623556395,0.29662162226599614,0.4352618344732233,0.9160215838535412,0.03137257695198059,0.03513702327335203,0.6907580221021498,0.7780663013458252,0.027070096698967205,0.16632988750934596,nan,0.0,nan,0.0,0
20,20,6708,0.21892045454545453,2560,1.5768584847450255,0.395703125,0.7640841513872146,0.7818627923727035,0.29296875,0.429046930372715,0.9140556454658508,0.03137257695198059,0.033391434233635664,0.6855818510055542,0.7731853544712066,0.009101203083991982,0.16632988750934596,nan,0.0,nan,0.0,0
20,40,6728,0.21778409090909087,2560,1.5479593336582185,0.419921875,0.7676507711410523,0.78514723777771,0.2953125,0.4309881433844566,0.9201642572879791,0.03137257695198059,0.038622952066361904,0.6996384412050247,0.7725255995988846,0.00487482845783227,0.16632988750934596,nan,0.0,nan,0.0,0
20,60,6748,0.21664772727272727,2560,1.5579987823963166,0.405078125,0.7694367915391922,0.7885638147592544,0.295703125,0.43063716441392896,0.9252231866121292,0.03137257695198059,0.035080456361174586,0.6910840392112731,0.7676507711410523,-0.0017860203981399092,0.16632988750934596,nan,0.0,0.3125,0.3645795000047656,0
20,80,6768,0.2155113636363636,2560,1.5856615245342254,0.39453125,0.779948377609253,0.793622475862503,0.292578125,0.43715352565050125,0.9139704614877701,0.03137257695198059,0.03744023609906435,0.6965394228696823,0.7676507711410523,-0.012297606468200661,0.16632988750934596,nan,0.0,nan,0.0,0
20,100,6788,0.214375,2560,1.5655469715595245,0.411328125,0.7677112609148026,0.7897480219602585,0.28359375,0.42345219403505324,0.9184987604618072,0.03137257695198059,0.03443342177197337,0.6865976125001907,0.7676507711410523,-6.048977375028297e-05,0.16632988750934596,nan,0.0,nan,0.0,0
20,120,6808,0.21323863636363632,2560,1.5656622111797334,0.402734375,0.7555768132209778,0.7824241846799851,0.297265625,0.4169692203402519,0.9201075404882431,0.03137257695198059,0.034473889600485565,0.6864275664091111,0.7677112609148026,0.012134447693824768,0.16632988750934596,nan,0.0,nan,0.0,0
20,140,6828,0.21210227272727272,2560,1.5713825583457948,0.39765625,0.7725927293300628,0.7935341119766235,0.28046875,0.4288146957755089,0.9235812038183212,0.03137257695198059,0.034227121621370316,0.6855946958065033,0.7677112609148026,-0.0048814684152602705,0.16632988750934596,nan,0.0,nan,0.0,0
20,160,6848,0.21096590909090907,2560,1.5545096218585968,0.41015625,0.7638735830783844,0.7808741450309753,0.27265625,0.4346212387084961,0.9192015528678894,0.03137257695198059,0.038738133199512956,0.7018817365169525,0.7694367915391922,0.0055632084608078225,0.16632988750934596,nan,0.0,0.2890625,0.36969849999877624,0
20,180,6868,0.20982954545454546,2560,1.549902319908142,0.40703125,0.7658725440502167,0.78935726583004,0.2875,0.42555084079504013,0.923332741856575,0.03137257695198059,0.034656517393887046,0.6881219893693924,0.7677112609148026,0.0018387168645859209,0.16632988750934596,nan,0.0,nan,0.0,0
20,200,6888,0.20869318181818178,2560,1.5531491219997406,0.401953125,0.7689936697483063,0.7883253872394562,0.29609375,0.42521167993545533,0.9192371606826782,0.03137257695198059,0.036010398715734485,0.6935940951108932,0.7658725440502167,-0.003121125698089644,0.16632988750934596,nan,0.0,nan,0.0,0
20,220,6908,0.20755681818181818,2560,1.5734149873256684,0.40234375,0.7630854547023773,0.7849081933498383,0.283203125,0.4196599215269089,0.9161853939294815,0.03137257695198059,0.03679591193795204,0.6961071223020554,0.7658725440502167,0.0027870893478393333,0.16632988750934596,nan,0.0,nan,0.0,0
20,240,6928,0.20642045454545452,2560,1.555725061893463,0.40546875,0.7591732531785965,0.7843184381723404,0.284765625,0.43500994741916654,0.9225024163722992,0.03137257695198059,0.03203122159466147,0.6808341890573502,0.7658725440502167,0.006699290871620134,0.16632988750934596,nan,0.0,nan,0.0,0
20,260,6948,0.20528409090909092,2560,1.5612163424491883,0.40390625,0.7515328675508499,0.7821988612413406,0.29765625,0.4223710268735886,0.9186691522598267,0.03137257695198059,0.03444242561236024,0.689912524819374,0.7638735830783844,0.012340715527534463,0.16632988750934596,nan,0.0,0.390625,0.37215359999390785,0
20,280,6968,0.20414772727272726,2560,1.5634654581546783,0.386328125,0.7194963365793228,0.7704235345125199,0.284765625,0.4133376032114029,0.9259657800197602,0.03137257695198059,0.030751196946948767,0.6759517848491668,0.7630854547023773,0.04358911812305455,0.16632988750934596,nan,0.0,nan,0.0,0
20,300,6988,0.20301136363636366,2560,1.5338413715362549,0.411328125,0.715191712975502,0.7664338678121567,0.2875,0.42642694115638735,0.9179392784833909,0.03137257695198059,0.03115468379110098,0.6768505424261093,0.7591732531785965,0.04398154020309453,0.16632988750934596,nan,0.0,nan,0.0,0
20,320,7008,0.20187499999999997,2560,1.536039000749588,0.417578125,0.6773937106132507,0.7599341243505477,0.27421875,0.4126082718372345,0.9178817868232727,0.03137257695198059,0.02921909959986806,0.6736407518386841,0.7515328675508499,0.0741391569375992,0.16632988750934596,nan,0.0,nan,0.0,0
20,340,7028,0.20073863636363637,2560,1.5330821394920349,0.41171875,0.672578164935112,0.7640374720096588,0.30234375,0.4472027212381363,0.9184986323118209,0.03137257695198059,0.02922252332791686,0.671300420165062,0.7194963365793228,0.04691817164421075,0.16632988750934596,nan,0.0,nan,0.0,0
20,352,7040,0.20005681818181814,1480,1.5829980818001,0.38918918951137643,0.6902648117091205,0.7688199681204718,0.2878378384822124,0.4240067024488707,0.9196636805663237,0.03137257695198059,0.030517102777957918,0.6760360012183319,0.715191712975502,0.02492690126638153,0.16632988750934596,nan,0.0,0.2890625,0.38181779999285936,0
21,20,7060,0.19892045454545454,2560,1.5477061986923217,0.41640625,0.713968938589096,0.7750436395406723,0.2953125,0.42846534252166746,0.9221098721027374,0.03137257695198059,0.03289792938157916,0.6860477507114411,0.6902648117091205,-0.023704126879975584,0.16632988750934596,nan,0.0,nan,0.0,0
21,40,7080,0.19778409090909088,2560,1.5281850397586823,0.423046875,0.6917236477136612,0.7724111080169678,0.270703125,0.4392526179552078,0.9192562252283096,0.03137257695198059,0.03222780087962747,0.6842347025871277,0.6902648117091205,-0.0014588360045407756,0.16632988750934596,nan,0.0,nan,0.0,0
21,60,7100,0.19664772727272728,2560,1.5704992353916167,0.394921875,0.6995743840932847,0.7647515833377838,0.29609375,0.4230402231216431,0.9253241419792175,0.03137257695198059,0.03608900457620621,0.6938778132200241,0.6902648117091205,-0.009309572384164189,0.16632988750934596,nan,0.0,nan,0.0,0
21,80,7120,0.1955113636363636,2560,1.4845968723297118,0.432421875,0.6227221325039863,0.745026171207428,0.287890625,0.42616891413927077,0.9172305047512055,0.03137257695198059,0.028766474779695274,0.6680851638317108,0.6917236477136612,0.0690015152096749,0.16632988750934596,nan,0.0,nan,0.0,0
21,100,7140,0.194375,2560,1.5137249529361725,0.419140625,0.603715731203556,0.7547790765762329,0.263671875,0.4108708739280701,0.9175996363162995,0.03137257695198059,0.026709210127592087,0.6643446773290634,0.6917236477136612,0.0880079165101052,0.16632988750934596,nan,0.0,0.3046875,0.37602589999733027,0
21,120,7160,0.19323863636363633,2560,1.4241503298282623,0.454296875,0.41040551513433454,0.7147290766239166,0.266015625,0.3977122828364372,0.9240800410509109,0.03137257695198059,0.023053422337397933,0.6448441565036773,0.6917236477136612,0.2813181325793267,0.16632988750934596,nan,0.0,0.359375,0.3817077999992762,1
21,140,7180,0.19210227272727273,2560,1.5192929923534393,0.426171875,0.38871620744466784,0.7292091608047485,0.2703125,0.42420054972171783,0.9256555080413819,0.03137257695198059,0.021199165424332023,0.6317714750766754,0.6227221325039863,0.2340059250593185,0.16632988750934596,nan,0.0,0.2265625,0.373156800007564,1
21,160,7200,0.19096590909090908,2560,1.499860119819641,0.4265625,0.4462674491107464,0.7264950007200242,0.28828125,0.42707049250602724,0.9240501582622528,0.03137257695198059,0.027040208224207163,0.6534618586301804,0.603715731203556,0.15744828209280964,0.16632988750934596,nan,0.0,0.34375,0.37430029999813996,0
21,180,7220,0.18982954545454547,2560,1.5878010869026185,0.383203125,0.7700191766023636,0.7838000148534775,0.298046875,0.42678048759698867,0.9173375636339187,0.03137257695198059,0.04049991704523563,0.7042398810386657,0.4462674491107464,-0.32375172749161724,0.16632988750934596,nan,0.0,0.3125,0.369890400004806,0
21,200,7240,0.1886931818181818,2560,1.5606954157352448,0.405078125,0.7655751883983613,0.7811088740825654,0.29140625,0.4308822020888329,0.9225595027208329,0.03137257695198059,0.038057420402765274,0.6983660072088241,0.4462674491107464,-0.31930773928761486,0.16632988750934596,nan,0.0,0.3125,0.3694504000013694,0
21,220,7260,0.18755681818181819,2560,1.5412932097911836,0.41015625,0.7742062866687774,0.7822429805994033,0.2875,0.4158793166279793,0.9195062190294265,0.03137257695198059,0.03822465892881155,0.697605088353157,0.4462674491107464,-0.32793883755803105,0.16632988750934596,nan,0.0,nan,0.0,0
21,240,7280,0.18642045454545453,2560,1.5349723100662231,0.415625,0.754908537864685,0.7746250331401825,0.290234375,0.45030601918697355,0.91982182264328,0.03137257695198059,0.036993899196386335,0.6957257837057114,0.7655751883983613,0.010666650533676214,0.16632988750934596,nan,0.0,nan,0.0,0
21,260,7300,0.18528409090909093,2560,1.556532859802246,0.41640625,0.7753111690282821,0.7866834163665771,0.299609375,0.44038417637348176,0.9220596492290497,0.03137257695198059,0.03853941112756729,0.7002792567014694,0.7655751883983613,-0.00973598062992087,0.16632988750934596,nan,0.0,nan,0.0,0
21,280,7320,0.18414772727272724,2560,1.5385097801685332,0.41484375,0.7650982350111007,0.7863196283578873,0.29765625,0.4511866167187691,0.9262517482042313,0.03137257695198059,0.03936772122979164,0.7011327773332596,0.7700191766023636,0.004920941591262884,0.16632988750934596,nan,0.0,nan,0.0,0
21,300,7340,0.18301136363636364,2560,1.5446291387081146,0.418359375,0.7632672160863876,0.781907930970192,0.286328125,0.43976584523916246,0.9202414453029633,0.03137257695198059,0.039762261882424356,0.7032018631696701,0.7655751883983613,0.0023079723119736606,0.16632988750934596,nan,0.0,0.3359375,0.3720564000104787,0
21,320,7360,0.18187499999999998,2560,1.5572134733200074,0.401171875,0.748758727312088,0.7804025173187256,0.277734375,0.4233574941754341,0.9227855831384659,0.03137257695198059,0.032892057299613954,0.6846965253353119,0.7650982350111007,0.016339507699012712,0.16632988750934596,nan,0.0,nan,0.0,0
21,340,7380,0.18073863636363638,2560,1.5367100358009338,0.421875,0.7245972067117691,0.7680262416601181,0.280859375,0.4162872225046158,0.9212355494499207,0.03137257695198059,0.029784322530031205,0.6746949553489685,0.7632672160863876,0.03867000937461851,0.16632988750934596,nan,0.0,nan,0.0,0
21,352,7392,0.18005681818181815,1480,1.4934680661639652,0.43175675691785037,0.7250030788215431,0.7747945936950478,0.2932432434043369,0.4266416415974901,0.9146651786726874,0.03137257695198059,0.03274740597887619,0.68282534528423,0.7632672160863876,0.038264137264844456,0.16632988750934596,nan,0.0,nan,0.0,0
22,20,7412,0.17892045454545455,2560,1.4728851974010468,0.43203125,0.6824648082256317,0.7597906947135925,0.291015625,0.4249053806066513,0.9182211726903915,0.03137257695198059,0.029786949139088394,0.6742691785097122,0.748758727312088,0.06629391908645632,0.16632988750934596,nan,0.0,nan,0.0,0
22,40,7432,0.1777840909090909,2560,1.5426640629768371,0.41484375,0.7161714494228363,0.7692805141210556,0.284765625,0.45386419594287875,0.9172411829233169,0.03137257695198059,0.03533711526542902,0.6925481706857681,0.7250030788215431,0.008831629398706853,0.16632988750934596,nan,0.0,0.390625,0.38196549999702256,0
22,60,7452,0.1766477272727273,2560,1.4970522582530976,0.423046875,0.7090735971927643,0.7673919916152954,0.2984375,0.42028639018535613,0.9215547144412994,0.03137257695198059,0.03176205791532993,0.6819385290145874,0.7245972067117691,0.015523609519004777,0.16632988750934596,nan,0.0,nan,0.0,0
22,80,7472,0.1755113636363636,2560,1.494032484292984,0.423046875,0.6624054610729218,0.7574043422937393,0.292578125,0.43735459446907043,0.923820772767067,0.03137257695198059,0.033206515572965146,0.6852855086326599,0.7161714494228363,0.05376598834991453,0.16632988750934596,nan,0.0,nan,0.0,0
22,100,7492,0.174375,2560,1.5202720224857331,0.426953125,0.6677033275365829,0.7647305995225906,0.280078125,0.43204493820667267,0.9250338435173034,0.03137257695198059,0.03212587106972933,0.6844242662191391,0.7090735971927643,0.0413702696561814,0.16632988750934596,nan,0.0,nan,0.0,0
22,120,7512,0.17323863636363634,2560,1.506841093301773,0.424609375,0.7009869456291199,0.7760542720556259,0.2875,0.4328181207180023,0.9188032984733582,0.03137257695198059,0.03060835339128971,0.6783356130123138,0.6824648082256317,-0.01852213740348818,0.16632988750934596,nan,0.0,nan,0.0,0
22,140,7532,0.17210227272727274,2560,1.5024568498134614,0.435546875,0.566339185833931,0.7349990993738175,0.283203125,0.4329846426844597,0.9293483942747116,0.03137257695198059,0.0240732342004776,0.6534802049398423,0.7009869456291199,0.13464775979518895,0.16632988750934596,nan,0.0,0.2578125,0.3708432000130415,0
22,160,7552,0.17096590909090906,2560,1.4846919655799866,0.43359375,0.49504867047071455,0.7297706782817841,0.25546875,0.41185918301343916,0.9258309900760651,0.03137257695198059,0.024248843919485806,0.6516950786113739,0.6677033275365829,0.17265465706586836,0.16632988750934596,nan,0.0,0.3046875,0.37046859999827575,1
22,180,7572,0.16982954545454546,2560,1.4082391381263732,0.466015625,0.33841946348547935,0.7019223749637604,0.2421875,0.37227977961301806,0.9200624018907547,0.03137257695198059,0.021891597704961897,0.6356169670820236,0.6624054610729218,0.3239859975874424,0.16632988750934596,nan,0.0,0.1875,0.36950939999951515,1
22,200,7592,0.1686931818181818,2560,1.2114983260631562,0.54453125,0.11271766773425043,0.6147213190793991,0.196484375,0.2836189061403275,0.9149825006723404,0.03137257695198059,0.023204557318240403,0.63987056016922,0.566339185833931,0.45362151809968054,0.16632988750934596,nan,0.0,0.171875,0.36852260000887327,1
22,220,7612,0.1675568181818182,2560,1.1063189953565598,0.605078125,0.04468662068247795,0.5566112697124481,0.144921875,0.2117450565099716,0.9136256158351899,0.03137257695198059,0.029501381423324348,0.6658434718847275,0.49504867047071455,0.4503620497882366,0.16632988750934596,nan,0.0,0.1171875,0.3737706999963848,1
22,240,7632,0.16642045454545454,2560,1.134169238805771,0.575,0.043883436871692535,0.5631600946187973,0.1640625,0.24585134088993071,0.9164987146854401,0.03137257695198059,0.035313750803470614,0.6869406789541245,0.33841946348547935,0.2945360266137868,0.16632988750934596,nan,0.0,0.046875,0.3753937000001315,1
22,260,7652,0.16528409090909094,2560,0.998906260728836,0.64140625,0.021161203924566507,0.5284935176372528,0.129296875,0.14531381046399475,0.9161731988191605,0.03137257695198059,0.03784593027085066,0.6964617908000946,0.11271766773425043,0.09155646380968392,0.16632988750934596,nan,0.0,0.046875,0.38049079998745583,0
22,280,7672,0.16414772727272725,2560,0.9279536485671998,0.662890625,0.01629587190691382,0.5169703349471092,0.14765625,0.10498179295100271,0.9120534509420395,0.03137257695198059,0.044796737655997274,0.7165281921625137,0.04468662068247795,0.028390748775564134,0.16632988750934596,nan,0.0,0.03125,0.3783296000037808,0
22,300,7692,0.16301136363636365,2560,1.091839548945427,0.605859375,0.02760842804564163,0.5296590358018876,0.121875,0.18431015349924565,0.9148781001567841,0.03137257695198059,0.04134633149951696,0.7063250869512558,0.043883436871692535,0.016275008826050905,0.16632988750934596,nan,0.0,0.0078125,0.36980339999718126,0
22,320,7712,0.161875,2560,0.9305566728115082,0.67734375,0.017592548008542506,0.5164058834314347,0.143359375,0.06251525362022221,0.9133646816015244,0.03137257695198059,0.03545192861929536,0.6925397187471389,0.02760842804564163,0.010015880037099124,0.16632988750934596,nan,0.0,nan,0.0,0
22,340,7732,0.1607386363636364,2560,0.8032876640558243,0.703125,0.005122178694000468,0.5047340571880341,0.173046875,-0.05504167883191258,0.9119991451501847,0.03137257695198059,0.03203871930018067,0.685015931725502,0.021161203924566507,0.016039025230566037,0.16632988750934596,nan,0.0,0.0,0.3744197000050917,0
22,352,7744,0.16005681818181816,1480,0.948497016687651,0.68040540604978,0.004390921061103409,0.5139895036413863,0.16554054058081394,0.039959868224891455,0.9100113137348278,0.03137257695198059,0.031036090508506104,0.6768294530945855,0.017592548008542506,0.013201626947439097,0.16632988750934596,nan,0.0,nan,0.0,0
23,20,7764,0.15892045454545456,2560,0.7917356222867966,0.74140625,0.00784750918392092,0.5072615459561348,0.198828125,-0.12423719502985478,0.910041069984436,0.03137257695198059,0.030720576364547014,0.6770952254533767,0.01629587190691382,0.008448362722992899,0.16632988750934596,nan,0.0,nan,0.0,0
23,40,7784,0.15778409090909087,2560,0.8191535979509353,0.712890625,0.009048589610029013,0.5105529963970185,0.20390625,-0.09929899801500142,0.9125070065259934,0.03137257695198059,0.029277728497982027,0.6731932908296585,0.00784750918392092,-0.0012010804261080935,0.16632988750934596,nan,0.0,nan,0.0,0
23,60,7804,0.15664772727272727,2560,0.9931140571832657,0.661328125,0.015153985330834984,0.5198327586054802,0.1921875,0.0860551088117063,0.9129130184650421,0.03137257695198059,0.02198599623516202,0.6412815928459168,0.00784750918392092,-0.007306476146914065,0.16632988750934596,nan,0.0,nan,0.0,0
23,80,7824,0.15551136363636361,2560,0.7222813710570335,0.771484375,0.007933440525084734,0.5098208263516426,0.207421875,-0.16936954753473402,0.9112241297960282,0.03137257695198059,0.025662776734679937,0.6637421309947967,0.00784750918392092,-8.593134116381511e-05,0.16632988750934596,nan,0.0,0.0078125,0.37330829999700654,0
23,100,7844,0.154375,2560,0.5889765217900276,0.807421875,-0.005357417062623426,0.5011765927076339,0.2453125,-0.36880378182977436,0.9131795465946198,0.03137257695198059,0.032133511081337926,0.6915507853031159,0.007933440525084734,0.01329085758770816,0.16632988750934596,nan,0.0,nan,0.0,0
23,120,7864,0.15323863636363635,2560,0.7108777433633804,0.7671875,0.014540059491991997,0.508027283847332,0.2703125,-0.40078490450978277,0.911203145980835,0.03137257695198059,0.029930864926427603,0.6803904980421066,0.007933440525084734,-0.0066066189669072625,0.16632988750934596,nan,0.0,nan,0.0,0
23,140,7884,0.15210227272727275,2560,0.7316145449876785,0.751171875,-0.0030283300729934126,0.5117213070392609,0.266796875,-0.3108593275770545,0.9133780330419541,0.03137257695198059,0.029427476972341538,0.6838436096906662,0.009048589610029013,0.012076919683022425,0.16632988750934596,nan,0.0,nan,0.0,0
23,160,7904,0.15096590909090907,2560,0.7384174346923829,0.75078125,0.011562873318325728,0.500793345272541,0.290625,-0.32516241520643235,0.9131703913211823,0.03137257695198059,0.029178528394550086,0.6815889954566956,0.007933440525084734,-0.003629432793240994,0.16632988750934596,nan,0.0,nan,0.0,0
23,180,7924,0.14982954545454547,2560,0.5721091762185097,0.8125,0.0021522545954212545,0.511436103284359,0.26484375,-0.39331602305173874,0.9153092861175537,0.03137257695198059,0.03235135693103075,0.693107083439827,0.007933440525084734,0.005781185929663479,0.16632988750934596,nan,0.0,0.0,0.3757315999973798,0
23,200,7944,0.1486931818181818,2560,0.6525159031152725,0.7875,0.011959029419813305,0.5006558895111084,0.262109375,-0.4143150523304939,0.9140644252300263,0.03137257695198059,0.030581795237958433,0.6885580450296402,0.0021522545954212545,-0.00980677482439205,0.16632988750934596,nan,0.0,nan,0.0,0
23,220,7964,0.1475568181818182,2560,0.5673824772238731,0.804296875,0.0025470298947766422,0.5079976588487625,0.276171875,-0.430137687548995,0.9144300043582916,0.03137257695198059,0.02887526946142316,0.6900282680988312,0.011562873318325728,0.009015843423549086,0.16632988750934596,nan,0.0,nan,0.0,0
23,240,7984,0.14642045454545452,2560,0.5582997009158135,0.82265625,0.009540294669568539,0.5068490520119667,0.2765625,-0.47367060706019404,0.9138766199350357,0.03137257695198059,0.028534348215907814,0.6836304038763046,0.0025470298947766422,-0.006993264774791896,0.16632988750934596,nan,0.0,nan,0.0,0
23,260,8004,0.14528409090909092,2560,0.4492371216416359,0.860546875,0.0005298113217577338,0.5024295970797539,0.296875,-0.5619585320353508,0.9145129054784775,0.03137257695198059,0.032941156439483164,0.6991572976112366,0.009540294669568539,0.009010483347810806,0.16632988750934596,nan,0.0,nan,0.0,0
23,280,8024,0.14414772727272726,2560,0.5048302933573723,0.838671875,0.007260100543498993,0.5048070460557937,0.3109375,-0.5906341925263405,0.912221047282219,0.03137257695198059,0.03629603050649166,0.7099482625722885,0.0025470298947766422,-0.00471307064872235,0.16632988750934596,nan,0.0,0.0,0.37507429999823216,0
23,300,8044,0.14301136363636366,2560,0.6388553351163864,0.7890625,0.005347095057368278,0.506310161948204,0.27734375,-0.4346312806010246,0.9146605342626571,0.03137257695198059,0.03393172081559896,0.7035785436630249,0.007260100543498993,0.0019130054861307144,0.16632988750934596,nan,0.0,nan,0.0,0
23,320,8064,0.141875,2560,0.4835667014122009,0.8375,-0.0021014865953475235,0.5080489009618759,0.29375,-0.5271853059530258,0.9130176782608033,0.03137257695198059,0.029612079076468945,0.6913750231266022,0.005347095057368278,0.007448581652715802,0.16632988750934596,nan,0.0,nan,0.0,0
23,340,8084,0.1407386363636364,2560,0.5608243405818939,0.815234375,-0.003464203339535743,0.49980228692293166,0.284375,-0.4403369382023811,0.9129430383443833,0.03137257695198059,0.03303273022174835,0.6975430846214294,0.005347095057368278,0.008811298396904022,0.16632988750934596,nan,0.0,nan,0.0,0
23,352,8096,0.14005681818181817,1480,0.6760476898502659,0.7729729745839093,0.011096698539079847,0.5205878866685404,0.23581081105245127,-0.26530694872946353,0.9105323868828851,0.031372576770750255,0.03227732475544955,0.6959696028683636,0.0005298113217577338,-0.010566887217322114,0.16632988750934596,nan,0.0,nan,0.0,0
24,20,8116,0.13892045454545457,2560,0.6463004291057587,0.784375,0.007205451535992324,0.5036716625094414,0.22578125,-0.2298227246850729,0.9135888576507568,0.03137257695198059,0.03283403627574444,0.6971905648708343,0.005347095057368278,-0.001858356478624046,0.16632988750934596,nan,0.0,0.0,0.3773092000046745,0
24,40,8136,0.13778409090909088,2560,0.48366288989782336,0.84453125,0.0026331888744607567,0.5048423871397972,0.240625,-0.41817212030291556,0.912405925989151,0.03137257695198059,0.025299756042659282,0.672192856669426,0.005347095057368278,0.0027139061829075215,0.16632988750934596,nan,0.0,nan,0.0,0
24,60,8156,0.13664772727272728,2560,0.3567739725112915,0.884375,0.00046446359483525156,0.5042485743761063,0.27109375,-0.5868078649044037,0.9135783106088639,0.03137257695198059,0.028932652436196804,0.6891585528850556,0.0026331888744607567,0.0021687252796255053,0.16632988750934596,nan,0.0,nan,0.0,0
24,80,8176,0.13551136363636362,2560,0.36929460912942885,0.8859375,0.00024220964405685663,0.5009496197104454,0.303125,-0.7114592015743255,0.9146379053592681,0.03137257695198059,0.03193677132949233,0.6995162576436996,0.0026331888744607567,0.0023909792304039,0.16632988750934596,nan,0.0,nan,0.0,0
24,100,8196,0.13437500000000002,2560,0.3715865761041641,0.8796875,-0.0028989198443014176,0.5039442881941796,0.290625,-0.6520489290356636,0.9138117671012879,0.03137257695198059,0.03208830151706934,0.6981771916151047,0.0026331888744607567,0.005532108718762174,0.16632988750934596,nan,0.0,nan,0.0,0
24,120,8216,0.13323863636363634,2560,0.3859457790851593,0.873828125,-0.00031379590509459374,0.5077858120203018,0.28828125,-0.6428668826818467,0.9152154564857483,0.03137257695198059,0.03279703445732594,0.7027156263589859,0.00046446359483525156,0.0007782594999298452,0.16632988750934596,nan,0.0,0.0,0.37795399999595247,0
24,140,8236,0.13210227272727273,2560,0.4964680030941963,0.842578125,0.0008584137307479977,0.5088487178087234,0.2890625,-0.5482623651623726,0.9145851343870163,0.03137257695198059,0.03200344601646066,0.7029242098331452,0.00024220964405685663,-0.0006162040866911411,0.16632988750934596,nan,0.0,nan,0.0,0
24,160,8256,0.13096590909090908,2560,0.38883778899908067,0.878515625,-0.0001869901781901717,0.49890062510967254,0.281640625,-0.5795466899871826,0.9138219445943833,0.03137257695198059,0.03316512703895569,0.69966741502285,0.00024220964405685663,0.00042919982224702834,0.16632988750934596,nan,0.0,nan,0.0,0
24,180,8276,0.12982954545454548,2560,0.38994596600532533,0.88125,0.003616792522370815,0.5040671184659005,0.306640625,-0.6765780404210091,0.9141414821147918,0.03137257695198059,0.036838681623339656,0.7139515668153763,-0.0001869901781901717,-0.0038037827005609867,0.16632988750934596,nan,0.0,nan,0.0,0
24,200,8296,0.12869318181818182,2560,0.40774122402071955,0.87734375,-0.00026365001685917376,0.505850487947464,0.307421875,-0.6459449857473374,0.9161853969097138,0.03137257695198059,0.028613945469260216,0.6889764219522476,-0.0001869901781901717,7.665983866900206e-05,0.16632988750934596,nan,0.0,nan,0.0,0
24,220,8316,0.12755681818181822,2560,0.3930347576737404,0.868359375,-0.01735984249971807,0.5007375240325928,0.271484375,-0.5464021265506744,0.9152585536241531,0.03137257695198059,0.03329273695126176,0.6977996438741684,-0.0001869901781901717,0.017172852321527897,0.16632988750934596,nan,0.0,0.0,0.3729259999963688,0
24,240,8336,0.12642045454545453,2560,0.36817296147346495,0.88359375,0.004308535507880152,0.5054125666618348,0.283984375,-0.6310787960886955,0.9144211024045944,0.03137257695198059,0.03607249213382602,0.7107982754707336,-0.0001869901781901717,-0.004495525686070323,0.16632988750934596,nan,0.0,nan,0.0,0
24,260,8356,0.12528409090909093,2560,0.4158173531293869,0.87109375,-0.001637003745418042,0.49968695640563965,0.331640625,-0.7700620800256729,0.9148627161979676,0.03137257695198059,0.03515146933495998,0.7102911859750748,-0.0001869901781901717,0.0014500135672278701,0.16632988750934596,nan,0.0,nan,0.0,0
24,280,8376,0.12414772727272727,2560,0.3190316826105118,0.89921875,-0.013113393739331514,0.49596724659204483,0.317578125,-0.8131881654262543,0.9158657282590866,0.03137257695198059,0.03571466095745564,0.7071525603532791,-0.00026365001685917376,0.01284974372247234,0.16632988750934596,nan,0.0,nan,0.0,0
24,300,8396,0.12301136363636367,2560,0.29962583221495154,0.908984375,-0.01277552394894883,0.5033251598477364,0.32890625,-0.8600756227970123,0.9144837856292725,0.03137257695198059,0.03924429416656494,0.7203006088733673,-0.001637003745418042,0.011138520203530788,0.16632988750934596,nan,0.0,nan,0.0,0
24,320,8416,0.121875,2560,0.2946648791432381,0.90390625,-9.43292398005724e-06,0.5029935345053673,0.30234375,-0.7287492692470551,0.9151157557964325,0.03137257695198059,0.03963952399790287,0.7226264506578446,-0.01277552394894883,-0.012766091024968772,0.16632988750934596,nan,0.0,0.0,0.37549640001088846,0
24,340,8436,0.12073863636363633,2560,0.32854319736361504,0.892578125,0.004344382669660263,0.5028207287192344,0.292578125,-0.7190032079815865,0.9149002313613892,0.03137257695198059,0.04144387450069189,0.7302119851112365,-0.001637003745418042,-0.005981386415078305,0.16632988750934596,nan,0.0,nan,0.0,0
24,352,8448,0.12005681818181817,1480,0.3215109875878772,0.8952702693037085,-0.008651245254519824,0.49487547777794505,0.312162162242709,-0.749586739089038,0.9170821637720675,0.03137257695198059,0.04521703017321793,0.7335562174384659,-0.001637003745418042,0.007014241509101782,0.16632988750934596,nan,0.0,nan,0.0,0
25,20,8468,0.11892045454545457,2560,0.3162394776940346,0.900390625,-0.00010117834899574518,0.5065672710537911,0.34296875,-0.8558613955974579,0.9142768979072571,0.03137257695198059,0.04143591951578855,0.7194657474756241,-0.008651245254519824,-0.008550066905524078,0.16632988750934596,nan,0.0,nan,0.0,0
25,40,8488,0.1177840909090909,2560,0.647735883295536,0.7984375,-0.01576292219106108,0.5109359934926033,0.3453125,-0.5951163534075021,0.9162883937358857,0.03137257695198059,0.030589755997061728,0.6788103818893433,-0.00010117834899574518,0.015661743842065333,0.16632988750934596,nan,0.0,nan,0.0,0
25,60,8508,0.11664772727272729,2560,0.7347802981734276,0.7625,-0.013372991641517729,0.5145830914378167,0.29453125,-0.3552433095872402,0.9142503350973129,0.03137257695198059,0.03532024938613176,0.6958725869655609,-0.00010117834899574518,0.013271813292521983,0.16632988750934596,nan,0.0,0.0,0.3664514000120107,0
25,80,8528,0.11551136363636362,2560,0.468444199860096,0.853125,-0.0067869390768464655,0.5024083614349365,0.34140625,-0.6983133822679519,0.9123395532369614,0.03137257695198059,0.03245651638135314,0.6900222808122635,-0.008651245254519824,-0.0018643061776733583,0.16632988750934596,nan,0.0,nan,0.0,0
25,100,8548,0.11437500000000002,2560,0.41155167669057846,0.86796875,-0.01039242657716386,0.5016099452972412,0.362109375,-0.8856271669268608,0.9148302912712097,0.03137257695198059,0.0366642240434885,0.6983486920595169,-0.008651245254519824,0.0017411813226440361,0.16632988750934596,nan,0.0,nan,0.0,0
25,120,8568,0.11323863636363635,2560,0.3733792133629322,0.88203125,-0.01741980416700244,0.5007106959819794,0.355078125,-0.853160810470581,0.9164173364639282,0.03137257695198059,0.04866796862334013,0.7229288905858994,-0.01039242657716386,0.00702737758983858,0.16632988750934596,nan,0.0,nan,0.0,0
25,140,8588,0.11210227272727276,2560,0.28450627252459526,0.914453125,-0.006366013485239819,0.4978384867310524,0.34453125,-0.8639910012483597,0.917236602306366,0.03137257695198059,0.04683418199419975,0.7257196992635727,-0.013372991641517729,-0.0070069781562779095,0.16632988750934596,nan,0.0,nan,0.0,0
25,160,8608,0.11096590909090909,2560,0.34272767826914785,0.8953125,-0.004478491423651576,0.5035293728113175,0.363671875,-1.0764050662517548,0.9133080929517746,0.03137257695198059,0.05181682575494051,0.73218874335289,-0.01039242657716386,-0.005913935153512284,0.16632988750934596,nan,0.0,0.0,0.3731982000026619,0
25,180,8628,0.10982954545454549,2560,0.30766293928027155,0.90234375,-0.010583133279578761,0.49916243404150007,0.404296875,-1.1461048603057862,0.9157080560922622,0.03137257695198059,0.045422378741204736,0.7206358522176742,-0.0067869390768464655,0.0037961942027322955,0.16632988750934596,nan,0.0,nan,0.0,0
25,200,8648,0.10869318181818181,2560,0.3485022738575935,0.88359375,-0.006688538147136569,0.49660938084125517,0.406640625,-1.1509968608617782,0.914580687880516,0.03137257695198059,0.055288387835025786,0.7395805925130844,-0.01039242657716386,-0.0037038884300272905,0.16632988750934596,nan,0.0,nan,0.0,0
25,220,8668,0.10755681818181821,2560,0.3240539237856865,0.89140625,-0.00873775186482817,0.4964583232998848,0.39296875,-1.107255259156227,0.9154004693031311,0.03137257695198059,0.05348238218575716,0.7382660984992981,-0.006688538147136569,0.0020492137176916,0.16632988750934596,nan,0.0,nan,0.0,0
25,240,8688,0.10642045454545454,2560,0.31886647641658783,0.89453125,-0.010037859005387872,0.49988774061203,0.376171875,-1.02079176902771,0.9138730585575103,0.03137257695198059,0.052653517574071884,0.7376122057437897,-0.006688538147136569,0.0033493208582513027,0.16632988750934596,nan,0.0,nan,0.0,0
25,260,8708,0.10528409090909087,2560,0.3349849320948124,0.88671875,-0.01320542263565585,0.4956357374787331,0.377734375,-1.0264219760894775,0.9172071009874344,0.03137257695198059,0.05233875475823879,0.7379493772983551,-0.00873775186482817,0.004467670770827681,0.16632988750934596,nan,0.0,0.0,0.3752548999909777,0
25,280,8728,0.10414772727272727,2560,0.31552148312330247,0.900390625,-0.0048173092247452585,0.504557691514492,0.3484375,-0.9623251557350159,0.9143807977437973,0.03137257695198059,0.06180542316287756,0.7529628664255142,-0.010037859005387872,-0.005220549780642614,0.16632988750934596,nan,0.0,nan,0.0,0
25,300,8748,0.10301136363636361,2560,0.26763392686843873,0.918359375,-0.013317232072586194,0.4923407346010208,0.380078125,-1.0568208605051042,0.9149672359228134,0.03137257695198059,0.06531195156276226,0.7588207006454468,-0.00873775186482817,0.004579480207758025,0.16632988750934596,nan,0.0,nan,0.0,0
25,320,8768,0.10187500000000001,2560,0.32882956862449647,0.894140625,-0.011611336795613169,0.4981461986899376,0.356640625,-1.0211007088422774,0.9146977990865708,0.03137257695198059,0.05660340804606676,0.7461457550525665,-0.010037859005387872,0.0015734777902252969,0.16632988750934596,nan,0.0,nan,0.0,0
25,340,8788,0.10073863636363634,2560,0.2961427479982376,0.89921875,-0.00658808033913374,0.5052793011069298,0.37421875,-1.0656946033239365,0.9156974941492081,0.03137257695198059,0.05102245416492224,0.7362737417221069,-0.011611336795613169,-0.005023256456479429,0.16632988750934596,nan,0.0,nan,0.0,0
25,352,8800,0.10005681818181818,1480,0.29994833727140685,0.8952702705924576,-0.006382762217843855,0.4999437055072269,0.36013513521568197,-0.9909729155334266,0.9141969023524104,0.03137257695198059,0.04373049466191111,0.7187610842086173,-0.011611336795613169,-0.005228574577769314,0.16632988750934596,nan,0.0,0.0,0.37815560000308324,0
26,20,8820,0.09892045454545458,2560,0.3849880822002888,0.872265625,-0.014518188836518675,0.5029590770602226,0.3796875,-0.9782368019223213,0.9148014277219773,0.03137257695198059,0.04370887279510498,0.7204878926277161,-0.00658808033913374,0.007930108497384935,0.16632988750934596,nan,0.0,nan,0.0,0
26,40,8840,0.0977840909090909,2560,0.4396043628454208,0.858984375,-0.009419933427125216,0.500875997543335,0.32890625,-0.7379359945654869,0.9154387354850769,0.03137257695198059,0.041927816532552245,0.7090925663709641,-0.011611336795613169,-0.0021914033684879534,0.16632988750934596,nan,0.0,nan,0.0,0
26,60,8860,0.0966477272727273,2560,0.4625570237636566,0.84375,-0.00986709354328923,0.5028302669525146,0.341796875,-0.7510469451546669,0.9152373164892197,0.03137257695198059,0.025980388280004263,0.654525351524353,-0.009419933427125216,0.00044716011616401444,0.16632988750934596,nan,0.0,nan,0.0,0
26,80,8880,0.09551136363636363,2560,0.6419959753751755,0.792578125,-0.011648681794758886,0.5004506587982178,0.30390625,-0.46118973270058633,0.9148730129003525,0.03137257695198059,0.018150289868935944,0.6225575029850006,-0.009419933427125216,0.002228748367633671,0.16632988750934596,nan,0.0,nan,0.0,0
26,100,8900,0.09437500000000003,2560,0.41780383288860323,0.869140625,-0.009879103786079212,0.5008995205163955,0.315234375,-0.6244306832551956,0.9132661461830139,0.03137257695198059,0.03344062929973006,0.696066015958786,-0.00986709354328923,1.2010242789982362e-05,0.16632988750934596,nan,0.0,0.0,0.3785665000032168,0
26,120,8920,0.09323863636363636,2560,0.35268648713827133,0.887890625,-0.011706365080317482,0.5019760310649872,0.33359375,-0.7676884800195694,0.9156143367290497,0.03137257695198059,0.04238734524697065,0.7225287795066834,-0.009879103786079212,0.0018272612942382693,0.16632988750934596,nan,0.0,nan,0.0,0
26,140,8940,0.09210227272727275,2560,0.29877967685461043,0.901953125,-0.004766281833872199,0.4988816693425179,0.350390625,-0.8562224119901657,0.9150015741586686,0.03137257695198059,0.047933350689709185,0.7320628792047501,-0.009879103786079212,-0.005112821952207013,0.16632988750934596,nan,0.0,nan,0.0,0
26,160,8960,0.09096590909090908,2560,0.28821966275572775,0.90859375,-0.018531022605020552,0.4899166226387024,0.3546875,-0.921154797077179,0.9154656946659088,0.03137257695198059,0.04897238444536924,0.7347944229841232,-0.009879103786079212,0.00865191881894134,0.16632988750934596,nan,0.0,nan,0.0,0
26,180,8980,0.08982954545454543,2560,0.29091124758124354,0.906640625,-0.008586655324324965,0.5054800793528557,0.316796875,-0.7852443426847457,0.9132368952035904,0.03137257695198059,0.04826860949397087,0.7327814340591431,-0.011648681794758886,-0.0030620264704339217,0.16632988750934596,nan,0.0,nan,0.0,0
26,200,9000,0.08869318181818182,2560,0.27461024597287176,0.913671875,-0.0016656479594530538,0.502074447274208,0.330078125,-0.8679957062005996,0.9152782589197159,0.03137257695198059,0.03926912993192673,0.7138018727302551,-0.009879103786079212,-0.008213455826626158,0.16632988750934596,nan,0.0,0.0,0.3756007999909343,0
26,220,9020,0.08755681818181815,2560,0.2776955544948578,0.904296875,-0.003487653459887952,0.501532381772995,0.34921875,-0.9821048766374588,0.9142284572124482,0.03137257695198059,0.04442839324474335,0.7248328626155853,-0.008586655324324965,-0.005099001864437013,0.16632988750934596,nan,0.0,nan,0.0,0
26,240,9040,0.08642045454545455,2560,0.37135750874876977,0.87265625,-0.0052359148394316435,0.49806049317121504,0.330859375,-0.7588574349880218,0.9160273432731628,0.03137257695198059,0.04240058306604624,0.7175446808338165,-0.004766281833872199,0.0004696330055594441,0.16632988750934596,nan,0.0,nan,0.0,0
26,260,9060,0.08528409090909088,2560,0.730600705742836,0.76875,-0.004730790515895933,0.5129487559199333,0.292578125,-0.34198913276195525,0.9134308069944381,0.03137257695198059,0.022433372028172017,0.647097697854042,-0.0052359148394316435,-0.0005051243235357104,0.16632988750934596,nan,0.0,nan,0.0,0
26,280,9080,0.08414772727272728,2560,0.7241601020097732,0.76171875,0.00231043363455683,0.5105715602636337,0.25703125,-0.17427304275333882,0.9134636133909225,0.03137257695198059,0.024036738090217113,0.6468716144561768,-0.004730790515895933,-0.0070412241504527635,0.16632988750934596,nan,0.0,nan,0.0,0
26,300,9100,0.0830113636363636,2560,0.5161449313163757,0.831640625,-0.015565648023039103,0.49672687947750094,0.32421875,-0.5192307591438293,0.9151362329721451,0.03137257695198059,0.0235479143448174,0.6451555043458939,-0.003487653459887952,0.012077994563151152,0.16632988750934596,nan,0.0,0.0,0.3760455000010552,0
26,320,9120,0.081875,2560,0.5296805277466774,0.82578125,0.0009407342004124075,0.509862656891346,0.232421875,-0.28993030935525893,0.9144150018692017,0.03137257695198059,0.017542565939947963,0.619293624162674,-0.004730790515895933,-0.005671524716308341,0.16632988750934596,nan,0.0,nan,0.0,0
26,340,9140,0.08073863636363633,2560,0.44206405580043795,0.85078125,0.00203348706709221,0.5045566722750664,0.24921875,-0.37276685535907744,0.9151138454675675,0.03137257695198059,0.023618061747401952,0.6570660412311554,-0.004730790515895933,-0.006764277582988143,0.16632988750934596,nan,0.0,nan,0.0,0
26,352,9152,0.08005681818181817,1480,0.3785156050243893,0.8702702709146448,-0.0013147975947405842,0.5088653973630957,0.2912162160551226,-0.5173819303512573,0.9179791050988275,0.03137257695198059,0.022459096521944614,0.6507862042736363,0.0009407342004124075,0.002255531795152992,0.16632988750934596,nan,0.0,nan,0.0,0
27,20,9172,0.07892045454545457,2560,0.3229971624910831,0.894140625,-0.008962769154459238,0.5115857616066932,0.300390625,-0.6742221102118492,0.9138037532567977,0.03137257695198059,0.026031071413308383,0.667025500535965,0.0009407342004124075,0.009903503354871645,0.16632988750934596,nan,0.0,nan,0.0,0
27,40,9192,0.0777840909090909,2560,0.2502803422510624,0.915234375,0.0020948718069121242,0.5035979136824608,0.3015625,-0.7923695027828217,0.9147412776947021,0.03137257695198059,0.0296343463473022,0.6844308644533157,-0.0013147975947405842,-0.003409669401652708,0.16632988750934596,nan,0.0,0.0,0.38566489999357145,0
27,60,9212,0.07664772727272724,2560,0.25449352264404296,0.91953125,-0.009760334342718124,0.4973546490073204,0.303125,-0.796639135479927,0.9142500758171082,0.03137257695198059,0.029981778655201196,0.6817469149827957,0.0009407342004124075,0.010701068543130531,0.16632988750934596,nan,0.0,nan,0.0,0
27,80,9232,0.07551136363636364,2560,0.2286804188042879,0.925390625,-0.0026305777253583075,0.5113493785262108,0.285546875,-0.7843704462051392,0.9153053462505341,0.03137257695198059,0.02897650646045804,0.6800384491682052,-0.0013147975947405842,0.0013157801306177234,0.16632988750934596,nan,0.0,nan,0.0,0
27,100,9252,0.07437499999999997,2560,0.243801511824131,0.92265625,-0.0070150545565411445,0.496558903157711,0.301953125,-0.8335305869579315,0.9140977382659912,0.03137257695198059,0.0289311109110713,0.6774458050727844,-0.0026305777253583075,0.004384476831182837,0.16632988750934596,nan,0.0,nan,0.0,0
27,120,9272,0.07323863636363637,2560,0.3208102352917194,0.897265625,-0.008949641440995037,0.5000051021575928,0.323828125,-0.9041745990514756,0.9157066494226456,0.03137257695198059,0.029528454411774874,0.6805691212415695,-0.0070150545565411445,0.0019345868844538924,0.16632988750934596,nan,0.0,nan,0.0,0
27,140,9292,0.0721022727272727,2560,0.35020153000950816,0.884765625,-0.005927448632428422,0.5081352412700653,0.326171875,-0.8503865391016007,0.9159514337778092,0.03137257695198059,0.02467566281557083,0.653063279390335,-0.0070150545565411445,-0.0010876059241127223,0.16632988750934596,nan,0.0,0.0,0.3752507000026526,0
27,160,9312,0.0709659090909091,2560,0.42882451638579366,0.859765625,-0.012709611176978797,0.5069818019866943,0.33671875,-0.6927087843418122,0.9136169642210007,0.03137257695198059,0.02052687117829919,0.6372918128967285,-0.0070150545565411445,0.005694556620437653,0.16632988750934596,nan,0.0,nan,0.0,0
27,180,9332,0.06982954545454542,2560,0.7820311859250069,0.737890625,0.006374323385534808,0.5086542874574661,0.3125,-0.2870653002522886,0.9155168145895004,0.03137257695198059,0.017911920649930836,0.6115747302770614,-0.0070150545565411445,-0.013389377942075953,0.16632988750934596,nan,0.0,nan,0.0,0
27,200,9352,0.06869318181818182,2560,0.8480162739753723,0.7203125,0.030800408869981765,0.5124754801392555,0.217578125,0.059998485376127064,0.9126910090446472,0.03137257695198059,0.014503041049465537,0.5950856536626816,-0.0070150545565411445,-0.03781546342652291,0.16632988750934596,nan,0.0,nan,0.0,0
27,220,9372,0.06755681818181815,2560,0.4763422250747681,0.856640625,-0.0008440419682301581,0.513956344127655,0.187109375,-0.20558390133082866,0.9123512446880341,0.03137257695198059,0.014057647064328193,0.5921236038208008,-0.005927448632428422,-0.0050834066641982645,0.16632988750934596,nan,0.0,nan,0.0,0
27,240,9392,0.06642045454545455,2560,0.42230874598026275,0.867578125,0.021250684326514602,0.5034094646573066,0.239453125,-0.3986930847167969,0.912193450331688,0.03137257695198059,0.01429317481815815,0.5942978292703629,-0.0008440419682301581,-0.022094726294744762,0.16632988750934596,nan,0.0,0.0,0.3754732000088552,0
27,260,9412,0.06528409090909089,2560,0.35635173991322516,0.8828125,0.008245475171133877,0.5041334971785545,0.23671875,-0.44929503798484804,0.9127970606088638,0.03137257695198059,0.01697939671576023,0.6186994284391403,0.006374323385534808,-0.0018711517855990682,0.16632988750934596,nan,0.0,nan,0.0,0
27,280,9432,0.06414772727272729,2560,0.2818418323993683,0.908203125,0.0129674969939515,0.5020819514989853,0.24453125,-0.4859032094478607,0.9123139888048172,0.03137257695198059,0.018431904073804618,0.6261063635349273,0.008245475171133877,-0.004722021822817623,0.16632988750934596,nan,0.0,nan,0.0,0
27,300,9452,0.06301136363636362,2560,0.2888533383607864,0.9078125,0.01946656450163573,0.507906736433506,0.22734375,-0.4952488273382187,0.9131022244691849,0.03137257695198059,0.02154348837211728,0.6481235384941101,0.0129674969939515,-0.006499067507684232,0.16632988750934596,nan,0.0,nan,0.0,0
27,320,9472,0.06187500000000001,2560,0.27885654717683794,0.907421875,0.0109182957559824,0.5066159754991532,0.237890625,-0.5196795061230659,0.9137991845607758,0.03137257695198059,0.020487145520746708,0.6419848263263702,0.0129674969939515,0.0020492012379690998,0.16632988750934596,nan,0.0,nan,0.0,0
27,340,9492,0.06073863636363634,2560,0.3198439598083496,0.895703125,0.010605647671036422,0.5039653912186622,0.261328125,-0.5614604622125625,0.9153175503015518,0.03137257695198059,0.019464121013879777,0.6321106612682342,0.0129674969939515,0.0023618493229150776,0.16632988750934596,nan,0.0,0.0,0.37765379999473225,0
27,352,9504,0.06005681818181818,1480,0.3484043804374901,0.8891891895113765,0.002614725804006731,0.5098307403358253,0.26486486470377124,-0.5788109740695437,0.9140143494348268,0.03137257695198059,0.02087944572841799,0.6420472067755622,0.0109182957559824,0.008303569951975669,0.16632988750934596,nan,0.0,nan,0.0,0
28,20,9524,0.05892045454545451,2560,0.3591239541769028,0.88359375,0.012204126152209938,0.508197158575058,0.266796875,-0.539470486342907,0.9135696649551391,0.03137257695198059,0.028009140957146884,0.6740597933530807,0.0109182957559824,-0.0012858303962275386,0.16632988750934596,nan,0.0,nan,0.0,0
28,40,9544,0.05778409090909091,2560,0.36237232834100724,0.88828125,0.002924015489406884,0.49904036670923235,0.234375,-0.41458138152956964,0.914813756942749,0.03137257695198059,0.024618386663496493,0.6615043580532074,0.0109182957559824,0.007994280266575516,0.16632988750934596,nan,0.0,nan,0.0,0
28,60,9564,0.05664772727272724,2560,0.34292087033391,0.8859375,0.014263441273942589,0.5101796641945839,0.258203125,-0.5341017633676529,0.913231047987938,0.03137257695198059,0.018499665893614292,0.628150400519371,0.010605647671036422,-0.003657793602906167,0.16632988750934596,nan,0.0,nan,0.0,0
28,80,9584,0.05551136363636364,2560,0.40116776078939437,0.876171875,0.014396965876221657,0.5047371029853821,0.257421875,-0.4871746197342873,0.91188585460186,0.03137257695198059,0.017727121710777283,0.624229547381401,0.010605647671036422,-0.0037913182051852352,0.16632988750934596,nan,0.0,0.0,0.3724083000124665,0
28,100,9604,0.05437499999999997,2560,0.29838685467839243,0.908203125,0.013105372129939497,0.5077806010842323,0.216015625,-0.3896593764424324,0.9138682276010514,0.03137257695198059,0.01845917385071516,0.6297813057899475,0.012204126152209938,-0.0009012459777295589,0.16632988750934596,nan,0.0,nan,0.0,0
28,120,9624,0.05323863636363637,2560,0.3248960480093956,0.894140625,0.010624930064659565,0.5115120097994804,0.232421875,-0.42932356223464013,0.9134900599718094,0.03137257695198059,0.016117628011852504,0.6120576232671737,0.013105372129939497,0.002480442065279932,0.16632988750934596,nan,0.0,nan,0.0,0
28,140,9644,0.0521022727272727,2560,0.3286182530224323,0.896875,0.017918985057622194,0.5135399043560028,0.255078125,-0.5120013192296028,0.9143365412950516,0.03137257695198059,0.01853340696543455,0.6325880289077759,0.013105372129939497,-0.004813612927682696,0.16632988750934596,nan,0.0,nan,0.0,0
28,160,9664,0.050965909090909096,2560,0.2871159866452217,0.905078125,0.008898206031881272,0.5035615414381027,0.23515625,-0.46264419704675674,0.9132185846567153,0.03137257695198059,0.02013785410672426,0.6431539505720139,0.014263441273942589,0.005365235242061317,0.16632988750934596,nan,0.0,nan,0.0,0
28,180,9684,0.04982954545454543,2560,0.2832862749695778,0.912109375,0.00962359010009095,0.49807690232992174,0.2421875,-0.4771063715219498,0.913651043176651,0.03137257695198059,0.02216154830530286,0.6572599291801453,0.013105372129939497,0.0034817820298485465,0.16632988750934596,nan,0.0,0.0,0.37449450000713114,0
28,200,9704,0.04869318181818183,2560,0.3767132513225079,0.87109375,0.023099039075896145,0.510377012193203,0.222265625,-0.3973280444741249,0.9151448756456375,0.03137257695198059,0.02055105399340391,0.6503160983324051,0.010624930064659565,-0.01247410901123658,0.16632988750934596,nan,0.0,nan,0.0,0
28,220,9724,0.04755681818181816,2560,0.3025065839290619,0.90625,0.008478244370780885,0.5081976756453515,0.241796875,-0.46396778970956803,0.9160493403673172,0.03137257695198059,0.021966146863996984,0.6512472927570343,0.010624930064659565,0.002146685693878681,0.16632988750934596,nan,0.0,nan,0.0,0
28,240,9744,0.046420454545454556,2560,0.3218116268515587,0.892578125,0.006178439385257662,0.5068870693445205,0.26328125,-0.5083019033074379,0.9149730861186981,0.03137257695198059,0.024997902009636162,0.6609043449163436,0.00962359010009095,0.003445150714833289,0.16632988750934596,nan,0.0,nan,0.0,0
28,260,9764,0.04528409090909089,2560,0.3215033069252968,0.8953125,0.008003566646948457,0.5068315073847771,0.247265625,-0.5112780049443245,0.911725252866745,0.03137257695198059,0.023340392392128706,0.6571108251810074,0.008898206031881272,0.0008946393849328157,0.16632988750934596,nan,0.0,nan,0.0,0
28,280,9784,0.04414772727272729,2560,0.2523066058754921,0.9203125,0.01603407773654908,0.5012340724468232,0.221875,-0.47376500219106676,0.9111571192741394,0.03137257695198059,0.023909403197467326,0.6617131620645523,0.008478244370780885,-0.007555833365768195,0.16632988750934596,nan,0.0,0.0,0.3700433000049088,0
28,300,9804,0.04301136363636362,2560,0.25610784366726874,0.918359375,0.005946935969404876,0.4976599484682083,0.24609375,-0.6187183812260628,0.9144629329442978,0.03137257695198059,0.02783042788505554,0.6781700819730758,0.008478244370780885,0.0025313084013760083,0.16632988750934596,nan,0.0,nan,0.0,0
28,320,9824,0.041875000000000016,2560,0.2629087999463081,0.917578125,0.007786395912989974,0.512485395371914,0.237109375,-0.523385813832283,0.9133149594068527,0.03137257695198059,0.026097229588776825,0.6728332251310348,0.008003566646948457,0.00021717073395848257,0.16632988750934596,nan,0.0,nan,0.0,0
28,340,9844,0.040738636363636345,2560,0.24591879695653915,0.923046875,0.0030240072519518435,0.48671901822090147,0.21640625,-0.45688521564006807,0.9155231654644013,0.03137257695198059,0.02490795524790883,0.6706205189228058,0.007786395912989974,0.004762388661038131,0.16632988750934596,nan,0.0,nan,0.0,0
28,352,9856,0.040056818181818186,1480,0.24448151234033946,0.9236486499373977,0.023235959917105534,0.5171694857043189,0.21824324340433687,-0.5026807685156126,0.9147282929033846,0.03137257695198059,0.024564791913773563,0.6719669757662593,0.007786395912989974,-0.015449564004115561,0.16632988750934596,nan,0.0,nan,0.0,0
29,20,9876,0.038920454545454515,2560,0.24569335654377938,0.921484375,0.009607715718448161,0.5036987453699112,0.221875,-0.47879190742969513,0.9159073054790496,0.03137257695198059,0.023667972814291716,0.6677439332008361,0.007786395912989974,-0.0018213198054581872,0.16632988750934596,nan,0.0,0.0,0.37727389999781735,0
29,40,9896,0.03778409090909091,2560,0.22808807864785194,0.918359375,0.01747740475111641,0.5065174221992492,0.23125,-0.4738957077264786,0.9135307490825653,0.03137257695198059,0.02307500410825014,0.6598270922899246,0.007786395912989974,-0.009691008838126437,0.16632988750934596,nan,0.0,nan,0.0,0
29,60,9916,0.03664772727272725,2560,0.240721745043993,0.92265625,0.014881964400410652,0.5042176768183708,0.20703125,-0.47589145302772523,0.9130549311637879,0.03137257695198059,0.022777414601296186,0.6602715641260147,0.009607715718448161,-0.00527424868196249,0.16632988750934596,nan,0.0,nan,0.0,0
29,80,9936,0.035511363636363646,2560,0.2513824477791786,0.91953125,0.006972962291911244,0.5010954722762108,0.212890625,-0.43729665875434875,0.9151325345039367,0.03137257695198059,0.021972116082906723,0.6604896008968353,0.014881964400410652,0.007909002108499407,0.16632988750934596,nan,0.0,nan,0.0,0
29,100,9956,0.034374999999999975,2560,0.3174375154078007,0.894140625,0.009643515478819609,0.5063897639513015,0.209765625,-0.4162007659673691,0.9142110407352447,0.03137257695198059,0.020173570699989797,0.6476138591766357,0.014881964400410652,0.005238448921591043,0.16632988750934596,nan,0.0,nan,0.0,0
29,120,9976,0.03323863636363637,2560,0.30548215806484225,0.901171875,0.02043274564202875,0.5015383526682854,0.194140625,-0.3672197639942169,0.9139512538909912,0.03137257695198059,0.01631392720155418,0.6213479816913605,0.009643515478819609,-0.01078923016320914,0.16632988750934596,nan,0.0,0.0,0.3757818000012776,0
29,140,9996,0.03210227272727271,2560,0.24194259122014045,0.9265625,0.006894227769225836,0.5093615382909775,0.221875,-0.46346902996301653,0.9127623468637467,0.03137257695198059,0.017552188225090505,0.629091414809227,0.014881964400410652,0.007987736631184815,0.16632988750934596,nan,0.0,nan,0.0,0
29,160,10016,0.030965909090909103,2560,0.1989961251616478,0.9390625,0.008390641282312572,0.4939570277929306,0.205078125,-0.5074279338121415,0.9131514459848404,0.03137257695198059,0.02001457642763853,0.6459830969572067,0.009643515478819609,0.0012528741965070374,0.16632988750934596,nan,0.0,nan,0.0,0
29,180,10036,0.029829545454545435,2560,0.1738104559481144,0.941015625,0.00921428237343207,0.5211104214191437,0.209765625,-0.49301423132419586,0.9145762354135514,0.03137257695198059,0.02147536287084222,0.6530031234025955,0.008390641282312572,-0.0008236410911194991,0.16632988750934596,nan,0.0,nan,0.0,0
29,200,10056,0.028693181818181833,2560,0.22246746644377707,0.92890625,0.0026812786236405373,0.49244830906391146,0.213671875,-0.5069515846669674,0.9148909509181976,0.03137257695198059,0.021079832781106235,0.6532869726419449,0.00921428237343207,0.0065330037497915334,0.16632988750934596,nan,0.0,nan,0.0,0
29,220,10076,0.027556818181818165,2560,0.23241409212350844,0.925390625,0.0009433527477085591,0.5026634410023689,0.205078125,-0.4393716365098953,0.9119921535253525,0.03137257695198059,0.021088390983641146,0.6526088327169418,0.008390641282312572,0.007447288534604013,0.16632988750934596,nan,0.0,0.0,0.37158729998918716,0
29,240,10096,0.026420454545454563,2560,0.21302670128643514,0.934375,0.0071843785233795645,0.5027992412447929,0.196484375,-0.4418480031192303,0.9155075281858445,0.03137257695198059,0.023021593876183032,0.661880150437355,0.006894227769225836,-0.0002901507541537285,0.16632988750934596,nan,0.0,nan,0.0,0
29,260,10116,0.025284090909090895,2560,0.19602596014738083,0.93671875,0.00953026742208749,0.49998107105493544,0.2078125,-0.47786260917782786,0.915528753399849,0.03137257695198059,0.022965232282876967,0.661967134475708,0.0071843785233795645,-0.0023458888987079258,0.16632988750934596,nan,0.0,nan,0.0,0
29,280,10136,0.024147727272727293,2560,0.21795408427715302,0.93046875,0.010242728085722774,0.5069440364837646,0.239453125,-0.5284605905413627,0.9166570246219635,0.03137257695198059,0.022479291539639235,0.6595418304204941,0.0071843785233795645,-0.0030583495623432095,0.16632988750934596,nan,0.0,nan,0.0,0
29,300,10156,0.023011363636363625,2560,0.24749486818909644,0.923046875,0.015730688360054045,0.4999932736158371,0.1875,-0.39198840856552125,0.9129783809185028,0.03137257695198059,0.02269563265144825,0.6650847285985947,0.0071843785233795645,-0.008546309836674482,0.16632988750934596,nan,0.0,nan,0.0,0
29,320,10176,0.021875000000000023,2560,0.20906423702836036,0.931640625,0.017161241651047023,0.4993159070611,0.180078125,-0.37092703506350516,0.9139499843120575,0.03137257695198059,0.025653410889208316,0.6796171307563782,0.00953026742208749,-0.007630974228959532,0.16632988750934596,nan,0.0,0.0,0.374434299999848,0
29,340,10196,0.02073863636363635,2560,0.20970854610204698,0.934375,0.016079184645786882,0.5168359279632568,0.180078125,-0.40412221401929854,0.9118676751852035,0.03137257695198059,0.025679982919245958,0.6778494715690613,0.010242728085722774,-0.005836456560064108,0.16632988750934596,nan,0.0,nan,0.0,0
29,352,10208,0.020056818181818193,1480,0.24970252352791864,0.9229729732951603,-0.0029559260687312566,0.49090060221182336,0.22162162113834072,-0.4781603073751604,0.9121793344214156,0.03137257695198059,0.025712274357273773,0.6757333739383801,0.015730688360054045,0.018686614428785303,0.16632988750934596,nan,0.0,nan,0.0,0
30,20,10228,0.01892045454545452,2560,0.20642026662826538,0.93046875,-0.0002994382521137595,0.5003364682197571,0.18125,-0.39867274686694143,0.9126457333564758,0.03137257695198059,0.02331066858023405,0.6631229013204575,0.015730688360054045,0.016030126612167805,0.16632988750934596,nan,0.0,nan,0.0,0
30,40,10248,0.01778409090909092,2560,0.24347943365573882,0.925,0.01789735658094287,0.5065105631947517,0.197265625,-0.4300964742898941,0.9146311640739441,0.03137257695198059,0.023223606403917074,0.6647954791784286,0.015730688360054045,-0.0021666682208888247,0.16632988750934596,nan,0.0,nan,0.0,0
30,60,10268,0.01664772727272725,2560,0.19632689133286477,0.9375,0.012548875471111387,0.5077204525470733,0.194140625,-0.4057413160800934,0.9128817439079284,0.03137257695198059,0.023086004424840212,0.6642055898904801,0.016079184645786882,0.003530309174675495,0.16632988750934596,nan,0.0,0.0,0.3657515999948373,0
30,80,10288,0.01551136363636365,2560,0.20218391828238963,0.93828125,0.014659090852364897,0.5058401837944985,0.17421875,-0.3843691721558571,0.9142924189567566,0.03137257695198059,0.021386918518692254,0.6571661114692688,0.012548875471111387,-0.00211021538125351,0.16632988750934596,nan,0.0,nan,0.0,0
30,100,10308,0.014374999999999982,2560,0.17964026480913162,0.93984375,0.027173968055285512,0.5252659022808075,0.17265625,-0.39648429602384566,0.9144156336784363,0.03137257695198059,0.020783243980258704,0.6516099274158478,0.012548875471111387,-0.014625092584174125,0.16632988750934596,nan,0.0,nan,0.0,0
30,120,10328,0.01323863636363638,2560,0.19286605827510356,0.937890625,0.0018482196610420942,0.4913808301091194,0.182421875,-0.41159389168024063,0.911122915148735,0.03137257695198059,0.017094757268205286,0.6295963138341903,0.014659090852364897,0.012810871191322803,0.16632988750934596,nan,0.0,nan,0.0,0
30,140,10348,0.012102272727272712,2560,0.16905143074691295,0.946875,0.0070949808927252885,0.5031158581376076,0.190625,-0.4265632390975952,0.9131834834814072,0.03137257695198059,0.017059748759493232,0.6321446508169174,0.014659090852364897,0.0075641099596396085,0.16632988750934596,nan,0.0,nan,0.0,0
30,160,10368,0.01096590909090911,2560,0.17998795062303544,0.940234375,0.021496623277198524,0.51767096221447,0.1875,-0.42700217589735984,0.9168410181999207,0.03137257695198059,0.016016522608697414,0.6273589968681336,0.012548875471111387,-0.008947747806087137,0.16632988750934596,nan,0.0,0.0,0.37366640000254847,0
30,180,10388,0.00982954545454544,2560,0.18502294085919857,0.937890625,0.0038914033793844283,0.4967261150479317,0.19609375,-0.46672280728816984,0.9146764278411865,0.03137257695198059,0.016726937890052796,0.6330603510141373,0.014659090852364897,0.010767687472980469,0.16632988750934596,nan,0.0,nan,0.0,0
30,200,10408,0.008693181818181838,2560,0.15085650756955146,0.951171875,0.012491755816154183,0.5022504314780235,0.18203125,-0.42156802415847777,0.9127671718597412,0.03137257695198059,0.01663287729024887,0.6291667342185974,0.0070949808927252885,-0.005396774923428894,0.16632988750934596,nan,0.0,nan,0.0,0
30,220,10428,0.00755681818181817,2560,0.16831068135797977,0.944140625,0.005854550888761878,0.5109808728098869,0.181640625,-0.40719465985894204,0.9134322047233582,0.03137257695198059,0.016623581247404217,0.6314562678337097,0.0070949808927252885,0.0012404300039634102,0.16632988750934596,nan,0.0,nan,0.0,0
30,240,10448,0.006420454545454568,2560,0.15263673700392247,0.953125,0.0018235578667372466,0.5037042200565338,0.16953125,-0.43880131021142005,0.9160662531852722,0.03137257695198059,0.01685491786338389,0.6320508003234864,0.0070949808927252885,0.005271423025988042,0.16632988750934596,nan,0.0,nan,0.0,0
30,260,10468,0.005284090909090899,2560,0.13616927079856395,0.954296875,0.019541393965482712,0.507798270881176,0.173828125,-0.43526238948106766,0.9145879298448563,0.03137257695198059,0.016112462151795626,0.6270721197128296,0.005854550888761878,-0.013686843076720833,0.16632988750934596,nan,0.0,0.0,0.37143579999974463,0
30,280,10488,0.004147727272727297,2560,0.1362013079226017,0.958203125,-0.01054046672070399,0.4904364436864853,0.168359375,-0.4159429922699928,0.9148380547761917,0.03137257695198059,0.016119444416835903,0.6257633626461029,0.005854550888761878,0.016395017609465868,0.16632988750934596,nan,0.0,nan,0.0,0
30,300,10508,0.0030113636363636284,2560,0.13275519106537104,0.95703125,0.0077993183629587294,0.5051485925912857,0.165234375,-0.3769874393939972,0.9160804957151413,0.03137257695198059,0.016545685473829508,0.6292760699987412,0.005854550888761878,-0.001944767474196851,0.16632988750934596,nan,0.0,nan,0.0,0
30,320,10528,0.0018750000000000266,2560,0.149778064340353,0.951171875,0.014730280404910446,0.4993867427110672,0.166015625,-0.4077937170863152,0.9155515164136887,0.03137257695198059,0.016321082040667532,0.6269194960594178,0.005854550888761878,-0.008875729516148567,0.16632988750934596,nan,0.0,nan,0.0,0
30,340,10548,0.000738636363636358,2560,0.1361516799777746,0.958203125,0.0035383406095206736,0.5030396938323974,0.166796875,-0.38917956575751306,0.9156776577234268,0.03137257695198059,0.016189571656286716,0.6262567698955536,0.0077993183629587294,0.004260977753438056,0.16632988750934596,nan,0.0,nan,0.0,0
30,352,10560,5.681818181819675e-05,1480,0.145065885701695,0.9499999990334382,0.008182948857948586,0.5064675451935948,0.19594594598621937,-0.48971112032194397,0.9161845690495259,0.03137257695198059,0.01629897256356639,0.6258183856268187,0.0077993183629587294,-0.00038363049498985665,0.16632988750934596,nan,0.0,0.0,0.38160120000247844,0
