epoch,batch,global_step,lr,window_samples,train_adv_loss,train_adv_acc,free_gradient_cosine,free_gradient_sign_agreement,free_prediction_disagreement,free_attack_loss_gain,free_boundary_fraction,free_delta_linf,control_gradient_participation_ratio,control_gradient_entropy,detector_baseline,detector_score,detector_threshold,detector_pgd10_acc,detector_seconds,observer_pgd10_acc,observer_pgd10_seconds,intervention_triggered
1,20,20,0.0010795454545454546,2560,2.8437255859375,0.0,0.0450559452176094,0.5074661433696747,0.3234375,0.533848199248314,0.6008307307958602,0.03137257695198059,0.2514586038887501,0.8864856153726578,nan,nan,0.16632988750934596,nan,0.0,nan,0.0,0
1,40,40,0.002215909090909091,2560,2.6125972747802733,0.005859375,0.11178234070539475,0.5254710048437119,0.289453125,0.3602674067020416,0.6010119289159774,0.03137257695198059,0.2484425850212574,0.8855205923318863,nan,nan,0.16632988750934596,nan,0.0,nan,0.0,0
1,60,60,0.0033522727272727276,2560,2.375215530395508,0.051953125,0.3629632696509361,0.5951408535242081,0.20234375,0.148736322671175,0.6005734920501709,0.03137257695198059,0.22505163103342057,0.877397608757019,nan,nan,0.16632988750934596,nan,0.0,nan,0.0,0
1,80,80,0.004488636363636363,2560,2.2741378784179687,0.11796875,0.6366204291582107,0.6773075252771378,0.16171875,0.09189681820571423,0.6008490413427353,0.03137257695198059,0.1728687144815922,0.8477702111005783,0.11178234070539475,-0.524838088452816,0.16632988750934596,nan,0.0,nan,0.0,0
1,100,100,0.005625,2560,2.221593475341797,0.17421875,0.7504102736711502,0.7253191828727722,0.175,0.10683310143649578,0.6028136074542999,0.03137257695198059,0.1464861325919628,0.8280082374811173,0.23737280517816545,-0.5130374684929848,0.16632988750934596,nan,0.0,0.1796875,0.37855779999517836,0
1,120,120,0.006761363636363636,2560,2.1767884731292724,0.17265625,0.8205385506153107,0.7525854974985122,0.203515625,0.11753663383424282,0.6034744501113891,0.03137257695198059,0.11711705103516579,0.7999037563800812,0.3629632696509361,-0.45757528096437455,0.16632988750934596,nan,0.0,nan,0.0,0
1,140,140,0.007897727272727272,2560,2.1674349784851072,0.18046875,0.8550190955400467,0.7720404446125031,0.18828125,0.11284911446273327,0.6017076045274734,0.03137257695198059,0.10557601489126682,0.7841223984956741,0.6366204291582107,-0.21839866638183603,0.16632988750934596,nan,0.0,nan,0.0,0
1,160,160,0.009034090909090908,2560,2.128050422668457,0.212890625,0.878066536784172,0.7918197780847549,0.169921875,0.1327457409352064,0.6034323602914811,0.03137257695198059,0.09420556612312794,0.7718164980411529,0.7504102736711502,-0.1276562631130218,0.16632988750934596,nan,0.0,nan,0.0,0
1,180,180,0.010170454545454547,2560,2.118391513824463,0.208984375,0.8901580959558487,0.8074736446142197,0.18515625,0.14797802790999412,0.6036350458860398,0.03137257695198059,0.09164250008761883,0.7706968307495117,0.8205385506153107,-0.06961954534053805,0.16632988750934596,nan,0.0,nan,0.0,0
1,200,200,0.011306818181818182,2560,2.1215598583221436,0.204296875,0.9005059629678727,0.8224921107292176,0.18125,0.1839086815714836,0.6022620081901551,0.03137257695198059,0.09162408113479614,0.7761348873376847,0.8550190955400467,-0.04548686742782593,0.16632988750934596,nan,0.0,0.1875,0.3677190999733284,0
1,220,220,0.012443181818181819,2560,2.0571771621704102,0.234375,0.9106128454208374,0.8344953119754791,0.184375,0.18222985565662383,0.6036251246929168,0.03137257695198059,0.08697699271142482,0.7701056271791458,0.878066536784172,-0.03254630863666541,0.16632988750934596,nan,0.0,nan,0.0,0
1,240,240,0.013579545454545454,2560,2.0312579870224,0.225390625,0.9068712145090103,0.8360388666391373,0.199609375,0.20103638395667076,0.6018638759851456,0.03137257695198059,0.08721013516187667,0.7707857638597488,0.8901580959558487,-0.0167131185531616,0.16632988750934596,nan,0.0,nan,0.0,0
1,260,260,0.014715909090909089,2560,2.0648386120796203,0.215625,0.917187413573265,0.844354772567749,0.198828125,0.19840747714042664,0.6026016473770142,0.03137257695198059,0.0813545223325491,0.7621797770261765,0.9005059629678727,-0.01668145060539239,0.16632988750934596,nan,0.0,nan,0.0,0
1,280,280,0.015852272727272725,2560,2.0485443353652952,0.235546875,0.9122819423675537,0.8421025753021241,0.181640625,0.2155127577483654,0.6040100276470184,0.03137257695198059,0.07470224909484387,0.7530436158180237,0.9068712145090103,-0.005410727858543352,0.16632988750934596,nan,0.0,nan,0.0,0
1,300,300,0.016988636363636362,2560,2.0062742710113524,0.22890625,0.9163340151309967,0.8492068141698838,0.209765625,0.2074372000992298,0.6011336207389831,0.03137257695198059,0.07681051120162011,0.7610439985990525,0.9106128454208374,-0.005721169710159235,0.16632988750934596,nan,0.0,0.25,0.3674221999826841,0
1,320,320,0.018125,2560,2.012522029876709,0.247265625,0.9085373729467392,0.8452558040618896,0.204296875,0.23284660577774047,0.602628979086876,0.03137257695198059,0.07409533485770226,0.7572232514619828,0.9122819423675537,0.0037445694208144698,0.16632988750934596,nan,0.0,nan,0.0,0
1,340,340,0.019261363636363635,2560,1.988706851005554,0.253125,0.9183724880218506,0.8505592584609986,0.215234375,0.21507144197821618,0.6006772637367248,0.03137257695198059,0.07216884940862656,0.7523579478263855,0.9122819423675537,-0.006090545654296897,0.16632988750934596,nan,0.0,nan,0.0,0
1,352,352,0.019943181818181818,1480,2.0276866178254824,0.2290540546984286,0.9087327763840959,0.8444699032886608,0.19256756788975485,0.22442040048741005,0.6065067010956842,0.031372576770750255,0.06665327871167982,0.7454151556298539,0.9163340151309967,0.007601238746900774,0.16632988750934596,nan,0.0,nan,0.0,0
2,20,372,0.021079545454545455,2560,1.9929054975509644,0.24609375,0.910840654373169,0.8484242916107178,0.198046875,0.2239488609135151,0.601955047249794,0.03137257695198059,0.07061511557549238,0.7505062192678451,0.9122819423675537,0.001441287994384699,0.16632988750934596,nan,0.0,nan,0.0,0
2,40,392,0.022215909090909088,2560,1.950522232055664,0.255078125,0.9202017903327941,0.8512022823095322,0.1921875,0.2280089773237705,0.6036865413188934,0.03137257695198059,0.06478615924715996,0.7398433327674866,0.910840654373169,-0.009361135959625178,0.16632988750934596,nan,0.0,0.2109375,0.3836824999889359,0
2,60,412,0.023352272727272725,2560,1.9746686935424804,0.25,0.9185144692659378,0.8550121515989304,0.19453125,0.2369503051042557,0.5990988612174988,0.03137257695198059,0.06558773275464773,0.7412006705999374,0.910840654373169,-0.00767381489276886,0.16632988750934596,nan,0.0,nan,0.0,0
2,80,432,0.024488636363636365,2560,1.9820046067237853,0.247265625,0.9197699427604675,0.8578560143709183,0.185546875,0.23553584441542624,0.6038545131683349,0.03137257695198059,0.07223461605608464,0.7529542058706283,0.9183724880218506,-0.0013974547386169656,0.16632988750934596,nan,0.0,nan,0.0,0
2,100,452,0.025625,2560,1.9355070114135742,0.279296875,0.9141270190477371,0.8524851649999619,0.194140625,0.24879108294844626,0.6014802545309067,0.03137257695198059,0.06875779405236244,0.7490228891372681,0.9185144692659378,0.00438745021820075,0.16632988750934596,nan,0.0,nan,0.0,0
2,120,472,0.026761363636363635,2560,1.9738290071487428,0.24296875,0.9227077275514602,0.8598494350910186,0.20078125,0.2352726973593235,0.6048388332128525,0.03137257695198059,0.06702236048877239,0.7461080014705658,0.9185144692659378,-0.0041932582855224165,0.16632988750934596,nan,0.0,nan,0.0,0
2,140,492,0.027897727272727272,2560,1.9472769260406495,0.26484375,0.9149014890193939,0.8550122767686844,0.206640625,0.24786193966865538,0.6045416712760925,0.03137257695198059,0.06958958506584167,0.7509110748767853,0.9197699427604675,0.004868453741073586,0.16632988750934596,nan,0.0,0.203125,0.368676999991294,0
2,160,512,0.02903409090909091,2560,1.9957018613815307,0.246484375,0.920125299692154,0.8517816126346588,0.196484375,0.2479839116334915,0.6043316125869751,0.03137257695198059,0.06631065029650926,0.7448016822338104,0.9185144692659378,-0.0016108304262161255,0.16632988750934596,nan,0.0,nan,0.0,0
2,180,532,0.030170454545454545,2560,1.904085636138916,0.27265625,0.9156462281942368,0.8562401026487351,0.1921875,0.24674924835562706,0.602964797616005,0.03137257695198059,0.06792257241904735,0.7463668197393417,0.9197699427604675,0.0041237145662307295,0.16632988750934596,nan,0.0,nan,0.0,0
2,200,552,0.03130681818181818,2560,1.9366265535354614,0.251953125,0.9180876642465592,0.8569019466638566,0.190234375,0.25798762366175654,0.6020415246486663,0.03137257695198059,0.06389975231140851,0.7436083346605301,0.9156462281942368,-0.0024414360523223877,0.16632988750934596,nan,0.0,nan,0.0,0
2,220,572,0.032443181818181815,2560,2.006907892227173,0.249609375,0.9214237719774246,0.8591088801622391,0.174609375,0.25862966626882555,0.6044932186603547,0.03137257695198059,0.06528977658599615,0.7432353496551514,0.9180876642465592,-0.0033361077308654563,0.16632988750934596,nan,0.0,nan,0.0,0
2,240,592,0.03357954545454545,2560,1.9306478023529052,0.269140625,0.9169898748397827,0.8572442561388016,0.19296875,0.2537150591611862,0.6031501919031144,0.03137257695198059,0.0630430955439806,0.7388766169548034,0.9180876642465592,0.001097789406776517,0.16632988750934596,nan,0.0,0.25,0.37541169999167323,0
2,260,612,0.03471590909090909,2560,1.9258444786071778,0.2671875,0.919081574678421,0.8602038234472275,0.21171875,0.26974315717816355,0.6016506433486939,0.03137257695198059,0.06100895218551159,0.7365717351436615,0.9180876642465592,-0.0009939104318618108,0.16632988750934596,nan,0.0,nan,0.0,0
2,280,632,0.035852272727272726,2560,1.9263840794563294,0.266015625,0.9168010532855988,0.8569116115570068,0.195703125,0.27484421953558924,0.6060590326786042,0.03137257695198059,0.06699551828205585,0.7451981216669082,0.9180876642465592,0.0012866109609603882,0.16632988750934596,nan,0.0,nan,0.0,0
2,300,652,0.03698863636363636,2560,1.9271490097045898,0.258984375,0.9155440837144851,0.859574145078659,0.21484375,0.2603419065475464,0.6027093529701233,0.03137257695198059,0.06618122979998589,0.7501525640487671,0.9180876642465592,0.0025435805320740412,0.16632988750934596,nan,0.0,nan,0.0,0
2,320,672,0.038125,2560,1.8984564065933227,0.27265625,0.916643813252449,0.8595942378044128,0.22265625,0.2741438150405884,0.6024536401033401,0.03137257695198059,0.06752299889922142,0.749973863363266,0.9169898748397827,0.0003460615873336348,0.16632988750934596,nan,0.0,nan,0.0,0
2,340,692,0.03926136363636363,2560,1.9202060937881469,0.26328125,0.9190107613801957,0.8596472620964051,0.21015625,0.27164761871099474,0.6013847589492798,0.03137257695198059,0.06482198052108287,0.7457814007997513,0.9168010532855988,-0.002209708094596863,0.16632988750934596,nan,0.0,0.28125,0.37306889999308623,0
2,352,704,0.039943181818181815,1480,1.8888434313439033,0.29189189205298555,0.9175972000972644,0.8585350423245817,0.1932432430821496,0.2776100582367665,0.6035569948119086,0.031372576770750255,0.06043686431807441,0.7343626547504116,0.9168010532855988,-0.0007961468116656212,0.16632988750934596,nan,0.0,nan,0.0,0
3,20,724,0.04107954545454545,2560,1.8870431542396546,0.272265625,0.9207191586494445,0.8637644618749618,0.21796875,0.2764959089457989,0.6036595821380615,0.03137257695198059,0.06981570571660996,0.7542371869087219,0.9168010532855988,-0.003918105363845736,0.16632988750934596,nan,0.0,nan,0.0,0
3,40,744,0.04221590909090909,2560,1.9030651569366455,0.276171875,0.9200276792049408,0.8631246149539947,0.213671875,0.29224189817905427,0.6024049371480942,0.03137257695198059,0.06625671237707138,0.7487606465816498,0.9175972000972644,-0.0024304791076763532,0.16632988750934596,nan,0.0,nan,0.0,0
3,60,764,0.043352272727272725,2560,1.9282367467880248,0.2640625,0.9144817531108856,0.8577043086290359,0.198046875,0.27394551411271095,0.6009395748376847,0.03137257695198059,0.06156100817024708,0.7411422252655029,0.9190107613801957,0.00452900826931002,0.16632988750934596,nan,0.0,nan,0.0,0
3,80,784,0.04448863636363636,2560,1.8932777404785157,0.27890625,0.9207720100879669,0.8631892144680023,0.19765625,0.2765194848179817,0.6028414607048035,0.03137257695198059,0.06285110339522362,0.7429414004087448,0.9190107613801957,-0.001761248707771279,0.16632988750934596,nan,0.0,0.21875,0.3706321000063326,0
3,100,804,0.04562499999999999,2560,1.8473006010055542,0.305859375,0.9146903544664383,0.8594982385635376,0.208203125,0.3011975660920143,0.601303881406784,0.03137257695198059,0.06262780800461769,0.7464833825826644,0.9200276792049408,0.005337324738502458,0.16632988750934596,nan,0.0,nan,0.0,0
3,120,824,0.046761363636363636,2560,1.8394242763519286,0.28671875,0.9187215745449067,0.8599059015512467,0.21484375,0.29511596262454987,0.602403411269188,0.03137257695198059,0.061261240765452384,0.7405515044927597,0.9200276792049408,0.001306104660034113,0.16632988750934596,nan,0.0,nan,0.0,0
3,140,844,0.04789772727272727,2560,1.850332498550415,0.292578125,0.9163221329450607,0.8607667505741119,0.200390625,0.28490003645420076,0.6007699549198151,0.03137257695198059,0.06395554523915052,0.7457764863967895,0.9187215745449067,0.002399441599845953,0.16632988750934596,nan,0.0,nan,0.0,0
3,160,864,0.04903409090909091,2560,1.8667925000190735,0.291796875,0.9118114918470382,0.857357171177864,0.22578125,0.30954283475875854,0.60164974629879,0.03137257695198059,0.05709101390093565,0.7335010170936584,0.9163221329450607,0.004510641098022461,0.16632988750934596,nan,0.0,nan,0.0,0
3,180,884,0.050170454545454546,2560,1.8614171504974366,0.2953125,0.9118902444839477,0.8598736017942429,0.225390625,0.30478610694408415,0.6015195369720459,0.03137257695198059,0.06464785300195217,0.749366295337677,0.9163221329450607,0.004431888461112976,0.16632988750934596,nan,0.0,0.234375,0.37492800000472926,0
3,200,904,0.05130681818181818,2560,1.85603985786438,0.279296875,0.9186670511960984,0.8629650384187698,0.22265625,0.2820041537284851,0.5985629022121429,0.03137257695198059,0.06183485761284828,0.7419358730316162,0.9146903544664383,-0.003976696729660056,0.16632988750934596,nan,0.0,nan,0.0,0
3,220,924,0.05244318181818181,2560,1.8457380056381225,0.294921875,0.9174825847148895,0.8602166682481766,0.222265625,0.28976031243801115,0.6010940819978714,0.03137257695198059,0.0556551706045866,0.7310898274183273,0.9163221329450607,-0.0011604517698288186,0.16632988750934596,nan,0.0,nan,0.0,0
3,240,944,0.05357954545454545,2560,1.854369568824768,0.303515625,0.9105872541666031,0.8561603665351868,0.23203125,0.31470958739519117,0.6031766414642334,0.03137257695198059,0.05781947076320648,0.7362999558448792,0.9163221329450607,0.005734878778457575,0.16632988750934596,nan,0.0,nan,0.0,0
3,260,964,0.054715909090909086,2560,1.8432057619094848,0.30390625,0.9121004551649093,0.8603779047727584,0.21953125,0.3072578653693199,0.6040246486663818,0.03137257695198059,0.06062672473490238,0.7419748872518539,0.9118902444839477,-0.0002102106809616089,0.16632988750934596,nan,0.0,nan,0.0,0
3,280,984,0.05585227272727273,2560,1.7864023804664613,0.315234375,0.9047117441892624,0.8535962641239166,0.22890625,0.3081686422228813,0.6006257623434067,0.03137257695198059,0.060827198438346386,0.743023756146431,0.9121004551649093,0.007388710975646973,0.16632988750934596,nan,0.0,0.25,0.37803280001389794,0
3,300,1004,0.056988636363636366,2560,1.8306784510612488,0.30859375,0.9146822482347489,0.858139568567276,0.230859375,0.3257098585367203,0.6017402827739715,0.03137257695198059,0.06027723625302315,0.73962342441082,0.9121004551649093,-0.002581793069839522,0.16632988750934596,nan,0.0,nan,0.0,0
3,320,1024,0.058124999999999996,2560,1.7822303533554078,0.31953125,0.8965223670005799,0.8493490993976593,0.235546875,0.3214339718222618,0.6047629237174987,0.03137257695198059,0.056844130530953406,0.737292006611824,0.9121004551649093,0.015578088164329484,0.16632988750934596,nan,0.0,nan,0.0,0
3,340,1044,0.05926136363636363,2560,1.8408635616302491,0.2953125,0.9127602189779281,0.8595717370510101,0.22734375,0.311713333427906,0.6031022578477859,0.03137257695198059,0.05859553497284651,0.737205195426941,0.9105872541666031,-0.0021729648113250066,0.16632988750934596,nan,0.0,nan,0.0,0
3,352,1056,0.05994318181818181,1480,1.8117369348938401,0.318918919321653,0.9035210383904947,0.8584182507282979,0.2175675677286612,0.323847783900596,0.5981553335447569,0.03137257695198059,0.06259584098651602,0.749283311818097,0.9121004551649093,0.00857941677441465,0.16632988750934596,nan,0.0,nan,0.0,0
4,20,1076,0.061079545454545456,2560,1.7962521195411683,0.316796875,0.9063849121332168,0.85380237698555,0.208984375,0.31192281246185305,0.6043817043304444,0.03137257695198059,0.05761659946292639,0.7377582669258118,0.9047117441892624,-0.0016731679439544456,0.16632988750934596,nan,0.0,0.1953125,0.36622450000140816,0
4,40,1096,0.06221590909090909,2560,1.7801718294620514,0.311328125,0.9059794992208481,0.857315719127655,0.23984375,0.32908634692430494,0.6007967799901962,0.03137257695198059,0.05965176187455654,0.7424943655729294,0.9063849121332168,0.00040541291236873,0.16632988750934596,nan,0.0,nan,0.0,0
4,60,1116,0.06335227272727273,2560,1.7663833379745484,0.317578125,0.9007973372936249,0.8513653010129929,0.246875,0.33180263042449953,0.5994238734245301,0.03137257695198059,0.05896819103509188,0.7401241332292556,0.9059794992208481,0.005182161927223206,0.16632988750934596,nan,0.0,nan,0.0,0
4,80,1136,0.06448863636363636,2560,1.7996203422546386,0.30546875,0.9041134923696518,0.8551398187875747,0.241015625,0.3208002015948296,0.6020012110471725,0.03137257695198059,0.05783412866294384,0.7361410588026047,0.9059794992208481,0.0018660068511963113,0.16632988750934596,nan,0.0,nan,0.0,0
4,100,1156,0.065625,2560,1.7632765531539918,0.332421875,0.8991917490959167,0.8528716027736664,0.24609375,0.33359850496053695,0.6038003504276276,0.03137257695198059,0.05897962730377913,0.7399967104196549,0.9041134923696518,0.004921743273735069,0.16632988750934596,nan,0.0,nan,0.0,0
4,120,1176,0.06676136363636363,2560,1.7541478633880616,0.3359375,0.9084110945463181,0.8579699367284774,0.246875,0.33532205522060393,0.5990018337965012,0.03137257695198059,0.06164012886583805,0.7460050135850906,0.9041134923696518,-0.004297602176666304,0.16632988750934596,nan,0.0,0.2890625,0.3715148000046611,0
4,140,1196,0.06789772727272726,2560,1.7649486362934113,0.320703125,0.8895777314901352,0.8414460688829422,0.245703125,0.34983996152877805,0.6000412225723266,0.03137257695198059,0.05748380329459905,0.739706152677536,0.9041134923696518,0.01453576087951658,0.16632988750934596,nan,0.0,nan,0.0,0
4,160,1216,0.0690340909090909,2560,1.7689806938171386,0.3140625,0.9033589959144592,0.852628979086876,0.2421875,0.3295214772224426,0.6033949732780457,0.03137257695198059,0.06054013110697269,0.7434099823236465,0.9007973372936249,-0.0025616586208343506,0.16632988750934596,nan,0.0,nan,0.0,0
4,180,1236,0.07017045454545454,2560,1.757721608877182,0.326171875,0.8968324363231659,0.8480737268924713,0.236328125,0.3253486484289169,0.6006373316049576,0.03137257695198059,0.0594708725810051,0.7408029079437256,0.9033589959144592,0.006526559591293335,0.16632988750934596,nan,0.0,nan,0.0,0
4,200,1256,0.07130681818181818,2560,1.786651647090912,0.3234375,0.8994000613689422,0.8522209376096725,0.23203125,0.3387913092970848,0.5974605768918991,0.03137257695198059,0.058023469522595406,0.7393167018890381,0.8991917490959167,-0.0002083122730255349,0.16632988750934596,nan,0.0,nan,0.0,0
4,220,1276,0.07244318181818182,2560,1.7269160985946654,0.343359375,0.895297822356224,0.846918123960495,0.232421875,0.330360458791256,0.6040271937847137,0.03137257695198059,0.06156623419374228,0.7465398877859115,0.8994000613689422,0.004102239012718223,0.16632988750934596,nan,0.0,0.3359375,0.37393669999437407,0
4,240,1296,0.07357954545454545,2560,1.7778577387332917,0.326953125,0.8928036093711853,0.8474623501300812,0.236328125,0.3600175857543945,0.5963487237691879,0.03137257695198059,0.05839925892651081,0.7416336089372635,0.8968324363231659,0.004028826951980591,0.16632988750934596,nan,0.0,nan,0.0,0
4,260,1316,0.07471590909090908,2560,1.7237463176250458,0.33359375,0.8980034649372101,0.850761815905571,0.25703125,0.34696120470762254,0.6006499141454696,0.03137257695198059,0.061804029159247875,0.7471188843250275,0.8968324363231659,-0.0011710286140441672,0.16632988750934596,nan,0.0,nan,0.0,0
4,280,1336,0.07585227272727273,2560,1.7410606145858765,0.344921875,0.8954091280698776,0.8453921228647232,0.230078125,0.3432069405913353,0.5981942683458328,0.03137257695198059,0.05857522878795862,0.741100987792015,0.8968324363231659,0.0014233082532882912,0.16632988750934596,nan,0.0,nan,0.0,0
4,300,1356,0.07698863636363637,2560,1.732310426235199,0.345703125,0.8953855931758881,0.8496165126562119,0.253125,0.3526399552822113,0.59721440076828,0.03137257695198059,0.06120255813002586,0.7455153942108155,0.8954091280698776,2.3534893989540784e-05,0.16632988750934596,nan,0.0,nan,0.0,0
4,320,1376,0.078125,2560,1.7434879183769225,0.332421875,0.8974213153123856,0.8478401392698288,0.249609375,0.34430231600999833,0.5996493220329284,0.03137257695198059,0.06247039530426264,0.748550733923912,0.8953855931758881,-0.0020357221364974976,0.16632988750934596,nan,0.0,0.2578125,0.37759839999489486,0
4,340,1396,0.07926136363636364,2560,1.7021280705928803,0.3546875,0.8934028804302215,0.8463985651731492,0.23828125,0.3512115076184273,0.5982722163200378,0.03137257695198059,0.0633660139515996,0.7494382381439209,0.8954091280698776,0.002006247639656067,0.16632988750934596,nan,0.0,nan,0.0,0
4,352,1408,0.07994318181818182,1480,1.7535951363073814,0.34527027107573843,0.8957015952548465,0.8471077187641247,0.24662162137998117,0.35840971598754057,0.59733096747785,0.03137257695198059,0.058210030077277,0.741027641618574,0.8954091280698776,-0.000292467184968892,0.16632988750934596,nan,0.0,nan,0.0,0
5,20,1428,0.08107954545454545,2560,1.6892874836921692,0.3515625,0.8941324025392532,0.8465496301651001,0.244140625,0.35500277280807496,0.602291002869606,0.03137257695198059,0.06020553223788738,0.7436464875936508,0.8954091280698776,0.0012767255306244119,0.16632988750934596,nan,0.0,nan,0.0,0
5,40,1448,0.08221590909090909,2560,1.6989665865898131,0.3609375,0.8837844341993332,0.8407943904399872,0.23046875,0.35568047016859056,0.6027810573577881,0.03137257695198059,0.0573064461350441,0.7382976979017257,0.8953855931758881,0.011601158976554893,0.16632988750934596,nan,0.0,nan,0.0,0
5,60,1468,0.08335227272727272,2560,1.7008522510528565,0.34453125,0.884054172039032,0.8450266748666764,0.266796875,0.35596978664398193,0.6006700038909912,0.03137257695198059,0.06277370527386665,0.7499144375324249,0.8941324025392532,0.010078230500221164,0.16632988750934596,nan,0.0,0.296875,0.3613093000021763,0
5,80,1488,0.08448863636363636,2560,1.7242335677146912,0.34609375,0.8850168377161026,0.8436692744493485,0.235546875,0.3533488795161247,0.6026494562625885,0.03137257695198059,0.062006491050124166,0.7476030677556992,0.8934028804302215,0.008386042714118913,0.16632988750934596,nan,0.0,nan,0.0,0
5,100,1508,0.08562499999999999,2560,1.693639236688614,0.3640625,0.8838831096887588,0.8439335107803345,0.24140625,0.35524447709321977,0.5988605678081512,0.03137257695198059,0.05947711393237114,0.742810246348381,0.8850168377161026,0.0011337280273437944,0.16632988750934596,nan,0.0,nan,0.0,0
5,120,1528,0.08676136363636362,2560,1.67358318567276,0.355078125,0.8852010309696198,0.8396181911230087,0.257421875,0.3673808202147484,0.6025287866592407,0.03137257695198059,0.05956816989928484,0.7442716151475907,0.884054172039032,-0.0011468589305877464,0.16632988750934596,nan,0.0,nan,0.0,0
5,140,1548,0.08789772727272727,2560,1.669307827949524,0.359375,0.8867724657058715,0.8469636470079422,0.237109375,0.3596676021814346,0.6004437923431396,0.03137257695198059,0.06241454742848873,0.7490094125270843,0.884054172039032,-0.002718293666839511,0.16632988750934596,nan,0.0,nan,0.0,0
5,160,1568,0.0890340909090909,2560,1.6814291298389434,0.353125,0.875279214978218,0.836587804555893,0.24609375,0.35894315838813784,0.594722005724907,0.03137257695198059,0.05602613110095263,0.7361559629440307,0.8850168377161026,0.009737622737884588,0.16632988750934596,nan,0.0,0.2578125,0.3688311000005342,0
5,180,1588,0.09017045454545455,2560,1.6966471552848816,0.358984375,0.8831983089447022,0.8423352748155594,0.25625,0.3526105210185051,0.597750237584114,0.03137257695198059,0.06095699053257704,0.745442607998848,0.8850168377161026,0.0018185287714004295,0.16632988750934596,nan,0.0,nan,0.0,0
5,200,1608,0.09130681818181818,2560,1.7067586064338685,0.346484375,0.8786813884973526,0.8376705408096313,0.258984375,0.3760182991623878,0.6005872339010239,0.03137257695198059,0.058835584484040734,0.7421168088912964,0.8838831096887588,0.005201721191406272,0.16632988750934596,nan,0.0,nan,0.0,0
5,220,1628,0.09244318181818183,2560,1.6246584892272948,0.370703125,0.8744633138179779,0.8370737850666046,0.2625,0.3636419802904129,0.5996776819229126,0.03137257695198059,0.056793545745313166,0.7395186126232147,0.8831983089447022,0.008734995126724265,0.16632988750934596,nan,0.0,nan,0.0,0
5,240,1648,0.09357954545454546,2560,1.6772440254688263,0.3609375,0.8802361249923706,0.8397342801094055,0.271484375,0.3776985928416252,0.5992871791124343,0.03137257695198059,0.05817823763936758,0.7410497963428497,0.8786813884973526,-0.0015547364950180276,0.16632988750934596,nan,0.0,nan,0.0,0
5,260,1668,0.09471590909090909,2560,1.6533162236213683,0.37109375,0.8761393189430237,0.8400777339935303,0.242578125,0.3581425577402115,0.6021709650754928,0.03137257695198059,0.06091871745884418,0.7452381879091263,0.8786813884973526,0.0025420695543288963,0.16632988750934596,nan,0.0,0.3046875,0.36885920001077466,0
5,280,1688,0.09585227272727273,2560,1.6700149297714233,0.361328125,0.8783994972705841,0.8428840816020966,0.258203125,0.37833511382341384,0.6048198938369751,0.03137257695198059,0.061307350732386114,0.7457787722349167,0.8786813884973526,0.00028189122676847145,0.16632988750934596,nan,0.0,nan,0.0,0
5,300,1708,0.09698863636363636,2560,1.6645884394645691,0.36484375,0.8755508303642273,0.8317794948816299,0.255859375,0.3680987685918808,0.6009703546762466,0.03137257695198059,0.05972825344651937,0.7447537243366241,0.8783994972705841,0.002848666906356767,0.16632988750934596,nan,0.0,nan,0.0,0
5,320,1728,0.098125,2560,1.6790059030056,0.366015625,0.8714364409446717,0.8346828579902649,0.25546875,0.36176673173904417,0.6006312310695648,0.03137257695198059,0.05862330067902803,0.7412258446216583,0.8761393189430237,0.004702877998352006,0.16632988750934596,nan,0.0,nan,0.0,0
5,340,1748,0.09926136363636363,2560,1.6644677460193633,0.369140625,0.8692653238773346,0.8360834896564484,0.25234375,0.3713272824883461,0.5951169550418853,0.03137257695198059,0.05714051406830549,0.7402563095092773,0.8761393189430237,0.006873995065689087,0.16632988750934596,nan,0.0,nan,0.0,0
5,352,1760,0.0999431818181818,1480,1.6641888167407062,0.37567567599786295,0.8781840040877059,0.836334520739478,0.23581081064971718,0.3647170023338215,0.5991503651077683,0.03137257695198059,0.053235956563337426,0.7298103358294513,0.8755508303642273,-0.002633173723478599,0.16632988750934596,nan,0.0,0.2734375,0.3802628999983426,0
6,20,1780,0.10107954545454545,2560,1.6328304052352904,0.369140625,0.8658962935209275,0.8350603938102722,0.279296875,0.377817864716053,0.6017448604106903,0.03137257695198059,0.05912543665617705,0.7434115976095199,0.8755508303642273,0.009654536843299866,0.16632988750934596,nan,0.0,nan,0.0,0
6,40,1800,0.10221590909090908,2560,1.6690561890602111,0.3703125,0.8752590090036392,0.8374694973230362,0.255078125,0.3778547391295433,0.5966580897569657,0.03137257695198059,0.05736636649817228,0.7399103879928589,0.8714364409446717,-0.0038225680589675237,0.16632988750934596,nan,0.0,nan,0.0,0
6,60,1820,0.10335227272727272,2560,1.6599602460861207,0.36484375,0.8749526500701904,0.8392476588487625,0.26640625,0.36400178968906405,0.5986744076013565,0.03137257695198059,0.062346750497817995,0.7471287757158279,0.8714364409446717,-0.0035162091255187544,0.16632988750934596,nan,0.0,nan,0.0,0
6,80,1840,0.10448863636363635,2560,1.663392049074173,0.36015625,0.8744980067014694,0.836845549941063,0.257421875,0.3835022017359734,0.5992153376340866,0.03137257695198059,0.057133879698812964,0.738943612575531,0.8749526500701904,0.0004546433687210305,0.16632988750934596,nan,0.0,nan,0.0,0
6,100,1860,0.10562500000000001,2560,1.6589251697063445,0.360546875,0.8753887504339218,0.8377582758665085,0.25703125,0.35524745732545854,0.5991923183202743,0.03137257695198059,0.05682641826570034,0.7388800621032715,0.8749526500701904,-0.0004361003637314287,0.16632988750934596,nan,0.0,0.3359375,0.37043709997669794,0
6,120,1880,0.10676136363636364,2560,1.6400400519371032,0.373046875,0.866591501235962,0.8330121546983719,0.26484375,0.38109828978776933,0.5986989557743072,0.03137257695198059,0.05615771133452654,0.7384169727563858,0.8749526500701904,0.008361148834228449,0.16632988750934596,nan,0.0,nan,0.0,0
6,140,1900,0.10789772727272727,2560,1.636942559480667,0.365625,0.8654213935136795,0.8347249567508698,0.283203125,0.3872588977217674,0.59862901866436,0.03137257695198059,0.05770834088325501,0.7418828308582306,0.8749526500701904,0.009531256556510881,0.16632988750934596,nan,0.0,nan,0.0,0
6,160,1920,0.10903409090909091,2560,1.6461831271648406,0.375390625,0.8691022545099258,0.8318897455930709,0.252734375,0.3911553621292114,0.5979515254497528,0.03137257695198059,0.05675018783658743,0.7386882305145264,0.8744980067014694,0.005395752191543535,0.16632988750934596,nan,0.0,nan,0.0,0
6,180,1940,0.11017045454545454,2560,1.6420154571533203,0.36796875,0.8684705704450607,0.8313874781131745,0.2421875,0.36567203849554064,0.5986788600683213,0.03137257695198059,0.05423552617430687,0.7354496121406555,0.8691022545099258,0.0006316840648651345,0.16632988750934596,nan,0.0,nan,0.0,0
6,200,1960,0.11130681818181819,2560,1.5881430685520173,0.395703125,0.8670034557580948,0.832261934876442,0.273828125,0.3836759880185127,0.5981938898563385,0.03137257695198059,0.05677652005106211,0.7392772287130356,0.8684705704450607,0.0014671146869659202,0.16632988750934596,nan,0.0,0.2578125,0.3720133999886457,0
6,220,1980,0.11244318181818182,2560,1.628866696357727,0.358984375,0.866290283203125,0.8298263758420944,0.28359375,0.38203552514314654,0.5971300929784775,0.03137257695198059,0.0536433732137084,0.7332673132419586,0.8670034557580948,0.000713172554969832,0.16632988750934596,nan,0.0,nan,0.0,0
6,240,2000,0.11357954545454545,2560,1.5893868803977966,0.38359375,0.8575934737920761,0.8229905635118484,0.281640625,0.38887168020009993,0.5986284971237182,0.03137257695198059,0.05698134656995535,0.7376091241836548,0.8670034557580948,0.009409981966018721,0.16632988750934596,nan,0.0,nan,0.0,0
6,260,2020,0.11471590909090909,2560,1.6084400117397308,0.392578125,0.8566491931676865,0.8286772578954696,0.252734375,0.3778657495975494,0.5935051143169403,0.03137257695198059,0.055239686369895936,0.7378111034631729,0.8670034557580948,0.01035426259040828,0.16632988750934596,nan,0.0,nan,0.0,0
6,280,2040,0.11585227272727272,2560,1.6043424248695373,0.38984375,0.8514148533344269,0.8216874599456787,0.25546875,0.3941326543688774,0.5964387476444244,0.03137257695198059,0.05441589597612619,0.733589643239975,0.866290283203125,0.014875429868698054,0.16632988750934596,nan,0.0,nan,0.0,0
6,300,2060,0.11698863636363635,2560,1.591454941034317,0.39453125,0.8558438807725907,0.8282102167606353,0.25234375,0.3721339598298073,0.5948729395866394,0.03137257695198059,0.058597275801002977,0.7410569757223129,0.8575934737920761,0.001749593019485407,0.16632988750934596,nan,0.0,0.2890625,0.36902899999404326,0
6,320,2080,0.118125,2560,1.6116622269153595,0.376953125,0.8593444198369979,0.8269575953483581,0.268359375,0.3937258616089821,0.5967315852642059,0.03137257695198059,0.056071290746331215,0.7370994865894318,0.8566491931676865,-0.0026952266693114346,0.16632988750934596,nan,0.0,nan,0.0,0
6,340,2100,0.11926136363636362,2560,1.5690613210201263,0.403125,0.8550587475299836,0.8304858118295669,0.26328125,0.3936099588871002,0.5958327174186706,0.03137257695198059,0.05677291750907898,0.7399149596691131,0.8566491931676865,0.001590445637702942,0.16632988750934596,nan,0.0,nan,0.0,0
6,352,2112,0.11994318181818181,1480,1.6191376125490344,0.3756756761589566,0.8548711100140134,0.832637876111108,0.2608108108108108,0.41195496691239847,0.6005797898447192,0.03137257695198059,0.05390787539449898,0.7346706035974864,0.8558438807725907,0.0009727707585772682,0.16632988750934596,nan,0.0,nan,0.0,0
7,20,2132,0.12107954545454545,2560,1.6242374241352082,0.3703125,0.8613021731376648,0.8293349146842957,0.250390625,0.37594889402389525,0.5963717341423035,0.03137257695198059,0.05959187373518944,0.7436598390340805,0.8550587475299836,-0.006243425607681208,0.16632988750934596,nan,0.0,nan,0.0,0
7,40,2152,0.1222159090909091,2560,1.606508457660675,0.3921875,0.8597306430339813,0.8320074886083603,0.275,0.3799021244049072,0.5991867244243622,0.03137257695198059,0.05432602800428867,0.7353616207838058,0.8558438807725907,-0.0038867622613906194,0.16632988750934596,nan,0.0,0.3515625,0.3792324000096414,0
7,60,2172,0.12335227272727273,2560,1.556951540708542,0.414453125,0.8544964998960495,0.825543612241745,0.2671875,0.3922333031892776,0.5917752861976624,0.03137257695198059,0.05295439995825291,0.7326414853334426,0.8593444198369979,0.004847919940948464,0.16632988750934596,nan,0.0,nan,0.0,0
7,80,2192,0.12448863636363636,2560,1.5587851226329803,0.39921875,0.844312334060669,0.8261725276708602,0.266796875,0.3852525666356087,0.5950176447629929,0.03137257695198059,0.052770457789301874,0.7311135083436966,0.8550587475299836,0.010746413469314597,0.16632988750934596,nan,0.0,nan,0.0,0
7,100,2212,0.125625,2560,1.5755495965480804,0.39375,0.8507817834615707,0.8272445946931839,0.26640625,0.40813121795654295,0.5956648707389831,0.03137257695198059,0.05510963704437018,0.7348934441804886,0.8548711100140134,0.004089326552442651,0.16632988750934596,nan,0.0,nan,0.0,0
7,120,2232,0.12676136363636364,2560,1.5878628849983216,0.383984375,0.8630770683288574,0.8303109675645828,0.25859375,0.3807713031768799,0.5948402643203735,0.03137257695198059,0.05530242621898651,0.734511524438858,0.8544964998960495,-0.008580568432807967,0.16632988750934596,nan,0.0,nan,0.0,0
7,140,2252,0.12789772727272727,2560,1.5808243811130525,0.396484375,0.8604098916053772,0.8295192927122116,0.247265625,0.38040169030427934,0.6011080622673035,0.03137257695198059,0.053148068860173224,0.7309528678655625,0.8544964998960495,-0.005913391709327698,0.16632988750934596,nan,0.0,0.34375,0.37418199999956414,0
7,160,2272,0.1290340909090909,2560,1.616428291797638,0.381640625,0.8544063895940781,0.8242608577013015,0.25703125,0.3877203777432442,0.5916596949100494,0.03137257695198059,0.05294150169938803,0.7315655708312988,0.8544964998960495,9.011030197136893e-05,0.16632988750934596,nan,0.0,nan,0.0,0
7,180,2292,0.13017045454545453,2560,1.595513743162155,0.395703125,0.8459049046039582,0.8252809107303619,0.268359375,0.3918623343110085,0.5995337337255477,0.03137257695198059,0.05479895249009133,0.7362718433141708,0.8544063895940781,0.008501484990119934,0.16632988750934596,nan,0.0,nan,0.0,0
7,200,2312,0.13130681818181816,2560,1.608051496744156,0.383984375,0.8545977056026459,0.8249945491552353,0.2609375,0.3832666963338852,0.5952369838953018,0.03137257695198059,0.05240328591316938,0.730697762966156,0.8544063895940781,-0.00019131600856781006,0.16632988750934596,nan,0.0,nan,0.0,0
7,220,2332,0.13244318181818182,2560,1.5871312379837037,0.4046875,0.8484708994626999,0.8230386286973953,0.264453125,0.3997268572449684,0.5987123042345047,0.03137257695198059,0.05310369059443474,0.7305014133453369,0.8545977056026459,0.006126806139945984,0.16632988750934596,nan,0.0,nan,0.0,0
7,240,2352,0.13357954545454545,2560,1.5802664935588837,0.40234375,0.8570853292942047,0.8321196407079696,0.2703125,0.3890720993280411,0.5923753321170807,0.03137257695198059,0.055149270407855513,0.7348290592432022,0.8544063895940781,-0.002678939700126559,0.16632988750934596,nan,0.0,0.328125,0.36925269998027943,0
7,260,2372,0.13471590909090908,2560,1.5831468522548675,0.389453125,0.8438668102025986,0.8258290737867355,0.270703125,0.39911656826734543,0.5940532863140107,0.03137257695198059,0.051781938038766386,0.7297743499279022,0.8544063895940781,0.010539579391479537,0.16632988750934596,nan,0.0,nan,0.0,0
7,280,2392,0.1358522727272727,2560,1.570354449748993,0.388671875,0.837113332748413,0.8164428919553757,0.285546875,0.3913057193160057,0.5917921960353851,0.03137257695198059,0.0506445175036788,0.7254693448543549,0.8484708994626999,0.011357566714286893,0.16632988750934596,nan,0.0,nan,0.0,0
7,300,2412,0.13698863636363634,2560,1.5799282431602477,0.401953125,0.8622213214635849,0.830154436826706,0.253515625,0.393293721973896,0.5989134639501572,0.03137257695198059,0.05232246052473784,0.7301843494176865,0.8484708994626999,-0.013750422000884943,0.16632988750934596,nan,0.0,nan,0.0,0
7,320,2432,0.138125,2560,1.5843441307544708,0.393359375,0.8468066990375519,0.8226631343364715,0.265234375,0.40616593807935714,0.5977139979600906,0.03137257695198059,0.05372849348932505,0.7327528357505798,0.8484708994626999,0.0016642004251480325,0.16632988750934596,nan,0.0,nan,0.0,0
7,340,2452,0.13926136363636363,2560,1.5588408589363099,0.40078125,0.8495888948440552,0.8270780116319656,0.26875,0.38774582743644714,0.5920944362878799,0.03137257695198059,0.05346350558102131,0.7331167042255402,0.8468066990375519,-0.002782195806503296,0.16632988750934596,nan,0.0,0.3203125,0.37200420000590384,0
7,352,2464,0.13994318181818183,1480,1.5738161570317037,0.40000000032218724,0.8395764805175162,0.8220001678209047,0.2614864866475801,0.40074057144087716,0.597158971026137,0.03137257695198059,0.051441542623010844,0.729632780358598,0.8468066990375519,0.007230218520035692,0.16632988750934596,nan,0.0,nan,0.0,0
8,20,2484,0.14107954545454546,2560,1.5514049351215362,0.4046875,0.8410689860582352,0.8204873591661453,0.275,0.3923506736755371,0.5967198878526687,0.03137257695198059,0.05103045105934143,0.7263469606637954,0.8468066990375519,0.005737712979316689,0.16632988750934596,nan,0.0,nan,0.0,0
8,40,2504,0.1422159090909091,2560,1.54489563703537,0.396875,0.8396324455738068,0.8233012080192565,0.276171875,0.4122950851917267,0.5900975853204727,0.03137257695198059,0.04866050519049168,0.723522424697876,0.8468066990375519,0.007174253463745117,0.16632988750934596,nan,0.0,nan,0.0,0
8,60,2524,0.14335227272727272,2560,1.5437670469284057,0.40859375,0.8444226533174515,0.82511967420578,0.26796875,0.38831392079591753,0.5921786218881607,0.03137257695198059,0.05034314189106226,0.7273417919874191,0.8410689860582352,-0.003353667259216264,0.16632988750934596,nan,0.0,nan,0.0,0
8,80,2544,0.14448863636363635,2560,1.538801246881485,0.416015625,0.8348736226558685,0.8188812464475632,0.26171875,0.39296495616436006,0.5946213006973267,0.03137257695198059,0.04692970868200064,0.7191426753997803,0.8410689860582352,0.006195363402366705,0.16632988750934596,nan,0.0,0.3046875,0.36863839998841286,0
8,100,2564,0.145625,2560,1.582990860939026,0.408203125,0.8458139210939407,0.8226234644651413,0.271875,0.4070020005106926,0.5989311397075653,0.03137257695198059,0.05531048681586981,0.7362842589616776,0.8396324455738068,-0.006181475520133928,0.16632988750934596,nan,0.0,nan,0.0,0
8,120,2584,0.14676136363636363,2560,1.573501420021057,0.41015625,0.8521723091602326,0.8248469203710556,0.276953125,0.4154800042510033,0.595838314294815,0.03137257695198059,0.049317586794495584,0.7245958685874939,0.8410689860582352,-0.011103323101997353,0.16632988750934596,nan,0.0,nan,0.0,0
8,140,2604,0.14789772727272726,2560,1.542399376630783,0.398828125,0.8383920967578888,0.8201552271842957,0.2796875,0.3898634403944016,0.5950154840946198,0.03137257695198059,0.05389827210456133,0.732758292555809,0.8444226533174515,0.006030556559562639,0.16632988750934596,nan,0.0,nan,0.0,0
8,160,2624,0.1490340909090909,2560,1.5465638756752014,0.400390625,0.8533604115247726,0.8276647180318832,0.259765625,0.39206588417291643,0.5944326013326645,0.03137257695198059,0.052609178610146044,0.7313173532485961,0.8444226533174515,-0.008937758207321123,0.16632988750934596,nan,0.0,nan,0.0,0
8,180,2644,0.15017045454545455,2560,1.5927223563194275,0.4,0.8533366650342942,0.8248273402452468,0.284375,0.41714161783456805,0.5966343075037003,0.03137257695198059,0.05174574982374906,0.7297788739204407,0.8458139210939407,-0.00752274394035346,0.16632988750934596,nan,0.0,0.3671875,0.3741483000048902,0
8,200,2664,0.15130681818181818,2560,1.564002674818039,0.403125,0.8372153282165528,0.8222459375858306,0.28515625,0.40547874122858046,0.5902158290147781,0.03137257695198059,0.05305728428065777,0.7314747214317322,0.8521723091602326,0.01495698094367981,0.16632988750934596,nan,0.0,nan,0.0,0
8,220,2684,0.1524431818181818,2560,1.570781522989273,0.41640625,0.8451103419065475,0.8219433039426803,0.2703125,0.400709243118763,0.5939786463975907,0.03137257695198059,0.05554116182029247,0.7364085644483567,0.8521723091602326,0.00706196725368502,0.16632988750934596,nan,0.0,nan,0.0,0
8,240,2704,0.15357954545454547,2560,1.53950754404068,0.4015625,0.839362233877182,0.8196412622928619,0.2796875,0.4060282602906227,0.5980107873678208,0.03137257695198059,0.05400471929460764,0.7338498651981353,0.8451103419065475,0.0057481080293655396,0.16632988750934596,nan,0.0,nan,0.0,0
8,260,2724,0.1547159090909091,2560,1.5347519934177398,0.416015625,0.8375551909208298,0.8201319575309753,0.264453125,0.40462440103292463,0.5973354518413544,0.03137257695198059,0.05219769813120365,0.7294658303260804,0.8451103419065475,0.007555150985717796,0.16632988750934596,nan,0.0,nan,0.0,0
8,280,2744,0.15585227272727273,2560,1.5802237272262574,0.3984375,0.8387222826480866,0.8213901728391647,0.26953125,0.4151100769639015,0.5942024409770965,0.03137257695198059,0.053244400583207604,0.733153659105301,0.839362233877182,0.0006399512290954368,0.16632988750934596,nan,0.0,0.296875,0.37008090000017546,0
8,300,2764,0.15698863636363636,2560,1.5612879931926726,0.405078125,0.8502272546291352,0.8255503505468369,0.26796875,0.38418889939785006,0.5946051508188248,0.03137257695198059,0.04990789424628019,0.7281088769435883,0.8387222826480866,-0.011504971981048606,0.16632988750934596,nan,0.0,nan,0.0,0
8,320,2784,0.158125,2560,1.5633101344108582,0.408984375,0.8409744054079056,0.8223249077796936,0.269140625,0.41981095522642137,0.5981197535991669,0.03137257695198059,0.05234022606164217,0.730158531665802,0.839362233877182,-0.0016121715307235718,0.16632988750934596,nan,0.0,nan,0.0,0
8,340,2804,0.15926136363636365,2560,1.5525219798088075,0.40078125,0.8361622869968415,0.8191120386123657,0.281640625,0.4008400797843933,0.5998548030853271,0.03137257695198059,0.0474345326423645,0.7212145268917084,0.839362233877182,0.0031999468803405318,0.16632988750934596,nan,0.0,nan,0.0,0
8,352,2816,0.15994318181818182,1480,1.5458305384661701,0.42162162226599614,0.8269047572806075,0.8084147385648779,0.255405405163765,0.4190740559552167,0.5990216970443726,0.03137257695198059,0.04693676907871221,0.7197579921902837,0.8387222826480866,0.011817525367479043,0.16632988750934596,nan,0.0,nan,0.0,0
9,20,2836,0.16107954545454548,2560,1.5291212558746339,0.417578125,0.8338380664587021,0.8174137353897095,0.258203125,0.38902684599161147,0.6010856807231904,0.03137257695198059,0.0463494710624218,0.7184571713209152,0.8387222826480866,0.004884216189384505,0.16632988750934596,nan,0.0,0.3359375,0.37210530001902953,0
9,40,2856,0.1622159090909091,2560,1.514973556995392,0.423828125,0.8357300847768784,0.8182397425174713,0.266796875,0.4044241562485695,0.5947819024324417,0.03137257695198059,0.049586295150220394,0.7253177911043167,0.8361622869968415,0.00043220221996309593,0.16632988750934596,nan,0.0,nan,0.0,0
9,60,2876,0.16335227272727273,2560,1.5280915796756744,0.4171875,0.8478459626436233,0.8259151697158813,0.278125,0.40786166340112684,0.5965976983308792,0.03137257695198059,0.05027642548084259,0.7284483164548874,0.8357300847768784,-0.01211587786674495,0.16632988750934596,nan,0.0,nan,0.0,0
9,80,2896,0.16448863636363636,2560,1.5567675232887268,0.4015625,0.8344685465097428,0.8180952906608582,0.27265625,0.42613653987646105,0.5985309839248657,0.03137257695198059,0.04865902774035931,0.7251239329576492,0.8357300847768784,0.001261538267135598,0.16632988750934596,nan,0.0,nan,0.0,0
9,100,2916,0.165625,2560,1.5481233656406403,0.41640625,0.8340700954198838,0.8170728236436844,0.271875,0.40413484871387484,0.5977793574333191,0.03137257695198059,0.04850642029196024,0.7237883031368255,0.8344685465097428,0.000398451089859031,0.16632988750934596,nan,0.0,nan,0.0,0
9,120,2936,0.16676136363636365,2560,1.514057034254074,0.43046875,0.8402315944433212,0.81921426653862,0.263671875,0.40309607088565824,0.5949616968631745,0.03137257695198059,0.04814903270453215,0.7233744472265243,0.8344685465097428,-0.005763047933578402,0.16632988750934596,nan,0.0,0.3828125,0.38012390001676977,0
9,140,2956,0.16789772727272728,2560,1.5432751774787903,0.401171875,0.8384325325489044,0.8221138179302215,0.29140625,0.4123240545392036,0.5944230616092682,0.03137257695198059,0.05243692435324192,0.7325572401285172,0.8357300847768784,-0.0027024477720259954,0.16632988750934596,nan,0.0,nan,0.0,0
9,160,2976,0.1690340909090909,2560,1.5467326641082764,0.4,0.8345522612333298,0.8181160181760788,0.275390625,0.4148677080869675,0.59292833507061,0.03137257695198059,0.0512606143951416,0.7302273035049438,0.8384325325489044,0.003880271315574557,0.16632988750934596,nan,0.0,nan,0.0,0
9,180,2996,0.17017045454545454,2560,1.5363375663757324,0.416015625,0.8300535947084426,0.8187617182731628,0.2734375,0.4284063771367073,0.5935595393180847,0.03137257695198059,0.05034327041357756,0.726043027639389,0.8345522612333298,0.004498666524887174,0.16632988750934596,nan,0.0,nan,0.0,0
9,200,3016,0.17130681818181817,2560,1.529726153612137,0.4078125,0.8286732643842697,0.8141238123178482,0.275390625,0.39907232820987704,0.5934526056051255,0.03137257695198059,0.04681390803307295,0.7182155311107635,0.8345522612333298,0.005878996849060125,0.16632988750934596,nan,0.0,nan,0.0,0
9,220,3036,0.17244318181818183,2560,1.543985903263092,0.418359375,0.8292770236730576,0.813293731212616,0.2671875,0.41207143366336824,0.5923024713993073,0.03137257695198059,0.04696879126131535,0.7200513184070587,0.8345522612333298,0.005275237560272261,0.16632988750934596,nan,0.0,0.3515625,0.37226210001972504,0
9,240,3056,0.17357954545454546,2560,1.5367960691452027,0.405078125,0.8281432002782821,0.8158381342887878,0.269140625,0.4078824743628502,0.5979385614395142,0.03137257695198059,0.04821063317358494,0.7219129115343094,0.8300535947084426,0.0019103944301605003,0.16632988750934596,nan,0.0,nan,0.0,0
9,260,3076,0.1747159090909091,2560,1.5642372727394105,0.40703125,0.8319282114505768,0.8179954677820206,0.262109375,0.39654155224561694,0.5951891779899597,0.03137257695198059,0.05184692367911339,0.7284183412790298,0.8292770236730576,-0.0026511877775192705,0.16632988750934596,nan,0.0,nan,0.0,0
9,280,3096,0.17585227272727272,2560,1.5125696301460265,0.4203125,0.826614287495613,0.8109962671995163,0.2765625,0.4137989416718483,0.5933942317962646,0.03137257695198059,0.049792785197496414,0.7266355782747269,0.8292770236730576,0.0026627361774445024,0.16632988750934596,nan,0.0,nan,0.0,0
9,300,3116,0.17698863636363635,2560,1.5560341119766234,0.412109375,0.826778593659401,0.8181041926145554,0.268359375,0.4142274588346481,0.5983478754758835,0.03137257695198059,0.04706466980278492,0.7188598126173019,0.8286732643842697,0.0018946707248687078,0.16632988750934596,nan,0.0,nan,0.0,0
9,320,3136,0.178125,2560,1.5776414811611175,0.40703125,0.8346048474311829,0.8222311913967133,0.2609375,0.4052559122443199,0.5933242976665497,0.03137257695198059,0.04870067499577999,0.7239057630300522,0.8281432002782821,-0.006461647152900762,0.16632988750934596,nan,0.0,0.265625,0.3706211000098847,0
9,340,3156,0.17926136363636364,2560,1.53512282371521,0.419921875,0.8164766281843185,0.809720253944397,0.282421875,0.4114909753203392,0.598833230137825,0.03137257695198059,0.049423184059560296,0.7251594126224518,0.8281432002782821,0.0116665720939636,0.16632988750934596,nan,0.0,nan,0.0,0
9,352,3168,0.17994318181818184,1480,1.5866255296243204,0.38648648600320556,0.8182261447648744,0.8133450492008313,0.2871621629676303,0.4418037601419397,0.5873858603271278,0.03137257695198059,0.04696900755972475,0.7204606649037953,0.826778593659401,0.008552448894526554,0.16632988750934596,nan,0.0,nan,0.0,0
10,20,3188,0.18107954545454547,2560,1.5661994695663453,0.403125,0.8385810405015945,0.8224455624818802,0.276953125,0.3997176423668861,0.5929058283567429,0.03137257695198059,0.04790128730237484,0.7215170472860336,0.826614287495613,-0.01196675300598149,0.16632988750934596,nan,0.0,nan,0.0,0
10,40,3208,0.1822159090909091,2560,1.510663390159607,0.42421875,0.8275781035423279,0.8173526972532272,0.276171875,0.4075459182262421,0.5950849056243896,0.03137257695198059,0.048140390403568746,0.7217618286609649,0.826778593659401,-0.0007995098829268743,0.16632988750934596,nan,0.0,nan,0.0,0
10,60,3228,0.18335227272727272,2560,1.4986647069454193,0.433984375,0.8262269347906113,0.8123646020889282,0.267578125,0.4129378110170364,0.5898791193962097,0.03137257695198059,0.04784133471548557,0.7207929879426956,0.8275781035423279,0.0013511687517165916,0.16632988750934596,nan,0.0,0.328125,0.3656988999864552,0
10,80,3248,0.18448863636363635,2560,1.5293835878372193,0.41875,0.8254330515861511,0.8097431391477585,0.296875,0.4340264335274696,0.5933592617511749,0.03137257695198059,0.04745659064501524,0.7214632421731949,0.8262269347906113,0.0007938832044601662,0.16632988750934596,nan,0.0,nan,0.0,0
10,100,3268,0.185625,2560,1.5156571209430694,0.41015625,0.834382951259613,0.8176187068223953,0.28828125,0.4062871053814888,0.5968709498643875,0.03137257695198059,0.05284179262816906,0.7318209707736969,0.8262269347906113,-0.00815601646900177,0.16632988750934596,nan,0.0,nan,0.0,0
10,120,3288,0.18676136363636364,2560,1.52474365234375,0.42421875,0.8227433502674103,0.818744170665741,0.280859375,0.4256227433681488,0.5952011257410049,0.03137257695198059,0.04987487737089395,0.7253231436014176,0.8275781035423279,0.004834753274917558,0.16632988750934596,nan,0.0,nan,0.0,0
10,140,3308,0.18789772727272727,2560,1.5482055246829987,0.396484375,0.8239995926618576,0.8144972652196885,0.298046875,0.42717407643795013,0.5933576136827469,0.03137257695198059,0.04658005740493536,0.716964066028595,0.8262269347906113,0.00222734212875364,0.16632988750934596,nan,0.0,nan,0.0,0
10,160,3328,0.1890340909090909,2560,1.5092437803745269,0.4203125,0.8347433388233185,0.8192057490348816,0.2703125,0.40809483975172045,0.5950697839260102,0.03137257695198059,0.05042021721601486,0.7269055783748627,0.8254330515861511,-0.009310287237167425,0.16632988750934596,nan,0.0,0.328125,0.3732433000113815,0
10,180,3348,0.19017045454545453,2560,1.5372993052005768,0.406640625,0.8255861103534698,0.8137596279382706,0.287890625,0.41617084890604017,0.5964069575071335,0.03137257695198059,0.04630276821553707,0.7189476013183593,0.8254330515861511,-0.0001530587673187478,0.16632988750934596,nan,0.0,nan,0.0,0
10,200,3368,0.1913068181818182,2560,1.5936027407646178,0.408984375,0.8314224690198898,0.8164835721254349,0.2671875,0.42786330729722977,0.5951431542634964,0.03137257695198059,0.05149036906659603,0.7292519003152848,0.8255861103534698,-0.005836358666419961,0.16632988750934596,nan,0.0,nan,0.0,0
10,220,3388,0.19244318181818182,2560,1.5445228278636933,0.4125,0.8208502739667892,0.8113613277673721,0.27890625,0.4013415530323982,0.590830248594284,0.03137257695198059,0.049416744336485866,0.7250107020139694,0.8255861103534698,0.004735836386680625,0.16632988750934596,nan,0.0,nan,0.0,0
10,240,3408,0.19357954545454545,2560,1.5247979938983918,0.419921875,0.8187443107366562,0.8083037286996841,0.2796875,0.41703873723745344,0.5932584345340729,0.03137257695198059,0.05126798637211323,0.7286645919084549,0.8255861103534698,0.0068417996168136375,0.16632988750934596,nan,0.0,nan,0.0,0
10,260,3428,0.19471590909090908,2560,1.5278400182724,0.40234375,0.821274796128273,0.8176558405160904,0.29765625,0.41474996507167816,0.5930387020111084,0.03137257695198059,0.05011049099266529,0.7266276478767395,0.8255861103534698,0.004311314225196816,0.16632988750934596,nan,0.0,0.3828125,0.37795270001515746,0
10,280,3448,0.1958522727272727,2560,1.5457613229751588,0.412890625,0.8236723214387893,0.8143070459365844,0.2859375,0.41681102365255357,0.5927275508642197,0.03137257695198059,0.046400972083210944,0.718837657570839,0.821274796128273,-0.002397525310516291,0.16632988750934596,nan,0.0,nan,0.0,0
10,300,3468,0.19698863636363637,2560,1.5362355053424834,0.4171875,0.8228749394416809,0.8167245507240295,0.273046875,0.4055270716547966,0.594942620396614,0.03137257695198059,0.04943612460047007,0.7235625058412551,0.821274796128273,-0.0016001433134078535,0.16632988750934596,nan,0.0,nan,0.0,0
10,320,3488,0.198125,2560,1.539798104763031,0.41875,0.8157934606075287,0.8119955897331238,0.28125,0.4122715264558792,0.5936687737703323,0.03137257695198059,0.046601845882833004,0.7185913860797882,0.821274796128273,0.005481335520744368,0.16632988750934596,nan,0.0,nan,0.0,0
10,340,3508,0.19926136363636363,2560,1.5567545592784882,0.416796875,0.8151870667934418,0.811315044760704,0.275390625,0.4199116066098213,0.5931325435638428,0.03137257695198059,0.0447639349848032,0.7144117653369904,0.821274796128273,0.00608772933483126,0.16632988750934596,nan,0.0,nan,0.0,0
10,352,3520,0.19994318181818183,1480,1.5541200367180077,0.4195945947556882,0.8158515011942065,0.8176109120652483,0.27229729770003136,0.42685638327856323,0.597283016990971,0.03137257695198059,0.04661123180711592,0.7205412990338094,0.821274796128273,0.005423294934066569,0.16632988750934596,nan,0.0,0.3125,0.3777381000109017,0
11,20,3540,0.20107954545454546,2560,1.5213118493556976,0.419921875,0.8217085421085357,0.8176876276731491,0.278125,0.4219482928514481,0.5925633937120438,0.03137257695198059,0.0469939298927784,0.7201400071382522,0.8158515011942065,-0.005857040914329259,0.16632988750934596,nan,0.0,nan,0.0,0
11,40,3560,0.20221590909090909,2560,1.5334648191928864,0.42578125,0.8106490790843963,0.8095638453960419,0.269921875,0.42228107452392577,0.5900894314050674,0.03137257695198059,0.04609448369592428,0.7192814916372299,0.8158515011942065,0.005202422109810145,0.16632988750934596,nan,0.0,nan,0.0,0
11,60,3580,0.20335227272727271,2560,1.5188089847564696,0.425390625,0.8339520931243897,0.8187978297472001,0.270703125,0.40377745777368546,0.5865964442491531,0.03137257695198059,0.047911985963582995,0.7223389744758606,0.8157934606075287,-0.018158632516861006,0.16632988750934596,nan,0.0,nan,0.0,0
11,80,3600,0.20448863636363637,2560,1.5491264283657074,0.41171875,0.8231091916561126,0.8147093683481217,0.274609375,0.413551826775074,0.5909958064556122,0.03137257695198059,0.05071632377803326,0.7283918023109436,0.8158515011942065,-0.007257690461906163,0.16632988750934596,nan,0.0,nan,0.0,0
11,100,3620,0.205625,2560,1.5390591382980348,0.414453125,0.8302009016275406,0.8180061459541321,0.276171875,0.4101584360003471,0.5968565851449966,0.03137257695198059,0.04801762811839581,0.723421111702919,0.8217085421085357,-0.008492359519004844,0.16632988750934596,nan,0.0,0.328125,0.37335380000877194,0
11,120,3640,0.20676136363636363,2560,1.496413093805313,0.41640625,0.818386048078537,0.8126662105321885,0.2703125,0.41475715935230256,0.5934326380491257,0.03137257695198059,0.05015641637146473,0.7275181621313095,0.8231091916561126,0.004723143577575639,0.16632988750934596,nan,0.0,nan,0.0,0
11,140,3660,0.20789772727272726,2560,1.5127074301242829,0.425390625,0.8199837118387222,0.8113027125597,0.2859375,0.42304364293813707,0.5935606896877289,0.03137257695198059,0.04772103875875473,0.7211642771959305,0.8231091916561126,0.0031254798173904197,0.16632988750934596,nan,0.0,nan,0.0,0
11,160,3680,0.2090340909090909,2560,1.5247214555740356,0.418359375,0.8197587549686431,0.811794051527977,0.284765625,0.4253708332777023,0.5926788538694382,0.03137257695198059,0.04583758562803268,0.7167982548475266,0.8231091916561126,0.0033504366874694824,0.16632988750934596,nan,0.0,nan,0.0,0
11,180,3700,0.21017045454545455,2560,1.5675070881843567,0.409375,0.8354808062314987,0.8188015162944794,0.2734375,0.417351171374321,0.5938301324844361,0.03137257695198059,0.04475812073796988,0.7150326132774353,0.8199837118387222,-0.015497094392776467,0.16632988750934596,nan,0.0,nan,0.0,0
11,200,3720,0.21130681818181818,2560,1.5485468089580536,0.40703125,0.806414994597435,0.8102380335330963,0.275,0.41103374063968656,0.5956302851438522,0.03137257695198059,0.04725071005523205,0.7197453945875167,0.8199837118387222,0.013568717241287165,0.16632988750934596,nan,0.0,0.3046875,0.37219970001024194,0
11,220,3740,0.2124431818181818,2560,1.5315104842185974,0.41171875,0.8133660614490509,0.8119696497917175,0.281640625,0.41439892500638964,0.5914470851421356,0.03137257695198059,0.04482321199029684,0.7150803744792938,0.8197587549686431,0.006392693519592263,0.16632988750934596,nan,0.0,nan,0.0,0
11,240,3760,0.21357954545454544,2560,1.535142183303833,0.400390625,0.8186587959527969,0.8119607478380203,0.292578125,0.4133638828992844,0.6013069331645966,0.03137257695198059,0.04436058830469847,0.7126412868499756,0.8197587549686431,0.0010999590158462524,0.16632988750934596,nan,0.0,nan,0.0,0
11,260,3780,0.21471590909090907,2560,1.5214046001434327,0.41796875,0.8184669405221939,0.8175831019878388,0.275,0.3953300878405571,0.5940988093614579,0.03137257695198059,0.04868237245827913,0.7235101222991943,0.8186587959527969,0.00019185543060296073,0.16632988750934596,nan,0.0,nan,0.0,0
11,280,3800,0.21585227272727273,2560,1.526045525074005,0.420703125,0.814592468738556,0.8135545313358307,0.271484375,0.41824841499328613,0.5974437892436981,0.03137257695198059,0.049672001600265504,0.7264775514602662,0.8184669405221939,0.0038744717836379783,0.16632988750934596,nan,0.0,nan,0.0,0
11,300,3820,0.21698863636363636,2560,1.5202916264533997,0.42265625,0.8034060657024383,0.8039879024028778,0.287109375,0.4220915749669075,0.5978166162967682,0.03137257695198059,0.04506691955029964,0.7163293838500977,0.814592468738556,0.01118640303611762,0.16632988750934596,nan,0.0,0.2890625,0.3736223999876529,0
11,320,3840,0.21812499999999999,2560,1.5476257741451263,0.409765625,0.811899384856224,0.8085188776254654,0.2875,0.43739498853683473,0.6001312434673309,0.03137257695198059,0.04422413967549801,0.7127492487430572,0.814592468738556,0.0026930838823319148,0.16632988750934596,nan,0.0,nan,0.0,0
11,340,3860,0.21926136363636362,2560,1.560206526517868,0.413671875,0.8234212309122085,0.8166176080703735,0.280078125,0.4169693276286125,0.5924906581640244,0.03137257695198059,0.04834998585283756,0.7249805361032486,0.814592468738556,-0.008828762173652582,0.16632988750934596,nan,0.0,nan,0.0,0
11,352,3872,0.21994318181818182,1480,1.5452851598327224,0.407432433076807,0.8152262935767303,0.8077295950941137,0.29256756788975485,0.42862100730071195,0.5916356740771114,0.03137257695198059,0.050796415596394924,0.7299437303800841,0.814592468738556,-0.0006338248381743128,0.16632988750934596,nan,0.0,nan,0.0,0
12,20,3892,0.22107954545454545,2560,1.5480613231658935,0.41328125,0.8216880589723587,0.8148140192031861,0.2625,0.4176753222942352,0.5947143793106079,0.03137257695198059,0.048532083816826346,0.7246704339981079,0.814592468738556,-0.007095590233802795,0.16632988750934596,nan,0.0,nan,0.0,0
12,40,3912,0.22221590909090908,2560,1.5101756870746612,0.414453125,0.8202770322561264,0.8145284235477448,0.249609375,0.38153775334358214,0.5983740627765656,0.03137257695198059,0.0427454000338912,0.7105181902647019,0.8152262935767303,-0.005050738679396094,0.16632988750934596,nan,0.0,0.3671875,0.38397530000656843,0
12,60,3932,0.22335227272727273,2560,1.5298062980175018,0.408203125,0.8060147792100907,0.8094885736703873,0.2828125,0.43599668592214585,0.6005366176366806,0.03137257695198059,0.04438638370484114,0.7143760681152344,0.8202770322561264,0.014262253046035678,0.16632988750934596,nan,0.0,nan,0.0,0
12,80,3952,0.22448863636363636,2560,1.5421749711036683,0.40703125,0.8096861660480499,0.8085580378770828,0.270703125,0.4254947915673256,0.5999776393175125,0.03137257695198059,0.04437447227537632,0.7153837591409683,0.8202770322561264,0.010590866208076477,0.16632988750934596,nan,0.0,nan,0.0,0
12,100,3972,0.225625,2560,1.528857523202896,0.428515625,0.8132562965154648,0.812982577085495,0.269140625,0.4204949751496315,0.5948130488395691,0.03137257695198059,0.05047845728695392,0.7281002074480056,0.8152262935767303,0.0019699970612654383,0.16632988750934596,nan,0.0,nan,0.0,0
12,120,3992,0.22676136363636362,2560,1.537655484676361,0.4109375,0.8109058827161789,0.8094986081123352,0.283984375,0.42903168946504594,0.5942108362913132,0.03137257695198059,0.04899763595312834,0.7239288777112961,0.8132562965154648,0.002350413799285911,0.16632988750934596,nan,0.0,nan,0.0,0
12,140,4012,0.22789772727272725,2560,1.5403372466564178,0.4,0.8275944024324418,0.8164634972810745,0.28359375,0.3947895556688309,0.5989924281835556,0.03137257695198059,0.04570012837648392,0.7161791533231735,0.8109058827161789,-0.01668851971626284,0.16632988750934596,nan,0.0,0.3125,0.3708604999992531,0
12,160,4032,0.22903409090909088,2560,1.514750850200653,0.41796875,0.8103156715631485,0.8093308925628662,0.290234375,0.41286045014858247,0.5984776943922043,0.03137257695198059,0.04880077932029962,0.7250093787908554,0.8109058827161789,0.0005902111530303733,0.16632988750934596,nan,0.0,nan,0.0,0
12,180,4052,0.23017045454545454,2560,1.5449028253555297,0.4203125,0.808443546295166,0.8152521938085556,0.279296875,0.4225924119353294,0.5919638454914093,0.03137257695198059,0.04347154311835766,0.7130768924951554,0.8109058827161789,0.0024623364210129006,0.16632988750934596,nan,0.0,nan,0.0,0
12,200,4072,0.23130681818181817,2560,1.5757944107055664,0.404296875,0.8176324099302292,0.8184452205896378,0.275,0.4127513080835342,0.5946530878543854,0.03137257695198059,0.04495748989284039,0.7160854995250702,0.8109058827161789,-0.006726527214050315,0.16632988750934596,nan,0.0,nan,0.0,0
12,220,4092,0.2324431818181818,2560,1.5725537896156312,0.405078125,0.8246274054050445,0.8151338130235672,0.280078125,0.4140205904841423,0.5999485194683075,0.03137257695198059,0.048022917658090594,0.722479498386383,0.8109058827161789,-0.013721522688865617,0.16632988750934596,nan,0.0,nan,0.0,0
12,240,4112,0.23357954545454543,2560,1.5670311808586121,0.398046875,0.8298583954572678,0.8209560573101043,0.298046875,0.4057634398341179,0.5927072137594223,0.03137257695198059,0.05020006410777569,0.7271786123514176,0.8176324099302292,-0.012225985527038574,0.16632988750934596,nan,0.0,0.3203125,0.37449370001559146,0
12,260,4132,0.23471590909090906,2560,1.5539920806884766,0.41328125,0.8238986313343049,0.8188831508159637,0.273828125,0.40680384784936907,0.5899543941020966,0.03137257695198059,0.04707776587456465,0.7183589577674866,0.8176324099302292,-0.0062662214040756226,0.16632988750934596,nan,0.0,nan,0.0,0
12,280,4152,0.23585227272727272,2560,1.5285138130187987,0.40625,0.8036429852247238,0.8088990777730942,0.290234375,0.4183628708124161,0.5965880244970322,0.03137257695198059,0.04671038594096899,0.719670620560646,0.8238986313343049,0.020255646109581082,0.16632988750934596,nan,0.0,nan,0.0,0
12,300,4172,0.23698863636363635,2560,1.5656009674072267,0.405078125,0.8190258800983429,0.8147251337766648,0.270703125,0.41745277792215346,0.5941987544298172,0.03137257695198059,0.05097877774387598,0.7293821305036545,0.8238986313343049,0.004872751235961981,0.16632988750934596,nan,0.0,nan,0.0,0
12,320,4192,0.23812499999999998,2560,1.5431097865104675,0.410546875,0.8337856620550156,0.8164072871208191,0.273046875,0.4038100004196167,0.5970824122428894,0.03137257695198059,0.046112921833992,0.7165230959653854,0.8238986313343049,-0.009887030720710732,0.16632988750934596,nan,0.0,nan,0.0,0
12,340,4212,0.2392613636363636,2560,1.5474631428718566,0.400390625,0.8149361044168473,0.8118980616331101,0.284375,0.4231121242046356,0.5952987879514694,0.03137257695198059,0.04725201223045587,0.7212849438190461,0.8238986313343049,0.00896252691745758,0.16632988750934596,nan,0.0,0.3203125,0.370172700000694,0
12,352,4224,0.2399431818181818,1480,1.5411675453186036,0.4074324319491515,0.8063477119883975,0.7976098627657504,0.2601351355378692,0.39787626089276495,0.5959545415800971,0.03137257695198059,0.044336930742940386,0.7140541866018966,0.8190258800983429,0.012678168109945376,0.16632988750934596,nan,0.0,nan,0.0,0
13,20,4244,0.24107954545454544,2560,1.5001538455486298,0.420703125,0.8243221014738082,0.8133223414421081,0.294140625,0.4080070674419403,0.5899358242750168,0.03137257695198059,0.052969878725707534,0.7340334206819534,0.8149361044168473,-0.00938599705696097,0.16632988750934596,nan,0.0,nan,0.0,0
13,40,4264,0.24221590909090907,2560,1.513644701242447,0.429296875,0.8138385742902756,0.8108861476182938,0.2578125,0.42484667152166367,0.5926498621702194,0.03137257695198059,0.0472477475181222,0.7212829798460006,0.8190258800983429,0.005187305808067255,0.16632988750934596,nan,0.0,nan,0.0,0
13,60,4284,0.24335227272727272,2560,1.5361261785030365,0.41953125,0.8193494021892548,0.8122270226478576,0.269140625,0.42100579738616944,0.5875215172767639,0.03137257695198059,0.042394544929265976,0.7090901374816895,0.8149361044168473,-0.0044132977724075095,0.16632988750934596,nan,0.0,nan,0.0,0
13,80,4304,0.24448863636363635,2560,1.522477638721466,0.42734375,0.8111593663692475,0.8093474298715592,0.2859375,0.4205209717154503,0.5881232112646103,0.03137257695198059,0.04261132273823023,0.7123110115528106,0.8149361044168473,0.0037767380475998147,0.16632988750934596,nan,0.0,0.2734375,0.3681926999997813,0
13,100,4324,0.24562499999999998,2560,1.519651961326599,0.43203125,0.8049722969532013,0.8091374903917312,0.2671875,0.41354803889989855,0.590863186120987,0.03137257695198059,0.044107025116682054,0.7126341670751571,0.8138385742902756,0.008866277337074346,0.16632988750934596,nan,0.0,nan,0.0,0
13,120,4344,0.2467613636363636,2560,1.5198861956596375,0.4265625,0.8036372482776641,0.8052973538637161,0.279296875,0.44623406380414965,0.588980758190155,0.03137257695198059,0.04452502503991127,0.7163390427827835,0.8138385742902756,0.010201326012611478,0.16632988750934596,nan,0.0,nan,0.0,0
13,140,4364,0.24789772727272724,2560,1.5704081058502197,0.397265625,0.8109228938817978,0.8124738276004791,0.27578125,0.4079240083694458,0.5969665676355362,0.03137257695198059,0.04497853592038155,0.7152321308851242,0.8111593663692475,0.0002364724874496238,0.16632988750934596,nan,0.0,nan,0.0,0
13,160,4384,0.2490340909090909,2560,1.5582133829593658,0.396875,0.809572845697403,0.8137812554836273,0.283984375,0.41774879544973376,0.5923142999410629,0.03137257695198059,0.0450641542673111,0.7162291944026947,0.8109228938817978,0.0013500481843948808,0.16632988750934596,nan,0.0,nan,0.0,0
13,180,4404,0.2501704545454545,2560,1.5481714010238647,0.406640625,0.8217016309499741,0.8155107080936432,0.283203125,0.40876655727624894,0.590245071053505,0.03137257695198059,0.049264528416097166,0.7249073266983033,0.809572845697403,-0.012128785252571106,0.16632988750934596,nan,0.0,0.3203125,0.37110660001053475,0
13,200,4424,0.25130681818181816,2560,1.5685554623603821,0.402734375,0.8214726388454437,0.8110692530870438,0.263671875,0.4204184964299202,0.5914085626602172,0.03137257695198059,0.04518543016165495,0.7176933765411377,0.809572845697403,-0.011899793148040794,0.16632988750934596,nan,0.0,nan,0.0,0
13,220,4444,0.2524431818181818,2560,1.5512839078903198,0.42109375,0.816700953245163,0.8161948084831238,0.27265625,0.4046198189258575,0.5943958461284637,0.03137257695198059,0.04713008068501949,0.720208927989006,0.8109228938817978,-0.005778059363365173,0.16632988750934596,nan,0.0,nan,0.0,0
13,240,4464,0.2535795454545454,2560,1.5763922572135924,0.412890625,0.8190691828727722,0.814116558432579,0.275390625,0.4135363161563873,0.5953262478113175,0.03137257695198059,0.04315646477043629,0.7116902112960816,0.816700953245163,-0.0023682296276091863,0.16632988750934596,nan,0.0,nan,0.0,0
13,260,4484,0.2547159090909091,2560,1.573263370990753,0.401953125,0.8297829359769822,0.8134004175662994,0.277734375,0.41544437110424043,0.5980865776538848,0.03137257695198059,0.04358900357037783,0.7118374079465866,0.8190691828727722,-0.010713753104209967,0.16632988750934596,nan,0.0,nan,0.0,0
13,280,4504,0.2558522727272727,2560,1.5607392191886902,0.412890625,0.8052188128232955,0.8100958645343781,0.2703125,0.40034100562334063,0.592721825838089,0.03137257695198059,0.045359067432582376,0.7168841451406479,0.8214726388454437,0.0162538260221482,0.16632988750934596,nan,0.0,0.3125,0.3727134000218939,0
13,300,4524,0.2569886363636364,2560,1.5465291380882262,0.409765625,0.8166348814964295,0.8098264217376709,0.2875,0.4120947182178497,0.5988874018192292,0.03137257695198059,0.0471017112955451,0.7215347051620483,0.8190691828727722,0.002434301376342707,0.16632988750934596,nan,0.0,nan,0.0,0
13,320,4544,0.258125,2560,1.529743641614914,0.4234375,0.8120134770870209,0.8082747310400009,0.2640625,0.413036248087883,0.5918865412473678,0.03137257695198059,0.04507975075393915,0.7176355093717575,0.816700953245163,0.004687476158142134,0.16632988750934596,nan,0.0,nan,0.0,0
13,340,4564,0.25926136363636365,2560,1.5400269508361817,0.42265625,0.8187605232000351,0.8119696527719498,0.25703125,0.41898668706417086,0.596783596277237,0.03137257695198059,0.04133575800806284,0.7062410235404968,0.8166348814964295,-0.0021256417036056297,0.16632988750934596,nan,0.0,nan,0.0,0
13,352,4576,0.2599431818181818,1480,1.5209127819215928,0.4270270271881207,0.8143477069365012,0.8035884422224921,0.2790540546984286,0.39721648999162623,0.6013454272940352,0.03137257695198059,0.04458260165678488,0.7142961115450472,0.8166348814964295,0.002287174559928329,0.16632988750934596,nan,0.0,nan,0.0,0
14,20,4596,0.2610795454545454,2560,1.5509564757347107,0.401171875,0.8195062130689621,0.8150502681732178,0.27734375,0.41361093819141387,0.5916745692491532,0.03137257695198059,0.04601629059761762,0.7218772560358048,0.8143477069365012,-0.005158506132460938,0.16632988750934596,nan,0.0,0.28125,0.3653753999969922,0
14,40,4616,0.2622159090909091,2560,1.546575677394867,0.40703125,0.7957585096359253,0.8063773036003112,0.279296875,0.43592063933610914,0.5987367153167724,0.03137257695198059,0.045252023823559286,0.717381677031517,0.8166348814964295,0.020876371860504173,0.16632988750934596,nan,0.0,nan,0.0,0
14,60,4636,0.2633522727272727,2560,1.573916381597519,0.406640625,0.8226159930229187,0.8157820612192154,0.271484375,0.4108296945691109,0.5959881037473679,0.03137257695198059,0.047245222702622415,0.7223768711090088,0.8143477069365012,-0.008268286086417498,0.16632988750934596,nan,0.0,nan,0.0,0
14,80,4656,0.26448863636363634,2560,1.5015532910823821,0.43984375,0.7928889572620392,0.8035147517919541,0.267578125,0.4113353818655014,0.5919761836528779,0.03137257695198059,0.04466198403388262,0.7133279204368591,0.8187605232000351,0.02587156593799589,0.16632988750934596,nan,0.0,nan,0.0,0
14,100,4676,0.265625,2560,1.5684624433517456,0.423046875,0.8309191018342972,0.8220559656620026,0.26171875,0.4273970738053322,0.5994898706674576,0.03137257695198059,0.04493214059621096,0.7125964313745499,0.8143477069365012,-0.01657139489779602,0.16632988750934596,nan,0.0,nan,0.0,0
14,120,4696,0.2667613636363636,2560,1.5616568088531495,0.3984375,0.804583516716957,0.8049768000841141,0.297265625,0.4342956990003586,0.5909296900033951,0.03137257695198059,0.04627041686326265,0.7198988348245621,0.8195062130689621,0.01492269635200505,0.16632988750934596,nan,0.0,0.359375,0.3681582999997772,0
14,140,4716,0.26789772727272726,2560,1.5493866205215454,0.412109375,0.8166971385478974,0.8152638912200928,0.285546875,0.4145730331540108,0.5942911952733994,0.03137257695198059,0.040948658064007756,0.7074089020490646,0.804583516716957,-0.012113621830940335,0.16632988750934596,nan,0.0,nan,0.0,0
14,160,4736,0.26903409090909086,2560,1.517890590429306,0.421484375,0.8105201721191406,0.8064773797988891,0.262109375,0.4152101591229439,0.5884274989366531,0.03137257695198059,0.04463047888129949,0.7144084602594376,0.8166971385478974,0.006176966428756758,0.16632988750934596,nan,0.0,nan,0.0,0
14,180,4756,0.2701704545454545,2560,1.5374794483184815,0.408984375,0.8159708917140961,0.8121176600456238,0.28984375,0.42323726415634155,0.5884969234466553,0.03137257695198059,0.043023801408708096,0.7125881969928741,0.8105201721191406,-0.0054507195949554665,0.16632988750934596,nan,0.0,nan,0.0,0
14,200,4776,0.2713068181818182,2560,1.5578526079654693,0.4125,0.8059955567121506,0.8086504876613617,0.28203125,0.41855014115571976,0.5934590846300125,0.03137257695198059,0.045809321105480194,0.7173929512500763,0.8159708917140961,0.009975335001945473,0.16632988750934596,nan,0.0,nan,0.0,0
14,220,4796,0.27244318181818183,2560,1.5363160133361817,0.425,0.8098329097032547,0.8132571101188659,0.266796875,0.4249293491244316,0.6018773496150971,0.03137257695198059,0.04435835983604193,0.7145914256572723,0.8105201721191406,0.0006872624158859031,0.16632988750934596,nan,0.0,0.3125,0.369510899996385,0
14,240,4816,0.27357954545454544,2560,1.5647626221179962,0.4046875,0.8207782596349716,0.8140448480844498,0.27421875,0.3909448027610779,0.5992748528718949,0.03137257695198059,0.04465288817882538,0.7127741366624832,0.8105201721191406,-0.010258087515831016,0.16632988750934596,nan,0.0,nan,0.0,0
14,260,4836,0.2747159090909091,2560,1.541430801153183,0.409765625,0.8158543437719346,0.8107259273529053,0.271875,0.4188182055950165,0.591312050819397,0.03137257695198059,0.045266852527856824,0.7152777761220932,0.8105201721191406,-0.005334171652793929,0.16632988750934596,nan,0.0,nan,0.0,0
14,280,4856,0.27585227272727275,2560,1.5618027746677399,0.39921875,0.8245556980371476,0.8181232690811158,0.264453125,0.41009814441204073,0.5969462275505066,0.03137257695198059,0.048157771304249766,0.7236563950777054,0.8158543437719346,-0.008701354265213013,0.16632988750934596,nan,0.0,nan,0.0,0
14,300,4876,0.27698863636363635,2560,1.5410959780216218,0.41328125,0.7973636329174042,0.8015313595533371,0.284375,0.41757337003946304,0.5942755609750747,0.03137257695198059,0.042114796675741674,0.7079741597175598,0.8158543437719346,0.018490710854530357,0.16632988750934596,nan,0.0,nan,0.0,0
14,320,4896,0.278125,2560,1.5421817004680634,0.405078125,0.7968618780374527,0.80516676902771,0.27421875,0.4260246068239212,0.5986077874898911,0.03137257695198059,0.041815928742289545,0.7078959017992019,0.8158543437719346,0.018992465734481878,0.16632988750934596,nan,0.0,0.2578125,0.3728545999911148,0
14,340,4916,0.2792613636363636,2560,1.5531428277492523,0.40078125,0.8129663497209549,0.8092282861471176,0.287890625,0.4028362676501274,0.5980236262083054,0.03137257695198059,0.04644210990518331,0.7186368346214295,0.8158543437719346,0.0028879940509796143,0.16632988750934596,nan,0.0,nan,0.0,0
14,352,4928,0.2799431818181818,1480,1.5069257388243804,0.43513513513513513,0.8048409287993973,0.8107730095450942,0.2722972972972973,0.41740446251791874,0.5939407197204796,0.03137257695198059,0.04669357489895176,0.7168653855452667,0.8129663497209549,0.008125420921557658,0.16632988750934596,nan,0.0,nan,0.0,0
15,20,4948,0.28107954545454544,2560,1.5524276494979858,0.41015625,0.8206157892942428,0.8132217586040497,0.26484375,0.4224687650799751,0.5944261103868484,0.03137257695198059,0.04288925994187594,0.7109454423189163,0.8048409287993973,-0.015774860494845555,0.16632988750934596,nan,0.0,nan,0.0,0
15,40,4968,0.28221590909090905,2560,1.5515173316001891,0.39765625,0.8117856025695801,0.8096383601427078,0.28828125,0.41151693761348723,0.5957679957151413,0.03137257695198059,0.04601643085479736,0.7186944514513016,0.8048409287993973,-0.006944673770182819,0.16632988750934596,nan,0.0,nan,0.0,0
15,60,4988,0.2833522727272727,2560,1.5254322469234467,0.425390625,0.8122464686632156,0.8116811275482178,0.273046875,0.39909417033195493,0.5956586301326752,0.03137257695198059,0.049214352294802664,0.7244192034006118,0.8117856025695801,-0.00046086609363549247,0.16632988750934596,nan,0.0,0.3359375,0.369780000008177,0
15,80,5008,0.28448863636363636,2560,1.5439712345600127,0.4078125,0.8070535153150559,0.808589443564415,0.281640625,0.42059080451726916,0.5956152766942978,0.03137257695198059,0.04608836490660906,0.7184014678001404,0.8122464686632156,0.005192953348159723,0.16632988750934596,nan,0.0,nan,0.0,0
15,100,5028,0.28562499999999996,2560,1.5558980524539947,0.398046875,0.8120959609746933,0.8178124904632569,0.284375,0.4048945471644402,0.5957512110471725,0.03137257695198059,0.043768290616571906,0.7115337669849395,0.8117856025695801,-0.0003103584051131758,0.16632988750934596,nan,0.0,nan,0.0,0
15,120,5048,0.2867613636363636,2560,1.5551069021224975,0.405859375,0.8145612806081772,0.8084162563085556,0.270703125,0.43287177234888075,0.5978687435388566,0.03137257695198059,0.04775114059448242,0.7213593780994415,0.8120959609746933,-0.0024653196334839533,0.16632988750934596,nan,0.0,nan,0.0,0
15,140,5068,0.2878977272727273,2560,1.5664337038993836,0.410546875,0.8159236371517181,0.8077821224927902,0.281640625,0.41297202557325363,0.5945489436388016,0.03137257695198059,0.04880668949335813,0.7252754479646683,0.8120959609746933,-0.0038276761770248413,0.16632988750934596,nan,0.0,nan,0.0,0
15,160,5088,0.28903409090909093,2560,1.5484076917171479,0.403515625,0.8127910315990448,0.815428563952446,0.273046875,0.415863910317421,0.5909722834825516,0.03137257695198059,0.04641757402569056,0.7173089921474457,0.8122464686632156,-0.0005445629358291626,0.16632988750934596,nan,0.0,0.25,0.3661388000182342,0
15,180,5108,0.29017045454545454,2560,1.5520731449127196,0.405078125,0.8022455513477326,0.7991190791130066,0.29296875,0.4234990954399109,0.5969557613134384,0.03137257695198059,0.04732842203229666,0.7200842320919036,0.8127910315990448,0.01054548025131219,0.16632988750934596,nan,0.0,nan,0.0,0
15,200,5128,0.2913068181818182,2560,1.5317645847797394,0.409765625,0.7993822664022445,0.8093499720096589,0.280859375,0.4180030182003975,0.5890339106321335,0.03137257695198059,0.04613036345690489,0.7198960900306701,0.8127910315990448,0.013408765196800232,0.16632988750934596,nan,0.0,nan,0.0,0
15,220,5148,0.2924431818181818,2560,1.5412998020648956,0.40234375,0.8205751001834869,0.8144088953733444,0.277734375,0.4014757961034775,0.5984540492296219,0.03137257695198059,0.04476721528917551,0.7143845945596695,0.8127910315990448,-0.007784068584442139,0.16632988750934596,nan,0.0,nan,0.0,0
15,240,5168,0.29357954545454545,2560,1.5348554849624634,0.403515625,0.8147859007120133,0.8111603051424027,0.282421875,0.4172675937414169,0.5956611812114716,0.03137257695198059,0.04635615944862366,0.7203289538621902,0.8127910315990448,-0.0019948691129685336,0.16632988750934596,nan,0.0,nan,0.0,0
15,260,5188,0.2947159090909091,2560,1.5152469098567962,0.416796875,0.8036775350570678,0.8031659632921219,0.287109375,0.4209167554974556,0.598658898472786,0.03137257695198059,0.04355013146996498,0.7132242918014526,0.8127910315990448,0.009113496541976907,0.16632988750934596,nan,0.0,0.3125,0.36928899999475107,0
15,280,5208,0.2958522727272727,2560,1.5542395830154419,0.402734375,0.8052772998809814,0.8098378688097,0.275,0.4270991563796997,0.5922307550907135,0.03137257695198059,0.04249326288700104,0.7081555485725403,0.8036775350570678,-0.001599764823913552,0.16632988750934596,nan,0.0,nan,0.0,0
15,300,5228,0.29698863636363637,2560,1.5656027913093566,0.394921875,0.8108502298593521,0.8100951015949249,0.278125,0.39900236278772355,0.5909102320671081,0.03137257695198059,0.043842270597815515,0.71438008248806,0.8052772998809814,-0.0055729299783706665,0.16632988750934596,nan,0.0,nan,0.0,0
15,320,5248,0.298125,2560,1.5324544310569763,0.41875,0.8111570209264756,0.811766830086708,0.268359375,0.4234387367963791,0.5943784266710281,0.03137257695198059,0.04492587447166443,0.7164259046316147,0.8108502298593521,-0.0003067910671235019,0.16632988750934596,nan,0.0,nan,0.0,0
15,340,5268,0.29926136363636363,2560,1.5539037525653838,0.4171875,0.8052056640386581,0.8079572260379791,0.2515625,0.4179748460650444,0.5978208094835281,0.03137257695198059,0.04301422573626042,0.7114154398441315,0.8108502298593521,0.0056445658206939475,0.16632988750934596,nan,0.0,nan,0.0,0
15,352,5280,0.2999431818181818,1480,1.554271886155412,0.40202702702702703,0.7853052661225602,0.8006268691372227,0.28175675675675677,0.42121232232531985,0.5944589044596698,0.03137257695198059,0.04051685649398211,0.705371105670929,0.8052772998809814,0.01997203375842116,0.16632988750934596,nan,0.0,0.3203125,0.3797598000091966,0
16,20,5300,0.2989204545454545,2560,1.535996776819229,0.4234375,0.8124016702175141,0.8139978021383285,0.2625,0.4035876363515854,0.602235558629036,0.03137257695198059,0.04707799144089222,0.7194734662771225,0.8052772998809814,-0.007124370336532682,0.16632988750934596,nan,0.0,nan,0.0,0
16,40,5320,0.2977840909090909,2560,1.5743114173412323,0.40546875,0.8022231698036194,0.8116670250892639,0.278125,0.41835216879844667,0.5942013025283813,0.03137257695198059,0.04387124069035053,0.7145939856767655,0.8108502298593521,0.00862706005573266,0.16632988750934596,nan,0.0,nan,0.0,0
16,60,5340,0.29664772727272726,2560,1.5492610931396484,0.410546875,0.8143880724906921,0.8083057582378388,0.281640625,0.4164694592356682,0.5907693356275558,0.03137257695198059,0.0454737514257431,0.7163682460784913,0.8052056640386581,-0.009182408452033997,0.16632988750934596,nan,0.0,nan,0.0,0
16,80,5360,0.29551136363636366,2560,1.529075515270233,0.41328125,0.7990560084581375,0.8022462457418442,0.25859375,0.40810576230287554,0.5928466945886612,0.03137257695198059,0.04921255111694336,0.7250663131475449,0.8052056640386581,0.006149655580520608,0.16632988750934596,nan,0.0,nan,0.0,0
16,100,5380,0.294375,2560,1.513433176279068,0.430078125,0.7998910993337631,0.8076870203018188,0.271875,0.4291270554065704,0.5901305079460144,0.03137257695198059,0.044583185389637944,0.7171952843666076,0.8022231698036194,0.0023320704698562844,0.16632988750934596,nan,0.0,0.3203125,0.3730976000078954,0
16,120,5400,0.2932386363636364,2560,1.5487513363361358,0.41171875,0.8078752130270004,0.8067294031381607,0.288671875,0.42944421619176865,0.5930500298738479,0.03137257695198059,0.04398167468607426,0.7131699949502945,0.8022231698036194,-0.005652043223380976,0.16632988750934596,nan,0.0,nan,0.0,0
16,140,5420,0.2921022727272727,2560,1.53584566116333,0.406640625,0.8067302703857422,0.8114405483007431,0.292578125,0.4362599804997444,0.5937198847532272,0.03137257695198059,0.04381315652281046,0.7132203996181488,0.8022231698036194,-0.0045071005821227805,0.16632988750934596,nan,0.0,nan,0.0,0
16,160,5440,0.2909659090909091,2560,1.553106927871704,0.42265625,0.8079385370016098,0.8108254909515381,0.2765625,0.41552103161811826,0.5912091821432114,0.03137257695198059,0.0451884251087904,0.71769577562809,0.8067302703857422,-0.0012082666158675925,0.16632988750934596,nan,0.0,nan,0.0,0
16,180,5460,0.2898295454545454,2560,1.5148790717124938,0.41953125,0.8070785999298096,0.8104717463254929,0.28515625,0.4252343997359276,0.5949061304330826,0.03137257695198059,0.04324420522898435,0.7110655844211579,0.8067302703857422,-0.0003483295440673828,0.16632988750934596,nan,0.0,nan,0.0,0
16,200,5480,0.2886931818181818,2560,1.5604600310325623,0.407421875,0.8233221709728241,0.8117412745952606,0.28046875,0.41502839177846906,0.5905549585819244,0.03137257695198059,0.04188139121979475,0.7068662911653518,0.8070785999298096,-0.01624357104301455,0.16632988750934596,nan,0.0,0.3125,0.3696047000121325,0
16,220,5500,0.28755681818181816,2560,1.5377213299274444,0.41328125,0.8019807785749435,0.8066907495260238,0.289453125,0.42262964844703677,0.5902028620243073,0.03137257695198059,0.043531836569309236,0.7119696080684662,0.8078752130270004,0.00589443445205684,0.16632988750934596,nan,0.0,nan,0.0,0
16,240,5520,0.28642045454545456,2560,1.5458653807640075,0.407421875,0.8217481762170792,0.8169367700815201,0.27578125,0.41994845420122145,0.5944216579198838,0.03137257695198059,0.04670177884399891,0.7205103069543839,0.8070785999298096,-0.014669576287269614,0.16632988750934596,nan,0.0,nan,0.0,0
16,260,5540,0.2852840909090909,2560,1.5655812203884125,0.40078125,0.8039608806371689,0.8123361110687256,0.272265625,0.409290087223053,0.5948087215423584,0.03137257695198059,0.043604248017072675,0.7136422902345657,0.8079385370016098,0.003977656364440918,0.16632988750934596,nan,0.0,nan,0.0,0
16,280,5560,0.2841477272727273,2560,1.5559272408485412,0.40234375,0.8061984926462173,0.8054072260856628,0.277734375,0.4176802530884743,0.5921095758676529,0.03137257695198059,0.04290532600134611,0.7114287942647934,0.8070785999298096,0.0008801072835922241,0.16632988750934596,nan,0.0,nan,0.0,0
16,300,5580,0.28301136363636364,2560,1.5352828204631805,0.405078125,0.8111102432012558,0.8114007532596588,0.292578125,0.42020082771778106,0.5967407435178756,0.03137257695198059,0.044242196902632716,0.715205442905426,0.8061984926462173,-0.004911750555038452,0.16632988750934596,nan,0.0,0.2421875,0.37313529997481965,0
16,320,5600,0.28187500000000004,2560,1.568456131219864,0.41171875,0.8151176244020462,0.811354473233223,0.267578125,0.4136957421898842,0.5935834467411041,0.03137257695198059,0.04735621623694897,0.7217528522014618,0.8061984926462173,-0.008919131755828813,0.16632988750934596,nan,0.0,nan,0.0,0
16,340,5620,0.28073863636363633,2560,1.567581260204315,0.40078125,0.8013922363519669,0.8058377802371979,0.296875,0.42845609933137896,0.5997033566236496,0.03137257695198059,0.04786917008459568,0.7243549883365631,0.8111102432012558,0.009718006849288918,0.16632988750934596,nan,0.0,nan,0.0,0
16,352,5632,0.2800568181818182,1480,1.5405835248328543,0.4040540548595222,0.8088929930248776,0.8050079732327848,0.27837837837837837,0.4117647320837588,0.5882905080511763,0.031372576770750255,0.04452762273517815,0.7155925393104553,0.8061984926462173,-0.0026945003786602584,0.16632988750934596,nan,0.0,nan,0.0,0
17,20,5652,0.2789204545454545,2560,1.5151477575302124,0.421484375,0.8046509265899658,0.807754534482956,0.28671875,0.4260806694626808,0.5967123866081238,0.03137257695198059,0.04640035293996334,0.7199070751667023,0.8088929930248776,0.004242066434911762,0.16632988750934596,nan,0.0,nan,0.0,0
17,40,5672,0.2777840909090909,2560,1.5129433631896974,0.418359375,0.8080516964197159,0.8088292628526688,0.276171875,0.4224755361676216,0.5938198298215867,0.03137257695198059,0.0428378202021122,0.7107803732156753,0.8088929930248776,0.0008412966051617454,0.16632988750934596,nan,0.0,0.3984375,0.38187169999582693,0
17,60,5692,0.27664772727272724,2560,1.504654484987259,0.432421875,0.8024247646331787,0.8038061916828155,0.266015625,0.4236924141645432,0.592709881067276,0.03137257695198059,0.04224535711109638,0.7105646252632141,0.8080516964197159,0.00562693178653717,0.16632988750934596,nan,0.0,nan,0.0,0
17,80,5712,0.27551136363636364,2560,1.5269022285938263,0.425,0.8089780598878861,0.8076348841190338,0.2796875,0.4118257164955139,0.5934303492307663,0.03137257695198059,0.04302520379424095,0.7107600808143616,0.8046509265899658,-0.004327133297920227,0.16632988750934596,nan,0.0,nan,0.0,0
17,100,5732,0.274375,2560,1.5416927933692932,0.398046875,0.8066764622926712,0.8106606960296631,0.2890625,0.4163799315690994,0.5844174891710281,0.03137257695198059,0.0429832337424159,0.7119812726974487,0.8080516964197159,0.0013752341270446555,0.16632988750934596,nan,0.0,nan,0.0,0
17,120,5752,0.2732386363636364,2560,1.5061669826507569,0.424609375,0.7869204640388489,0.7977307796478271,0.2671875,0.428515137732029,0.5876356959342957,0.03137257695198059,0.040874153934419157,0.7034047573804856,0.8066764622926712,0.01975599825382235,0.16632988750934596,nan,0.0,nan,0.0,0
17,140,5772,0.2721022727272727,2560,1.5500719666481018,0.4078125,0.8051524102687836,0.8081057369709015,0.25234375,0.3910257562994957,0.5971538752317429,0.03137257695198059,0.04716747868806124,0.7207831084728241,0.8066764622926712,0.001524052023887612,0.16632988750934596,nan,0.0,0.28125,0.37118300001020543,0
17,160,5792,0.2709659090909091,2560,1.5169759511947631,0.431640625,0.8098580539226532,0.8102877467870713,0.27734375,0.42710747122764586,0.5924249231815338,0.03137257695198059,0.04677342902868986,0.7212746292352676,0.8051524102687836,-0.004705643653869607,0.16632988750934596,nan,0.0,nan,0.0,0
17,180,5812,0.26982954545454546,2560,1.5548587620258332,0.408203125,0.8088280916213989,0.8044810205698013,0.280859375,0.43097141832113267,0.6055703610181808,0.03137257695198059,0.04553799480199814,0.7184009283781052,0.8066764622926712,-0.0021516293287277,0.16632988750934596,nan,0.0,nan,0.0,0
17,200,5832,0.26869318181818186,2560,1.5077827394008636,0.436328125,0.8098087340593338,0.8089658319950104,0.256640625,0.41375860273838044,0.5961350977420807,0.03137257695198059,0.04492570888251066,0.7175196498632431,0.8066764622926712,-0.003132271766662642,0.16632988750934596,nan,0.0,nan,0.0,0
17,220,5852,0.26755681818181815,2560,1.5224264919757844,0.4234375,0.8073669582605362,0.8075696527957916,0.26171875,0.4258963420987129,0.5920247614383698,0.03137257695198059,0.043898724392056464,0.7137862175703049,0.8088280916213989,0.001461133360862732,0.16632988750934596,nan,0.0,nan,0.0,0
17,240,5872,0.26642045454545454,2560,1.514917153120041,0.418359375,0.8037444978952408,0.801896047592163,0.280078125,0.425612810254097,0.5952105432748794,0.03137257695198059,0.04400025922805071,0.7132021993398666,0.8088280916213989,0.0050835937261580755,0.16632988750934596,nan,0.0,0.328125,0.37064419998205267,0
17,260,5892,0.2652840909090909,2560,1.5702130854129792,0.406640625,0.799105367064476,0.7976754695177078,0.269140625,0.42889090031385424,0.5937222987413406,0.03137257695198059,0.042584404535591605,0.7096793800592422,0.8088280916213989,0.009722724556922913,0.16632988750934596,nan,0.0,nan,0.0,0
17,280,5912,0.26414772727272723,2560,1.527444565296173,0.420703125,0.7957923442125321,0.805138036608696,0.2890625,0.4261488005518913,0.5965313106775284,0.03137257695198059,0.04512295015156269,0.7159244537353515,0.8073669582605362,0.011574614048004084,0.16632988750934596,nan,0.0,nan,0.0,0
17,300,5932,0.2630113636363636,2560,1.5059451341629029,0.4234375,0.8037497043609619,0.8070588648319245,0.28125,0.4340997591614723,0.5914389461278915,0.03137257695198059,0.040581039525568484,0.7053131550550461,0.8037444978952408,-5.206465721108167e-06,0.16632988750934596,nan,0.0,nan,0.0,0
17,320,5952,0.26187499999999997,2560,1.5599060118198396,0.3984375,0.806514784693718,0.8086451411247253,0.290625,0.4138007894158363,0.602777624130249,0.03137257695198059,0.042603982426226136,0.7088711678981781,0.8037444978952408,-0.0027702867984771284,0.16632988750934596,nan,0.0,nan,0.0,0
17,340,5972,0.26073863636363637,2560,1.5092982232570649,0.422265625,0.8040581375360489,0.8044578671455384,0.301953125,0.4214672684669495,0.5932453364133835,0.03137257695198059,0.043633181415498254,0.7114857852458953,0.8037444978952408,-0.00031363964080810547,0.16632988750934596,nan,0.0,0.359375,0.3684995999792591,0
17,352,5984,0.2600568181818182,1480,1.5706386778805708,0.3972972981027655,0.7989429419105117,0.801670076073827,0.2797297302130106,0.45527497143358797,0.5973729758649259,0.031372576770750255,0.03994417812775921,0.7046230783333649,0.8037497043609619,0.004806762450450197,0.16632988750934596,nan,0.0,nan,0.0,0
18,20,6004,0.25892045454545454,2560,1.5136063396930695,0.419140625,0.8158617436885833,0.8186756283044815,0.294921875,0.4171214818954468,0.5948145717382431,0.03137257695198059,0.040206871926784515,0.7037173986434937,0.8037497043609619,-0.012112039327621393,0.16632988750934596,nan,0.0,nan,0.0,0
18,40,6024,0.25778409090909093,2560,1.4954933643341064,0.442578125,0.7792180776596069,0.7932705074548722,0.278125,0.4529160067439079,0.5902463465929031,0.03137257695198059,0.040990674309432505,0.7068237423896789,0.8040581375360489,0.024840059876442,0.16632988750934596,nan,0.0,nan,0.0,0
18,60,6044,0.2566477272727273,2560,1.5091611802577973,0.4171875,0.8063534051179886,0.8098409205675126,0.284765625,0.42688223868608477,0.595434844493866,0.03137257695198059,0.04134792536497116,0.7068312764167786,0.8040581375360489,-0.002295267581939653,0.16632988750934596,nan,0.0,nan,0.0,0
18,80,6064,0.2555113636363637,2560,1.5200595021247865,0.427734375,0.8043545663356781,0.8055880427360534,0.26875,0.4187112212181091,0.5918288052082061,0.03137257695198059,0.040587706863880156,0.7037033259868621,0.8040581375360489,-0.0002964287996292114,0.16632988750934596,nan,0.0,0.3046875,0.37050239997915924,0
18,100,6084,0.25437499999999996,2560,1.4829249143600465,0.433984375,0.7916929602622986,0.8025449246168137,0.291015625,0.4476041913032532,0.5854268580675125,0.03137257695198059,0.04468921255320311,0.7163865119218826,0.8043545663356781,0.012661606073379517,0.16632988750934596,nan,0.0,nan,0.0,0
18,120,6104,0.25323863636363636,2560,1.513362604379654,0.43359375,0.8007920056581497,0.8043678522109985,0.266796875,0.4414407268166542,0.5929703027009964,0.03137257695198059,0.040830628015100956,0.7061735719442368,0.8043545663356781,0.00356256067752847,0.16632988750934596,nan,0.0,nan,0.0,0
18,140,6124,0.2521022727272727,2560,1.5340789914131165,0.407421875,0.811171019077301,0.8114165186882019,0.260546875,0.4073439225554466,0.5977928340435028,0.03137257695198059,0.042618848383426666,0.7102047711610794,0.8007920056581497,-0.010379013419151373,0.16632988750934596,nan,0.0,nan,0.0,0
18,160,6144,0.2509659090909091,2560,1.5092878103256226,0.428125,0.7866447925567627,0.7919352382421494,0.275,0.4297373861074448,0.5903852015733719,0.03137257695198059,0.0432321410626173,0.7124024718999863,0.8043545663356781,0.017709773778915472,0.16632988750934596,nan,0.0,nan,0.0,0
18,180,6164,0.24982954545454544,2560,1.4847557485103606,0.446875,0.8061271965503692,0.811525747179985,0.2625,0.41016990691423416,0.5942849695682526,0.03137257695198059,0.04235215466469526,0.7105042964220047,0.8007920056581497,-0.005335190892219566,0.16632988750934596,nan,0.0,0.34375,0.3690733000112232,0
18,200,6184,0.24869318181818179,2560,1.511820513010025,0.418359375,0.793227830529213,0.7962735652923584,0.275390625,0.42415566742420197,0.5896777004003525,0.03137257695198059,0.041050882264971736,0.7071323007345199,0.8007920056581497,0.007564175128936701,0.16632988750934596,nan,0.0,nan,0.0,0
18,220,6204,0.24755681818181818,2560,1.5106381535530091,0.41640625,0.8021960645914078,0.8029843896627427,0.28046875,0.4147107511758804,0.5932736963033676,0.03137257695198059,0.0416164219379425,0.70689876973629,0.8007920056581497,-0.0014040589332581233,0.16632988750934596,nan,0.0,nan,0.0,0
18,240,6224,0.2464204545454545,2560,1.4883456647396087,0.421875,0.7840946823358536,0.7983087092638016,0.2953125,0.4310734957456589,0.5911447048187256,0.03137257695198059,0.042581765353679656,0.7099223256111145,0.8021960645914078,0.018101382255554244,0.16632988750934596,nan,0.0,nan,0.0,0
18,260,6244,0.2452840909090909,2560,1.4915154576301575,0.434375,0.7930626690387725,0.8012807369232178,0.271484375,0.4275313466787338,0.5935732752084732,0.03137257695198059,0.04100915230810642,0.7067728549242019,0.793227830529213,0.00016516149044043527,0.16632988750934596,nan,0.0,nan,0.0,0
18,280,6264,0.24414772727272724,2560,1.5433850169181824,0.4046875,0.8099714338779449,0.8042521417140961,0.28359375,0.41525286585092547,0.5925588130950927,0.03137257695198059,0.045029834844172,0.7149748146533966,0.793227830529213,-0.016743603348731928,0.16632988750934596,nan,0.0,0.3125,0.3701158000039868,0
18,300,6284,0.24301136363636364,2560,1.494904637336731,0.43515625,0.8088137567043304,0.8056319147348404,0.269140625,0.41259296983480453,0.5969035029411316,0.03137257695198059,0.04060640810057521,0.7068680226802826,0.793227830529213,-0.015585926175117448,0.16632988750934596,nan,0.0,nan,0.0,0
18,320,6304,0.24187499999999995,2560,1.5203888237476348,0.414453125,0.7975341230630875,0.8042676508426666,0.275,0.429533027112484,0.6022345393896102,0.03137257695198059,0.045391824841499326,0.7152567714452743,0.8021960645914078,0.004661941528320335,0.16632988750934596,nan,0.0,nan,0.0,0
18,340,6324,0.24073863636363635,2560,1.49737086892128,0.42578125,0.7967199951410293,0.801440691947937,0.2734375,0.41598701328039167,0.5875063836574554,0.03137257695198059,0.043003014847636224,0.7118114203214645,0.7975341230630875,0.0008141279220581499,0.16632988750934596,nan,0.0,nan,0.0,0
18,352,6336,0.2400568181818182,1480,1.4906486601442903,0.4385135133524199,0.7968248615393767,0.7966295616046802,0.2527027028637963,0.4215634352452046,0.5915243828618849,0.03137257695198059,0.04169433729068653,0.7088553235337541,0.7975341230630875,0.000709261523710758,0.16632988750934596,nan,0.0,nan,0.0,0
19,20,6356,0.23892045454545452,2560,1.489989459514618,0.43984375,0.7986155092716217,0.8090098232030869,0.2734375,0.4203637644648552,0.5938086450099945,0.03137257695198059,0.04197564329952001,0.7088969379663468,0.7975341230630875,-0.001081386208534263,0.16632988750934596,nan,0.0,0.34375,0.3693362000049092,0
19,40,6376,0.23778409090909092,2560,1.4784637212753295,0.4421875,0.7851041167974472,0.8014494746923446,0.2734375,0.4557189211249352,0.5979914575815201,0.03137257695198059,0.04415261298418045,0.7129550904035569,0.7975341230630875,0.012430006265640281,0.16632988750934596,nan,0.0,nan,0.0,0
19,60,6396,0.23664772727272726,2560,1.4982332050800324,0.434375,0.8144904196262359,0.8066954523324966,0.2734375,0.4037381291389465,0.5945470422506333,0.03137257695198059,0.04357755724340677,0.7126677513122559,0.7968248615393767,-0.017665558086859212,0.16632988750934596,nan,0.0,nan,0.0,0
19,80,6416,0.23551136363636366,2560,1.4246837496757507,0.45,0.7875553160905838,0.7965146631002427,0.294140625,0.43667047619819643,0.5905601680278778,0.03137257695198059,0.0422047158703208,0.7088957339525223,0.7968248615393767,0.009269545448792882,0.16632988750934596,nan,0.0,nan,0.0,0
19,100,6436,0.234375,2560,1.5041171550750732,0.43125,0.7938094049692154,0.7980718195438385,0.276171875,0.4414799228310585,0.5979100793600083,0.03137257695198059,0.04252381324768066,0.7091826289892197,0.7968248615393767,0.0030154565701613345,0.16632988750934596,nan,0.0,nan,0.0,0
19,120,6456,0.23323863636363631,2560,1.4972168624401092,0.437890625,0.7951089322566987,0.7989780634641648,0.270703125,0.4213384807109833,0.5900675684213639,0.03137257695198059,0.04149746317416429,0.7084107398986816,0.7938094049692154,-0.001299527287483282,0.16632988750934596,nan,0.0,0.34375,0.3695226999989245,0
19,140,6476,0.2321022727272727,2560,1.4766376852989196,0.435546875,0.7876616716384888,0.8015697687864304,0.288671875,0.4398071691393852,0.5918546199798584,0.03137257695198059,0.043356836028397086,0.7138591080904007,0.7938094049692154,0.006147733330726601,0.16632988750934596,nan,0.0,nan,0.0,0
19,160,6496,0.23096590909090906,2560,1.4643410682678222,0.442578125,0.7952126294374466,0.8007549524307251,0.26796875,0.41393212527036666,0.5938273310661316,0.03137257695198059,0.04163234457373619,0.7087681710720062,0.7938094049692154,-0.0014032244682312678,0.16632988750934596,nan,0.0,nan,0.0,0
19,180,6516,0.22982954545454545,2560,1.4758075416088103,0.43828125,0.8007710188627243,0.8003741204738617,0.277734375,0.4441650941967964,0.5916217982769012,0.03137257695198059,0.042566942796111104,0.7113509863615036,0.7938094049692154,-0.006961613893508911,0.16632988750934596,nan,0.0,nan,0.0,0
19,200,6536,0.22869318181818177,2560,1.5125924468040466,0.413671875,0.7871916174888611,0.7969257593154907,0.2875,0.4308771789073944,0.5878947108983994,0.03137257695198059,0.04033009186387062,0.7039469391107559,0.7951089322566987,0.007917314767837524,0.16632988750934596,nan,0.0,nan,0.0,0
19,220,6556,0.22755681818181817,2560,1.4527931809425354,0.452734375,0.7848681002855301,0.7950040429830552,0.25859375,0.42314981371164323,0.5915368676185608,0.03137257695198059,0.039418889582157134,0.7028770446777344,0.7951089322566987,0.01024083197116854,0.16632988750934596,nan,0.0,0.328125,0.37120590000995435,0
19,240,6576,0.2264204545454545,2560,1.4827834904193877,0.4375,0.7967148959636688,0.7994748592376709,0.27890625,0.4333451151847839,0.5906028926372529,0.03137257695198059,0.04224797561764717,0.7104500859975815,0.7876616716384888,-0.009053224325180076,0.16632988750934596,nan,0.0,nan,0.0,0
19,260,6596,0.2252840909090909,2560,1.4899143934249879,0.43125,0.7921157598495483,0.8058204829692841,0.28046875,0.43429709076881406,0.5977599024772644,0.03137257695198059,0.040671228989958765,0.7063515961170197,0.7952126294374466,0.003096869587898343,0.16632988750934596,nan,0.0,nan,0.0,0
19,280,6616,0.22414772727272725,2560,1.4751892626285552,0.41953125,0.795987781882286,0.7988020867109299,0.27890625,0.423562154173851,0.5912761896848678,0.03137257695198059,0.04102343805134297,0.7058501839637756,0.7921157598495483,-0.003872022032737732,0.16632988750934596,nan,0.0,nan,0.0,0
19,300,6636,0.22301136363636365,2560,1.5015896379947662,0.4375,0.8106734097003937,0.8084442257881165,0.2609375,0.4052858591079712,0.6001519650220871,0.03137257695198059,0.03985853120684624,0.7035766094923019,0.7921157598495483,-0.018557649850845404,0.16632988750934596,nan,0.0,nan,0.0,0
19,320,6656,0.22187499999999996,2560,1.4711605131626129,0.4375,0.7846864193677903,0.7968640834093094,0.27734375,0.4437519371509552,0.5916417688131332,0.03137257695198059,0.039834077656269076,0.7035520941019058,0.795987781882286,0.01130136251449576,0.16632988750934596,nan,0.0,0.3359375,0.37452650000341237,0
19,340,6676,0.22073863636363636,2560,1.465955901145935,0.449609375,0.7784887820482254,0.7953220516443252,0.278515625,0.4457835704088211,0.5868059933185578,0.03137257695198059,0.04109564386308193,0.7082383155822753,0.795987781882286,0.01749899983406067,0.16632988750934596,nan,0.0,nan,0.0,0
19,352,6688,0.22005681818181821,1480,1.448903483313483,0.4439189198854807,0.7817757667721928,0.7963854174356203,0.26824324364597735,0.4310348241715818,0.5943515651934855,0.03137257695198059,0.044883740733604176,0.7173347824328654,0.7921157598495483,0.010339993077355447,0.16632988750934596,nan,0.0,nan,0.0,0
20,20,6708,0.21892045454545453,2560,1.426709735393524,0.45703125,0.7755373984575271,0.7972313106060028,0.271484375,0.43366607576608657,0.599531066417694,0.03137257695198059,0.04116562157869339,0.705951938033104,0.7846864193677903,0.00914902091026315,0.16632988750934596,nan,0.0,nan,0.0,0
20,40,6728,0.21778409090909087,2560,1.4599151194095612,0.45078125,0.7798937678337097,0.7952122002840042,0.26953125,0.4333877205848694,0.5919676661491394,0.03137257695198059,0.039087207429111,0.7005585193634033,0.7817757667721928,0.001881998938483176,0.16632988750934596,nan,0.0,nan,0.0,0
20,60,6748,0.21664772727272727,2560,1.4710091829299927,0.440234375,0.8049995511770248,0.7967279016971588,0.287890625,0.43289049714803696,0.595610448718071,0.03137257695198059,0.04157266542315483,0.7095689594745636,0.7798937678337097,-0.025105783343315147,0.16632988750934596,nan,0.0,0.421875,0.3706806999980472,0
20,80,6768,0.2155113636363636,2560,1.4721083045005798,0.431640625,0.7894101232290268,0.8002229303121566,0.2859375,0.43425735235214236,0.5928043514490128,0.03137257695198059,0.038675886765122416,0.7013757914304733,0.7798937678337097,-0.009516355395317144,0.16632988750934596,nan,0.0,nan,0.0,0
20,100,6788,0.214375,2560,1.4820538401603698,0.437109375,0.7920584887266159,0.7989247858524322,0.27109375,0.43574234992265704,0.5909799188375473,0.03137257695198059,0.04081202931702137,0.7059713840484619,0.7817757667721928,-0.010282721954423035,0.16632988750934596,nan,0.0,nan,0.0,0
20,120,6808,0.21323863636363632,2560,1.450393295288086,0.46328125,0.7891174167394638,0.80150046646595,0.2671875,0.43098002672195435,0.5972726374864579,0.03137257695198059,0.042972212098538874,0.7129546403884888,0.7894101232290268,0.0002927064895630327,0.16632988750934596,nan,0.0,nan,0.0,0
20,140,6828,0.21210227272727272,2560,1.4795045793056487,0.430859375,0.7845165580511093,0.7964438289403916,0.28046875,0.4348502218723297,0.5905881464481354,0.03137257695198059,0.04081527665257454,0.7079105198383331,0.7894101232290268,0.004893565177917503,0.16632988750934596,nan,0.0,nan,0.0,0
20,160,6848,0.21096590909090907,2560,1.4687370359897614,0.44296875,0.7794241428375244,0.7908872187137603,0.28671875,0.4388629704713821,0.5933797419071197,0.03137257695198059,0.0420389499515295,0.706905621290207,0.7894101232290268,0.009985980391502447,0.16632988750934596,nan,0.0,0.3515625,0.36647310000262223,0
20,180,6868,0.20982954545454546,2560,1.4769628643989563,0.442578125,0.8062268853187561,0.8038475304841995,0.26640625,0.425467549264431,0.5942058831453323,0.03137257695198059,0.04156347326934338,0.7083232343196869,0.7891174167394638,-0.017109468579292297,0.16632988750934596,nan,0.0,nan,0.0,0
20,200,6888,0.20869318181818178,2560,1.4739081263542175,0.4359375,0.7807976722717285,0.7960432857275009,0.283984375,0.4240004733204842,0.587378841638565,0.03137257695198059,0.04124036952853203,0.7060123324394226,0.7891174167394638,0.008319744467735313,0.16632988750934596,nan,0.0,nan,0.0,0
20,220,6908,0.20755681818181818,2560,1.4239213168621063,0.462109375,0.7781775742769241,0.7993250697851181,0.271875,0.4161361873149872,0.5863584011793137,0.03137257695198059,0.039127928018569944,0.7021031826734543,0.7845165580511093,0.006338983774185181,0.16632988750934596,nan,0.0,nan,0.0,0
20,240,6928,0.20642045454545452,2560,1.48080917596817,0.4359375,0.7547660797834397,0.7847708612680435,0.2796875,0.4517613112926483,0.5886214137077331,0.03137257695198059,0.03991560284048319,0.7037610232830047,0.7807976722717285,0.02603159248828879,0.16632988750934596,nan,0.0,nan,0.0,0
20,260,6948,0.20528409090909092,2560,1.4568397283554078,0.44765625,0.792327743768692,0.7968939691781998,0.275390625,0.4185171857476234,0.5968211054801941,0.03137257695198059,0.040176600217819214,0.7045665502548217,0.7794241428375244,-0.012903600931167603,0.16632988750934596,nan,0.0,0.3125,0.37485819999710657,0
20,280,6968,0.20414772727272726,2560,1.414196366071701,0.44921875,0.7905070096254349,0.8008448451757431,0.284765625,0.4350215822458267,0.5936083614826202,0.03137257695198059,0.03992088381201029,0.7045068860054016,0.7807976722717285,-0.009709337353706382,0.16632988750934596,nan,0.0,nan,0.0,0
20,300,6988,0.20301136363636366,2560,1.4430001854896546,0.441015625,0.7621392160654068,0.7874880701303482,0.291015625,0.4518221586942673,0.5927879542112351,0.03137257695198059,0.040255946293473246,0.7039876788854599,0.7807976722717285,0.018658456206321672,0.16632988750934596,nan,0.0,nan,0.0,0
20,320,7008,0.20187499999999997,2560,1.4615266799926758,0.440234375,0.7812851667404175,0.7954043328762055,0.27578125,0.4391872212290764,0.5947200953960419,0.03137257695198059,0.03941209949553013,0.7030583471059799,0.7781775742769241,-0.003107592463493347,0.16632988750934596,nan,0.0,nan,0.0,0
20,340,7028,0.20073863636363637,2560,1.4266063868999481,0.459375,0.7890990972518921,0.7953045129776001,0.271875,0.43383640944957735,0.5898397028446197,0.03137257695198059,0.039384955912828444,0.7023031204938889,0.7812851667404175,-0.00781393051147461,0.16632988750934596,nan,0.0,nan,0.0,0
20,352,7040,0.20005681818181814,1480,1.4875078993874626,0.43918919080012553,0.786964970666009,0.796278743808334,0.26959459483623505,0.4473558047333279,0.6002316201055372,0.03137257695198059,0.038305446888143954,0.7008084699914262,0.7890990972518921,0.0021341265858830782,0.16632988750934596,nan,0.0,0.34375,0.37604520001332276,0
21,20,7060,0.19892045454545454,2560,1.4241276562213898,0.448828125,0.7814783185720444,0.8001070946455002,0.279296875,0.42626689076423646,0.5879136562347412,0.03137257695198059,0.04158057700842619,0.7084765344858169,0.786964970666009,0.005486652093964595,0.16632988750934596,nan,0.0,nan,0.0,0
21,40,7080,0.19778409090909088,2560,1.4318421840667725,0.4625,0.7873088836669921,0.7948675960302353,0.269140625,0.4443232759833336,0.5925083458423615,0.03137257695198059,0.040383416786789895,0.7057481795549393,0.7814783185720444,-0.005830565094947726,0.16632988750934596,nan,0.0,nan,0.0,0
21,60,7100,0.19664772727272728,2560,1.4266655325889588,0.462890625,0.7765873849391938,0.7913086205720902,0.278125,0.43755424618721006,0.5932599574327468,0.03137257695198059,0.04051622021943331,0.7052788227796555,0.786964970666009,0.010377585726815242,0.16632988750934596,nan,0.0,nan,0.0,0
21,80,7120,0.1955113636363636,2560,1.4316450297832488,0.44765625,0.7741029888391495,0.7961680203676224,0.2796875,0.42581781595945356,0.588638836145401,0.03137257695198059,0.040993049181997775,0.7042717486619949,0.786964970666009,0.012861981826859492,0.16632988750934596,nan,0.0,nan,0.0,0
21,100,7140,0.194375,2560,1.420632153749466,0.451171875,0.7754652529954911,0.7893596798181534,0.2796875,0.4484148398041725,0.5933677881956101,0.03137257695198059,0.04077410083264112,0.7069900959730149,0.7814783185720444,0.006013065576553345,0.16632988750934596,nan,0.0,0.359375,0.3702402999915648,0
21,120,7160,0.19323863636363633,2560,1.4155325651168824,0.4609375,0.767637312412262,0.7888040095567703,0.2703125,0.4332067996263504,0.5888532161712646,0.03137257695198059,0.03774421289563179,0.6986018598079682,0.7765873849391938,0.008950072526931807,0.16632988750934596,nan,0.0,nan,0.0,0
21,140,7180,0.19210227272727273,2560,1.4593089759349822,0.442578125,0.7912733018398285,0.8000135004520417,0.27578125,0.41458440870046614,0.5862749934196472,0.03137257695198059,0.04058606829494238,0.7055742621421814,0.7754652529954911,-0.015808048844337397,0.16632988750934596,nan,0.0,nan,0.0,0
21,160,7200,0.19096590909090908,2560,1.4422200500965119,0.46328125,0.7665743589401245,0.7903019189834595,0.27890625,0.4480272442102432,0.6012798517942428,0.03137257695198059,0.04164670221507549,0.7074542313814163,0.7754652529954911,0.008890894055366583,0.16632988750934596,nan,0.0,nan,0.0,0
21,180,7220,0.18982954545454547,2560,1.4706684172153472,0.4359375,0.7730408102273941,0.7871620386838913,0.281640625,0.43811789005994795,0.5847931116819381,0.03137257695198059,0.03968114852905273,0.704270014166832,0.7741029888391495,0.0010621786117553933,0.16632988750934596,nan,0.0,nan,0.0,0
21,200,7240,0.1886931818181818,2560,1.4146022498607635,0.471484375,0.7855834633111953,0.7855071008205414,0.259765625,0.4151354476809502,0.5919329553842545,0.03137257695198059,0.03836486153304577,0.6981807589530945,0.7730408102273941,-0.012542653083801203,0.16632988750934596,nan,0.0,0.3125,0.3765875000099186,0
21,220,7260,0.18755681818181819,2560,1.4399092495441437,0.453515625,0.7753786563873291,0.792370754480362,0.272265625,0.455827160179615,0.5940211147069931,0.03137257695198059,0.03756884559988975,0.6978346467018127,0.7730408102273941,-0.002337846159934931,0.16632988750934596,nan,0.0,nan,0.0,0
21,240,7280,0.18642045454545453,2560,1.4765508353710175,0.43046875,0.794869264960289,0.7968508511781692,0.2921875,0.43326167613267896,0.5890803217887879,0.03137257695198059,0.037196154706180096,0.6965009450912476,0.7753786563873291,-0.019490608572959922,0.16632988750934596,nan,0.0,nan,0.0,0
21,260,7300,0.18528409090909093,2560,1.4100143432617187,0.46015625,0.7767758548259736,0.7910428553819656,0.282421875,0.4405986502766609,0.5900351345539093,0.03137257695198059,0.04167913608253002,0.7088997393846512,0.7753786563873291,-0.001397198438644498,0.16632988750934596,nan,0.0,nan,0.0,0
21,280,7320,0.18414772727272724,2560,1.45598703622818,0.43515625,0.7688009291887283,0.7911143183708191,0.27578125,0.428533710539341,0.5857638239860534,0.03137257695198059,0.04184118155390024,0.7087350994348526,0.7767758548259736,0.007974925637245223,0.16632988750934596,nan,0.0,nan,0.0,0
21,300,7340,0.18301136363636364,2560,1.3959328711032868,0.4703125,0.7896267890930175,0.7942437678575516,0.253515625,0.41115695536136626,0.5922154933214188,0.03137257695198059,0.03547224421054125,0.69127197265625,0.7767758548259736,-0.012850934267043979,0.16632988750934596,nan,0.0,0.3515625,0.3724950999894645,0
21,320,7360,0.18187499999999998,2560,1.4378576040267945,0.448046875,0.7640795767307281,0.7917376428842544,0.28984375,0.44309483617544176,0.5916301935911179,0.03137257695198059,0.04047539811581373,0.705013507604599,0.7767758548259736,0.012696278095245428,0.16632988750934596,nan,0.0,nan,0.0,0
21,340,7380,0.18073863636363638,2560,1.4677790462970735,0.447265625,0.7845867097377777,0.7954176783561706,0.276171875,0.43646734952926636,0.5869136989116669,0.03137257695198059,0.038408152386546136,0.6994384378194809,0.7767758548259736,-0.00781085491180411,0.16632988750934596,nan,0.0,nan,0.0,0
21,352,7392,0.18005681818181815,1480,1.4407963456334294,0.46148648632539285,0.7595955916353174,0.7864033647485682,0.30135135183463224,0.44033608388256384,0.5918622155447264,0.03137257695198059,0.036681275633541316,0.6966416020651122,0.7767758548259736,0.01718026319065613,0.16632988750934596,nan,0.0,nan,0.0,0
22,20,7412,0.17892045454545455,2560,1.416046816110611,0.45390625,0.7763794153928757,0.7935014277696609,0.291796875,0.43451126515865324,0.5873883783817291,0.03137257695198059,0.041303002089262006,0.7060672998428345,0.7688009291887283,-0.007578486204147361,0.16632988750934596,nan,0.0,nan,0.0,0
22,40,7432,0.1777840909090909,2560,1.383849835395813,0.46640625,0.7803282976150513,0.7846740901470184,0.280078125,0.4378924831748009,0.5917946100234985,0.03137257695198059,0.040319929644465444,0.7052529007196426,0.7763794153928757,-0.003948882222175598,0.16632988750934596,nan,0.0,0.3125,0.38684289998491295,0
22,60,7452,0.1766477272727273,2560,1.415492010116577,0.46015625,0.7707890421152115,0.7918153315782547,0.26640625,0.4598416492342949,0.5879979610443116,0.03137257695198059,0.03785820379853248,0.698138239979744,0.7763794153928757,0.005590373277664207,0.16632988750934596,nan,0.0,nan,0.0,0
22,80,7472,0.1755113636363636,2560,1.4378579258918762,0.45703125,0.7713487386703491,0.7889995753765107,0.287890625,0.43149408996105193,0.5917100518941879,0.03137257695198059,0.037581097614020106,0.6977132707834244,0.7763794153928757,0.00503067672252655,0.16632988750934596,nan,0.0,nan,0.0,0
22,100,7492,0.174375,2560,1.4147370994091033,0.454296875,0.7869217157363891,0.7941333949565887,0.28671875,0.4382976651191711,0.5951140254735947,0.03137257695198059,0.03767050467431545,0.6968618094921112,0.7713487386703491,-0.015572977066039995,0.16632988750934596,nan,0.0,nan,0.0,0
22,120,7512,0.17323863636363634,2560,1.3677857995033265,0.471484375,0.7609773516654968,0.7835271388292313,0.28125,0.44034974426031115,0.5936198085546494,0.03137257695198059,0.03861284274607897,0.7006712108850479,0.7763794153928757,0.015402063727378845,0.16632988750934596,nan,0.0,nan,0.0,0
22,140,7532,0.17210227272727274,2560,1.428259539604187,0.451171875,0.7779116839170456,0.7904177516698837,0.294921875,0.4443350240588188,0.5914203822612762,0.03137257695198059,0.038450554199516776,0.7005125492811203,0.7713487386703491,-0.006562945246696428,0.16632988750934596,nan,0.0,0.34375,0.37566940000397153,0
22,160,7552,0.17096590909090906,2560,1.4043425500392914,0.4625,0.7627900242805481,0.7884825587272644,0.27890625,0.44591929465532304,0.5921249568462372,0.03137257695198059,0.03745857700705528,0.6976339906454087,0.7713487386703491,0.008558714389801048,0.16632988750934596,nan,0.0,nan,0.0,0
22,180,7572,0.16982954545454546,2560,1.4166903972625733,0.4578125,0.7596098423004151,0.78486368060112,0.283203125,0.4422327011823654,0.5891115993261338,0.03137257695198059,0.03682252243161201,0.6944062530994415,0.7713487386703491,0.011738896369934082,0.16632988750934596,nan,0.0,nan,0.0,0
22,200,7592,0.1686931818181818,2560,1.404790610074997,0.4671875,0.7767905980348587,0.7888509333133698,0.2703125,0.44785654693841936,0.5877998560667038,0.03137257695198059,0.04004130214452743,0.7069677084684372,0.7627900242805481,-0.01400057375431063,0.16632988750934596,nan,0.0,nan,0.0,0
22,220,7612,0.1675568181818182,2560,1.4300845742225647,0.462890625,0.767742183804512,0.7834046870470047,0.268359375,0.42952137142419816,0.597638463973999,0.03137257695198059,0.035401498340070246,0.6904137641191482,0.7627900242805481,-0.004952159523963884,0.16632988750934596,nan,0.0,nan,0.0,0
22,240,7632,0.16642045454545454,2560,1.393243145942688,0.45546875,0.7584911108016967,0.7877089381217957,0.298046875,0.448422534763813,0.5871824979782104,0.03137257695198059,0.03780240658670664,0.6983811646699906,0.767742183804512,0.009251073002815247,0.16632988750934596,nan,0.0,0.421875,0.3735881000175141,0
22,260,7652,0.16528409090909094,2560,1.3920284271240235,0.469921875,0.7669032871723175,0.7878842860460281,0.26875,0.43481684774160384,0.5924077570438385,0.03137257695198059,0.03815018329769373,0.6992680966854096,0.7627900242805481,-0.004113262891769387,0.16632988750934596,nan,0.0,nan,0.0,0
22,280,7672,0.16414772727272725,2560,1.380094939470291,0.481640625,0.7637842327356339,0.7853045374155044,0.27578125,0.45198915153741837,0.5961825251579285,0.03137257695198059,0.03963262345641851,0.702343076467514,0.7669032871723175,0.003119054436683588,0.16632988750934596,nan,0.0,nan,0.0,0
22,300,7692,0.16301136363636365,2560,1.4202104926109314,0.45078125,0.7727751940488815,0.7906739741563797,0.29296875,0.44673501551151273,0.5947966486215591,0.03137257695198059,0.04005339816212654,0.7034579813480377,0.7669032871723175,-0.005871906876564026,0.16632988750934596,nan,0.0,nan,0.0,0
22,320,7712,0.161875,2560,1.405165159702301,0.46953125,0.7756692320108414,0.7909829676151275,0.2796875,0.43592619001865385,0.5840867578983306,0.03137257695198059,0.03736127596348524,0.6974340349435806,0.7669032871723175,-0.008765944838523887,0.16632988750934596,nan,0.0,nan,0.0,0
22,340,7732,0.1607386363636364,2560,1.3937953054904937,0.4578125,0.7728566706180573,0.7808384090662003,0.285546875,0.4385362222790718,0.5912778407335282,0.03137257695198059,0.03680637050420046,0.6950850665569306,0.7669032871723175,-0.005953383445739813,0.16632988750934596,nan,0.0,0.375,0.37143339999602176,0
22,352,7744,0.16005681818181816,1480,1.3883366449459178,0.4743243243243243,0.7819809794425965,0.8027862999890302,0.2608108103275299,0.43501120805740356,0.58661781871641,0.03137257695198059,0.035377126791187236,0.6913953671584259,0.7727751940488815,-0.009205785393714971,0.16632988750934596,nan,0.0,nan,0.0,0
23,20,7764,0.15892045454545456,2560,1.4136782705783844,0.466015625,0.7652568727731704,0.7897789180278778,0.297265625,0.4525750562548637,0.5889339685440064,0.03137257695198059,0.03856176026165485,0.7008600652217865,0.7728566706180573,0.007599797844886846,0.16632988750934596,nan,0.0,nan,0.0,0
23,40,7784,0.15778409090909087,2560,1.3631015419960022,0.477734375,0.7738365769386292,0.7825690150260926,0.2625,0.4287966534495354,0.5854601770639419,0.03137257695198059,0.035522430576384066,0.6913475900888443,0.7728566706180573,-0.0009799063205718772,0.16632988750934596,nan,0.0,nan,0.0,0
23,60,7804,0.15664772727272727,2560,1.4009645462036133,0.47265625,0.7784213215112686,0.7875302791595459,0.279296875,0.4566358417272568,0.595986956357956,0.03137257695198059,0.03798551689833403,0.699395677447319,0.7738365769386292,-0.004584744572639465,0.16632988750934596,nan,0.0,nan,0.0,0
23,80,7824,0.15551136363636361,2560,1.3453140556812286,0.48828125,0.7726364642381668,0.7844132989645004,0.272265625,0.4477163732051849,0.5917105495929718,0.03137257695198059,0.038529244065284726,0.7001518547534943,0.7738365769386292,0.0012001127004623857,0.16632988750934596,nan,0.0,0.34375,0.3720498000038788,0
23,100,7844,0.154375,2560,1.428171694278717,0.453515625,0.776581197977066,0.7913680016994477,0.28359375,0.4525403380393982,0.5872895747423172,0.03137257695198059,0.03966847248375416,0.7025496542453766,0.7738365769386292,-0.0027446210384368674,0.16632988750934596,nan,0.0,nan,0.0,0
23,120,7864,0.15323863636363635,2560,1.3675431668758393,0.48046875,0.7759764164686203,0.7903509974479676,0.271875,0.4372322574257851,0.5954502284526825,0.03137257695198059,0.03590126559138298,0.6934809595346451,0.7738365769386292,-0.0021398395299910833,0.16632988750934596,nan,0.0,nan,0.0,0
23,140,7884,0.15210227272727275,2560,1.395264172554016,0.471484375,0.7644919842481613,0.7826793879270554,0.266015625,0.4454475611448288,0.5873249262571335,0.03137257695198059,0.038418005034327504,0.7017550259828568,0.7759764164686203,0.011484432220458918,0.16632988750934596,nan,0.0,nan,0.0,0
23,160,7904,0.15096590909090907,2560,1.3742176294326782,0.471484375,0.758839812874794,0.7835691034793854,0.277734375,0.44499914050102235,0.5964603632688522,0.03137257695198059,0.03699006494134664,0.6961109668016434,0.7759764164686203,0.017136603593826294,0.16632988750934596,nan,0.0,nan,0.0,0
23,180,7924,0.14982954545454547,2560,1.3884437918663024,0.460546875,0.7778145432472229,0.7924041986465454,0.281640625,0.4381979450583458,0.5923869013786316,0.03137257695198059,0.03745718467980623,0.6985818147659302,0.7726364642381668,-0.005178079009056091,0.16632988750934596,nan,0.0,0.359375,0.3718180999858305,0
23,200,7944,0.1486931818181818,2560,1.3698315978050233,0.4765625,0.7656977653503418,0.7782820582389831,0.28046875,0.4515465974807739,0.5826740443706513,0.03137257695198059,0.03579633366316557,0.691246947646141,0.7759764164686203,0.010278651118278415,0.16632988750934596,nan,0.0,nan,0.0,0
23,220,7964,0.1475568181818182,2560,1.379990178346634,0.475390625,0.7623754352331161,0.7874397456645965,0.26640625,0.4324477851390839,0.5860798120498657,0.03137257695198059,0.03705512396991253,0.6950975269079208,0.7656977653503418,0.0033223301172257136,0.16632988750934596,nan,0.0,nan,0.0,0
23,240,7984,0.14642045454545452,2560,1.3938068270683288,0.458203125,0.7624516397714615,0.7785885065793992,0.27890625,0.4416556730866432,0.5953810572624206,0.03137257695198059,0.03641747869551182,0.6943854540586472,0.7644919842481613,0.0020403444766998735,0.16632988750934596,nan,0.0,nan,0.0,0
23,260,8004,0.14528409090909092,2560,1.4011140942573548,0.462890625,0.7550184071063996,0.7801207363605499,0.2875,0.4480475589632988,0.5919340938329697,0.03137257695198059,0.035177928023040296,0.6899271309375763,0.7624516397714615,0.007433232665061906,0.16632988750934596,nan,0.0,nan,0.0,0
23,280,8024,0.14414772727272726,2560,1.3596446633338928,0.479296875,0.7660253196954727,0.7813699305057525,0.293359375,0.4349777713418007,0.5928787380456925,0.03137257695198059,0.036175565980374816,0.6939317911863327,0.7624516397714615,-0.0035736799240112527,0.16632988750934596,nan,0.0,0.328125,0.3770368999976199,0
23,300,8044,0.14301136363636366,2560,1.3792301416397095,0.46015625,0.7656654715538025,0.7865792751312256,0.2859375,0.45212591886520387,0.5945188075304031,0.03137257695198059,0.03806856889277697,0.6996374428272247,0.7624516397714615,-0.0032138317823410256,0.16632988750934596,nan,0.0,nan,0.0,0
23,320,8064,0.141875,2560,1.369479638338089,0.47890625,0.7596595704555511,0.7829511225223541,0.2671875,0.45177548974752424,0.5921496272087097,0.03137257695198059,0.03749360013753176,0.6979798257350922,0.7624516397714615,0.0027920693159103616,0.16632988750934596,nan,0.0,nan,0.0,0
23,340,8084,0.1407386363636364,2560,1.3456808745861053,0.493359375,0.751347690820694,0.7782762080430985,0.27109375,0.4355481415987015,0.5868928402662277,0.03137257695198059,0.039104269817471504,0.7023693978786468,0.7624516397714615,0.011103948950767495,0.16632988750934596,nan,0.0,nan,0.0,0
23,352,8096,0.14005681818181817,1480,1.413859309376897,0.4702702705924575,0.7562752346734742,0.7828340726929742,0.2601351346518542,0.4601998148737727,0.5960880434190905,0.03137257695198059,0.04018429336515633,0.7055092421737877,0.7596595704555511,0.003384335782076864,0.16632988750934596,nan,0.0,nan,0.0,0
24,20,8116,0.13892045454545457,2560,1.333523201942444,0.486328125,0.7575816750526428,0.7824670374393463,0.270703125,0.43179916888475417,0.5966394037008286,0.03137257695198059,0.03652627132833004,0.6946372658014297,0.7596595704555511,0.0020778954029082586,0.16632988750934596,nan,0.0,0.3359375,0.3591405999904964,0
24,40,8136,0.13778409090909088,2560,1.339041405916214,0.48671875,0.760881781578064,0.7862742274999619,0.288671875,0.4459487393498421,0.589177080988884,0.03137257695198059,0.036577312648296355,0.694857981801033,0.7575816750526428,-0.0033001065254211204,0.16632988750934596,nan,0.0,nan,0.0,0
24,60,8156,0.13664772727272728,2560,1.3713977873325347,0.473828125,0.7641578257083893,0.7855809777975082,0.271484375,0.4415015667676926,0.5868348628282547,0.03137257695198059,0.03911869022995233,0.7011531174182892,0.7575816750526428,-0.00657615065574646,0.16632988750934596,nan,0.0,nan,0.0,0
24,80,8176,0.13551136363636362,2560,1.3368232250213623,0.485546875,0.7577931702136993,0.7755400538444519,0.278515625,0.44074275344610214,0.5926827847957611,0.03137257695198059,0.0359328618273139,0.6925700694322586,0.7575816750526428,-0.00021149516105645194,0.16632988750934596,nan,0.0,nan,0.0,0
24,100,8196,0.13437500000000002,2560,1.3558863639831542,0.476171875,0.749236422777176,0.7794671565294266,0.278515625,0.4534223273396492,0.5950390011072159,0.03137257695198059,0.03647927418351173,0.694928103685379,0.7577931702136993,0.008556747436523349,0.16632988750934596,nan,0.0,nan,0.0,0
24,120,8216,0.13323863636363634,2560,1.3746054768562317,0.4765625,0.7612247198820115,0.7865707576274872,0.27421875,0.4391459494829178,0.593906170129776,0.03137257695198059,0.03568853307515383,0.6916900247335434,0.7577931702136993,-0.0034315496683121616,0.16632988750934596,nan,0.0,0.421875,0.36767710000276566,0
24,140,8236,0.13210227272727273,2560,1.3506258070468902,0.485546875,0.7557687431573867,0.7830561518669128,0.276171875,0.43890720307826997,0.5952242732048034,0.03137257695198059,0.033955143112689254,0.6861447989940643,0.760881781578064,0.0051130384206772295,0.16632988750934596,nan,0.0,nan,0.0,0
24,160,8256,0.13096590909090908,2560,1.356897497177124,0.481640625,0.7531991183757782,0.7822899013757706,0.271484375,0.44182609766721725,0.5905352473258972,0.03137257695198059,0.034909650962799785,0.6900002151727677,0.7577931702136993,0.004594051837921054,0.16632988750934596,nan,0.0,nan,0.0,0
24,180,8276,0.12982954545454548,2560,1.314963048696518,0.4984375,0.7440378874540329,0.7766594171524048,0.276171875,0.4466740384697914,0.5963536769151687,0.03137257695198059,0.0370001258328557,0.6956344485282898,0.7557687431573867,0.01173085570335386,0.16632988750934596,nan,0.0,nan,0.0,0
24,200,8296,0.12869318181818182,2560,1.3429004311561585,0.47890625,0.7415555953979492,0.7777479946613312,0.29140625,0.45589330941438677,0.5875298976898193,0.03137257695198059,0.036508860811591146,0.6945296674966812,0.7531991183757782,0.011643522977829002,0.16632988750934596,nan,0.0,nan,0.0,0
24,220,8316,0.12755681818181822,2560,1.3475660920143127,0.4796875,0.7433414250612259,0.7756829768419266,0.28828125,0.4508994072675705,0.588666296005249,0.03137257695198059,0.03482525069266558,0.687808096408844,0.7531991183757782,0.00985769331455233,0.16632988750934596,nan,0.0,0.40625,0.3689726000011433,0
24,240,8336,0.12642045454545453,2560,1.3313086390495301,0.4890625,0.7583170682191849,0.7800616145133972,0.262109375,0.4402069613337517,0.5903192102909088,0.03137257695198059,0.036481565609574315,0.6960851907730102,0.7440378874540329,-0.014279180765152,0.16632988750934596,nan,0.0,nan,0.0,0
24,260,8356,0.12528409090909093,2560,1.3200341701507567,0.490625,0.7368916183710098,0.7707473933696747,0.280859375,0.4494695544242859,0.5954470455646514,0.03137257695198059,0.03514846861362457,0.69004225730896,0.7440378874540329,0.007146269083023071,0.16632988750934596,nan,0.0,nan,0.0,0
24,280,8376,0.12414772727272727,2560,1.338802433013916,0.491015625,0.7602638840675354,0.778349831700325,0.263671875,0.45287609547376634,0.5932196527719498,0.03137257695198059,0.03624006677418947,0.6953167855739594,0.7433414250612259,-0.01692245900630951,0.16632988750934596,nan,0.0,nan,0.0,0
24,300,8396,0.12301136363636367,2560,1.3525559842586516,0.492578125,0.7560707002878189,0.7821881771087646,0.26953125,0.447036612033844,0.5970128536224365,0.03137257695198059,0.0340192143805325,0.6864521861076355,0.7433414250612259,-0.012729275226592951,0.16632988750934596,nan,0.0,nan,0.0,0
24,320,8416,0.121875,2560,1.3813447535037995,0.469140625,0.7500031888484955,0.7814310908317565,0.2953125,0.4669973701238632,0.589762133359909,0.03137257695198059,0.03858727272599936,0.7024610787630081,0.7560707002878189,0.006067511439323381,0.16632988750934596,nan,0.0,0.3828125,0.37124509998830035,0
24,340,8436,0.12073863636363633,2560,1.3225443363189697,0.500390625,0.7592244863510131,0.7826713740825653,0.272265625,0.42613981366157533,0.5934101283550263,0.03137257695198059,0.035781862866133454,0.6932194590568542,0.7560707002878189,-0.003153786063194275,0.16632988750934596,nan,0.0,nan,0.0,0
24,352,8448,0.12005681818181817,1480,1.3261989896361892,0.49324324275996234,0.7309779389484509,0.7714522861145638,0.2749999998389064,0.46074678108498857,0.590453687229672,0.031372576770750255,0.03328842780477292,0.6829324857608692,0.7560707002878189,0.025092761339367997,0.16632988750934596,nan,0.0,nan,0.0,0
25,20,8468,0.11892045454545457,2560,1.301653552055359,0.500390625,0.7573282331228256,0.787139019370079,0.278125,0.44333609491586684,0.5873278468847275,0.03137257695198059,0.03430599151179194,0.686385554075241,0.7560707002878189,-0.001257532835006736,0.16632988750934596,nan,0.0,nan,0.0,0
25,40,8488,0.1177840909090909,2560,1.321823489665985,0.49765625,0.7368856728076935,0.7779660761356354,0.276953125,0.4416253000497818,0.5904162287712097,0.03137257695198059,0.03478945922106504,0.6894234836101532,0.7560707002878189,0.019185027480125405,0.16632988750934596,nan,0.0,nan,0.0,0
25,60,8508,0.11664772727272729,2560,1.3337941765785217,0.4875,0.7459215521812439,0.7744726985692978,0.272265625,0.4544799834489822,0.5899648308753968,0.03137257695198059,0.03791762217879295,0.7005451798439026,0.7500031888484955,0.004081636667251587,0.16632988750934596,nan,0.0,0.3828125,0.3645612000254914,0
25,80,8528,0.11551136363636362,2560,1.3186029016971588,0.4890625,0.7393139362335205,0.7731956630945206,0.29140625,0.46451233625411986,0.5920051753520965,0.03137257695198059,0.036405354551970956,0.6961257576942443,0.7459215521812439,0.006607615947723411,0.16632988750934596,nan,0.0,nan,0.0,0
25,100,8548,0.11437500000000002,2560,1.316037517786026,0.503125,0.7415437936782837,0.7761496424674987,0.265625,0.43890520483255385,0.5893113553524018,0.03137257695198059,0.03538892287760973,0.6916761696338654,0.7393139362335205,-0.002229857444763228,0.16632988750934596,nan,0.0,nan,0.0,0
25,120,8568,0.11323863636363635,2560,1.3023821532726287,0.50625,0.7606223106384278,0.7812941402196885,0.2796875,0.4399849742650986,0.5864788264036178,0.03137257695198059,0.03691708687692881,0.6957919090986252,0.7415437936782837,-0.019078516960144065,0.16632988750934596,nan,0.0,nan,0.0,0
25,140,8588,0.11210227272727276,2560,1.27859508395195,0.513671875,0.7293969362974166,0.7696257501840591,0.270703125,0.45679011642932893,0.5963482081890106,0.03137257695198059,0.03499469868838787,0.6905656516551971,0.7415437936782837,0.012146857380867071,0.16632988750934596,nan,0.0,nan,0.0,0
25,160,8608,0.11096590909090909,2560,1.2893739104270936,0.49375,0.7458814293146133,0.7793661952018738,0.286328125,0.44571526646614074,0.592828893661499,0.03137257695198059,0.03539286870509386,0.6916494578123092,0.7415437936782837,-0.0043376356363296065,0.16632988750934596,nan,0.0,0.4140625,0.36776860000099987,0
25,180,8628,0.10982954545454549,2560,1.350051647424698,0.47578125,0.7433059692382813,0.7776629239320755,0.283203125,0.4552436411380768,0.5890450984239578,0.03137257695198059,0.036548187211155894,0.6943772941827774,0.7415437936782837,-0.0017621755599975808,0.16632988750934596,nan,0.0,nan,0.0,0
25,200,8648,0.10869318181818181,2560,1.3309939920902252,0.490625,0.7540123939514161,0.781189751625061,0.280859375,0.4548120781779289,0.589385113120079,0.03137257695198059,0.035000150091946125,0.6904462546110153,0.7433059692382813,-0.010706424713134766,0.16632988750934596,nan,0.0,nan,0.0,0
25,220,8668,0.10755681818181821,2560,1.3060102105140685,0.501953125,0.7562572807073593,0.7745508968830108,0.275390625,0.4353788048028946,0.5899060726165771,0.03137257695198059,0.033873666636645795,0.6866052508354187,0.7458814293146133,-0.010375851392745994,0.16632988750934596,nan,0.0,nan,0.0,0
25,240,8688,0.10642045454545454,2560,1.2767303049564362,0.50625,0.7176178574562073,0.7645705103874206,0.26875,0.4453805536031723,0.5881525874137878,0.03137257695198059,0.03290250180289149,0.6835845232009887,0.7458814293146133,0.028263571858406,0.16632988750934596,nan,0.0,nan,0.0,0
25,260,8708,0.10528409090909087,2560,1.292515653371811,0.49765625,0.7291635692119598,0.770836278796196,0.27890625,0.44171364307403566,0.5854857325553894,0.03137257695198059,0.03326241672039032,0.6838453471660614,0.7458814293146133,0.016717860102653526,0.16632988750934596,nan,0.0,0.40625,0.37080399997648783,0
25,280,8728,0.10414772727272727,2560,1.308889901638031,0.506640625,0.7303618401288986,0.7677529811859131,0.264453125,0.45091909915208817,0.6013866603374481,0.03137257695198059,0.0342972619459033,0.6884283155202866,0.7433059692382813,0.012944129109382696,0.16632988750934596,nan,0.0,nan,0.0,0
25,300,8748,0.10301136363636361,2560,1.3302691876888275,0.491796875,0.7537589550018311,0.771307522058487,0.275,0.44924198389053344,0.5918148338794709,0.03137257695198059,0.03620125241577625,0.6924584209918976,0.7303618401288986,-0.0233971148729325,0.16632988750934596,nan,0.0,nan,0.0,0
25,320,8768,0.10187500000000001,2560,1.3451582074165345,0.471875,0.7554099321365356,0.7795487821102143,0.27578125,0.4381192475557327,0.5866832911968232,0.03137257695198059,0.0366815147921443,0.6952212482690812,0.7303618401288986,-0.025048092007637024,0.16632988750934596,nan,0.0,nan,0.0,0
25,340,8788,0.10073863636363634,2560,1.316774421930313,0.4921875,0.7443757295608521,0.7748080164194107,0.28046875,0.4435987576842308,0.596600866317749,0.03137257695198059,0.03532085418701172,0.6900839626789093,0.7303618401288986,-0.014013889431953475,0.16632988750934596,nan,0.0,nan,0.0,0
25,352,8800,0.10005681818181818,1480,1.2955083795495936,0.491216217182778,0.740768326617576,0.7719724526276459,0.2912162160551226,0.4378107842561361,0.5886043767671327,0.03137257695198059,0.03485410159101357,0.6883401567871507,0.7443757295608521,0.0036074029432761057,0.16632988750934596,nan,0.0,0.390625,0.37536720000207424,0
26,20,8820,0.09892045454545458,2560,1.2356701135635375,0.5234375,0.7400051057338715,0.7635250270366669,0.277734375,0.4290318012237549,0.594081136584282,0.03137257695198059,0.03368604891002178,0.684433501958847,0.7443757295608521,0.004370623826980613,0.16632988750934596,nan,0.0,nan,0.0,0
26,40,8840,0.0977840909090909,2560,1.2843056917190552,0.4921875,0.7388845711946488,0.7782634913921356,0.292578125,0.45948729664087296,0.5954138666391373,0.03137257695198059,0.033825401309877635,0.6861281573772431,0.7443757295608521,0.005491158366203286,0.16632988750934596,nan,0.0,nan,0.0,0
26,60,8860,0.0966477272727273,2560,1.3037490665912628,0.5046875,0.7375489324331284,0.7712360590696334,0.29375,0.4613710641860962,0.5854041010141373,0.03137257695198059,0.03488175142556429,0.6915224850177765,0.740768326617576,0.0032193941844476104,0.16632988750934596,nan,0.0,nan,0.0,0
26,80,8880,0.09551136363636363,2560,1.2712110817432403,0.509765625,0.7320134252309799,0.7700843989849091,0.28828125,0.4512458309531212,0.5872656643390656,0.03137257695198059,0.034430126659572124,0.6890666127204895,0.7400051057338715,0.007991680502891563,0.16632988750934596,nan,0.0,nan,0.0,0
26,100,8900,0.09437500000000003,2560,1.2509797394275666,0.51953125,0.7358316570520401,0.7693936824798584,0.280078125,0.4380532011389732,0.5863207757472992,0.03137257695198059,0.035042735002934935,0.6901971727609635,0.7388845711946488,0.0030529141426086648,0.16632988750934596,nan,0.0,0.40625,0.3710256000049412,0
26,120,8920,0.09323863636363636,2560,1.2686708092689514,0.5015625,0.7331429094076156,0.768396520614624,0.284765625,0.45289951264858247,0.5979229152202606,0.03137257695198059,0.03313760291785002,0.6830270767211915,0.7375489324331284,0.00440602302551274,0.16632988750934596,nan,0.0,nan,0.0,0
26,140,8940,0.09210227272727275,2560,1.2854666650295257,0.498046875,0.7109054833650589,0.7648118555545806,0.293359375,0.45513524413108825,0.5916932642459869,0.03137257695198059,0.03449595579877496,0.6882708013057709,0.7358316570520401,0.024926173686981246,0.16632988750934596,nan,0.0,nan,0.0,0
26,160,8960,0.09096590909090908,2560,1.2517258822917938,0.5203125,0.7378361821174622,0.7724726557731628,0.26171875,0.4395450547337532,0.5863271266222,0.03137257695198059,0.03456580154597759,0.6910861521959305,0.7331429094076156,-0.004693272709846541,0.16632988750934596,nan,0.0,nan,0.0,0
26,180,8980,0.08982954545454543,2560,1.2606102228164673,0.501953125,0.7365184158086777,0.7752149164676666,0.280859375,0.4545966312289238,0.5969060450792313,0.03137257695198059,0.03253191681578756,0.682574987411499,0.7331429094076156,-0.0033755064010621005,0.16632988750934596,nan,0.0,nan,0.0,0
26,200,9000,0.08869318181818182,2560,1.2767493903636933,0.50625,0.719206091761589,0.7580958247184754,0.276953125,0.4411507785320282,0.5895981043577194,0.03137257695198059,0.033355130720883606,0.6844819009304046,0.7358316570520401,0.016625565290451116,0.16632988750934596,nan,0.0,0.4140625,0.37196530000073835,0
26,220,9020,0.08755681818181815,2560,1.2647032260894775,0.5171875,0.7319479703903198,0.7617660701274872,0.281640625,0.45427673161029813,0.5929293543100357,0.03137257695198059,0.03442115057259798,0.6871936112642288,0.7331429094076156,0.0011949390172958374,0.16632988750934596,nan,0.0,nan,0.0,0
26,240,9040,0.08642045454545455,2560,1.2598417401313782,0.513671875,0.7302232444286346,0.7676099389791489,0.2765625,0.44064898490905763,0.5901073664426804,0.03137257695198059,0.03358137309551239,0.6843841552734375,0.7319479703903198,0.0017247259616851585,0.16632988750934596,nan,0.0,nan,0.0,0
26,260,9060,0.08528409090909088,2560,1.246652638912201,0.5109375,0.730756750702858,0.7721724361181259,0.27890625,0.45282926708459853,0.5790868312120437,0.03137257695198059,0.03533701859414577,0.6896467000246048,0.7319479703903198,0.0011912196874618308,0.16632988750934596,nan,0.0,nan,0.0,0
26,280,9080,0.08414772727272728,2560,1.2716807126998901,0.509765625,0.7248067766427994,0.7649428218603134,0.280078125,0.4606673762202263,0.6040163904428482,0.03137257695198059,0.0343827523291111,0.6879118055105209,0.730756750702858,0.005949974060058594,0.16632988750934596,nan,0.0,nan,0.0,0
26,300,9100,0.0830113636363636,2560,1.2758545458316803,0.51484375,0.7300916075706482,0.7767259150743484,0.270703125,0.45754206627607347,0.5904857873916626,0.03137257695198059,0.03505215421319008,0.6900743067264556,0.7302232444286346,0.0001316368579864502,0.16632988750934596,nan,0.0,0.3984375,0.3702288999920711,0
26,320,9120,0.081875,2560,1.2918880105018615,0.504296875,0.7271359294652939,0.7648959070444107,0.282421875,0.4542389452457428,0.5928573876619339,0.03137257695198059,0.03355605099350214,0.6859691351652145,0.7302232444286346,0.0030873149633406927,0.16632988750934596,nan,0.0,nan,0.0,0
26,340,9140,0.08073863636363633,2560,1.271391886472702,0.521484375,0.7236936867237092,0.7723488062620163,0.268359375,0.45443055480718614,0.5961141109466552,0.03137257695198059,0.03128702444955707,0.6777418792247772,0.7300916075706482,0.00639792084693902,0.16632988750934596,nan,0.0,nan,0.0,0
26,352,9152,0.08005681818181817,1480,1.2828519022142566,0.5060810807588938,0.7278896673305615,0.7647221333271749,0.27094594626813323,0.43614474776628853,0.5911665323618296,0.03137257695198059,0.03221594229139186,0.6807474503646026,0.7271359294652939,-0.0007537378652675564,0.16632988750934596,nan,0.0,nan,0.0,0
27,20,9172,0.07892045454545457,2560,1.1980078756809234,0.550390625,0.731192097067833,0.7633860558271408,0.262109375,0.42719328254461286,0.5822586208581925,0.03137257695198059,0.033507111668586734,0.6861509710550309,0.7271359294652939,-0.004056167602539018,0.16632988750934596,nan,0.0,nan,0.0,0
27,40,9192,0.0777840909090909,2560,1.2309091687202454,0.52109375,0.7021193563938141,0.7628898859024048,0.286328125,0.4705096438527107,0.5980373650789261,0.03137257695198059,0.0326028797775507,0.6822420477867126,0.7278896673305615,0.02577031093674742,0.16632988750934596,nan,0.0,0.4140625,0.37811459999647923,0
27,60,9212,0.07664772727272724,2560,1.261659210920334,0.508203125,0.7215452820062638,0.7651401668787002,0.284765625,0.4651296272873878,0.5940382838249206,0.03137257695198059,0.03463664893060923,0.6878241032361985,0.7271359294652939,0.005590647459030151,0.16632988750934596,nan,0.0,nan,0.0,0
27,80,9232,0.07551136363636364,2560,1.2395794928073882,0.519140625,0.7257854491472244,0.7649199396371842,0.277734375,0.4512183338403702,0.5807029932737351,0.03137257695198059,0.034331208746880296,0.6905653923749924,0.7236936867237092,-0.0020917624235152754,0.16632988750934596,nan,0.0,nan,0.0,0
27,100,9252,0.07437499999999997,2560,1.2261975765228272,0.52890625,0.7260182231664658,0.768029299378395,0.2796875,0.445108588039875,0.5992005914449692,0.03137257695198059,0.03362021781504154,0.6849534809589386,0.7257854491472244,-0.00023277401924137742,0.16632988750934596,nan,0.0,nan,0.0,0
27,120,9272,0.07323863636363637,2560,1.199714058637619,0.5390625,0.7322507172822952,0.7685721278190613,0.25390625,0.43128799796104433,0.5886946558952332,0.03137257695198059,0.035002260003238916,0.6893625766038894,0.7257854491472244,-0.006465268135070756,0.16632988750934596,nan,0.0,nan,0.0,0
27,140,9292,0.0721022727272727,2560,1.2298367381095887,0.530859375,0.720021465420723,0.7701815515756607,0.271875,0.4594622477889061,0.6017676204442978,0.03137257695198059,0.03242326946929097,0.6829352021217346,0.7257854491472244,0.005763983726501443,0.16632988750934596,nan,0.0,0.4140625,0.36912470002425835,0
27,160,9312,0.0709659090909091,2560,1.2419454872608184,0.524609375,0.718234795331955,0.7616104304790496,0.2578125,0.453435954451561,0.5856365412473679,0.03137257695198059,0.03288299096748233,0.6838294833898544,0.7257854491472244,0.007550653815269426,0.16632988750934596,nan,0.0,nan,0.0,0
27,180,9332,0.06982954545454542,2560,1.2116319000720979,0.533984375,0.7078248411417007,0.759058266878128,0.2671875,0.45884810388088226,0.5874892145395278,0.03137257695198059,0.03139482187107205,0.6780764251947403,0.7257854491472244,0.01796060800552368,0.16632988750934596,nan,0.0,nan,0.0,0
27,200,9352,0.06869318181818182,2560,1.2623888671398162,0.510546875,0.7315283715724945,0.7593392908573151,0.284765625,0.46492033302783964,0.5906031519174576,0.03137257695198059,0.03455080892890692,0.6903497189283371,0.720021465420723,-0.011506906151771523,0.16632988750934596,nan,0.0,nan,0.0,0
27,220,9372,0.06755681818181815,2560,1.1888375103473663,0.534765625,0.7271072298288346,0.7635897517204284,0.2640625,0.4334390640258789,0.5971112787723541,0.03137257695198059,0.03187383497133851,0.6814510822296143,0.720021465420723,-0.0070857644081115945,0.16632988750934596,nan,0.0,nan,0.0,0
27,240,9392,0.06642045454545455,2560,1.188967078924179,0.545703125,0.7163221448659897,0.7578905910253525,0.25234375,0.4440093323588371,0.5891119867563248,0.03137257695198059,0.03268818398937583,0.6827751368284225,0.720021465420723,0.0036993205547333208,0.16632988750934596,nan,0.0,0.4140625,0.370519999996759,0
27,260,9412,0.06528409090909089,2560,1.2212132334709167,0.515234375,0.7018878072500229,0.752107384800911,0.28203125,0.45393807291984556,0.5833652734756469,0.03137257695198059,0.03248091274872422,0.6803790956735611,0.718234795331955,0.016346988081932134,0.16632988750934596,nan,0.0,nan,0.0,0
27,280,9432,0.06414772727272729,2560,1.181867516040802,0.533984375,0.7221473962068558,0.7612517267465592,0.271875,0.435293410718441,0.5859919369220734,0.03137257695198059,0.030804434977471828,0.6752248346805573,0.7163221448659897,-0.005825251340866089,0.16632988750934596,nan,0.0,nan,0.0,0
27,300,9452,0.06301136363636362,2560,1.2402325868606567,0.526953125,0.7031878054141998,0.7501287072896957,0.277734375,0.4639355391263962,0.5910792261362076,0.03137257695198059,0.03225196152925491,0.6795850574970246,0.7221473962068558,0.018959590792655967,0.16632988750934596,nan,0.0,nan,0.0,0
27,320,9472,0.06187500000000001,2560,1.2139790952205658,0.53828125,0.7307170361280442,0.7631042629480362,0.26328125,0.4509995937347412,0.5927607417106628,0.03137257695198059,0.03418669113889337,0.6867125272750855,0.7163221448659897,-0.01439489126205451,0.16632988750934596,nan,0.0,nan,0.0,0
27,340,9492,0.06073863636363634,2560,1.2435096025466919,0.52265625,0.7140332102775574,0.7614275813102722,0.260546875,0.4473391741514206,0.5877366572618484,0.03137257695198059,0.03359428383409977,0.6869088381528854,0.7163221448659897,0.0022889345884322676,0.16632988750934596,nan,0.0,0.40625,0.37247209998895414,0
27,352,9504,0.06005681818181818,1480,1.227276706051182,0.5162162170216844,0.7183226827028636,0.7606590683395799,0.2837837834615965,0.43902914475750277,0.5788754807936178,0.03137257695198059,0.033638764494979705,0.6864401488690763,0.7140332102775574,-0.0042894724253061955,0.16632988750934596,nan,0.0,nan,0.0,0
28,20,9524,0.05892045454545451,2560,1.1689246147871017,0.545703125,0.7239632695913315,0.759781789779663,0.280859375,0.4267071634531021,0.592337691783905,0.03137257695198059,0.034344848990440366,0.6875146985054016,0.7183226827028636,-0.005640586888467913,0.16632988750934596,nan,0.0,nan,0.0,0
28,40,9544,0.05778409090909091,2560,1.1477798402309418,0.543359375,0.7041105329990387,0.7583932459354401,0.283203125,0.44443534016609193,0.5848400294780731,0.03137257695198059,0.03277411852031946,0.6836282253265381,0.7183226827028636,0.014212149703824895,0.16632988750934596,nan,0.0,nan,0.0,0
28,60,9564,0.05664772727272724,2560,1.1672841519117356,0.54609375,0.7034092783927918,0.7560238093137741,0.277734375,0.45712407529354093,0.5938002437353134,0.03137257695198059,0.03299793917685747,0.6832838892936707,0.7183226827028636,0.01491340431007182,0.16632988750934596,nan,0.0,nan,0.0,0
28,80,9584,0.05551136363636364,2560,1.1542512118816375,0.540234375,0.70151506960392,0.7573971003293991,0.28046875,0.45539715737104414,0.5865411341190339,0.03137257695198059,0.03342057187110185,0.6849344879388809,0.7140332102775574,0.012518140673637435,0.16632988750934596,nan,0.0,0.4140625,0.3675428999995347,0
28,100,9604,0.05437499999999997,2560,1.1796703666448594,0.5390625,0.7193510979413986,0.7575208246707916,0.269921875,0.4520504727959633,0.5913883358240127,0.03137257695198059,0.032235618121922015,0.6818128108978272,0.7041105329990387,-0.015240564942359924,0.16632988750934596,nan,0.0,nan,0.0,0
28,120,9624,0.05323863636363637,2560,1.1600398778915406,0.546484375,0.6798092097043991,0.7522098839282989,0.277734375,0.4576940581202507,0.5942758083343506,0.03137257695198059,0.03215039689093828,0.6804043382406235,0.7041105329990387,0.024301323294639632,0.16632988750934596,nan,0.0,nan,0.0,0
28,140,9644,0.0521022727272727,2560,1.1531171023845672,0.55859375,0.7183676540851593,0.7552635401487351,0.255859375,0.44581731855869294,0.5876166254281998,0.03137257695198059,0.03472533077001572,0.6899410307407379,0.7034092783927918,-0.014958375692367576,0.16632988750934596,nan,0.0,nan,0.0,0
28,160,9664,0.050965909090909096,2560,1.1697092354297638,0.5421875,0.6818022489547729,0.7408719599246979,0.272265625,0.4531387358903885,0.5925752103328705,0.03137257695198059,0.03258135598152876,0.6813146412372589,0.7034092783927918,0.021607029438018843,0.16632988750934596,nan,0.0,nan,0.0,0
28,180,9684,0.04982954545454543,2560,1.1409087896347045,0.55625,0.6880447506904602,0.748164638876915,0.270703125,0.44743355363607407,0.5858148127794266,0.03137257695198059,0.030762133467942477,0.6755396127700806,0.70151506960392,0.013470318913459733,0.16632988750934596,nan,0.0,0.421875,0.3710834000085015,0
28,200,9704,0.04869318181818183,2560,1.1881759881973266,0.543359375,0.7171083867549897,0.7559220880270004,0.266796875,0.45339956879615784,0.5858547389507294,0.03137257695198059,0.03292852295562625,0.6822786718606949,0.6880447506904602,-0.02906363606452944,0.16632988750934596,nan,0.0,nan,0.0,0
28,220,9724,0.04755681818181816,2560,1.1410428702831268,0.551953125,0.6983455896377564,0.7544063687324524,0.261328125,0.4387357711791992,0.5874021142721176,0.03137257695198059,0.03447415120899677,0.6883894473314285,0.6880447506904602,-0.010300838947296165,0.16632988750934596,nan,0.0,nan,0.0,0
28,240,9744,0.046420454545454556,2560,1.1660303175449371,0.550390625,0.6925401329994202,0.7444451838731766,0.274609375,0.4637601926922798,0.5976663142442703,0.03137257695198059,0.03294442296028137,0.68290576338768,0.6983455896377564,0.005805456638336204,0.16632988750934596,nan,0.0,nan,0.0,0
28,260,9764,0.04528409090909089,2560,1.1449799120426178,0.5546875,0.7164447695016861,0.7703552484512329,0.252734375,0.4422793060541153,0.5893493831157685,0.03137257695198059,0.032470505218952894,0.6823404222726822,0.6925401329994202,-0.02390463650226593,0.16632988750934596,nan,0.0,nan,0.0,0
28,280,9784,0.04414772727272729,2560,1.1283962428569794,0.55625,0.6900439202785492,0.7397431850433349,0.277734375,0.4413884043693542,0.5885695338249206,0.03137257695198059,0.031373878195881846,0.6775689840316772,0.6983455896377564,0.008301669359207176,0.16632988750934596,nan,0.0,0.4453125,0.3703117999830283,0
28,300,9804,0.04301136363636362,2560,1.2021166324615478,0.526953125,0.7020054966211319,0.7464138180017471,0.290234375,0.4674292504787445,0.5914656549692154,0.03137257695198059,0.03276729118078947,0.6824614495038986,0.6983455896377564,-0.0036599069833754827,0.16632988750934596,nan,0.0,nan,0.0,0
28,320,9824,0.041875000000000016,2560,1.1406704425811767,0.56640625,0.7072828620672226,0.7525323420763016,0.267578125,0.43952489346265794,0.5856193721294403,0.03137257695198059,0.033391579799354074,0.6845660358667374,0.6983455896377564,-0.008937272429466181,0.16632988750934596,nan,0.0,nan,0.0,0
28,340,9844,0.040738636363636345,2560,1.1403557240962983,0.566015625,0.7023480087518692,0.7542192012071609,0.26484375,0.4512027457356453,0.588363665342331,0.03137257695198059,0.03119372921064496,0.6777768492698669,0.7020054966211319,-0.0003425121307373269,0.16632988750934596,nan,0.0,nan,0.0,0
28,352,9856,0.040056818181818186,1480,1.126163007761981,0.5621621620010685,0.6876904726028442,0.7475564193081211,0.2709459465903205,0.4453905962608956,0.5834844518352199,0.03137257695198059,0.03275513651000487,0.6814962899362719,0.7023480087518692,0.014657536149024986,0.16632988750934596,nan,0.0,nan,0.0,0
29,20,9876,0.038920454545454515,2560,1.08771550655365,0.575,0.7180995792150497,0.7466116815805435,0.2515625,0.4218624919652939,0.5890657007694244,0.03137257695198059,0.03043114524334669,0.6724477887153626,0.7020054966211319,-0.01609408259391787,0.16632988750934596,nan,0.0,0.453125,0.3700255999865476,0
29,40,9896,0.03778409090909091,2560,1.1241255700588226,0.5609375,0.6840675562620163,0.7424077540636063,0.255078125,0.4528846859931946,0.5928974330425263,0.03137257695198059,0.03170599974691868,0.6777314424514771,0.7023480087518692,0.018280452489852883,0.16632988750934596,nan,0.0,nan,0.0,0
29,60,9916,0.03664772727272725,2560,1.0915047258138657,0.570703125,0.6943288326263428,0.746012133359909,0.2640625,0.42595299780368806,0.5924103021621704,0.03137257695198059,0.031717763654887675,0.6800854235887528,0.7023480087518692,0.008019176125526384,0.16632988750934596,nan,0.0,nan,0.0,0
29,80,9936,0.035511363636363646,2560,1.0949446111917496,0.573046875,0.6939043819904327,0.7493573695421218,0.2671875,0.4381732687354088,0.5858130276203155,0.03137257695198059,0.03192027835175395,0.6803737312555314,0.6943288326263428,0.000424450635910123,0.16632988750934596,nan,0.0,nan,0.0,0
29,100,9956,0.034374999999999975,2560,1.123725289106369,0.553125,0.6971529066562653,0.7493382960557937,0.275390625,0.4524860307574272,0.5961904078722,0.03137257695198059,0.033584983181208374,0.6849757909774781,0.6939043819904327,-0.003248524665832586,0.16632988750934596,nan,0.0,nan,0.0,0
29,120,9976,0.03323863636363637,2560,1.076776272058487,0.580078125,0.7188455253839493,0.7531386256217957,0.262890625,0.42976290732622147,0.5827086269855499,0.03137257695198059,0.03222534293308854,0.6812608271837235,0.6943288326263428,-0.024516692757606484,0.16632988750934596,nan,0.0,0.4609375,0.3794705999898724,0
29,140,9996,0.03210227272727271,2560,1.1153156012296677,0.57265625,0.6738586366176605,0.7358469814062119,0.266015625,0.4591598406434059,0.5921413570642471,0.03137257695198059,0.03202353017404676,0.6795495420694351,0.6943288326263428,0.020470196008682273,0.16632988750934596,nan,0.0,nan,0.0,0
29,160,10016,0.030965909090909103,2560,1.1049936771392823,0.5640625,0.6816753566265106,0.7377999812364578,0.2671875,0.44498823434114454,0.5943012416362763,0.03137257695198059,0.030647738743573426,0.6745772808790207,0.6943288326263428,0.012653475999832242,0.16632988750934596,nan,0.0,nan,0.0,0
29,180,10036,0.029829545454545435,2560,1.0733842968940734,0.58046875,0.7004896134138108,0.7514518916606903,0.26484375,0.42961381673812865,0.5885392725467682,0.03137257695198059,0.030971445236355068,0.6749468684196472,0.6939043819904327,-0.0065852314233780795,0.16632988750934596,nan,0.0,nan,0.0,0
29,200,10056,0.028693181818181833,2560,1.0698860317468644,0.58359375,0.6840524315834046,0.7473026514053345,0.255078125,0.4342876225709915,0.5948323756456375,0.03137257695198059,0.029870669730007647,0.6724225640296936,0.6971529066562653,0.013100475072860718,0.16632988750934596,nan,0.0,nan,0.0,0
29,220,10076,0.027556818181818165,2560,1.0613386690616609,0.58671875,0.6937437295913697,0.7455251216888428,0.25625,0.4388375014066696,0.5862210810184478,0.03137257695198059,0.031451698113232854,0.6766642838716507,0.6840524315834046,-0.009691298007965088,0.16632988750934596,nan,0.0,0.40625,0.377377400000114,0
29,240,10096,0.026420454545454563,2560,1.0868196666240693,0.575,0.6754869610071182,0.7346153438091279,0.271875,0.4530945852398872,0.5911598414182663,0.03137257695198059,0.03222442688420415,0.6812911450862884,0.6840524315834046,0.008565470576286316,0.16632988750934596,nan,0.0,nan,0.0,0
29,260,10116,0.025284090909090895,2560,1.061483806371689,0.58046875,0.6738841980695724,0.7306909114122391,0.266015625,0.4396553263068199,0.5868676632642746,0.03137257695198059,0.03085396848618984,0.6758102387189865,0.6840524315834046,0.010168233513832114,0.16632988750934596,nan,0.0,nan,0.0,0
29,280,10136,0.024147727272727293,2560,1.088200968503952,0.575,0.6959779798984528,0.7545588374137878,0.271875,0.45549963116645814,0.5854739069938659,0.03137257695198059,0.03101866114884615,0.6767191857099533,0.6840524315834046,-0.011925548315048218,0.16632988750934596,nan,0.0,nan,0.0,0
29,300,10156,0.023011363636363625,2560,1.0490035474300385,0.5796875,0.6917819201946258,0.7483903348445893,0.266796875,0.4330898553133011,0.5886779993772506,0.03137257695198059,0.031108348909765483,0.6748945444822312,0.6840524315834046,-0.007729488611221247,0.16632988750934596,nan,0.0,nan,0.0,0
29,320,10176,0.021875000000000023,2560,1.0834019899368286,0.57734375,0.6828208297491074,0.7411312282085418,0.264453125,0.4533559560775757,0.5901783257722855,0.03137257695198059,0.031228792387992144,0.6764538645744324,0.6917819201946258,0.008961090445518405,0.16632988750934596,nan,0.0,0.4296875,0.37815030000638217,0
29,340,10196,0.02073863636363635,2560,1.069928866624832,0.57734375,0.6743904232978821,0.7303721308708191,0.2671875,0.4440085023641586,0.5938191950321198,0.03137257695198059,0.03149486500769853,0.6767984509468079,0.6828208297491074,0.00843040645122528,0.16632988750934596,nan,0.0,nan,0.0,0
29,352,10208,0.020056818181818193,1480,1.0426658585264876,0.5912162152496544,0.6656707154737936,0.7361818838763882,0.2614864864864865,0.42916466996476454,0.5792456520570292,0.03137257695198059,0.03112676604776769,0.6760110603796469,0.6828208297491074,0.017150114275313766,0.16632988750934596,nan,0.0,nan,0.0,0
30,20,10228,0.01892045454545452,2560,1.0158627778291702,0.605859375,0.6823639869689941,0.7375903010368348,0.245703125,0.42275450229644773,0.5964134395122528,0.03137257695198059,0.03176213307306171,0.67889404296875,0.6828208297491074,0.0004568427801132646,0.16632988750934596,nan,0.0,nan,0.0,0
30,40,10248,0.01778409090909092,2560,1.0134996592998504,0.600390625,0.6652410179376602,0.7297486871480942,0.2546875,0.42673948109149934,0.5854394495487213,0.03137257695198059,0.031338319461792705,0.6754959374666214,0.6823639869689941,0.017122969031333923,0.16632988750934596,nan,0.0,nan,0.0,0
30,60,10268,0.01664772727272725,2560,1.0098619550466537,0.60703125,0.6833196431398392,0.7401647090911865,0.25078125,0.4351454198360443,0.590224090218544,0.03137257695198059,0.0306947385892272,0.6739016145467758,0.6743904232978821,-0.008929219841957048,0.16632988750934596,nan,0.0,0.4296875,0.36899680001079105,0
30,80,10288,0.01551136363636365,2560,1.0101934313774108,0.59375,0.6611941963434219,0.7268304347991943,0.263671875,0.4301241248846054,0.5928957849740982,0.03137257695198059,0.03154612416401505,0.6769681245088577,0.6743904232978821,0.01319622695446021,0.16632988750934596,nan,0.0,nan,0.0,0
30,100,10308,0.014374999999999982,2560,1.0126356214284897,0.596875,0.6855072110891343,0.741800320148468,0.266015625,0.43046952188014986,0.5814432978630066,0.03137257695198059,0.030253017041832208,0.6725915372371674,0.6656707154737936,-0.01983649561534062,0.16632988750934596,nan,0.0,nan,0.0,0
30,120,10328,0.01323863636363638,2560,0.9830323994159699,0.617578125,0.6747560501098633,0.7331660151481628,0.237890625,0.4127948358654976,0.5951759487390518,0.03137257695198059,0.030479469802230597,0.6738588482141494,0.6823639869689941,0.007607936859130859,0.16632988750934596,nan,0.0,nan,0.0,0
30,140,10348,0.012102272727272712,2560,0.9864250987768173,0.615625,0.6797044694423675,0.7431687921285629,0.255859375,0.42507625967264173,0.5817402094602585,0.03137257695198059,0.03132506376132369,0.6773119062185288,0.6747560501098633,-0.004948419332504228,0.16632988750934596,nan,0.0,nan,0.0,0
30,160,10368,0.01096590909090911,2560,0.9939847320318222,0.608203125,0.6657786518335342,0.7161556452512741,0.25,0.43752680271863936,0.5936437159776687,0.03137257695198059,0.031160071678459644,0.6765962779521942,0.6797044694423675,0.013925817608833269,0.16632988750934596,nan,0.0,0.4609375,0.3707572999992408,0
30,180,10388,0.00982954545454544,2560,0.9874678522348403,0.6046875,0.6513013213872909,0.7218985438346863,0.25,0.43029799610376357,0.5850011438131333,0.03137257695198059,0.03145119361579418,0.6761052668094635,0.6747560501098633,0.02345472872257237,0.16632988750934596,nan,0.0,nan,0.0,0
30,200,10408,0.008693181818181838,2560,1.0069954186677932,0.609765625,0.6645520150661468,0.7284839868545532,0.25703125,0.4393254265189171,0.5861000269651413,0.03137257695198059,0.030916708149015905,0.6759816139936448,0.6747560501098633,0.010204035043716475,0.16632988750934596,nan,0.0,nan,0.0,0
30,220,10428,0.00755681818181817,2560,0.9980719029903412,0.614453125,0.6536964058876038,0.720139080286026,0.241015625,0.41904772371053695,0.5914374202489853,0.03137257695198059,0.03074307953938842,0.676403084397316,0.6657786518335342,0.012082245945930437,0.16632988750934596,nan,0.0,nan,0.0,0
30,240,10448,0.006420454545454568,2560,0.9768901020288467,0.62109375,0.6676764130592346,0.7358134150505066,0.23359375,0.4172807365655899,0.5946927577257156,0.03137257695198059,0.031048980355262757,0.6753188639879226,0.6645520150661468,-0.003124397993087835,0.16632988750934596,nan,0.0,nan,0.0,0
30,260,10468,0.005284090909090899,2560,0.9941000461578369,0.608984375,0.6528992235660553,0.7238702327013016,0.25,0.42837805300951004,0.5899351954460144,0.03137257695198059,0.030972815677523614,0.6750321179628372,0.6645520150661468,0.011652791500091464,0.16632988750934596,nan,0.0,0.46875,0.3703668999951333,0
30,280,10488,0.004147727272727297,2560,0.9500415354967118,0.622265625,0.685034790635109,0.7380785793066025,0.244140625,0.40303886085748675,0.5827058345079422,0.03137257695198059,0.031089941505342722,0.6765157163143158,0.6536964058876038,-0.031338384747505166,0.16632988750934596,nan,0.0,nan,0.0,0
30,300,10508,0.0030113636363636284,2560,0.948996514081955,0.62890625,0.6757592380046844,0.7319191187620163,0.24453125,0.41926089078187945,0.5768810421228409,0.03137257695198059,0.031058212090283633,0.6752272486686707,0.6645520150661468,-0.011207222938537598,0.16632988750934596,nan,0.0,nan,0.0,0
30,320,10528,0.0018750000000000266,2560,0.9665242284536362,0.620703125,0.6648565202951431,0.7258878320455551,0.24765625,0.4177385732531548,0.5829029262065888,0.03137257695198059,0.030520257260650396,0.6747149407863617,0.6676764130592346,0.0028198927640915583,0.16632988750934596,nan,0.0,nan,0.0,0
30,340,10548,0.000738636363636358,2560,0.9570903986692428,0.623828125,0.6695667862892151,0.7194458186626435,0.251171875,0.4152365729212761,0.5979104578495026,0.03137257695198059,0.029951402358710764,0.6719130367040634,0.6676764130592346,-0.0018903732299804243,0.16632988750934596,nan,0.0,nan,0.0,0
30,352,10560,5.681818181819675e-05,1480,0.9722919270798966,0.6054054054054054,0.6479669883444502,0.7257185897311649,0.26891891924110617,0.4275318608090684,0.5773373900233089,0.03137257695198059,0.031123828948349565,0.6762521176724821,0.6695667862892151,0.021599797944764854,0.16632988750934596,nan,0.0,0.4375,0.3774371999897994,0
