epoch,batch,global_step,lr,window_samples,train_adv_loss,train_adv_acc,free_gradient_cosine,free_gradient_sign_agreement,free_prediction_disagreement,free_attack_loss_gain,free_boundary_fraction,free_delta_linf,control_gradient_participation_ratio,control_gradient_entropy,detector_baseline,detector_score,detector_threshold,detector_pgd10_acc,detector_seconds,observer_pgd10_acc,observer_pgd10_seconds,intervention_triggered
1,20,20,0.0007196969696969698,2560,2.7628135681152344,0.0,0.0019073885167017579,0.4953590497374535,0.4984375,0.4551007837057114,0.5941730737686157,0.0627451241016388,0.2516954466700554,0.886637482047081,nan,nan,0.16632988750934596,nan,0.0,nan,0.0,0
1,40,40,0.0014772727272727272,2560,2.642305374145508,0.000390625,0.005576964911597315,0.49680100530385973,0.430078125,0.4031611308455467,0.5937217861413956,0.0627451241016388,0.2491384394466877,0.8857410699129105,nan,nan,0.16632988750934596,nan,0.0,nan,0.0,0
1,60,60,0.002234848484848485,2560,2.4920854568481445,0.0109375,0.01967938053421676,0.5007651165127754,0.374609375,0.33592717796564103,0.5940187036991119,0.0627451241016388,0.2419041596353054,0.8833934217691422,nan,nan,0.16632988750934596,nan,0.0,nan,0.0,0
1,80,80,0.0029924242424242426,2560,2.38120551109314,0.04765625,0.0869715353474021,0.5167038172483445,0.335546875,0.2828634396195412,0.5942046046257019,0.0627451241016388,0.2315634571015835,0.8796075642108917,0.005576964911597315,-0.08139457043580478,0.16632988750934596,nan,0.0,nan,0.0,0
1,100,100,0.00375,2560,2.305142343044281,0.07265625,0.23348708301782609,0.5531466364860534,0.31640625,0.20999222323298455,0.595213720202446,0.0627451241016388,0.21425506919622422,0.8713346391916275,0.012628172722907038,-0.22085891029491905,0.16632988750934596,nan,0.0,0.03125,0.3808859999990091,0
1,120,120,0.004507575757575758,2560,2.2711980819702147,0.118359375,0.41093070060014725,0.5982470363378525,0.33828125,0.1706318140029907,0.5949939996004104,0.0627451241016388,0.18231155425310136,0.8530347496271133,0.01967938053421676,-0.3912513200659305,0.16632988750934596,nan,0.0,nan,0.0,0
1,140,140,0.005265151515151515,2560,2.2540573120117187,0.13828125,0.506836225092411,0.6232582241296768,0.219921875,0.14142779856920243,0.5968461573123932,0.0627451241016388,0.1552032597362995,0.832882609963417,0.0869715353474021,-0.4198646897450089,0.16632988750934596,nan,0.0,nan,0.0,0
1,160,160,0.006022727272727273,2560,2.2470094203948974,0.152734375,0.5705006897449494,0.6430805325508118,0.212890625,0.13249580785632134,0.5971672296524048,0.0627451241016388,0.13985008075833322,0.8212387502193451,0.23348708301782609,-0.3370136067271233,0.16632988750934596,nan,0.0,nan,0.0,0
1,180,180,0.0067803030303030315,2560,2.242536163330078,0.1453125,0.6197668075561523,0.6594796687364578,0.276953125,0.14626073874533177,0.5986646234989166,0.0627451241016388,0.1268660094588995,0.8081855922937393,0.41093070060014725,-0.20883610695600507,0.16632988750934596,nan,0.0,nan,0.0,0
1,200,200,0.007537878787878788,2560,2.2273867607116697,0.165234375,0.6659327358007431,0.6761724054813385,0.226171875,0.14958237893879414,0.5990501582622528,0.0627451241016388,0.11078075133264065,0.7906065702438354,0.506836225092411,-0.15909651070833208,0.16632988750934596,nan,0.0,0.15625,0.37384149999707006,0
1,220,220,0.008295454545454547,2560,2.2090187311172484,0.1609375,0.6974339187145233,0.6853669673204422,0.233203125,0.15567988455295562,0.5991662561893463,0.0627451241016388,0.10112551227211952,0.7822255164384841,0.5705006897449494,-0.12693322896957393,0.16632988750934596,nan,0.0,nan,0.0,0
1,240,240,0.009053030303030304,2560,2.2211020469665526,0.151953125,0.7126842081546784,0.697488671541214,0.22578125,0.16691455766558647,0.5982329219579696,0.0627451241016388,0.09098665975034237,0.7709538251161575,0.6197668075561523,-0.09291740059852605,0.16632988750934596,nan,0.0,nan,0.0,0
1,260,260,0.009810606060606061,2560,2.1988174438476564,0.164453125,0.7284861445426941,0.7083875179290772,0.277734375,0.1634908802807331,0.597914519906044,0.0627451241016388,0.08658601343631744,0.7610416442155838,0.6659327358007431,-0.06255340874195103,0.16632988750934596,nan,0.0,nan,0.0,0
1,280,280,0.010568181818181819,2560,2.205071544647217,0.160546875,0.7407552301883698,0.7221044063568115,0.269921875,0.16842244789004326,0.6016416072845459,0.0627451241016388,0.08482540175318717,0.7589400589466095,0.6974339187145233,-0.043321311473846436,0.16632988750934596,nan,0.0,nan,0.0,0
1,300,300,0.011325757575757576,2560,2.194161224365234,0.164453125,0.7388014048337936,0.7210528254508972,0.2484375,0.17226547077298165,0.5981476038694382,0.0627451241016388,0.07941305376589299,0.7496846795082093,0.7126842081546784,-0.026117196679115273,0.16632988750934596,nan,0.0,0.125,0.3690170999907423,0
1,320,320,0.012083333333333335,2560,2.201320171356201,0.16796875,0.7556238263845444,0.7310563623905182,0.237890625,0.19121641516685486,0.5984232813119889,0.0627451241016388,0.07119979038834572,0.7393406897783279,0.7284861445426941,-0.02713768184185028,0.16632988750934596,nan,0.0,nan,0.0,0
1,340,340,0.012840909090909092,2560,2.1747711181640623,0.184765625,0.7661098927259445,0.7380041956901551,0.244921875,0.1981806218624115,0.6008214473724365,0.0627451241016388,0.06695351805537939,0.7332823872566223,0.7388014048337936,-0.0273084878921509,0.16632988750934596,nan,0.0,nan,0.0,0
1,352,352,0.013295454545454548,1480,2.1892772829210436,0.17432432440487114,0.7669209296638901,0.7463046995369164,0.2547297295686361,0.19649484149507573,0.6006053206082936,0.0627451241016388,0.07087547702563776,0.7364611770655658,0.7407552301883698,-0.026165699475520388,0.16632988750934596,nan,0.0,nan,0.0,0
2,20,372,0.014053030303030303,2560,2.1520551681518554,0.195703125,0.7744487345218658,0.7513632625341415,0.241796875,0.2051815964281559,0.6012445002794266,0.0627451241016388,0.06871163807809352,0.7342119872570038,0.7556238263845444,-0.018824908137321406,0.16632988750934596,nan,0.0,nan,0.0,0
2,40,392,0.01481060606060606,2560,2.171572780609131,0.180078125,0.7934927374124527,0.7576436579227448,0.24375,0.2284686930477619,0.6039088040590286,0.0627451241016388,0.07154543362557889,0.7430533170700073,0.7661098927259445,-0.0273828446865082,0.16632988750934596,nan,0.0,0.1875,0.3814756000065245,0
2,60,412,0.015568181818181818,2560,2.1778753280639647,0.180078125,0.7855745136737824,0.7449694573879242,0.264453125,0.2298174701631069,0.6036400079727173,0.0627451241016388,0.06384509615600109,0.7274587094783783,0.7669209296638901,-0.018653584009892255,0.16632988750934596,nan,0.0,nan,0.0,0
2,80,432,0.016325757575757577,2560,2.1782504081726075,0.17890625,0.8138681888580322,0.7653440088033676,0.2390625,0.20561933964490892,0.6030285060405731,0.0627451241016388,0.05975961834192276,0.7190572828054428,0.7744487345218658,-0.03941945433616645,0.16632988750934596,nan,0.0,nan,0.0,0
2,100,452,0.017083333333333336,2560,2.165329599380493,0.16796875,0.8015226691961288,0.7615457117557526,0.258984375,0.21184563785791397,0.6045191645622253,0.0627451241016388,0.062251081317663194,0.7242970943450928,0.7855745136737824,-0.015948155522346408,0.16632988750934596,nan,0.0,nan,0.0,0
2,120,472,0.01784090909090909,2560,2.1563250541687013,0.193359375,0.7955615103244782,0.7545064479112625,0.270703125,0.22091743722558022,0.60527663230896,0.0627451241016388,0.05759828258305788,0.7132789850234985,0.7934927374124527,-0.0020687729120254517,0.16632988750934596,nan,0.0,nan,0.0,0
2,140,492,0.018598484848484847,2560,2.145941877365112,0.183984375,0.8013943374156952,0.7612837642431259,0.252734375,0.22370765134692192,0.6066840052604675,0.0627451241016388,0.05634287502616644,0.7137396395206451,0.7955615103244782,-0.005832827091217019,0.16632988750934596,nan,0.0,0.203125,0.37192720000166446,0
2,160,512,0.01935606060606061,2560,2.1629749298095704,0.172265625,0.7956433713436126,0.7538049310445786,0.2515625,0.2185026377439499,0.6087884455919266,0.0627451241016388,0.05293404795229435,0.7031654417514801,0.8013943374156952,0.005750966072082586,0.16632988750934596,nan,0.0,nan,0.0,0
2,180,532,0.020113636363636365,2560,2.1439202785491944,0.185546875,0.8112390995025635,0.7539819300174713,0.2421875,0.2260470651090145,0.6075056940317154,0.0627451241016388,0.053929336927831174,0.707000458240509,0.8013943374156952,-0.009844762086868242,0.16632988750934596,nan,0.0,nan,0.0,0
2,200,552,0.020871212121212124,2560,2.1413082122802733,0.195703125,0.8179314494132995,0.768248388171196,0.246875,0.2221696674823761,0.6093970119953156,0.0627451241016388,0.053353140316903594,0.7048797160387039,0.8013943374156952,-0.016537111997604326,0.16632988750934596,nan,0.0,nan,0.0,0
2,220,572,0.02162878787878788,2560,2.1235726356506346,0.209375,0.8060854107141495,0.7645065516233445,0.243359375,0.22918592244386674,0.6050755977630615,0.0627451241016388,0.05159988850355148,0.702728447318077,0.8013943374156952,-0.004691073298454307,0.16632988750934596,nan,0.0,nan,0.0,0
2,240,592,0.02238636363636364,2560,2.145300769805908,0.199609375,0.8032630026340485,0.7673076927661896,0.28203125,0.23856197148561478,0.6065184473991394,0.0627451241016388,0.05255601275712252,0.7056038200855255,0.8060854107141495,0.0028224080801010354,0.16632988750934596,nan,0.0,0.1796875,0.37339769999380223,0
2,260,612,0.023143939393939397,2560,2.1509241461753845,0.181640625,0.8152411073446274,0.7628996759653092,0.25859375,0.237258705496788,0.6101438075304031,0.0627451241016388,0.05366473607718945,0.7039118736982346,0.8060854107141495,-0.009155696630477883,0.16632988750934596,nan,0.0,nan,0.0,0
2,280,632,0.023901515151515153,2560,2.1300902366638184,0.201953125,0.8110158920288086,0.7705381006002426,0.279296875,0.24223683923482894,0.6093988001346589,0.0627451241016388,0.05334504321217537,0.7024814695119858,0.8112390995025635,0.0002232074737548162,0.16632988750934596,nan,0.0,nan,0.0,0
2,300,652,0.02465909090909091,2560,2.129639768600464,0.18515625,0.8084391057491302,0.768689113855362,0.299609375,0.2537620835006237,0.6124633997678757,0.0627451241016388,0.05208221804350614,0.7039279460906982,0.8110158920288086,0.002576786279678389,0.16632988750934596,nan,0.0,nan,0.0,0
2,320,672,0.025416666666666667,2560,2.141882801055908,0.1890625,0.8110078483819961,0.763251006603241,0.24921875,0.23034000918269157,0.6053470820188522,0.0627451241016388,0.046149807050824165,0.6883612602949143,0.8084391057491302,-0.0025687426328658836,0.16632988750934596,nan,0.0,nan,0.0,0
2,340,692,0.026174242424242423,2560,2.1235325813293455,0.201171875,0.8063441395759583,0.7742567896842957,0.259375,0.25160609632730485,0.6139309078454971,0.0627451241016388,0.048531121015548705,0.6955782622098923,0.8110078483819961,0.004663708806037836,0.16632988750934596,nan,0.0,0.1875,0.3695387000043411,0
2,352,704,0.02662878787878788,1480,2.1643355086043075,0.1804054054054054,0.8190540168736432,0.77454890141616,0.24324324340433687,0.253662203695323,0.6072039336771579,0.0627451241016388,0.05024593853064486,0.6976918938997629,0.8110078483819961,-0.008046168491647077,0.16632988750934596,nan,0.0,nan,0.0,0
3,20,724,0.02738636363636364,2560,2.1264781951904297,0.19453125,0.8149124622344971,0.7674931973218918,0.23671875,0.24062714353203773,0.6172265619039535,0.0627451241016388,0.04572024066001177,0.685293436050415,0.8110078483819961,-0.00390461385250096,0.16632988750934596,nan,0.0,nan,0.0,0
3,40,744,0.028143939393939395,2560,2.1428986549377442,0.180859375,0.8088199496269226,0.774521780014038,0.2875,0.2590451240539551,0.6056699305772781,0.0627451241016388,0.047936592064797875,0.6974129021167755,0.8110078483819961,0.002187898755073525,0.16632988750934596,nan,0.0,nan,0.0,0
3,60,764,0.02890151515151515,2560,2.1422732353210447,0.191015625,0.8084609180688858,0.7664845943450928,0.2640625,0.2611913539469242,0.605841463804245,0.0627451241016388,0.04692690279334784,0.6954951018095017,0.8110078483819961,0.0025469303131103738,0.16632988750934596,nan,0.0,nan,0.0,0
3,80,784,0.02965909090909091,2560,2.1143187522888183,0.196484375,0.8094911009073258,0.7762165278196335,0.258984375,0.24835940673947335,0.6068299770355224,0.0627451241016388,0.04603752698749304,0.6902042835950851,0.8088199496269226,-0.0006711512804031816,0.16632988750934596,nan,0.0,0.1796875,0.3730440999788698,0
3,100,804,0.030416666666666665,2560,2.112209701538086,0.210546875,0.8084077894687652,0.776509365439415,0.228125,0.25670588091015817,0.6134754419326782,0.0627451241016388,0.045172279514372346,0.6895333588123321,0.8094911009073258,0.0010833114385605525,0.16632988750934596,nan,0.0,nan,0.0,0
3,120,824,0.031174242424242427,2560,2.111126518249512,0.209765625,0.8005003482103348,0.7649336755275726,0.275390625,0.26438939422369,0.605851000547409,0.0627451241016388,0.045710515975952146,0.6888309240341186,0.8088199496269226,0.00831960141658783,0.16632988750934596,nan,0.0,nan,0.0,0
3,140,844,0.031931818181818186,2560,2.09035005569458,0.195703125,0.7994485408067703,0.7695334315299988,0.265625,0.25226121544837954,0.6093883663415909,0.0627451241016388,0.04328962694853544,0.6833707123994828,0.8084609180688858,0.009012377262115456,0.16632988750934596,nan,0.0,nan,0.0,0
3,160,864,0.03268939393939394,2560,2.125033903121948,0.203515625,0.8042860388755798,0.7742679834365844,0.250390625,0.2657062239944935,0.6079325497150421,0.0627451241016388,0.04445503782480955,0.6863913357257843,0.8084077894687652,0.004121750593185425,0.16632988750934596,nan,0.0,nan,0.0,0
3,180,884,0.0334469696969697,2560,2.095849609375,0.21171875,0.7957611739635467,0.7711587458848953,0.24453125,0.2540446609258652,0.609993252158165,0.0627451241016388,0.04185665231198073,0.6780492335557937,0.8042860388755798,0.008524864912033081,0.16632988750934596,nan,0.0,0.171875,0.37179699999978766,0
3,200,904,0.03420454545454545,2560,2.1256492137908936,0.199609375,0.8033872455358505,0.7725647121667862,0.265625,0.24254366904497146,0.6073991298675537,0.0627451241016388,0.04223265442997217,0.6783536672592163,0.8005003482103348,-0.002886897325515725,0.16632988750934596,nan,0.0,nan,0.0,0
3,220,924,0.034962121212121215,2560,2.0846863269805906,0.2015625,0.8005716741085053,0.7680034846067428,0.26640625,0.2645375430583954,0.6106477290391922,0.0627451241016388,0.04304744079709053,0.6817320883274078,0.8005003482103348,-7.13258981704934e-05,0.16632988750934596,nan,0.0,nan,0.0,0
3,240,944,0.03571969696969697,2560,2.0838674545288085,0.2125,0.8029513329267501,0.771911895275116,0.276953125,0.26927789151668546,0.6089402735233307,0.0627451241016388,0.04302160944789648,0.6826290428638458,0.8005716741085053,-0.0023796588182448675,0.16632988750934596,nan,0.0,nan,0.0,0
3,260,964,0.036477272727272726,2560,2.08663330078125,0.20703125,0.792776706814766,0.7704353541135788,0.2515625,0.2708863131701946,0.6107811123132706,0.0627451241016388,0.042846481688320635,0.6827672988176345,0.8029513329267501,0.010174626111984164,0.16632988750934596,nan,0.0,nan,0.0,0
3,280,984,0.03723484848484849,2560,2.0932244777679445,0.2078125,0.7974716633558273,0.7725848138332367,0.28671875,0.2781731866300106,0.608518871665001,0.0627451241016388,0.043739092722535136,0.6859043568372727,0.8005716741085053,0.003100010752677962,0.16632988750934596,nan,0.0,0.140625,0.37559959999634884,0
3,300,1004,0.037992424242424244,2560,2.061807417869568,0.230859375,0.8000733375549316,0.7733792752027512,0.2796875,0.269354921579361,0.6080281764268876,0.0627451241016388,0.04371052365750074,0.6819391429424286,0.8005716741085053,0.000498336553573675,0.16632988750934596,nan,0.0,nan,0.0,0
3,320,1024,0.03875000000000001,2560,2.1079644203186034,0.20078125,0.7991759449243545,0.7772443294525146,0.2703125,0.2772737130522728,0.6085112452507019,0.0627451241016388,0.043566735461354256,0.6871477693319321,0.8000733375549316,0.0008973926305770874,0.16632988750934596,nan,0.0,nan,0.0,0
3,340,1044,0.03950757575757576,2560,2.105332279205322,0.2140625,0.7984399706125259,0.7769766747951508,0.251953125,0.2585300661623478,0.6143504023551941,0.0627451241016388,0.04255060870200396,0.6799990773200989,0.7991759449243545,0.0007359743118285911,0.16632988750934596,nan,0.0,nan,0.0,0
3,352,1056,0.03996212121212121,1480,2.097338206059224,0.21621621653840348,0.8025802299783037,0.7774035898414818,0.2317567565151163,0.2669444117997144,0.607960544727944,0.0627451241016388,0.041373280355253735,0.6789104268357561,0.7984399706125259,-0.004140259365777776,0.16632988750934596,nan,0.0,nan,0.0,0
4,20,1076,0.040719696969696975,2560,2.0720858573913574,0.20625,0.7968522399663925,0.7706777155399323,0.28046875,0.27875573337078097,0.6061067193746567,0.0627451241016388,0.04104159735143185,0.6791230201721191,0.7991759449243545,0.0023237049579619695,0.16632988750934596,nan,0.0,0.1875,0.3653838000027463,0
4,40,1096,0.04147727272727273,2560,2.087897253036499,0.21328125,0.7922213226556778,0.7733355402946472,0.27421875,0.26251820027828215,0.6146586269140244,0.0627451241016388,0.04121265280991793,0.6803715229034424,0.7991759449243545,0.006954622268676713,0.16632988750934596,nan,0.0,nan,0.0,0
4,60,1116,0.042234848484848486,2560,2.0729555606842043,0.209765625,0.7994759798049926,0.7746243953704834,0.279296875,0.27314974293112754,0.6118967860937119,0.0627451241016388,0.03945962823927403,0.6709548681974411,0.7984399706125259,-0.0010360091924667136,0.16632988750934596,nan,0.0,nan,0.0,0
4,80,1136,0.04299242424242425,2560,2.0720963954925535,0.22109375,0.8004861921072006,0.7688395321369171,0.257421875,0.2801073223352432,0.6111090511083603,0.0627451241016388,0.03839834984391928,0.6703198850154877,0.7984399706125259,-0.002046221494674705,0.16632988750934596,nan,0.0,nan,0.0,0
4,100,1156,0.043750000000000004,2560,2.101058578491211,0.2046875,0.7989245116710663,0.7763593196868896,0.278515625,0.26702832356095313,0.6086653590202331,0.0627451241016388,0.03925943411886692,0.6742842704057693,0.7994759798049926,0.0005514681339263694,0.16632988750934596,nan,0.0,nan,0.0,0
4,120,1176,0.04450757575757576,2560,2.0656714916229246,0.2265625,0.7986993700265884,0.772887060046196,0.262890625,0.2785424664616585,0.6064438104629517,0.0627451241016388,0.03399095954373479,0.6529543668031692,0.7989245116710663,0.00022514164447784424,0.16632988750934596,nan,0.0,0.1953125,0.36833800000022165,0
4,140,1196,0.045265151515151515,2560,2.0462953090667724,0.210546875,0.8017227828502655,0.7746747523546219,0.27578125,0.2731242761015892,0.6051863521337509,0.0627451241016388,0.03645218135789037,0.6656673461198807,0.7989245116710663,-0.0027982711791992854,0.16632988750934596,nan,0.0,nan,0.0,0
4,160,1216,0.04602272727272727,2560,2.075757384300232,0.205078125,0.7917212963104248,0.7771417170763015,0.275,0.2804760828614235,0.6062046259641647,0.0627451241016388,0.04013673979789019,0.6792788505554199,0.7994759798049926,0.007754683494567871,0.16632988750934596,nan,0.0,nan,0.0,0
4,180,1236,0.04678030303030303,2560,2.0678007125854494,0.219921875,0.7989515990018845,0.7748639583587646,0.26875,0.29165560007095337,0.6102586328983307,0.0627451241016388,0.037561099603772165,0.6674691259860992,0.7989245116710663,-2.7087330818242883e-05,0.16632988750934596,nan,0.0,nan,0.0,0
4,200,1256,0.047537878787878796,2560,2.067118453979492,0.22890625,0.8020609796047211,0.7767345607280731,0.26640625,0.27479550465941427,0.6094819605350494,0.0627451241016388,0.03796450216323137,0.6709383696317672,0.7989245116710663,-0.0031364679336548518,0.16632988750934596,nan,0.0,nan,0.0,0
4,220,1276,0.04829545454545455,2560,2.076036500930786,0.2109375,0.8033493816852569,0.7821877986192703,0.277734375,0.28269111439585687,0.60869981944561,0.0627451241016388,0.038091135770082475,0.6712089329957962,0.7989515990018845,-0.004397782683372431,0.16632988750934596,nan,0.0,0.140625,0.368267099984223,0
4,240,1296,0.04905303030303031,2560,2.0401681900024413,0.223828125,0.7943768292665482,0.773236358165741,0.285546875,0.2784885212779045,0.6115809321403504,0.0627451241016388,0.03850711565464735,0.6738330483436584,0.8017227828502655,0.007345953583717368,0.16632988750934596,nan,0.0,nan,0.0,0
4,260,1316,0.04981060606060606,2560,2.038312244415283,0.228515625,0.7928677678108216,0.7742931544780731,0.29609375,0.3023355886340141,0.612623107433319,0.0627451241016388,0.03548116758465767,0.6606637448072433,0.7989515990018845,0.006083831191062927,0.16632988750934596,nan,0.0,nan,0.0,0
4,280,1336,0.050568181818181825,2560,2.0519219398498536,0.209765625,0.7982612997293472,0.7800069391727448,0.283203125,0.28552646934986115,0.6100779354572297,0.0627451241016388,0.037070659548044206,0.6707461059093476,0.7989515990018845,0.0006902992725372759,0.16632988750934596,nan,0.0,nan,0.0,0
4,300,1356,0.05132575757575758,2560,2.046857976913452,0.232421875,0.7804131865501404,0.7673998713493347,0.23984375,0.28431177511811256,0.6068077236413956,0.0627451241016388,0.03770445752888918,0.6735524743795395,0.7982612997293472,0.01784811317920687,0.16632988750934596,nan,0.0,nan,0.0,0
4,320,1376,0.05208333333333334,2560,2.0461604595184326,0.226171875,0.7914569526910782,0.7738820552825928,0.276953125,0.2932563841342926,0.6083172023296356,0.0627451241016388,0.03527622763067484,0.6641881138086319,0.7943768292665482,0.002919876575469993,0.16632988750934596,nan,0.0,0.1796875,0.37419249999220483,0
4,340,1396,0.0528409090909091,2560,2.0414311408996584,0.219140625,0.7943714946508408,0.773674538731575,0.2703125,0.2867600090801716,0.6097440302371979,0.0627451241016388,0.0359311867505312,0.6692887723445893,0.7928677678108216,-0.0015037268400192039,0.16632988750934596,nan,0.0,nan,0.0,0
4,352,1408,0.05329545454545455,1480,2.0413712823713146,0.21013513513513513,0.7941634232933457,0.777226540204641,0.3135135130302326,0.3045958333724254,0.6097773017110051,0.0627451241016388,0.03516595734132303,0.6680985418525902,0.7928677678108216,-0.001295655482524083,0.16632988750934596,nan,0.0,nan,0.0,0
5,20,1428,0.054053030303030304,2560,2.019684672355652,0.223046875,0.7932399541139603,0.7801105707883835,0.2859375,0.3028488039970398,0.6094625055789947,0.0627451241016388,0.03413334833458066,0.6602795004844666,0.7941634232933457,0.00092346917938535,0.16632988750934596,nan,0.0,nan,0.0,0
5,40,1448,0.05481060606060606,2560,2.02958402633667,0.226953125,0.7828686714172364,0.7680357843637466,0.287109375,0.29645722508430483,0.6075808346271515,0.0627451241016388,0.03483472401276231,0.6648496478796005,0.7932399541139603,0.010371282696723938,0.16632988750934596,nan,0.0,nan,0.0,0
5,60,1468,0.05556818181818182,2560,2.0294750213623045,0.227734375,0.7871394515037536,0.7671675562858582,0.271875,0.28618829846382143,0.6083316951990128,0.0627451241016388,0.03534917449578643,0.6609095692634582,0.7932399541139603,0.006100502610206671,0.16632988750934596,nan,0.0,0.140625,0.3651593000104185,0
5,80,1488,0.05632575757575758,2560,2.0451610565185545,0.220703125,0.7838194906711579,0.7731633752584457,0.30078125,0.31168953627347945,0.6063982814550399,0.0627451241016388,0.03798808492720127,0.6760466426610947,0.7932399541139603,0.009420463442802451,0.16632988750934596,nan,0.0,nan,0.0,0
5,100,1508,0.05708333333333333,2560,2.0519926071166994,0.22578125,0.7882267773151398,0.7673453211784362,0.2890625,0.28358321264386177,0.606006133556366,0.0627451241016388,0.03444727323949337,0.6633574306964874,0.7871394515037536,-0.0010873258113861528,0.16632988750934596,nan,0.0,nan,0.0,0
5,120,1528,0.05784090909090909,2560,2.0497190952301025,0.225390625,0.774607452750206,0.7645038813352585,0.30234375,0.30306766033172605,0.6088131159543991,0.0627451241016388,0.03350729774683714,0.6600613832473755,0.7871394515037536,0.012531998753547602,0.16632988750934596,nan,0.0,nan,0.0,0
5,140,1548,0.058598484848484844,2560,2.052179765701294,0.216796875,0.7793263256549835,0.7707503199577331,0.292578125,0.2950257480144501,0.6058015406131745,0.0627451241016388,0.03805611021816731,0.6770107299089432,0.7838194906711579,0.004493165016174361,0.16632988750934596,nan,0.0,nan,0.0,0
5,160,1568,0.05935606060606061,2560,2.049405312538147,0.23125,0.7845755904912949,0.772642406821251,0.275390625,0.3069393619894981,0.6095629602670669,0.0627451241016388,0.0346867217682302,0.664834862947464,0.7838194906711579,-0.0007560998201370239,0.16632988750934596,nan,0.0,0.1953125,0.3680940000049304,0
5,180,1588,0.06011363636363637,2560,2.015961837768555,0.233984375,0.7809225708246231,0.7690101861953735,0.301171875,0.2980330064892769,0.6098917841911315,0.0627451241016388,0.033235496189445254,0.6617588937282562,0.7838194906711579,0.002896919846534729,0.16632988750934596,nan,0.0,nan,0.0,0
5,200,1608,0.06087121212121213,2560,2.0470454692840576,0.21953125,0.7795672625303268,0.7725353449583053,0.29765625,0.3259850263595581,0.6024415582418442,0.0627451241016388,0.03485683389008045,0.6660519421100617,0.7809225708246231,0.001355308294296309,0.16632988750934596,nan,0.0,nan,0.0,0
5,220,1628,0.06162878787878789,2560,2.0261740684509277,0.2421875,0.7875723659992218,0.7727178156375885,0.273046875,0.2947007067501545,0.6058515101671219,0.0627451241016388,0.03540206495672464,0.6673823982477188,0.7795672625303268,-0.008005103468894936,0.16632988750934596,nan,0.0,nan,0.0,0
5,240,1648,0.06238636363636364,2560,2.0327447414398194,0.2203125,0.7880757093429566,0.7766263484954834,0.300390625,0.3013792306184769,0.6073494106531143,0.0627451241016388,0.03314761957153678,0.6571754097938538,0.7809225708246231,-0.007153138518333435,0.16632988750934596,nan,0.0,nan,0.0,0
5,260,1668,0.0631439393939394,2560,2.0131592750549316,0.23984375,0.7794341892004013,0.7646127313375473,0.2984375,0.3154392585158348,0.6020538598299027,0.0627451241016388,0.03246143385767937,0.6557639509439468,0.7845755904912949,0.005141401290893577,0.16632988750934596,nan,0.0,0.1640625,0.3758003000111785,0
5,280,1688,0.06390151515151515,2560,2.016075301170349,0.25078125,0.7738189041614533,0.7655446559190751,0.274609375,0.3150461629033089,0.6115936517715455,0.0627451241016388,0.0339988574385643,0.6644527912139893,0.7809225708246231,0.007103666663169861,0.16632988750934596,nan,0.0,nan,0.0,0
5,300,1708,0.06465909090909092,2560,2.0204775810241697,0.232421875,0.7737127780914307,0.7689931422472001,0.294140625,0.3122759580612183,0.602159783244133,0.0627451241016388,0.03428734065964818,0.6686565399169921,0.7795672625303268,0.005854484438896135,0.16632988750934596,nan,0.0,nan,0.0,0
5,320,1728,0.06541666666666666,2560,2.014458656311035,0.24375,0.7819755345582962,0.7685437679290772,0.280859375,0.29429304897785186,0.6037459254264832,0.0627451241016388,0.03161445427685976,0.6506523787975311,0.7794341892004013,-0.002541345357894853,0.16632988750934596,nan,0.0,nan,0.0,0
5,340,1748,0.06617424242424243,2560,2.0105178356170654,0.2390625,0.7820392310619354,0.7737577021121979,0.29453125,0.32883660197257997,0.6061989009380341,0.0627451241016388,0.03321854816749692,0.6621614962816238,0.7794341892004013,-0.0026050418615340964,0.16632988750934596,nan,0.0,nan,0.0,0
5,352,1760,0.06662878787878788,1480,2.0169970551052607,0.2493243241632307,0.7925381802223824,0.7737419279845985,0.28040540540540543,0.3018893419085322,0.6069905783679034,0.0627451241016388,0.03396034875028842,0.6638665228276639,0.7794341892004013,-0.01310399102198112,0.16632988750934596,nan,0.0,0.1875,0.3782523999980185,0
6,20,1780,0.06738636363636363,2560,2.006250429153442,0.243359375,0.7680710941553116,0.7676447719335556,0.2875,0.3144844263792038,0.6083033502101898,0.0627451241016388,0.03488865084946156,0.6670610576868057,0.7819755345582962,0.013904440402984553,0.16632988750934596,nan,0.0,nan,0.0,0
6,40,1800,0.0681439393939394,2560,2.0071361303329467,0.23671875,0.7833107709884644,0.7659303218126297,0.292578125,0.312146058678627,0.6084622889757156,0.0627451241016388,0.032741314824670555,0.6571654498577117,0.7819755345582962,-0.0013352364301681963,0.16632988750934596,nan,0.0,nan,0.0,0
6,60,1820,0.06890151515151514,2560,2.017365646362305,0.241015625,0.7792379468679428,0.7642317682504653,0.28359375,0.3310989305377007,0.6084498345851899,0.0627451241016388,0.03289872631430626,0.6591384381055831,0.7820392310619354,0.0028012841939926147,0.16632988750934596,nan,0.0,nan,0.0,0
6,80,1840,0.0696590909090909,2560,2.000615358352661,0.2515625,0.7709572553634644,0.7685215145349502,0.309765625,0.32765608429908755,0.6119520992040635,0.0627451241016388,0.03188814129680395,0.6594784200191498,0.7820392310619354,0.011081975698471025,0.16632988750934596,nan,0.0,nan,0.0,0
6,100,1860,0.07041666666666667,2560,2.0008802890777586,0.24765625,0.7813489824533463,0.77193643450737,0.303125,0.3294264659285545,0.6080388605594635,0.0627451241016388,0.030031508952379226,0.6496936321258545,0.7792379468679428,-0.002111035585403487,0.16632988750934596,nan,0.0,0.171875,0.37240909997490235,0
6,120,1880,0.07117424242424243,2560,1.9778745651245118,0.258203125,0.7741285413503647,0.7676644802093506,0.2921875,0.32602893710136416,0.61002237200737,0.0627451241016388,0.03435124270617962,0.667012095451355,0.7792379468679428,0.005109405517578103,0.16632988750934596,nan,0.0,nan,0.0,0
6,140,1900,0.0719318181818182,2560,1.9967912912368775,0.25390625,0.7714325994253158,0.7671676814556122,0.29765625,0.3346985071897507,0.6024929255247116,0.0627451241016388,0.0316736382432282,0.6568043410778046,0.7792379468679428,0.007805347442626953,0.16632988750934596,nan,0.0,nan,0.0,0
6,160,1920,0.07268939393939394,2560,2.0114738941192627,0.2375,0.782448998093605,0.777927041053772,0.28515625,0.2965544104576111,0.6039623439311981,0.0627451241016388,0.031098931282758712,0.6534941762685775,0.7741285413503647,-0.008320456743240334,0.16632988750934596,nan,0.0,nan,0.0,0
6,180,1940,0.0734469696969697,2560,2.009206199645996,0.23203125,0.7718004763126374,0.7730814784765243,0.29140625,0.3304237529635429,0.6140257716178894,0.0627451241016388,0.03179185446351766,0.660300150513649,0.7741285413503647,0.0023280650377273115,0.16632988750934596,nan,0.0,nan,0.0,0
6,200,1960,0.07420454545454545,2560,2.0075477600097655,0.236328125,0.7540299892425537,0.7660590082406997,0.309765625,0.31390604227781294,0.6057855188846588,0.0627451241016388,0.03136913385242224,0.6537193715572357,0.7741285413503647,0.020098552107810974,0.16632988750934596,nan,0.0,0.15625,0.3708313000097405,0
6,220,1980,0.07496212121212122,2560,1.9676742553710938,0.25703125,0.7681414693593979,0.7714951992034912,0.30390625,0.3409328117966652,0.6064443111419677,0.0627451241016388,0.03111319523304701,0.6592598974704742,0.7718004763126374,0.0036590069532395075,0.16632988750934596,nan,0.0,nan,0.0,0
6,240,2000,0.07571969696969698,2560,2.0099544525146484,0.2453125,0.7778895199298859,0.7677435725927353,0.2859375,0.315620930492878,0.6055434077978135,0.0627451241016388,0.029390953294932843,0.6488598883152008,0.7714325994253158,-0.0064569205045700295,0.16632988750934596,nan,0.0,nan,0.0,0
6,260,2020,0.07647727272727273,2560,1.9838313102722167,0.252734375,0.7684253185987473,0.7648822963237762,0.278125,0.32790476828813553,0.6079638421535491,0.0627451241016388,0.030065265111625196,0.6501488506793975,0.7718004763126374,0.0033751577138900757,0.16632988750934596,nan,0.0,nan,0.0,0
6,280,2040,0.07723484848484849,2560,2.0078198671340943,0.2421875,0.7673735439777374,0.765359514951706,0.3171875,0.3222115233540535,0.613621923327446,0.0627451241016388,0.031778231263160706,0.6602712064981461,0.7684253185987473,0.0010517746210099155,0.16632988750934596,nan,0.0,nan,0.0,0
6,300,2060,0.07799242424242425,2560,1.9751484870910645,0.264453125,0.7785638362169266,0.7730939418077469,0.296875,0.3324532225728035,0.6065585017204285,0.0627451241016388,0.031021884363144635,0.6540661603212357,0.7681414693593979,-0.010422366857528731,0.16632988750934596,nan,0.0,0.1953125,0.3745150000031572,0
6,320,2080,0.07875,2560,1.9881102561950683,0.24140625,0.7732606291770935,0.7717930018901825,0.30234375,0.32086780816316607,0.596845144033432,0.0627451241016388,0.029356845747679473,0.6521939277648926,0.7684253185987473,-0.004835310578346186,0.16632988750934596,nan,0.0,nan,0.0,0
6,340,2100,0.07950757575757576,2560,1.9863861799240112,0.25546875,0.7593414306640625,0.7664478540420532,0.30546875,0.3403427392244339,0.6083508998155593,0.0627451241016388,0.03001379519701004,0.6540276914834976,0.7732606291770935,0.013919198513031028,0.16632988750934596,nan,0.0,nan,0.0,0
6,352,2112,0.0799621212121212,1480,1.9739539700585442,0.23040540548595223,0.7663977046270628,0.7637462361438855,0.312837838643306,0.32495701538549887,0.5998654036908536,0.0627451241016388,0.029632849628860886,0.6538339563318201,0.7684253185987473,0.0020276139716844943,0.16632988750934596,nan,0.0,nan,0.0,0
7,20,2132,0.08071969696969698,2560,1.9810359477996826,0.25703125,0.7677259415388107,0.7667988061904907,0.289453125,0.32635796070098877,0.6133050471544266,0.0627451241016388,0.02965681180357933,0.6524750649929046,0.7673735439777374,-0.0003523975610733032,0.16632988750934596,nan,0.0,nan,0.0,0
7,40,2152,0.08147727272727273,2560,1.975291872024536,0.247265625,0.7570817261934281,0.7720244288444519,0.31171875,0.3369273453950882,0.6060202419757843,0.0627451241016388,0.03170184139162302,0.660840967297554,0.7677259415388107,0.010644215345382624,0.16632988750934596,nan,0.0,0.15625,0.38372360001085326,0
7,60,2172,0.0822348484848485,2560,1.9634371280670166,0.2640625,0.7660057753324508,0.7638870507478714,0.284765625,0.3288142442703247,0.6056874781847,0.0627451241016388,0.031023955810815095,0.6575916528701782,0.7663977046270628,0.000391929294611959,0.16632988750934596,nan,0.0,nan,0.0,0
7,80,2192,0.08299242424242426,2560,1.9616041660308838,0.2515625,0.757483521103859,0.7672026515007019,0.311328125,0.36115977317094805,0.6058110743761063,0.0627451241016388,0.02713468875735998,0.64435316324234,0.7660057753324508,0.008522254228591875,0.16632988750934596,nan,0.0,nan,0.0,0
7,100,2212,0.08375,2560,1.9641310214996337,0.258984375,0.7600397408008576,0.7657750695943832,0.312890625,0.3430098325014114,0.6058666408061981,0.0627451241016388,0.03022334026172757,0.6566496580839157,0.7660057753324508,0.005966034531593278,0.16632988750934596,nan,0.0,nan,0.0,0
7,120,2232,0.08450757575757577,2560,1.965673065185547,0.25703125,0.7616795480251313,0.7710800349712372,0.291015625,0.33871680200099946,0.6075978755950928,0.0627451241016388,0.028988741897046567,0.6510583311319351,0.7600397408008576,-0.0016398072242737038,0.16632988750934596,nan,0.0,nan,0.0,0
7,140,2252,0.08526515151515152,2560,1.9929601669311523,0.235546875,0.7684293866157532,0.7685650050640106,0.3125,0.3381471961736679,0.6076277643442154,0.0627451241016388,0.028265274967998265,0.6510696053504944,0.7600397408008576,-0.008389645814895652,0.16632988750934596,nan,0.0,0.2109375,0.3705437000025995,0
7,160,2272,0.08602272727272728,2560,1.963344895839691,0.271484375,0.7603765785694122,0.767753753066063,0.299609375,0.34458769857883453,0.6044792413711548,0.0627451241016388,0.03029774287715554,0.6554927974939346,0.7616795480251313,0.0013029694557190608,0.16632988750934596,nan,0.0,nan,0.0,0
7,180,2292,0.08678030303030304,2560,1.9637600898742675,0.253515625,0.7646992832422257,0.76486054956913,0.300390625,0.3350413337349892,0.6014611840248107,0.0627451241016388,0.027814373932778837,0.6440297126770019,0.7603765785694122,-0.004322704672813482,0.16632988750934596,nan,0.0,nan,0.0,0
7,200,2312,0.08753787878787879,2560,1.9562589645385742,0.269140625,0.7591291159391403,0.7602654993534088,0.283984375,0.35298661291599276,0.6096036434173584,0.0627451241016388,0.02999761365354061,0.6548379004001618,0.7616795480251313,0.002550432085990928,0.16632988750934596,nan,0.0,nan,0.0,0
7,220,2332,0.08829545454545455,2560,1.9886240482330322,0.260546875,0.7508044600486755,0.7603946924209595,0.312109375,0.33627293556928634,0.6081279963254929,0.0627451241016388,0.030322394985705613,0.6576848417520523,0.7616795480251313,0.010875087976455755,0.16632988750934596,nan,0.0,nan,0.0,0
7,240,2352,0.0890530303030303,2560,1.9793678283691407,0.242578125,0.762758269906044,0.7700515955686569,0.32421875,0.3557954430580139,0.6070964992046356,0.0627451241016388,0.03175679314881563,0.6633763372898102,0.7603765785694122,-0.002381691336631797,0.16632988750934596,nan,0.0,0.1640625,0.37063049999414943,0
7,260,2372,0.08981060606060606,2560,1.9600119829177856,0.255859375,0.755998283624649,0.7672345638275146,0.3125,0.33369318693876265,0.6089766383171081,0.0627451241016388,0.027348999865353107,0.6473368406295776,0.7603765785694122,0.004378294944763161,0.16632988750934596,nan,0.0,nan,0.0,0
7,280,2392,0.09056818181818183,2560,1.9686805963516236,0.248828125,0.7525269031524658,0.7648585170507431,0.287109375,0.34160698354244234,0.6096028864383698,0.0627451241016388,0.025294067803770304,0.638056468963623,0.7591291159391403,0.0066022127866744995,0.16632988750934596,nan,0.0,nan,0.0,0
7,300,2412,0.09132575757575757,2560,1.9578707218170166,0.26953125,0.7561041116714478,0.7725484400987626,0.31171875,0.3412706881761551,0.600114718079567,0.0627451241016388,0.027373625710606576,0.6481750249862671,0.755998283624649,-0.00010582804679870605,0.16632988750934596,nan,0.0,nan,0.0,0
7,320,2432,0.09208333333333334,2560,1.935689377784729,0.2578125,0.763419908285141,0.7613015711307526,0.314453125,0.3490830987691879,0.6073500573635101,0.0627451241016388,0.02820498012006283,0.6487400621175766,0.755998283624649,-0.007421624660491899,0.16632988750934596,nan,0.0,nan,0.0,0
7,340,2452,0.0928409090909091,2560,1.9461339235305786,0.271875,0.7523178219795227,0.7670304834842682,0.27265625,0.3356408253312111,0.6071724176406861,0.0627451241016388,0.02682792115956545,0.6419206827878952,0.7561041116714478,0.003786289691925071,0.16632988750934596,nan,0.0,0.1796875,0.3741069000097923,0
7,352,2464,0.09329545454545456,1480,1.9721695352245021,0.25472972972972974,0.7591335306296477,0.7604606847505312,0.30540540604977995,0.3342663175350911,0.6034342620823835,0.0627451241016388,0.027652129661795255,0.6423566138422167,0.755998283624649,-0.003135247004998676,0.16632988750934596,nan,0.0,nan,0.0,0
8,20,2484,0.0940530303030303,2560,1.9393499374389649,0.261328125,0.745432585477829,0.7626995265483856,0.311328125,0.3526702731847763,0.6091589808464051,0.0627451241016388,0.027474696934223174,0.648190176486969,0.7561041116714478,0.010671526193618774,0.16632988750934596,nan,0.0,nan,0.0,0
8,40,2504,0.09481060606060607,2560,1.9568511486053466,0.24609375,0.7293787062168121,0.7548806667327881,0.308984375,0.34897169172763826,0.6072532802820205,0.0627451241016388,0.027222223673015834,0.6457556635141373,0.7561041116714478,0.026725405454635642,0.16632988750934596,nan,0.0,nan,0.0,0
8,60,2524,0.09556818181818183,2560,1.965155839920044,0.253515625,0.7592624187469482,0.7597742915153504,0.296875,0.3364264786243439,0.6056460231542588,0.0627451241016388,0.028231510426849127,0.6510205745697022,0.7523178219795227,-0.006944596767425537,0.16632988750934596,nan,0.0,nan,0.0,0
8,80,2544,0.09632575757575758,2560,1.9231796741485596,0.2625,0.7517351061105728,0.7630645960569382,0.31953125,0.357141450047493,0.6094785243272781,0.0627451241016388,0.02659412696957588,0.64301238656044,0.7523178219795227,0.0005827158689498679,0.16632988750934596,nan,0.0,0.171875,0.37007740000262856,0
8,100,2564,0.09708333333333334,2560,1.9829457759857179,0.269921875,0.7405227810144425,0.7619685083627701,0.312890625,0.3542745471000671,0.6024241328239441,0.0627451241016388,0.02793631227687001,0.6486453801393509,0.7517351061105728,0.011212325096130349,0.16632988750934596,nan,0.0,nan,0.0,0
8,120,2584,0.09784090909090909,2560,1.919729733467102,0.272265625,0.7381119310855866,0.7642129480838775,0.32578125,0.35486494600772855,0.604413491487503,0.0627451241016388,0.027034830674529074,0.6496557831764221,0.745432585477829,0.007320654392242387,0.16632988750934596,nan,0.0,nan,0.0,0
8,140,2604,0.09859848484848485,2560,1.9694730043411255,0.265234375,0.7396220296621323,0.7593891382217407,0.287890625,0.3619526341557503,0.6080274075269699,0.0627451241016388,0.03052387507632375,0.6598293572664261,0.7405227810144425,0.0009007513523101585,0.16632988750934596,nan,0.0,nan,0.0,0
8,160,2624,0.09935606060606061,2560,1.941439187526703,0.26015625,0.7479742079973221,0.7684489160776138,0.315625,0.34732288867235184,0.6071324825286866,0.0627451241016388,0.027583706378936767,0.6491342514753342,0.7405227810144425,-0.007451426982879594,0.16632988750934596,nan,0.0,nan,0.0,0
8,180,2644,0.10011363636363638,2560,1.9535338401794433,0.270703125,0.7355430364608765,0.7638677150011063,0.3234375,0.3460372284054756,0.6017737299203872,0.0627451241016388,0.026787554007023574,0.6437138170003891,0.7405227810144425,0.004979744553565979,0.16632988750934596,nan,0.0,0.2109375,0.3779923999973107,0
8,200,2664,0.10087121212121214,2560,1.938005518913269,0.26875,0.73356491625309,0.7553283870220184,0.308984375,0.3478390067815781,0.5993032038211823,0.0627451241016388,0.025397005956619978,0.6368759423494339,0.7396220296621323,0.006057113409042358,0.16632988750934596,nan,0.0,nan,0.0,0
8,220,2684,0.10162878787878789,2560,1.9290336489677429,0.260546875,0.7293992638587952,0.7575392544269561,0.319921875,0.3467342406511307,0.603945180773735,0.0627451241016388,0.0240429462864995,0.6323572933673859,0.7381119310855866,0.008712667226791426,0.16632988750934596,nan,0.0,nan,0.0,0
8,240,2704,0.10238636363636365,2560,1.9522010564804078,0.262890625,0.7320234686136246,0.7568241328001022,0.304296875,0.3553748682141304,0.6061477869749069,0.0627451241016388,0.02370355520397425,0.6349552571773529,0.7355430364608765,0.0035195678472519365,0.16632988750934596,nan,0.0,nan,0.0,0
8,260,2724,0.1031439393939394,2560,1.9233595371246337,0.275390625,0.7336165994405747,0.7619962304830551,0.283984375,0.33151545375585556,0.6015594720840454,0.0627451241016388,0.023458422627300024,0.6323634445667267,0.73356491625309,-5.1683187484719006e-05,0.16632988750934596,nan,0.0,nan,0.0,0
8,280,2744,0.10390151515151516,2560,1.953687357902527,0.247265625,0.71896792948246,0.757818877696991,0.319921875,0.36476931124925616,0.6013266414403915,0.0627451241016388,0.02438773512840271,0.6349865525960923,0.73356491625309,0.014596986770629927,0.16632988750934596,nan,0.0,0.15625,0.372464799991576,0
8,300,2764,0.10465909090909092,2560,1.9564133644104005,0.271484375,0.7124735146760941,0.7524153590202332,0.300390625,0.3472985804080963,0.6031339198350907,0.0627451241016388,0.021810472011566162,0.6238998681306839,0.7320234686136246,0.01954995393753045,0.16632988750934596,nan,0.0,nan,0.0,0
8,320,2784,0.10541666666666667,2560,1.9045329689979553,0.2796875,0.7123802989721298,0.7557594507932663,0.323828125,0.3542773276567459,0.605643355846405,0.0627451241016388,0.021952206175774334,0.6211604475975037,0.7293992638587952,0.017018964886665322,0.16632988750934596,nan,0.0,nan,0.0,0
8,340,2804,0.10617424242424243,2560,1.9067356824874877,0.28125,0.6676005393266677,0.7438537776470184,0.3015625,0.34896194785833357,0.6060995936393738,0.0627451241016388,0.01923504052683711,0.6044290393590928,0.71896792948246,0.05136739015579228,0.16632988750934596,nan,0.0,nan,0.0,0
8,352,2816,0.10662878787878789,1480,1.9035176051629557,0.29121621589402896,0.6078885378064336,0.7324513638341749,0.2587837841865179,0.3383903601685086,0.6066995830149264,0.0627451241016388,0.017047795985598822,0.5892303254153277,0.7124735146760941,0.1045849768696605,0.16632988750934596,nan,0.0,nan,0.0,0
9,20,2836,0.10738636363636365,2560,1.8348801374435424,0.299609375,0.5266873240470886,0.7329400539398193,0.279296875,0.32537864446640014,0.6012270748615265,0.0627451241016388,0.013752177497372032,0.5732576459646225,0.7123802989721298,0.18569297492504122,0.16632988750934596,nan,0.0,0.2265625,0.36198409998905845,1
9,40,2856,0.1081439393939394,2560,1.7632774412631989,0.329296875,0.28248936384916307,0.6554148584604264,0.217578125,0.2647307053208351,0.5968343317508698,0.0627451241016388,0.015580955566838384,0.5934006959199906,0.6676005393266677,0.3851111754775047,0.16632988750934596,nan,0.0,0.109375,0.36209920002147555,1
9,60,2876,0.10890151515151517,2560,1.6047543942928315,0.400390625,0.18291311861248688,0.60560063123703,0.1921875,0.19730503908358515,0.5932349145412446,0.0627451241016388,0.02201813543215394,0.6382477045059204,0.6078885378064336,0.4249754191939467,0.16632988750934596,nan,0.0,0.0,0.3735222000104841,1
9,80,2896,0.10965909090909093,2560,1.7408868074417114,0.344140625,0.14494369190651923,0.6207555323839188,0.206640625,0.2896282337605953,0.5959365993738175,0.0627451241016388,0.025947610102593898,0.6628672033548355,0.5266873240470886,0.3817436321405694,0.16632988750934596,nan,0.0,0.0234375,0.3663384999963455,1
9,100,2916,0.11041666666666668,2560,2.0790639400482176,0.22734375,0.6475089022773318,0.7484610497951507,0.34921875,0.4388604549923912,0.6107835322618484,0.0627451241016388,0.06261036461219191,0.7326398968696595,0.28248936384916307,-0.36501953842816875,0.16632988750934596,nan,0.0,0.1640625,0.3673346000141464,0
9,120,2936,0.11117424242424244,2560,2.052280807495117,0.22578125,0.8067667067050934,0.7895710229873657,0.323046875,0.2807997867465019,0.6071001827716828,0.0627451241016388,0.06963913962244987,0.7487867206335068,0.28248936384916307,-0.5242773428559304,0.16632988750934596,nan,0.0,0.1875,0.37024960000417195,0
9,140,2956,0.11193181818181819,2560,2.008390426635742,0.240234375,0.790901905298233,0.7871930658817291,0.320703125,0.3250800892710686,0.6206772029399872,0.0627451241016388,0.060460137017071244,0.7324112087488175,0.28248936384916307,-0.5084125414490699,0.16632988750934596,nan,0.0,0.1796875,0.3699332999822218,0
9,160,2976,0.11268939393939395,2560,1.9758021831512451,0.258203125,0.785376250743866,0.7847182154655457,0.31484375,0.34894570857286455,0.6082340449094772,0.0627451241016388,0.058048694767057894,0.7307623833417892,0.6475089022773318,-0.13786734846653415,0.16632988750934596,nan,0.0,nan,0.0,0
9,180,2996,0.11344696969696971,2560,1.9947710514068604,0.24453125,0.7827521741390229,0.7803171962499619,0.333984375,0.3725956916809082,0.6111342281103134,0.0627451241016388,0.054844817332923415,0.7236286699771881,0.785376250743866,0.0026240766048430952,0.16632988750934596,nan,0.0,nan,0.0,0
9,200,3016,0.11420454545454546,2560,1.9406404733657836,0.26328125,0.7744663327932357,0.7731197535991668,0.32890625,0.36520245373249055,0.6106904536485672,0.0627451241016388,0.05062021110206842,0.7141892910003662,0.785376250743866,0.010909917950630232,0.16632988750934596,nan,0.0,nan,0.0,0
9,220,3036,0.11496212121212122,2560,1.9390144109725953,0.262109375,0.7627083957195282,0.7614673763513565,0.315625,0.3716519370675087,0.6087731927633285,0.0627451241016388,0.04670500326901674,0.707837438583374,0.785376250743866,0.02266785502433777,0.16632988750934596,nan,0.0,0.203125,0.37711050000507385,0
9,240,3056,0.11571969696969697,2560,1.952240800857544,0.2640625,0.768632173538208,0.7678201228380204,0.318359375,0.3586693271994591,0.6026914060115814,0.0627451241016388,0.04581114649772644,0.7026670187711715,0.7827521741390229,0.014120000600814864,0.16632988750934596,nan,0.0,nan,0.0,0
9,260,3076,0.11647727272727273,2560,1.9444676637649536,0.25234375,0.7730829864740372,0.7673078089952469,0.315625,0.36567858308553697,0.611699441075325,0.0627451241016388,0.044387169554829596,0.6992630988359452,0.7744663327932357,0.001383346319198564,0.16632988750934596,nan,0.0,nan,0.0,0
9,280,3096,0.1172348484848485,2560,1.960217046737671,0.2609375,0.7710890382528305,0.7697413325309753,0.333984375,0.355408202111721,0.6105438381433487,0.0627451241016388,0.043562916852533815,0.6982264786958694,0.7730829864740372,0.0019939482212066872,0.16632988750934596,nan,0.0,nan,0.0,0
9,300,3116,0.11799242424242425,2560,1.9219478130340577,0.275390625,0.7684049397706986,0.7638106226921082,0.32265625,0.355402997136116,0.6094953119754791,0.0627451241016388,0.041916662082076075,0.6931635141372681,0.7710890382528305,0.0026840984821319136,0.16632988750934596,nan,0.0,nan,0.0,0
9,320,3136,0.11875000000000001,2560,1.919060182571411,0.280859375,0.7560103803873062,0.7568344324827194,0.32265625,0.37631790339946747,0.6137352168560029,0.0627451241016388,0.039005135931074617,0.6854789882898331,0.768632173538208,0.012621793150901839,0.16632988750934596,nan,0.0,0.234375,0.3738674999913201,0
9,340,3156,0.11950757575757576,2560,1.9212629079818726,0.262890625,0.764239177107811,0.7635942012071609,0.321875,0.3740604713559151,0.6100129663944245,0.0627451241016388,0.03907775841653347,0.6889463990926743,0.768632173538208,0.004392996430397034,0.16632988750934596,nan,0.0,nan,0.0,0
9,352,3168,0.11996212121212123,1480,1.9325137589428876,0.26689189165025146,0.7584601946779199,0.7622776521218789,0.3385135138357008,0.3718000600466857,0.6112997715537613,0.0627451241016388,0.0415657116956002,0.6930596789798221,0.7684049397706986,0.00994474509277865,0.16632988750934596,nan,0.0,nan,0.0,0
10,20,3188,0.12071969696969698,2560,1.893025779724121,0.27421875,0.7544291883707046,0.7648217737674713,0.314453125,0.36620865017175674,0.604219701886177,0.0627451241016388,0.03984468560665846,0.6921495229005814,0.764239177107811,0.009809988737106368,0.16632988750934596,nan,0.0,nan,0.0,0
10,40,3208,0.12147727272727274,2560,1.918490481376648,0.280078125,0.7525988996028901,0.7653668880462646,0.33203125,0.3874545022845268,0.6023410975933075,0.0627451241016388,0.03780979681760073,0.6856949001550674,0.7584601946779199,0.00586129507502986,0.16632988750934596,nan,0.0,nan,0.0,0
10,60,3228,0.1222348484848485,2560,1.9324128389358521,0.278515625,0.7596226274967194,0.7632765620946884,0.328125,0.37531550228595734,0.6142311304807663,0.0627451241016388,0.03745217937976122,0.6829091489315033,0.7560103803873062,-0.0036122471094132136,0.16632988750934596,nan,0.0,0.2421875,0.37627929999143817,0
10,80,3248,0.12299242424242425,2560,1.9161299467086792,0.275,0.7650140702724457,0.7664678186178208,0.308203125,0.35463574826717376,0.6112042963504791,0.0627451241016388,0.039018530398607254,0.688142740726471,0.7584601946779199,-0.006553875594525804,0.16632988750934596,nan,0.0,nan,0.0,0
10,100,3268,0.12375000000000001,2560,1.9175522565841674,0.281640625,0.752775838971138,0.7563045710325241,0.316015625,0.37714963555336,0.6151436001062394,0.0627451241016388,0.03462303606793284,0.6757214814424515,0.7584601946779199,0.005684355706781941,0.16632988750934596,nan,0.0,nan,0.0,0
10,120,3288,0.12450757575757576,2560,1.9366060972213746,0.25234375,0.7573422461748123,0.7667039424180985,0.32421875,0.3637517631053925,0.6108838617801666,0.0627451241016388,0.0365127332508564,0.6808316618204117,0.7544291883707046,-0.002913057804107666,0.16632988750934596,nan,0.0,nan,0.0,0
10,140,3308,0.12526515151515152,2560,1.8941826701164246,0.283203125,0.7343750298023224,0.7605337977409363,0.33203125,0.37069134712219237,0.6080012232065201,0.0627451241016388,0.03489991705864668,0.678260064125061,0.7573422461748123,0.022967216372489885,0.16632988750934596,nan,0.0,nan,0.0,0
10,160,3328,0.1260227272727273,2560,1.9331124424934387,0.276171875,0.7340227901935578,0.7509304255247116,0.330859375,0.37832876592874526,0.6059670984745026,0.0627451241016388,0.034276834689080715,0.676088860630989,0.7573422461748123,0.02331945598125451,0.16632988750934596,nan,0.0,0.2421875,0.37048670000513084,0
10,180,3348,0.12678030303030305,2560,1.9366400480270385,0.257421875,0.7420325696468353,0.7627189815044403,0.311328125,0.36858669221401213,0.6105796992778778,0.0627451241016388,0.03399523226544261,0.6770199328660965,0.752775838971138,0.010743269324302696,0.16632988750934596,nan,0.0,nan,0.0,0
10,200,3368,0.12753787878787878,2560,1.893719220161438,0.286328125,0.7257647633552551,0.7554859399795533,0.326171875,0.3714932516217232,0.6122795283794403,0.0627451241016388,0.030764954909682275,0.6657434523105621,0.7420325696468353,0.0162678062915802,0.16632988750934596,nan,0.0,nan,0.0,0
10,220,3388,0.12829545454545455,2560,1.897129440307617,0.284765625,0.6974453866481781,0.74928297996521,0.313671875,0.35682101249694825,0.6076783686876297,0.0627451241016388,0.02726083304733038,0.6534749358892441,0.7343750298023224,0.036929643154144265,0.16632988750934596,nan,0.0,nan,0.0,0
10,240,3408,0.1290530303030303,2560,1.832055115699768,0.316015625,0.5762332901358604,0.7230343043804168,0.2734375,0.3404404267668724,0.6107865810394287,0.0627451241016388,0.022149579506367444,0.6320682793855668,0.7340227901935578,0.15778950005769732,0.16632988750934596,nan,0.0,nan,0.0,0
10,260,3428,0.12981060606060607,2560,1.611760687828064,0.40625,0.1728374849422835,0.6290678828954697,0.182421875,0.1870455455034971,0.607277312874794,0.0627451241016388,0.01961260512471199,0.6148354798555374,0.7257647633552551,0.5529272784129716,0.16632988750934596,nan,0.0,0.0234375,0.3695877999998629,1
10,280,3448,0.13056818181818183,2560,1.3833280324935913,0.482421875,0.02008583430433646,0.5321310847997666,0.175390625,0.08633961130399256,0.5922363489866257,0.0627451241016388,0.03154504913836718,0.684414678812027,0.6974453866481781,0.6773595523438417,0.16632988750934596,nan,0.0,0.0,0.3729192000173498,1
10,300,3468,0.13132575757575757,2560,1.1538534790277482,0.59375,-0.014101100846892223,0.5043955653905868,0.293359375,-0.25000632368028164,0.5921048700809479,0.0627451241016388,0.05862935334444046,0.7516952246427536,0.5762332901358604,0.5903343909827526,0.16632988750934596,nan,0.0,0.0,0.3698889999941457,1
10,320,3488,0.13208333333333333,2560,1.2282273769378662,0.571875,-0.008171558307367377,0.50491131991148,0.3109375,-0.25358716817572713,0.5921155482530593,0.0627451241016388,0.07296143025159836,0.7691911488771439,0.1728374849422835,0.18100904324965086,0.16632988750934596,nan,0.0,0.0,0.37253880000207573,1
10,340,3508,0.1328409090909091,2560,1.065265303850174,0.61640625,-0.012424036464653909,0.5004193797707558,0.390234375,-0.46130196303129195,0.5914202600717544,0.0627451241016388,0.08105797432363034,0.7787754833698273,0.02008583430433646,0.03250987076899037,0.16632988750934596,nan,0.0,0.0,0.37418220000108704,0
10,352,3520,0.13329545454545455,1480,0.9482056579074344,0.6668918915697046,-0.016950577286046903,0.5022439104479712,0.4378378376767442,-0.616367030949206,0.591315433785722,0.0627451241016388,0.08453353921303879,0.7866106651924752,-0.008171558307367377,0.008779018978679526,0.16632988750934596,nan,0.0,0.0,0.3784958000178449,0
11,20,3540,0.1340530303030303,2560,0.8842443972826004,0.685546875,-0.016472762287594377,0.5021274745464325,0.405859375,-0.6263192445039749,0.5919061183929444,0.0627451241016388,0.08529768437147141,0.787968099117279,-0.012424036464653909,0.004048725822940469,0.16632988750934596,nan,0.0,0.0,0.3744031999958679,0
11,40,3560,0.13481060606060608,2560,0.9706240892410278,0.660546875,-0.014362604939378798,0.5006879329681396,0.430859375,-0.615547476708889,0.5909520626068115,0.0627451241016388,0.08512513563036919,0.7893876016139985,-0.014101100846892223,0.0002615040924865749,0.16632988750934596,nan,0.0,nan,0.0,0
11,60,3580,0.13556818181818184,2560,0.8801222383975983,0.69921875,-0.018258280865848065,0.5007396847009659,0.426171875,-0.6538675755262375,0.591730135679245,0.0627451241016388,0.07994013950228691,0.7856194913387299,-0.014362604939378798,0.003895675926469267,0.16632988750934596,nan,0.0,nan,0.0,0
11,80,3600,0.13632575757575757,2560,0.9768738597631454,0.660546875,-0.017211676714941858,0.49995296597480776,0.436328125,-0.6853791400790215,0.5921734035015106,0.0627451241016388,0.08051118068397045,0.7866126328706742,-0.016472762287594377,0.0007389144273474806,0.16632988750934596,nan,0.0,nan,0.0,0
11,100,3620,0.13708333333333333,2560,0.8472530543804169,0.708984375,-0.011891235853545368,0.499344140291214,0.448828125,-0.7048340290784836,0.5925380885601044,0.0627451241016388,0.07832436747848988,0.7850198566913604,-0.016950577286046903,-0.005059341432501535,0.16632988750934596,nan,0.0,0.0,0.3675119999970775,0
11,120,3640,0.1378409090909091,2560,0.70817611515522,0.757421875,-0.01718543714960106,0.5020783916115761,0.444921875,-0.8178600758314133,0.5903896570205689,0.0627451241016388,0.08675842210650445,0.7965842872858048,-0.016472762287594377,0.0007126748620066813,0.16632988750934596,nan,0.0,nan,0.0,0
11,140,3660,0.13859848484848486,2560,1.0100667357444764,0.66015625,-0.02119198008440435,0.5033911511301994,0.446875,-0.6830443244427442,0.5912428766489028,0.0627451241016388,0.07091476283967495,0.7770339548587799,-0.01718543714960106,0.004006542934803292,0.16632988750934596,nan,0.0,nan,0.0,0
11,160,3680,0.13935606060606062,2560,1.0824986070394516,0.631640625,-0.02589176632463932,0.5018497616052627,0.344921875,-0.29420087225735186,0.5899723261594773,0.0627451241016388,0.0691341582685709,0.7728679239749908,-0.017211676714941858,0.008680089609697461,0.16632988750934596,nan,0.0,nan,0.0,0
11,180,3700,0.14011363636363636,2560,0.8484111726284027,0.716015625,-0.02384413769468665,0.500109751522541,0.39765625,-0.513241371512413,0.5903456628322601,0.0627451241016388,0.07346197366714477,0.7770681351423263,-0.017211676714941858,0.006632460979744792,0.16632988750934596,nan,0.0,nan,0.0,0
11,200,3720,0.14087121212121212,2560,0.801065880060196,0.72578125,-0.017652471933979542,0.49946456104516984,0.431640625,-0.679872652888298,0.5911913782358169,0.0627451241016388,0.09373206570744515,0.8028269827365875,-0.02119198008440435,-0.0035395081504248083,0.16632988750934596,nan,0.0,0.0,0.370115400000941,0
11,220,3740,0.14162878787878788,2560,0.8368084698915481,0.704296875,-0.015787763841217384,0.5024782970547677,0.430078125,-0.6773824736475944,0.5906412988901139,0.0627451241016388,0.09805810451507568,0.8076745331287384,-0.02119198008440435,-0.005404216243186967,0.16632988750934596,nan,0.0,nan,0.0,0
11,240,3760,0.14238636363636364,2560,1.0102946281433105,0.64921875,-0.024880168866366147,0.49822223782539365,0.4171875,-0.49275793954730035,0.5910061180591584,0.0627451241016388,0.08856908567249774,0.7969735056161881,-0.02119198008440435,0.003688188781961796,0.16632988750934596,nan,0.0,nan,0.0,0
11,260,3780,0.1431439393939394,2560,1.0084808409214019,0.64765625,-0.025550021417438985,0.502058807015419,0.398046875,-0.39927873462438584,0.5896882563829422,0.0627451241016388,0.08421620652079582,0.7895381182432175,-0.02384413769468665,0.0017058837227523355,0.16632988750934596,nan,0.0,nan,0.0,0
11,280,3800,0.14390151515151514,2560,0.896894758939743,0.691796875,-0.018337337503908202,0.5015497997403144,0.408203125,-0.5047393083572388,0.5900030970573426,0.0627451241016388,0.08837165459990501,0.7917842477560043,-0.02384413769468665,-0.005506800190778448,0.16632988750934596,nan,0.0,nan,0.0,0
11,300,3820,0.1446590909090909,2560,0.9206609427928925,0.685546875,-0.01628458881750703,0.502906946837902,0.38515625,-0.4152181878685951,0.5900806605815887,0.0627451241016388,0.08681369945406914,0.7916654914617538,-0.018337337503908202,-0.002052748686401172,0.16632988750934596,nan,0.0,0.0,0.3699678000120912,0
11,320,3840,0.14541666666666667,2560,0.9246536612510681,0.676953125,-0.026542742876335977,0.5001506969332695,0.421875,-0.4923115536570549,0.5889029413461685,0.0627451241016388,0.07554500214755536,0.7767151445150375,-0.018337337503908202,0.008205405372427775,0.16632988750934596,nan,0.0,nan,0.0,0
11,340,3860,0.14617424242424243,2560,0.9215431988239289,0.68203125,-0.027744521293789147,0.504281510412693,0.41328125,-0.5182301521301269,0.5881022363901138,0.0627451241016388,0.07508506067097187,0.7755928248167038,-0.024880168866366147,0.0028643524274230003,0.16632988750934596,nan,0.0,nan,0.0,0
11,352,3872,0.1466287878787879,1480,1.029110481287982,0.6574324314658706,-0.03514079470690843,0.5044519521094657,0.370945945462665,-0.30543479323387146,0.5883380200411822,0.0627451241016388,0.07272397332094811,0.7697925371092719,-0.025550021417438985,0.009590773289469445,0.16632988750934596,nan,0.0,nan,0.0,0
12,20,3892,0.14738636363636365,2560,1.1064098536968232,0.6203125,-0.034153191931545736,0.5115609586238861,0.435546875,-0.3815926956012845,0.5851851373910903,0.0627451241016388,0.0634578350931406,0.7491538733243942,-0.026542742876335977,0.007610449055209759,0.16632988750934596,nan,0.0,nan,0.0,0
12,40,3912,0.1481439393939394,2560,1.0233347773551942,0.644140625,-0.023991881217807532,0.5080294460058212,0.38046875,-0.3615160100162029,0.5875951319932937,0.0627451241016388,0.06432025115936994,0.7525895535945892,-0.027744521293789147,-0.003752640075981615,0.16632988750934596,nan,0.0,0.0,0.38590550000662915,0
12,60,3932,0.14890151515151515,2560,0.8757756888866425,0.69765625,-0.024910062947310508,0.5075242504477501,0.419921875,-0.6111866757273674,0.5881024956703186,0.0627451241016388,0.06952089481055737,0.7575947642326355,-0.027744521293789147,-0.002834458346478639,0.16632988750934596,nan,0.0,nan,0.0,0
12,80,3952,0.1496590909090909,2560,0.8757556855678559,0.702734375,-0.017941256426274775,0.5077861994504929,0.382421875,-0.4655130162835121,0.589025130867958,0.0627451241016388,0.07430941350758076,0.7728560090065002,-0.027744521293789147,-0.009803264867514372,0.16632988750934596,nan,0.0,nan,0.0,0
12,100,3972,0.15041666666666667,2560,0.9671886652708054,0.66015625,-0.02621599877020344,0.5017836436629295,0.362109375,-0.3490767773240805,0.5900325953960419,0.0627451241016388,0.07231835164129734,0.7729448050260543,-0.024910062947310508,0.001305935822892932,0.16632988750934596,nan,0.0,nan,0.0,0
12,120,3992,0.15117424242424243,2560,1.0123643726110458,0.651953125,-0.027798018418252468,0.5021155163645744,0.330859375,-0.19077361114323138,0.5886483699083328,0.0627451241016388,0.061816869489848617,0.7522138327360153,-0.024910062947310508,0.00288795547094196,0.16632988750934596,nan,0.0,nan,0.0,0
12,140,4012,0.1519318181818182,2560,0.970698693394661,0.662109375,-0.021723104547709225,0.5073588222265244,0.32578125,-0.27192411590367555,0.5893640100955964,0.0627451241016388,0.06288966946303845,0.7547171115875244,-0.024910062947310508,-0.0031869583996012828,0.16632988750934596,nan,0.0,0.0,0.37606229999801144,0
12,160,4032,0.15268939393939396,2560,1.1232310682535172,0.60859375,-0.014576365239918232,0.5101240932941437,0.235546875,0.0026832200586795808,0.5911734461784363,0.0627451241016388,0.06976865492761135,0.7695659577846528,-0.024910062947310508,-0.010333697707392276,0.16632988750934596,nan,0.0,nan,0.0,0
12,180,4052,0.1534469696969697,2560,0.8615571945905686,0.7140625,-0.027294499007984994,0.5003363445401192,0.340234375,-0.37057301923632624,0.5902661889791488,0.0627451241016388,0.07863596603274345,0.7784661531448365,-0.021723104547709225,0.005571394460275769,0.16632988750934596,nan,0.0,nan,0.0,0
12,200,4072,0.15420454545454546,2560,0.7588082939386368,0.74296875,-0.01472929299925454,0.5020672053098678,0.375390625,-0.5679968506097793,0.5914247035980225,0.0627451241016388,0.09006587639451027,0.7961056649684906,-0.02621599877020344,-0.0114867057709489,0.16632988750934596,nan,0.0,nan,0.0,0
12,220,4092,0.15496212121212122,2560,0.8907543033361435,0.69375,-0.02127142958343029,0.49754067659378054,0.3953125,-0.49038096219301225,0.5923847407102585,0.0627451241016388,0.08808846846222877,0.7947309941053391,-0.021723104547709225,-0.0004516749642789336,0.16632988750934596,nan,0.0,nan,0.0,0
12,240,4112,0.15571969696969698,2560,0.7524656683206559,0.750390625,-0.03277335807215422,0.4994906231760979,0.37109375,-0.49654809683561324,0.591052770614624,0.0627451241016388,0.08366083540022373,0.7900609731674194,-0.02127142958343029,0.011501928488723931,0.16632988750934596,nan,0.0,0.0,0.37476050000987016,0
12,260,4132,0.15647727272727274,2560,0.8105004906654358,0.723046875,-0.030250469618476928,0.5017679959535599,0.409765625,-0.6286394253373147,0.5909040093421936,0.0627451241016388,0.07738139070570468,0.7802705436944961,-0.02127142958343029,0.008979040035046636,0.16632988750934596,nan,0.0,nan,0.0,0
12,280,4152,0.15723484848484848,2560,0.7610649228096008,0.750390625,-0.02278960357652977,0.50058214366436,0.408984375,-0.655991593003273,0.5913486629724503,0.0627451241016388,0.08240757100284099,0.7886305332183838,-0.027294499007984994,-0.004504895431455224,0.16632988750934596,nan,0.0,nan,0.0,0
12,300,4172,0.15799242424242424,2560,0.8063861221075058,0.7171875,-0.02271800092421472,0.4997295543551445,0.419140625,-0.6721009910106659,0.5911860316991806,0.0627451241016388,0.07490021213889123,0.7793216288089753,-0.02278960357652977,-7.160265231504967e-05,0.16632988750934596,nan,0.0,nan,0.0,0
12,320,4192,0.15875,2560,0.857790270447731,0.704296875,-0.028894481202587485,0.49884593933820726,0.376171875,-0.3903507500886917,0.5899982631206513,0.0627451241016388,0.07315312288701534,0.7781652480363845,-0.02278960357652977,0.006104877626057714,0.16632988750934596,nan,0.0,nan,0.0,0
12,340,4212,0.15950757575757576,2560,0.8447130620479584,0.71015625,-0.02245841983240098,0.4999562710523605,0.393359375,-0.552468316257,0.5921741664409638,0.0627451241016388,0.07166580334305764,0.7775680094957351,-0.028894481202587485,-0.006436061370186506,0.16632988750934596,nan,0.0,0.0,0.37452030001441017,0
12,352,4224,0.15996212121212122,1480,0.8305584256713455,0.7182432445319923,-0.011903508712311049,0.5057698754039971,0.3513513521568195,-0.4262493587828971,0.5902300000190734,0.0627451241016388,0.07323111915910566,0.7793823348509299,-0.02278960357652977,-0.010886094864218722,0.16632988750934596,nan,0.0,nan,0.0,0
13,20,4244,0.16071969696969698,2560,0.813282722234726,0.7140625,-0.025029075890779497,0.5014145046472549,0.363671875,-0.48881074115633966,0.5900149315595626,0.0627451241016388,0.07103655561804771,0.7772587478160858,-0.02271800092421472,0.002311074966564776,0.16632988750934596,nan,0.0,nan,0.0,0
13,40,4264,0.16147727272727275,2560,0.7527680963277816,0.73984375,-0.021490035398164763,0.5005408152937889,0.410546875,-0.6887286067008972,0.5908438563346863,0.0627451241016388,0.0756524469703436,0.7827834337949753,-0.02271800092421472,-0.001227965526049958,0.16632988750934596,nan,0.0,nan,0.0,0
13,60,4284,0.16223484848484848,2560,0.7150133475661278,0.765234375,-0.017371666338294744,0.5008871868252754,0.393359375,-0.683775520324707,0.5904517114162445,0.0627451241016388,0.0818976853042841,0.7924438446760178,-0.02245841983240098,-0.0050867534941062345,0.16632988750934596,nan,0.0,nan,0.0,0
13,80,4304,0.16299242424242424,2560,0.6825647383928299,0.776953125,-0.018656824954086916,0.5004858821630478,0.38203125,-0.688931368291378,0.5905661463737488,0.0627451241016388,0.0840467382222414,0.7950052320957184,-0.021490035398164763,-0.0028332104440778466,0.16632988750934596,nan,0.0,0.0,0.3814756000065245,0
13,100,4324,0.16375,2560,0.7439366072416306,0.757421875,-0.016041442524874584,0.4985481441020966,0.39296875,-0.5695623755455017,0.591592937707901,0.0627451241016388,0.08068321608006954,0.7885913729667664,-0.018656824954086916,-0.0026153824292123318,0.16632988750934596,nan,0.0,nan,0.0,0
13,120,4344,0.16450757575757577,2560,0.7656687140464783,0.72578125,-0.017807115241885184,0.5004703715443611,0.399609375,-0.6561492532491684,0.5905454158782959,0.0627451241016388,0.08194507285952568,0.7913711369037628,-0.018656824954086916,-0.0008497097122017322,0.16632988750934596,nan,0.0,nan,0.0,0
13,140,4364,0.16526515151515153,2560,0.6839277088642121,0.760546875,-0.018321095628198236,0.49946583062410355,0.408984375,-0.7187969490885735,0.5919267207384109,0.0627451241016388,0.08346640765666961,0.7936887919902802,-0.017807115241885184,0.0005139803863130517,0.16632988750934596,nan,0.0,nan,0.0,0
13,160,4384,0.16602272727272727,2560,0.6635666012763977,0.773828125,-0.01650140780257061,0.5016361385583877,0.3953125,-0.739887660741806,0.5912566095590591,0.0627451241016388,0.08120850585401058,0.7919407159090042,-0.017807115241885184,-0.001305707439314574,0.16632988750934596,nan,0.0,nan,0.0,0
13,180,4404,0.16678030303030303,2560,0.7099127560853958,0.7640625,-0.018772547238040716,0.4979314342141151,0.409375,-0.6873570874333381,0.5911529749631882,0.0627451241016388,0.08520660027861596,0.796428793668747,-0.017807115241885184,0.0009654319961555323,0.16632988750934596,nan,0.0,0.0,0.3755342000222299,0
13,200,4424,0.1675378787878788,2560,0.6279035419225693,0.79296875,-0.015820372628513723,0.5002969264984131,0.425,-0.843037486076355,0.5917661219835282,0.0627451241016388,0.09043091386556626,0.8022184103727341,-0.017807115241885184,-0.001986742613371461,0.16632988750934596,nan,0.0,nan,0.0,0
13,220,4444,0.16829545454545455,2560,0.636300827562809,0.7828125,-0.015436812426196411,0.4990106076002121,0.408984375,-0.7293777823448181,0.5919260889291763,0.0627451241016388,0.08641697652637959,0.7978929191827774,-0.017807115241885184,-0.002370302815688773,0.16632988750934596,nan,0.0,nan,0.0,0
13,240,4464,0.16905303030303032,2560,0.6656116202473641,0.786328125,-0.017517234798287974,0.4991206005215645,0.430078125,-0.8402774333953857,0.5907996028661728,0.0627451241016388,0.08203896209597587,0.793104937672615,-0.01650140780257061,0.0010158269957173637,0.16632988750934596,nan,0.0,nan,0.0,0
13,260,4484,0.16981060606060605,2560,0.6354576617479324,0.796875,-0.007039878945215605,0.5012812480330467,0.4,-0.7763290196657181,0.5900352716445922,0.0627451241016388,0.08893035352230072,0.7997985988855362,-0.01650140780257061,-0.009461528857355005,0.16632988750934596,nan,0.0,nan,0.0,0
13,280,4504,0.1705681818181818,2560,0.6935138761997223,0.768359375,-0.012471412908053026,0.4978792920708656,0.4125,-0.7519040524959564,0.5917432308197021,0.0627451241016388,0.08423266597092152,0.7944177120923996,-0.015820372628513723,-0.0033489597204606966,0.16632988750934596,nan,0.0,0.0,0.3695861999876797,0
13,300,4524,0.1713257575757576,2560,0.6912304729223251,0.766796875,-0.015102054050657898,0.49730073362588884,0.43359375,-0.7976342290639877,0.5909051477909089,0.0627451241016388,0.08575029894709588,0.7973906636238098,-0.015436812426196411,-0.0003347583755385127,0.16632988750934596,nan,0.0,nan,0.0,0
13,320,4544,0.17208333333333337,2560,0.5890300512313843,0.80390625,-0.014502342557534575,0.4989664852619171,0.423828125,-0.8720721304416656,0.5910550653934479,0.0627451241016388,0.0817069873213768,0.7936358481645585,-0.015102054050657898,-0.0005997114931233227,0.16632988750934596,nan,0.0,nan,0.0,0
13,340,4564,0.1728409090909091,2560,0.6157439202070236,0.793359375,-0.01628706322517246,0.49740016609430315,0.395703125,-0.7673075124621391,0.5915477991104126,0.0627451241016388,0.07922631204128265,0.7929084002971649,-0.014502342557534575,0.001784720667637886,0.16632988750934596,nan,0.0,nan,0.0,0
13,352,4576,0.17329545454545456,1480,0.5786639232893248,0.802027027027027,-0.015067935422868342,0.4967678999578631,0.4317567575622249,-0.8616184199178542,0.5916088378107226,0.0627451241016388,0.07550868955818382,0.789138400554657,-0.014502342557534575,0.0005655928653337666,0.16632988750934596,nan,0.0,nan,0.0,0
14,20,4596,0.17405303030303032,2560,0.578281669318676,0.7984375,-0.01232805292820558,0.5021952494978905,0.41953125,-0.8342468917369843,0.5914965510368347,0.0627451241016388,0.06466570105403661,0.7736748129129409,-0.015067935422868342,-0.002739882494662763,0.16632988750934596,nan,0.0,0.0,0.36545090001891367,0
14,40,4616,0.17481060606060606,2560,0.5508984223008155,0.82109375,-0.00304320725845173,0.4996794506907463,0.4328125,-0.9740738898515702,0.5928156733512878,0.0627451241016388,0.06835118532180787,0.7806278556585312,-0.015067935422868342,-0.012024728164416612,0.16632988750934596,nan,0.0,nan,0.0,0
14,60,4636,0.17556818181818182,2560,0.6101527035236358,0.8,-0.013537965179421008,0.5012204647064209,0.41640625,-0.8866173923015594,0.5904573023319244,0.0627451241016388,0.06584724541753531,0.7770858019590378,-0.014502342557534575,-0.0009643773781135671,0.16632988750934596,nan,0.0,nan,0.0,0
14,80,4656,0.17632575757575758,2560,0.5677401453256607,0.80390625,-0.012356300425017253,0.4973564311861992,0.409375,-0.8507844388484955,0.5911851406097413,0.0627451241016388,0.06051353570073843,0.7722028374671936,-0.013537965179421008,-0.0011816647544037554,0.16632988750934596,nan,0.0,nan,0.0,0
14,100,4676,0.17708333333333334,2560,0.5922744810581207,0.80546875,-0.011804036510875448,0.49768957793712615,0.4015625,-0.9077600002288818,0.590538427233696,0.0627451241016388,0.06375526804476976,0.7757645010948181,-0.012356300425017253,-0.0005522639141418047,0.16632988750934596,nan,0.0,nan,0.0,0
14,120,4696,0.1778409090909091,2560,0.5953142240643501,0.799609375,-0.00475514727877453,0.4988709881901741,0.395703125,-0.7109972089529037,0.5905522912740707,0.0627451241016388,0.06020779311656952,0.771086511015892,-0.01232805292820558,-0.007572905649431049,0.16632988750934596,nan,0.0,0.0,0.37561160000041127,0
14,140,4716,0.17859848484848484,2560,0.6859561860561371,0.773046875,-0.003517138969618827,0.4995308071374893,0.38203125,-0.6189795330166816,0.5909078121185303,0.0627451241016388,0.05501450579613447,0.7621061027050018,-0.011804036510875448,-0.00828689754125662,0.16632988750934596,nan,0.0,nan,0.0,0
14,160,4736,0.1793560606060606,2560,0.6643179327249527,0.777734375,0.00039366762503050267,0.4978349208831787,0.361328125,-0.6170699976384639,0.589903911948204,0.0627451241016388,0.056211741641163826,0.7640354424715042,-0.011804036510875448,-0.012197704135905952,0.16632988750934596,nan,0.0,nan,0.0,0
14,180,4756,0.18011363636363636,2560,0.6390215575695037,0.793359375,0.002626668498851359,0.5012043118476868,0.36328125,-0.6615353733301162,0.5916186183691025,0.0627451241016388,0.0549293352290988,0.7614920377731323,-0.00475514727877453,-0.007381815777625889,0.16632988750934596,nan,0.0,nan,0.0,0
14,200,4776,0.18087121212121213,2560,0.6534028887748718,0.779296875,0.0009465649927733466,0.49990159422159197,0.351953125,-0.6214293986558914,0.5915266841650009,0.0627451241016388,0.05186365880072117,0.7552679747343063,-0.003517138969618827,-0.004463703962392174,0.16632988750934596,nan,0.0,nan,0.0,0
14,220,4796,0.1816287878787879,2560,0.5900542467832566,0.807421875,-0.0004381399368867278,0.498861326277256,0.3703125,-0.6853236228227615,0.5926419764757156,0.0627451241016388,0.05233237966895103,0.7589391946792603,0.00039366762503050267,0.0008318075619172305,0.16632988750934596,nan,0.0,0.0,0.3736053000029642,0
14,240,4816,0.18238636363636365,2560,0.5915275558829307,0.802734375,0.0012836727255489677,0.49873951226472857,0.35390625,-0.6958357036113739,0.5914534509181977,0.0627451241016388,0.04969977661967277,0.7545371234416962,0.00039366762503050267,-0.000890005100518465,0.16632988750934596,nan,0.0,nan,0.0,0
14,260,4836,0.18314393939393941,2560,0.6031981870532036,0.793359375,-0.001096653041895479,0.4989831432700157,0.377734375,-0.71543048620224,0.5905421167612076,0.0627451241016388,0.055254545621573926,0.7623391687870026,0.0009465649927733466,0.0020432180346688254,0.16632988750934596,nan,0.0,nan,0.0,0
14,280,4856,0.18390151515151518,2560,0.5928158238530159,0.808203125,0.0028388346312567593,0.5016428828239441,0.3703125,-0.7352567702531815,0.5916247248649598,0.0627451241016388,0.05441644806414843,0.7625288665294647,0.0009465649927733466,-0.0018922696384834127,0.16632988750934596,nan,0.0,nan,0.0,0
14,300,4876,0.18465909090909094,2560,0.5447189778089523,0.81796875,-0.0021699232544051482,0.4968771770596504,0.36328125,-0.6886823087930679,0.5924423426389694,0.0627451241016388,0.05337453000247479,0.7606864392757415,0.0009465649927733466,0.003116488247178495,0.16632988750934596,nan,0.0,nan,0.0,0
14,320,4896,0.18541666666666667,2560,0.567780302464962,0.8140625,0.0031114382902160285,0.49942768514156344,0.362890625,-0.7864999383687973,0.5915807247161865,0.0627451241016388,0.055668157525360584,0.7650221735239029,-0.0004381399368867278,-0.003549578227102756,0.16632988750934596,nan,0.0,0.0,0.37544610002078116,0
14,340,4916,0.18617424242424244,2560,0.5975965723395348,0.7953125,0.002353736339136958,0.49966801404953004,0.37265625,-0.7542508900165558,0.592341884970665,0.0627451241016388,0.055416252464056015,0.7663016945123673,0.0012836727255489677,-0.0010700636135879903,0.16632988750934596,nan,0.0,nan,0.0,0
14,352,4928,0.1866287878787879,1480,0.5805856865805549,0.8027027020583282,0.002500044001341873,0.4990780000751083,0.35202702670483976,-0.6967274649723156,0.5925792442785727,0.0627451241016388,0.05010004351670678,0.7568030863194852,0.002353736339136958,-0.00014630766220491507,0.16632988750934596,nan,0.0,nan,0.0,0
15,20,4948,0.18738636363636363,2560,0.6428187489509583,0.791015625,0.00129312458448112,0.49776893109083176,0.3640625,-0.7002037465572357,0.5925733119249343,0.0627451241016388,0.05201968550682068,0.7613607943058014,0.002500044001341873,0.001206919416860753,0.16632988750934596,nan,0.0,nan,0.0,0
15,40,4968,0.1881439393939394,2560,0.5742547273635864,0.811328125,-0.0003461731525021605,0.49895262718200684,0.34296875,-0.6252005711197853,0.5920960992574692,0.0627451241016388,0.04431260973215103,0.7433583110570907,0.002353736339136958,0.0026999094916391186,0.16632988750934596,nan,0.0,nan,0.0,0
15,60,4988,0.18890151515151515,2560,0.5386480569839478,0.819921875,-0.002055298275081441,0.49860853850841524,0.37265625,-0.7695125609636306,0.5914175868034363,0.0627451241016388,0.04655896630138159,0.7481805622577667,0.002353736339136958,0.004409034614218399,0.16632988750934596,nan,0.0,0.0,0.3668556000047829,0
15,80,5008,0.18965909090909092,2560,0.5765825539827347,0.812109375,-0.003047751635313034,0.5006356671452522,0.377734375,-0.819840881228447,0.5924601465463638,0.0627451241016388,0.04587280172854662,0.7473237097263337,0.00129312458448112,0.004340876219794154,0.16632988750934596,nan,0.0,nan,0.0,0
15,100,5028,0.19041666666666668,2560,0.5530769169330597,0.8109375,0.00039085714379325507,0.5006801754236221,0.395703125,-0.8247247755527496,0.5925375849008561,0.0627451241016388,0.048401492461562154,0.7589682936668396,-0.0003461731525021605,-0.0007370302962954156,0.16632988750934596,nan,0.0,nan,0.0,0
15,120,5048,0.1911742424242424,2560,0.5383061930537224,0.822265625,-0.0016588248719926924,0.500895069539547,0.41484375,-0.9137856304645539,0.5924817651510239,0.0627451241016388,0.049967918545007706,0.7585199862718582,-0.0003461731525021605,0.001312651719490532,0.16632988750934596,nan,0.0,nan,0.0,0
15,140,5068,0.1919318181818182,2560,0.5339684039354324,0.81953125,-0.005750804010313004,0.49882902652025224,0.416015625,-0.8942232459783555,0.5925003349781036,0.0627451241016388,0.045382029563188556,0.7477928400039673,-0.0016588248719926924,0.004091979138320312,0.16632988750934596,nan,0.0,nan,0.0,0
15,160,5088,0.19268939393939397,2560,0.5226492345333099,0.81953125,-0.006793401634786278,0.5000361293554306,0.421875,-0.9120944291353226,0.5923815667629242,0.0627451241016388,0.049426694959402086,0.7538834184408187,-0.002055298275081441,0.0047381033597048375,0.16632988750934596,nan,0.0,0.0,0.36732020002091303,0
15,180,5108,0.19344696969696973,2560,0.4993131309747696,0.830078125,-0.012161641241982579,0.49741593450307847,0.438671875,-1.1226267248392106,0.5919077754020691,0.0627451241016388,0.05610325504094362,0.7608843952417373,-0.003047751635313034,0.009113889606669544,0.16632988750934596,nan,0.0,nan,0.0,0
15,200,5128,0.19420454545454546,2560,0.4827775776386261,0.834375,-0.009756540291709826,0.49931985288858416,0.440234375,-1.1049249202013016,0.5919588923454284,0.0627451241016388,0.053907527960836886,0.7573831707239151,-0.005750804010313004,0.004005736281396822,0.16632988750934596,nan,0.0,nan,0.0,0
15,220,5148,0.19496212121212123,2560,0.5093573331832886,0.83359375,-0.014616244146600366,0.49681309014558794,0.44453125,-1.076343595981598,0.5918187707662582,0.0627451241016388,0.04992450084537268,0.7515358567237854,-0.006793401634786278,0.007822842511814088,0.16632988750934596,nan,0.0,nan,0.0,0
15,240,5168,0.195719696969697,2560,0.544564688205719,0.82265625,-0.008610683400183916,0.500730787217617,0.409765625,-0.9506756484508514,0.592605996131897,0.0627451241016388,0.05113900527358055,0.7548196673393249,-0.009756540291709826,-0.0011458568915259093,0.16632988750934596,nan,0.0,nan,0.0,0
15,260,5188,0.19647727272727275,2560,0.43171456307172773,0.862890625,-0.011006463633384556,0.4971899792551994,0.410546875,-1.0742409378290176,0.5923041194677353,0.0627451241016388,0.05547619722783566,0.7629193753004074,-0.009756540291709826,0.0012499233416747302,0.16632988750934596,nan,0.0,0.0,0.36953289998928085,0
15,280,5208,0.1972348484848485,2560,0.4457208037376404,0.85390625,-0.002135779132368043,0.5015936687588691,0.408203125,-1.0271090865135193,0.5926726192235947,0.0627451241016388,0.05660241264849901,0.7655912637710571,-0.011006463633384556,-0.008870684501016513,0.16632988750934596,nan,0.0,nan,0.0,0
15,300,5228,0.19799242424242425,2560,0.42955770492553713,0.86015625,-0.00705326598836109,0.49868661165237427,0.420703125,-1.1083028793334961,0.5925627589225769,0.0627451241016388,0.057829880714416505,0.7680606007575989,-0.009756540291709826,-0.0027032743033487353,0.16632988750934596,nan,0.0,nan,0.0,0
15,320,5248,0.19875,2560,0.45655360221862795,0.8515625,-0.0115214069315698,0.4988243252038956,0.45859375,-1.1946512639522553,0.5932055354118347,0.0627451241016388,0.05309980306774378,0.759219953417778,-0.008610683400183916,0.0029107235313858837,0.16632988750934596,nan,0.0,nan,0.0,0
15,340,5268,0.19950757575757577,2560,0.46530289202928543,0.8484375,-0.008004395081661642,0.5000159114599227,0.4046875,-0.9693085581064225,0.5927040278911591,0.0627451241016388,0.05207199715077877,0.7560986369848252,-0.008610683400183916,-0.0006062883185222745,0.16632988750934596,nan,0.0,nan,0.0,0
15,352,5280,0.1999621212121212,1480,0.42642817255612964,0.8601351351351352,-0.007799952336259791,0.5003913015932651,0.43175675724003765,-1.1339264379965293,0.5937764132345045,0.0627451241016388,0.052547219033176835,0.7557431014808449,-0.008004395081661642,-0.00020444274540185135,0.16632988750934596,nan,0.0,0.0,0.3783969999931287,0
16,20,5300,0.19928030303030303,2560,0.42811491042375566,0.857421875,-0.011564451636513696,0.49858997762203217,0.4578125,-1.218001624941826,0.593002724647522,0.0627451241016388,0.05123545210808515,0.7545983284711838,-0.007799952336259791,0.003764499300253905,0.16632988750934596,nan,0.0,nan,0.0,0
16,40,5320,0.1985227272727273,2560,0.46824231147766116,0.8453125,-0.006483086047228426,0.5006862759590149,0.464453125,-1.1120305627584457,0.5931701868772506,0.0627451241016388,0.04979628641158342,0.7527295023202896,-0.008004395081661642,-0.001521309034433216,0.16632988750934596,nan,0.0,nan,0.0,0
16,60,5340,0.1977651515151515,2560,0.42356141954660415,0.857421875,-0.005977631005225703,0.5001333996653556,0.47109375,-1.287370577454567,0.5927270442247391,0.0627451241016388,0.052746329456567764,0.7588281571865082,-0.008004395081661642,-0.0020267640764359387,0.16632988750934596,nan,0.0,nan,0.0,0
16,80,5360,0.19700757575757577,2560,0.44911639839410783,0.852734375,-0.0025597700965590774,0.49923655986785886,0.453125,-1.1517462521791457,0.5934719264507293,0.0627451241016388,0.0514284273609519,0.7593301802873611,-0.007799952336259791,-0.005240182239700714,0.16632988750934596,nan,0.0,nan,0.0,0
16,100,5380,0.19625,2560,0.44358085095882416,0.858203125,-0.005710010702023283,0.5002044796943664,0.45234375,-1.134837880730629,0.5923429042100906,0.0627451241016388,0.05579422414302826,0.7618905454874039,-0.006483086047228426,-0.0007730753452051429,0.16632988750934596,nan,0.0,0.0,0.37117150000995025,0
16,120,5400,0.19549242424242427,2560,0.4353498756885529,0.855078125,-0.008421330014243722,0.49838652163743974,0.440234375,-1.0906710982322694,0.592430391907692,0.0627451241016388,0.054274840466678145,0.7621386259794235,-0.005977631005225703,0.0024436990090180187,0.16632988750934596,nan,0.0,nan,0.0,0
16,140,5420,0.19473484848484848,2560,0.4958558320999146,0.837890625,-0.004736909037455916,0.49985976219177247,0.421875,-1.007654172182083,0.5930840998888016,0.0627451241016388,0.05124622136354447,0.7560196429491043,-0.005977631005225703,-0.0012407219677697872,0.16632988750934596,nan,0.0,nan,0.0,0
16,160,5440,0.19397727272727275,2560,0.44146610200405123,0.85546875,-0.005660242435988038,0.4983693569898605,0.43359375,-1.0724723488092422,0.5928009212017059,0.0627451241016388,0.05335771590471268,0.7602158397436142,-0.005710010702023283,-4.976826603524456e-05,0.16632988750934596,nan,0.0,nan,0.0,0
16,180,5460,0.19321969696969699,2560,0.4626822590827942,0.84921875,-0.006794571870705113,0.4979206219315529,0.43671875,-1.0996795415878295,0.5921211510896682,0.0627451241016388,0.05534101389348507,0.761565899848938,-0.005660242435988038,0.0011343294347170747,0.16632988750934596,nan,0.0,nan,0.0,0
16,200,5480,0.19246212121212125,2560,0.49150072038173676,0.8390625,-0.010004798357840627,0.4963382795453072,0.45234375,-1.1351353526115417,0.5934712827205658,0.0627451241016388,0.05407972522079944,0.7590132534503937,-0.005710010702023283,0.0042947876558173444,0.16632988750934596,nan,0.0,0.0,0.3695123999787029,0
16,220,5500,0.19170454545454546,2560,0.4045514866709709,0.862890625,-0.005682441039243713,0.5001636654138565,0.47421875,-1.3164939999580383,0.5931939631700516,0.0627451241016388,0.053330724127590656,0.7590414851903915,-0.006794571870705113,-0.0011121308314614,0.16632988750934596,nan,0.0,nan,0.0,0
16,240,5520,0.19094696969696973,2560,0.4167217299342155,0.86328125,-0.00885198567120824,0.4981936290860176,0.45,-1.1753684252500534,0.5926803827285767,0.0627451241016388,0.05317692160606384,0.7593703538179397,-0.005682441039243713,0.0031695446319645266,0.16632988750934596,nan,0.0,nan,0.0,0
16,260,5540,0.19018939393939394,2560,0.45674426704645155,0.85078125,-0.0072519039968028665,0.49995182156562806,0.432421875,-1.1285274982452393,0.5917722314596177,0.0627451241016388,0.05628396812826395,0.7643410921096802,-0.006794571870705113,0.0004573321260977533,0.16632988750934596,nan,0.0,nan,0.0,0
16,280,5560,0.1894318181818182,2560,0.45700756311416624,0.844140625,-0.010993889992823825,0.4976141735911369,0.458984375,-1.2110245078802109,0.5925525844097137,0.0627451241016388,0.05236322581768036,0.7568838566541671,-0.0072519039968028665,0.003741985996020958,0.16632988750934596,nan,0.0,nan,0.0,0
16,300,5580,0.18867424242424244,2560,0.4323426380753517,0.8609375,-0.005413227679673583,0.49975370764732363,0.476953125,-1.31250539124012,0.5927168726921082,0.0627451241016388,0.05599101968109608,0.7649056315422058,-0.00885198567120824,-0.003438757991534657,0.16632988750934596,nan,0.0,0.0,0.37354729999788105,0
16,320,5600,0.1879166666666667,2560,0.43271100521087646,0.8625,-0.0070590465038549155,0.4971475049853325,0.459765625,-1.201955795288086,0.5920051783323288,0.0627451241016388,0.059574954211711884,0.7706383109092713,-0.0072519039968028665,-0.00019285749294795096,0.16632988750934596,nan,0.0,nan,0.0,0
16,340,5620,0.1871590909090909,2560,0.4428166225552559,0.856640625,-0.007198222677106969,0.5001786664128304,0.443359375,-1.1778323203325272,0.5923271387815475,0.0627451241016388,0.051897204108536245,0.7614767342805863,-0.0072519039968028665,-5.368131969589723e-05,0.16632988750934596,nan,0.0,nan,0.0,0
16,352,5632,0.18670454545454548,1480,0.4474251566706477,0.8472972963307355,-0.008844818426547824,0.4985655211113595,0.4668918922140792,-1.2635854121801016,0.5932030171961398,0.0627451241016388,0.05537075891688063,0.7649976066640906,-0.007198222677106969,0.0016465957494408547,0.16632988750934596,nan,0.0,nan,0.0,0
17,20,5652,0.1859469696969697,2560,0.4174503028392792,0.85859375,-0.005947131128050387,0.5001838847994804,0.4265625,-1.1939542979001998,0.5925153315067291,0.0627451241016388,0.0555370818823576,0.7648624569177628,-0.007198222677106969,-0.0012510915490565825,0.16632988750934596,nan,0.0,nan,0.0,0
17,40,5672,0.18518939393939396,2560,0.4153593845665455,0.866796875,-0.0013148498139344156,0.5015424221754075,0.45859375,-1.2452867329120636,0.5928830593824387,0.0627451241016388,0.05140279959887266,0.756721630692482,-0.0070590465038549155,-0.0057441966899205,0.16632988750934596,nan,0.0,0.0,0.3784624999971129,0
17,60,5692,0.1844318181818182,2560,0.48062175437808036,0.84609375,-0.00354083098936826,0.4993619412183762,0.426953125,-1.1479514598846436,0.5927359491586686,0.0627451241016388,0.0533782746642828,0.7596310824155807,-0.0070590465038549155,-0.0035182155144866554,0.16632988750934596,nan,0.0,nan,0.0,0
17,80,5712,0.18367424242424246,2560,0.559343683719635,0.812890625,-0.005852485954528674,0.4991979166865349,0.491015625,-1.2616850078105926,0.592952874302864,0.0627451241016388,0.04750292748212814,0.7474054127931595,-0.005947131128050387,-9.46451735217126e-05,0.16632988750934596,nan,0.0,nan,0.0,0
17,100,5732,0.18291666666666667,2560,0.5328651115298271,0.821484375,-0.005534698229166679,0.4995229244232178,0.44296875,-1.0702405661344527,0.5931625545024872,0.0627451241016388,0.052812634781002996,0.7551224201917648,-0.005852485954528674,-0.0003177877253619952,0.16632988750934596,nan,0.0,nan,0.0,0
17,120,5752,0.18215909090909094,2560,0.5365247964859009,0.822265625,-0.0032054909446742386,0.49877638667821883,0.432421875,-1.0342248648405075,0.592359435558319,0.0627451241016388,0.05423591211438179,0.7604524672031403,-0.005534698229166679,-0.0023292072844924403,0.16632988750934596,nan,0.0,nan,0.0,0
17,140,5772,0.18140151515151515,2560,0.5215355053544044,0.828515625,-0.006326071952935308,0.4985411435365677,0.4484375,-1.065643760561943,0.5934374749660491,0.0627451241016388,0.0495903342962265,0.7541550606489181,-0.00354083098936826,0.002785240963567048,0.16632988750934596,nan,0.0,0.0,0.370927899988601,0
17,160,5792,0.1806439393939394,2560,0.48366317003965376,0.841796875,-0.005025862588081509,0.5000204861164093,0.453515625,-1.1459771931171416,0.5932215541601181,0.0627451241016388,0.04814835265278816,0.7492943644523621,-0.005534698229166679,-0.0005088356410851702,0.16632988750934596,nan,0.0,nan,0.0,0
17,180,5812,0.17988636363636365,2560,0.5170603215694427,0.828515625,-0.006271319009829313,0.49862698316574094,0.4296875,-1.0443411231040955,0.5928213983774185,0.0627451241016388,0.05269137006253004,0.7579446971416474,-0.005534698229166679,0.0007366207806626338,0.16632988750934596,nan,0.0,nan,0.0,0
17,200,5832,0.17912878787878792,2560,0.4733819678425789,0.85078125,-0.0077917023212648925,0.49783720821142197,0.43671875,-1.0862065136432648,0.5927482783794403,0.0627451241016388,0.05080447755753994,0.7568687289953232,-0.005534698229166679,0.0022570040920982136,0.16632988750934596,nan,0.0,nan,0.0,0
17,220,5852,0.17837121212121212,2560,0.4633787229657173,0.855078125,-0.004829150220029987,0.4989402949810028,0.44140625,-1.1149371713399887,0.5926852017641068,0.0627451241016388,0.0501288803294301,0.7536222040653229,-0.006271319009829313,-0.0014421687897993255,0.16632988750934596,nan,0.0,nan,0.0,0
17,240,5872,0.1776136363636364,2560,0.45623926967382433,0.855859375,-0.0061285242030862715,0.4992728024721146,0.430859375,-1.04292072057724,0.5925964504480362,0.0627451241016388,0.05075734965503216,0.7547574311494827,-0.006271319009829313,-0.0001427948067430412,0.16632988750934596,nan,0.0,0.0,0.3731887000030838,0
17,260,5892,0.17685606060606063,2560,0.41695253551006317,0.866796875,0.002892444748431444,0.503966537117958,0.42578125,-1.0421828955411911,0.5938544154167176,0.0627451241016388,0.05493675097823143,0.7617794781923294,-0.0061285242030862715,-0.009020968951517716,0.16632988750934596,nan,0.0,nan,0.0,0
17,280,5912,0.17609848484848484,2560,0.4656812444329262,0.846875,-0.0031271663785446433,0.49900412261486055,0.43359375,-1.0064078539609909,0.5933679133653641,0.0627451241016388,0.05482953768223524,0.763797327876091,-0.0061285242030862715,-0.003001357824541628,0.16632988750934596,nan,0.0,nan,0.0,0
17,300,5932,0.1753409090909091,2560,0.46424412429332734,0.84609375,-0.010834639804670587,0.49499207735061646,0.425,-1.0510597079992294,0.5926066249608993,0.0627451241016388,0.04819546621292829,0.7490817904472351,-0.004829150220029987,0.0060054895846406,0.16632988750934596,nan,0.0,nan,0.0,0
17,320,5952,0.1745833333333333,2560,0.41724546402692797,0.86171875,-0.007525699317920953,0.4999296963214874,0.3859375,-0.9250964641571044,0.594373470544815,0.0627451241016388,0.052622112818062304,0.7570340961217881,-0.004829150220029987,0.0026965490978909656,0.16632988750934596,nan,0.0,nan,0.0,0
17,340,5972,0.17382575757575758,2560,0.40246956795454025,0.86640625,-0.00362447751685977,0.5021058529615402,0.443359375,-1.1079285562038421,0.5925013452768326,0.0627451241016388,0.051991834118962285,0.7543458938598633,-0.0061285242030862715,-0.0025040466862265016,0.16632988750934596,nan,0.0,0.0,0.3741067000082694,0
17,352,5984,0.17337121212121215,1480,0.39591918136622456,0.8736486492930232,-0.010738997951754042,0.49947433697210775,0.49121621637730983,-1.341836752118291,0.5933811648471935,0.0627451241016388,0.05527733832194998,0.7623244060052408,-0.00362447751685977,0.0071145204348942725,0.16632988750934596,nan,0.0,nan,0.0,0
18,20,6004,0.17261363636363636,2560,0.41784267127513885,0.857421875,-0.005950821225997061,0.4988305538892746,0.40859375,-1.022570163011551,0.5929181605577469,0.0627451241016388,0.0564899642020464,0.765573439002037,-0.007525699317920953,-0.0015748780919238922,0.16632988750934596,nan,0.0,nan,0.0,0
18,40,6024,0.17185606060606062,2560,0.37045103013515474,0.87734375,-0.004215078556444496,0.4995624735951424,0.409765625,-1.0871164202690125,0.592288738489151,0.0627451241016388,0.05615608133375645,0.7642666608095169,-0.007525699317920953,-0.0033106207614764568,0.16632988750934596,nan,0.0,nan,0.0,0
18,60,6044,0.17109848484848486,2560,0.47498591244220734,0.8484375,-0.004327758983708918,0.5000782147049904,0.437109375,-1.152459940314293,0.5934925347566604,0.0627451241016388,0.05757488925009966,0.7666881740093231,-0.005950821225997061,-0.0016230622422881424,0.16632988750934596,nan,0.0,nan,0.0,0
18,80,6064,0.17034090909090913,2560,0.3898703306913376,0.872265625,-0.010197699087439106,0.4967848613858223,0.432421875,-1.1794209092855454,0.5923075556755066,0.0627451241016388,0.05795880500227213,0.7677201360464097,-0.004327758983708918,0.005869940103730187,0.16632988750934596,nan,0.0,0.0,0.36778979998780414,0
18,100,6084,0.16958333333333334,2560,0.36533672660589217,0.876171875,-0.00922437187982723,0.49796093106269834,0.409765625,-1.1289208978414536,0.5940841853618621,0.0627451241016388,0.0548166761174798,0.7638975977897644,-0.005950821225997061,0.0032735506538301698,0.16632988750934596,nan,0.0,nan,0.0,0
18,120,6104,0.1688257575757576,2560,0.3703847318887711,0.8765625,-0.004061331111006439,0.501838955283165,0.395703125,-1.1216485500335693,0.5938551783561706,0.0627451241016388,0.06017641592770815,0.7719249576330185,-0.005950821225997061,-0.0018894901149906218,0.16632988750934596,nan,0.0,nan,0.0,0
18,140,6124,0.16806818181818184,2560,0.4060675881803036,0.868359375,-0.007027826830744743,0.49894118309020996,0.415625,-1.1259559214115142,0.5920477777719497,0.0627451241016388,0.05618852265179157,0.7647521406412124,-0.004327758983708918,0.0027000678470358247,0.16632988750934596,nan,0.0,nan,0.0,0
18,160,6144,0.1673106060606061,2560,0.43131243288516996,0.860546875,-0.00367207454983145,0.49874777495861056,0.416015625,-1.064307850599289,0.5928601711988449,0.0627451241016388,0.056939699500799176,0.7646086871623993,-0.007027826830744743,-0.003355752280913293,0.16632988750934596,nan,0.0,nan,0.0,0
18,180,6164,0.1665530303030303,2560,0.46036617159843446,0.84921875,-0.0038627896923571826,0.4994131937623024,0.399609375,-0.8874011486768723,0.5932274043560029,0.0627451241016388,0.05833054482936859,0.7672129184007644,-0.007027826830744743,-0.0031650371383875604,0.16632988750934596,nan,0.0,0.0,0.3723937999748159,0
18,200,6184,0.16579545454545452,2560,0.4042503759264946,0.864453125,-0.005638837377773598,0.49828581511974335,0.42890625,-1.1136739909648896,0.5930532038211822,0.0627451241016388,0.05157521069049835,0.757537591457367,-0.004061331111006439,0.001577506266767159,0.16632988750934596,nan,0.0,nan,0.0,0
18,220,6204,0.1650378787878788,2560,0.37120971605181696,0.8828125,-0.005170168005861342,0.5004203945398331,0.44140625,-1.2830471009016038,0.5934690058231353,0.0627451241016388,0.05369131900370121,0.7598065912723542,-0.004061331111006439,0.001108836894854903,0.16632988750934596,nan,0.0,nan,0.0,0
18,240,6224,0.16428030303030303,2560,0.4131499409675598,0.86640625,-0.003378709404205438,0.49941229820251465,0.42421875,-1.1852216213941573,0.5924341946840286,0.0627451241016388,0.05062385685741901,0.7537636578083038,-0.005170168005861342,-0.001791458601655904,0.16632988750934596,nan,0.0,nan,0.0,0
18,260,6244,0.1635227272727273,2560,0.36754641234874724,0.88671875,-0.0024864531180355696,0.4991392895579338,0.44375,-1.1900190532207489,0.5936048030853271,0.0627451241016388,0.05225844271481037,0.7572316557168961,-0.0038627896923571826,-0.001376336574321613,0.16632988750934596,nan,0.0,nan,0.0,0
18,280,6264,0.1627651515151515,2560,0.45789580047130585,0.851953125,-0.003942668401577976,0.5011361584067344,0.460546875,-1.2697264552116394,0.5939857661724091,0.0627451241016388,0.05432623270899058,0.7608148276805877,-0.0038627896923571826,7.987870922079301e-05,0.16632988750934596,nan,0.0,0.0,0.36830999999074265,0
18,300,6284,0.16200757575757577,2560,0.40188322961330414,0.872265625,-0.0007091033359756694,0.497160604596138,0.403515625,-1.051249197125435,0.5927715480327607,0.0627451241016388,0.05333448015153408,0.7610434502363205,-0.003942668401577976,-0.0032335650656023065,0.16632988750934596,nan,0.0,nan,0.0,0
18,320,6304,0.16125,2560,0.401991468667984,0.865625,-0.006193787785014138,0.4990107387304306,0.4140625,-1.018871510028839,0.5933438807725906,0.0627451241016388,0.05132107753306627,0.755452248454094,-0.003378709404205438,0.0028150783808087,0.16632988750934596,nan,0.0,nan,0.0,0
18,340,6324,0.16049242424242427,2560,0.3920693725347519,0.878515625,-0.004685005528153851,0.49781825989484785,0.394921875,-1.0291292995214463,0.5934036433696747,0.0627451241016388,0.051304785534739494,0.7566860795021058,-0.003378709404205438,0.0013062961239484134,0.16632988750934596,nan,0.0,nan,0.0,0
18,352,6336,0.1600378787878788,1480,0.3343346292908127,0.8912162168605907,-0.0008619736464744484,0.5013100231016004,0.38378378458925194,-1.0799077304633888,0.5933136485718392,0.0627451241016388,0.056837400189928104,0.7661725063581725,-0.003942668401577976,-0.003080694755103527,0.16632988750934596,nan,0.0,nan,0.0,0
19,20,6356,0.15928030303030305,2560,0.38511417284607885,0.8703125,0.0006540692469570786,0.4991812527179718,0.4,-1.0709569454193115,0.5935193538665772,0.0627451241016388,0.05725779943168163,0.7667066037654877,-0.003942668401577976,-0.004596737648535054,0.16632988750934596,nan,0.0,0.0,0.36641299998154864,0
19,40,6376,0.15852272727272732,2560,0.3936437487602234,0.869921875,0.00017283645574934782,0.4992439433932304,0.401171875,-1.0458584398031234,0.5925922602415085,0.0627451241016388,0.05573464017361403,0.7629900425672531,-0.0008619736464744484,-0.0010348101022237962,0.16632988750934596,nan,0.0,nan,0.0,0
19,60,6396,0.15776515151515152,2560,0.40353555977344513,0.8625,-0.006599172088317573,0.49772734344005587,0.423828125,-1.0639131188392639,0.5936696559190751,0.0627451241016388,0.05724006053060293,0.7639599025249482,-0.0008619736464744484,0.005737198441843125,0.16632988750934596,nan,0.0,nan,0.0,0
19,80,6416,0.1570075757575758,2560,0.3629447273910046,0.880859375,-0.00871534490142949,0.49829065054655075,0.445703125,-1.285807839035988,0.593409749865532,0.0627451241016388,0.05726072676479817,0.7659227848052979,-0.0008619736464744484,0.007853371254955041,0.16632988750934596,nan,0.0,nan,0.0,0
19,100,6436,0.15625,2560,0.35610542967915537,0.88515625,-0.0055980492266826335,0.4997176006436348,0.408203125,-1.1532617658376694,0.5922691524028778,0.0627451241016388,0.05480652917176485,0.7611139714717865,-0.0008619736464744484,0.004736075580208185,0.16632988750934596,nan,0.0,nan,0.0,0
19,120,6456,0.15549242424242424,2560,0.336651536822319,0.891015625,-0.007285288529237733,0.49742496460676194,0.416796875,-1.2553069770336152,0.5938270777463913,0.0627451241016388,0.05309233907610178,0.7578628957271576,-0.0055980492266826335,0.0016872393025550991,0.16632988750934596,nan,0.0,0.0,0.36840860001393594,0
19,140,6476,0.1547348484848485,2560,0.3233629047870636,0.898046875,-0.004368723317747935,0.5021050989627838,0.428125,-1.2204204827547074,0.5938190698623658,0.0627451241016388,0.05447102338075638,0.7603173017501831,-0.006599172088317573,-0.002230448770569638,0.16632988750934596,nan,0.0,nan,0.0,0
19,160,6496,0.1539772727272727,2560,0.3607207901775837,0.881640625,-0.006548268790356815,0.4969553753733635,0.38984375,-1.1528176993131638,0.5919372737407684,0.0627451241016388,0.0556311858817935,0.7658944427967072,-0.006599172088317573,-5.090329796075821e-05,0.16632988750934596,nan,0.0,nan,0.0,0
19,180,6516,0.15321969696969698,2560,0.3688852064311504,0.88046875,-0.01086218454875052,0.4991933360695839,0.43359375,-1.2864067137241364,0.5934714138507843,0.0627451241016388,0.05475719068199396,0.7629996627569199,-0.006548268790356815,0.004313915758393704,0.16632988750934596,nan,0.0,nan,0.0,0
19,200,6536,0.15246212121212122,2560,0.3783088535070419,0.873828125,-0.0037913739681243895,0.4994255185127258,0.413671875,-1.1698670625686645,0.59367156624794,0.0627451241016388,0.054119369573891164,0.7599381774663925,-0.006548268790356815,-0.0027568948222324256,0.16632988750934596,nan,0.0,nan,0.0,0
19,220,6556,0.15170454545454548,2560,0.375989942997694,0.875390625,-0.004392585798632354,0.49945286065340044,0.4125,-1.1062243044376374,0.5930380702018738,0.0627451241016388,0.05496222581714392,0.761218124628067,-0.006548268790356815,-0.002155682991724461,0.16632988750934596,nan,0.0,0.0,0.36889360001077875,0
19,240,6576,0.1509469696969697,2560,0.371208518743515,0.87265625,-0.004647255630698055,0.4990693539381027,0.405078125,-1.1374858021736145,0.5932323664426804,0.0627451241016388,0.05945393070578575,0.767463567852974,-0.004392585798632354,0.00025466983206570096,0.16632988750934596,nan,0.0,nan,0.0,0
19,260,6596,0.15018939393939396,2560,0.41691800355911257,0.864453125,-0.005406414438039064,0.5006502941250801,0.4125,-1.1153046071529389,0.5930252343416214,0.0627451241016388,0.055901880376040936,0.7620835870504379,-0.004647255630698055,0.0007591588073410094,0.16632988750934596,nan,0.0,nan,0.0,0
19,280,6616,0.14943181818181817,2560,0.39519924372434617,0.868359375,-0.0034300377446925268,0.49930663257837293,0.433984375,-1.0197963058948516,0.5923779994249344,0.0627451241016388,0.057610784843564036,0.7660484492778779,-0.004647255630698055,-0.001217217886005528,0.16632988750934596,nan,0.0,nan,0.0,0
19,300,6636,0.14867424242424243,2560,0.3698444187641144,0.878125,-0.004535509378183633,0.5011698588728905,0.428515625,-1.0661533266305923,0.5931864589452743,0.0627451241016388,0.05847792997956276,0.7694236665964127,-0.004392585798632354,0.00014292357955127902,0.16632988750934596,nan,0.0,nan,0.0,0
19,320,6656,0.14791666666666667,2560,0.4035866245627403,0.875,-0.0029539055103668943,0.49925004690885544,0.399609375,-1.0099300652742387,0.5931562006473541,0.0627451241016388,0.06056519523262978,0.7714170783758163,-0.004535509378183633,-0.0015816038678167386,0.16632988750934596,nan,0.0,0.0,0.37608929999987595,0
19,340,6676,0.14715909090909093,2560,0.4094018697738647,0.872265625,-0.005987250182079152,0.4992204219102859,0.416796875,-1.0853288412094115,0.5925436824560165,0.0627451241016388,0.058701665699481965,0.7702597439289093,-0.004535509378183633,0.0014517408038955187,0.16632988750934596,nan,0.0,nan,0.0,0
19,352,6688,0.14670454545454548,1480,0.4081483299667771,0.8736486476820868,-0.011848586294296625,0.4958966864121927,0.4216216221049025,-1.1177582702121218,0.5930930382496602,0.0627451241016388,0.05162866983462024,0.7561774862779154,-0.004535509378183633,0.007313076916112992,0.16632988750934596,nan,0.0,nan,0.0,0
20,20,6708,0.14594696969696971,2560,0.36918795108795166,0.8734375,1.44194345921278e-06,0.5021436184644699,0.414453125,-1.1080654919147492,0.5940024226903915,0.0627451241016388,0.051982790045440194,0.7567449986934662,-0.004535509378183633,-0.004536951321642846,0.16632988750934596,nan,0.0,nan,0.0,0
20,40,6728,0.14518939393939392,2560,0.3833641305565834,0.87734375,-0.002576669506379403,0.5033898845314979,0.406640625,-1.1235009968280791,0.5931355893611908,0.0627451241016388,0.053580290637910366,0.7612743973731995,-0.004535509378183633,-0.00195883987180423,0.16632988750934596,nan,0.0,nan,0.0,0
20,60,6748,0.1444318181818182,2560,0.312685476988554,0.89921875,-0.007959744494291954,0.4943732053041458,0.410546875,-1.164791715145111,0.5940521448850632,0.0627451241016388,0.055079803243279456,0.7652933090925217,-0.0029539055103668943,0.00500583898392506,0.16632988750934596,nan,0.0,0.0,0.3672173999948427,0
20,80,6768,0.1436742424242424,2560,0.3159110233187675,0.901953125,-0.00556431915028952,0.4980140835046768,0.42890625,-1.2960279941558839,0.5926131099462509,0.0627451241016388,0.055185872875154016,0.7646771788597106,-0.005987250182079152,-0.00042293103178963135,0.16632988750934596,nan,0.0,nan,0.0,0
20,100,6788,0.14291666666666666,2560,0.35961095467209814,0.879296875,-0.005392814453807659,0.49890672117471696,0.453515625,-1.3222053527832032,0.5927620083093643,0.0627451241016388,0.05532114990055561,0.7646318793296814,-0.00556431915028952,-0.00017150469648186117,0.16632988750934596,nan,0.0,nan,0.0,0
20,120,6808,0.1421590909090909,2560,0.3366513155400753,0.8953125,-0.008144740539137274,0.49926708191633223,0.434765625,-1.2135850012302398,0.5932605892419816,0.0627451241016388,0.05619464199990034,0.7668760359287262,-0.005392814453807659,0.002751926085329615,0.16632988750934596,nan,0.0,nan,0.0,0
20,140,6828,0.14140151515151517,2560,0.3504108786582947,0.8828125,-0.002656504116021097,0.4993521511554718,0.409765625,-1.1018829494714737,0.5931985437870025,0.0627451241016388,0.05722086001187563,0.7675331830978394,-0.00556431915028952,-0.0029078150342684234,0.16632988750934596,nan,0.0,nan,0.0,0
20,160,6848,0.14064393939393938,2560,0.36284500285983085,0.875390625,-0.002843185409437865,0.49921024590730667,0.394140625,-1.0036477476358414,0.5933451533317566,0.0627451241016388,0.05680298861116171,0.7658067762851715,-0.00556431915028952,-0.0027211337408516553,0.16632988750934596,nan,0.0,0.0,0.3689177999913227,0
20,180,6868,0.13988636363636364,2560,0.34110957011580467,0.89921875,-0.0024369703693082555,0.5015148296952248,0.436328125,-1.264877849817276,0.5940070033073426,0.0627451241016388,0.0550648033618927,0.7633335739374161,-0.005392814453807659,-0.0029558440844994036,0.16632988750934596,nan,0.0,nan,0.0,0
20,200,6888,0.13912878787878788,2560,0.384996085613966,0.87265625,-0.009171199635602534,0.4943017438054085,0.444921875,-1.2954931855201721,0.5941557824611664,0.0627451241016388,0.052501098997890946,0.760456770658493,-0.002843185409437865,0.0063280142261646685,0.16632988750934596,nan,0.0,nan,0.0,0
20,220,6908,0.13837121212121214,2560,0.3598653063178062,0.882421875,-0.001325784350046888,0.502792501449585,0.421875,-1.2221643567085265,0.5933557093143463,0.0627451241016388,0.05256465505808592,0.7582730770111084,-0.002843185409437865,-0.001517401059390977,0.16632988750934596,nan,0.0,nan,0.0,0
20,240,6928,0.13761363636363635,2560,0.3639810413122177,0.884375,-0.002712253149366006,0.49859951436519623,0.425,-1.2515735238790513,0.5947418421506881,0.0627451241016388,0.05676290970295668,0.7660257995128632,-0.002656504116021097,5.57490333449092e-05,0.16632988750934596,nan,0.0,nan,0.0,0
20,260,6948,0.13685606060606062,2560,0.35162279978394506,0.88359375,-0.005512906727381051,0.4983546108007431,0.428125,-1.2174386203289032,0.5931598871946335,0.0627451241016388,0.05853340793401003,0.767841425538063,-0.002712253149366006,0.002800653578015045,0.16632988750934596,nan,0.0,0.0,0.37408310000319034,0
20,280,6968,0.13609848484848483,2560,0.34955846816301345,0.88671875,-0.0007997472246643155,0.5026472881436348,0.414453125,-1.1982088357210159,0.5933742702007294,0.0627451241016388,0.05531032904982567,0.7611768394708633,-0.002712253149366006,-0.0019125059247016905,0.16632988750934596,nan,0.0,nan,0.0,0
20,300,6988,0.1353409090909091,2560,0.3285295650362968,0.8921875,-0.004164308909093961,0.4999319866299629,0.3875,-0.9828950554132462,0.5935747981071472,0.0627451241016388,0.059598274528980255,0.7690048784017562,-0.002712253149366006,0.0014520557597279549,0.16632988750934596,nan,0.0,nan,0.0,0
20,320,7008,0.13458333333333333,2560,0.3696835279464722,0.876953125,-0.004764297680230812,0.5003372356295586,0.4,-1.1388217359781265,0.5932963281869889,0.0627451241016388,0.06120976377278566,0.7709893971681595,-0.002712253149366006,0.0020520445308648055,0.16632988750934596,nan,0.0,nan,0.0,0
20,340,7028,0.1338257575757576,2560,0.3669949844479561,0.87890625,-0.003938360442407429,0.49996428191661835,0.421875,-1.1600953876972198,0.5936378717422486,0.0627451241016388,0.05669881850481033,0.7620715498924255,-0.004164308909093961,-0.00022594846668653155,0.16632988750934596,nan,0.0,nan,0.0,0
20,352,7040,0.1333712121212121,1480,0.3720344076285491,0.868918920207668,-0.005925158662973224,0.4989598849335232,0.48513513642388423,-1.3715098767667204,0.5934698043642818,0.0627451241016388,0.055559552783096156,0.7615490600869462,-0.004164308909093961,0.001760849753879263,0.16632988750934596,nan,0.0,0.0,0.3783500000135973,0
21,20,7060,0.13261363636363638,2560,0.32699756175279615,0.88984375,-0.009303390100831166,0.49708354771137236,0.437109375,-1.3143392503261566,0.5938614070415497,0.0627451241016388,0.05559496507048607,0.7605281591415405,-0.004164308909093961,0.005139081191737205,0.16632988750934596,nan,0.0,nan,0.0,0
21,40,7080,0.1318560606060606,2560,0.36765837073326113,0.87890625,-0.000982852972811088,0.5020033687353134,0.453515625,-1.3217343389987946,0.5936006098985672,0.0627451241016388,0.05664246939122677,0.7646566480398178,-0.004764297680230812,-0.0037814447074197236,0.16632988750934596,nan,0.0,nan,0.0,0
21,60,7100,0.13109848484848485,2560,0.33872297778725624,0.8921875,-0.004034948578919284,0.5000286221504211,0.418359375,-1.2566969513893127,0.5931092739105225,0.0627451241016388,0.05747512802481651,0.7662068009376526,-0.004764297680230812,-0.0007293491013115275,0.16632988750934596,nan,0.0,nan,0.0,0
21,80,7120,0.1303409090909091,2560,0.34030375108122823,0.891796875,-0.0054206712637096645,0.4989839032292366,0.390234375,-1.1600251644849777,0.5932650417089462,0.0627451241016388,0.05728694889694452,0.7657147526741028,-0.004034948578919284,0.0013857226847903805,0.16632988750934596,nan,0.0,nan,0.0,0
21,100,7140,0.12958333333333336,2560,0.3335909456014633,0.89375,-0.003852262790314853,0.5004055142402649,0.390625,-1.0746559977531434,0.5937745571136475,0.0627451241016388,0.06075905244797468,0.7698938488960266,-0.0054206712637096645,-0.0015684084733948115,0.16632988750934596,nan,0.0,0.0,0.37116249999962747,0
21,120,7160,0.12882575757575757,2560,0.31232873946428297,0.900390625,-0.006853714282624423,0.49905867129564285,0.380078125,-1.0124156892299652,0.5928192347288131,0.0627451241016388,0.0554564792662859,0.7660366594791412,-0.004034948578919284,0.0028187657037051393,0.16632988750934596,nan,0.0,nan,0.0,0
21,140,7180,0.12806818181818183,2560,0.29926375225186347,0.903125,-0.0035108338488498703,0.4991424739360809,0.41015625,-1.222902664542198,0.5935360193252563,0.0627451241016388,0.06011539492756128,0.772061151266098,-0.004034948578919284,-0.0005241147300694138,0.16632988750934596,nan,0.0,nan,0.0,0
21,160,7200,0.12731060606060604,2560,0.323843627423048,0.900390625,-0.004555279418127611,0.5000680416822434,0.441796875,-1.3673172384500503,0.5924286067485809,0.0627451241016388,0.05692552030086517,0.7699412375688552,-0.004034948578919284,0.0005203308392083272,0.16632988750934596,nan,0.0,nan,0.0,0
21,180,7220,0.1265530303030303,2560,0.35395660772919657,0.888671875,-0.006820353079820052,0.49521676301956175,0.395703125,-1.1364184588193893,0.59378282725811,0.0627451241016388,0.05714867953211069,0.7681375175714493,-0.004555279418127611,0.0022650736616924407,0.16632988750934596,nan,0.0,nan,0.0,0
21,200,7240,0.12579545454545454,2560,0.3630333811044693,0.88671875,0.0021918164333328606,0.5040606319904327,0.380859375,-0.9420474737882614,0.5945572048425675,0.0627451241016388,0.06371051408350467,0.7771833777427674,-0.004555279418127611,-0.006747095851460471,0.16632988750934596,nan,0.0,0.0,0.3729757000110112,0
21,220,7260,0.1250378787878788,2560,0.45838353782892227,0.855859375,0.0012135032156948,0.5016208812594414,0.3796875,-0.9358940601348877,0.5924357384443283,0.0627451241016388,0.06306328605860471,0.7745523571968078,-0.004555279418127611,-0.005768782633822411,0.16632988750934596,nan,0.0,nan,0.0,0
21,240,7280,0.12428030303030302,2560,0.38955737501382826,0.87109375,-0.0009649478655774146,0.49938330352306365,0.394921875,-0.9590797543525695,0.5942487269639969,0.0627451241016388,0.06337780449539424,0.7729513972997666,-0.0035108338488498703,-0.0025458859832724555,0.16632988750934596,nan,0.0,nan,0.0,0
21,260,7300,0.12352272727272728,2560,0.3634202927350998,0.880859375,-0.001920167967909947,0.5008032605051994,0.409375,-1.145412129163742,0.5926197230815887,0.0627451241016388,0.061678042821586135,0.7708872258663177,-0.0009649478655774146,0.0009552201023325324,0.16632988750934596,nan,0.0,nan,0.0,0
21,280,7320,0.12276515151515151,2560,0.30529833361506464,0.8921875,-0.007542008953168988,0.4975408032536507,0.429296875,-1.228595781326294,0.5924038201570511,0.0627451241016388,0.060112758353352544,0.7695233553647995,-0.0009649478655774146,0.006577061087591574,0.16632988750934596,nan,0.0,nan,0.0,0
21,300,7340,0.12200757575757577,2560,0.3478394255042076,0.889453125,-0.0037590574473142626,0.4992839962244034,0.398828125,-1.1016911745071412,0.5926474452018737,0.0627451241016388,0.05851480104029179,0.7659856766462326,-0.0009649478655774146,0.002794109581736848,0.16632988750934596,nan,0.0,0.0,0.3764958000101615,0
21,320,7360,0.12125,2560,0.30580611899495125,0.9078125,-0.0032269329705741255,0.49912708401679995,0.377734375,-1.0825842410326003,0.5925145745277405,0.0627451241016388,0.06008401792496443,0.7677578240633011,-0.001920167967909947,0.0013067650026641784,0.16632988750934596,nan,0.0,nan,0.0,0
21,340,7380,0.12049242424242426,2560,0.29823190346360207,0.901171875,-0.00442052157886792,0.4988988384604454,0.40078125,-1.108934161067009,0.5918990045785903,0.0627451241016388,0.05778554640710354,0.7646430283784866,-0.0032269329705741255,0.0011935886082937944,0.16632988750934596,nan,0.0,nan,0.0,0
21,352,7392,0.12003787878787878,1480,0.33841292842014414,0.883783782817222,-0.0005676643646045311,0.502904414808428,0.4202702701091766,-1.1966762877799368,0.5927791779105728,0.0627451241016388,0.05562570103116938,0.7614670766366495,-0.0037590574473142626,-0.0031913930827097313,0.16632988750934596,nan,0.0,nan,0.0,0
22,20,7412,0.11928030303030304,2560,0.32372370511293413,0.890625,-0.0017815899016568437,0.4986538112163544,0.403125,-1.1905383914709091,0.5935941249132156,0.0627451241016388,0.054686077125370505,0.7595476299524307,-0.0037590574473142626,-0.0019774675456574187,0.16632988750934596,nan,0.0,nan,0.0,0
22,40,7432,0.11852272727272727,2560,0.33725291192531587,0.89140625,-0.005113616172457114,0.4982610210776329,0.41171875,-1.1921258807182311,0.5936378747224808,0.0627451241016388,0.05620269142091274,0.7620807945728302,-0.0032269329705741255,0.0018866832018829887,0.16632988750934596,nan,0.0,0.0,0.3805238999775611,0
22,60,7452,0.11776515151515153,2560,0.3049002654850483,0.9046875,-0.006315234338399023,0.49860714077949525,0.380859375,-1.0939572364091874,0.593152129650116,0.0627451241016388,0.056079369969666004,0.7638319194316864,-0.0032269329705741255,0.003088301367824897,0.16632988750934596,nan,0.0,nan,0.0,0
22,80,7472,0.11700757575757575,2560,0.3050577506422997,0.9046875,-0.004396808892488479,0.5007184520363808,0.3765625,-1.044411090016365,0.5929067224264145,0.0627451241016388,0.057056208699941637,0.7652443170547485,-0.00442052157886792,-2.371268637944065e-05,0.16632988750934596,nan,0.0,nan,0.0,0
22,100,7492,0.11625000000000002,2560,0.36318333372473716,0.888671875,-0.006054119404871017,0.500493761897087,0.39453125,-1.0021444022655488,0.5932017177343368,0.0627451241016388,0.05666658952832222,0.7659629046916961,-0.004396808892488479,0.0016573105123825378,0.16632988750934596,nan,0.0,nan,0.0,0
22,120,7512,0.11549242424242423,2560,0.31447003930807116,0.901171875,-0.004193331778515131,0.4985272854566574,0.384765625,-1.0187200039625168,0.594156289100647,0.0627451241016388,0.06042869500815869,0.770762237906456,-0.005113616172457114,-0.0009202843939419836,0.16632988750934596,nan,0.0,nan,0.0,0
22,140,7532,0.1147348484848485,2560,0.30695442855358124,0.901171875,-0.008477254695026203,0.49720473140478133,0.370703125,-0.9561979830265045,0.5934882014989853,0.0627451241016388,0.0578945467248559,0.7665984362363816,-0.005113616172457114,0.003363638522569089,0.16632988750934596,nan,0.0,0.0,0.3713865000172518,0
22,160,7552,0.11397727272727272,2560,0.32141887992620466,0.89765625,-0.0033881219511386006,0.4980602368712425,0.36796875,-1.061037576198578,0.5935741603374481,0.0627451241016388,0.057477904856204985,0.7661163747310639,-0.006054119404871017,-0.0026659974537324165,0.16632988750934596,nan,0.0,nan,0.0,0
22,180,7572,0.11321969696969698,2560,0.2773236818611622,0.912890625,-0.003341889980947599,0.49994686543941497,0.391015625,-1.094041582942009,0.5928497523069381,0.0627451241016388,0.052789058350026605,0.7593059122562409,-0.004396808892488479,-0.0010549189115408803,0.16632988750934596,nan,0.0,nan,0.0,0
22,200,7592,0.11246212121212121,2560,0.297433952242136,0.903515625,-0.006139952392550186,0.5002802729606628,0.377734375,-1.1000194787979125,0.5923276424407959,0.0627451241016388,0.05945710279047489,0.7703803449869155,-0.004193331778515131,0.001946620614035055,0.16632988750934596,nan,0.0,nan,0.0,0
22,220,7612,0.11170454545454547,2560,0.2777454756200314,0.91015625,-0.006832374015357345,0.4993822857737541,0.38359375,-1.0781621664762497,0.5931139886379242,0.0627451241016388,0.06228504683822393,0.7776753932237626,-0.004193331778515131,0.0026390422368422145,0.16632988750934596,nan,0.0,nan,0.0,0
22,240,7632,0.1109469696969697,2560,0.2639178767800331,0.911328125,-0.004884951584972441,0.49903985410928725,0.390234375,-1.1612213730812073,0.5932833552360535,0.0627451241016388,0.065314488299191,0.7797790557146073,-0.006139952392550186,-0.0012550008075777443,0.16632988750934596,nan,0.0,0.0,0.3658588999824133,0
22,260,7652,0.11018939393939396,2560,0.32472494766116144,0.88984375,-0.006348638268536888,0.49896114617586135,0.400390625,-1.2352979183197021,0.5933778315782547,0.0627451241016388,0.05886256229132414,0.7675988525152206,-0.004884951584972441,0.0014636866835644469,0.16632988750934596,nan,0.0,nan,0.0,0
22,280,7672,0.10943181818181819,2560,0.2981137730181217,0.90390625,-0.005569980922155082,0.49796741753816604,0.423828125,-1.2798429787158967,0.5924995601177215,0.0627451241016388,0.05580231379717589,0.7634854733943939,-0.006139952392550186,-0.0005699714703951038,0.16632988750934596,nan,0.0,nan,0.0,0
22,300,7692,0.10867424242424245,2560,0.2646552711725235,0.923046875,-0.007529293571133166,0.4970370143651962,0.371875,-1.0290485322475433,0.5927751153707504,0.0627451241016388,0.05997779630124569,0.77032770216465,-0.006139952392550186,0.0013893411785829805,0.16632988750934596,nan,0.0,nan,0.0,0
22,320,7712,0.10791666666666666,2560,0.2774067647755146,0.91171875,-0.0017777613829821348,0.5017137005925179,0.369140625,-1.0428842693567275,0.593057781457901,0.0627451241016388,0.06164990440011024,0.7714406073093414,-0.006348638268536888,-0.004570876885554753,0.16632988750934596,nan,0.0,nan,0.0,0
22,340,7732,0.10715909090909093,2560,0.2869831323623657,0.903515625,-0.005159037213888951,0.4992148205637932,0.390625,-1.1262289464473725,0.5938673853874207,0.0627451241016388,0.060814513079822066,0.7706792742013931,-0.005569980922155082,-0.00041094370826613106,0.16632988750934596,nan,0.0,0.0,0.37171000000671484,0
22,352,7744,0.10670454545454544,1480,0.26619282364845276,0.9148648658314267,-0.013217853331888045,0.494925186601845,0.3722972974583909,-1.130213814168363,0.5933272774155075,0.0627451241016388,0.0636974428553839,0.7752642251349784,-0.005569980922155082,0.007647872409732963,0.16632988750934596,nan,0.0,nan,0.0,0
23,20,7764,0.1059469696969697,2560,0.2802724115550518,0.89765625,-0.004042314842808992,0.5024944454431534,0.385546875,-1.1038347899913787,0.5917947292327881,0.0627451241016388,0.06505637373775244,0.777946075797081,-0.005569980922155082,-0.00152766607934609,0.16632988750934596,nan,0.0,nan,0.0,0
23,40,7784,0.10518939393939393,2560,0.2994483642280102,0.901953125,-0.011134419930749572,0.49574141204357147,0.362890625,-1.0080083698034286,0.5925000697374344,0.0627451241016388,0.06494825929403306,0.7783208668231965,-0.005159037213888951,0.005975382716860622,0.16632988750934596,nan,0.0,nan,0.0,0
23,60,7804,0.1044318181818182,2560,0.3197322182357311,0.898046875,-0.0035995648824609814,0.5005139812827111,0.39921875,-1.1509348392486571,0.5933849513530731,0.0627451241016388,0.060267654806375505,0.7699798047542572,-0.005159037213888951,-0.0015594723314279694,0.16632988750934596,nan,0.0,nan,0.0,0
23,80,7824,0.10367424242424242,2560,0.28765272349119186,0.903515625,-0.003528742556227371,0.497821056842804,0.371875,-1.0544350475072861,0.5925333797931671,0.0627451241016388,0.06032311506569386,0.7697746872901916,-0.005159037213888951,-0.0016302946576615797,0.16632988750934596,nan,0.0,0.0,0.3689948999963235,0
23,100,7844,0.10291666666666668,2560,0.2925498723983765,0.90625,-0.001601476757787168,0.5007199749350548,0.370703125,-1.0205832690000534,0.5926624506711959,0.0627451241016388,0.05937990862876177,0.7687127470970154,-0.004042314842808992,-0.0024408380850218236,0.16632988750934596,nan,0.0,nan,0.0,0
23,120,7864,0.10215909090909091,2560,0.299780510365963,0.902734375,-0.008414916557376273,0.49685403108596804,0.38984375,-1.1923343360424041,0.5930561244487762,0.0627451241016388,0.06637860797345638,0.7804463505744934,-0.0035995648824609814,0.004815351674915292,0.16632988750934596,nan,0.0,nan,0.0,0
23,140,7884,0.10140151515151517,2560,0.2834464304149151,0.905859375,-0.008389619205263443,0.49709156304597857,0.384375,-1.1661683678627015,0.5929093837738038,0.0627451241016388,0.05939298570156097,0.7700227707624435,-0.0035995648824609814,0.004790054322802461,0.16632988750934596,nan,0.0,nan,0.0,0
23,160,7904,0.1006439393939394,2560,0.32035228312015535,0.8953125,-0.004161952453432605,0.5004067867994308,0.398046875,-1.1236972093582154,0.5930121302604675,0.0627451241016388,0.06517457459121942,0.7782983601093292,-0.0035995648824609814,0.0005623875709716234,0.16632988750934596,nan,0.0,nan,0.0,0
23,180,7924,0.09988636363636366,2560,0.30159682855010034,0.90078125,-0.004493842914234847,0.49766910821199417,0.36484375,-1.046454280614853,0.5923214137554169,0.0627451241016388,0.06405078358948231,0.7763228416442871,-0.004161952453432605,0.00033189046080224233,0.16632988750934596,nan,0.0,0.0,0.3760926999966614,0
23,200,7944,0.09912878787878787,2560,0.26342843621969225,0.9140625,-0.007257895852671936,0.4966170132160187,0.403125,-1.2089383512735368,0.5925813257694245,0.0627451241016388,0.06392804104834796,0.7766684889793396,-0.004493842914234847,0.002764052938437089,0.16632988750934596,nan,0.0,nan,0.0,0
23,220,7964,0.09837121212121214,2560,0.261950596421957,0.919140625,0.0009327476611360908,0.5023708447813988,0.382421875,-1.1069358319044114,0.5935314387083054,0.0627451241016388,0.0660914819687605,0.7789083391427993,-0.007257895852671936,-0.008190643513808027,0.16632988750934596,nan,0.0,nan,0.0,0
23,240,7984,0.09761363636363636,2560,0.3312721073627472,0.892578125,-0.0031067418167367578,0.49934731870889665,0.36328125,-0.9951211601495743,0.5935398310422897,0.0627451241016388,0.06438750773668289,0.7760921031236648,-0.004493842914234847,-0.0013871010974980894,0.16632988750934596,nan,0.0,nan,0.0,0
23,260,8004,0.09685606060606063,2560,0.2529557034373283,0.91171875,-0.004200407169992104,0.498951356112957,0.369921875,-1.0593694239854812,0.593646639585495,0.0627451241016388,0.06312888041138649,0.7723938018083573,-0.004161952453432605,3.84547165594995e-05,0.16632988750934596,nan,0.0,nan,0.0,0
23,280,8024,0.09609848484848485,2560,0.27388780638575555,0.9125,-0.005349817837122827,0.500195962190628,0.376171875,-1.1026593178510666,0.59261654317379,0.0627451241016388,0.0631374204531312,0.7748874068260193,-0.004200407169992104,0.001149410667130723,0.16632988750934596,nan,0.0,0.0,0.37349950001225807,0
23,300,8044,0.09534090909090912,2560,0.30048821270465853,0.9015625,-0.003532198548782617,0.49930510520935056,0.391015625,-1.0910921931266784,0.5932954311370849,0.0627451241016388,0.06494131404906511,0.7778939336538315,-0.004200407169992104,-0.0006682086212094875,0.16632988750934596,nan,0.0,nan,0.0,0
23,320,8064,0.09458333333333334,2560,0.26982514262199403,0.91015625,-0.002408543150522746,0.5015121623873711,0.39609375,-1.1668597787618638,0.5922261744737625,0.0627451241016388,0.06171204317361116,0.7727779924869538,-0.003532198548782617,-0.0011236553982598707,0.16632988750934596,nan,0.0,nan,0.0,0
23,340,8084,0.0938257575757576,2560,0.26632915437221527,0.909375,-0.010207816760521382,0.4969427853822708,0.356640625,-0.9984390556812286,0.5937698572874069,0.0627451241016388,0.060723050497472286,0.7711414992809296,-0.003532198548782617,0.006675618211738765,0.16632988750934596,nan,0.0,nan,0.0,0
23,352,8096,0.09337121212121212,1480,0.30847814566380266,0.8993243246465116,-0.002028520928846823,0.5009090529905783,0.4243243241632307,-1.238179889885155,0.5918740910452766,0.0627451241016388,0.05958884253695204,0.7709391023661639,-0.004200407169992104,-0.0021718862411452813,0.16632988750934596,nan,0.0,nan,0.0,0
24,20,8116,0.09261363636363638,2560,0.27454845383763316,0.9171875,0.0030509289063047618,0.503006762266159,0.370703125,-1.0444405555725098,0.5931579768657684,0.0627451241016388,0.06126525178551674,0.7717909306287766,-0.003532198548782617,-0.006583127455087379,0.16632988750934596,nan,0.0,0.0,0.37261510000098497,0
24,40,8136,0.09185606060606061,2560,0.28822456672787666,0.913671875,-0.003826636075973511,0.49681385308504106,0.380859375,-1.0300573408603668,0.5928070276975632,0.0627451241016388,0.06387426443397999,0.7757684737443924,-0.002408543150522746,0.0014180929254507648,0.16632988750934596,nan,0.0,nan,0.0,0
24,60,8156,0.09109848484848487,2560,0.2971993125975132,0.901953125,-0.0071959065535338596,0.4965905651450157,0.384765625,-1.011240428686142,0.5917059749364852,0.0627451241016388,0.06391304098069668,0.7760413408279419,-0.002408543150522746,0.004787363403011113,0.16632988750934596,nan,0.0,nan,0.0,0
24,80,8176,0.09034090909090908,2560,0.31726946085691454,0.895703125,-0.002025457948911935,0.4990300640463829,0.36328125,-0.9934299111366272,0.5946346521377563,0.0627451241016388,0.06405461430549622,0.7751701682806015,-0.003826636075973511,-0.0018011781270615757,0.16632988750934596,nan,0.0,nan,0.0,0
24,100,8196,0.08958333333333335,2560,0.33310716599226,0.891015625,-0.00212774439714849,0.5005998089909554,0.363671875,-0.9444194942712784,0.5937412470579148,0.0627451241016388,0.0619890283793211,0.7733081609010697,-0.002028520928846823,9.922346830166682e-05,0.16632988750934596,nan,0.0,nan,0.0,0
24,120,8216,0.08882575757575757,2560,0.3616347938776016,0.881640625,-0.005424093955662101,0.49863715171813966,0.375,-1.0015309303998947,0.5937951594591141,0.0627451241016388,0.05884004104882479,0.7684576988220215,-0.00212774439714849,0.0032963495585136113,0.16632988750934596,nan,0.0,0.0,0.3806091000151355,0
24,140,8236,0.08806818181818184,2560,0.289251846075058,0.90390625,-0.004729134624358267,0.5000577464699745,0.365625,-0.9325242698192596,0.5930580288171768,0.0627451241016388,0.0678771860897541,0.780881530046463,-0.003826636075973511,0.0009024985483847558,0.16632988750934596,nan,0.0,nan,0.0,0
24,160,8256,0.08731060606060606,2560,0.2707893196493387,0.91484375,-0.0016379019711166621,0.5004927456378937,0.362109375,-0.9637340009212494,0.5931603968143463,0.0627451241016388,0.06541715748608112,0.7786193251609802,-0.004729134624358267,-0.0030912326532416047,0.16632988750934596,nan,0.0,nan,0.0,0
24,180,8276,0.08655303030303033,2560,0.3262523770332336,0.89375,0.0018380063585937024,0.5034551173448563,0.39375,-1.0420800864696502,0.5943016231060028,0.0627451241016388,0.06394007112830877,0.776784473657608,-0.00212774439714849,-0.0039657507557421924,0.16632988750934596,nan,0.0,nan,0.0,0
24,200,8296,0.08579545454545455,2560,0.3153734840452671,0.89453125,-0.004307774498010985,0.4964719295501709,0.35234375,-0.9532953172922134,0.593219268321991,0.0627451241016388,0.06089580506086349,0.7711785644292831,-0.00212774439714849,0.0021800301008624953,0.16632988750934596,nan,0.0,nan,0.0,0
24,220,8316,0.08503787878787882,2560,0.33316792622208596,0.892578125,-0.0036302005872130396,0.4984635844826698,0.364453125,-0.9400216817855835,0.5929593563079834,0.0627451241016388,0.06049770545214415,0.7689472168684006,-0.004307774498010985,-0.0006775739107979456,0.16632988750934596,nan,0.0,0.0,0.3707816999813076,0
24,240,8336,0.08428030303030304,2560,0.3451542466878891,0.883203125,-0.0016207554319407791,0.49979389160871507,0.39140625,-1.016715732216835,0.5935021877288819,0.0627451241016388,0.06011779606342316,0.7705617815256118,-0.0036302005872130396,-0.0020094451552722607,0.16632988750934596,nan,0.0,nan,0.0,0
24,260,8356,0.0835227272727273,2560,0.28849455416202546,0.905078125,-0.007782361615682021,0.49614602625370025,0.375,-0.9994415611028671,0.5927281945943832,0.0627451241016388,0.06179494317620993,0.7728160172700882,-0.0016379019711166621,0.006144459644565359,0.16632988750934596,nan,0.0,nan,0.0,0
24,280,8376,0.08276515151515151,2560,0.2858488492667675,0.905859375,0.0017876440950203687,0.5010189220309258,0.34609375,-1.0114630460739136,0.5931975305080414,0.0627451241016388,0.062229033559560776,0.7743581265211106,-0.0036302005872130396,-0.0054178446822334084,0.16632988750934596,nan,0.0,nan,0.0,0
24,300,8396,0.08200757575757578,2560,0.3162493072450161,0.903515625,0.005818268976872787,0.5034705013036728,0.32890625,-0.84570592045784,0.5933015406131744,0.0627451241016388,0.06017948463559151,0.7706780940294266,-0.0036302005872130396,-0.009448469564085828,0.16632988750934596,nan,0.0,nan,0.0,0
24,320,8416,0.08125,2560,0.3117589198052883,0.891796875,-0.004896672314498573,0.49736710339784623,0.347265625,-0.8606024831533432,0.5937327325344086,0.0627451241016388,0.05977362189441919,0.7697079241275787,-0.0016207554319407791,0.0032759168825577945,0.16632988750934596,nan,0.0,0.0,0.369032500020694,0
24,340,8436,0.08049242424242423,2560,0.29026370868086815,0.90390625,-0.002747157303383574,0.49984259605407716,0.355078125,-0.9164107441902161,0.5919658869504929,0.0627451241016388,0.06534289047122002,0.779403555393219,-0.0016207554319407791,0.0011264018714427948,0.16632988750934596,nan,0.0,nan,0.0,0
24,352,8448,0.08003787878787878,1480,0.3060133351667507,0.9000000006443746,-0.006452581482763226,0.49657522536612847,0.3824324329157133,-1.0455561122378787,0.5920843668886133,0.0627451241016388,0.06110365747197254,0.7737847463504688,-0.002747157303383574,0.003705424179379652,0.16632988750934596,nan,0.0,nan,0.0,0
25,20,8468,0.07928030303030305,2560,0.3149504318833351,0.9,-0.0013846429821569473,0.5003359615802765,0.369921875,-1.0078938871622085,0.593465831875801,0.0627451241016388,0.061450608819723126,0.771961298584938,-0.002747157303383574,-0.0013625143212266267,0.16632988750934596,nan,0.0,nan,0.0,0
25,40,8488,0.07852272727272727,2560,0.24761785827577115,0.9171875,-0.0025406876928173007,0.4964890941977501,0.348046875,-0.9333676695823669,0.5921779811382294,0.0627451241016388,0.062278272584080696,0.7738717466592788,-0.002747157303383574,-0.00020646961056627324,0.16632988750934596,nan,0.0,nan,0.0,0
25,60,8508,0.07776515151515154,2560,0.2594775386154652,0.913671875,0.0022570255678147078,0.5014083966612816,0.363671875,-1.018180748820305,0.593942791223526,0.0627451241016388,0.06299121603369713,0.7750508397817611,-0.002747157303383574,-0.005004182871198281,0.16632988750934596,nan,0.0,0.0,0.36725599999772385,0
25,80,8528,0.07700757575757576,2560,0.24068862050771714,0.92421875,-0.003053049824666232,0.49927776157855985,0.335546875,-0.9571495056152344,0.5930047541856766,0.0627451241016388,0.05918464381247759,0.7689554512500762,-0.0025406876928173007,0.0005123621318489312,0.16632988750934596,nan,0.0,nan,0.0,0
25,100,8548,0.07625000000000003,2560,0.28285412341356275,0.909765625,-0.004430009378120303,0.49838500171899797,0.3625,-0.9695381075143814,0.5938213497400284,0.0627451241016388,0.062034337781369686,0.7736298680305481,-0.0025406876928173007,0.001889321685303002,0.16632988750934596,nan,0.0,nan,0.0,0
25,120,8568,0.07549242424242425,2560,0.25009899735450747,0.9171875,-0.0027334792364854367,0.4993566021323204,0.353125,-1.028505653142929,0.5937070429325104,0.0627451241016388,0.06095720585435629,0.7696612894535064,-0.0025406876928173007,0.000192791543668136,0.16632988750934596,nan,0.0,nan,0.0,0
25,140,8588,0.0747348484848485,2560,0.26031512059271333,0.917578125,-0.0035284887126181275,0.5005135983228683,0.32421875,-0.9072471022605896,0.5923286616802216,0.0627451241016388,0.06041854526847601,0.770731508731842,-0.0027334792364854367,0.0007950094761326907,0.16632988750934596,nan,0.0,nan,0.0,0
25,160,8608,0.07397727272727272,2560,0.26716321557760236,0.91015625,0.002273812599014491,0.5018935054540634,0.3453125,-0.9505136609077454,0.593556997179985,0.0627451241016388,0.06299878470599651,0.7759117931127548,-0.003053049824666232,-0.005326862423680722,0.16632988750934596,nan,0.0,0.0,0.37216920001083054,0
25,180,8628,0.07321969696969699,2560,0.29072437435388565,0.90546875,-0.007651864254148677,0.49455466121435165,0.322265625,-0.8484165668487549,0.5927414208650589,0.0627451241016388,0.058124970830976966,0.7659580528736114,-0.003053049824666232,0.004598814429482446,0.16632988750934596,nan,0.0,nan,0.0,0
25,200,8648,0.07246212121212121,2560,0.2494386576116085,0.921484375,0.003616952314041555,0.5006116345524788,0.348046875,-0.9681506425142288,0.5934679806232452,0.0627451241016388,0.06030535660684109,0.7703141272068024,-0.0035284887126181275,-0.007145441026659682,0.16632988750934596,nan,0.0,nan,0.0,0
25,220,8668,0.07170454545454548,2560,0.266613695025444,0.915234375,-0.004052118776598945,0.4996981456875801,0.362109375,-1.0444361716508865,0.5936424463987351,0.0627451241016388,0.0610407842323184,0.7730588853359223,-0.0027334792364854367,0.0013186395401135085,0.16632988750934596,nan,0.0,nan,0.0,0
25,240,8688,0.0709469696969697,2560,0.22706765905022622,0.93125,-0.0007869344612117857,0.4997084438800812,0.32421875,-0.8950132161378861,0.5942760676145553,0.0627451241016388,0.06379582770168782,0.7765790373086929,-0.0035284887126181275,-0.0027415542514063417,0.16632988750934596,nan,0.0,nan,0.0,0
25,260,8708,0.07018939393939393,2560,0.25296272747218607,0.91640625,-0.0013810178483254277,0.4999218136072159,0.355859375,-1.0367661088705062,0.5921898066997529,0.0627451241016388,0.062073604017496106,0.7728019386529923,-0.0007869344612117857,0.0005940833871136421,0.16632988750934596,nan,0.0,0.0,0.3715619999857154,0
25,280,8728,0.06943181818181819,2560,0.2448038559406996,0.927734375,-0.0018933578918222337,0.49796716421842574,0.336328125,-0.9663211524486541,0.593789565563202,0.0627451241016388,0.05985554177314043,0.7713040858507156,-0.0013810178483254277,0.000512340043496806,0.16632988750934596,nan,0.0,nan,0.0,0
25,300,8748,0.0686742424242424,2560,0.27107861414551737,0.9109375,-0.0009900611417833715,0.5002220302820206,0.337890625,-0.9671225816011428,0.5939881861209869,0.0627451241016388,0.06002888195216656,0.7712401449680328,-0.0013810178483254277,-0.00039095670654205623,0.16632988750934596,nan,0.0,nan,0.0,0
25,320,8768,0.06791666666666667,2560,0.244651660323143,0.918359375,-0.003249463372048922,0.49909020960330963,0.354296875,-1.041554906964302,0.5948571681976318,0.0627451241016388,0.05864377599209547,0.7709024757146835,-0.0013810178483254277,0.001868445523723494,0.16632988750934596,nan,0.0,nan,0.0,0
25,340,8788,0.06715909090909089,2560,0.2737386628985405,0.908203125,0.0006281219539232552,0.49986484795808794,0.329296875,-0.8847439348697662,0.5936962336301803,0.0627451241016388,0.0628846475854516,0.7760832011699677,-0.0013810178483254277,-0.002009139802248683,0.16632988750934596,nan,0.0,nan,0.0,0
25,352,8800,0.06670454545454545,1480,0.27595760693421234,0.9155405408627278,-0.0018290292270280218,0.49902366770280376,0.3641891888670019,-0.9833420112326339,0.5932254504513096,0.0627451241016388,0.06202379956438735,0.7746965672518756,-0.0013810178483254277,0.00044801137870259414,0.16632988750934596,nan,0.0,0.0,0.37890119999065064,0
26,20,8820,0.06594696969696971,2560,0.25426135435700414,0.91484375,-0.0037897331014391964,0.49973553121089936,0.329296875,-0.895412203669548,0.5942709803581238,0.0627451241016388,0.06258498392999172,0.7760050743818283,-0.0018290292270280218,0.001960703874411175,0.16632988750934596,nan,0.0,nan,0.0,0
26,40,8840,0.06518939393939394,2560,0.20590454414486886,0.930859375,-0.0016754121956182645,0.5001723155379295,0.322265625,-0.8534064054489136,0.5939127802848816,0.0627451241016388,0.062084391713142395,0.7760177940130234,-0.0018290292270280218,-0.00015361703140975738,0.16632988750934596,nan,0.0,nan,0.0,0
26,60,8860,0.0644318181818182,2560,0.21762338504195214,0.930078125,-0.0009196940227411687,0.4993452847003937,0.326171875,-0.9553544640541076,0.5946579158306122,0.0627451241016388,0.06212106049060821,0.7755819588899613,-0.0018290292270280218,-0.0009093352042868531,0.16632988750934596,nan,0.0,nan,0.0,0
26,80,8880,0.06367424242424242,2560,0.22201619744300843,0.9296875,-0.0003968646371504292,0.5004299268126488,0.32578125,-0.8809212058782577,0.5935683101415634,0.0627451241016388,0.06326723061501979,0.7768972337245941,-0.0016754121956182645,-0.0012785475584678352,0.16632988750934596,nan,0.0,nan,0.0,0
26,100,8900,0.06291666666666669,2560,0.2342050239443779,0.923828125,-0.001491785957477987,0.49841284900903704,0.31328125,-0.8727562725543976,0.5943514734506607,0.0627451241016388,0.06009612008929253,0.772975692152977,-0.0016754121956182645,-0.00018362623814027756,0.16632988750934596,nan,0.0,0.0,0.3718119000259321,0
26,120,8920,0.062159090909090914,2560,0.18842139430344104,0.941015625,0.0021388671215390787,0.503949123620987,0.324609375,-0.9307037562131881,0.5936276942491532,0.0627451241016388,0.060015237890183926,0.7725785166025162,-0.001491785957477987,-0.0036306530790170656,0.16632988750934596,nan,0.0,nan,0.0,0
26,140,8940,0.06140151515151518,2560,0.21631891578435897,0.93203125,-0.0017113124311435967,0.49721617102622984,0.3234375,-0.9144853264093399,0.5943662256002427,0.0627451241016388,0.060727119259536264,0.7733381271362305,-0.0009196940227411687,0.000791618408402428,0.16632988750934596,nan,0.0,nan,0.0,0
26,160,8960,0.060643939393939396,2560,0.23854737170040607,0.923046875,-0.005306674557505176,0.4976870372891426,0.31796875,-0.9184242427349091,0.5930304408073426,0.0627451241016388,0.06258513499051332,0.774105790257454,-0.0009196940227411687,0.004386980534764007,0.16632988750934596,nan,0.0,nan,0.0,0
26,180,8980,0.05988636363636362,2560,0.23203061223030091,0.92578125,-0.0023721980629488825,0.4987292066216469,0.320703125,-0.9209856897592544,0.5930416285991669,0.0627451241016388,0.06050568427890539,0.7721220970153808,-0.001491785957477987,0.0008804121054708956,0.16632988750934596,nan,0.0,nan,0.0,0
26,200,9000,0.059128787878787885,2560,0.2371118277311325,0.923828125,-3.895970876328647e-05,0.5011347591876983,0.3234375,-0.9575500696897506,0.5948873043060303,0.0627451241016388,0.0659839991480112,0.7795671850442887,-0.0017113124311435967,-0.0016723527223803103,0.16632988750934596,nan,0.0,0.0,0.37268390000099316,0
26,220,9020,0.0583712121212121,2560,0.23913084715604782,0.923828125,-0.005580608907621354,0.49572793692350386,0.310546875,-0.8899110227823257,0.5932937800884247,0.0627451241016388,0.06282591503113508,0.7756084501743317,-0.0017113124311435967,0.003869296476477757,0.16632988750934596,nan,0.0,nan,0.0,0
26,240,9040,0.05761363636363637,2560,0.23905894607305528,0.928515625,-0.006364844666677527,0.49777578860521315,0.316015625,-0.9041725665330886,0.5924895137548447,0.0627451241016388,0.061718869023025036,0.7752624064683914,-0.0023721980629488825,0.003992646603728644,0.16632988750934596,nan,0.0,nan,0.0,0
26,260,9060,0.05685606060606059,2560,0.22447465993463994,0.92890625,9.005912579596043e-05,0.5035274669528007,0.32265625,-0.9413724452257156,0.5932646661996841,0.0627451241016388,0.062003316916525365,0.7753742098808288,-0.005306674557505176,-0.005396733683301136,0.16632988750934596,nan,0.0,nan,0.0,0
26,280,9080,0.056098484848484856,2560,0.24933113902807236,0.91484375,0.000949173021945171,0.5015564069151879,0.333984375,-0.934254190325737,0.5938992947340012,0.0627451241016388,0.06015983819961548,0.7715713858604432,-0.0023721980629488825,-0.0033213710848940536,0.16632988750934596,nan,0.0,nan,0.0,0
26,300,9100,0.05534090909090908,2560,0.22710360512137412,0.9296875,-0.004345801030285657,0.4946641445159912,0.29921875,-0.8305461019277572,0.5922981441020966,0.0627451241016388,0.06298583149909973,0.7750197201967239,-3.895970876328647e-05,0.00430684132152237,0.16632988750934596,nan,0.0,0.0,0.3737111999944318,0
26,320,9120,0.054583333333333345,2560,0.22476535104215145,0.9296875,0.001303697400726378,0.5020898312330246,0.30625,-0.8408631324768067,0.5934499323368072,0.0627451241016388,0.062350725196301936,0.7754615426063538,-0.004345801030285657,-0.005649498431012034,0.16632988750934596,nan,0.0,nan,0.0,0
26,340,9140,0.05382575757575756,2560,0.25598955154418945,0.9171875,0.0016160300103365444,0.49898644983768464,0.30703125,-0.8565588265657424,0.5941400080919266,0.0627451241016388,0.060906242579221725,0.7714877098798751,9.005912579596043e-05,-0.001525970884540584,0.16632988750934596,nan,0.0,nan,0.0,0
26,352,9152,0.053371212121212125,1480,0.24796501341703775,0.9162162175049653,-0.004275543821623196,0.49645294047690725,0.30675675675675673,-0.7495313299668802,0.5948004961013794,0.0627451241016388,0.058767015265451895,0.7652303689234966,0.000949173021945171,0.005224716843568367,0.16632988750934596,nan,0.0,nan,0.0,0
27,20,9172,0.05261363636363639,2560,0.2492122121155262,0.91875,5.977835971862078e-05,0.5004529535770417,0.288671875,-0.7751198768615722,0.5927182763814927,0.0627451241016388,0.05965647101402283,0.7678971648216247,0.000949173021945171,0.0008893946622265502,0.16632988750934596,nan,0.0,nan,0.0,0
27,40,9192,0.05185606060606061,2560,0.2147943928837776,0.93125,0.0007745044073089957,0.5028530225157738,0.298046875,-0.8386714190244675,0.5928646296262741,0.0627451241016388,0.06185442619025707,0.7733716905117035,5.977835971862078e-05,-0.000714726047590375,0.16632988750934596,nan,0.0,0.0,0.38129400002071634,0
27,60,9212,0.05109848484848483,2560,0.25309722125530243,0.917578125,-0.0034567479859106244,0.4977025479078293,0.311328125,-0.8425061196088791,0.5921000421047211,0.0627451241016388,0.06312789209187031,0.7761220902204513,0.0007745044073089957,0.0042312523932196205,0.16632988750934596,nan,0.0,nan,0.0,0
27,80,9232,0.050340909090909096,2560,0.21659360006451606,0.926171875,-0.0010571021819487214,0.49996402859687805,0.301171875,-0.8531974852085114,0.59273721575737,0.0627451241016388,0.061850030161440375,0.7714831441640854,5.977835971862078e-05,0.001116880541667342,0.16632988750934596,nan,0.0,nan,0.0,0
27,100,9252,0.04958333333333331,2560,0.22603604719042777,0.927734375,-0.0009897665644530208,0.49929391145706176,0.303515625,-0.8463680058717727,0.5924357354640961,0.0627451241016388,0.06356430798768997,0.7753771066665649,-0.0010571021819487214,-6.733561749570059e-05,0.16632988750934596,nan,0.0,nan,0.0,0
27,120,9272,0.04882575757575758,2560,0.2149305336177349,0.93046875,-0.000960030232090503,0.5004114896059036,0.29140625,-0.7734547287225724,0.5924671351909637,0.0627451241016388,0.0615490710362792,0.7742252707481384,-0.0009897665644530208,-2.9736332362517758e-05,0.16632988750934596,nan,0.0,nan,0.0,0
27,140,9292,0.0480681818181818,2560,0.22835061699151993,0.93046875,-0.0011989681399427355,0.4981729000806808,0.311328125,-0.8546885401010513,0.5934251397848129,0.0627451241016388,0.05819611120969057,0.7692637175321579,-0.0009897665644530208,0.0002092015754897147,0.16632988750934596,nan,0.0,0.0,0.3732157000049483,0
27,160,9312,0.04731060606060607,2560,0.21343177258968354,0.929296875,-0.0003757276921533048,0.5010630458593368,0.294921875,-0.855085700750351,0.594728997349739,0.0627451241016388,0.059236707910895345,0.7680319607257843,-0.0010571021819487214,-0.0006813744897954166,0.16632988750934596,nan,0.0,nan,0.0,0
27,180,9332,0.04655303030303029,2560,0.21577512621879577,0.92890625,-0.0025159415614325552,0.49695906341075896,0.309375,-0.8484537601470947,0.594024932384491,0.0627451241016388,0.05895643774420023,0.7670914530754089,-0.0009897665644530208,0.0015261749969795345,0.16632988750934596,nan,0.0,nan,0.0,0
27,200,9352,0.045795454545454556,2560,0.21196203269064426,0.937109375,0.00046773407666478306,0.5015897288918495,0.3109375,-0.8893400251865387,0.5933981776237488,0.0627451241016388,0.06136544104665518,0.7710928440093994,-0.0009897665644530208,-0.0014575006411178038,0.16632988750934596,nan,0.0,nan,0.0,0
27,220,9372,0.04503787878787877,2560,0.21697574853897095,0.93125,0.0004305354144889861,0.501638300716877,0.317578125,-0.9445523947477341,0.591614556312561,0.0627451241016388,0.06482172310352326,0.7771026402711868,-0.000960030232090503,-0.001390565646579489,0.16632988750934596,nan,0.0,nan,0.0,0
27,240,9392,0.04428030303030304,2560,0.2092696476727724,0.933203125,-0.0018682549940422176,0.500482065975666,0.329296875,-0.9655058711767197,0.5933727443218231,0.0627451241016388,0.0642925838008523,0.7772758871316909,-0.0003757276921533048,0.0014925273018889127,0.16632988750934596,nan,0.0,0.0,0.3683764000015799,0
27,260,9412,0.04352272727272726,2560,0.18338663801550864,0.94140625,-0.00047014902520459145,0.5000827923417092,0.308984375,-0.9173200696706771,0.5941934198141098,0.0627451241016388,0.06101706959307194,0.7742820799350738,-0.0003757276921533048,9.442133305128666e-05,0.16632988750934596,nan,0.0,nan,0.0,0
27,280,9432,0.04276515151515153,2560,0.1945730246603489,0.934375,-0.001336623594397679,0.49888294488191604,0.280859375,-0.8329248189926147,0.5923806697130203,0.0627451241016388,0.060821371898055074,0.7738668590784072,-0.00047014902520459145,0.0008664745691930875,0.16632988750934596,nan,0.0,nan,0.0,0
27,300,9452,0.042007575757575744,2560,0.23050161339342595,0.9265625,-0.0016347461263649166,0.4976560100913048,0.310546875,-0.8722353518009186,0.5933545529842377,0.0627451241016388,0.06112044658511877,0.7741910874843597,-0.00047014902520459145,0.0011645971011603252,0.16632988750934596,nan,0.0,nan,0.0,0
27,320,9472,0.04125000000000001,2560,0.19366213977336882,0.940234375,-0.005442470533307642,0.4959502056241035,0.289453125,-0.8225638270378113,0.5934237331151963,0.0627451241016388,0.06311850342899561,0.7750698834657669,-0.001336623594397679,0.004105846938909963,0.16632988750934596,nan,0.0,nan,0.0,0
27,340,9492,0.04049242424242423,2560,0.17189221531152726,0.94453125,-0.0034483815543353558,0.4999078243970871,0.26796875,-0.7636068299412727,0.5930374354124069,0.0627451241016388,0.06500641070306301,0.7786958813667297,-0.0016347461263649166,0.0018136354279704391,0.16632988750934596,nan,0.0,0.0,0.3745450999995228,0
27,352,9504,0.04003787878787879,1480,0.18693072666993013,0.9405405395739788,-0.0006828504438335831,0.49874566229614054,0.29594594610703956,-0.8259704683278059,0.5934152580596305,0.0627451241016388,0.06535796480807098,0.7789581769221537,-0.0016347461263649166,-0.0009518956825313336,0.16632988750934596,nan,0.0,nan,0.0,0
28,20,9524,0.03928030303030301,2560,0.1685097746551037,0.9453125,-0.00014277307491283864,0.49944459050893786,0.278125,-0.7786080315709114,0.5907336205244065,0.0627451241016388,0.06710522063076496,0.7806552171707153,-0.0016347461263649166,-0.001491973051452078,0.16632988750934596,nan,0.0,nan,0.0,0
28,40,9544,0.03852272727272728,2560,0.165050183609128,0.95,-0.0060970092890784144,0.5002216458320617,0.284765625,-0.878788384795189,0.5930590540170669,0.0627451241016388,0.06599135994911194,0.778589454293251,-0.0016347461263649166,0.004462263162713498,0.16632988750934596,nan,0.0,nan,0.0,0
28,60,9564,0.0377651515151515,2560,0.1826357375830412,0.941015625,4.2372563621029256e-05,0.4998203441500664,0.274609375,-0.7745778232812881,0.5926854610443115,0.0627451241016388,0.06675290167331696,0.779838815331459,-0.0034483815543353558,-0.003490754117956385,0.16632988750934596,nan,0.0,nan,0.0,0
28,80,9584,0.03700757575757576,2560,0.18335741348564624,0.944140625,0.002610893570818007,0.5012609019875527,0.280859375,-0.8273216307163238,0.5919403254985809,0.0627451241016388,0.06494966242462397,0.7773826897144318,-0.0006828504438335831,-0.00329374401465159,0.16632988750934596,nan,0.0,0.0,0.36705900001106784,0
28,100,9604,0.036249999999999984,2560,0.17765924967825414,0.94921875,-0.001667482864286285,0.4996723398566246,0.2703125,-0.7699695438146591,0.5930202662944793,0.0627451241016388,0.06517431810498238,0.7775570660829544,-0.00014277307491283864,0.0015247097893734463,0.16632988750934596,nan,0.0,nan,0.0,0
28,120,9624,0.03549242424242425,2560,0.1632708590477705,0.946875,-0.0054100024688523264,0.4953048825263977,0.2671875,-0.7738289505243301,0.5930235743522644,0.0627451241016388,0.0630926564335823,0.7750404894351959,-0.00014277307491283864,0.005267229393939488,0.16632988750934596,nan,0.0,nan,0.0,0
28,140,9644,0.03473484848484847,2560,0.1744124099612236,0.943359375,0.0022979944653343408,0.5035237744450569,0.2796875,-0.7975160077214241,0.5933267205953598,0.0627451241016388,0.061872807890176774,0.7724709630012512,-0.001667482864286285,-0.003965477329620626,0.16632988750934596,nan,0.0,nan,0.0,0
28,160,9664,0.03397727272727274,2560,0.16272645592689514,0.948828125,-0.004547787306364626,0.4989600032567978,0.27109375,-0.7948002785444259,0.5922313898801803,0.0627451241016388,0.06376447379589081,0.7756427854299546,4.2372563621029256e-05,0.004590159869985655,0.16632988750934596,nan,0.0,nan,0.0,0
28,180,9684,0.033219696969696955,2560,0.16959408149123192,0.9390625,0.0029097078833729027,0.5010588452219963,0.27734375,-0.7900680035352707,0.5944309383630753,0.0627451241016388,0.062084948644042015,0.7735203057527542,-0.001667482864286285,-0.004577190747659188,0.16632988750934596,nan,0.0,0.0,0.3709323999937624,0
28,200,9704,0.03246212121212122,2560,0.162008785828948,0.94921875,-0.0015768565761391073,0.5002807766199112,0.26875,-0.7927468776702881,0.593779906630516,0.0627451241016388,0.06242156308144331,0.7731777667999268,-0.001667482864286285,-9.062628814717768e-05,0.16632988750934596,nan,0.0,nan,0.0,0
28,220,9724,0.031704545454545444,2560,0.18809605874121188,0.940234375,-0.0051894663134589795,0.4977872371673584,0.294140625,-0.8519771516323089,0.5931256860494614,0.0627451241016388,0.06209965031594038,0.7721072494983673,-0.0015768565761391073,0.003612609737319872,0.16632988750934596,nan,0.0,nan,0.0,0
28,240,9744,0.03094696969696971,2560,0.20325109958648682,0.93515625,0.0038274146034382285,0.49972624480724337,0.280078125,-0.7439820468425751,0.5926440089941025,0.0627451241016388,0.060490768402814865,0.7720061957836151,-0.0015768565761391073,-0.005404271179577336,0.16632988750934596,nan,0.0,nan,0.0,0
28,260,9764,0.03018939393939393,2560,0.18882195875048638,0.93984375,-0.003320869116578251,0.49881237000226974,0.273046875,-0.742744305729866,0.5935498744249343,0.0627451241016388,0.06216981932520867,0.7740559756755829,-0.0015768565761391073,0.0017440125404391438,0.16632988750934596,nan,0.0,nan,0.0,0
28,280,9784,0.029431818181818194,2560,0.17086115032434462,0.939453125,0.002535858185729012,0.5028087809681893,0.2546875,-0.7460450559854508,0.5936805874109268,0.0627451241016388,0.061256160773336885,0.7729683965444565,-0.0015768565761391073,-0.004112714761868119,0.16632988750934596,nan,0.0,0.0,0.3715997000108473,0
28,300,9804,0.028674242424242415,2560,0.1643109992146492,0.947265625,-0.00540649306785781,0.4964453563094139,0.25546875,-0.7727346509695053,0.5925143152475357,0.0627451241016388,0.06066838502883911,0.7712879359722138,-0.0015768565761391073,0.003829636491718702,0.16632988750934596,nan,0.0,nan,0.0,0
28,320,9824,0.02791666666666668,2560,0.16452724076807498,0.95,-0.002406406664522365,0.49658789187669755,0.267578125,-0.757100236415863,0.592269915342331,0.0627451241016388,0.0634071571752429,0.7729689568281174,-0.003320869116578251,-0.0009144624520558862,0.16632988750934596,nan,0.0,nan,0.0,0
28,340,9844,0.0271590909090909,2560,0.1751848965883255,0.94375,-0.0005820120335556566,0.49792138636112215,0.262109375,-0.7463610053062439,0.5915734857320786,0.0627451241016388,0.06352495960891247,0.7729821056127548,-0.002406406664522365,-0.0018243946309667082,0.16632988750934596,nan,0.0,nan,0.0,0
28,352,9856,0.02670454545454546,1480,0.1559658977630976,0.9493243233577625,-0.005589244217687362,0.49868891432478624,0.24527027027027026,-0.786588247080107,0.5926148691692867,0.0627451241016388,0.06304462068789714,0.7721628991333214,-0.002406406664522365,0.0031828375531649973,0.16632988750934596,nan,0.0,nan,0.0,0
29,20,9876,0.02594696969696968,2560,0.1486117374151945,0.95078125,0.0007455609389580786,0.5011645182967186,0.27421875,-0.7931404501199723,0.5937489986419677,0.0627451241016388,0.0659712053835392,0.7775491297245025,-0.002406406664522365,-0.0031519676034804434,0.16632988750934596,nan,0.0,0.0,0.37171149998903275,0
29,40,9896,0.025189393939393945,2560,0.16086697056889535,0.942578125,0.004378167807590217,0.5016623318195343,0.265234375,-0.7893560081720352,0.5908906519412994,0.0627451241016388,0.06580203622579575,0.7780470728874207,-0.002406406664522365,-0.0067845744721125815,0.16632988750934596,nan,0.0,nan,0.0,0
29,60,9916,0.024431818181818166,2560,0.17552531883120537,0.944921875,-0.004370012157596648,0.4964346706867218,0.2640625,-0.7271369487047196,0.5921957850456238,0.0627451241016388,0.06544463783502578,0.7778984516859054,-0.0005820120335556566,0.003788000124040991,0.16632988750934596,nan,0.0,nan,0.0,0
29,80,9936,0.02367424242424243,2560,0.17059322092682122,0.944140625,-0.0019712476001586764,0.49833222925662995,0.25,-0.7271674007177353,0.5929701715707779,0.0627451241016388,0.06489053964614869,0.7776737540960312,-0.0005820120335556566,0.0013892355666030197,0.16632988750934596,nan,0.0,nan,0.0,0
29,100,9956,0.022916666666666655,2560,0.1773499332368374,0.941796875,-0.0013975650770589709,0.49863855391740797,0.2453125,-0.7028700649738312,0.593660244345665,0.0627451241016388,0.062492693029344085,0.773388147354126,-0.0019712476001586764,-0.0005736825230997055,0.16632988750934596,nan,0.0,nan,0.0,0
29,120,9976,0.02215909090909092,2560,0.1654243666678667,0.948046875,-0.0028805686975829302,0.5005572110414505,0.237109375,-0.5943266987800598,0.5939949244260788,0.0627451241016388,0.061910486593842504,0.7728939890861511,-0.0013975650770589709,0.0014830036205239594,0.16632988750934596,nan,0.0,0.0,0.37209099999745376,0
29,140,9996,0.02140151515151514,2560,0.15792668480426073,0.94609375,-0.0010522561613470315,0.5021602809429169,0.256640625,-0.6939041972160339,0.592209643125534,0.0627451241016388,0.06355568896979094,0.7755111515522003,-0.0019712476001586764,-0.0009189914388116449,0.16632988750934596,nan,0.0,nan,0.0,0
29,160,10016,0.020643939393939405,2560,0.13985435236245394,0.95703125,-0.001680340970051475,0.49922397285699843,0.253125,-0.6904955416917801,0.5927181363105773,0.0627451241016388,0.06394711397588253,0.7764216452836991,-0.0019712476001586764,-0.0002909066301072015,0.16632988750934596,nan,0.0,nan,0.0,0
29,180,10036,0.019886363636363626,2560,0.1581865359097719,0.95390625,0.000730160583043471,0.5025903210043907,0.25,-0.73550785779953,0.5934292018413544,0.0627451241016388,0.06456571891903877,0.7774971574544907,-0.001680340970051475,-0.002410501553094946,0.16632988750934596,nan,0.0,nan,0.0,0
29,200,10056,0.01912878787878789,2560,0.16945961974561213,0.944140625,-0.0065596543368883434,0.4958146527409554,0.259765625,-0.7252649426460266,0.592424926161766,0.0627451241016388,0.06536988746374846,0.777696380019188,-0.0013975650770589709,0.005162089259829372,0.16632988750934596,nan,0.0,nan,0.0,0
29,220,10076,0.01837121212121211,2560,0.14094810113310813,0.956640625,0.0004453810746781528,0.5023521602153778,0.241796875,-0.682028453052044,0.5932038873434067,0.0627451241016388,0.06525049284100533,0.7781152933835983,-0.001680340970051475,-0.0021257220447296276,0.16632988750934596,nan,0.0,0.0,0.37025680000078864,0
29,240,10096,0.017613636363636376,2560,0.14905246756970883,0.95234375,0.0008713683084351942,0.5012209743261338,0.249609375,-0.7139343470335007,0.5928071588277817,0.0627451241016388,0.06370361428707838,0.7762423366308212,-0.0010522561613470315,-0.0019236244697822258,0.16632988750934596,nan,0.0,nan,0.0,0
29,260,10116,0.016856060606060597,2560,0.1485758438706398,0.95078125,-0.0038047584996093063,0.49585903584957125,0.256640625,-0.7006250500679017,0.5936121851205826,0.0627451241016388,0.0647715251892805,0.7773359030485153,0.0004453810746781528,0.004250139574287459,0.16632988750934596,nan,0.0,nan,0.0,0
29,280,10136,0.016098484848484862,2560,0.1510144207626581,0.953515625,0.0018529405177105218,0.49993223547935484,0.249609375,-0.7653921097517014,0.592535799741745,0.0627451241016388,0.06469302754849196,0.77748743891716,0.0004453810746781528,-0.001407559443032369,0.16632988750934596,nan,0.0,nan,0.0,0
29,300,10156,0.015340909090909084,2560,0.16522873528301715,0.94453125,-0.002359692961908877,0.49906820952892306,0.25859375,-0.7330217227339745,0.5931148737668991,0.0627451241016388,0.06403975430876016,0.7761869788169861,0.0004453810746781528,0.0028050740365870297,0.16632988750934596,nan,0.0,nan,0.0,0
29,320,10176,0.01458333333333335,2560,0.14465138167142869,0.95,-0.0025136521144304425,0.4962190106511116,0.244140625,-0.6674746856093406,0.5925228297710419,0.0627451241016388,0.06370574757456779,0.7758351922035217,0.0004453810746781528,0.0029590331891085953,0.16632988750934596,nan,0.0,0.0,0.3685641000047326,0
29,340,10196,0.01382575757575757,2560,0.14890978410840033,0.953125,-0.0009488696785410866,0.5009840786457062,0.246484375,-0.6690520346164703,0.5933361321687698,0.0627451241016388,0.06479985397309065,0.777019539475441,-0.002359692961908877,-0.0014108232833677902,0.16632988750934596,nan,0.0,nan,0.0,0
29,352,10208,0.01337121212121213,1480,0.1481173649027541,0.9567567577233186,-0.0035115820984985375,0.501271970529814,0.22905405445678814,-0.639942218161918,0.59194360359295,0.0627451241016388,0.06611256845094063,0.7793208715077993,-0.002359692961908877,0.0011518891365896607,0.16632988750934596,nan,0.0,nan,0.0,0
30,20,10228,0.01261363636363635,2560,0.1276871845126152,0.954296875,0.0009309379849582911,0.501352071762085,0.219921875,-0.6344518691301346,0.5921971797943115,0.0627451241016388,0.06531126238405704,0.7789078682661057,-0.002359692961908877,-0.003290630946867168,0.16632988750934596,nan,0.0,nan,0.0,0
30,40,10248,0.011856060606060615,2560,0.1190414696931839,0.962109375,-0.002299283765023574,0.4953183576464653,0.2171875,-0.6224555723369122,0.592769768834114,0.0627451241016388,0.06371762454509736,0.776700472831726,-0.002359692961908877,-6.040919688530275e-05,0.16632988750934596,nan,0.0,nan,0.0,0
30,60,10268,0.011098484848484837,2560,0.12628386300057173,0.962109375,0.0002145464764907956,0.5012105435132981,0.21953125,-0.5965632021427154,0.5929770320653915,0.0627451241016388,0.06341229975223542,0.7760304600000382,-0.002299283765023574,-0.0025138302415143696,0.16632988750934596,nan,0.0,0.0,0.3640350000059698,0
30,80,10288,0.010340909090909102,2560,0.12458997443318368,0.961328125,-0.0023534587235189974,0.5008332774043083,0.23828125,-0.6734951213002205,0.5925157099962235,0.0627451241016388,0.06254898011684418,0.7751446157693863,-0.0009488696785410866,0.0014045890449779109,0.16632988750934596,nan,0.0,nan,0.0,0
30,100,10308,0.009583333333333322,2560,0.127325501665473,0.95859375,0.0018362043163506314,0.5006612271070481,0.232421875,-0.6841898009181022,0.5932987481355667,0.0627451241016388,0.06395598351955414,0.776986026763916,-0.002299283765023574,-0.004135488081374206,0.16632988750934596,nan,0.0,nan,0.0,0
30,120,10328,0.008825757575757587,2560,0.13380269501358272,0.95859375,-0.0017418721108697355,0.49795178025960923,0.2328125,-0.6574772819876671,0.5934122890233994,0.0627451241016388,0.06500757485628128,0.7778292208909988,0.0002145464764907956,0.001956418587360531,0.16632988750934596,nan,0.0,nan,0.0,0
30,140,10348,0.008068181818181808,2560,0.12060668841004371,0.962109375,0.00144843096495606,0.501725149154663,0.21953125,-0.5903740838170052,0.5923952966928482,0.0627451241016388,0.06474452875554562,0.7777860134840011,-0.0017418721108697355,-0.0031903030758257955,0.16632988750934596,nan,0.0,nan,0.0,0
30,160,10368,0.007310606060606073,2560,0.13167298026382923,0.95546875,-0.005336542474105954,0.49682923406362534,0.22578125,-0.6314203619956971,0.5920388787984848,0.0627451241016388,0.06407775394618512,0.7768513083457946,0.0002145464764907956,0.00555108895059675,0.16632988750934596,nan,0.0,0.0,0.36605620000045747,0
30,180,10388,0.006553030303030294,2560,0.1164955971762538,0.961328125,0.004006858916545753,0.5018818110227585,0.23359375,-0.6500999927520752,0.5930022090673447,0.0627451241016388,0.06465631555765868,0.7772823989391326,-0.0017418721108697355,-0.005748731027415488,0.16632988750934596,nan,0.0,nan,0.0,0
30,200,10408,0.005795454545454559,2560,0.12456023152917624,0.957421875,-0.002133635699283332,0.49815051555633544,0.22109375,-0.6156564056873322,0.5929729640483856,0.0627451241016388,0.06427719127386808,0.7774369925260544,0.00144843096495606,0.003582066664239392,0.16632988750934596,nan,0.0,nan,0.0,0
30,220,10428,0.00503787878787878,2560,0.11908277031034231,0.96015625,-0.0002763084543403238,0.49772912412881853,0.216015625,-0.5930620789527893,0.5940231561660767,0.0627451241016388,0.06422198992222547,0.7771936058998108,-0.0017418721108697355,-0.0014655636565294116,0.16632988750934596,nan,0.0,nan,0.0,0
30,240,10448,0.004280303030303046,2560,0.12411890625953674,0.961328125,-0.0037460657535120846,0.4964448407292366,0.225,-0.6319650739431382,0.5925778925418854,0.0627451241016388,0.06442102268338204,0.7769618034362793,-0.0002763084543403238,0.0034697572991717607,0.16632988750934596,nan,0.0,nan,0.0,0
30,260,10468,0.0035227272727272664,2560,0.12564971186220647,0.959375,0.002113592848763801,0.5031947001814843,0.218359375,-0.666182005405426,0.5936030268669128,0.0627451241016388,0.06331780087202787,0.7755047529935837,-0.002133635699283332,-0.0042472285480471324,0.16632988750934596,nan,0.0,0.0,0.3705643000139389,0
30,280,10488,0.0027651515151515317,2560,0.1225426286458969,0.95859375,-0.003362369234673679,0.49871128499507905,0.2234375,-0.6173900157213211,0.5936301112174988,0.0627451241016388,0.06437780521810055,0.7765828311443329,-0.0002763084543403238,0.003086060780333355,0.16632988750934596,nan,0.0,nan,0.0,0
30,300,10508,0.0020075757575757527,2560,0.12207740731537342,0.961328125,-0.0012305953743634746,0.5003854334354401,0.218359375,-0.6718966037034988,0.5930738061666488,0.0627451241016388,0.06392391230911017,0.7759297758340835,-0.002133635699283332,-0.0009030403249198572,0.16632988750934596,nan,0.0,nan,0.0,0
30,320,10528,0.0012500000000000178,2560,0.12322685904800892,0.957421875,-0.001233958767261356,0.5000779613852501,0.21640625,-0.6120227977633477,0.593802148103714,0.0627451241016388,0.06355440635234118,0.7762051194906234,-0.0012305953743634746,3.3633928978814807e-06,0.16632988750934596,nan,0.0,nan,0.0,0
30,340,10548,0.0004924242424242387,2560,0.10775036104023457,0.9640625,0.004406403575558215,0.5054282009601593,0.21796875,-0.6268624350428581,0.5937710016965866,0.0627451241016388,0.06411972101777792,0.7767675817012787,-0.001233958767261356,-0.005640362342819572,0.16632988750934596,nan,0.0,nan,0.0,0
30,352,10560,3.787878787879784e-05,1480,0.09941842036472784,0.9648648638983031,-0.0021191385801176766,0.5014241737288397,0.2378378376767442,-0.6745456181667947,0.5943482743727194,0.0627451241016388,0.06475062462929133,0.777471367088524,-0.0012305953743634746,0.000888543205754202,0.16632988750934596,nan,0.0,0.0,0.37977289999253117,0
