epoch,batch,global_step,lr,window_samples,train_adv_loss,train_adv_acc,free_gradient_cosine,free_gradient_sign_agreement,free_prediction_disagreement,free_attack_loss_gain,free_boundary_fraction,free_delta_linf,control_gradient_participation_ratio,control_gradient_entropy,label_pgd10_acc,label_pgd10_seconds,label_seed,label_batches
1,20,20,0.0007196969696969698,2560,2.8691947937011717,0.0,0.04984525814652443,0.5090132594108582,0.209765625,0.5568763524293899,0.6009205043315887,0.03137257695198059,0.24905043244361877,0.8859028995037079,0.0,9.949844099930488,17000020,1
1,40,40,0.0014772727272727272,2560,2.6427440643310547,0.00546875,0.10317300073802471,0.5243634760379792,0.30546875,0.4284767836332321,0.6005691707134246,0.03137257695198059,0.24318226501345636,0.883998715877533,0.015625,7.851735199918039,17000040,1
1,60,60,0.002234848484848485,2560,2.390942668914795,0.041015625,0.3013941615819931,0.5799921900033951,0.234375,0.2228492170572281,0.6001526117324829,0.03137257695198059,0.2244906671345234,0.8765565752983093,0.0234375,7.691402400028892,17000060,1
1,80,80,0.0029924242424242426,2560,2.2684752464294435,0.120703125,0.5695167765021324,0.6571590602397919,0.197265625,0.12772078290581704,0.6004664361476898,0.03137257695198059,0.17875691875815392,0.850512433052063,0.125,7.974025799892843,17000080,1
1,100,100,0.00375,2560,2.228504943847656,0.153515625,0.7167800575494766,0.7059806942939758,0.194921875,0.11122138313949108,0.6005693048238754,0.03137257695198059,0.14327428936958314,0.8229955285787582,0.171875,7.600612899987027,17000100,1
1,120,120,0.004507575757575758,2560,2.1923052787780763,0.1625,0.7760081321001053,0.7325648218393326,0.165625,0.11428698226809501,0.6004462093114853,0.03137257695198059,0.12682769857347012,0.8090453892946243,0.1484375,7.512494200025685,17000120,1
1,140,140,0.005265151515151515,2560,2.1781457901000976,0.158984375,0.8234124064445496,0.7561990290880203,0.20703125,0.1281928438693285,0.6013108789920807,0.03137257695198059,0.11403125785291195,0.7938203901052475,0.1484375,7.716750300023705,17000140,1
1,160,160,0.006022727272727273,2560,2.146372079849243,0.18671875,0.8462175041437149,0.7740083247423172,0.22734375,0.14220413714647293,0.6009965419769288,0.03137257695198059,0.10654227398335933,0.7825703114271164,0.140625,7.682158699957654,17000160,1
1,180,180,0.0067803030303030315,2560,2.141932559013367,0.20625,0.8551642537117005,0.78560551404953,0.190625,0.13761415258049964,0.6010419428348541,0.03137257695198059,0.10223472714424134,0.779101574420929,0.203125,7.680750800063834,17000180,1
1,200,200,0.007537878787878788,2560,2.116152858734131,0.1953125,0.8660472452640533,0.7946963131427764,0.2015625,0.16823619678616525,0.5999786555767059,0.03137257695198059,0.09390527121722698,0.7686820924282074,0.1484375,7.8087796999607235,17000200,1
1,220,220,0.008295454545454547,2560,2.0870696544647216,0.214453125,0.8827161401510238,0.806397768855095,0.185546875,0.17527207285165786,0.601754653453827,0.03137257695198059,0.09115877971053124,0.7640307515859603,0.15625,7.97746839991305,17000220,1
1,240,240,0.009053030303030304,2560,2.0848257541656494,0.21171875,0.888866725564003,0.8137710809707641,0.1890625,0.17463264092803002,0.6006691157817841,0.03137257695198059,0.08546782732009887,0.7591170847415925,0.15625,8.001157799968496,17000240,1
1,260,260,0.009810606060606061,2560,2.0582897663116455,0.223828125,0.8892262578010559,0.8204639583826066,0.20625,0.1900264821946621,0.6025867700576782,0.03137257695198059,0.0888515755534172,0.7669424146413804,0.234375,7.966940799960867,17000260,1
1,280,280,0.010568181818181819,2560,2.0454259872436524,0.228125,0.8957703202962876,0.8275158137083054,0.20390625,0.1954528033733368,0.6024568170309067,0.03137257695198059,0.08608274273574353,0.767050489783287,0.1875,8.266903799958527,17000280,1
1,300,300,0.011325757575757576,2560,2.010952091217041,0.251953125,0.8965660870075226,0.8322565883398056,0.175390625,0.20748929530382157,0.6025018274784089,0.03137257695198059,0.08474124036729336,0.76222223341465,0.1875,8.23221329995431,17000300,1
1,320,320,0.012083333333333335,2560,1.9998954772949218,0.241796875,0.8998770087957382,0.8351626247167587,0.187109375,0.20638512223958969,0.6032055109739304,0.03137257695198059,0.08166866786777974,0.7599265336990356,0.1875,8.69448960002046,17000320,1
1,340,340,0.012840909090909092,2560,2.020970916748047,0.24453125,0.8996884852647782,0.8339246273040771,0.20859375,0.21407243385910987,0.6057518154382706,0.03137257695198059,0.08104987293481827,0.7596789240837097,0.265625,7.595523099997081,17000340,1
1,352,352,0.013295454545454548,1480,1.9794964713019294,0.25472972972972974,0.8988338064503025,0.8331934616372392,0.19594594570430549,0.21280467043051848,0.6080256420212823,0.03137257695198059,0.0772851325772904,0.7569917991354659,0.2421875,7.716597600025125,17000352,1
2,20,372,0.014053030303030303,2560,1.9866917133331299,0.24375,0.9096988171339035,0.8425725430250168,0.1984375,0.2125357650220394,0.6038009852170945,0.03137257695198059,0.07862579673528672,0.7575260490179062,0.21875,8.04430210008286,17000372,1
2,40,392,0.01481060606060606,2560,1.9894835472106933,0.24296875,0.9144046634435654,0.8471000909805297,0.19140625,0.23074171915650368,0.6024554133415222,0.03137257695198059,0.07814216576516628,0.7574272006750107,0.1875,7.814846499939449,17000392,1
2,60,412,0.015568181818181818,2560,1.9817094802856445,0.2421875,0.9129345029592514,0.8488006740808487,0.203515625,0.23204268217086793,0.6022725641727448,0.03137257695198059,0.07733196765184402,0.7585187971591949,0.21875,7.679502599989064,17000412,1
2,80,432,0.016325757575757577,2560,1.989035701751709,0.239453125,0.9053371131420136,0.8457063227891922,0.2140625,0.2420485161244869,0.6045467585325242,0.03137257695198059,0.07931810095906258,0.7631983518600464,0.2109375,7.772592399967834,17000432,1
2,100,452,0.017083333333333336,2560,1.975287091732025,0.244921875,0.9080477684736252,0.8491331934928894,0.213671875,0.2398095466196537,0.6048477381467819,0.03137257695198059,0.07780616581439972,0.7595222413539886,0.21875,7.597824500058778,17000452,1
2,120,472,0.01784090909090909,2560,1.927640151977539,0.262109375,0.9071158319711685,0.8486894190311431,0.206640625,0.24500372037291526,0.6046856075525284,0.03137257695198059,0.0778986606746912,0.7614252775907516,0.234375,7.52727620000951,17000472,1
2,140,492,0.018598484848484847,2560,1.9731120109558105,0.25390625,0.9177255928516388,0.8534822016954422,0.20703125,0.24167987406253816,0.6027917444705964,0.03137257695198059,0.07612800784409046,0.7563086003065109,0.203125,7.626083299983293,17000492,1
2,160,512,0.01935606060606061,2560,1.9813617706298827,0.25390625,0.9134050726890564,0.8546798884868622,0.203515625,0.2415682293474674,0.6049104273319245,0.03137257695198059,0.0781230479478836,0.760384401679039,0.203125,7.63902469992172,17000512,1
2,180,532,0.020113636363636365,2560,1.9469238758087157,0.26171875,0.9206275194883347,0.8587747097015381,0.17734375,0.24285800382494926,0.6012682884931564,0.03137257695198059,0.07202950455248355,0.7523234128952027,0.1953125,7.818457300076261,17000532,1
2,200,552,0.020871212121212124,2560,1.9221343338489532,0.265234375,0.9191723346710206,0.8579436153173446,0.210546875,0.24814968705177307,0.6038613826036453,0.03137257695198059,0.07672973200678826,0.7570227026939392,0.2421875,7.621163500007242,17000552,1
2,220,572,0.02162878787878788,2560,1.9644896507263183,0.25625,0.9203592002391815,0.8569337397813797,0.208203125,0.25848389118909837,0.6054189234972001,0.03137257695198059,0.07188653461635112,0.7528433531522751,0.2421875,7.585099199903198,17000572,1
2,240,592,0.02238636363636364,2560,1.9442547798156737,0.255859375,0.9162335097789764,0.8551922023296357,0.187890625,0.24932864010334016,0.6036850154399872,0.03137257695198059,0.07188553251326084,0.7517110884189606,0.234375,7.694611800019629,17000592,1
2,260,612,0.023143939393939397,2560,1.8976368665695191,0.275,0.9162193983793259,0.856503701210022,0.205859375,0.261476906388998,0.6069318294525147,0.03137257695198059,0.07611675933003426,0.75943343937397,0.2265625,7.556932399980724,17000612,1
2,280,632,0.023901515151515153,2560,1.937318706512451,0.26875,0.9222452491521835,0.8636591821908951,0.200390625,0.2567868560552597,0.6022631615400315,0.03137257695198059,0.07997846007347106,0.7665551215410232,0.2421875,8.01165950007271,17000632,1
2,300,652,0.02465909090909091,2560,1.931107187271118,0.273046875,0.920992961525917,0.8617033809423447,0.196875,0.2586146526038647,0.6011669337749481,0.03137257695198059,0.07186428755521775,0.7526226609945297,0.2578125,7.584911799989641,17000652,1
2,320,672,0.025416666666666667,2560,1.9094313383102417,0.275,0.9188247948884964,0.8609076380729676,0.19609375,0.27043250724673273,0.6054805904626847,0.03137257695198059,0.07340014018118382,0.754840824007988,0.296875,7.736411600024439,17000672,1
2,340,692,0.026174242424242423,2560,1.9103190660476685,0.2734375,0.9222695589065552,0.8615553736686706,0.2125,0.26877265274524687,0.6033275812864304,0.03137257695198059,0.07072197198867798,0.7506276339292526,0.2421875,8.560458299936727,17000692,1
2,352,704,0.02662878787878788,1480,1.9006476724469983,0.2716216211383407,0.9241418261785765,0.8662329480454728,0.22702702767140157,0.2722023735175262,0.6019955847714399,0.03137257695198059,0.07645597147780496,0.7612945811168568,0.25,7.826465300051495,17000704,1
3,20,724,0.02738636363636364,2560,1.9323455333709716,0.27890625,0.9185231000185012,0.861367815732956,0.210546875,0.2670867323875427,0.6014749050140381,0.03137257695198059,0.07501445785164833,0.7606384485960007,0.234375,8.037584899924695,17000724,1
3,40,744,0.028143939393939395,2560,1.9081012964248658,0.262890625,0.9201954871416091,0.8654200434684753,0.21015625,0.28137733936309817,0.5999290645122528,0.03137257695198059,0.07819044962525368,0.7651741325855255,0.2109375,8.015746399993077,17000744,1
3,60,764,0.02890151515151515,2560,1.8975241422653197,0.276171875,0.9223079860210419,0.8636622309684754,0.198046875,0.27020775303244593,0.6061205744743348,0.03137257695198059,0.07787327133119107,0.7642085075378418,0.2421875,7.71070639998652,17000764,1
3,80,784,0.02965909090909091,2560,1.8851854801177979,0.290234375,0.9170714169740677,0.8613486140966415,0.20859375,0.2816751264035702,0.5999628931283951,0.03137257695198059,0.07906027175486088,0.7677286356687546,0.265625,8.493915500002913,17000784,1
3,100,804,0.030416666666666665,2560,1.8809495210647582,0.279296875,0.9206481158733368,0.8628491938114167,0.22421875,0.2861832767724991,0.6008986353874206,0.03137257695198059,0.07205142229795455,0.7552346855401992,0.234375,7.945309300092049,17000804,1
3,120,824,0.031174242424242427,2560,1.888519287109375,0.271484375,0.9160446047782898,0.8635579645633698,0.217578125,0.2860704503953457,0.6041846185922622,0.03137257695198059,0.07278720661997795,0.758001857995987,0.2578125,8.207476099953055,17000824,1
3,140,844,0.031931818181818186,2560,1.9290007829666138,0.2703125,0.9176645845174789,0.8619854182004929,0.203125,0.3023990884423256,0.6018720149993897,0.03137257695198059,0.06846838518977165,0.7503090083599091,0.2734375,7.834139399928972,17000844,1
3,160,864,0.03268939393939394,2560,1.9097554445266725,0.278515625,0.9166342854499817,0.867281237244606,0.2078125,0.2930619463324547,0.6028792232275009,0.03137257695198059,0.07350247390568257,0.7605669587850571,0.28125,7.776911200024188,17000864,1
3,180,884,0.0334469696969697,2560,1.862070918083191,0.305859375,0.9208477228879929,0.8665767848491669,0.22265625,0.29319891184568403,0.6026152521371841,0.03137257695198059,0.07500641159713269,0.7597116231918335,0.2265625,7.755087000085041,17000884,1
3,200,904,0.03420454545454545,2560,1.8750882148742676,0.28984375,0.9192303478717804,0.8628085017204284,0.20546875,0.2978915810585022,0.5988837122917176,0.03137257695198059,0.06949262451380492,0.75302494764328,0.2578125,7.760419300058857,17000904,1
3,220,924,0.034962121212121215,2560,1.8853487491607666,0.285546875,0.920003068447113,0.8624064356088639,0.216796875,0.2914897248148918,0.6021803736686706,0.03137257695198059,0.07353700660169124,0.7595786273479461,0.28125,7.939261500025168,17000924,1
3,240,944,0.03571969696969697,2560,1.8460236549377442,0.28671875,0.9153495609760285,0.8604583948850631,0.21484375,0.29400392025709154,0.5979980736970901,0.03137257695198059,0.06880248468369246,0.7550115436315536,0.28125,7.892035900033079,17000944,1
3,260,964,0.036477272727272726,2560,1.863997745513916,0.29140625,0.9132815778255463,0.8610840022563935,0.2234375,0.31968373656272886,0.5985728085041047,0.03137257695198059,0.07143573388457299,0.7584597438573837,0.265625,7.7258755000075325,17000964,1
3,280,984,0.03723484848484849,2560,1.8624125003814698,0.296875,0.9124034643173218,0.8582045435905457,0.22578125,0.31090208888053894,0.6019722193479538,0.03137257695198059,0.06550554800778627,0.7479793190956116,0.3046875,7.652677699923515,17000984,1
3,300,1004,0.037992424242424244,2560,1.8274074792861938,0.30625,0.9188323646783829,0.8629474818706513,0.201953125,0.2878838464617729,0.5980152308940887,0.03137257695198059,0.07007449492812157,0.756411823630333,0.2109375,7.677859500050545,17001004,1
3,320,1024,0.03875000000000001,2560,1.8295377373695374,0.295703125,0.9170801430940628,0.8635526269674301,0.228515625,0.3212417885661125,0.6023805141448975,0.03137257695198059,0.06637452412396669,0.7499936670064926,0.296875,7.738413700019009,17001024,1
3,340,1044,0.03950757575757576,2560,1.8166904687881469,0.325390625,0.9139920473098755,0.8598143428564071,0.216015625,0.32167071998119356,0.59952712059021,0.03137257695198059,0.06605192013084889,0.7508685201406479,0.28125,7.5367078999988735,17001044,1
3,352,1056,0.03996212121212121,1480,1.8063535516326492,0.3033783783783784,0.9123973836769929,0.8563239203917014,0.2425675677286612,0.3214251600407265,0.6055411325918661,0.031372576770750255,0.06547631379720327,0.750547723834579,0.2734375,7.6155761000700295,17001056,1
4,20,1076,0.040719696969696975,2560,1.797734946012497,0.31171875,0.9123451292514801,0.8570289820432663,0.223046875,0.3261663869023323,0.5989216059446335,0.03137257695198059,0.0630570562556386,0.7466017872095108,0.2578125,8.130284499959089,17001076,1
4,40,1096,0.04147727272727273,2560,1.8227281808853149,0.308203125,0.9126273542642593,0.8577940881252288,0.215234375,0.32360856533050536,0.6042422205209732,0.03137257695198059,0.06619633007794619,0.7512206852436065,0.28125,7.762588300043717,17001096,1
4,60,1116,0.042234848484848486,2560,1.7977985799312592,0.313671875,0.9107317149639129,0.8555345088243484,0.210546875,0.32546834647655487,0.5989024043083191,0.03137257695198059,0.06762972101569176,0.7525492310523987,0.296875,7.8287371000042185,17001116,1
4,80,1136,0.04299242424242425,2560,1.7780234456062316,0.31796875,0.9135922372341156,0.8538285791873932,0.2265625,0.3249352052807808,0.6000559717416764,0.03137257695198059,0.06256115864962339,0.7456839859485627,0.265625,7.711122199892998,17001136,1
4,100,1156,0.043750000000000004,2560,1.8095285415649414,0.31328125,0.9139529824256897,0.8591678768396378,0.226953125,0.3181289196014404,0.6000314325094223,0.03137257695198059,0.06563450582325459,0.7500224143266678,0.28125,7.65003710007295,17001156,1
4,120,1176,0.04450757575757576,2560,1.8095151424407958,0.30625,0.9081115096807479,0.8552152276039123,0.243359375,0.3424594566226006,0.5992215633392334,0.03137257695198059,0.06280218530446291,0.7469115704298019,0.2734375,7.694530099979602,17001176,1
4,140,1196,0.045265151515151515,2560,1.8102766752243042,0.309765625,0.9098411321640014,0.8539020717144012,0.235546875,0.31830603182315825,0.6015149563550949,0.03137257695198059,0.06310840658843517,0.7461865991353989,0.28125,7.741341199958697,17001196,1
4,160,1216,0.04602272727272727,2560,1.788871133327484,0.32734375,0.9082954943180084,0.8539027094841003,0.23046875,0.3274387061595917,0.5972427576780319,0.03137257695198059,0.06644566040486097,0.7536378622055053,0.25,7.787628599908203,17001216,1
4,180,1236,0.04678030303030303,2560,1.7725035190582275,0.31796875,0.908801543712616,0.856804171204567,0.2296875,0.33083010017871856,0.5988492578268051,0.03137257695198059,0.06586960293352603,0.7526490747928619,0.296875,7.95495609997306,17001236,1
4,200,1256,0.047537878787878796,2560,1.7240711092948913,0.344140625,0.9044568657875061,0.8511561274528503,0.23828125,0.34890567064285277,0.5959264308214187,0.03137257695198059,0.06627085767686366,0.7529469549655914,0.2890625,7.650356899946928,17001256,1
4,220,1276,0.04829545454545455,2560,1.8038748621940612,0.312109375,0.9039298862218856,0.8552691370248795,0.24375,0.34663600772619246,0.5990560114383697,0.03137257695198059,0.07116574384272098,0.7611461341381073,0.3515625,7.818167599965818,17001276,1
4,240,1296,0.04905303030303031,2560,1.7605164647102356,0.317578125,0.9046779841184616,0.8529321193695069,0.24609375,0.33076157569885256,0.602271044254303,0.03137257695198059,0.06736096013337374,0.7529030948877334,0.2578125,7.669338900013827,17001296,1
4,260,1316,0.04981060606060606,2560,1.794494390487671,0.31953125,0.8971880406141282,0.8522564083337784,0.24609375,0.3551310122013092,0.6008623957633972,0.03137257695198059,0.06833034548908472,0.7567921131849289,0.2578125,7.559102399973199,17001316,1
4,280,1336,0.050568181818181825,2560,1.776302707195282,0.3125,0.9078376710414886,0.8545635432004929,0.236328125,0.339973221719265,0.6046717494726181,0.03137257695198059,0.06376354862004519,0.7475085347890854,0.328125,7.791061399970204,17001336,1
4,300,1356,0.05132575757575758,2560,1.76718927025795,0.331640625,0.8981604009866715,0.8509193629026413,0.239453125,0.35905387103557584,0.5986922144889831,0.03137257695198059,0.06657887734472752,0.7549211382865906,0.296875,7.8843104999978095,17001356,1
4,320,1376,0.05208333333333334,2560,1.7538169026374817,0.328515625,0.8947259336709976,0.8490003198385239,0.235546875,0.34460518062114714,0.6012801080942154,0.03137257695198059,0.06657120808959008,0.755204239487648,0.2890625,7.824527099961415,17001376,1
4,340,1396,0.0528409090909091,2560,1.7779077291488647,0.330078125,0.903087654709816,0.8526353418827057,0.21796875,0.3536166429519653,0.599789696931839,0.03137257695198059,0.06250530928373337,0.7473223060369492,0.3125,7.778276099939831,17001396,1
4,352,1408,0.05329545454545455,1480,1.737608316137984,0.3175675678897548,0.8997929392634212,0.8495238349244402,0.2817567572400377,0.3488708784451356,0.6035704119785412,0.03137257695198059,0.06446755395547764,0.7504634857177734,0.2734375,7.714225400006399,17001408,1
5,20,1428,0.054053030303030304,2560,1.7666663527488708,0.3296875,0.8970005691051484,0.848259624838829,0.2359375,0.33488117456436156,0.5967454433441162,0.03137257695198059,0.06464076545089484,0.7503185153007508,0.296875,8.093658000114374,17001428,1
5,40,1448,0.05481060606060606,2560,1.7326044678688048,0.340625,0.8958346754312515,0.8483759760856628,0.24765625,0.3474274352192879,0.597069188952446,0.03137257695198059,0.06307602990418673,0.7482827365398407,0.265625,7.880871000001207,17001448,1
5,60,1468,0.05556818181818182,2560,1.7386642217636108,0.328125,0.8963559091091156,0.846454519033432,0.2484375,0.36758303493261335,0.5982414484024048,0.03137257695198059,0.06182125769555569,0.7452492922544479,0.3359375,7.913492000079714,17001468,1
5,80,1488,0.05632575757575758,2560,1.730167806148529,0.336328125,0.8955862998962403,0.8476725459098816,0.27265625,0.35903159230947496,0.5979658991098404,0.03137257695198059,0.06360934674739838,0.7513556987047195,0.3125,7.797054400085472,17001488,1
5,100,1508,0.05708333333333333,2560,1.7325311839580535,0.33828125,0.8976812988519669,0.8464808404445648,0.222265625,0.36600243747234346,0.5981851130723953,0.03137257695198059,0.06751424204558135,0.7555938810110092,0.34375,8.021652200026438,17001508,1
5,120,1528,0.05784090909090909,2560,1.7277272760868072,0.3453125,0.8946366965770721,0.8473466455936431,0.247265625,0.35548497140407564,0.5944311946630478,0.03137257695198059,0.06266864612698556,0.7489859521389007,0.328125,7.795842100051232,17001528,1
5,140,1548,0.058598484848484844,2560,1.7390169620513916,0.34765625,0.8929596841335297,0.8456524103879929,0.241796875,0.37401033788919447,0.5972812801599503,0.03137257695198059,0.06420659404248,0.7506554335355758,0.328125,7.83623879996594,17001548,1
5,160,1568,0.05935606060606061,2560,1.676750862598419,0.359765625,0.8898094564676284,0.8448960810899735,0.249609375,0.35827800035476687,0.5967698514461517,0.03137257695198059,0.06437033023685217,0.7502769768238068,0.34375,8.079554800060578,17001568,1
5,180,1588,0.06011363636363637,2560,1.6975230813026427,0.355078125,0.8911487817764282,0.8444051235914231,0.26484375,0.373447547852993,0.5975300073623657,0.03137257695198059,0.06541473548859358,0.751805454492569,0.34375,7.713282200042158,17001588,1
5,200,1608,0.06087121212121213,2560,1.6936001002788543,0.36640625,0.8898554146289825,0.8391136288642883,0.253515625,0.3644775554537773,0.5898586422204971,0.03137257695198059,0.0622226245701313,0.7473814308643341,0.3515625,7.814666999969631,17001608,1
5,220,1628,0.06162878787878789,2560,1.707909095287323,0.352734375,0.8913728028535843,0.8450922876596451,0.239453125,0.36698160618543624,0.5973041772842407,0.03137257695198059,0.06381828505545854,0.7493121802806855,0.2890625,7.5817402000539005,17001628,1
5,240,1648,0.06238636363636364,2560,1.6945372343063354,0.35390625,0.89118612408638,0.846081691980362,0.265234375,0.3794595435261726,0.6015668392181397,0.03137257695198059,0.05892035067081451,0.7419021159410477,0.2734375,7.820055200019851,17001648,1
5,260,1668,0.0631439393939394,2560,1.7121657848358154,0.35390625,0.8936929017305374,0.8473948389291763,0.23515625,0.37076895833015444,0.5950964778661728,0.03137257695198059,0.06603526454418898,0.7554719120264053,0.25,8.064226799993776,17001668,1
5,280,1688,0.06390151515151515,2560,1.7245885729789734,0.334375,0.888255774974823,0.8424254268407821,0.252734375,0.3651159152388573,0.599057537317276,0.03137257695198059,0.06333479303866625,0.7502795100212097,0.34375,7.986464100074954,17001688,1
5,300,1708,0.06465909090909092,2560,1.7261415898799897,0.341015625,0.8945581883192062,0.849381273984909,0.236328125,0.35960324853658676,0.5959658473730087,0.03137257695198059,0.06217747796326876,0.7482953041791915,0.3203125,7.739895999897271,17001708,1
5,320,1728,0.06541666666666666,2560,1.6706275820732117,0.35859375,0.8793792635202408,0.8392498165369033,0.248828125,0.37122161090373995,0.6020664364099503,0.03137257695198059,0.06277574207633733,0.749524274468422,0.40625,7.685243299929425,17001728,1
5,340,1748,0.06617424242424243,2560,1.6600228786468505,0.37109375,0.8825454562902451,0.841238933801651,0.241796875,0.3701631799340248,0.594850304722786,0.03137257695198059,0.06412546169012785,0.7527546405792236,0.3515625,7.597456399933435,17001748,1
5,352,1760,0.06662878787878788,1480,1.675805705946845,0.3405405413460087,0.8843188308380746,0.843254265591905,0.27229729713620365,0.3817324498215237,0.5987115798769771,0.03137257695198059,0.06430910108862696,0.7514609195090629,0.375,7.594190700096078,17001760,1
6,20,1780,0.06738636363636363,2560,1.663407164812088,0.366796875,0.8830750107765197,0.8400164514780044,0.24765625,0.37364640831947327,0.5955706536769867,0.03137257695198059,0.06209067814052105,0.7481629967689514,0.265625,8.209149800008163,17001780,1
6,40,1800,0.0681439393939394,2560,1.6850529789924622,0.365234375,0.8810815751552582,0.8405976802110672,0.252734375,0.3789308130741119,0.5974492579698563,0.03137257695198059,0.060622427612543106,0.7462557762861252,0.3203125,7.845800400013104,17001800,1
6,60,1820,0.06890151515151514,2560,1.6435047090053558,0.36796875,0.8837677806615829,0.8404477596282959,0.259375,0.3852323919534683,0.5980419397354126,0.03137257695198059,0.06162995379418135,0.7467980921268463,0.3203125,7.604115800000727,17001820,1
6,80,1840,0.0696590909090909,2560,1.6657873272895813,0.3703125,0.8811032950878144,0.8354189783334732,0.24375,0.3933547601103783,0.5977675318717957,0.03137257695198059,0.05993546154350042,0.7449015498161315,0.34375,7.9621043999213725,17001840,1
6,100,1860,0.07041666666666667,2560,1.6170483946800231,0.38046875,0.8777735948562622,0.8336403042078018,0.251171875,0.35975524932146075,0.5953567713499069,0.03137257695198059,0.05811812486499548,0.7409321814775467,0.34375,8.07573629997205,17001860,1
6,120,1880,0.07117424242424243,2560,1.6184674501419067,0.37890625,0.8771259993314743,0.8379996180534363,0.262890625,0.3938033565878868,0.5980873227119445,0.03137257695198059,0.061536101438105104,0.7459379225969315,0.34375,7.655518099898472,17001880,1
6,140,1900,0.0719318181818182,2560,1.6326937615871429,0.376953125,0.8831009149551392,0.8406560450792313,0.257421875,0.38276698291301725,0.5926204860210419,0.03137257695198059,0.0626382950693369,0.7493633300065994,0.28125,7.73987410007976,17001900,1
6,160,1920,0.07268939393939394,2560,1.6533207893371582,0.370703125,0.8785911738872528,0.8397008508443833,0.26171875,0.3884232223033905,0.5968213587999344,0.03137257695198059,0.06271068137139083,0.7490587443113327,0.3515625,7.625933500006795,17001920,1
6,180,1940,0.0734469696969697,2560,1.679396390914917,0.36328125,0.8835074305534363,0.8368841946125031,0.263671875,0.3839906707406044,0.5985754817724228,0.03137257695198059,0.06011225152760744,0.7446244478225708,0.3359375,7.60866710008122,17001940,1
6,200,1960,0.07420454545454545,2560,1.6140412747859956,0.385546875,0.8826525956392288,0.8388284236192703,0.25625,0.3809308990836143,0.5952406764030457,0.03137257695198059,0.060727011784911154,0.74600270986557,0.28125,7.601701500010677,17001960,1
6,220,1980,0.07496212121212122,2560,1.624099749326706,0.37734375,0.8719733476638794,0.8354603052139282,0.2640625,0.40836805403232573,0.5967740595340729,0.03137257695198059,0.06030624080449343,0.7451384961605072,0.3046875,7.639489299966954,17001980,1
6,240,2000,0.07571969696969698,2560,1.623991072177887,0.387890625,0.8767020672559738,0.8390011072158814,0.25859375,0.38287164866924284,0.5953680843114852,0.03137257695198059,0.05954067353159189,0.7434742718935012,0.3203125,7.768075800035149,17002000,1
6,260,2020,0.07647727272727273,2560,1.6526667714118957,0.358203125,0.8782281190156936,0.8366092830896378,0.27578125,0.3951243370771408,0.5963619351387024,0.03137257695198059,0.05945787951350212,0.7446559369564056,0.3671875,7.808068200014532,17002020,1
6,280,2040,0.07723484848484849,2560,1.6467394709587098,0.378125,0.8714565575122833,0.8342910945415497,0.244921875,0.3704199641942978,0.5989111751317978,0.03137257695198059,0.05842099115252495,0.7406977027654648,0.3203125,7.747368699987419,17002040,1
6,300,2060,0.07799242424242425,2560,1.6477977335453033,0.36640625,0.8741311848163604,0.8345714807510376,0.248828125,0.38522184193134307,0.5949521631002426,0.03137257695198059,0.05950405262410641,0.7442586243152618,0.28125,7.745252800057642,17002060,1
6,320,2080,0.07875,2560,1.5937345385551454,0.393359375,0.8655379295349122,0.8335301905870438,0.249609375,0.378792305290699,0.5983440518379212,0.03137257695198059,0.059292469173669815,0.7441373884677887,0.359375,7.663554199971259,17002080,1
6,340,2100,0.07950757575757576,2560,1.5969757676124572,0.383984375,0.8646865248680115,0.8298215419054031,0.27734375,0.3950762555003166,0.5959002345800399,0.03137257695198059,0.05824589319527149,0.7422227948904038,0.328125,7.784502599970438,17002100,1
6,352,2112,0.0799621212121212,1480,1.6607555208979425,0.36891891908001256,0.8685528574763117,0.8275263267594415,0.2648648653481458,0.4016789800411946,0.5969588163736704,0.03137257695198059,0.05815041941162702,0.7416238304731008,0.3359375,8.177165200002491,17002112,1
7,20,2132,0.08071969696969698,2560,1.6052450120449067,0.394921875,0.8683457165956497,0.8336843103170395,0.27109375,0.3928318127989769,0.5941027522087097,0.03137257695198059,0.05970319602638483,0.7446055829524993,0.3671875,8.231098299962468,17002132,1
7,40,2152,0.08147727272727273,2560,1.5919141829013825,0.40078125,0.8712838560342788,0.8314464807510376,0.25625,0.3856899321079254,0.598927840590477,0.03137257695198059,0.05505737476050854,0.7353307604789734,0.359375,7.975778300082311,17002152,1
7,60,2172,0.0822348484848485,2560,1.5946573138237,0.38203125,0.8719926476478577,0.8334736049175262,0.281640625,0.4052995339035988,0.5962813258171081,0.03137257695198059,0.06337157133966684,0.7515561014413834,0.3359375,8.101120100007392,17002172,1
7,80,2192,0.08299242424242426,2560,1.5946560323238372,0.406640625,0.8728641957044602,0.8349739283323288,0.26328125,0.39518173784017563,0.5946225672960281,0.03137257695198059,0.05515056345611811,0.7360320448875427,0.3125,8.109290400054306,17002192,1
7,100,2212,0.08375,2560,1.596502697467804,0.38359375,0.864578703045845,0.8280576318502426,0.269921875,0.39840507954359056,0.5913968592882156,0.03137257695198059,0.05746584739536047,0.7427480489015579,0.359375,7.982864899910055,17002212,1
7,120,2232,0.08450757575757577,2560,1.6284291744232178,0.3734375,0.8592736721038818,0.8278485834598541,0.272265625,0.39929185062646866,0.5996326684951783,0.03137257695198059,0.05671490356326103,0.7390361517667771,0.3046875,7.840315000037663,17002232,1
7,140,2252,0.08526515151515152,2560,1.6016761183738708,0.36953125,0.8587861031293869,0.8294599086046219,0.2875,0.3906321585178375,0.5953515589237213,0.03137257695198059,0.05773774851113558,0.7414043694734573,0.3046875,7.986258100019768,17002252,1
7,160,2272,0.08602272727272728,2560,1.5818013191223144,0.395703125,0.8625757962465286,0.8296750575304032,0.26640625,0.4009974658489227,0.5929781794548035,0.03137257695198059,0.05662358850240708,0.740091422200203,0.3828125,7.844909299979918,17002272,1
7,180,2292,0.08678030303030304,2560,1.6462467432022094,0.379296875,0.8627513527870179,0.8277188837528229,0.2640625,0.41168550997972486,0.5935505092144012,0.03137257695198059,0.055052520520985124,0.7363816201686859,0.3828125,7.919823799980804,17002292,1
7,200,2312,0.08753787878787879,2560,1.5912095069885255,0.383203125,0.8647126168012619,0.8280620843172073,0.279296875,0.3939017429947853,0.5976607143878937,0.03137257695198059,0.053661537170410153,0.7339950531721116,0.34375,7.807570399949327,17002312,1
7,220,2332,0.08829545454545455,2560,1.5505178332328797,0.400390625,0.8538264870643616,0.8248434960842133,0.262109375,0.39912478178739547,0.5943753778934479,0.03137257695198059,0.0544168783351779,0.736217600107193,0.390625,7.623161900090054,17002332,1
7,240,2352,0.0890530303030303,2560,1.5396879136562347,0.41015625,0.8546337991952896,0.8274468958377839,0.280078125,0.402088925242424,0.5936805903911591,0.03137257695198059,0.05741518773138523,0.7409537374973297,0.3125,7.638920099940151,17002352,1
7,260,2372,0.08981060606060606,2560,1.5888996064662932,0.387109375,0.8593470305204391,0.8234643489122391,0.26796875,0.4127941787242889,0.5931542932987213,0.03137257695198059,0.05573637094348669,0.7384055405855179,0.3359375,7.5495195999974385,17002372,1
7,280,2392,0.09056818181818183,2560,1.564670729637146,0.39375,0.855095100402832,0.8303199946880341,0.28671875,0.39500761330127715,0.5912146419286728,0.03137257695198059,0.05688540507107973,0.7396303057670593,0.3125,7.711647400050424,17002392,1
7,300,2412,0.09132575757575757,2560,1.550978821516037,0.40546875,0.8574966043233871,0.8273432642221451,0.274609375,0.4048813819885254,0.5982217371463776,0.03137257695198059,0.057381215319037435,0.7399336695671082,0.3359375,7.720934699987993,17002412,1
7,320,2432,0.09208333333333334,2560,1.5478917360305786,0.405078125,0.8623129606246949,0.8296202540397644,0.271484375,0.4055784076452255,0.5938532739877701,0.03137257695198059,0.05592883061617613,0.7377884298563003,0.390625,7.637879699934274,17002432,1
7,340,2452,0.0928409090909091,2560,1.5794193267822265,0.403515625,0.8551276296377182,0.8267734736204148,0.25234375,0.4032709524035454,0.5968695551156997,0.03137257695198059,0.05570591259747744,0.7380776286125184,0.3515625,7.58480050007347,17002452,1
7,352,2464,0.09329545454545456,1480,1.5645245726044115,0.41283783751565056,0.8481425939379512,0.8247033054764207,0.2513513511902577,0.39334556975880186,0.5914489378800263,0.03137257695198059,0.05185892106713475,0.7300149682405833,0.3359375,7.6845504000084475,17002464,1
8,20,2484,0.0940530303030303,2560,1.5598629057407378,0.40703125,0.8562189400196075,0.8246572047472001,0.275,0.41426602602005,0.5960521876811982,0.03137257695198059,0.05278968010097742,0.7324590355157852,0.3671875,8.598686599987559,17002484,1
8,40,2504,0.09481060606060607,2560,1.5585842311382294,0.39140625,0.8549262195825577,0.8233581751585006,0.291796875,0.4030113309621811,0.5956693232059479,0.03137257695198059,0.057205965369939805,0.7415259152650833,0.390625,7.978220199933276,17002504,1
8,60,2524,0.09556818181818183,2560,1.5143657684326173,0.416796875,0.8440106958150864,0.8185123652219772,0.2734375,0.4127767667174339,0.5939588099718094,0.03137257695198059,0.05109631605446339,0.7286648184061051,0.328125,7.769896100042388,17002524,1
8,80,2544,0.09632575757575758,2560,1.577295958995819,0.4015625,0.8500313729047775,0.8231768518686294,0.2828125,0.4250828936696053,0.5898210078477859,0.03137257695198059,0.05573933813720942,0.7384429633617401,0.3515625,7.646296099992469,17002544,1
8,100,2564,0.09708333333333334,2560,1.5610259652137757,0.401171875,0.8500664949417114,0.8239486962556839,0.271484375,0.4144274085760117,0.5955969661474227,0.03137257695198059,0.05422146823257208,0.7350807875394821,0.359375,7.741519100032747,17002564,1
8,120,2584,0.09784090909090909,2560,1.5383621990680694,0.41640625,0.8527340143918991,0.827531835436821,0.2640625,0.39283601343631747,0.590419790148735,0.03137257695198059,0.052188077196478846,0.7309032618999481,0.3828125,7.756806100020185,17002584,1
8,140,2604,0.09859848484848485,2560,1.5455817699432373,0.40546875,0.8536313891410827,0.8250313013792038,0.275,0.3992828279733658,0.5947077602148056,0.03137257695198059,0.050083473511040213,0.7274893909692765,0.359375,7.7191347000189126,17002604,1
8,160,2624,0.09935606060606061,2560,1.53583362698555,0.394921875,0.8382641971111298,0.8162056118249893,0.285546875,0.4087851196527481,0.5944180965423584,0.03137257695198059,0.053531513549387455,0.731940534710884,0.3046875,7.886739699984901,17002624,1
8,180,2644,0.10011363636363638,2560,1.5719414591789245,0.396875,0.851507130265236,0.822984716296196,0.281640625,0.4145744189620018,0.5939853817224503,0.03137257695198059,0.05203889291733503,0.7303921014070511,0.3359375,7.783674700069241,17002644,1
8,200,2664,0.10087121212121214,2560,1.560779970884323,0.3984375,0.8625453531742096,0.8286841243505478,0.29140625,0.40806755274534223,0.5947991907596588,0.03137257695198059,0.05579999703913927,0.7376842558383941,0.3359375,7.713330499944277,17002664,1
8,220,2684,0.10162878787878789,2560,1.5609661161899566,0.41171875,0.8479139655828476,0.8204358667135239,0.256640625,0.40023803859949114,0.5919529139995575,0.03137257695198059,0.05259271655231714,0.734421905875206,0.3359375,7.980765800108202,17002684,1
8,240,2704,0.10238636363636365,2560,1.526500368118286,0.416015625,0.8395274817943573,0.8193238824605942,0.270703125,0.3978171139955521,0.5934354335069656,0.03137257695198059,0.05046272631734609,0.7282228469848633,0.3515625,7.850567699992098,17002704,1
8,260,2724,0.1031439393939394,2560,1.5804848074913025,0.401953125,0.8498768448829651,0.8199808925390244,0.2640625,0.4144248992204666,0.5919563442468643,0.03137257695198059,0.05007131025195122,0.7268690705299378,0.421875,7.808009300031699,17002724,1
8,280,2744,0.10390151515151516,2560,1.535676908493042,0.415234375,0.8566842675209045,0.8215099573135376,0.253515625,0.3906936228275299,0.5883958399295807,0.03137257695198059,0.0581497922539711,0.7417603760957718,0.390625,7.6365299000171944,17002744,1
8,300,2764,0.10465909090909092,2560,1.5516196310520172,0.40703125,0.8512707382440567,0.8251957178115845,0.2640625,0.4108391895890236,0.5952316552400589,0.03137257695198059,0.052986984327435496,0.7313517242670059,0.328125,7.981745299999602,17002764,1
8,320,2784,0.10541666666666667,2560,1.5029166519641877,0.426171875,0.8426535457372666,0.8181719571352005,0.2546875,0.40618000030517576,0.5940531641244888,0.03137257695198059,0.05458601824939251,0.7357282429933548,0.3359375,7.9981464999727905,17002784,1
8,340,2804,0.10617424242424243,2560,1.5480439364910126,0.421484375,0.8380362391471863,0.8171795070171356,0.294140625,0.4181887611746788,0.5880967646837234,0.03137257695198059,0.05047749616205692,0.7282335996627808,0.390625,7.638944500009529,17002804,1
8,352,2816,0.10662878787878789,1480,1.5470940647898495,0.4027027027027027,0.855184557631209,0.8270657636023856,0.28648648729195464,0.42815616179156946,0.5985422108624433,0.031372576770750255,0.052006683438210875,0.7328945533649341,0.3515625,7.615729499957524,17002816,1
9,20,2836,0.10738636363636365,2560,1.505845409631729,0.4265625,0.8451710373163224,0.8213577479124069,0.270703125,0.42220877707004545,0.5944912135601044,0.03137257695198059,0.05493125431239605,0.7366990596055984,0.3046875,7.995611499994993,17002836,1
9,40,2856,0.1081439393939394,2560,1.571960312128067,0.402734375,0.83727525472641,0.8168307185173035,0.26953125,0.4138585299253464,0.5898114740848541,0.03137257695198059,0.05447338074445725,0.733076560497284,0.3203125,7.581923800054938,17002856,1
9,60,2876,0.10890151515151517,2560,1.506437599658966,0.424609375,0.8338259041309357,0.8126854181289673,0.271875,0.3987088680267334,0.5929081171751023,0.03137257695198059,0.05132129788398743,0.728080227971077,0.375,7.72581520001404,17002876,1
9,80,2896,0.10965909090909093,2560,1.524633765220642,0.415625,0.8422414809465408,0.8198166042566299,0.272265625,0.399818979203701,0.5966672480106354,0.03137257695198059,0.04963809140026569,0.7259803295135498,0.34375,8.340110999997705,17002896,1
9,100,2916,0.11041666666666668,2560,1.5122026801109314,0.4109375,0.8417318195104599,0.8191664606332779,0.289453125,0.4121430218219757,0.5949568659067154,0.03137257695198059,0.05249126367270947,0.7337708413600922,0.3203125,7.845902399974875,17002916,1
9,120,2936,0.11117424242424244,2560,1.5329440534114838,0.40625,0.8442603796720505,0.8180098444223404,0.2828125,0.40761871039867403,0.5913462579250336,0.03137257695198059,0.04810095727443695,0.7232504308223724,0.3828125,7.804339300026186,17002936,1
9,140,2956,0.11193181818181819,2560,1.5221252620220185,0.417578125,0.8440193653106689,0.8241030633449554,0.28515625,0.4118231788277626,0.5950100123882294,0.03137257695198059,0.050428534112870696,0.7277756839990616,0.375,7.689826499903575,17002956,1
9,160,2976,0.11268939393939395,2560,1.5412539482116698,0.408984375,0.8379795730113984,0.8195675075054168,0.29375,0.42845717817544937,0.5900001645088195,0.03137257695198059,0.047489147260785104,0.7229281365871429,0.3359375,7.707616899977438,17002976,1
9,180,2996,0.11344696969696971,2560,1.5518514513969421,0.383984375,0.8391172528266907,0.8150942713022232,0.287890625,0.40744478851556776,0.5927398830652237,0.03137257695198059,0.05023606922477484,0.7251151233911515,0.3359375,7.517823199974373,17002996,1
9,200,3016,0.11420454545454546,2560,1.5292719602584839,0.423046875,0.8356097102165222,0.8209917902946472,0.272265625,0.41785162389278413,0.5925880700349808,0.03137257695198059,0.05297254826873541,0.7319147616624833,0.3515625,7.555412900052033,17003016,1
9,220,3036,0.11496212121212122,2560,1.5345767974853515,0.41484375,0.841422614455223,0.8190596461296081,0.276171875,0.4091600328683853,0.5928711116313934,0.03137257695198059,0.05148705169558525,0.7299518555402755,0.296875,7.61388049996458,17003036,1
9,240,3056,0.11571969696969697,2560,1.5169729590415955,0.42421875,0.8374938368797302,0.8140649348497391,0.283203125,0.4178649663925171,0.5923176020383835,0.03137257695198059,0.052702310122549535,0.7324584245681762,0.359375,7.622579199960455,17003056,1
9,260,3076,0.11647727272727273,2560,1.4929525554180145,0.4328125,0.8290024191141129,0.8168786585330963,0.2859375,0.423144993185997,0.5904444634914399,0.03137257695198059,0.05134899839758873,0.7312738418579101,0.3828125,7.709288300015032,17003076,1
9,280,3096,0.1172348484848485,2560,1.5499269485473632,0.409765625,0.8339152455329895,0.8135458856821061,0.2640625,0.4239982575178146,0.5957363367080688,0.03137257695198059,0.04902215115725994,0.7241893172264099,0.375,7.541819899925031,17003096,1
9,300,3116,0.11799242424242425,2560,1.5057609140872956,0.42890625,0.8396396964788437,0.8152527064085007,0.26875,0.39369232803583143,0.5889405727386474,0.03137257695198059,0.05150402057915926,0.7285840332508087,0.3671875,7.537343899952248,17003116,1
9,320,3136,0.11875000000000001,2560,1.4883090913295747,0.429296875,0.8299219518899917,0.813921508193016,0.283984375,0.4301840662956238,0.5918584376573562,0.03137257695198059,0.05030973572283983,0.7271438658237457,0.3828125,7.658970199991018,17003136,1
9,340,3156,0.11950757575757576,2560,1.4901336908340455,0.44140625,0.81568041741848,0.8063765406608582,0.272265625,0.4309458002448082,0.5896701961755753,0.03137257695198059,0.04641018807888031,0.7203875213861466,0.3671875,7.588562800083309,17003156,1
9,352,3168,0.11996212121212123,1480,1.4923500247903771,0.43986486470377123,0.8300669653995617,0.8194782598598583,0.24391891908001256,0.423789719633154,0.5908324389844327,0.03137257695198059,0.04991035690984211,0.7259575566729983,0.34375,7.674604000058025,17003168,1
10,20,3188,0.12071969696969698,2560,1.4612667620182038,0.45234375,0.8312576711177826,0.8171211451292038,0.26328125,0.40839441269636156,0.5913803279399872,0.03137257695198059,0.05009823739528656,0.7283169656991959,0.359375,8.31234309996944,17003188,1
10,40,3208,0.12147727272727274,2560,1.509412807226181,0.41875,0.8302102357149124,0.8121283411979675,0.290234375,0.4387746095657349,0.5906493037939071,0.03137257695198059,0.05002685151994228,0.7274181753396988,0.375,7.658750700065866,17003208,1
10,60,3228,0.1222348484848485,2560,1.4687043666839599,0.43203125,0.8340770721435546,0.813214260339737,0.28828125,0.404304102063179,0.5912587672472001,0.03137257695198059,0.05011379010975361,0.7266212433576584,0.3515625,7.823086600052193,17003228,1
10,80,3248,0.12299242424242425,2560,1.5319629907608032,0.426953125,0.8165167778730392,0.8074272304773331,0.27265625,0.4438441604375839,0.591220498085022,0.03137257695198059,0.04707209821790457,0.7221763968467713,0.375,8.015356999938376,17003248,1
10,100,3268,0.12375000000000001,2560,1.4990558624267578,0.434765625,0.8281779557466507,0.8174071192741394,0.276953125,0.41558087766170504,0.5866601526737213,0.03137257695198059,0.04984048400074244,0.7285592287778855,0.328125,7.697697199997492,17003268,1
10,120,3288,0.12450757575757576,2560,1.533131581544876,0.415625,0.8350247710943222,0.8085627436637879,0.266015625,0.41423515826463697,0.5948014795780182,0.03137257695198059,0.05296794977039099,0.733750119805336,0.359375,7.748681199969724,17003288,1
10,140,3308,0.12526515151515152,2560,1.4915388703346253,0.42734375,0.8309874385595322,0.8145069271326065,0.267578125,0.40608208924531936,0.5871184319257736,0.03137257695198059,0.04891617465764284,0.7234264343976975,0.421875,7.728917500004172,17003308,1
10,160,3328,0.1260227272727273,2560,1.5166471004486084,0.406640625,0.8183049857616425,0.807518145442009,0.308984375,0.421954545378685,0.594362410902977,0.03137257695198059,0.050323246605694295,0.7276131063699722,0.34375,7.607562999939546,17003328,1
10,180,3348,0.12678030303030305,2560,1.5212919473648072,0.430859375,0.8251925259828568,0.8120501399040222,0.280859375,0.4172295585274696,0.5889212548732757,0.03137257695198059,0.051478182524442674,0.7305022269487381,0.4140625,7.617794700083323,17003348,1
10,200,3368,0.12753787878787878,2560,1.4510647773742675,0.444921875,0.826946559548378,0.8149963617324829,0.258984375,0.42605390548706057,0.5933656215667724,0.03137257695198059,0.04761781021952629,0.7223436087369919,0.3828125,7.613516499986872,17003368,1
10,220,3388,0.12829545454545455,2560,1.508497142791748,0.42109375,0.8267567306756973,0.8103434443473816,0.275390625,0.42889598459005357,0.5928995937108994,0.03137257695198059,0.04726866651326418,0.7192432671785355,0.3125,7.910959100001492,17003388,1
10,240,3408,0.1290530303030303,2560,1.5155600666999818,0.421484375,0.8297499686479568,0.8172723323106765,0.278515625,0.41367556899785995,0.5934776484966278,0.03137257695198059,0.048564360663294795,0.7242879420518875,0.3828125,7.978088299976662,17003408,1
10,260,3428,0.12981060606060607,2560,1.48187113404274,0.433984375,0.8325987607240677,0.8157043665647506,0.276171875,0.4164269268512726,0.5899503290653229,0.03137257695198059,0.04744764268398285,0.722549095749855,0.40625,7.929006399936043,17003428,1
10,280,3448,0.13056818181818183,2560,1.4992399752140044,0.42890625,0.8186296701431275,0.8042151302099227,0.294921875,0.4283177360892296,0.5887835383415222,0.03137257695198059,0.04458267278969288,0.7157916367053986,0.3828125,8.775465699960478,17003448,1
10,300,3468,0.13132575757575757,2560,1.4648307681083679,0.426171875,0.8147847473621368,0.8086306542158127,0.29765625,0.43102199137210845,0.5885270714759827,0.03137257695198059,0.04736491683870554,0.7217626661062241,0.359375,7.900275300024077,17003468,1
10,320,3488,0.13208333333333333,2560,1.5008382141590118,0.41640625,0.8131605684757233,0.8052093774080277,0.3046875,0.44025385975837705,0.5897494226694107,0.03137257695198059,0.0510125583037734,0.7301094889640808,0.3203125,7.74403760000132,17003488,1
10,340,3508,0.1328409090909091,2560,1.4969975650310516,0.4375,0.8237590581178665,0.8088479578495026,0.258984375,0.42452028691768645,0.5935301631689072,0.03137257695198059,0.04700928665697575,0.7210938990116119,0.328125,7.4604778999928385,17003508,1
10,352,3520,0.13329545454545455,1480,1.4955100368809056,0.43851351367460717,0.8362230162362795,0.8159661531448364,0.2770270274297611,0.41878935485272795,0.5949817135527328,0.03137257695198059,0.05236153344850283,0.7325873526366982,0.40625,7.8063024000730366,17003520,1
11,20,3540,0.1340530303030303,2560,1.49822695851326,0.426171875,0.8363513022661209,0.8193021357059479,0.27578125,0.4195744052529335,0.5912166804075241,0.03137257695198059,0.050517513416707516,0.7285484343767166,0.3828125,8.22260360000655,17003540,1
11,40,3560,0.13481060606060608,2560,1.5082307696342467,0.423828125,0.8168584138154984,0.8104924738407135,0.277734375,0.4333545371890068,0.5923296779394149,0.03137257695198059,0.04658784456551075,0.7212554603815079,0.3203125,7.663487199926749,17003560,1
11,60,3580,0.13556818181818184,2560,1.4975226104259491,0.4171875,0.840558671951294,0.8189591884613037,0.27421875,0.4053004428744316,0.5923308283090591,0.03137257695198059,0.04650934934616089,0.7200572609901428,0.4140625,7.868061500019394,17003580,1
11,80,3600,0.13632575757575757,2560,1.4578148245811462,0.443359375,0.8114621609449386,0.805948406457901,0.275390625,0.4206131502985954,0.5890424281358719,0.03137257695198059,0.04801014717668295,0.7240481823682785,0.3515625,7.673893800005317,17003600,1
11,100,3620,0.13708333333333333,2560,1.5115628302097321,0.419921875,0.8265758842229843,0.8129346430301666,0.275,0.4307816132903099,0.5869028955698014,0.03137257695198059,0.051035122200846675,0.7316723614931107,0.3515625,7.70056459994521,17003620,1
11,120,3640,0.1378409090909091,2560,1.4625560939311981,0.435546875,0.8328741252422333,0.8102420955896378,0.273046875,0.4096975207328796,0.5867750942707062,0.03137257695198059,0.055517011880874635,0.736691927909851,0.3359375,7.535608500009403,17003640,1
11,140,3660,0.13859848484848486,2560,1.4969479262828826,0.435546875,0.8167100548744202,0.8058236598968506,0.269921875,0.4444797173142433,0.5953921139240265,0.03137257695198059,0.048893744684755804,0.7253103733062745,0.359375,7.647136999992654,17003660,1
11,160,3680,0.13935606060606062,2560,1.5230883181095123,0.42578125,0.8265475630760193,0.8086953669786453,0.276953125,0.4325478971004486,0.5943246364593506,0.03137257695198059,0.049628816172480585,0.7253507077693939,0.3671875,7.516703499946743,17003680,1
11,180,3700,0.14011363636363636,2560,1.5227902591228486,0.4109375,0.8242012709379196,0.8113586574792861,0.29140625,0.4176743194460869,0.5920690178871155,0.03137257695198059,0.04944311864674091,0.7246419459581375,0.3671875,7.646052700001746,17003700,1
11,200,3720,0.14087121212121212,2560,1.4836841821670532,0.425390625,0.8198109030723572,0.8114210963249207,0.279296875,0.4150401934981346,0.5931185632944107,0.03137257695198059,0.04653612952679396,0.7188277244567871,0.359375,7.496682199998759,17003720,1
11,220,3740,0.14162878787878788,2560,1.4266254723072052,0.46484375,0.8160836637020111,0.8047382593154907,0.265625,0.42656466364860535,0.5908433437347412,0.03137257695198059,0.046855784766376016,0.7198577761650086,0.328125,7.742233299999498,17003740,1
11,240,3760,0.14238636363636364,2560,1.4796168446540832,0.429296875,0.8096609532833099,0.8009311944246292,0.293359375,0.4499897688627243,0.5853026241064072,0.03137257695198059,0.05300588551908732,0.732113853096962,0.4140625,7.576492699910887,17003760,1
11,260,3780,0.1431439393939394,2560,1.4959201097488404,0.430078125,0.822844284772873,0.813143053650856,0.287109375,0.4376162618398666,0.5922265619039535,0.03137257695198059,0.04922993909567595,0.7263402789831161,0.3671875,7.640896499971859,17003780,1
11,280,3800,0.14390151515151514,2560,1.5028766930103301,0.4375,0.8047610312700272,0.8053289026021957,0.26875,0.4116237863898277,0.5929589748382569,0.03137257695198059,0.048346246778965,0.7240110218524933,0.3359375,7.580062100081705,17003800,1
11,300,3820,0.1446590909090909,2560,1.4707614481449127,0.443359375,0.8044215202331543,0.8035085231065751,0.270703125,0.4190287485718727,0.5863015621900558,0.03137257695198059,0.045332673005759716,0.7178822726011276,0.453125,7.5040266999276355,17003820,1
11,320,3840,0.14541666666666667,2560,1.5098407089710235,0.42109375,0.8081341028213501,0.8069624781608582,0.29140625,0.4409422665834427,0.5904874414205551,0.03137257695198059,0.04534290470182896,0.7174824833869934,0.421875,7.567530800006352,17003840,1
11,340,3860,0.14617424242424243,2560,1.481296706199646,0.43671875,0.8114523470401764,0.8091317683458328,0.264453125,0.4048529610037804,0.5884655177593231,0.03137257695198059,0.04528935570269823,0.7161993443965912,0.3984375,7.71108360006474,17003860,1
11,352,3872,0.1466287878787879,1480,1.5159327043069375,0.43445946026492765,0.8139259602572467,0.8052657594551911,0.2689189189189189,0.45727820138673525,0.5896612112586562,0.03137257695198059,0.043788567225675326,0.7147437218073253,0.359375,7.818397599970922,17003872,1
12,20,3892,0.14738636363636365,2560,1.4580409109592438,0.425,0.8055183023214341,0.8085268884897232,0.316015625,0.42116769105196,0.5930779933929443,0.03137257695198059,0.052056575566530226,0.7323700487613678,0.328125,8.203735299990512,17003892,1
12,40,3912,0.1481439393939394,2560,1.483716356754303,0.441796875,0.8268141567707061,0.8162913262844086,0.252734375,0.4278785213828087,0.5950285822153092,0.03137257695198059,0.04969399757683277,0.7241327643394471,0.3671875,7.59836850001011,17003912,1
12,60,3932,0.14890151515151515,2560,1.4460231721401215,0.44609375,0.8100197166204453,0.8062791377305984,0.288671875,0.4265535846352577,0.590003103017807,0.03137257695198059,0.04980371166020632,0.7255920767784119,0.34375,7.638226200011559,17003932,1
12,80,3952,0.1496590909090909,2560,1.4550247013568878,0.431640625,0.8119551628828049,0.8029101312160491,0.289453125,0.43841199576854706,0.5930290430784225,0.03137257695198059,0.04696639366447926,0.7224185049533844,0.34375,7.620362699963152,17003952,1
12,100,3972,0.15041666666666667,2560,1.4801803886890412,0.441015625,0.814885875582695,0.8079605251550674,0.28203125,0.43670583367347715,0.5921447992324829,0.03137257695198059,0.045683803781867025,0.7189146906137467,0.3671875,8.938142700004391,17003972,1
12,120,3992,0.15117424242424243,2560,1.5111477434635163,0.423046875,0.8075781643390656,0.8064342707395553,0.2859375,0.42726920247077943,0.5890145838260651,0.03137257695198059,0.04688341822475195,0.7199257224798202,0.375,7.861602999968454,17003992,1
12,140,4012,0.1519318181818182,2560,1.464088076353073,0.4484375,0.8122018575668335,0.797375762462616,0.268359375,0.41179757565259933,0.59008130133152,0.03137257695198059,0.04558385126292706,0.7175998985767365,0.3984375,8.021395100047812,17004012,1
12,160,4032,0.15268939393939396,2560,1.4927687644958496,0.4390625,0.8080772340297699,0.8093155115842819,0.26484375,0.4210213080048561,0.5904993891716004,0.03137257695198059,0.050931171886622904,0.7288892477750778,0.4296875,7.962399700074457,17004032,1
12,180,4052,0.1534469696969697,2560,1.4391189992427826,0.451953125,0.7971282035112381,0.7977480888366699,0.28203125,0.42617486268281934,0.5872649073600769,0.03137257695198059,0.04591612834483385,0.7191342830657959,0.3671875,8.338745899964124,17004052,1
12,200,4072,0.15420454545454546,2560,1.520673280954361,0.424609375,0.8035340666770935,0.8034586727619171,0.278515625,0.43740750253200533,0.5910479396581649,0.03137257695198059,0.046627352014184,0.7195250868797303,0.375,8.230700999964029,17004072,1
12,220,4092,0.15496212121212122,2560,1.4733477592468263,0.420703125,0.8056376814842224,0.8032358974218369,0.28984375,0.42608759850263594,0.586221843957901,0.03137257695198059,0.045662089809775354,0.7190337747335434,0.3828125,7.812288600020111,17004092,1
12,240,4112,0.15571969696969698,2560,1.4469245731830598,0.449609375,0.7995947003364563,0.8038695156574249,0.275390625,0.4151651680469513,0.5903899103403092,0.03137257695198059,0.0478090139105916,0.7218255668878555,0.375,7.9625808000564575,17004112,1
12,260,4132,0.15647727272727274,2560,1.4792690515518188,0.43203125,0.7986790269613266,0.7995651453733444,0.275390625,0.44170732200145724,0.5982209712266922,0.03137257695198059,0.04810987338423729,0.7227407664060592,0.3828125,7.643806300009601,17004132,1
12,280,4152,0.15723484848484848,2560,1.5105391561985015,0.422265625,0.8108460307121277,0.8065214961767196,0.283984375,0.43817612528800964,0.5952288448810578,0.03137257695198059,0.04430216681212187,0.7135220795869828,0.3125,7.7292949999682605,17004152,1
12,300,4172,0.15799242424242424,2560,1.4792801320552826,0.4328125,0.8097381114959716,0.8090349972248078,0.2640625,0.411061055958271,0.5927541315555572,0.03137257695198059,0.04288682751357555,0.710653793811798,0.3359375,7.533152100048028,17004172,1
12,320,4192,0.15875,2560,1.4639212608337402,0.444140625,0.7965212285518646,0.7980091392993927,0.26171875,0.4161972224712372,0.5934114068746567,0.03137257695198059,0.04250529613345862,0.7096984118223191,0.3828125,7.818088300060481,17004192,1
12,340,4212,0.15950757575757576,2560,1.5101074159145356,0.411328125,0.8037863790988922,0.8047795832157135,0.296484375,0.4368442133069038,0.5930453240871429,0.03137257695198059,0.043618034943938254,0.7131122767925262,0.34375,7.6079910000553355,17004212,1
12,352,4224,0.15996212121212122,1480,1.4542387201979354,0.43243243307680695,0.8049610927298262,0.807748072533994,0.2810810814032684,0.40067466368546356,0.5960521949304117,0.03137257695198059,0.05047799896549534,0.7263856001802393,0.375,7.603094300022349,17004224,1
13,20,4244,0.16071969696969698,2560,1.4680195033550263,0.43046875,0.8168055027723312,0.8071107387542724,0.28671875,0.43769393265247347,0.5831352412700653,0.03137257695198059,0.048899118416011335,0.7260495454072953,0.3125,8.204690600046888,17004244,1
13,40,4264,0.16147727272727275,2560,1.4740781426429748,0.446484375,0.8050685852766037,0.8026546627283097,0.26953125,0.41343442499637606,0.5891872584819794,0.03137257695198059,0.04949302412569523,0.7266570508480072,0.3671875,7.790259900037199,17004264,1
13,60,4284,0.16223484848484848,2560,1.460117334127426,0.448046875,0.8046091586351395,0.8039608269929885,0.273828125,0.4180950507521629,0.5874241113662719,0.03137257695198059,0.04536448195576668,0.7170545220375061,0.3515625,7.927608099998906,17004284,1
13,80,4304,0.16299242424242424,2560,1.4870993375778199,0.42890625,0.8081902861595154,0.8043771266937256,0.278515625,0.4322557240724564,0.5921750575304031,0.03137257695198059,0.0475048353895545,0.7217528879642486,0.3671875,7.7090585000114515,17004304,1
13,100,4324,0.16375,2560,1.4639933288097382,0.44375,0.8043873906135559,0.7990387111902237,0.273828125,0.43606177568435667,0.5957814693450928,0.03137257695198059,0.047321070358157157,0.7220893979072571,0.3359375,7.597369099967182,17004324,1
13,120,4344,0.16450757575757577,2560,1.5045888602733613,0.431640625,0.8159364342689515,0.8110316157341003,0.273828125,0.43964121788740157,0.5889906793832779,0.03137257695198059,0.04302423112094402,0.7112199127674103,0.40625,7.532173400046304,17004344,1
13,140,4364,0.16526515151515153,2560,1.5247194945812226,0.415625,0.8105998575687409,0.8071771174669266,0.289453125,0.43003353476524353,0.5873596370220184,0.03137257695198059,0.046460001915693286,0.7208764284849167,0.3671875,7.66989639995154,17004364,1
13,160,4384,0.16602272727272727,2560,1.4377543151378631,0.457421875,0.7971770226955414,0.8017619043588639,0.275390625,0.42439861297607423,0.588250121474266,0.03137257695198059,0.04499607644975186,0.7174034923315048,0.375,7.594483900000341,17004384,1
13,180,4404,0.16678030303030303,2560,1.4858155727386475,0.43359375,0.8016004145145417,0.8027050226926804,0.2859375,0.4490982085466385,0.5929084926843643,0.03137257695198059,0.04519401658326387,0.7161156684160233,0.34375,7.529223199933767,17004404,1
13,200,4424,0.1675378787878788,2560,1.4837875723838807,0.424609375,0.8067255526781082,0.8045429438352585,0.298046875,0.4325125440955162,0.5907005488872528,0.03137257695198059,0.04293772522360086,0.7130341410636902,0.3984375,7.721363099990413,17004424,1
13,220,4444,0.16829545454545455,2560,1.4869556486606599,0.429296875,0.8085200160741806,0.8017264306545258,0.278125,0.41952965259552,0.5855387568473815,0.03137257695198059,0.04710665605962276,0.7202049106359482,0.359375,7.61498950002715,17004444,1
13,240,4464,0.16905303030303032,2560,1.5138695061206817,0.422265625,0.8074757277965545,0.8077635616064072,0.2921875,0.4390796527266502,0.5916272699832916,0.03137257695198059,0.049297947250306604,0.7264490067958832,0.453125,7.589241500012577,17004464,1
13,260,4484,0.16981060606060605,2560,1.4968854427337646,0.423828125,0.8089993983507157,0.8063845574855805,0.299609375,0.43029105812311175,0.5904352992773056,0.03137257695198059,0.04749477319419384,0.7229317098855972,0.3359375,7.739286899915896,17004484,1
13,280,4504,0.1705681818181818,2560,1.485605537891388,0.444140625,0.8083099991083145,0.8112243801355362,0.27109375,0.4207247644662857,0.5911621302366257,0.03137257695198059,0.04387365579605103,0.7126872926950455,0.359375,7.872303699958138,17004504,1
13,300,4524,0.1713257575757576,2560,1.440984809398651,0.46171875,0.8022157639265061,0.8065536707639694,0.269140625,0.4382726922631264,0.5914637446403503,0.03137257695198059,0.04426743723452091,0.7160529911518096,0.328125,8.052337399916723,17004524,1
13,320,4544,0.17208333333333337,2560,1.504977959394455,0.440234375,0.8063349187374115,0.8067592859268189,0.273046875,0.4359076291322708,0.5932445794343948,0.03137257695198059,0.044995385222136974,0.7181975036859513,0.375,7.741186699946411,17004544,1
13,340,4564,0.1728409090909091,2560,1.516206306219101,0.414453125,0.8057308614253997,0.80413718521595,0.277734375,0.4271277889609337,0.5899852931499481,0.03137257695198059,0.046785483695566656,0.721997258067131,0.3828125,7.513682099990547,17004564,1
13,352,4576,0.17329545454545456,1480,1.472952641023172,0.4371621628065367,0.8098925261884122,0.8095949688473263,0.27094594570430547,0.4223747944509661,0.5848582316089321,0.03137257695198059,0.04468465177594005,0.7157149459864642,0.3203125,7.575600999989547,17004576,1
14,20,4596,0.17405303030303032,2560,1.496864140033722,0.43203125,0.7925177186727523,0.8023760676383972,0.26875,0.4175757959485054,0.5929133296012878,0.03137257695198059,0.04293359015136957,0.711134386062622,0.375,8.193040600046515,17004596,1
14,40,4616,0.17481060606060606,2560,1.4849742949008942,0.430859375,0.8043159365653991,0.8021050930023194,0.287109375,0.43237816691398623,0.591972628235817,0.03137257695198059,0.045206498354673386,0.7177079856395722,0.359375,8.068224200047553,17004616,1
14,60,4636,0.17556818181818182,2560,1.456288033723831,0.453125,0.8136585146188736,0.8064440667629242,0.2765625,0.44066229164600373,0.5880228847265243,0.03137257695198059,0.044382404536008835,0.7158687204122544,0.4140625,7.837222500005737,17004636,1
14,80,4656,0.17632575757575758,2560,1.4895138442516327,0.42890625,0.8105416148900986,0.8118887782096863,0.283203125,0.430511474609375,0.591110622882843,0.03137257695198059,0.04304917398840189,0.7126894116401672,0.421875,7.750187200028449,17004656,1
14,100,4676,0.17708333333333334,2560,1.5005633413791657,0.419921875,0.8011282205581665,0.8048093378543854,0.2984375,0.4256126910448074,0.5935550808906556,0.03137257695198059,0.04384875781834126,0.7136535942554474,0.3359375,7.846483499975875,17004676,1
14,120,4696,0.1778409090909091,2560,1.4576184332370759,0.45,0.7894244223833085,0.794693011045456,0.276171875,0.4361527055501938,0.5930079311132431,0.03137257695198059,0.04454882182180882,0.7160311430692673,0.34375,7.843455799971707,17004696,1
14,140,4716,0.17859848484848484,2560,1.469718098640442,0.43203125,0.7834924310445786,0.7989088863134384,0.28046875,0.4393522158265114,0.5910306483507156,0.03137257695198059,0.044014119729399684,0.7120334208011627,0.3125,7.866659499937668,17004716,1
14,160,4736,0.1793560606060606,2560,1.4651632010936737,0.45078125,0.8115856260061264,0.8074543207883835,0.272265625,0.43008032292127607,0.5936350733041763,0.03137257695198059,0.04613948334008455,0.717511436343193,0.3125,7.835061899968423,17004736,1
14,180,4756,0.18011363636363636,2560,1.5141428291797638,0.416015625,0.8019347727298737,0.8088961482048035,0.2953125,0.4364431917667389,0.5908570796251297,0.03137257695198059,0.0465854000300169,0.7203957676887512,0.375,7.613498100079596,17004756,1
14,200,4776,0.18087121212121213,2560,1.5021859765052796,0.4375,0.8111137539148331,0.8055134028196335,0.27734375,0.4194830447435379,0.5874456018209457,0.03137257695198059,0.047896241396665575,0.723419013619423,0.328125,7.826035299920477,17004776,1
14,220,4796,0.1816287878787879,2560,1.4763004183769226,0.437109375,0.7958757370710373,0.806031945347786,0.2796875,0.4194267258048058,0.5935609340667725,0.03137257695198059,0.0438811419531703,0.7154768168926239,0.3671875,7.69643739995081,17004796,1
14,240,4816,0.18238636363636365,2560,1.4605943083763122,0.45078125,0.786841306090355,0.8006419032812119,0.277734375,0.43453759551048277,0.5932299494743347,0.03137257695198059,0.04232226833701134,0.7116321355104447,0.359375,7.686964299995452,17004816,1
14,260,4836,0.18314393939393941,2560,1.48836190700531,0.44453125,0.8060502409934998,0.8052859216928482,0.2671875,0.43025297820568087,0.5861917048692703,0.03137257695198059,0.043196252174675466,0.7122368514537811,0.34375,7.592749399947934,17004836,1
14,280,4856,0.18390151515151518,2560,1.4814503192901611,0.433984375,0.7961683452129364,0.8047631800174713,0.2890625,0.44683470726013186,0.5903349786996841,0.03137257695198059,0.042386247962713244,0.7104828417301178,0.3671875,7.843406600062735,17004856,1
14,300,4876,0.18465909090909094,2560,1.4606048882007598,0.444140625,0.7995124608278275,0.8016792505979538,0.2765625,0.42117631882429124,0.5840919703245163,0.03137257695198059,0.04416806288063526,0.7142167627811432,0.3125,8.009920499986038,17004876,1
14,320,4896,0.18541666666666667,2560,1.4919595658779143,0.43828125,0.8018069207668305,0.8032381892204284,0.274609375,0.44619072079658506,0.5903315395116806,0.03137257695198059,0.04512570947408676,0.7184181928634643,0.3984375,7.797986900084652,17004896,1
14,340,4916,0.18617424242424244,2560,1.4775002956390382,0.43359375,0.7918974608182907,0.8012762904167176,0.276171875,0.4123653039336205,0.5915713220834732,0.03137257695198059,0.04223451521247625,0.7086215704679489,0.3515625,7.54951829998754,17004916,1
14,352,4928,0.1866287878787879,1480,1.506036678520409,0.42364864945411684,0.8125138998031616,0.8030352747118151,0.2777027023805154,0.4263535423858746,0.590170608340083,0.03137257695198059,0.04184056333190686,0.710948599351419,0.3203125,7.5752639999846,17004928,1
15,20,4948,0.18738636363636363,2560,1.4951681435108184,0.42734375,0.8088569134473801,0.8141867518424988,0.286328125,0.4289923027157784,0.5868667781352996,0.03137257695198059,0.04425856526941061,0.7143740892410279,0.34375,8.212269900017418,17004948,1
15,40,4968,0.1881439393939394,2560,1.4633396208286285,0.448046875,0.8036491423845291,0.8056078761816025,0.290625,0.4432909473776817,0.5968792170286179,0.03137257695198059,0.044221611320972444,0.7160255610942841,0.3828125,7.741522200056352,17004968,1
15,60,4988,0.18890151515151515,2560,1.4510980010032655,0.437890625,0.786929789185524,0.8004045099020004,0.273828125,0.430484414100647,0.5911476403474808,0.03137257695198059,0.04807397369295359,0.7226920157670975,0.34375,7.680730499909259,17004988,1
15,80,5008,0.18965909090909092,2560,1.4713894069194793,0.44296875,0.8023445755243301,0.8053587824106216,0.2734375,0.41888775676488876,0.5915925532579422,0.03137257695198059,0.04288053177297115,0.7117250829935073,0.3359375,7.614179600030184,17005008,1
15,100,5028,0.19041666666666668,2560,1.4975720047950745,0.419140625,0.7965782672166825,0.8029897242784501,0.29375,0.43629321455955505,0.5887959986925125,0.03137257695198059,0.04282195493578911,0.7108632892370224,0.3984375,8.033581700059585,17005028,1
15,120,5048,0.1911742424242424,2560,1.4925975680351258,0.42734375,0.8015215069055557,0.8015740841627121,0.299609375,0.4538760170340538,0.5894233912229538,0.03137257695198059,0.04832081031054258,0.723841804265976,0.359375,7.6980588000733405,17005048,1
15,140,5068,0.1919318181818182,2560,1.4847948670387268,0.448828125,0.8038707345724105,0.8033649653196335,0.268359375,0.43633022606372834,0.5917300105094909,0.03137257695198059,0.04363342057913542,0.7138569355010986,0.3984375,7.653871399932541,17005068,1
15,160,5088,0.19268939393939397,2560,1.4717646479606628,0.436328125,0.8032497286796569,0.804554894566536,0.290234375,0.42891647219657897,0.5975757867097855,0.03137257695198059,0.04189953003078699,0.7106027662754059,0.3828125,7.611716100014746,17005088,1
15,180,5108,0.19344696969696973,2560,1.447252494096756,0.4546875,0.8085045635700225,0.8003359645605087,0.264453125,0.44479980170726774,0.5970339685678482,0.03137257695198059,0.04270434975624084,0.7097228676080704,0.328125,7.791793299955316,17005108,1
15,200,5128,0.19420454545454546,2560,1.4785897791385652,0.447265625,0.800038892030716,0.7984110683202743,0.273828125,0.4307124078273773,0.5933913081884384,0.03137257695198059,0.04693437106907368,0.7198043435811996,0.3671875,7.975060500088148,17005128,1
15,220,5148,0.19496212121212123,2560,1.4990613162517548,0.428125,0.7995823949575425,0.8043810695409774,0.28984375,0.4399926126003265,0.5932646632194519,0.03137257695198059,0.043147120252251626,0.7124276846647263,0.3671875,8.010133399977349,17005148,1
15,240,5168,0.195719696969697,2560,1.515696609020233,0.418359375,0.8032608360052109,0.8035498559474945,0.289453125,0.42735120207071303,0.5908034205436706,0.03137257695198059,0.04811008553951979,0.7249764829874039,0.3515625,8.33360030001495,17005168,1
15,260,5188,0.19647727272727275,2560,1.4781027615070343,0.440625,0.7928408950567245,0.7994665950536728,0.269921875,0.42422736883163453,0.5873011499643326,0.03137257695198059,0.04360302686691284,0.7127892583608627,0.3828125,7.725879700039513,17005188,1
15,280,5208,0.1972348484848485,2560,1.5018899142742157,0.432421875,0.8053597420454025,0.8016581475734711,0.27578125,0.43605865985155107,0.5955448389053345,0.03137257695198059,0.04536981619894505,0.717398676276207,0.3046875,7.698734399979003,17005208,1
15,300,5228,0.19799242424242425,2560,1.4771291792392731,0.431640625,0.7938795179128647,0.7977025538682938,0.289453125,0.42413858622312545,0.5897623866796493,0.03137257695198059,0.04730549436062574,0.7223090916872025,0.328125,7.660557700088248,17005228,1
15,320,5248,0.19875,2560,1.4993492603302,0.42890625,0.8055635780096054,0.8065822780132293,0.276171875,0.42701165825128556,0.5967537134885788,0.03137257695198059,0.04673786927014589,0.7193964332342148,0.359375,7.8160041000228375,17005248,1
15,340,5268,0.19950757575757577,2560,1.4616673111915588,0.43671875,0.8049918323755264,0.808745339512825,0.273828125,0.41489921063184737,0.59238703250885,0.03137257695198059,0.04539500270038843,0.7190275520086289,0.390625,7.804929299978539,17005268,1
15,352,5280,0.1999621212121212,1480,1.4993491314552925,0.4216216217827153,0.7845128094827807,0.7977156561774177,0.29932432448541796,0.4396587835775839,0.5871045554006422,0.03137257695198059,0.04214740496229481,0.7095905113864589,0.4140625,7.616150499903597,17005280,1
16,20,5300,0.19928030303030303,2560,1.4620997726917266,0.434765625,0.7945094913244247,0.8012760311365128,0.280859375,0.4326438829302788,0.5907258570194245,0.03137257695198059,0.04581597000360489,0.7170996993780137,0.3359375,8.395215700031258,17005300,1
16,40,5320,0.1985227272727273,2560,1.4681764602661134,0.435546875,0.7994861453771591,0.8033525049686432,0.293359375,0.4285266637802124,0.5907760858535767,0.03137257695198059,0.04455375596880913,0.7170123994350434,0.3671875,8.189489600015804,17005320,1
16,60,5340,0.1977651515151515,2560,1.4963199079036713,0.4375,0.7939041018486023,0.8015264093875885,0.265234375,0.433587858080864,0.5927172571420669,0.03137257695198059,0.0402002926915884,0.7068322002887726,0.3203125,7.902540700044483,17005340,1
16,80,5360,0.19700757575757577,2560,1.4916260480880736,0.425390625,0.8105533868074417,0.8100999355316162,0.26875,0.41314487159252167,0.5916318476200104,0.03137257695198059,0.04425460658967495,0.7160717248916626,0.3359375,8.214166600024328,17005360,1
16,100,5380,0.19625,2560,1.5057865917682647,0.423046875,0.7876320868730545,0.7975614100694657,0.282421875,0.4364209294319153,0.5904823482036591,0.03137257695198059,0.04279941245913506,0.7110364079475403,0.34375,7.847703999956138,17005380,1
16,120,5400,0.19549242424242427,2560,1.5087066352367402,0.4234375,0.8072409510612488,0.8053899317979812,0.278125,0.41110473573207856,0.5937917232513428,0.03137257695198059,0.04123702310025692,0.7082168817520141,0.3828125,7.865311000030488,17005400,1
16,140,5420,0.19473484848484848,2560,1.4455004453659057,0.455859375,0.7977938443422318,0.7961104303598404,0.262890625,0.4303896963596344,0.5889887690544129,0.03137257695198059,0.04158841576427221,0.7091108500957489,0.4296875,7.813897900050506,17005420,1
16,160,5440,0.19397727272727275,2560,1.4930373132228851,0.430078125,0.8007461696863174,0.7947639673948288,0.283984375,0.45238727033138276,0.5910947352647782,0.03137257695198059,0.04159742407500744,0.7069104939699173,0.3359375,8.313945800065994,17005440,1
16,180,5460,0.19321969696969699,2560,1.4475970149040223,0.4546875,0.80597605407238,0.805121374130249,0.27734375,0.42346329241991043,0.5896459192037582,0.03137257695198059,0.04481587577611208,0.7169933378696441,0.3671875,7.855966200004332,17005460,1
16,200,5480,0.19246212121212125,2560,1.450380837917328,0.442578125,0.8040795534849167,0.8062479883432389,0.278515625,0.43435233682394025,0.5869503259658814,0.03137257695198059,0.04339867159724235,0.7136853188276291,0.3359375,7.495827200007625,17005480,1
16,220,5500,0.19170454545454546,2560,1.4759828925132752,0.438671875,0.785529762506485,0.7921187281608582,0.2890625,0.45529681742191314,0.590765905380249,0.03137257695198059,0.04264388028532266,0.7102817982435227,0.34375,7.54973389999941,17005500,1
16,240,5520,0.19094696969696973,2560,1.421223908662796,0.460546875,0.7901079684495926,0.796971532702446,0.273046875,0.42435661107301714,0.5926707118749619,0.03137257695198059,0.043622045777738094,0.7139701128005982,0.3828125,7.63582620001398,17005520,1
16,260,5540,0.19018939393939394,2560,1.4305707097053528,0.4625,0.7875244319438934,0.7993273645639419,0.2703125,0.4475712597370148,0.5932832270860672,0.03137257695198059,0.04393274709582329,0.7149800151586533,0.4140625,7.611053999979049,17005540,1
16,280,5560,0.1894318181818182,2560,1.4774396300315857,0.44375,0.8211205661296844,0.8065142542123794,0.266796875,0.42174665033817293,0.5907772332429886,0.03137257695198059,0.04249273240566254,0.7107754290103913,0.4140625,7.719378800014965,17005560,1
16,300,5580,0.18867424242424244,2560,1.5061575531959535,0.428125,0.7852608829736709,0.7980575799942017,0.29140625,0.4558469220995903,0.5882855951786041,0.03137257695198059,0.03761929627507925,0.6979774385690689,0.40625,7.935955699998885,17005580,1
16,320,5600,0.1879166666666667,2560,1.4829878330230712,0.45,0.8055070906877517,0.8042784541845321,0.265234375,0.4162298008799553,0.592816561460495,0.03137257695198059,0.04807037468999624,0.7231360346078872,0.375,8.314036999945529,17005600,1
16,340,5620,0.1871590909090909,2560,1.4800962209701538,0.425,0.7994567960500717,0.8002928584814072,0.294921875,0.43364625573158266,0.5925733089447022,0.03137257695198059,0.04453795086592436,0.7145996451377868,0.40625,7.69815930002369,17005620,1
16,352,5632,0.18670454545454548,1480,1.4536182332683254,0.4222972982638591,0.7778161064998523,0.7959189044462668,0.3013513519957259,0.443156049058244,0.5904761179073437,0.03137257695198059,0.040213711902096466,0.7062771036818221,0.34375,7.778019899968058,17005632,1
17,20,5652,0.1859469696969697,2560,1.4281899869441985,0.4546875,0.7780339062213898,0.7925138026475906,0.25546875,0.4255897432565689,0.5915354579687119,0.03137257695198059,0.04168034419417381,0.7087594896554947,0.3125,8.163631900097243,17005652,1
17,40,5672,0.18518939393939396,2560,1.4445115387439729,0.45,0.7873904228210449,0.7999099969863892,0.278125,0.43664686679840087,0.5896708399057389,0.03137257695198059,0.04502305369824171,0.7181564062833786,0.328125,7.88502809999045,17005672,1
17,60,5692,0.1844318181818182,2560,1.4511713802814483,0.4546875,0.7958461374044419,0.8027183771133423,0.285546875,0.43959007412195206,0.5961150050163269,0.03137257695198059,0.04230867642909288,0.7114900976419449,0.3515625,7.814065700047649,17005692,1
17,80,5712,0.18367424242424246,2560,1.4707517862319945,0.436328125,0.7934197276830673,0.7980877071619034,0.29921875,0.45114836245775225,0.5861510217189789,0.03137257695198059,0.04371152650564909,0.7145421236753464,0.40625,7.548158099991269,17005712,1
17,100,5732,0.18291666666666667,2560,1.4397257387638092,0.442578125,0.7793595314025878,0.7967324823141098,0.29375,0.432948525249958,0.5898955225944519,0.03137257695198059,0.040272372961044314,0.705205824971199,0.3828125,7.584249299950898,17005732,1
17,120,5752,0.18215909090909094,2560,1.4650114357471467,0.44453125,0.802898746728897,0.8058323115110397,0.256640625,0.42913217544555665,0.5911631494760513,0.03137257695198059,0.043241480737924574,0.7123522669076919,0.375,7.611700600013137,17005752,1
17,140,5772,0.18140151515151515,2560,1.4618532598018645,0.435546875,0.7890756130218506,0.7972788631916046,0.2921875,0.4304257482290268,0.5881996363401413,0.03137257695198059,0.04335744772106409,0.7132212609052658,0.3671875,7.695403899997473,17005772,1
17,160,5792,0.1806439393939394,2560,1.4503924250602722,0.451953125,0.7729235619306565,0.7916083246469497,0.274609375,0.44374794512987137,0.5937084347009659,0.03137257695198059,0.041064579784870145,0.7063849568367004,0.3984375,7.534895300050266,17005792,1
17,180,5812,0.17988636363636365,2560,1.4349858045578003,0.452734375,0.7942925840616226,0.7934270352125168,0.2796875,0.43058076649904253,0.5903339564800263,0.03137257695198059,0.04033297635614872,0.7058093667030334,0.375,7.764338299981318,17005812,1
17,200,5832,0.17912878787878792,2560,1.4330757021903993,0.44921875,0.7892770886421203,0.797209957242012,0.28203125,0.43390306532382966,0.5929928064346314,0.03137257695198059,0.04031835608184338,0.7070622205734253,0.3671875,7.674346699961461,17005832,1
17,220,5852,0.17837121212121212,2560,1.483073616027832,0.43203125,0.7829103291034698,0.7990233331918717,0.292578125,0.430471758544445,0.5923884242773056,0.03137257695198059,0.04281699899584055,0.7123238354921341,0.3671875,7.69470650004223,17005852,1
17,240,5872,0.1776136363636364,2560,1.4283284187316894,0.458203125,0.7799059987068176,0.7948731869459152,0.276953125,0.4318567141890526,0.5911236017942428,0.03137257695198059,0.04135345797985792,0.7087619096040726,0.421875,7.702088099904358,17005872,1
17,260,5892,0.17685606060606063,2560,1.447487038373947,0.459375,0.7984570890665055,0.7988829493522644,0.27421875,0.45084531754255297,0.5917626827955246,0.03137257695198059,0.040436328202486035,0.7057822048664093,0.3828125,7.844522599945776,17005892,1
17,280,5912,0.17609848484848484,2560,1.4752165496349334,0.434765625,0.8061254173517227,0.8049878656864167,0.28046875,0.41931612938642504,0.5928965449333191,0.03137257695198059,0.04276344105601311,0.7135947823524476,0.3828125,7.8282755999825895,17005912,1
17,300,5932,0.1753409090909091,2560,1.411985158920288,0.4703125,0.7671397924423218,0.7854126125574112,0.274609375,0.44523578584194184,0.5858032435178757,0.03137257695198059,0.04202826619148255,0.711415845155716,0.4140625,7.913195900036953,17005932,1
17,320,5952,0.1745833333333333,2560,1.4569551944732666,0.45,0.7943628937005996,0.7963372796773911,0.279296875,0.44612822234630584,0.5863932460546494,0.03137257695198059,0.045763890445232394,0.7194458782672882,0.390625,8.192323299939744,17005952,1
17,340,5972,0.17382575757575758,2560,1.479340535402298,0.435546875,0.7941152900457382,0.8029856532812119,0.278125,0.42130865454673766,0.593308275938034,0.03137257695198059,0.04369999244809151,0.7146918773651123,0.40625,7.728670499986038,17005972,1
17,352,5984,0.17337121212121215,1480,1.4119809479326815,0.45743243291571334,0.7859771271009703,0.7902346137407664,0.2945945945945946,0.4228486997050208,0.5856463061796652,0.03137257695198059,0.04014302111558012,0.7042159299592714,0.3828125,8.292451399960555,17005984,1
18,20,6004,0.17261363636363636,2560,1.402364444732666,0.469921875,0.7759652346372604,0.7879036098718644,0.258984375,0.4269405394792557,0.5894634395837783,0.03137257695198059,0.0423422459512949,0.7126944631338119,0.40625,8.290693199960515,17006004,1
18,40,6024,0.17185606060606062,2560,1.408799409866333,0.453125,0.7846241682767868,0.8030278742313385,0.280078125,0.4354196086525917,0.5910366266965866,0.03137257695198059,0.0422175120562315,0.7113225191831589,0.375,7.864597599953413,17006024,1
18,60,6044,0.17109848484848486,2560,1.4522370517253875,0.45234375,0.7825472921133041,0.7908417016267777,0.27578125,0.4294049724936485,0.5924142360687256,0.03137257695198059,0.04319845046848059,0.7140604853630066,0.390625,7.642977499985136,17006044,1
18,80,6064,0.17034090909090913,2560,1.4127478003501892,0.454296875,0.7813024401664734,0.7948114007711411,0.28125,0.4390361621975899,0.5885511040687561,0.03137257695198059,0.04431741312146187,0.7171311110258103,0.3125,7.987326800008304,17006064,1
18,100,6084,0.16958333333333334,2560,1.4074072897434236,0.460546875,0.7725004523992538,0.7899531275033951,0.274609375,0.45396307706832884,0.5887198358774185,0.03137257695198059,0.043390460684895514,0.7133258610963822,0.3515625,7.712808099924587,17006084,1
18,120,6104,0.1688257575757576,2560,1.4128432333469392,0.46796875,0.7811362475156785,0.7956539392471313,0.27890625,0.42377579063177107,0.5856816798448563,0.03137257695198059,0.04160439595580101,0.7076905936002731,0.3359375,7.641168800066225,17006104,1
18,140,6124,0.16806818181818184,2560,1.4252102851867676,0.448046875,0.7730346500873566,0.7910441249608994,0.2765625,0.4489098504185677,0.5894636958837509,0.03137257695198059,0.03857487067580223,0.7005529135465622,0.4140625,7.758048900053836,17006124,1
18,160,6144,0.1673106060606061,2560,1.4105427086353302,0.46640625,0.7766609162092208,0.794952666759491,0.28046875,0.43686313927173615,0.5937542200088501,0.03137257695198059,0.044945373013615605,0.7176028311252594,0.328125,7.55452750006225,17006144,1
18,180,6164,0.1665530303030303,2560,1.4158637702465058,0.45859375,0.7758686363697052,0.7869735926389694,0.284375,0.4524685025215149,0.5848747462034225,0.03137257695198059,0.04179951660335064,0.7101770967245102,0.3984375,7.598697499954142,17006164,1
18,200,6184,0.16579545454545452,2560,1.4419858396053313,0.45,0.782150200009346,0.7904944360256195,0.2828125,0.45676540285348893,0.5942577600479126,0.03137257695198059,0.04171451441943645,0.7098916321992874,0.3828125,7.570159199996851,17006184,1
18,220,6204,0.1650378787878788,2560,1.434964919090271,0.4546875,0.7970784187316895,0.7952499568462372,0.2765625,0.42110032588243484,0.5872348994016647,0.03137257695198059,0.040769240073859694,0.7061207979917526,0.4140625,7.627996699884534,17006204,1
18,240,6224,0.16428030303030303,2560,1.414605987071991,0.469140625,0.7750950574874877,0.7899114102125168,0.268359375,0.4481168776750565,0.5902186244726181,0.03137257695198059,0.04202335514128208,0.7089310884475708,0.3828125,7.635303599992767,17006224,1
18,260,6244,0.1635227272727273,2560,1.437990552186966,0.452734375,0.784103387594223,0.7945371180772781,0.284375,0.4406740039587021,0.5907651454210281,0.03137257695198059,0.03984427470713854,0.7029397845268249,0.359375,7.7237765999743715,17006244,1
18,280,6264,0.1627651515151515,2560,1.4131688237190247,0.458984375,0.7871689200401306,0.7983677119016648,0.27734375,0.44338814318180086,0.5908270716667176,0.03137257695198059,0.04266665820032358,0.7120315074920655,0.3671875,7.5706086999271065,17006264,1
18,300,6284,0.16200757575757577,2560,1.4530617237091064,0.45546875,0.7768021583557129,0.7881537318229676,0.271875,0.4445632308721542,0.5888088375329972,0.03137257695198059,0.037230759672820565,0.696927884221077,0.3125,7.7242948999628425,17006284,1
18,320,6304,0.16125,2560,1.4344175636768342,0.45625,0.7738755345344543,0.7889566004276276,0.292578125,0.44410260766744614,0.597756975889206,0.03137257695198059,0.04099754355847836,0.708946219086647,0.4140625,7.52619689994026,17006304,1
18,340,6324,0.16049242424242427,2560,1.376496297121048,0.472265625,0.7759958803653717,0.7887026637792587,0.282421875,0.43474152088165285,0.5841238886117935,0.03137257695198059,0.03932814784348011,0.7038306951522827,0.328125,7.599453300004825,17006324,1
18,352,6336,0.1600378787878788,1480,1.4535334619315894,0.43986486567033306,0.7672991227459263,0.7894586495451025,0.28783783791838463,0.4563347244584883,0.5965714995925491,0.031372576770750255,0.03842094530527656,0.7029932083310307,0.34375,8.010890700039454,17006336,1
19,20,6356,0.15928030303030305,2560,1.4198414504528045,0.459765625,0.792336156964302,0.7938859522342682,0.2765625,0.4366158157587051,0.5894315361976623,0.03137257695198059,0.03909704629331827,0.701428496837616,0.375,8.077819300000556,17006356,1
19,40,6376,0.15852272727272732,2560,1.4100303888320922,0.4640625,0.7757610976696014,0.7903450220823288,0.273828125,0.44079459756612777,0.5911602169275284,0.03137257695198059,0.04099370557814837,0.707770362496376,0.375,7.780060100019909,17006376,1
19,60,6396,0.15776515151515152,2560,1.399966335296631,0.475,0.7821848869323731,0.7892588466405869,0.270703125,0.4496538206934929,0.5983974665403367,0.03137257695198059,0.04060049708932638,0.7057226121425628,0.4375,7.81453460000921,17006396,1
19,80,6416,0.1570075757575758,2560,1.4145624399185182,0.45234375,0.7714000910520553,0.787718865275383,0.280859375,0.43156407326459884,0.5877534359693527,0.03137257695198059,0.04272890817373991,0.7117940932512283,0.4296875,7.676076199975796,17006416,1
19,100,6436,0.15625,2560,1.429184752702713,0.459375,0.7842096209526062,0.7929359674453735,0.280078125,0.45888678580522535,0.5935075283050537,0.03137257695198059,0.03942839726805687,0.7040616542100906,0.3828125,7.772016800008714,17006436,1
19,120,6456,0.15549242424242424,2560,1.411583709716797,0.473828125,0.7975512862205505,0.8046170771121979,0.271875,0.4322067677974701,0.5896105647087098,0.03137257695198059,0.03996732458472252,0.7046079814434052,0.359375,7.605772800045088,17006456,1
19,140,6476,0.1547348484848485,2560,1.3858933687210082,0.45703125,0.7747762709856033,0.7924166619777679,0.292578125,0.44384626746177674,0.589398592710495,0.03137257695198059,0.039632961712777616,0.7069004893302917,0.359375,7.6390109999338165,17006476,1
19,160,6496,0.1539772727272727,2560,1.3454060077667236,0.48515625,0.7813742846250534,0.7925276607275009,0.2765625,0.4355392023921013,0.5909940302371979,0.03137257695198059,0.03989555183798075,0.7035682678222657,0.3828125,7.722124599968083,17006496,1
19,180,6516,0.15321969696969698,2560,1.3773141086101532,0.4703125,0.7713961243629456,0.7890130579471588,0.275,0.44701283127069474,0.5952859431505203,0.03137257695198059,0.0410814855247736,0.7063010722398758,0.3984375,7.605042199953459,17006516,1
19,200,6536,0.15246212121212122,2560,1.388689136505127,0.46953125,0.7792853266000748,0.7871537774801254,0.280078125,0.44642119854688644,0.5949801325798034,0.03137257695198059,0.04110905937850475,0.7073376268148422,0.3984375,7.744193000020459,17006536,1
19,220,6556,0.15170454545454548,2560,1.416327714920044,0.459375,0.7721833229064942,0.7866017878055572,0.2765625,0.4462579280138016,0.5889710873365402,0.03137257695198059,0.04057131577283144,0.7069665223360062,0.3984375,7.77126819989644,17006556,1
19,240,6576,0.1509469696969697,2560,1.382057684659958,0.479296875,0.7769047170877457,0.7936462581157684,0.279296875,0.4313026323914528,0.588710042834282,0.03137257695198059,0.04273935947567224,0.7111440300941467,0.3828125,8.104884399916045,17006576,1
19,260,6596,0.15018939393939396,2560,1.4183192789554595,0.470703125,0.7625319957733154,0.7916266292333602,0.258984375,0.4442862644791603,0.5969983607530593,0.03137257695198059,0.038317376375198366,0.7002007871866226,0.3671875,7.960556500009261,17006596,1
19,280,6616,0.14943181818181817,2560,1.4398744761943818,0.456640625,0.7869545668363571,0.7918609768152237,0.26796875,0.43060397654771804,0.5897787868976593,0.03137257695198059,0.040581803396344186,0.7071175038814544,0.3828125,7.873386399936862,17006616,1
19,300,6636,0.14867424242424243,2560,1.4108345448970794,0.45859375,0.781691575050354,0.7944111108779908,0.27734375,0.4530982583761215,0.5925209254026413,0.03137257695198059,0.03954941518604756,0.7021065324544906,0.4296875,7.9696217000018805,17006636,1
19,320,6656,0.14791666666666667,2560,1.4096935987472534,0.451953125,0.762827816605568,0.7822131037712097,0.303515625,0.44414005875587464,0.5860930353403091,0.03137257695198059,0.04093132074922323,0.7080239683389664,0.3828125,8.000923500047065,17006656,1
19,340,6676,0.14715909090909093,2560,1.3918965458869934,0.468359375,0.7664578348398209,0.7873925775289535,0.28515625,0.4360509663820267,0.5967074304819107,0.03137257695198059,0.039821903593838213,0.7050371795892716,0.3828125,7.826578399981372,17006676,1
19,352,6688,0.14670454545454548,1480,1.4396863711846841,0.43243243307680695,0.7736004017494821,0.7820508483293894,0.30675675675675673,0.45026000190425564,0.5951198436118461,0.03137257695198059,0.03716135838547269,0.6983082397564038,0.40625,7.653217099956237,17006688,1
20,20,6708,0.14594696969696971,2560,1.401751571893692,0.473046875,0.7742723256349564,0.7930001825094223,0.27109375,0.43800640404224395,0.5954225122928619,0.03137257695198059,0.04256905894726515,0.7119157403707504,0.3515625,8.085004099993967,17006708,1
20,40,6728,0.14518939393939392,2560,1.3570030868053435,0.479296875,0.7777743607759475,0.793510714173317,0.26875,0.4441551253199577,0.5869386255741119,0.03137257695198059,0.0391215393319726,0.7025440812110901,0.3828125,7.566097400034778,17006728,1
20,60,6748,0.1444318181818182,2560,1.3732159614562989,0.4765625,0.7687914311885834,0.7886725246906281,0.28828125,0.45152477622032167,0.5911833643913269,0.03137257695198059,0.04052795097231865,0.7070346742868423,0.390625,7.744473199942149,17006748,1
20,80,6768,0.1436742424242424,2560,1.3833258986473083,0.4703125,0.7834246665239334,0.7919020533561707,0.2734375,0.4255788564682007,0.5935470819473266,0.03137257695198059,0.04363326542079449,0.7140258729457856,0.421875,7.550223400001414,17006768,1
20,100,6788,0.14291666666666666,2560,1.3382754921913147,0.484765625,0.7670700997114182,0.785836809873581,0.284765625,0.44687696248292924,0.5938400477170944,0.03137257695198059,0.03943408951163292,0.7035516917705535,0.4609375,7.712665099999867,17006788,1
20,120,6808,0.1421590909090909,2560,1.4089466273784637,0.46015625,0.7657043784856796,0.794634011387825,0.28515625,0.4479998141527176,0.5867309689521789,0.03137257695198059,0.04226100705564022,0.7103242009878159,0.328125,7.900294999941252,17006808,1
20,140,6828,0.14140151515151517,2560,1.3811548948287964,0.468359375,0.7540861427783966,0.778491872549057,0.27578125,0.4354267045855522,0.5935332149267196,0.03137257695198059,0.040510290302336216,0.7069084048271179,0.3828125,7.589276999933645,17006828,1
20,160,6848,0.14064393939393938,2560,1.3703899085521698,0.477734375,0.773074871301651,0.7793106287717819,0.280859375,0.4392069488763809,0.5861892849206924,0.03137257695198059,0.03847137857228518,0.7030701041221619,0.3828125,7.49884299992118,17006848,1
20,180,6868,0.13988636363636364,2560,1.3747583150863647,0.48046875,0.764093604683876,0.785304281115532,0.28203125,0.4580555886030197,0.5932809382677078,0.03137257695198059,0.04035534355789423,0.7064458727836609,0.3828125,7.652884399984032,17006868,1
20,200,6888,0.13912878787878788,2560,1.379666006565094,0.4640625,0.7790512472391129,0.7911481440067292,0.284375,0.44621634781360625,0.5874907374382019,0.03137257695198059,0.039957238174974916,0.704942473769188,0.3203125,7.797374699963257,17006888,1
20,220,6908,0.13837121212121214,2560,1.3909882664680482,0.46640625,0.768465006351471,0.7912764489650727,0.273828125,0.44707710295915604,0.5908778071403503,0.03137257695198059,0.039921453408896926,0.705319482088089,0.3203125,7.807155099930242,17006908,1
20,240,6928,0.13761363636363635,2560,1.396763128042221,0.459375,0.7717168420553208,0.7879694789648056,0.290625,0.439899779856205,0.5949615716934205,0.03137257695198059,0.038129156827926634,0.6990150302648545,0.3671875,7.636611900059506,17006928,1
20,260,6948,0.13685606060606062,2560,1.3840275049209594,0.477734375,0.772903910279274,0.7879292964935303,0.26640625,0.43297993391752243,0.5909945368766785,0.03137257695198059,0.04077379200607538,0.7075132697820663,0.40625,7.718759599956684,17006948,1
20,280,6968,0.13609848484848483,2560,1.3936447083950043,0.464453125,0.7604196012020111,0.7822895288467407,0.294921875,0.45326153486967086,0.5866255670785904,0.03137257695198059,0.04022474009543657,0.7049530118703842,0.3515625,7.521884600049816,17006968,1
20,300,6988,0.1353409090909091,2560,1.403943932056427,0.472265625,0.7610582560300827,0.7851252496242523,0.271875,0.44847267866134644,0.5874687373638153,0.03137257695198059,0.03852620031684637,0.7019167482852936,0.3828125,7.806997000006959,17006988,1
20,320,7008,0.13458333333333333,2560,1.4251338124275208,0.449609375,0.7798930406570435,0.7943516045808792,0.294140625,0.4326913431286812,0.5901059657335281,0.03137257695198059,0.04124950096011162,0.7092723667621612,0.3828125,7.623595400014892,17007008,1
20,340,7028,0.1338257575757576,2560,1.3756990790367127,0.48046875,0.7626920372247696,0.7834254115819931,0.26484375,0.41816876381635665,0.5923003047704697,0.03137257695198059,0.0388127313926816,0.7022540122270584,0.4296875,7.644244099967182,17007028,1
20,352,7040,0.1333712121212121,1480,1.3422990914937611,0.48378378330050287,0.7760961368277266,0.7880195305154131,0.3040540546984286,0.4491342058052888,0.5941734136761846,0.03137257695198059,0.04040913326112,0.706325258757617,0.40625,8.012810499989428,17007040,1
21,20,7060,0.13261363636363638,2560,1.3666805803775788,0.47109375,0.758754950761795,0.785134008526802,0.276171875,0.45975694358348845,0.5892238825559616,0.03137257695198059,0.03664108365774155,0.6939457863569259,0.4140625,8.201436100061983,17007060,1
21,40,7080,0.1318560606060606,2560,1.3642967224121094,0.480078125,0.7738262087106704,0.7873209893703461,0.275,0.43944407552480697,0.5924920558929443,0.03137257695198059,0.03820958640426397,0.7004364907741547,0.390625,7.606427900027484,17007080,1
21,60,7100,0.13109848484848485,2560,1.3734298586845397,0.481640625,0.758486407995224,0.7893305599689484,0.2734375,0.4587616816163063,0.5842365473508835,0.03137257695198059,0.0387486582621932,0.7018444210290908,0.390625,7.664968300028704,17007100,1
21,80,7120,0.1303409090909091,2560,1.4030363261699677,0.481640625,0.7563112825155258,0.7777143061161041,0.275390625,0.4559768259525299,0.5938837826251984,0.03137257695198059,0.039373099058866504,0.7039848774671554,0.3828125,7.567582699935883,17007120,1
21,100,7140,0.12958333333333336,2560,1.3324112713336944,0.48359375,0.7674245774745941,0.781239464879036,0.283984375,0.43001697659492494,0.5926207393407822,0.03137257695198059,0.037795115634799,0.6989262759685516,0.4296875,8.586005100049078,17007140,1
21,120,7160,0.12882575757575757,2560,1.361769872903824,0.487890625,0.7600979030132293,0.7853569239377975,0.26953125,0.4599522426724434,0.5944842219352722,0.03137257695198059,0.038629358261823656,0.7019053250551224,0.3828125,7.815743499901146,17007160,1
21,140,7180,0.12806818181818183,2560,1.351307636499405,0.476171875,0.7537424206733704,0.7796912014484405,0.285546875,0.4532661437988281,0.5910094201564788,0.03137257695198059,0.03830154314637184,0.7002046674489975,0.3984375,7.608813100028783,17007180,1
21,160,7200,0.12731060606060604,2560,1.3690678596496582,0.478125,0.765905711054802,0.7812518090009689,0.27578125,0.4436088249087334,0.5877587854862213,0.03137257695198059,0.03765337560325861,0.6981496334075927,0.4296875,7.799432000028901,17007200,1
21,180,7220,0.1265530303030303,2560,1.411163753271103,0.453125,0.7667118519544601,0.7874505549669266,0.28125,0.45589605420827867,0.5889419764280319,0.03137257695198059,0.03765265811234712,0.6978102803230286,0.40625,7.827339799958281,17007220,1
21,200,7240,0.12579545454545454,2560,1.3378866255283355,0.483203125,0.7677856236696243,0.7849685907363891,0.2765625,0.41922706067562104,0.5898012965917587,0.03137257695198059,0.03973293900489807,0.703344514966011,0.4296875,7.92968199995812,17007240,1
21,220,7260,0.1250378787878788,2560,1.332854402065277,0.485546875,0.7515190541744232,0.7793939203023911,0.2828125,0.45990734845399855,0.5877591699361802,0.03137257695198059,0.04066039677709341,0.7067973256111145,0.390625,7.976051399949938,17007260,1
21,240,7280,0.12428030303030302,2560,1.3481363534927369,0.48203125,0.7717460811138153,0.7880274623632431,0.26328125,0.4413635417819023,0.5879155695438385,0.03137257695198059,0.03732136227190495,0.6970768064260483,0.359375,8.016097499988973,17007280,1
21,260,7300,0.12352272727272728,2560,1.3256315350532533,0.48515625,0.7538485139608383,0.7807865411043167,0.28359375,0.441158352792263,0.5915461421012879,0.03137257695198059,0.04071767944842577,0.7071636140346527,0.40625,7.836228100000881,17007300,1
21,280,7320,0.12276515151515151,2560,1.340187805891037,0.490234375,0.753270474076271,0.7854679256677628,0.275390625,0.44044495522975924,0.5955925166606904,0.03137257695198059,0.03766124676913023,0.7003143221139908,0.4296875,7.60282560007181,17007320,1
21,300,7340,0.12200757575757577,2560,1.347271990776062,0.490234375,0.7643308222293854,0.7802055537700653,0.270703125,0.4427812933921814,0.5871050655841827,0.03137257695198059,0.03701798468828201,0.696792608499527,0.4453125,7.5496124000055715,17007340,1
21,320,7360,0.12125,2560,1.3628354251384736,0.478125,0.7460406661033631,0.778371199965477,0.288671875,0.45900307446718214,0.5928969293832779,0.03137257695198059,0.036541658267378804,0.6962058186531067,0.4140625,7.8472664000000805,17007360,1
21,340,7380,0.12049242424242426,2560,1.362847661972046,0.46171875,0.7518010526895523,0.7737967312335968,0.287890625,0.44217601269483564,0.5901241481304169,0.03137257695198059,0.038723238930106166,0.7026802003383636,0.3515625,7.702103500021622,17007380,1
21,352,7392,0.12003787878787878,1480,1.3089606156220308,0.5087837839448774,0.7765227910634633,0.7937825647560326,0.2722972972972973,0.42931411878482717,0.5861581267537297,0.03137257695198059,0.03867355393799576,0.7031622251948795,0.390625,7.711756499949843,17007392,1
22,20,7412,0.11928030303030304,2560,1.2865509867668152,0.503125,0.7312309801578522,0.7687057733535767,0.28046875,0.44073128551244733,0.5900395900011063,0.03137257695198059,0.038408029824495316,0.7003615885972977,0.4375,7.950514800031669,17007412,1
22,40,7432,0.11852272727272727,2560,1.3149703860282898,0.493359375,0.7429734885692596,0.7775927424430847,0.27890625,0.46485242396593096,0.592528685927391,0.03137257695198059,0.039666733145713805,0.7033817678689956,0.4375,7.513726499979384,17007432,1
22,60,7452,0.11776515151515153,2560,1.3331456542015077,0.478125,0.7480015814304352,0.7779274195432663,0.283984375,0.4493127927184105,0.5932204127311707,0.03137257695198059,0.0380394222214818,0.6997746974229813,0.421875,7.578606899944134,17007452,1
22,80,7472,0.11700757575757575,2560,1.3407643377780913,0.4765625,0.7551946043968201,0.7754938960075378,0.28203125,0.4487306371331215,0.5862133294343949,0.03137257695198059,0.03702551759779453,0.6972864717245102,0.4140625,7.572457999922335,17007472,1
22,100,7492,0.11625000000000002,2560,1.3342704594135284,0.487109375,0.7591233968734741,0.780465716123581,0.273828125,0.4468135520815849,0.5867257654666901,0.03137257695198059,0.03812457714229822,0.6999754875898361,0.40625,7.459911999991164,17007492,1
22,120,7512,0.11549242424242423,2560,1.324760800600052,0.4921875,0.7651653826236725,0.7824633479118347,0.287109375,0.4429128184914589,0.5904279232025147,0.03137257695198059,0.03648361563682556,0.694737297296524,0.421875,7.536248399992473,17007512,1
22,140,7532,0.1147348484848485,2560,1.322145789861679,0.503515625,0.7329917132854462,0.7674090296030045,0.27890625,0.4660770073533058,0.5900716334581375,0.03137257695198059,0.036929971538484097,0.6977589070796967,0.40625,7.495871899998747,17007532,1
22,160,7552,0.11397727272727272,2560,1.3307048738002778,0.485546875,0.7623248755931854,0.7835193842649459,0.287890625,0.44262785613536837,0.586929976940155,0.03137257695198059,0.03708182442933321,0.6966922849416732,0.4296875,7.604071300011128,17007552,1
22,180,7572,0.11321969696969698,2560,1.3573293507099151,0.480078125,0.7615741431713104,0.7787630915641784,0.292578125,0.4542635425925255,0.5847539454698563,0.03137257695198059,0.03606780599802732,0.6952324032783508,0.40625,7.822148700011894,17007572,1
22,200,7592,0.11246212121212121,2560,1.3416022956371307,0.487890625,0.7580812722444534,0.7798792749643326,0.27265625,0.44595257490873336,0.5923192501068115,0.03137257695198059,0.039701271988451484,0.7050660341978073,0.375,7.559156800038181,17007592,1
22,220,7612,0.11170454545454547,2560,1.332790631055832,0.4859375,0.7544886410236359,0.7840862452983857,0.28046875,0.43533982187509535,0.5884639948606492,0.03137257695198059,0.03607424646615982,0.6937207221984864,0.421875,7.4545726000797,17007612,1
22,240,7632,0.1109469696969697,2560,1.2996569395065307,0.5046875,0.7519395262002945,0.7816300958395004,0.28671875,0.4354685351252556,0.5939064174890518,0.03137257695198059,0.03567746821790933,0.6923986881971359,0.40625,7.524273499962874,17007632,1
22,260,7652,0.11018939393939396,2560,1.3117144465446473,0.4984375,0.7379891872406006,0.7702517330646514,0.27109375,0.451974929869175,0.5882380396127701,0.03137257695198059,0.03533625733107328,0.6921458899974823,0.4453125,7.501943800016306,17007652,1
22,280,7672,0.10943181818181819,2560,1.3435302674770355,0.47734375,0.7415835529565811,0.7786175042390824,0.2921875,0.4571844071149826,0.5875740319490432,0.03137257695198059,0.03838990032672882,0.7001636028289795,0.3828125,7.576713299960829,17007672,1
22,300,7692,0.10867424242424245,2560,1.3302666783332824,0.49375,0.7497653216123581,0.777461513876915,0.280078125,0.4510951220989227,0.5887085109949112,0.03137257695198059,0.03794874511659145,0.6980931282043457,0.34375,7.589566100039519,17007692,1
22,320,7712,0.10791666666666666,2560,1.2913777530193329,0.497265625,0.7468185067176819,0.7707342982292176,0.284765625,0.4521504282951355,0.5890420436859131,0.03137257695198059,0.03774377405643463,0.6981783121824264,0.3828125,7.6055294999387115,17007712,1
22,340,7732,0.10715909090909093,2560,1.304300731420517,0.501171875,0.7554097205400467,0.7707746028900146,0.263671875,0.4375592410564423,0.5896784633398056,0.03137257695198059,0.03930745311081409,0.7037828654050827,0.40625,7.784308100002818,17007732,1
22,352,7744,0.10670454545454544,1480,1.3962339613888715,0.4668918922140792,0.7599843363504152,0.78058379952972,0.29324324404871144,0.4921465664296537,0.5947947550464321,0.03137257695198059,0.03585661621512593,0.6931237758816899,0.390625,7.57557220000308,17007744,1
23,20,7764,0.1059469696969697,2560,1.304158914089203,0.500390625,0.7583889961242676,0.7773587822914123,0.2765625,0.43049639612436297,0.5854470759630204,0.03137257695198059,0.037739315815269944,0.6971594244241714,0.453125,8.34598600002937,17007764,1
23,40,7784,0.10518939393939393,2560,1.2541415095329285,0.5171875,0.7397152245044708,0.7693953424692154,0.275,0.45075401961803435,0.5935375452041626,0.03137257695198059,0.03560248706489801,0.6913907200098037,0.4140625,7.774644099990837,17007784,1
23,60,7804,0.1044318181818182,2560,1.2731509327888488,0.50546875,0.7433085680007935,0.7771867275238037,0.280078125,0.4576711103320122,0.5809051692485809,0.03137257695198059,0.03569936584681273,0.6943098187446595,0.390625,7.701022799941711,17007804,1
23,80,7824,0.10367424242424242,2560,1.2999014496803283,0.49609375,0.7547717273235321,0.7811500757932663,0.288671875,0.4506993219256401,0.591766756772995,0.03137257695198059,0.03699181769043207,0.6968951642513275,0.4453125,7.669076099991798,17007824,1
23,100,7844,0.10291666666666668,2560,1.3061668217182159,0.49609375,0.7440498352050782,0.765590688586235,0.271875,0.4497334837913513,0.5896557092666626,0.03137257695198059,0.034284124989062546,0.6876962214708329,0.4140625,8.154952600016259,17007844,1
23,120,7864,0.10215909090909091,2560,1.298171442747116,0.491015625,0.7436152100563049,0.769149923324585,0.296484375,0.4539542242884636,0.5860186398029328,0.03137257695198059,0.03748675789684057,0.6988573879003525,0.4140625,7.731775199994445,17007864,1
23,140,7884,0.10140151515151517,2560,1.3477902173995973,0.485546875,0.7487945437431336,0.7767228662967682,0.29609375,0.457346411049366,0.5888113856315613,0.03137257695198059,0.038147648051381114,0.7000571399927139,0.4296875,7.928618200006895,17007884,1
23,160,7904,0.1006439393939394,2560,1.322853296995163,0.493359375,0.7526050180196762,0.7749722987413407,0.27890625,0.44469661712646485,0.5894422084093094,0.03137257695198059,0.035561371594667435,0.6924131602048874,0.421875,7.8096445999108255,17007904,1
23,180,7924,0.09988636363636366,2560,1.3018971383571625,0.501953125,0.7422843128442764,0.7810221493244172,0.288671875,0.4580720171332359,0.5916916102170944,0.03137257695198059,0.03489157166332006,0.6911096960306168,0.453125,7.836222099955194,17007924,1
23,200,7944,0.09912878787878787,2560,1.3015154242515563,0.496875,0.7387418031692505,0.7753878504037857,0.2734375,0.4481331244111061,0.5914592921733857,0.03137257695198059,0.036709978431463244,0.6959048807621002,0.3984375,7.784023500047624,17007944,1
23,220,7964,0.09837121212121214,2560,1.3299795508384704,0.4984375,0.7366780132055283,0.7709292292594909,0.278515625,0.458285915851593,0.5807735592126846,0.03137257695198059,0.03728931322693825,0.6977692514657974,0.421875,7.87554000003729,17007964,1
23,240,7984,0.09761363636363636,2560,1.2908299088478088,0.505859375,0.7565737783908844,0.7745329767465592,0.267578125,0.44068739265203477,0.5849974513053894,0.03137257695198059,0.035453925095498565,0.6922671526670456,0.4375,7.87779119994957,17007984,1
23,260,8004,0.09685606060606063,2560,1.3143863916397094,0.49453125,0.7336806923151016,0.7645992547273636,0.27734375,0.46247256398200987,0.5913740962743759,0.03137257695198059,0.03664095047861338,0.6968743950128555,0.4140625,8.167083899956197,17008004,1
23,280,8024,0.09609848484848485,2560,1.2920334100723267,0.503125,0.7574768453836441,0.7828324794769287,0.266015625,0.4349611818790436,0.5865952968597412,0.03137257695198059,0.037915448844432834,0.6983219265937806,0.4140625,7.861409300006926,17008024,1
23,300,8044,0.09534090909090912,2560,1.2953569710254669,0.51171875,0.7340441137552262,0.7724838465452194,0.27109375,0.4495552897453308,0.6007939875125885,0.03137257695198059,0.03529750471934676,0.6914618760347366,0.4375,7.790660100057721,17008044,1
23,320,8064,0.09458333333333334,2560,1.2931813418865203,0.508203125,0.7503627836704254,0.7774702936410904,0.269140625,0.44957687258720397,0.5909496486186981,0.03137257695198059,0.036866998113691804,0.6970442295074463,0.4296875,7.861625300021842,17008064,1
23,340,8084,0.0938257575757576,2560,1.2457845091819764,0.523828125,0.7235699892044067,0.766786715388298,0.268359375,0.4417353481054306,0.5920350581407547,0.03137257695198059,0.03544103968888521,0.6929515212774277,0.40625,7.7478271999862045,17008084,1
23,352,8096,0.09337121212121212,1480,1.2656703510799923,0.5236486483264614,0.7291038825705245,0.7637442434156263,0.28581081056917035,0.45890181402902347,0.5942277441153655,0.031372576770750255,0.035429106854103706,0.6897024489737845,0.421875,7.656829999992624,17008096,1
24,20,8116,0.09261363636363638,2560,1.2387515425682067,0.527734375,0.7512314707040787,0.7757548242807388,0.25859375,0.4439605429768562,0.5899433404207229,0.03137257695198059,0.035622972249984744,0.6921697705984116,0.390625,8.320707900100388,17008116,1
24,40,8136,0.09185606060606061,2560,1.2777791500091553,0.5078125,0.738868972659111,0.7721106380224227,0.267578125,0.4510647401213646,0.5894713282585144,0.03137257695198059,0.03476218357682228,0.6911335229873657,0.4453125,7.716084599960595,17008136,1
24,60,8156,0.09109848484848487,2560,1.2492309987545014,0.531640625,0.731774628162384,0.7684063225984573,0.26015625,0.44736708849668505,0.5892560541629791,0.03137257695198059,0.03322960371151566,0.684026038646698,0.4140625,7.716899599996395,17008156,1
24,80,8176,0.09034090909090908,2560,1.2790004670619965,0.497265625,0.7381256252527237,0.7675926446914673,0.287109375,0.46126367449760436,0.587335604429245,0.03137257695198059,0.03710307069122791,0.6967978358268738,0.4296875,7.784800300025381,17008176,1
24,100,8196,0.08958333333333335,2560,1.2289889931678772,0.5234375,0.7350500524044037,0.7656017541885376,0.290625,0.4560337960720062,0.5874603420495987,0.03137257695198059,0.03677329290658236,0.6948773026466369,0.4453125,8.256416600081138,17008196,1
24,120,8216,0.08882575757575757,2560,1.308151751756668,0.499609375,0.7377910137176513,0.7617126613855362,0.292578125,0.47069051265716555,0.5907629817724228,0.03137257695198059,0.035110719688236716,0.690022885799408,0.390625,7.86200139997527,17008216,1
24,140,8236,0.08806818181818184,2560,1.2551420867443084,0.50703125,0.753614890575409,0.7785840541124344,0.276171875,0.4409465044736862,0.5931738704442978,0.03137257695198059,0.035294501669704915,0.6921135932207108,0.4140625,7.683338499977253,17008236,1
24,160,8256,0.08731060606060606,2560,1.2535991549491883,0.516015625,0.7264381974935532,0.7637305170297622,0.285546875,0.4590394556522369,0.5912639796733856,0.03137257695198059,0.03612325461581349,0.6939315795898438,0.4609375,7.666269299923442,17008256,1
24,180,8276,0.08655303030303033,2560,1.2644476890563965,0.516015625,0.7184009730815888,0.7643036127090455,0.275,0.4470766380429268,0.5891512751579284,0.03137257695198059,0.03507577702403068,0.6914920598268509,0.3828125,7.734093500068411,17008276,1
24,200,8296,0.08579545454545455,2560,1.2703881919384004,0.50859375,0.7315680861473084,0.7620540857315063,0.276171875,0.4513735055923462,0.5890435695648193,0.03137257695198059,0.035474034026265144,0.6919160097837448,0.40625,7.535550500033423,17008296,1
24,220,8316,0.08503787878787882,2560,1.2522566378116609,0.51796875,0.7302634805440903,0.768233260512352,0.271875,0.4465551808476448,0.5847611993551254,0.03137257695198059,0.03731482718139887,0.6966441452503205,0.453125,7.787459500017576,17008316,1
24,240,8336,0.08428030303030304,2560,1.3107715606689454,0.4828125,0.724606505036354,0.766264232993126,0.2890625,0.4699935927987099,0.5977883875370026,0.03137257695198059,0.03492605164647102,0.6909237444400788,0.3125,7.584286600002088,17008336,1
24,260,8356,0.0835227272727273,2560,1.2852226555347444,0.51015625,0.7362496197223664,0.7731959164142609,0.265625,0.4410213440656662,0.5887506008148193,0.03137257695198059,0.03550895750522613,0.6921662867069245,0.4296875,7.786446399986744,17008356,1
24,280,8376,0.08276515151515151,2560,1.2620836198329926,0.516015625,0.7364724934101105,0.7737495571374893,0.2765625,0.45008407831192015,0.5900671869516373,0.03137257695198059,0.036538701690733436,0.6961631506681443,0.4296875,7.985743900062516,17008376,1
24,300,8396,0.08200757575757578,2560,1.2508610725402831,0.521484375,0.7223332285881042,0.765292626619339,0.277734375,0.44852414727211,0.5905246913433075,0.03137257695198059,0.032851133961230516,0.684850201010704,0.453125,7.819828899926506,17008396,1
24,320,8416,0.08125,2560,1.2576201498508452,0.5125,0.7308209806680679,0.7646848261356354,0.27265625,0.4435214549303055,0.5850480556488037,0.03137257695198059,0.03589621968567371,0.6929773807525634,0.4296875,7.840817000018433,17008416,1
24,340,8436,0.08049242424242423,2560,1.2425366640090942,0.522265625,0.7331175833940506,0.77337686419487,0.262890625,0.4482453763484955,0.6038760125637055,0.03137257695198059,0.03611935209482908,0.6943268477916718,0.4375,7.660435999976471,17008436,1
24,352,8448,0.08003787878787878,1480,1.2527936909649824,0.4932432440487114,0.7212342152724395,0.7620722177866343,0.31081081097190444,0.4611815072394706,0.5871736107645809,0.03137257695198059,0.03904190089654278,0.7045200860178148,0.4296875,7.670854200026952,17008448,1
25,20,8468,0.07928030303030305,2560,1.194954091310501,0.533984375,0.7282443851232528,0.767488494515419,0.271875,0.44653567522764204,0.5887138575315476,0.03137257695198059,0.03585433028638363,0.6930579870939255,0.421875,8.402328000054695,17008468,1
25,40,8488,0.07852272727272727,2560,1.2347767651081085,0.52578125,0.7038524359464645,0.760080736875534,0.277734375,0.46672151535749434,0.5902711451053619,0.03137257695198059,0.034349245764315126,0.6889087438583374,0.46875,7.851384299923666,17008488,1
25,60,8508,0.07776515151515154,2560,1.2375402808189393,0.51328125,0.7370084434747696,0.76074920296669,0.278515625,0.4526656359434128,0.5929204553365708,0.03137257695198059,0.0345663670450449,0.6907710134983063,0.4609375,8.322641599923372,17008508,1
25,80,8528,0.07700757575757576,2560,1.2434024393558503,0.5265625,0.730265760421753,0.7760114192962646,0.271875,0.4483708098530769,0.5901890009641647,0.03137257695198059,0.03436018191277981,0.6905604809522629,0.453125,8.438646599999629,17008528,1
25,100,8548,0.07625000000000003,2560,1.2491967916488647,0.51796875,0.7268630862236023,0.7582322597503662,0.2859375,0.4662981301546097,0.5919288873672486,0.03137257695198059,0.03574830750003457,0.6937214255332946,0.4453125,8.009291400085203,17008548,1
25,120,8568,0.07549242424242425,2560,1.2169424533843993,0.521484375,0.7172344475984573,0.7581890255212784,0.26953125,0.4505666896700859,0.5866434961557389,0.03137257695198059,0.035505734756588934,0.692054682970047,0.453125,8.094437599997036,17008568,1
25,140,8588,0.0747348484848485,2560,1.2468598008155822,0.5109375,0.7118368655443191,0.7693458795547485,0.27890625,0.45930896550416944,0.5880263209342956,0.03137257695198059,0.03530827090144158,0.6901120603084564,0.4140625,7.840516499942169,17008588,1
25,160,8608,0.07397727272727272,2560,1.2143333017826081,0.532421875,0.7250806599855423,0.7708845913410187,0.26484375,0.43897106796503066,0.5928458034992218,0.03137257695198059,0.03484210837632418,0.6919900745153427,0.4453125,7.8421619000146165,17008608,1
25,180,8628,0.07321969696969699,2560,1.1850866556167603,0.551953125,0.7133068114519119,0.7568154841661453,0.254296875,0.44818308502435683,0.5822007685899735,0.03137257695198059,0.03555402187630534,0.6923639982938766,0.4296875,8.653990800026804,17008628,1
25,200,8648,0.07246212121212121,2560,1.220171570777893,0.527734375,0.7018105953931808,0.7558713465929031,0.275390625,0.4519654408097267,0.5937885493040085,0.03137257695198059,0.032988309394568205,0.6863119572401046,0.453125,7.98432769998908,17008648,1
25,220,8668,0.07170454545454548,2560,1.2428214728832245,0.530078125,0.7228741377592087,0.7614144831895828,0.26171875,0.45330640524625776,0.5911934077739716,0.03137257695198059,0.03437341982498765,0.6888015359640122,0.4140625,7.855352299986407,17008668,1
25,240,8688,0.0709469696969697,2560,1.2419477820396423,0.52265625,0.7204599797725677,0.7563588678836822,0.28671875,0.45167760998010636,0.5907248377799987,0.03137257695198059,0.034729974903166295,0.6918000161647797,0.453125,7.642951900023036,17008688,1
25,260,8708,0.07018939393939393,2560,1.237504529953003,0.5171875,0.7135407298803329,0.7614040613174439,0.28125,0.46743990629911425,0.5921058893203736,0.03137257695198059,0.03363069873303175,0.6870132952928543,0.4453125,7.67159929999616,17008708,1
25,280,8728,0.06943181818181819,2560,1.2472382247447968,0.520703125,0.7136847794055938,0.7570921838283539,0.2734375,0.4513740107417107,0.5896765619516373,0.03137257695198059,0.035341364331543446,0.6921472430229187,0.3984375,7.653923899983056,17008728,1
25,300,8748,0.0686742424242424,2560,1.2047612905502318,0.51875,0.7343263179063797,0.7599355310201645,0.2796875,0.4406483843922615,0.5923852443695068,0.03137257695198059,0.03571857009083033,0.6934236705303192,0.46875,7.993195699993521,17008748,1
25,320,8768,0.06791666666666667,2560,1.212863129377365,0.523046875,0.7350793272256851,0.7652925044298172,0.28203125,0.4503267079591751,0.5856230556964874,0.03137257695198059,0.033855834323912856,0.687351256608963,0.390625,7.814678899943829,17008768,1
25,340,8788,0.06715909090909089,2560,1.1947248190641404,0.542578125,0.709934538602829,0.7560080409049987,0.269921875,0.451062074303627,0.5812589198350906,0.03137257695198059,0.03428493728861213,0.6882354021072388,0.4375,7.665042600012384,17008788,1
25,352,8800,0.06670454545454545,1480,1.2067410449723939,0.5560810807588938,0.7221606657311723,0.7667216758470278,0.26418918967247007,0.4459820212544622,0.5991184727565663,0.03137257695198059,0.03166099847168536,0.6785182695131045,0.4296875,7.583757200045511,17008800,1
26,20,8820,0.06594696969696971,2560,1.1975812792778016,0.53203125,0.7256218314170837,0.7606551080942154,0.2796875,0.454825259745121,0.5807464748620987,0.03137257695198059,0.033555288799107075,0.6875597953796386,0.4453125,8.112417900003493,17008820,1
26,40,8840,0.06518939393939394,2560,1.1664501488208772,0.55,0.7030952781438827,0.7561524868011474,0.278125,0.44892116636037827,0.5896115839481354,0.03137257695198059,0.033113001845777035,0.6836062043905258,0.390625,7.612789999926463,17008840,1
26,60,8860,0.0644318181818182,2560,1.2037668764591216,0.536328125,0.713671749830246,0.752548235654831,0.278515625,0.4611027553677559,0.5854011803865433,0.03137257695198059,0.03481819741427898,0.6907367587089539,0.484375,7.5020648000063375,17008860,1
26,80,8880,0.06367424242424242,2560,1.1637103736400605,0.5484375,0.7149536788463593,0.7548954248428345,0.258203125,0.4376889795064926,0.5841058313846588,0.03137257695198059,0.033758180867880586,0.6872795581817627,0.4453125,7.466203200048767,17008880,1
26,100,8900,0.06291666666666669,2560,1.1800208747386933,0.538671875,0.714395722746849,0.7566765010356903,0.273828125,0.444899021089077,0.5890236139297486,0.03137257695198059,0.033370728325098756,0.6857779532670975,0.3828125,7.535723399952985,17008900,1
26,120,8920,0.062159090909090914,2560,1.1783099234104157,0.54140625,0.707075497508049,0.7556297540664673,0.27890625,0.4552532359957695,0.5836516231298446,0.03137257695198059,0.03424892611801624,0.6882822662591934,0.4375,7.560317999916151,17008920,1
26,140,8940,0.06140151515151518,2560,1.206028413772583,0.530078125,0.711991372704506,0.7529631495475769,0.278515625,0.45548701137304304,0.5878407984972001,0.03137257695198059,0.03391411174088717,0.6869118303060532,0.4609375,7.593322700005956,17008940,1
26,160,8960,0.060643939393939396,2560,1.2241639733314513,0.53203125,0.7181520402431488,0.7583521783351899,0.276171875,0.45799689143896105,0.5862453728914261,0.03137257695198059,0.035004273243248465,0.6892685115337371,0.4765625,7.588200400001369,17008960,1
26,180,8980,0.05988636363636362,2560,1.187960010766983,0.5328125,0.7153873920440674,0.7582523584365845,0.28515625,0.44212818443775176,0.5832592189311981,0.03137257695198059,0.03424788732081652,0.688018748164177,0.484375,7.773162700003013,17008980,1
26,200,9000,0.059128787878787885,2560,1.192187386751175,0.544921875,0.7035730510950089,0.743776473402977,0.274609375,0.45946578979492186,0.596643728017807,0.03137257695198059,0.03604442272335291,0.6938143134117126,0.4453125,7.775372400064953,17009000,1
26,220,9020,0.0583712121212121,2560,1.1888245344161987,0.533203125,0.7188283890485764,0.763638836145401,0.286328125,0.45653835088014605,0.5873071163892746,0.03137257695198059,0.03382715471088886,0.6859987080097198,0.4765625,7.8028753999387845,17009020,1
26,240,9040,0.05761363636363637,2560,1.1862527847290039,0.53515625,0.7147859096527099,0.7629403680562973,0.274609375,0.4560759365558624,0.5899768978357315,0.03137257695198059,0.03592116311192513,0.6944265365600586,0.4375,7.716160399955697,17009040,1
26,260,9060,0.05685606060606059,2560,1.1588019669055938,0.54296875,0.6986808031797409,0.7451706111431122,0.271484375,0.4343827813863754,0.5890649348497391,0.03137257695198059,0.03353138295933604,0.6852109760046006,0.4296875,7.688557700021192,17009060,1
26,280,9080,0.056098484848484856,2560,1.1903114855289458,0.537890625,0.701036074757576,0.7557399988174438,0.2828125,0.4629259005188942,0.5876816004514694,0.03137257695198059,0.03389648981392383,0.689057132601738,0.421875,7.624640899943188,17009080,1
26,300,9100,0.05534090909090908,2560,1.1868070423603059,0.53359375,0.7043913722038269,0.7525922387838364,0.284375,0.4543674439191818,0.5863755702972412,0.03137257695198059,0.034732073172926904,0.6894359290599823,0.421875,7.613560900092125,17009100,1
26,320,9120,0.054583333333333345,2560,1.1386252224445343,0.567578125,0.6995293170213699,0.75872423350811,0.258984375,0.4452861204743385,0.5915078759193421,0.03137257695198059,0.033681947831064464,0.6885882645845414,0.421875,7.872066900017671,17009120,1
26,340,9140,0.05382575757575756,2560,1.1784591734409333,0.553125,0.6892982006072998,0.7413250207901001,0.255078125,0.45669974386692047,0.5943167537450791,0.03137257695198059,0.03269572919234633,0.6824459999799728,0.46875,7.615776900085621,17009140,1
26,352,9152,0.053371212121212125,1480,1.1330259967494656,0.5574324324324325,0.7022091159949432,0.7492755193968077,0.2716216220243557,0.42665958710618923,0.5881704133910102,0.03137257695198059,0.033729476602496325,0.6854783860412804,0.46875,7.729770999983884,17009152,1
27,20,9172,0.05261363636363639,2560,1.1464181780815124,0.555078125,0.7233217626810073,0.7555172175168992,0.269921875,0.4317426010966301,0.5838248163461686,0.03137257695198059,0.034091715700924397,0.6879322797060012,0.40625,8.400234000058845,17009172,1
27,40,9192,0.05185606060606061,2560,1.161737796664238,0.5421875,0.7001939505338669,0.7524250239133835,0.283203125,0.44782314002513884,0.5898971766233444,0.03137257695198059,0.033372904919087884,0.6846296131610871,0.4296875,7.7508332000579685,17009192,1
27,60,9212,0.05109848484848483,2560,1.1481738328933715,0.556640625,0.7045643389225006,0.7493543237447738,0.26328125,0.44312749058008194,0.582709014415741,0.03137257695198059,0.03421754157170653,0.6885008990764618,0.5078125,7.645983599941246,17009212,1
27,80,9232,0.050340909090909096,2560,1.1339037150144577,0.551171875,0.7053892523050308,0.7540310114622116,0.276953125,0.45174031853675845,0.5799193322658539,0.03137257695198059,0.03279757015407085,0.6823419988155365,0.4765625,7.703708400018513,17009232,1
27,100,9252,0.04958333333333331,2560,1.1216419279575347,0.5734375,0.6848573505878448,0.7452893704175949,0.2640625,0.45315997302532196,0.5858468592166901,0.03137257695198059,0.03279228415340185,0.6829654216766358,0.4375,7.653905099956319,17009252,1
27,120,9272,0.04882575757575758,2560,1.1370720565319061,0.559765625,0.6978870093822479,0.7487593442201614,0.264453125,0.4580250471830368,0.5922526299953461,0.03137257695198059,0.032166950218379495,0.6820363849401474,0.4375,7.89055000001099,17009272,1
27,140,9292,0.0480681818181818,2560,1.1191385746002198,0.560546875,0.681129202246666,0.7432000696659088,0.26796875,0.4541385412216187,0.5864039331674575,0.03137257695198059,0.034689349494874476,0.689362981915474,0.484375,8.137702399981208,17009292,1
27,160,9312,0.04731060606060607,2560,1.1543929815292358,0.543359375,0.7129168272018432,0.7570945948362351,0.283203125,0.46006605625152586,0.5870277613401413,0.03137257695198059,0.03418192509561777,0.6874507635831832,0.4765625,7.640793600003235,17009312,1
27,180,9332,0.04655303030303029,2560,1.135476863384247,0.5546875,0.7120786905288696,0.7542631983757019,0.267578125,0.4414719969034195,0.5807385921478272,0.03137257695198059,0.034665489569306374,0.6896603226661682,0.4609375,7.592244499945082,17009332,1
27,200,9352,0.045795454545454556,2560,1.1345872968435287,0.56875,0.7010482817888259,0.7473158717155457,0.24609375,0.44067348837852477,0.5899800807237625,0.03137257695198059,0.032543464563786983,0.6822739750146866,0.484375,7.515330799971707,17009352,1
27,220,9372,0.04503787878787877,2560,1.1419100344181061,0.553515625,0.7002904117107391,0.755599993467331,0.27734375,0.450126425921917,0.5871886163949966,0.03137257695198059,0.03527441006153822,0.6907005578279495,0.453125,7.537283200072125,17009372,1
27,240,9392,0.04428030303030304,2560,1.1293126702308656,0.56171875,0.7051728665828705,0.7492973506450653,0.265234375,0.4508577466011047,0.5822122126817704,0.03137257695198059,0.03390574380755425,0.6886326283216476,0.4921875,7.496130699990317,17009392,1
27,260,9412,0.04352272727272726,2560,1.1462548077106476,0.55078125,0.6946198105812073,0.7497268795967102,0.2703125,0.4555161386728287,0.5910066127777099,0.03137257695198059,0.03214723654091358,0.6801654517650604,0.421875,7.6305580999469385,17009412,1
27,280,9432,0.04276515151515153,2560,1.1264423310756684,0.5625,0.6993305385112762,0.7463441461324691,0.262109375,0.4430235236883163,0.5874029964208602,0.03137257695198059,0.0330850675702095,0.6842831254005433,0.453125,7.508519999915734,17009432,1
27,300,9452,0.042007575757575744,2560,1.151543802022934,0.54765625,0.689013946056366,0.7461363643407821,0.273046875,0.4593482330441475,0.588928884267807,0.03137257695198059,0.03476268351078034,0.6900329440832138,0.40625,7.548120200051926,17009452,1
27,320,9472,0.04125000000000001,2560,1.1169173002243042,0.56796875,0.7049712032079697,0.7532868921756745,0.26875,0.4412564501166344,0.5806661128997803,0.03137257695198059,0.03111608112230897,0.6780239045619965,0.4765625,7.4972087000496686,17009472,1
27,340,9492,0.04049242424242423,2560,1.118193194270134,0.563671875,0.6929107517004013,0.7448483973741531,0.272265625,0.44773101806640625,0.5868072748184204,0.03137257695198059,0.03228240655735135,0.6830123335123062,0.4609375,7.522067599929869,17009492,1
27,352,9504,0.04003787878787879,1480,1.0755692617313282,0.560135136101697,0.6929146718334507,0.7500629209183358,0.28851351415788806,0.4316650311689119,0.5830498411848738,0.03137257695198059,0.030826898039998236,0.6771543241835929,0.5,7.567561100004241,17009504,1
28,20,9524,0.03928030303030301,2560,1.0838970601558686,0.573046875,0.6878337949514389,0.7382049769163131,0.265625,0.4503795728087425,0.5888532191514969,0.03137257695198059,0.033251439686864614,0.6842294752597808,0.4296875,7.840534299961291,17009524,1
28,40,9544,0.03852272727272728,2560,1.0555297017097474,0.58515625,0.6998485863208771,0.75255968272686,0.255078125,0.4312969520688057,0.5915944606065751,0.03137257695198059,0.03293741047382355,0.6836201906204223,0.5,7.7146258999127895,17009544,1
28,60,9564,0.0377651515151515,2560,1.0708320647478105,0.5859375,0.6834541976451873,0.7431003749370575,0.26484375,0.44879626035690307,0.5858544826507568,0.03137257695198059,0.031704895198345184,0.6785408526659011,0.3984375,7.486525999964215,17009564,1
28,80,9584,0.03700757575757576,2560,1.088077077269554,0.566015625,0.6782253116369248,0.7399352014064788,0.271484375,0.453970342874527,0.5890106409788132,0.03137257695198059,0.03202658807858825,0.6807296752929688,0.4296875,7.698827400105074,17009584,1
28,100,9604,0.036249999999999984,2560,1.075309655070305,0.587109375,0.6973986119031906,0.7520383387804032,0.2578125,0.43927934020757675,0.5847647577524185,0.03137257695198059,0.03314568530768156,0.6861234337091446,0.4765625,7.7493492000503466,17009604,1
28,120,9624,0.03549242424242425,2560,1.124005714058876,0.5625,0.6800532668828965,0.7500985652208328,0.2703125,0.46354018747806547,0.5830244928598404,0.03137257695198059,0.03224290544167161,0.6812156289815903,0.4296875,8.007928600069135,17009624,1
28,140,9644,0.03473484848484847,2560,1.063649046421051,0.59140625,0.6937306076288223,0.745137169957161,0.25390625,0.4318536564707756,0.5906772792339325,0.03137257695198059,0.03354895543307066,0.6857946664094925,0.46875,7.605210300069302,17009644,1
28,160,9664,0.03397727272727274,2560,1.1017176240682602,0.56953125,0.6779359251260757,0.7428534358739853,0.261328125,0.45801529586315154,0.5920195490121841,0.03137257695198059,0.03168296264484525,0.6794818490743637,0.4453125,7.550368800060824,17009664,1
28,180,9684,0.033219696969696955,2560,1.0584212690591812,0.5921875,0.6798919826745987,0.7396746516227722,0.26875,0.4535963162779808,0.5848737299442291,0.03137257695198059,0.033035853691399095,0.6843347191810608,0.4921875,7.620367700001225,17009684,1
28,200,9704,0.03246212121212122,2560,1.0673058688640595,0.575,0.6712758421897889,0.7371631830930709,0.267578125,0.4440071165561676,0.583433935046196,0.03137257695198059,0.032477191369980576,0.6834184348583221,0.46875,7.7076373000163585,17009704,1
28,220,9724,0.031704545454545444,2560,1.0772163808345794,0.57265625,0.668875253200531,0.7291247248649597,0.267578125,0.45943464487791064,0.5887769222259521,0.03137257695198059,0.0325056073255837,0.6825927525758744,0.453125,7.713970500044525,17009724,1
28,240,9744,0.03094696969696971,2560,1.0158478498458863,0.59375,0.7077501267194748,0.7478819727897644,0.257421875,0.41374880969524386,0.590044167637825,0.03137257695198059,0.03096233243122697,0.6762564033269882,0.5,7.612478399998508,17009744,1
28,260,9764,0.03018939393939393,2560,1.1006142735481261,0.56484375,0.6602571994066239,0.7307726711034774,0.271875,0.4652617543935776,0.5878695398569107,0.03137257695198059,0.03295155875384807,0.6825386554002761,0.4296875,7.84984199993778,17009764,1
28,280,9784,0.029431818181818194,2560,1.0786665558815003,0.571484375,0.6906932950019836,0.7509653925895691,0.268359375,0.44742353111505506,0.5846004635095596,0.03137257695198059,0.032641392294317485,0.6832521378993988,0.4765625,7.929043399984948,17009784,1
28,300,9804,0.028674242424242415,2560,1.0703403860330583,0.58359375,0.6796684414148331,0.738452160358429,0.2671875,0.4387238875031471,0.5911852717399597,0.03137257695198059,0.031637020874768496,0.6793055057525634,0.4921875,7.9269630999770015,17009804,1
28,320,9824,0.02791666666666668,2560,1.08779017329216,0.578515625,0.6757669866085052,0.7380624324083328,0.26328125,0.4559817433357239,0.5866766810417176,0.03137257695198059,0.03190426677465439,0.6802411258220673,0.484375,7.571788499946706,17009824,1
28,340,9844,0.0271590909090909,2560,1.0754565179347992,0.58984375,0.6829719215631485,0.7341953456401825,0.246875,0.4400792568922043,0.5872139155864715,0.03137257695198059,0.032058547250926495,0.6796229660511017,0.5234375,8.4800746999681,17009844,1
28,352,9856,0.02670454545454546,1480,1.0612863279677727,0.5993243240021371,0.6971089057020239,0.7372627045657184,0.2479729731340666,0.4408079411532428,0.589340747047115,0.03137257695198059,0.03183900764262354,0.6793938833314019,0.46875,7.826633400050923,17009856,1
29,20,9876,0.02594696969696968,2560,1.037921315431595,0.583984375,0.7057487279176712,0.7469597041606904,0.258984375,0.4307136684656143,0.5843348443508148,0.03137257695198059,0.03215187396854162,0.6818383693695068,0.53125,8.597821400035173,17009876,1
29,40,9896,0.025189393939393945,2560,1.0134621679782867,0.6,0.6781123012304306,0.7369323939085006,0.2609375,0.42310249656438825,0.5829606503248215,0.03137257695198059,0.0322202973999083,0.6789295524358749,0.484375,7.976222299970686,17009896,1
29,60,9916,0.024431818181818166,2560,0.9861098408699036,0.616796875,0.6870068430900573,0.7376417994499207,0.25234375,0.41887530088424685,0.5855753779411316,0.03137257695198059,0.03255471466109157,0.681470412015915,0.4765625,7.639880999922752,17009916,1
29,80,9936,0.02367424242424243,2560,1.0107338756322861,0.60625,0.6769751518964767,0.7339103877544403,0.258203125,0.44243685603141786,0.5843334436416626,0.03137257695198059,0.03395266998559236,0.6863040924072266,0.46875,7.7745638999622315,17009936,1
29,100,9956,0.022916666666666655,2560,1.0219420164823532,0.591796875,0.6553278356790543,0.7346595972776413,0.265625,0.4352997303009033,0.588480019569397,0.03137257695198059,0.03113309424370527,0.675500699877739,0.4375,7.687091000028886,17009956,1
29,120,9976,0.02215909090909092,2560,0.9832956522703171,0.60703125,0.6734701275825501,0.7388514369726181,0.2578125,0.4243811726570129,0.5902630060911178,0.03137257695198059,0.03238039035350084,0.6810622125864029,0.4921875,7.694638599990867,17009976,1
29,140,9996,0.02140151515151514,2560,0.9934130758047104,0.613671875,0.6764131933450699,0.7404625177383423,0.246484375,0.438347202539444,0.5842469781637192,0.03137257695198059,0.03223030008375645,0.6798261255025864,0.4375,7.575309899984859,17009996,1
29,160,10016,0.020643939393939405,2560,1.0540138065814972,0.578125,0.6502038389444351,0.7343148738145828,0.269921875,0.45883383601903915,0.5890111565589905,0.03137257695198059,0.03189434418454766,0.6798111110925674,0.4765625,7.617004800005816,17010016,1
29,180,10036,0.019886363636363626,2560,0.9866748511791229,0.620703125,0.6744451522827148,0.72825827896595,0.246484375,0.43032704293727875,0.5862608760595321,0.03137257695198059,0.032815517857670784,0.6817000925540924,0.46875,7.567216399940662,17010036,1
29,200,10056,0.01912878787878789,2560,1.0085150688886642,0.60625,0.6687260627746582,0.7244925379753113,0.251171875,0.4386541947722435,0.5832898676395416,0.03137257695198059,0.03280117996037006,0.6833868950605393,0.5078125,7.626265799975954,17010056,1
29,220,10076,0.01837121212121211,2560,0.9942764461040496,0.601953125,0.6562749475240708,0.7356286495923996,0.25546875,0.4342457056045532,0.5771492213010788,0.03137257695198059,0.03129263138398528,0.6765921771526336,0.46875,7.494597399956547,17010076,1
29,240,10096,0.017613636363636376,2560,0.9652909189462662,0.60390625,0.6614125669002533,0.7223441034555436,0.269140625,0.42593597173690795,0.5786342829465866,0.03137257695198059,0.03329475056380034,0.6841722369194031,0.484375,7.555945200030692,17010096,1
29,260,10116,0.016856060606060597,2560,0.985042679309845,0.612890625,0.6732326209545135,0.7350265771150589,0.248828125,0.43133018612861634,0.5809869319200516,0.03137257695198059,0.03219818603247404,0.681701534986496,0.4609375,7.612986299907789,17010116,1
29,280,10136,0.016098484848484862,2560,0.9849814146757125,0.613671875,0.6738922357559204,0.7291553676128387,0.254296875,0.43450658321380614,0.5841561824083328,0.03137257695198059,0.031384456623345616,0.6778394103050231,0.5,7.644364900072105,17010136,1
29,300,10156,0.015340909090909084,2560,0.9650731533765793,0.62734375,0.6646907150745391,0.7304153621196747,0.25546875,0.42697169035673144,0.5823049128055573,0.03137257695198059,0.031159086525440215,0.6757924735546113,0.4921875,7.550784599967301,17010156,1
29,320,10176,0.01458333333333335,2560,1.0116761535406114,0.601171875,0.6526832789182663,0.727701848745346,0.253515625,0.4421163067221642,0.5826578944921493,0.03137257695198059,0.03238870408385992,0.681318536400795,0.4453125,7.626070400001481,17010176,1
29,340,10196,0.01382575757575757,2560,0.9793317079544067,0.605078125,0.660078439116478,0.7295875728130341,0.263671875,0.43160327076911925,0.5801698237657547,0.03137257695198059,0.03243935173377395,0.6816257297992706,0.484375,7.575494399992749,17010196,1
29,352,10208,0.01337121212121213,1480,1.0019743197673077,0.6182432434043369,0.6520209644291852,0.7241167116809536,0.24527026978698938,0.43932727897489393,0.5780775076634175,0.03137257695198059,0.031557422554170766,0.6786378251539694,0.5078125,7.803848700015806,17010208,1
30,20,10228,0.01261363636363635,2560,0.9403329849243164,0.618359375,0.6828321307897568,0.7364355951547623,0.266796875,0.4134503960609436,0.5816307246685029,0.03137257695198059,0.03117435537278652,0.678001320362091,0.4921875,7.993200499913655,17010228,1
30,40,10248,0.011856060606060615,2560,0.9400921612977982,0.62421875,0.6641516625881195,0.726187789440155,0.24921875,0.4150684639811516,0.5811636835336685,0.03137257695198059,0.03138689119368791,0.6779541611671448,0.515625,7.576555600040592,17010248,1
30,60,10268,0.011098484848484837,2560,0.905702731013298,0.639453125,0.6705823123455048,0.7314996272325516,0.240625,0.405792598426342,0.5807797998189926,0.03137257695198059,0.03134989337995649,0.6767992109060288,0.5078125,8.18837959994562,17010268,1
30,80,10288,0.010340909090909102,2560,0.9559956073760987,0.623828125,0.640053677558899,0.7135536372661591,0.25625,0.4323376893997192,0.5791801691055298,0.03137257695198059,0.03172304201871157,0.6789545685052871,0.484375,7.913069700007327,17010288,1
30,100,10308,0.009583333333333322,2560,0.936907833814621,0.6296875,0.6573822349309921,0.7292352259159088,0.25234375,0.41875827461481097,0.5801667720079422,0.03137257695198059,0.031947669293731454,0.6790534436702729,0.5234375,7.633779900032096,17010308,1
30,120,10328,0.008825757575757587,2560,0.9321384936571121,0.63203125,0.6507234424352646,0.7301980555057526,0.2421875,0.4224961340427399,0.5902728021144867,0.03137257695198059,0.031506338622421026,0.6782603532075882,0.5078125,7.840807099943049,17010328,1
30,140,10348,0.008068181818181808,2560,0.9348459750413894,0.625390625,0.6524228364229202,0.7193967461585998,0.253515625,0.42627370208501814,0.5919431269168853,0.03137257695198059,0.032555952481925485,0.6815023422241211,0.515625,7.951827600016259,17010348,1
30,160,10368,0.007310606060606073,2560,0.9014510899782181,0.6421875,0.6634538441896438,0.7251040309667587,0.24140625,0.4058239787817001,0.585298427939415,0.03137257695198059,0.03258776403963566,0.6821917325258255,0.546875,7.593961599981412,17010368,1
30,180,10388,0.006553030303030294,2560,0.8909010052680969,0.6484375,0.655824002623558,0.7128907769918442,0.22421875,0.3943740054965019,0.5792024224996567,0.03137257695198059,0.03236966542899609,0.6800506979227066,0.5078125,7.8878935999237,17010388,1
30,200,10408,0.005795454545454559,2560,0.9201377987861633,0.632421875,0.6523628801107406,0.7249024957418442,0.242578125,0.4128530338406563,0.5793255060911179,0.03137257695198059,0.03232455514371395,0.6800180613994599,0.46875,7.942402900080197,17010408,1
30,220,10428,0.00503787878787878,2560,0.9080310434103012,0.636328125,0.6481111347675323,0.7162285029888154,0.25,0.4151690348982811,0.58804971575737,0.03137257695198059,0.03210600335150957,0.6803449094295502,0.4921875,7.967238400015049,17010428,1
30,240,10448,0.004280303030303046,2560,0.9100761085748672,0.63515625,0.6697163105010986,0.7331066399812698,0.2421875,0.4231163665652275,0.5829555690288544,0.03137257695198059,0.031651767808943986,0.6783761352300643,0.46875,7.761628200067207,17010448,1
30,260,10468,0.0035227272727272664,2560,0.8877299726009369,0.6453125,0.6439436167478562,0.7113838374614716,0.243359375,0.4065519839525223,0.5826047509908676,0.03137257695198059,0.03073037974536419,0.674348109960556,0.5,8.005138999898918,17010468,1
30,280,10488,0.0027651515151515317,2560,0.8940884828567505,0.647265625,0.6380966454744339,0.714139711856842,0.23515625,0.41150306910276413,0.5815429896116256,0.03137257695198059,0.03141787592321634,0.6788038104772568,0.484375,8.174728599959053,17010488,1
30,300,10508,0.0020075757575757527,2560,0.8705128312110901,0.6546875,0.6771467715501786,0.7169142693281174,0.233984375,0.39652216136455537,0.5801633447408676,0.03137257695198059,0.030561433359980582,0.6741016864776611,0.4921875,7.690337899955921,17010508,1
30,320,10528,0.0012500000000000178,2560,0.8858260750770569,0.650390625,0.6486064046621323,0.7165488123893737,0.239453125,0.41022412329912183,0.5808212518692016,0.03137257695198059,0.03001827597618103,0.6719202011823654,0.453125,7.935376700013876,17010528,1
30,340,10548,0.0004924242424242387,2560,0.9137552797794342,0.627734375,0.637759530544281,0.7203434228897094,0.241015625,0.41464835703372954,0.5852646052837371,0.03137257695198059,0.03108977312222123,0.6763516068458557,0.484375,7.821475500008091,17010548,1
30,352,10560,3.787878787879784e-05,1480,0.8819397948883675,0.6378378391265869,0.6583975421415793,0.7298907460393133,0.24324324364597733,0.4094441961597752,0.5814044204918114,0.03137257695198059,0.030693578478452322,0.6744482555904904,0.4921875,7.883500199997798,17010560,1
