epoch,batch,global_step,lr,window_samples,train_adv_loss,train_adv_acc,free_gradient_cosine,free_gradient_sign_agreement,free_prediction_disagreement,free_attack_loss_gain,free_boundary_fraction,free_delta_linf,control_gradient_participation_ratio,control_gradient_entropy,detector_baseline,detector_score,detector_threshold,detector_pgd10_acc,detector_seconds,observer_pgd10_acc,observer_pgd10_seconds,intervention_triggered
1,20,20,0.0010795454545454546,2560,3.1698509216308595,0.0,-0.012154253479093314,0.49035060554742815,0.407421875,0.8381905674934387,0.9155890345573425,0.03137257695198059,0.24528286904096602,0.8849314421415329,nan,nan,0.166329887509346,nan,0.0,nan,0.0,0
1,40,40,0.002215909090909091,2560,2.889677810668945,0.001953125,-0.0134022600017488,0.4919586285948753,0.337890625,0.6348202675580978,0.9158869564533234,0.03137257695198059,0.23723409101366996,0.8821300238370895,nan,nan,0.166329887509346,nan,0.0,nan,0.0,0
1,60,60,0.0033522727272727276,2560,2.6006103515625,0.0234375,-0.009309179265983403,0.4960319623351097,0.308984375,0.39580882489681246,0.9130980432033539,0.03137257695198059,0.21179887130856515,0.8722546964883804,nan,nan,0.166329887509346,nan,0.0,nan,0.0,0
1,80,80,0.004488636363636363,2560,2.3804450750350954,0.066796875,-0.006260047771502286,0.49997763335704803,0.26875,0.25130012929439544,0.9143800288438797,0.03137257695198059,0.1671604886651039,0.8504799515008926,-0.012154253479093314,-0.005894205707591028,0.166329887509346,nan,0.0,nan,0.0,0
1,100,100,0.005625,2560,2.24058518409729,0.134375,-0.0022890448512043805,0.503972390294075,0.206640625,0.171741084754467,0.9165680110454559,0.03137257695198059,0.13087905310094355,0.8225115239620209,-0.010731716372538358,-0.008442671521333978,0.166329887509346,nan,0.0,nan,0.0,0
1,120,120,0.006761363636363636,2560,2.170451307296753,0.1546875,0.002355079853441566,0.507589989900589,0.267578125,0.14654288925230502,0.9159866571426392,0.03137257695198059,0.11183231323957443,0.8000095069408417,-0.009309179265983403,-0.01166425911942497,0.166329887509346,nan,0.0,nan,0.0,0
1,140,140,0.007897727272727272,2560,2.110696887969971,0.18828125,0.013272501330357045,0.5127352625131607,0.225,0.13240610994398594,0.9147501766681672,0.03137257695198059,0.10239500291645527,0.7849492907524109,-0.006260047771502286,-0.01953254910185933,0.166329887509346,nan,0.0,nan,0.0,0
1,160,160,0.009034090909090908,2560,2.069877636432648,0.215234375,0.020467397524043918,0.5180481195449829,0.207421875,0.1240869291126728,0.9150205165147781,0.03137257695198059,0.09852895587682724,0.7775124877691268,-0.0022890448512043805,-0.0227564423752483,0.166329887509346,nan,0.0,nan,0.0,0
1,180,180,0.010170454545454547,2560,2.110054683685303,0.20546875,0.04109913017600775,0.527350378036499,0.21640625,0.12975478917360306,0.9147630304098129,0.03137257695198059,0.09477843157947063,0.7672877728939056,0.002355079853441566,-0.038744050322566184,0.166329887509346,nan,0.0,nan,0.0,0
1,200,200,0.011306818181818182,2560,2.0662080526351927,0.22890625,0.03040641258703545,0.5296378046274185,0.206640625,0.1056845672428608,0.9133072167634964,0.03137257695198059,0.08546181321144104,0.7521252781152725,0.013272501330357045,-0.017133911256678402,0.166329887509346,nan,0.0,nan,0.0,0
1,220,220,0.012443181818181819,2560,1.9813645839691163,0.258984375,0.03613559724763036,0.5356722772121429,0.201171875,0.1069452989846468,0.9156771540641785,0.03137257695198059,0.08337072357535362,0.7503413796424866,0.020467397524043918,-0.01566819972358644,0.166329887509346,nan,0.0,nan,0.0,0
1,240,240,0.013579545454545454,2560,2.01751503944397,0.2515625,0.07070733178406954,0.5497183680534363,0.20390625,0.14841197915375232,0.9130877315998077,0.03137257695198059,0.08605103492736817,0.7519555389881134,0.03040641258703545,-0.040300919197034095,0.166329887509346,nan,0.0,nan,0.0,0
1,260,260,0.014715909090909089,2560,2.0015764355659487,0.2515625,0.05431647896766663,0.5475764185190201,0.21484375,0.14048747941851616,0.9153366297483444,0.03137257695198059,0.07852206602692605,0.7426378309726716,0.03613559724763036,-0.01818088172003627,0.166329887509346,nan,0.0,nan,0.0,0
1,280,280,0.015852272727272725,2560,1.99113689661026,0.2484375,0.06781155187636614,0.5603013575077057,0.214453125,0.14080443568527698,0.913668206334114,0.03137257695198059,0.07987787984311581,0.7452199488878251,0.04109913017600775,-0.026712421700358396,0.166329887509346,nan,0.0,nan,0.0,0
1,300,300,0.016988636363636362,2560,1.9837050318717957,0.2515625,0.06008860282599926,0.5580899775028229,0.2453125,0.1411377638578415,0.9146461665630341,0.03137257695198059,0.07734532356262207,0.7420852512121201,0.05431647896766663,-0.005772123858332631,0.166329887509346,nan,0.0,nan,0.0,0
1,320,320,0.018125,2560,1.9172370910644532,0.291796875,0.044020769535563886,0.5604189783334732,0.206640625,0.13506589457392693,0.9159066766500473,0.03137257695198059,0.07464443184435368,0.735508668422699,0.06008860282599926,0.016067833290435374,0.166329887509346,nan,0.0,nan,0.0,0
1,340,340,0.019261363636363635,2560,1.9824984788894653,0.2625,0.06869868589565158,0.5777777552604675,0.196484375,0.14965921454131603,0.9139582484960556,0.03137257695198059,0.07409917823970318,0.7369544357061386,0.06008860282599926,-0.008610083069652316,0.166329887509346,nan,0.0,nan,0.0,0
1,352,352,0.019943181818181818,1480,1.9638647968704637,0.2695945941113137,0.08061353040708077,0.5740707407126555,0.17432432440487114,0.1540752192606797,0.9128435759930997,0.031372576770750255,0.0738102152138143,0.7372743658117346,0.06008860282599926,-0.020524927581081515,0.166329887509346,nan,0.0,nan,0.0,0
2,20,372,0.021079545454545455,2560,1.937752091884613,0.269140625,0.08071270342916251,0.5845548182725906,0.178515625,0.12476600259542465,0.9159046441316605,0.03137257695198059,0.0675618939101696,0.7252741515636444,0.06781155187636614,-0.012901151552796364,0.166329887509346,nan,0.0,nan,0.0,0
2,40,392,0.022215909090909088,2560,1.9627078771591187,0.26484375,0.05002566250041127,0.5652167201042175,0.184375,0.11703756526112556,0.9155714899301529,0.03137257695198059,0.062903505936265,0.7153372377157211,0.06869868589565158,0.018673023395240303,0.166329887509346,nan,0.0,nan,0.0,0
2,60,412,0.023352272727272725,2560,1.940906035900116,0.287890625,0.08353716097772121,0.5860875576734543,0.17890625,0.12916502840816974,0.9142054468393326,0.03137257695198059,0.06422960702329875,0.7153984487056733,0.06869868589565158,-0.014838475082069633,0.166329887509346,nan,0.0,nan,0.0,0
2,80,432,0.024488636363636365,2560,1.8768468081951142,0.294921875,0.07486939677037299,0.5793431788682938,0.191796875,0.12659578435122967,0.9162999719381333,0.03137257695198059,0.0648437337949872,0.7199456840753555,0.08061353040708077,0.005744133636707782,0.166329887509346,nan,0.0,nan,0.0,0
2,100,452,0.025625,2560,1.860938036441803,0.30234375,0.06524481195956469,0.5856821894645691,0.19296875,0.13397418670356273,0.9159281581640244,0.03137257695198059,0.0678497787564993,0.7252511531114578,0.08061353040708077,0.015368718447516083,0.166329887509346,nan,0.0,nan,0.0,0
2,120,472,0.026761363636363635,2560,1.8839353442192077,0.2875,0.08754945043474435,0.578701165318489,0.20234375,0.15846386682242156,0.9145097315311432,0.03137257695198059,0.07817753776907921,0.7456869035959244,0.07486939677037299,-0.01268005366437136,0.166329887509346,nan,0.0,nan,0.0,0
2,140,492,0.027897727272727272,2560,1.884848713874817,0.284375,0.06274446342140436,0.5802545130252839,0.198828125,0.13912744857370854,0.9161144465208053,0.03137257695198059,0.0681507095694542,0.726718744635582,0.07486939677037299,0.012124933348968636,0.166329887509346,nan,0.0,nan,0.0,0
2,160,512,0.02903409090909091,2560,1.9412521243095398,0.264453125,0.08320716628804803,0.5643961817026139,0.206640625,0.16006092652678489,0.9150676965713501,0.03137257695198059,0.07503797262907028,0.7437987715005875,0.07486939677037299,-0.008337769517675037,0.166329887509346,nan,0.0,nan,0.0,0
2,180,532,0.030170454545454545,2560,1.885283923149109,0.2984375,0.05895246071740985,0.5639953821897506,0.21015625,0.13679763488471508,0.9167067468166351,0.03137257695198059,0.07832416407763958,0.7466538488864899,0.07486939677037299,0.01591693605296314,0.166329887509346,nan,0.0,nan,0.0,0
2,200,552,0.03130681818181818,2560,1.869960904121399,0.305078125,0.06432892791926861,0.5675004541873931,0.191796875,0.1505000539124012,0.9160017818212509,0.03137257695198059,0.07226553428918123,0.7414444804191589,0.06524481195956469,0.0009158840402960777,0.166329887509346,nan,0.0,nan,0.0,0
2,220,572,0.032443181818181815,2560,1.8823757648468018,0.294140625,0.06210597846657038,0.5629557490348815,0.199609375,0.1476981546729803,0.9158503472805023,0.03137257695198059,0.06889091301709413,0.7370433628559112,0.06432892791926861,0.002222949452698235,0.166329887509346,nan,0.0,nan,0.0,0
2,240,592,0.03357954545454545,2560,1.7922528505325317,0.319921875,0.06473267413675785,0.5877199947834015,0.19921875,0.14714590273797512,0.9181465387344361,0.03137257695198059,0.07033221386373043,0.7339814633131028,0.06274446342140436,-0.001988210715353489,0.166329887509346,nan,0.0,nan,0.0,0
2,260,612,0.03471590909090909,2560,1.8112212240695953,0.311328125,0.06769183003343641,0.5740792840719223,0.19765625,0.15058490671217442,0.9185633599758148,0.03137257695198059,0.06724787764251232,0.7290293395519256,0.06432892791926861,-0.003362902114167801,0.166329887509346,nan,0.0,nan,0.0,0
2,280,632,0.035852272727272726,2560,1.8331167101860046,0.30703125,0.07188061838969588,0.5822267085313797,0.2203125,0.1633882038295269,0.9172650873661041,0.03137257695198059,0.07549914941191674,0.7448139756917953,0.06432892791926861,-0.007551690470427266,0.166329887509346,nan,0.0,nan,0.0,0
2,300,652,0.03698863636363636,2560,1.761863774061203,0.32265625,0.037225573370233175,0.5581952601671218,0.217578125,0.12112238109111786,0.9161061763763427,0.03137257695198059,0.07157279253005981,0.7422655552625657,0.06473267413675785,0.02750710076652467,0.166329887509346,nan,0.0,nan,0.0,0
2,320,672,0.038125,2560,1.807065349817276,0.318359375,0.06025215173140168,0.5624921321868896,0.173828125,0.13114598095417024,0.9154392421245575,0.03137257695198059,0.0742234867066145,0.7461767971515656,0.06473267413675785,0.004480522405356166,0.166329887509346,nan,0.0,nan,0.0,0
2,340,692,0.03926136363636363,2560,1.8034780859947204,0.3203125,0.05649151601828635,0.5559643030166626,0.19921875,0.14211864806711674,0.9174297511577606,0.03137257695198059,0.06695408504456282,0.7318950384855271,0.06473267413675785,0.008241158118471495,0.166329887509346,nan,0.0,nan,0.0,0
2,352,704,0.039943181818181815,1480,1.8192060708999633,0.309459460103834,0.0727644075413008,0.5790408756281878,0.18108108059780018,0.14034072345978504,0.9195015752637709,0.03137257695198059,0.06766708215346208,0.7316005974202543,0.06025215173140168,-0.01251225580989912,0.166329887509346,nan,0.0,nan,0.0,0
3,20,724,0.04107954545454545,2560,1.7448764204978944,0.358984375,0.05136232571676373,0.5616331964731216,0.203515625,0.12357809040695429,0.9217764735221863,0.03137257695198059,0.07032585442066193,0.7369854748249054,0.06025215173140168,0.008889826014637947,0.166329887509346,nan,0.0,nan,0.0,0
3,40,744,0.04221590909090909,2560,1.7496182441711425,0.34921875,0.04406675766222179,0.5480649501085282,0.187109375,0.11582391448318959,0.9174804896116256,0.03137257695198059,0.06913858130574227,0.7354110598564148,0.05649151601828635,0.01242475835606456,0.166329887509346,nan,0.0,nan,0.0,0
3,60,764,0.043352272727272725,2560,1.7877429902553559,0.3234375,0.05192711490672082,0.558429354429245,0.217578125,0.13668816536664963,0.916842034459114,0.03137257695198059,0.07264737598598003,0.7440391391515732,0.05649151601828635,0.00456440111156553,0.166329887509346,nan,0.0,nan,0.0,0
3,80,784,0.04448863636363636,2560,1.7212368488311767,0.3421875,0.05197886833921075,0.5549503535032272,0.211328125,0.11998765803873539,0.9194151729345321,0.03137257695198059,0.06669562906026841,0.7328276693820953,0.05192711490672082,-5.175343248992742e-05,0.166329887509346,nan,0.0,nan,0.0,0
3,100,804,0.04562499999999999,2560,1.7300609350204468,0.344921875,0.040424961922690274,0.5407965540885925,0.20859375,0.12342475624755025,0.9161335200071334,0.03137257695198059,0.06608031280338764,0.7359067738056183,0.05192711490672082,0.011502152984030546,0.166329887509346,nan,0.0,nan,0.0,0
3,120,824,0.046761363636363636,2560,1.7495460987091065,0.340625,0.053120995266363026,0.5586497217416764,0.22421875,0.13725887201726436,0.9167282283306122,0.03137257695198059,0.07020327150821686,0.7414104878902436,0.05136232571676373,-0.001758669549599294,0.166329887509346,nan,0.0,nan,0.0,0
3,140,844,0.04789772727272727,2560,1.6924036502838136,0.36640625,0.04508519913069904,0.5393698543310166,0.226953125,0.11789798308163882,0.9149868249893188,0.03137257695198059,0.07320433668792248,0.7488632470369339,0.05192711490672082,0.006841915776021779,0.166329887509346,nan,0.0,nan,0.0,0
3,160,864,0.04903409090909091,2560,1.6548794865608216,0.373046875,0.03254442601464689,0.5441237300634384,0.208984375,0.10327173992991448,0.9176371425390244,0.03137257695198059,0.06578712649643421,0.7315304934978485,0.05192711490672082,0.01938268889207393,0.166329887509346,nan,0.0,nan,0.0,0
3,180,884,0.050170454545454546,2560,1.6504862308502197,0.384375,0.028716130834072828,0.5501490443944931,0.184375,0.11630810759961605,0.9186475306749344,0.03137257695198059,0.06205803472548723,0.7232478052377701,0.04508519913069904,0.016369068296626214,0.166329887509346,nan,0.0,nan,0.0,0
3,200,904,0.05130681818181818,2560,1.6094721853733063,0.408203125,0.04034084836021066,0.5482027888298034,0.191015625,0.11595415100455284,0.9163590908050537,0.03137257695198059,0.06376934610307217,0.731523060798645,0.040424961922690274,8.411356247961521e-05,0.166329887509346,nan,0.0,nan,0.0,0
3,220,924,0.05244318181818181,2560,1.679077935218811,0.375,0.030930835823528468,0.5414823085069657,0.208203125,0.12029984705150128,0.916884508728981,0.03137257695198059,0.06685987915843725,0.7360549449920655,0.04034084836021066,0.00941001253668219,0.166329887509346,nan,0.0,nan,0.0,0
3,240,944,0.05357954545454545,2560,1.590936541557312,0.4125,0.04104194766841829,0.5519945979118347,0.22734375,0.11638496331870556,0.9161795467138291,0.03137257695198059,0.06252867262810469,0.7272970885038376,0.03254442601464689,-0.008497521653771399,0.166329887509346,nan,0.0,nan,0.0,0
3,260,964,0.054715909090909086,2560,1.5992310881614684,0.397265625,0.017255846364423632,0.531681340932846,0.230078125,0.10683796647936106,0.9178976863622665,0.03137257695198059,0.06743701063096523,0.74005606174469,0.03254442601464689,0.015288579650223257,0.166329887509346,nan,0.0,nan,0.0,0
3,280,984,0.05585227272727273,2560,1.5833011984825134,0.41484375,0.018966460460796954,0.5277956843376159,0.2171875,0.07018754242453724,0.9148747980594635,0.03137257695198059,0.06414190158247948,0.7312095820903778,0.030930835823528468,0.011964375362731514,0.166329887509346,nan,0.0,nan,0.0,0
3,300,1004,0.056988636363636366,2560,1.5754222631454469,0.41953125,0.029910225328058003,0.5390225946903229,0.21484375,0.121251180768013,0.9171006649732589,0.03137257695198059,0.057567242346704,0.7223382383584976,0.030930835823528468,0.001020610495470465,0.166329887509346,nan,0.0,nan,0.0,0
3,320,1024,0.058124999999999996,2560,1.5722928583621978,0.41171875,0.02242745887488127,0.5388642877340317,0.224609375,0.12483099736273288,0.9183844476938248,0.03137257695198059,0.059119084291160105,0.722740986943245,0.029910225328058003,0.007482766453176734,0.166329887509346,nan,0.0,nan,0.0,0
3,340,1044,0.05926136363636363,2560,1.5517382442951202,0.42421875,0.009563539503142237,0.5381185114383698,0.234375,0.13192229866981506,0.9151077449321747,0.03137257695198059,0.06049867384135723,0.7292065292596817,0.02242745887488127,0.012863919371739032,0.166329887509346,nan,0.0,nan,0.0,0
3,352,1056,0.05994318181818181,1480,1.6193558757369582,0.39729729697511,0.04290994454326259,0.5440315533328701,0.22702702710757383,0.13841497382602175,0.9194386794760421,0.03137257695198059,0.06727742963546031,0.7410303927756644,0.018966460460796954,-0.02394348408246564,0.166329887509346,nan,0.0,nan,0.0,0
4,20,1076,0.061079545454545456,2560,1.613973867893219,0.4109375,0.024764965544454752,0.5359349757432937,0.23671875,0.11488152667880058,0.9140660762786865,0.03137257695198059,0.06060544587671757,0.728165727853775,0.02242745887488127,-0.002337506669573483,0.166329887509346,nan,0.0,nan,0.0,0
4,40,1096,0.06221590909090909,2560,1.4873581111431122,0.45234375,0.02859509673435241,0.5326450526714325,0.227734375,0.0750790481455624,0.9170925289392471,0.03137257695198059,0.06233692355453968,0.7336080610752106,0.024764965544454752,-0.003830131189897657,0.166329887509346,nan,0.0,nan,0.0,0
4,60,1116,0.06335227272727273,2560,1.5149447560310363,0.4390625,0.018440820416435598,0.5335383296012879,0.203515625,0.11525065675377846,0.9175976037979126,0.03137257695198059,0.06314943935722113,0.7350675702095032,0.024764965544454752,0.006324145128019154,0.166329887509346,nan,0.0,nan,0.0,0
4,80,1136,0.06448863636363636,2560,1.5330595672130585,0.433203125,0.02686081363353878,0.5327176570892334,0.198828125,0.13736313730478286,0.9163846552371979,0.03137257695198059,0.06185214687138796,0.7332663029432297,0.024764965544454752,-0.002095848089084029,0.166329887509346,nan,0.0,nan,0.0,0
4,100,1156,0.065625,2560,1.4776732683181764,0.4625,0.013309086940716952,0.5294344753026963,0.205859375,0.10475024469196796,0.9175820857286453,0.03137257695198059,0.06186717338860035,0.7320778727531433,0.02686081363353878,0.01355172669282183,0.166329887509346,nan,0.0,nan,0.0,0
4,120,1176,0.06676136363636363,2560,1.510955423116684,0.436328125,0.028833018196746708,0.5359774500131607,0.181640625,0.1380965981632471,0.9157769739627838,0.03137257695198059,0.05846583154052496,0.7228353947401047,0.024764965544454752,-0.004068052652291956,0.166329887509346,nan,0.0,nan,0.0,0
4,140,1196,0.06789772727272726,2560,1.4716244757175445,0.44921875,0.016442998172715308,0.5299676477909088,0.2296875,0.09993911748751998,0.915945965051651,0.03137257695198059,0.05692419055849314,0.7197243988513946,0.02686081363353878,0.010417815460823474,0.166329887509346,nan,0.0,nan,0.0,0
4,160,1216,0.0690340909090909,2560,1.5339463829994202,0.427734375,0.04712721090763807,0.5431901574134826,0.215234375,0.1474618075415492,0.9184639185667038,0.03137257695198059,0.06110831070691347,0.7340549141168594,0.018440820416435598,-0.028686390491202474,0.166329887509346,nan,0.0,nan,0.0,0
4,180,1236,0.07017045454545454,2560,1.405384784936905,0.501953125,0.016169057856313885,0.5285531550645828,0.20703125,0.09183711856603623,0.9173989832401276,0.03137257695198059,0.05717167444527149,0.7219236463308334,0.02686081363353878,0.010691755777224896,0.166329887509346,nan,0.0,nan,0.0,0
4,200,1256,0.07130681818181818,2560,1.4250148594379426,0.482421875,0.014778325194492936,0.5250520318746567,0.19921875,0.13950387425720692,0.9164193660020828,0.03137257695198059,0.05775413811206818,0.7234559327363967,0.016442998172715308,0.0016646729782223719,0.166329887509346,nan,0.0,nan,0.0,0
4,220,1276,0.07244318181818182,2560,1.4447465419769288,0.45859375,0.022749333246611058,0.5324623346328735,0.203515625,0.14704969227313996,0.9190408229827881,0.03137257695198059,0.06002800483256578,0.7309670358896255,0.016442998172715308,-0.00630633507389575,0.166329887509346,nan,0.0,nan,0.0,0
4,240,1296,0.07357954545454545,2560,1.433649605512619,0.476171875,0.01486558049218729,0.5191167384386063,0.183203125,0.10595619976520539,0.9146325647830963,0.03137257695198059,0.05501916389912367,0.7205670744180679,0.016442998172715308,0.001577417680528017,0.166329887509346,nan,0.0,nan,0.0,0
4,260,1316,0.07471590909090908,2560,1.4231420814990998,0.468359375,0.014042233279906214,0.5178463160991669,0.184375,0.11311073172837496,0.9157711267471313,0.03137257695198059,0.05542237311601639,0.7214982002973557,0.016169057856313885,0.002126824576407671,0.166329887509346,nan,0.0,nan,0.0,0
4,280,1336,0.07585227272727273,2560,1.4458797872066498,0.482421875,0.022878251550719143,0.5240646496415138,0.190234375,0.11480882670730352,0.9145513087511062,0.03137257695198059,0.055312315188348296,0.7224600344896317,0.01486558049218729,-0.008012671058531852,0.166329887509346,nan,0.0,nan,0.0,0
4,300,1356,0.07698863636363637,2560,1.3624285340309144,0.49296875,0.008017690852284431,0.5202068477869034,0.205859375,0.10040292274206877,0.9143727779388428,0.03137257695198059,0.052761484123766425,0.7149542659521103,0.01486558049218729,0.006847889639902859,0.166329887509346,nan,0.0,nan,0.0,0
4,320,1376,0.078125,2560,1.4646468460559845,0.4625,0.02685495405457914,0.5269675135612488,0.184765625,0.1434527523815632,0.9163498163223267,0.03137257695198059,0.05429994650185108,0.7209582149982452,0.01486558049218729,-0.01198937356239185,0.166329887509346,nan,0.0,nan,0.0,0
4,340,1396,0.07926136363636364,2560,1.4156107783317566,0.4921875,0.02935519553720951,0.5247243374586106,0.217578125,0.11913229757919908,0.9146661311388016,0.03137257695198059,0.05295069422572851,0.7179060727357864,0.01486558049218729,-0.01448961504502222,0.166329887509346,nan,0.0,nan,0.0,0
4,352,1408,0.07994318181818182,1480,1.380566189740155,0.49594594691250776,0.020174070165769473,0.5208439121375212,0.19324324316269642,0.07843481491546372,0.9148646564097018,0.03137257695198059,0.04691553858889116,0.70400190772237,0.022878251550719143,0.0027041813849496693,0.166329887509346,nan,0.0,nan,0.0,0
5,20,1428,0.08107954545454545,2560,1.348418527841568,0.50859375,0.011167344404384494,0.5172589838504791,0.19296875,0.13737303912639617,0.9158204585313797,0.03137257695198059,0.048289129696786406,0.707351341843605,0.022878251550719143,0.011710907146334649,0.166329887509346,nan,0.0,nan,0.0,0
5,40,1448,0.08221590909090909,2560,1.2979001462459565,0.530078125,0.014057233271887525,0.5175097286701202,0.17109375,0.10800019241869449,0.9141672939062119,0.03137257695198059,0.051956772804260254,0.7166735976934433,0.020174070165769473,0.006116836893881948,0.166329887509346,nan,0.0,nan,0.0,0
5,60,1468,0.08335227272727272,2560,1.336381858587265,0.513671875,0.019401895836926995,0.5180701166391373,0.20546875,0.12081933747977018,0.9154508054256439,0.03137257695198059,0.04478051923215389,0.6986990004777909,0.020174070165769473,0.000772174328842478,0.166329887509346,nan,0.0,nan,0.0,0
5,80,1488,0.08448863636363636,2560,1.2834958553314209,0.5375,0.00586630234029144,0.5135022670030593,0.194921875,0.10184222403913737,0.9159441858530044,0.03137257695198059,0.049977393634617326,0.7116748958826065,0.019401895836926995,0.013535593496635554,0.166329887509346,nan,0.0,nan,0.0,0
5,100,1508,0.08562499999999999,2560,1.3261103570461272,0.5015625,0.025375467352569105,0.5206490993499756,0.199609375,0.12435169909149409,0.9145918786525726,0.03137257695198059,0.04671099539846182,0.7049955725669861,0.014057233271887525,-0.01131823408068158,0.166329887509346,nan,0.0,nan,0.0,0
5,120,1528,0.08676136363636362,2560,1.2753094613552094,0.54375,0.010204107663594187,0.5172930523753166,0.1875,0.081360272038728,0.915741240978241,0.03137257695198059,0.0499244675040245,0.7127654701471329,0.014057233271887525,0.0038531256082933382,0.166329887509346,nan,0.0,nan,0.0,0
5,140,1548,0.08789772727272727,2560,1.2797350227832793,0.534375,0.022029336332343517,0.5239233911037445,0.1890625,0.10990421855822205,0.9156589716672897,0.03137257695198059,0.04775346852838993,0.7070682108402252,0.014057233271887525,-0.007972103060455992,0.166329887509346,nan,0.0,nan,0.0,0
5,160,1568,0.0890340909090909,2560,1.3276215136051177,0.525390625,0.025272097042761742,0.5257648706436158,0.1984375,0.15616232436150312,0.9124881982803345,0.03137257695198059,0.04474745262414217,0.701289975643158,0.019401895836926995,-0.005870201205834747,0.166329887509346,nan,0.0,nan,0.0,0
5,180,1588,0.09017045454545455,2560,1.2962170898914338,0.5296875,0.025502263079397382,0.5215840816497803,0.208984375,0.14449277371168137,0.9156630337238312,0.03137257695198059,0.045733144506812096,0.7046768605709076,0.022029336332343517,-0.0034729267470538644,0.166329887509346,nan,0.0,nan,0.0,0
5,200,1608,0.09130681818181818,2560,1.2813306987285613,0.533984375,0.017322061792947353,0.5218423426151275,0.197265625,0.10314592123031616,0.9150814265012741,0.03137257695198059,0.0470092898234725,0.707411852478981,0.025272097042761742,0.007950035249814389,0.166329887509346,nan,0.0,nan,0.0,0
5,220,1628,0.09244318181818183,2560,1.2464941620826722,0.541796875,0.004466542322188616,0.5140051722526551,0.208203125,0.10776434829458595,0.9157905757427216,0.03137257695198059,0.046319727413356306,0.7035092353820801,0.022029336332343517,0.0175627940101549,0.166329887509346,nan,0.0,nan,0.0,0
5,240,1648,0.09357954545454546,2560,1.2102385878562927,0.559375,0.009445107076317072,0.5143520504236221,0.190625,0.08789411936886608,0.9150206446647644,0.03137257695198059,0.04388655852526426,0.6969158053398132,0.022029336332343517,0.012584229256026445,0.166329887509346,nan,0.0,nan,0.0,0
5,260,1668,0.09471590909090909,2560,1.2574219167232514,0.53984375,0.012541099591180683,0.5205505609512329,0.215625,0.07797772875055671,0.913946932554245,0.03137257695198059,0.04761181678622961,0.7079101860523224,0.017322061792947353,0.004780962201766671,0.166329887509346,nan,0.0,nan,0.0,0
5,280,1688,0.09585227272727273,2560,1.1792541921138764,0.576953125,0.020415178791154176,0.5154532313346862,0.178125,0.08516392204910517,0.9169506281614304,0.03137257695198059,0.04534695688635111,0.7017775863409043,0.012541099591180683,-0.007874079199973493,0.166329887509346,nan,0.0,nan,0.0,0
5,300,1708,0.09698863636363636,2560,1.2157916963100432,0.57109375,0.021512487693689762,0.5171246990561486,0.174609375,0.14362827502191067,0.9159860193729401,0.03137257695198059,0.044783579930663106,0.7000620484352111,0.012541099591180683,-0.00897138810250908,0.166329887509346,nan,0.0,nan,0.0,0
5,320,1728,0.098125,2560,1.150639110803604,0.5859375,-0.0008774285903200507,0.5120554760098457,0.196875,0.07783050420694053,0.9135293513536453,0.03137257695198059,0.04433161299675703,0.7008487552404403,0.012541099591180683,0.013418528181500734,0.166329887509346,nan,0.0,nan,0.0,0
5,340,1748,0.09926136363636363,2560,1.2180937707424164,0.562109375,0.03055621488019824,0.5244892299175262,0.17578125,0.12448574025183916,0.9171545892953873,0.03137257695198059,0.04046731051057577,0.6886747390031814,0.012541099591180683,-0.018015115289017558,0.166329887509346,nan,0.0,nan,0.0,0
5,352,1760,0.0999431818181818,1480,1.2494174544875687,0.5432432448541796,0.020506480295915862,0.5234280589464548,0.1966216215410748,0.14347503020151242,0.9173232239645881,0.03137257695198059,0.042285404374470585,0.69218733600668,0.020415178791154176,-9.13015047616858e-05,0.166329887509346,nan,0.0,nan,0.0,0
6,20,1780,0.10107954545454545,2560,1.198351913690567,0.57265625,0.023447726480662824,0.5224549800157547,0.1828125,0.14743083361536263,0.9145822107791901,0.03137257695198059,0.04221146758645773,0.694587704539299,0.020506480295915862,-0.0029412461847469623,0.166329887509346,nan,0.0,nan,0.0,0
6,40,1800,0.10221590909090908,2560,1.1302950084209442,0.597265625,0.005774703226052225,0.5071871638298034,0.191015625,0.010662089474499226,0.9138612300157547,0.03137257695198059,0.04466404635459185,0.704155907034874,0.021512487693689762,0.015737784467637538,0.166329887509346,nan,0.0,nan,0.0,0
6,60,1820,0.10335227272727272,2560,1.1730338007211685,0.579296875,0.01040239199064672,0.5149466395378113,0.20703125,0.06700896052643657,0.9122165828943253,0.03137257695198059,0.04463821705430746,0.7000514298677445,0.020506480295915862,0.010104088305269142,0.166329887509346,nan,0.0,nan,0.0,0
6,80,1840,0.10448863636363635,2560,1.083632954955101,0.600390625,0.018999636941589414,0.5106750667095185,0.19296875,0.06639992776326835,0.9133114099502564,0.03137257695198059,0.04702710062265396,0.7101879298686982,0.020506480295915862,0.0015068433543264474,0.166329887509346,nan,0.0,nan,0.0,0
6,100,1860,0.10562500000000001,2560,1.0948812901973723,0.598828125,0.024970153137110172,0.5154571741819381,0.178515625,0.1123346172273159,0.9152964442968369,0.03137257695198059,0.04793857652693987,0.7104451268911361,0.018999636941589414,-0.005970516195520758,0.166329887509346,nan,0.0,nan,0.0,0
6,120,1880,0.10676136363636364,2560,1.0809603393077851,0.61875,0.01755252406001091,0.5151378765702248,0.1859375,0.0603532949462533,0.9125148981809617,0.03137257695198059,0.03972593210637569,0.6890960305929184,0.018999636941589414,0.001447112881578505,0.166329887509346,nan,0.0,nan,0.0,0
6,140,1900,0.10789772727272727,2560,1.0728759855031966,0.61171875,0.026025568845216184,0.5148602977395058,0.175,0.06916255513206124,0.9157683223485946,0.03137257695198059,0.04360665455460548,0.7029659301042557,0.01755252406001091,-0.008473044785205275,0.166329887509346,nan,0.0,nan,0.0,0
6,160,1920,0.10903409090909091,2560,1.0879482626914978,0.603125,0.012960646580904723,0.5202855631709099,0.173046875,0.13056736942380667,0.9152931362390518,0.03137257695198059,0.04801685865968466,0.7081136763095855,0.018999636941589414,0.0060389903606846915,0.166329887509346,nan,0.0,nan,0.0,0
6,180,1940,0.11017045454545454,2560,1.0512441456317902,0.618359375,0.030160479340702297,0.5142266795039176,0.16484375,0.09039992950856686,0.9135432124137879,0.03137257695198059,0.049422751367092135,0.7106194227933884,0.018999636941589414,-0.011160842399112882,0.166329887509346,nan,0.0,nan,0.0,0
6,200,1960,0.11130681818181819,2560,1.042523854970932,0.625,0.0163692592876032,0.5113551020622253,0.15234375,0.050226798839867116,0.9126626491546631,0.03137257695198059,0.049864596128463744,0.7175066232681274,0.024970153137110172,0.008600893849506974,0.166329887509346,nan,0.0,nan,0.0,0
6,220,1980,0.11244318181818182,2560,1.0449013978242874,0.621875,0.02016765591688454,0.5122182324528695,0.161328125,0.12199570424854755,0.9156367212533951,0.03137257695198059,0.04939271155744791,0.7170759826898575,0.01755252406001091,-0.002615131856873631,0.166329887509346,nan,0.0,nan,0.0,0
6,240,2000,0.11357954545454545,2560,1.0488423734903336,0.63515625,0.01801258110208437,0.5150655269622803,0.1640625,0.07699382277205587,0.9126158654689789,0.03137257695198059,0.04268543478101492,0.6994773298501968,0.02016765591688454,0.0021550748148001717,0.166329887509346,nan,0.0,nan,0.0,0
6,260,2020,0.11471590909090909,2560,1.105724236369133,0.596875,0.03068155641667545,0.518745955824852,0.178515625,0.1519143445417285,0.9178379267454148,0.03137257695198059,0.045710929110646246,0.7065549284219742,0.01801258110208437,-0.012668975314591081,0.166329887509346,nan,0.0,nan,0.0,0
6,280,2040,0.11585227272727272,2560,0.9793366938829422,0.64140625,0.030332958279177546,0.5137949824333191,0.178125,0.05788534190505743,0.9133300989866256,0.03137257695198059,0.04040547199547291,0.697307699918747,0.02016765591688454,-0.010165302362293006,0.166329887509346,nan,0.0,nan,0.0,0
6,300,2060,0.11698863636363635,2560,1.0400179386138917,0.632421875,0.02372274370864034,0.5150549814105034,0.183984375,0.0963882353156805,0.914607509970665,0.03137257695198059,0.037075444124639034,0.6878475219011306,0.02016765591688454,-0.0035550877917557983,0.166329887509346,nan,0.0,nan,0.0,0
6,320,2080,0.118125,2560,1.107090386748314,0.60859375,0.009732549823820592,0.5217408686876297,0.179296875,0.121544530056417,0.9128582179546356,0.03137257695198059,0.043997614085674285,0.704254224896431,0.02372274370864034,0.013990193884819747,0.166329887509346,nan,0.0,nan,0.0,0
6,340,2100,0.11926136363636362,2560,1.0601427644491195,0.619921875,0.04965578550472856,0.5199424922466278,0.17421875,0.09577236725017428,0.9135175347328186,0.03137257695198059,0.04636804591864348,0.7070727050304413,0.02372274370864034,-0.02593304179608822,0.166329887509346,nan,0.0,nan,0.0,0
6,352,2112,0.11994318181818181,1480,1.035576022637857,0.6277027033470772,0.03282118057076996,0.5155772859985764,0.17094594586539913,0.10179341346830935,0.9139400085887394,0.03137257695198059,0.06719402445329202,0.740432717026891,0.030332958279177546,-0.0024882222915924117,0.166329887509346,nan,0.0,nan,0.0,0
7,20,2132,0.12107954545454545,2560,1.0422701716423035,0.6265625,0.025266790064051747,0.5083004176616669,0.187109375,0.09709321418777109,0.9139821618795395,0.03137257695198059,0.0641120832413435,0.7371915608644486,0.030332958279177546,0.0050661682151257985,0.166329887509346,nan,0.0,nan,0.0,0
7,40,2152,0.1222159090909091,2560,1.081788995862007,0.61328125,0.028079455089755356,0.5156192943453789,0.211328125,0.1256678480654955,0.9136852473020554,0.03137257695198059,0.04394451268017292,0.7085593223571778,0.025266790064051747,-0.0028126650257036083,0.166329887509346,nan,0.0,nan,0.0,0
7,60,2172,0.12335227272727273,2560,1.0559708178043365,0.630078125,0.022903027199208736,0.5197021722793579,0.153515625,0.14595629153773187,0.9131257563829422,0.03137257695198059,0.038916730880737306,0.6956108897924423,0.028079455089755356,0.00517642789054662,0.166329887509346,nan,0.0,nan,0.0,0
7,80,2192,0.12448863636363636,2560,0.9671188056468963,0.657421875,0.028051698068156838,0.5124464869499207,0.173828125,0.05537761831656098,0.9142894983291626,0.03137257695198059,0.03373200781643391,0.6778735131025314,0.028079455089755356,2.7757021598517895e-05,0.166329887509346,nan,0.0,nan,0.0,0
7,100,2212,0.125625,2560,1.1272427052259446,0.60078125,0.02641427011694759,0.5158143505454064,0.168359375,0.20572707802057266,0.9151411831378937,0.03137257695198059,0.04803083138540387,0.7088405966758728,0.028051698068156838,0.0016374279512092471,0.166329887509346,nan,0.0,nan,0.0,0
7,120,2232,0.12676136363636364,2560,1.0724513441324235,0.621484375,0.02997915444429964,0.5192037105560303,0.145703125,0.154001952894032,0.9141606837511063,0.03137257695198059,0.0550506116822362,0.7303530812263489,0.02641427011694759,-0.003564884327352049,0.166329887509346,nan,0.0,nan,0.0,0
7,140,2252,0.12789772727272727,2560,1.0017786115407943,0.64375,0.022366957808844744,0.5164557337760926,0.189453125,0.1045579464174807,0.9118136316537857,0.03137257695198059,0.03664567694067955,0.6888520330190658,0.028051698068156838,0.005684740259312093,0.166329887509346,nan,0.0,nan,0.0,0
7,160,2272,0.1290340909090909,2560,1.0437774986028672,0.6265625,0.02431988569442183,0.5115632489323616,0.21796875,0.08757275328971445,0.9138633877038955,0.03137257695198059,0.03523248201236129,0.6839286625385285,0.02641427011694759,0.002094384422525762,0.166329887509346,nan,0.0,nan,0.0,0
7,180,2292,0.13017045454545453,2560,1.0518774479627608,0.6234375,0.02915249802172184,0.5212959468364715,0.155078125,0.09480967754498124,0.9156189143657685,0.03137257695198059,0.04099658373743296,0.7025909930467605,0.02641427011694759,-0.002738227904774248,0.166329887509346,nan,0.0,nan,0.0,0
7,200,2312,0.13130681818181816,2560,1.0006602942943572,0.651171875,0.04923866213066504,0.5085328549146653,0.176171875,0.11704695206135511,0.9135198175907135,0.03137257695198059,0.06736340373754501,0.747525954246521,0.02641427011694759,-0.022824392013717446,0.166329887509346,nan,0.0,nan,0.0,0
7,220,2332,0.13244318181818182,2560,0.9537866622209549,0.678125,0.03932226358447224,0.5075284466147423,0.240625,-0.01659648702479899,0.9139592707157135,0.03137257695198059,0.06310744360089302,0.7415407478809357,0.02915249802172184,-0.010169765562750399,0.166329887509346,nan,0.0,nan,0.0,0
7,240,2352,0.13357954545454545,2560,1.1262225210666656,0.59453125,0.013066545582842082,0.511024497449398,0.196484375,0.08500928422436119,0.9122373133897781,0.03137257695198059,0.03566980045288801,0.6913437247276306,0.02915249802172184,0.016085952438879756,0.166329887509346,nan,0.0,nan,0.0,0
7,260,2372,0.13471590909090908,2560,1.053853103518486,0.61875,0.039373905817046764,0.5193201884627342,0.152734375,0.14730153852142394,0.9144667476415634,0.03137257695198059,0.05948861315846443,0.7323642373085022,0.02915249802172184,-0.010221407795324926,0.166329887509346,nan,0.0,nan,0.0,0
7,280,2392,0.1358522727272727,2560,0.7604842454195022,0.740625,0.05001759259030223,0.5126562863588333,0.225390625,-0.1881545852869749,0.9132393062114715,0.03137257695198059,0.06473790854215622,0.7379159152507782,0.03932226358447224,-0.010695329005829993,0.166329887509346,nan,0.0,nan,0.0,0
7,300,2412,0.13698863636363634,2560,0.7756717354059219,0.735546875,0.026741813845001162,0.5029745876789093,0.24921875,-0.18303030580282212,0.9114845484495163,0.03137257695198059,0.05397618245333433,0.7238015830516815,0.039373905817046764,0.012632091972045602,0.166329887509346,nan,0.0,nan,0.0,0
7,320,2432,0.138125,2560,1.0518211156129837,0.638671875,0.04152564308606088,0.5076652660965919,0.239453125,-0.018877442879602312,0.9125166803598403,0.03137257695198059,0.04804047029465437,0.7234648942947388,0.03932226358447224,-0.002203379501588644,0.166329887509346,nan,0.0,nan,0.0,0
7,340,2452,0.13926136363636363,2560,1.0432691603899003,0.640625,0.05683769138995558,0.511515437066555,0.214453125,0.0825175273232162,0.9135945856571197,0.03137257695198059,0.0349690992385149,0.6975856781005859,0.039373905817046764,-0.017463785572908813,0.166329887509346,nan,0.0,nan,0.0,0
7,352,2464,0.13994318181818183,1480,0.8187459008113758,0.7216216216216216,0.05573800538943426,0.5209954496976491,0.24527027027027026,-0.18619302768965026,0.9122871099291621,0.03137257695198059,0.031743380236061845,0.6808810491819639,0.04152564308606088,-0.014212362303373381,0.166329887509346,nan,0.0,nan,0.0,0
8,20,2484,0.14107954545454546,2560,0.791416448354721,0.73203125,0.06649169076699764,0.521870057284832,0.246484375,-0.1798708461225033,0.9141761958599091,0.03137257695198059,0.034552438743412496,0.692047518491745,0.05001759259030223,-0.016474098176695408,0.166329887509346,nan,0.0,nan,0.0,0
8,40,2504,0.1422159090909091,2560,0.9194055676460267,0.695703125,0.06330360821448267,0.5139356136322022,0.31484375,-0.21818379275500774,0.9115495175123215,0.03137257695198059,0.0390389253385365,0.6924398630857468,0.05573800538943426,-0.007565602825048402,0.166329887509346,nan,0.0,nan,0.0,0
8,60,2524,0.14335227272727272,2560,1.0337890177965163,0.644140625,0.053711135499179365,0.5177125453948974,0.266796875,-0.02659613350406289,0.9105789333581924,0.03137257695198059,0.03393257698044181,0.6715339094400405,0.05683769138995558,0.003126555890776213,0.166329887509346,nan,0.0,nan,0.0,0
8,80,2544,0.14448863636363635,2560,0.7852269783616066,0.7390625,0.06433810451999307,0.5153446331620216,0.2609375,-0.20807757712900637,0.9123084008693695,0.03137257695198059,0.035577507503330705,0.6794410943984985,0.05683769138995558,-0.007500413130037492,0.166329887509346,nan,0.0,nan,0.0,0
8,100,2564,0.145625,2560,0.662776842713356,0.769140625,0.054740406852215526,0.5125731348991394,0.26796875,-0.3121182981878519,0.9103693813085556,0.03137257695198059,0.04051049165427685,0.6979950547218323,0.06330360821448267,0.00856320136226714,0.166329887509346,nan,0.0,nan,0.0,0
8,120,2584,0.14676136363636363,2560,0.7240816980600357,0.75859375,0.035212458181194964,0.5062540829181671,0.29921875,-0.38206481784582136,0.9119153499603272,0.03137257695198059,0.03958483543246984,0.6980398178100586,0.06330360821448267,0.0280911500332877,0.166329887509346,nan,0.0,nan,0.0,0
8,140,2604,0.14789772727272726,2560,0.6078704252839089,0.78828125,0.03979470672784373,0.5104320704936981,0.32578125,-0.503443731367588,0.9121411859989166,0.03137257695198059,0.03363195694983005,0.6798893272876739,0.054740406852215526,0.014945700124371797,0.166329887509346,nan,0.0,nan,0.0,0
8,160,2624,0.1490340909090909,2560,0.8541493594646454,0.716015625,0.04712841107975692,0.5073087260127067,0.325,-0.37123825773596764,0.9136684596538543,0.03137257695198059,0.035197642259299756,0.6861717343330384,0.053711135499179365,0.006582724419422446,0.166329887509346,nan,0.0,nan,0.0,0
8,180,2644,0.15017045454545455,2560,0.7451537877321244,0.73515625,0.027227447321638464,0.506567907333374,0.331640625,-0.5140948861837387,0.910522735118866,0.03137257695198059,0.03242931459099054,0.6656376153230668,0.04712841107975692,0.019900963758118454,0.166329887509346,nan,0.0,nan,0.0,0
8,200,2664,0.15130681818181818,2560,0.7210026651620864,0.75234375,0.04723591427318752,0.5153746470808983,0.35625,-0.5164752215147018,0.9101958125829697,0.03137257695198059,0.029450756125152112,0.659073093533516,0.03979470672784373,-0.007441207545343789,0.166329887509346,nan,0.0,nan,0.0,0
8,220,2684,0.1524431818181818,2560,0.9770625025033951,0.665234375,0.051269705127924683,0.518506896495819,0.278515625,-0.10085973488166929,0.9136617213487626,0.03137257695198059,0.02530571697279811,0.6654406368732453,0.03979470672784373,-0.011474998400080955,0.166329887509346,nan,0.0,nan,0.0,0
8,240,2704,0.15357954545454547,2560,1.0612774670124054,0.6359375,0.03724154960364103,0.5110222056508065,0.31640625,-0.14999615577980877,0.9137497186660767,0.03137257695198059,0.023110215738415717,0.6362897366285324,0.04712841107975692,0.009886861476115887,0.166329887509346,nan,0.0,nan,0.0,0
8,260,2724,0.1547159090909091,2560,0.9547643333673477,0.66953125,0.047719440795481204,0.5115106090903282,0.281640625,-0.11989202140830457,0.9110701382160187,0.03137257695198059,0.02936059795320034,0.6644697934389114,0.04712841107975692,-0.0005910297157242853,0.166329887509346,nan,0.0,nan,0.0,0
8,280,2744,0.15585227272727273,2560,0.9884694784879684,0.653515625,0.04062072802335024,0.5133209362626076,0.255078125,-0.02036847863346338,0.9109541743993759,0.03137257695198059,0.030288570560514927,0.6736466974020004,0.04723591427318752,0.006615186249837278,0.166329887509346,nan,0.0,nan,0.0,0
8,300,2764,0.15698863636363636,2560,0.9473134011030198,0.670703125,0.05451776804402471,0.5094585597515107,0.207421875,0.0330595432780683,0.912691393494606,0.03137257695198059,0.028459641337394714,0.6720627218484878,0.04723591427318752,-0.0072818537708371905,0.166329887509346,nan,0.0,nan,0.0,0
8,320,2784,0.158125,2560,0.8168133467435836,0.722265625,0.04017832037061453,0.518784350156784,0.255859375,-0.24955726712942122,0.9132988214492798,0.03137257695198059,0.026475169509649277,0.6634259045124054,0.047719440795481204,0.007541120424866675,0.166329887509346,nan,0.0,nan,0.0,0
8,340,2804,0.15926136363636365,2560,0.7825355798006057,0.738671875,0.03617353830486536,0.5091196849942208,0.269921875,-0.2141380154527724,0.9139175623655319,0.03137257695198059,0.029462005477398634,0.6810271739959717,0.04062072802335024,0.00444718971848488,0.166329887509346,nan,0.0,nan,0.0,0
8,352,2816,0.15994318181818182,1480,1.046254285606178,0.6317567567567568,0.04072701035419832,0.5204429434763419,0.28581081145518533,0.00999592671523223,0.9111383296347954,0.03137257695198059,0.03060629545031367,0.6879751762828311,0.04062072802335024,-0.00010628233084807731,0.166329887509346,nan,0.0,nan,0.0,0
9,20,2836,0.16107954545454548,2560,0.838623508810997,0.710546875,0.04034420680254698,0.5160178065299987,0.27265625,-0.18638716898858548,0.910857030749321,0.03137257695198059,0.02453042780980468,0.6500444412231445,0.04062072802335024,0.0002765212208032594,0.166329887509346,nan,0.0,nan,0.0,0
9,40,2856,0.1622159090909091,2560,0.7105165034532547,0.768359375,0.03365617168601602,0.5034821957349778,0.271484375,-0.3397357054054737,0.9128425806760788,0.03137257695198059,0.02003749068826437,0.623653456568718,0.04034420680254698,0.00668803511653096,0.166329887509346,nan,0.0,nan,0.0,0
9,60,2876,0.16335227272727273,2560,0.7126957446336746,0.755859375,0.021422989678103476,0.5208219066262245,0.276953125,-0.2931183148175478,0.9113573998212814,0.03137257695198059,0.019028946477919816,0.6272790729999542,0.04017832037061453,0.018755330692511053,0.166329887509346,nan,0.0,nan,0.0,0
9,80,2896,0.16448863636363636,2560,0.9741725534200668,0.6765625,0.033741457760334014,0.5247069165110588,0.275,-0.048115655221045016,0.913447591662407,0.03137257695198059,0.0198726954869926,0.6424192577600479,0.03617353830486536,0.0024320805445313468,0.166329887509346,nan,0.0,nan,0.0,0
9,100,2916,0.165625,2560,1.5251347780227662,0.45234375,0.03882954106666148,0.5802831202745438,0.306640625,0.3127335339784622,0.9166515529155731,0.03137257695198059,0.02375832311809063,0.647276172041893,0.033741457760334014,-0.005088083306327464,0.166329887509346,nan,0.0,nan,0.0,0
9,120,2936,0.16676136363636365,2560,1.6177887737751007,0.398828125,0.20939346887171267,0.6124380975961685,0.244921875,0.37809973359107973,0.9159097224473953,0.03137257695198059,0.04772247914224863,0.7286904454231262,0.033741457760334014,-0.17565201111137865,0.166329887509346,nan,0.0,nan,0.0,0
9,140,2956,0.16789772727272728,2560,1.3926922857761384,0.4890625,0.19796239212155342,0.5814499109983444,0.168359375,0.29320820048451424,0.9151616603136062,0.03137257695198059,0.0551217257976532,0.7452819049358368,0.033741457760334014,-0.1642209343612194,0.166329887509346,nan,0.0,nan,0.0,0
9,160,2976,0.1690340909090909,2560,1.043901613354683,0.63359375,0.07576618287712336,0.5316781520843505,0.11171875,0.17956977523863316,0.9144254267215729,0.03137257695198059,0.05417161770164967,0.7428060352802277,0.03882954106666148,-0.036936641810461884,0.166329887509346,nan,0.0,nan,0.0,0
9,180,2996,0.17017045454545454,2560,0.8605885982513428,0.69296875,0.030856370041146875,0.5132204815745354,0.10859375,0.08001586119644344,0.9138772547245025,0.03137257695198059,0.05385467298328876,0.7397895991802216,0.07576618287712336,0.04490981283597649,0.166329887509346,nan,0.0,nan,0.0,0
9,200,3016,0.17130681818181817,2560,0.8775871098041534,0.68203125,0.019692164775915445,0.5054029002785683,0.115625,0.07137838271446525,0.9143996119499207,0.03137257695198059,0.04950104970484972,0.7327079564332962,0.07576618287712336,0.05607401810120792,0.166329887509346,nan,0.0,nan,0.0,0
9,220,3036,0.17244318181818183,2560,0.8906370520591735,0.682421875,0.018859908310696484,0.5035068660974502,0.132421875,0.06538227796554566,0.9156521022319793,0.03137257695198059,0.045341496169567105,0.7246248483657837,0.07576618287712336,0.05690627456642688,0.166329887509346,nan,0.0,nan,0.0,0
9,240,3056,0.17357954545454546,2560,0.8332853376865387,0.70859375,0.003860460314899683,0.5018576458096504,0.12265625,0.03138577034696936,0.9145140528678894,0.03137257695198059,0.04529948569834232,0.7238273590803146,0.030856370041146875,0.026995909726247193,0.166329887509346,nan,0.0,nan,0.0,0
9,260,3076,0.1747159090909091,2560,0.8219623506069184,0.717578125,0.01320438344264403,0.5032224163413048,0.127734375,0.026621472113765775,0.9140654474496841,0.03137257695198059,0.045250176824629305,0.723061004281044,0.019692164775915445,0.006487781333271415,0.166329887509346,nan,0.0,nan,0.0,0
9,280,3096,0.17585227272727272,2560,0.8148807018995285,0.718359375,0.01637506960541941,0.503475458920002,0.146875,0.008417872502468527,0.9151291102170944,0.03137257695198059,0.04011114425957203,0.7122042357921601,0.018859908310696484,0.0024848387052770725,0.166329887509346,nan,0.0,nan,0.0,0
9,300,3116,0.17698863636363635,2560,0.7640127152204513,0.736328125,0.01486591601278633,0.4993281215429306,0.166015625,-0.08484278386458755,0.9145178735256195,0.03137257695198059,0.037762629613280294,0.7049798637628555,0.01637506960541941,0.0015091535926330824,0.166329887509346,nan,0.0,nan,0.0,0
9,320,3136,0.178125,2560,0.7648626953363419,0.74453125,0.030601534899324177,0.5036558926105499,0.189453125,-0.09646765445359051,0.9147528499364853,0.03137257695198059,0.039158893190324305,0.7072226524353027,0.01486591601278633,-0.01573561888653785,0.166329887509346,nan,0.0,nan,0.0,0
9,340,3156,0.17926136363636364,2560,0.7878562867641449,0.7421875,0.029945708625018597,0.5054817453026772,0.195703125,-0.08997070249170065,0.9131377130746842,0.03137257695198059,0.03736709021031857,0.7020903110504151,0.01486591601278633,-0.015079792612232268,0.166329887509346,nan,0.0,nan,0.0,0
9,352,3168,0.17994318181818184,1480,0.7309084889051076,0.7574324321102451,0.01633911094552762,0.5044715290134018,0.2054054058886863,-0.16415943366450234,0.9137574588930285,0.03137257695198059,0.03662072931592529,0.6989016056060791,0.01637506960541941,3.5958659891793116e-05,0.166329887509346,nan,0.0,nan,0.0,0
10,20,3188,0.18107954545454547,2560,0.7524013489484787,0.748828125,0.03177431409712881,0.5098451152443886,0.232421875,-0.18629752919077874,0.9130034297704697,0.03137257695198059,0.03984671197831631,0.7058260262012481,0.01637506960541941,-0.015399244491709398,0.166329887509346,nan,0.0,nan,0.0,0
10,40,3208,0.1822159090909091,2560,0.7450855702161789,0.746875,0.030954391905106605,0.5092879176139832,0.230859375,-0.1938488882035017,0.9132279872894287,0.03137257695198059,0.03784642573446036,0.6976241052150727,0.029945708625018597,-0.0010086832800880081,0.166329887509346,nan,0.0,nan,0.0,0
10,60,3228,0.18335227272727272,2560,0.7743533223867416,0.733984375,0.04185903451871127,0.5145397305488586,0.22578125,-0.14967282004654409,0.9135201960802078,0.03137257695198059,0.033145096711814405,0.6819544553756713,0.030601534899324177,-0.011257499619387094,0.166329887509346,nan,0.0,nan,0.0,0
10,80,3248,0.18448863636363635,2560,0.9384054780006409,0.680859375,0.023020833148621023,0.517532368004322,0.255078125,-0.025917844474315645,0.9133140802383423,0.03137257695198059,0.02753730472177267,0.6699193924665451,0.030954391905106605,0.007933558756485583,0.166329887509346,nan,0.0,nan,0.0,0
10,100,3268,0.185625,2560,1.3690524041652679,0.52109375,0.027895593387074768,0.5216488018631935,0.190234375,0.32192860953509805,0.9130995631217956,0.03137257695198059,0.028373282589018344,0.6730025261640549,0.030954391905106605,0.0030587985180318376,0.166329887509346,nan,0.0,nan,0.0,0
10,120,3288,0.18676136363636364,2560,0.7967425554990768,0.744140625,0.029255652334541082,0.5093179300427437,0.182421875,-0.10073158657178283,0.9106688410043716,0.03137257695198059,0.026487676706165076,0.6655127912759781,0.030954391905106605,0.001698739570565523,0.166329887509346,nan,0.0,nan,0.0,0
10,140,3308,0.18789772727272727,2560,0.651169191300869,0.785546875,0.01749095234554261,0.4990406185388565,0.24921875,-0.348950682580471,0.9120183438062668,0.03137257695198059,0.026676695328205824,0.6692438960075379,0.029255652334541082,0.011764699988998473,0.166329887509346,nan,0.0,nan,0.0,0
10,160,3328,0.1890340909090909,2560,0.6500469982624054,0.7890625,0.03307443221565336,0.5176254436373711,0.248046875,-0.2901706013828516,0.9127090632915497,0.03137257695198059,0.026637380383908747,0.6704898357391358,0.027895593387074768,-0.005178838828578589,0.166329887509346,nan,0.0,nan,0.0,0
10,180,3348,0.19017045454545453,2560,0.7711933851242065,0.748046875,0.030169224832206964,0.5087293207645416,0.234375,-0.23727499060332774,0.9127619624137878,0.03137257695198059,0.02734021283686161,0.6732411831617355,0.027895593387074768,-0.0022736314451321966,0.166329887509346,nan,0.0,nan,0.0,0
10,200,3368,0.1913068181818182,2560,0.7487616688013077,0.75625,0.018957306037191302,0.5025787517428398,0.243359375,-0.20372255183756352,0.9119142115116119,0.03137257695198059,0.023732333444058895,0.6618093252182007,0.029255652334541082,0.01029834629734978,0.166329887509346,nan,0.0,nan,0.0,0
10,220,3388,0.19244318181818182,2560,0.6972117185592651,0.766015625,0.03526859921403229,0.507322832942009,0.260546875,-0.3380850240588188,0.9147422999143601,0.03137257695198059,0.029146339744329453,0.6809859305620194,0.029255652334541082,-0.006012946879491207,0.166329887509346,nan,0.0,nan,0.0,0
10,240,3408,0.19357954545454545,2560,0.6703741908073425,0.778515625,0.02564105347264558,0.5094720363616944,0.227734375,-0.29522363319993017,0.9153235286474228,0.03137257695198059,0.03247653152793646,0.696530333161354,0.030169224832206964,0.004528171359561385,0.166329887509346,nan,0.0,nan,0.0,0
10,260,3428,0.19471590909090908,2560,0.7986967921257019,0.738671875,0.03336483933962882,0.5149429470300675,0.25859375,-0.2503260176628828,0.9127844721078873,0.03137257695198059,0.028647396806627513,0.6848018795251847,0.030169224832206964,-0.003195614507421854,0.166329887509346,nan,0.0,nan,0.0,0
10,280,3448,0.1958522727272727,2560,0.7469240337610245,0.74296875,0.03931429099757224,0.5099863886833191,0.251953125,-0.2545915566384792,0.9141686975955963,0.03137257695198059,0.025313249696046113,0.670165404677391,0.030169224832206964,-0.009145066165365277,0.166329887509346,nan,0.0,nan,0.0,0
10,300,3468,0.19698863636363637,2560,0.6812453329563141,0.76875,0.03953202781267464,0.5122604578733444,0.248046875,-0.3026345059275627,0.9141761988401413,0.03137257695198059,0.02589050205424428,0.6745856702327728,0.03336483933962882,-0.006167188473045822,0.166329887509346,nan,0.0,nan,0.0,0
10,320,3488,0.198125,2560,0.6823453813791275,0.77734375,0.02236763151595369,0.5055937573313714,0.265625,-0.32114401236176493,0.9146300196647644,0.03137257695198059,0.0277682363986969,0.6840614795684814,0.03526859921403229,0.012900967698078601,0.166329887509346,nan,0.0,nan,0.0,0
10,340,3508,0.19926136363636363,2560,0.6779457643628121,0.78671875,0.04089892981573939,0.511360689997673,0.258984375,-0.3644751440733671,0.9116932153701782,0.03137257695198059,0.026004910189658403,0.6736073553562164,0.03336483933962882,-0.007534090476110575,0.166329887509346,nan,0.0,nan,0.0,0
10,352,3520,0.19994318181818183,1480,0.8294524753415907,0.7263513516735386,0.04012002481046963,0.5174518968607928,0.29459459435295415,-0.3470794164651149,0.9128521584175728,0.03137257695198059,0.02547128224695051,0.6718045572976808,0.03931429099757224,-0.0008057338128973912,0.166329887509346,nan,0.0,nan,0.0,0
11,20,3540,0.20107954545454546,2560,0.7316008269786834,0.7484375,0.026873088069260122,0.5070677623152733,0.25625,-0.23415347877889872,0.9114335596561431,0.03137257695198059,0.025475925486534833,0.6749661028385162,0.03953202781267464,0.012658939743414518,0.166329887509346,nan,0.0,nan,0.0,0
11,40,3560,0.20221590909090909,2560,0.6698894366621971,0.77578125,0.0339600502513349,0.5130981594324112,0.292578125,-0.43210945948958396,0.9153221338987351,0.03137257695198059,0.024501257855445147,0.6740572601556778,0.03953202781267464,0.005571977561339737,0.166329887509346,nan,0.0,nan,0.0,0
11,60,3580,0.20335227272727271,2560,0.6654305994510651,0.77890625,0.021053262846544386,0.5056734874844551,0.285546875,-0.40036667734384535,0.9123745203018189,0.03137257695198059,0.021906175557523964,0.6580901831388474,0.0339600502513349,0.012906787404790517,0.166329887509346,nan,0.0,nan,0.0,0
11,80,3600,0.20448863636363637,2560,0.681292575597763,0.773046875,0.030752086848951875,0.5137101635336876,0.28359375,-0.39395918399095536,0.9116721004247665,0.03137257695198059,0.028242614679038526,0.6841849267482758,0.0339600502513349,0.0032079634023830274,0.166329887509346,nan,0.0,nan,0.0,0
11,100,3620,0.205625,2560,0.641672945022583,0.777734375,0.029866362310713157,0.5080405086278915,0.2984375,-0.4613118350505829,0.9116686701774597,0.03137257695198059,0.024687871057540178,0.6677231639623642,0.030752086848951875,0.0008857245382387184,0.166329887509346,nan,0.0,nan,0.0,0
11,120,3640,0.20676136363636363,2560,0.7940588742494583,0.728125,0.03448192635551095,0.5106402203440666,0.269140625,-0.33075955510139465,0.911737710237503,0.03137257695198059,0.02275685779750347,0.6615019053220749,0.029866362310713157,-0.004615564044797793,0.166329887509346,nan,0.0,nan,0.0,0
11,140,3660,0.20789772727272726,2560,0.6561472058296204,0.783984375,0.02319684058893472,0.5052045345306396,0.293359375,-0.44891008287668227,0.91170554459095,0.03137257695198059,0.021744016371667386,0.6585552662611007,0.030752086848951875,0.007555246260017155,0.166329887509346,nan,0.0,nan,0.0,0
11,160,3680,0.2090340909090909,2560,0.613159766793251,0.79921875,0.029890994960442185,0.5120578929781914,0.291796875,-0.5369848936796189,0.9153626978397369,0.03137257695198059,0.0228470946662128,0.6643326103687286,0.029866362310713157,-2.463264972902765e-05,0.166329887509346,nan,0.0,nan,0.0,0
11,180,3700,0.21017045454545455,2560,0.5594699069857597,0.81328125,0.023852665489539505,0.5045281916856765,0.3015625,-0.5049134820699692,0.9145445704460144,0.03137257695198059,0.02543264925479889,0.6767874419689178,0.029890994960442185,0.00603832947090268,0.166329887509346,nan,0.0,nan,0.0,0
11,200,3720,0.21130681818181818,2560,0.6900828242301941,0.759375,0.02941018491983414,0.5136477306485177,0.3046875,-0.4465881079435349,0.9121703028678894,0.03137257695198059,0.024834610149264337,0.6728533148765564,0.029866362310713157,0.0004561773908790187,0.166329887509346,nan,0.0,nan,0.0,0
11,220,3740,0.2124431818181818,2560,0.6580555826425553,0.78046875,0.023241783678531646,0.5098312586545944,0.343359375,-0.6017029941082,0.9120318353176117,0.03137257695198059,0.026500330492854118,0.6763878136873245,0.02941018491983414,0.006168401241302492,0.166329887509346,nan,0.0,nan,0.0,0
11,240,3760,0.21357954545454544,2560,0.649257342517376,0.778515625,0.029587646981235595,0.5120319560170173,0.34140625,-0.635382916033268,0.9140463709831238,0.03137257695198059,0.022741594724357127,0.6616010338068008,0.023852665489539505,-0.00573498149169609,0.166329887509346,nan,0.0,nan,0.0,0
11,260,3780,0.21471590909090907,2560,0.6373063504695893,0.792578125,0.03316459126072004,0.5065877452492714,0.345703125,-0.5759016886353493,0.9120829433202744,0.03137257695198059,0.023451264761388303,0.6638131618499756,0.02941018491983414,-0.0037544063408859046,0.166329887509346,nan,0.0,nan,0.0,0
11,280,3800,0.21585227272727273,2560,0.778875395655632,0.730859375,0.04030516920611262,0.5113942608237266,0.33671875,-0.5240806862711906,0.9122528225183487,0.03137257695198059,0.018617954663932325,0.6370711266994477,0.02941018491983414,-0.010894984286278483,0.166329887509346,nan,0.0,nan,0.0,0
11,300,3820,0.21698863636363636,2560,0.6439544022083282,0.7828125,0.026809395384043457,0.5054196834564209,0.302734375,-0.4749655395746231,0.9137874871492386,0.03137257695198059,0.019485698919743298,0.6422418475151062,0.029587646981235595,0.0027782515971921384,0.166329887509346,nan,0.0,nan,0.0,0
11,320,3840,0.21812499999999999,2560,0.6332689985632897,0.79375,0.031982190546113995,0.5084041759371758,0.31328125,-0.5293346643447876,0.9129726618528367,0.03137257695198059,0.02436043731868267,0.6687114894390106,0.029587646981235595,-0.0023945435648784,0.166329887509346,nan,0.0,nan,0.0,0
11,340,3860,0.21926136363636362,2560,0.6503687798976898,0.773046875,0.020441314834170044,0.514116932451725,0.27109375,-0.39189084693789483,0.9153590112924576,0.03137257695198059,0.024161687307059764,0.6687732875347138,0.031982190546113995,0.01154087571194395,0.166329887509346,nan,0.0,nan,0.0,0
11,352,3872,0.21994318181818182,1480,0.8108495802492709,0.7344594588150849,0.03200306627597358,0.5167614711297525,0.31689189173079824,-0.43150000088923685,0.9129172537777875,0.03137257695198059,0.01671381803682527,0.6241241110337747,0.031982190546113995,-2.0875729859586023e-05,0.166329887509346,nan,0.0,nan,0.0,0
12,20,3892,0.22107954545454545,2560,0.7035261422395707,0.755078125,0.015718974685296417,0.507758092880249,0.3015625,-0.430786657333374,0.9129610925912857,0.03137257695198059,0.02127581462264061,0.6478132009506226,0.031982190546113995,0.016263215860817578,0.166329887509346,nan,0.0,nan,0.0,0
12,40,3912,0.22221590909090908,2560,0.6551524937152863,0.78125,0.02213925562100485,0.5056462779641151,0.29375,-0.4308636635541916,0.9123643428087235,0.03137257695198059,0.02660531150177121,0.6733051300048828,0.026809395384043457,0.004670139763038608,0.166329887509346,nan,0.0,nan,0.0,0
12,60,3932,0.22335227272727273,2560,0.7249982506036758,0.759375,0.026056125317700206,0.5050310984253883,0.294140625,-0.45201014876365664,0.9122226953506469,0.03137257695198059,0.029440956003963948,0.6831230014562607,0.02213925562100485,-0.0039168696966953576,0.166329887509346,nan,0.0,nan,0.0,0
12,80,3952,0.22448863636363636,2560,0.6136414051055908,0.80078125,0.020398277847561985,0.5106684505939484,0.34609375,-0.6470866069197655,0.9120765805244446,0.03137257695198059,0.025841537211090327,0.6661514818668366,0.02213925562100485,0.001740977773442863,0.166329887509346,nan,0.0,nan,0.0,0
12,100,3972,0.225625,2560,0.736940222978592,0.75390625,0.03254728721221909,0.5190586239099503,0.298828125,-0.393247252702713,0.9115000635385513,0.03137257695198059,0.02211567312479019,0.6502778708934784,0.02213925562100485,-0.010408031591214242,0.166329887509346,nan,0.0,nan,0.0,0
12,120,3992,0.22676136363636362,2560,0.6842737108469009,0.775390625,0.024482489842921496,0.5066178768873215,0.35234375,-0.6272286847233772,0.9098757624626159,0.03137257695198059,0.017064518015831708,0.6228510797023773,0.02213925562100485,-0.002343234221916648,0.166329887509346,nan,0.0,nan,0.0,0
12,140,4012,0.22789772727272725,2560,0.6598362773656845,0.78203125,0.024028103915043175,0.5045570522546768,0.341796875,-0.5856691792607307,0.9134397089481354,0.03137257695198059,0.018890425097197294,0.6386172026395798,0.024482489842921496,0.0004543859278783209,0.166329887509346,nan,0.0,nan,0.0,0
12,160,4032,0.22903409090909088,2560,0.5775123670697212,0.803125,nan,0.5095576122403145,0.380859375,-0.7391601920127868,0.9115490168333054,0.03137257695198059,0.015268464852124453,0.6128799706697464,0.024482489842921496,nan,0.166329887509346,nan,0.0,nan,0.0,0
12,180,4052,0.23017045454545454,2560,0.6298096626996994,0.78359375,0.031025632517412305,0.5137867137789727,0.34375,-0.6577271148562431,0.9126562923192978,0.03137257695198059,0.01876877071335912,0.6367141902446747,nan,nan,0.166329887509346,nan,0.0,nan,0.0,0
12,200,4072,0.23130681818181817,2560,0.6720399186015129,0.780078125,0.023169159796088933,0.5133344188332558,0.325390625,-0.5133166462182999,0.9106338739395141,0.03137257695198059,0.0224114372394979,0.6562954246997833,nan,nan,0.166329887509346,nan,0.0,nan,0.0,0
12,220,4092,0.2324431818181818,2560,0.7024833843111992,0.75546875,0.021215264068450777,0.511637507379055,0.34453125,-0.5203822568058968,0.9119269281625748,0.03137257695198059,0.020311684906482698,0.641673356294632,nan,nan,0.166329887509346,nan,0.0,nan,0.0,0
12,240,4112,0.23357954545454543,2560,0.6759413778781891,0.776171875,0.01750180871458724,0.5051869809627533,0.349609375,-0.5684207431972027,0.9145659297704697,0.03137257695198059,0.02450559111312032,0.6571601569652558,nan,nan,0.166329887509346,nan,0.0,nan,0.0,0
12,260,4132,0.23471590909090906,2560,1.0587070524692535,0.64921875,0.03543539494276047,0.5173919826745987,0.303125,-0.11011014366522431,0.9134164422750473,0.03137257695198059,0.01767481565475464,0.6245366334915161,nan,nan,0.166329887509346,nan,0.0,nan,0.0,0
12,280,4152,0.23585227272727272,2560,0.746450512111187,0.758984375,0.028848638478666543,0.5127056300640106,0.298046875,-0.29290549382567405,0.9124388545751572,0.03137257695198059,0.018088174983859062,0.621401047706604,0.023169159796088933,-0.005679478682577611,0.166329887509346,nan,0.0,nan,0.0,0
12,300,4172,0.23698863636363635,2560,0.6119748845696449,0.802734375,nan,0.5119329035282135,0.34140625,-0.6056754618883133,0.9123466730117797,0.03137257695198059,0.02308512181043625,0.6515472739934921,0.023169159796088933,nan,0.166329887509346,nan,0.0,nan,0.0,0
12,320,4192,0.23812499999999998,2560,0.651753132045269,0.794921875,0.027029988239519298,0.5118457973003387,0.311328125,-0.44161926209926605,0.9135382533073425,0.03137257695198059,0.02339745918288827,0.653386476635933,nan,nan,0.166329887509346,nan,0.0,nan,0.0,0
12,340,4212,0.2392613636363636,2560,0.5511733248829842,0.81640625,0.01693640244193375,0.5040217220783234,0.335546875,-0.5801440954208374,0.9142868250608445,0.03137257695198059,0.024413102585822345,0.6552277714014053,nan,nan,0.166329887509346,nan,0.0,nan,0.0,0
12,352,4224,0.2399431818181818,1480,0.5941644791010264,0.8040540556649904,nan,0.5156784627888654,0.3216216224270898,-0.6702576870048368,0.9148754413063461,0.03137257695198059,0.02343363741765151,0.6560741891732087,nan,nan,0.166329887509346,nan,0.0,nan,0.0,0
13,20,4244,0.24107954545454544,2560,0.8389824867248535,0.727734375,0.030935957748442888,0.521719379723072,0.32109375,-0.32495127171278,0.9144171595573425,0.03137257695198059,0.0249497608281672,0.6604945123195648,nan,nan,0.166329887509346,nan,0.0,nan,0.0,0
13,40,4264,0.24221590909090907,2560,1.218588536977768,0.570703125,0.027035924978554247,0.5159636393189431,0.291015625,0.07030202625319362,0.9149571925401687,0.03137257695198059,0.021416150964796543,0.6422640889883041,nan,nan,0.166329887509346,nan,0.0,nan,0.0,0
13,60,4284,0.24335227272727272,2560,0.8581178784370422,0.723046875,0.029683150217169895,0.5114037975668907,0.237109375,-0.16685890923254193,0.9139736384153366,0.03137257695198059,0.025451262854039668,0.657178419828415,nan,nan,0.166329887509346,nan,0.0,nan,0.0,0
13,80,4304,0.24448863636363635,2560,0.7519361391663552,0.752734375,0.042832752550020815,0.5174217402935029,0.2609375,-0.3091220403090119,0.914335772395134,0.03137257695198059,0.030735510401427746,0.6805476278066636,nan,nan,0.166329887509346,nan,0.0,nan,0.0,0
13,100,4324,0.24562499999999998,2560,0.7025081276893616,0.76796875,0.023088400391861795,0.5080117732286453,0.315625,-0.4379714004695415,0.9137207210063935,0.03137257695198059,0.029658681061118842,0.6799753665924072,nan,nan,0.166329887509346,nan,0.0,nan,0.0,0
13,120,4344,0.2467613636363636,2560,0.6064022138714791,0.81328125,nan,0.5086923122406006,0.3125,-0.5301583558320999,0.9126107722520829,0.03137257695198059,0.021546839084476233,0.6475137740373611,0.029683150217169895,nan,0.166329887509346,nan,0.0,nan,0.0,0
13,140,4364,0.24789772727272724,2560,0.5622085288167,0.816015625,0.019650218728929757,0.5036258846521378,0.352734375,-0.6834185123443604,0.9123810052871704,0.03137257695198059,0.019196337275207042,0.6356515020132065,nan,nan,0.166329887509346,nan,0.0,nan,0.0,0
13,160,4384,0.2490340909090909,2560,0.5920000672340393,0.8125,0.030537033965811134,0.513360358774662,0.35390625,-0.684316574037075,0.9135664820671081,0.03137257695198059,0.02167644537985325,0.643138638138771,nan,nan,0.166329887509346,nan,0.0,nan,0.0,0
13,180,4404,0.2501704545454545,2560,0.5456438452005387,0.824609375,nan,0.5085125118494034,0.359375,-0.716916199028492,0.9141338527202606,0.03137257695198059,0.02675717379897833,0.6642556101083755,nan,nan,0.166329887509346,nan,0.0,nan,0.0,0
13,200,4424,0.25130681818181816,2560,0.6220830589532852,0.791796875,nan,0.5100961238145828,0.323046875,-0.559960275888443,0.9143409937620163,0.03137257695198059,0.03099807295948267,0.6795479029417038,nan,nan,0.166329887509346,nan,0.0,nan,0.0,0
13,220,4444,0.2524431818181818,2560,0.6989002645015716,0.765625,nan,0.5033196896314621,0.2984375,-0.4145126834511757,0.9127025812864303,0.03137257695198059,0.025278813764452936,0.6630077481269836,nan,nan,0.166329887509346,nan,0.0,nan,0.0,0
13,240,4464,0.2535795454545454,2560,0.6999461308121682,0.7640625,nan,0.5055551081895828,0.2875,-0.429939242452383,0.914360961318016,0.03137257695198059,0.030793393310159446,0.6876547366380692,nan,nan,0.166329887509346,nan,0.0,nan,0.0,0
13,260,4484,0.2547159090909091,2560,1.0376506358385087,0.6546875,0.01890347187872976,0.516188831627369,0.285546875,-0.10879888935014606,0.9139563471078873,0.03137257695198059,0.0270232236944139,0.6630749046802521,nan,nan,0.166329887509346,nan,0.0,nan,0.0,0
13,280,4504,0.2558522727272727,2560,0.8836817860603332,0.70546875,0.028367203148081898,0.5028085201978684,0.2078125,-0.0773414894938469,0.910528588294983,0.03137257695198059,0.028283251728862525,0.6743034362792969,nan,nan,0.166329887509346,nan,0.0,nan,0.0,0
13,300,4524,0.2569886363636364,2560,0.7306577801704407,0.74765625,0.026548299693968148,0.5066561505198479,0.276171875,-0.3235264100134373,0.9130928307771683,0.03137257695198059,0.03338469490408898,0.6894288033246994,nan,nan,0.166329887509346,nan,0.0,nan,0.0,0
13,320,4544,0.258125,2560,0.6123170673847198,0.803515625,0.02539561048615724,0.5092838406562805,0.249609375,-0.3814942747354507,0.9131344020366668,0.03137257695198059,0.03395369704812765,0.6920509457588195,nan,nan,0.166329887509346,nan,0.0,nan,0.0,0
13,340,4564,0.25926136363636365,2560,0.6694989383220673,0.781640625,0.029393885779427364,0.5119416683912277,0.284375,-0.47971025183796884,0.9125208616256714,0.03137257695198059,0.03429104620590806,0.6927493751049042,nan,nan,0.166329887509346,nan,0.0,nan,0.0,0
13,352,4576,0.2599431818181818,1480,0.7176827111759702,0.7668918918918919,nan,0.5109007838610057,0.3175675682119421,-0.5014695723314543,0.9150313841330039,0.03137257695198059,0.03065282105392701,0.680962999446972,0.026548299693968148,nan,0.166329887509346,nan,0.0,nan,0.0,0
14,20,4596,0.2610795454545454,2560,0.8299955993890762,0.73203125,0.024213400017470122,0.5097847148776055,0.25078125,-0.18516440456733108,0.9131407588720322,0.03137257695198059,0.02995895715430379,0.6830633461475373,nan,nan,0.166329887509346,nan,0.0,nan,0.0,0
14,40,4616,0.2622159090909091,2560,0.7260324791073799,0.75859375,0.008613864460494369,0.5044604063034057,0.2921875,-0.3574535742402077,0.916096767783165,0.03137257695198059,0.03161291452124715,0.6875350475311279,nan,nan,0.166329887509346,nan,0.0,nan,0.0,0
14,60,4636,0.2633522727272727,2560,0.6745955809950829,0.77578125,0.017677777609787882,0.5099455684423446,0.286328125,-0.4290146142244339,0.9145417660474777,0.03137257695198059,0.037032575532794,0.7052047491073609,nan,nan,0.166329887509346,nan,0.0,nan,0.0,0
14,80,4656,0.26448863636363634,2560,0.6058757811784744,0.8015625,0.022536557086277755,0.5084499523043633,0.312109375,-0.5410624831914902,0.9122397273778915,0.03137257695198059,0.03142463006079197,0.6887702882289887,nan,nan,0.166329887509346,nan,0.0,nan,0.0,0
14,100,4676,0.265625,2560,0.6395099550485611,0.79609375,0.023088594875298442,0.5094654247164726,0.30859375,-0.5509296819567681,0.9127085566520691,0.03137257695198059,0.028517156094312667,0.6794813275337219,nan,nan,0.166329887509346,nan,0.0,nan,0.0,0
14,120,4696,0.2667613636363636,2560,0.6074692130088806,0.800390625,0.01950972587801516,0.507037504017353,0.337890625,-0.6021703541278839,0.9133688777685165,0.03137257695198059,0.02423137901350856,0.6629419088363647,0.022536557086277755,0.0030268312082625953,0.166329887509346,nan,0.0,nan,0.0,0
14,140,4716,0.26789772727272726,2560,0.6015683472156524,0.80625,0.020768845395650715,0.5074843242764473,0.308203125,-0.5459480434656143,0.9118778347969055,0.03137257695198059,0.020954372268170117,0.6458252668380737,0.01950972587801516,-0.0012591195176355555,0.166329887509346,nan,0.0,nan,0.0,0
14,160,4736,0.26903409090909086,2560,0.7293846368789673,0.7640625,0.02742735219653696,0.5147583171725273,0.36640625,-0.6414214476943016,0.9152226924896241,0.03137257695198059,0.01967745306901634,0.6305242747068405,0.020768845395650715,-0.006658506800886244,0.166329887509346,nan,0.0,nan,0.0,0
14,180,4756,0.2701704545454545,2560,0.6883133158087731,0.76953125,0.025880605541169645,0.5135243847966194,0.344140625,-0.5250644862651825,0.9129019618034363,0.03137257695198059,0.018201585672795773,0.6213899403810501,0.022536557086277755,-0.0033440484548918903,0.166329887509346,nan,0.0,nan,0.0,0
14,200,4776,0.2713068181818182,2560,0.6730611771345139,0.77109375,0.021531497268006204,0.5050253733992577,0.3390625,-0.5696317702531815,0.9136666864156723,0.03137257695198059,0.01989497859030962,0.6344376832246781,0.023088594875298442,0.0015570976072922377,0.166329887509346,nan,0.0,nan,0.0,0
14,220,4796,0.27244318181818183,2560,0.7146846711635589,0.762890625,0.02590078702196479,0.5152614772319793,0.376171875,-0.6059997424483299,0.9125268489122391,0.03137257695198059,0.02174714980646968,0.6435138374567032,0.021531497268006204,-0.004369289753958585,0.166329887509346,nan,0.0,nan,0.0,0
14,240,4816,0.27357954545454544,2560,0.6948668897151947,0.77109375,nan,0.5097380489110946,0.345703125,-0.5855091035366058,0.9125522792339325,0.03137257695198059,0.02225118251517415,0.6447398453950882,0.025880605541169645,nan,0.166329887509346,nan,0.0,nan,0.0,0
14,260,4836,0.2747159090909091,2560,0.8473829686641693,0.723046875,nan,0.5097951456904412,0.29453125,-0.27967707104980943,0.9129735499620437,0.03137257695198059,0.032159358449280265,0.6875399708747864,nan,nan,0.166329887509346,nan,0.0,nan,0.0,0
14,280,4856,0.27585227272727275,2560,0.6100551903247833,0.8,0.01825594626716338,0.5074152752757073,0.326171875,-0.5052949324250221,0.916017296910286,0.03137257695198059,0.031357443705201146,0.6848991632461547,nan,nan,0.166329887509346,nan,0.0,nan,0.0,0
14,300,4876,0.27698863636363635,2560,0.6355200618505478,0.791015625,0.02371028495253995,0.5080631464719773,0.368359375,-0.699145957827568,0.912739709019661,0.03137257695198059,0.025117056630551814,0.6638819605112076,nan,nan,0.166329887509346,nan,0.0,nan,0.0,0
14,320,4896,0.278125,2560,0.54689339697361,0.824609375,0.024989729363005607,0.5091569378972054,0.324609375,-0.6565297901630401,0.9127851128578186,0.03137257695198059,0.029302622843533754,0.6830058217048645,nan,nan,0.166329887509346,nan,0.0,nan,0.0,0
14,340,4916,0.2792613636363636,2560,0.6122522667050362,0.799609375,0.011199197545647622,0.5063504695892334,0.35,-0.7277232855558395,0.9142735928297043,0.03137257695198059,0.02919962676241994,0.6844186156988143,nan,nan,0.166329887509346,nan,0.0,nan,0.0,0
14,352,4928,0.2799431818181818,1480,0.7004485520156654,0.7655405408627278,nan,0.5139008618689872,0.33175675707894403,-0.5857956332129401,0.9160987757347726,0.03137257695198059,0.02378281037751082,0.6581134412739728,nan,nan,0.166329887509346,nan,0.0,nan,0.0,0
15,20,4948,0.28107954545454544,2560,0.6338131815195084,0.794921875,nan,0.507383617758751,0.36171875,-0.6796690404415131,0.9140147030353546,0.03137257695198059,0.025827276427298783,0.6634259343147277,nan,nan,0.166329887509346,nan,0.0,nan,0.0,0
15,40,4968,0.28221590909090905,2560,0.6112115740776062,0.79609375,0.02475010968046263,0.5067056208848953,0.355859375,-0.6860617771744728,0.9132822901010513,0.03137257695198059,0.02449830314144492,0.6551607400178909,nan,nan,0.166329887509346,nan,0.0,nan,0.0,0
15,60,4988,0.2833522727272727,2560,0.8977172076702118,0.71171875,0.03189450909849256,0.5212138012051583,0.358203125,-0.4706067271064967,0.9161392390727997,0.03137257695198059,0.02272241748869419,0.6384969979524613,nan,nan,0.166329887509346,nan,0.0,nan,0.0,0
15,80,5008,0.28448863636363636,2560,1.1676743775606155,0.597265625,0.014067826454993337,0.521375672519207,0.27265625,0.0496808111667633,0.9129202783107757,0.03137257695198059,0.02475913455709815,0.6523470103740692,nan,nan,0.166329887509346,nan,0.0,nan,0.0,0
15,100,5028,0.28562499999999996,2560,0.7830400317907333,0.74140625,0.015421606041491032,0.5069291591644287,0.245703125,-0.21397315077483653,0.9151294887065887,0.03137257695198059,0.02052730359137058,0.6443794280290603,nan,nan,0.166329887509346,nan,0.0,nan,0.0,0
15,120,5048,0.2867613636363636,2560,0.6370275497436524,0.78984375,nan,0.5014358684420586,0.26640625,-0.3946868106722832,0.9140176355838776,0.03137257695198059,0.027017816621810197,0.6784419476985931,nan,nan,0.166329887509346,nan,0.0,nan,0.0,0
15,140,5068,0.2878977272727273,2560,0.6224833384156228,0.796875,nan,0.5140571758151055,0.33125,-0.625215308368206,0.9162639826536179,0.03137257695198059,0.023517264518886805,0.6637056767940521,nan,nan,0.166329887509346,nan,0.0,nan,0.0,0
15,160,5088,0.28903409090909093,2560,0.721981194615364,0.76640625,0.028507480025291444,0.5086619228124618,0.3453125,-0.5953827410936355,0.9143743067979813,0.03137257695198059,0.02462733369320631,0.6636665403842926,nan,nan,0.166329887509346,nan,0.0,nan,0.0,0
15,180,5108,0.29017045454545454,2560,0.6964977234601974,0.7734375,0.024623807286843657,0.509667980670929,0.345703125,-0.5842938795685768,0.914971312880516,0.03137257695198059,0.02689742874354124,0.6731279134750366,nan,nan,0.166329887509346,nan,0.0,nan,0.0,0
15,200,5128,0.2913068181818182,2560,0.7529393285512924,0.75078125,0.019566940306685866,0.5136141613125801,0.33046875,-0.43887588679790496,0.9120337337255477,0.03137257695198059,0.025899205729365347,0.6716562569141388,nan,nan,0.166329887509346,nan,0.0,nan,0.0,0
15,220,5148,0.2924431818181818,2560,0.8052778333425522,0.7421875,0.015875385014805943,0.5083756893873215,0.321875,-0.38565154783427713,0.9131129145622253,0.03137257695198059,0.02246654834598303,0.643719956278801,nan,nan,0.166329887509346,nan,0.0,nan,0.0,0
15,240,5168,0.29357954545454545,2560,0.6233422696590424,0.799609375,0.011356655298732221,0.5018659129738807,0.365625,-0.6971127539873123,0.9154939144849777,0.03137257695198059,0.027530849911272526,0.6683301866054535,nan,nan,0.166329887509346,nan,0.0,nan,0.0,0
15,260,5188,0.2947159090909091,2560,0.5018224626779556,0.837890625,0.01859524173196405,0.5084544032812118,0.3578125,-0.7645907193422318,0.9122769892215729,0.03137257695198059,0.02911798534914851,0.6788151979446411,0.019566940306685866,0.0009716985747218153,0.166329887509346,nan,0.0,nan,0.0,0
15,280,5208,0.2958522727272727,2560,0.48442508429288866,0.848828125,0.004706486954819411,0.5030778378248215,0.399609375,-0.9656147301197052,0.9142353296279907,0.03137257695198059,0.02843615263700485,0.6811859786510468,0.01859524173196405,0.01388875477714464,0.166329887509346,nan,0.0,nan,0.0,0
15,300,5228,0.29698863636363637,2560,0.45893032401800155,0.8546875,0.0014180250698700547,0.49673946797847746,0.3609375,-0.8576470583677291,0.9157634884119034,0.03137257695198059,0.028644393756985666,0.6868258535861969,0.015875385014805943,0.01445735994493589,0.166329887509346,nan,0.0,nan,0.0,0
15,320,5248,0.298125,2560,0.5225738227367401,0.835546875,0.0037866918719373643,0.5060235515236855,0.358203125,-0.7727137252688407,0.913347527384758,0.03137257695198059,0.035269195586442946,0.7078510344028472,0.011356655298732221,0.007569963426794857,0.166329887509346,nan,0.0,nan,0.0,0
15,340,5268,0.29926136363636363,2560,0.6316555112600326,0.787890625,0.01709783137193881,0.5071641474962234,0.3984375,-0.9028819620609283,0.9135865718126297,0.03137257695198059,0.035371437296271326,0.7012972563505173,0.004706486954819411,-0.0123913444171194,0.166329887509346,nan,0.0,nan,0.0,0
15,352,5280,0.2999431818181818,1480,0.5732508997659426,0.8087837844281583,0.0017319186640953695,0.4983512933189804,0.3979729731340666,-0.8539917865314999,0.9142182382377418,0.03137257695198059,0.032943571177688806,0.6921910788561847,0.004706486954819411,0.0029745682907240415,0.166329887509346,nan,0.0,nan,0.0,0
16,20,5300,0.2989204545454545,2560,0.7600124582648278,0.755078125,0.006122361827874556,0.5031855419278145,0.416796875,-0.8019736379384994,0.9136317133903503,0.03137257695198059,0.0336852471344173,0.7006817847490311,0.0037866918719373643,-0.0023356699559371917,0.166329887509346,nan,0.0,nan,0.0,0
16,40,5320,0.2977840909090909,2560,1.0380390375852584,0.64921875,0.012735820573288948,0.5117318615317344,0.384375,-0.3311797313624993,0.9145398646593094,0.03137257695198059,0.038667692616581914,0.7091330558061599,0.0037866918719373643,-0.008949128701351583,0.166329887509346,nan,0.0,nan,0.0,0
16,60,5340,0.29664772727272726,2560,0.8233573198318481,0.725390625,0.0309258702211082,0.5139381542801857,0.275,-0.24959004037082194,0.9140148341655732,0.03137257695198059,0.02910867379978299,0.673551344871521,0.006122361827874556,-0.024803508393233642,0.166329887509346,nan,0.0,nan,0.0,0
16,80,5360,0.29551136363636366,2560,0.5834737822413445,0.817578125,0.01753664924763143,0.5042225077748299,0.347265625,-0.7151048839092254,0.9137129634618759,0.03137257695198059,0.022495087794959547,0.6516479611396789,0.012735820573288948,-0.004800828674342483,0.166329887509346,nan,0.0,nan,0.0,0
16,100,5380,0.294375,2560,0.5971125587821007,0.80859375,0.012748706695856527,0.5053206339478493,0.32265625,-0.6031431645154953,0.9134516566991806,0.03137257695198059,0.027867551892995834,0.6815288841724396,0.012735820573288948,-1.2886122567579497e-05,0.166329887509346,nan,0.0,nan,0.0,0
16,120,5400,0.2932386363636364,2560,0.5821550086140632,0.8109375,0.012581479083746672,0.5083386927843094,0.316015625,-0.5811253219842911,0.9136702418327332,0.03137257695198059,0.027917993627488612,0.6839120030403137,0.012748706695856527,0.00016722761210985482,0.166329887509346,nan,0.0,nan,0.0,0
16,140,5420,0.2921022727272727,2560,0.8010151937603951,0.744140625,0.012851857303758152,0.5137096598744393,0.36484375,-0.5789488025009633,0.9129150629043579,0.03137257695198059,0.031149708200246096,0.6911142110824585,0.012748706695856527,-0.00010315060790162464,0.166329887509346,nan,0.0,nan,0.0,0
16,160,5440,0.2909659090909091,2560,0.7430513888597489,0.74921875,0.00911839584587142,0.5028572291135788,0.322265625,-0.42933894582092763,0.9144013881683349,0.03137257695198059,0.020082350773736834,0.6428445398807525,0.012851857303758152,0.0037334614578867324,0.166329887509346,nan,0.0,nan,0.0,0
16,180,5460,0.2898295454545454,2560,0.5357699140906333,0.829296875,0.013050379895139486,0.5039356365799904,0.38203125,-0.7910986542701721,0.9120815515518188,0.03137257695198059,0.030859214160591363,0.6918343275785446,0.012748706695856527,-0.00030167319928295876,0.166329887509346,nan,0.0,nan,0.0,0
16,200,5480,0.2886931818181818,2560,0.5152403876185417,0.82578125,nan,0.5063071101903915,0.37421875,-0.8166981488466263,0.9132503658533097,0.03137257695198059,0.03271951535716653,0.7000725150108338,0.012748706695856527,nan,0.166329887509346,nan,0.0,nan,0.0,0
16,220,5500,0.28755681818181816,2560,0.5577732726931572,0.81796875,0.012437243340536952,0.5086724787950516,0.34609375,-0.7776044279336929,0.9136285334825516,0.03137257695198059,0.027427456714212893,0.684384235739708,nan,nan,0.166329887509346,nan,0.0,nan,0.0,0
16,240,5520,0.28642045454545456,2560,0.8001739144325256,0.75,nan,0.5109138652682305,0.326171875,-0.48257452305406334,0.9137303858995438,0.03137257695198059,0.028746243845671416,0.6843409031629563,nan,nan,0.166329887509346,nan,0.0,nan,0.0,0
16,260,5540,0.2852840909090909,2560,0.7310584425926209,0.76171875,nan,0.5035825297236443,0.38359375,-0.6127986967563629,0.9133191615343094,0.03137257695198059,0.029421026166528464,0.6786354303359985,nan,nan,0.166329887509346,nan,0.0,nan,0.0,0
16,280,5560,0.2841477272727273,2560,0.5240506589412689,0.83203125,0.00838512863847427,0.5067775875329972,0.385546875,-0.8449586540460586,0.9127144038677215,0.03137257695198059,0.024199130199849605,0.6650793969631195,nan,nan,0.166329887509346,nan,0.0,nan,0.0,0
16,300,5580,0.28301136363636364,2560,0.5687122091650962,0.819140625,0.003865769284311682,0.5056596279144288,0.40625,-0.9696910947561264,0.9128723293542862,0.03137257695198059,0.02781379222869873,0.6826685488224029,nan,nan,0.166329887509346,nan,0.0,nan,0.0,0
16,320,5600,0.28187500000000004,2560,0.7954495757818222,0.75,nan,0.5065125957131386,0.38125,-0.5728146255016326,0.9140700250864029,0.03137257695198059,0.03147520869970322,0.6914867222309112,nan,nan,0.166329887509346,nan,0.0,nan,0.0,0
16,340,5620,0.28073863636363633,2560,0.5820765107870102,0.810546875,0.013412863225676119,0.5104487270116806,0.361328125,-0.7349064737558365,0.9129027247428894,0.03137257695198059,0.02638647397980094,0.6673651844263077,nan,nan,0.166329887509346,nan,0.0,nan,0.0,0
16,352,5632,0.2800568181818182,1480,0.6771047009004129,0.7824324337211815,nan,0.5130780336019155,0.34324324292105596,-0.7110256565583719,0.9146979483398231,0.03137257695198059,0.02517997127127003,0.6675896834682774,nan,nan,0.166329887509346,nan,0.0,nan,0.0,0
17,20,5652,0.2789204545454545,2560,0.7074996888637543,0.769921875,nan,0.5027875363826751,0.346875,-0.5746696338057518,0.9128627926111221,0.03137257695198059,0.027755153179168702,0.6794047743082047,nan,nan,0.166329887509346,nan,0.0,nan,0.0,0
17,40,5672,0.2777840909090909,2560,0.6409134075045586,0.79453125,nan,0.5097094401717186,0.320703125,-0.511127370595932,0.9125162929296493,0.03137257695198059,0.0285236993804574,0.6803255498409271,nan,nan,0.166329887509346,nan,0.0,nan,0.0,0
17,60,5692,0.27664772727272724,2560,0.5371435523033142,0.82578125,nan,0.5059017330408097,0.380078125,-0.8526857823133469,0.9164628505706787,0.03137257695198059,0.024340396095067263,0.6705645322799683,nan,nan,0.166329887509346,nan,0.0,nan,0.0,0
17,80,5712,0.27551136363636364,2560,0.6058565616607666,0.808984375,nan,0.4993423566222191,0.38984375,-0.785226845741272,0.913658294081688,0.03137257695198059,0.027680189348757267,0.6846278548240662,nan,nan,0.166329887509346,nan,0.0,nan,0.0,0
17,100,5732,0.274375,2560,0.7036574482917786,0.77265625,0.003148562228307128,0.5115125134587288,0.3890625,-0.6846593394875526,0.9147951990365982,0.03137257695198059,0.028648616652935742,0.6828765988349914,nan,nan,0.166329887509346,nan,0.0,nan,0.0,0
17,120,5752,0.2732386363636364,2560,0.8139526873826981,0.738671875,0.014161877171136438,0.5114914104342461,0.3203125,-0.34724332466721536,0.915505874156952,0.03137257695198059,0.02642637835815549,0.671385458111763,nan,nan,0.166329887509346,nan,0.0,nan,0.0,0
17,140,5772,0.2721022727272727,2560,0.6268568843603134,0.7984375,0.01145719412015751,0.5055360272526741,0.36484375,-0.6437240093946457,0.9134225428104401,0.03137257695198059,0.028337612003087997,0.6760360717773437,nan,nan,0.166329887509346,nan,0.0,nan,0.0,0
17,160,5792,0.2709659090909091,2560,0.7342551320791244,0.765234375,nan,0.5093258067965507,0.356640625,-0.631402999162674,0.9137801051139831,0.03137257695198059,0.01929358490742743,0.6421293020248413,nan,nan,0.166329887509346,nan,0.0,nan,0.0,0
17,180,5812,0.26982954545454546,2560,0.5990680769085884,0.806640625,0.01013842150568962,0.5045702785253525,0.327734375,-0.575510573387146,0.9146067500114441,0.03137257695198059,0.025033394154161216,0.6648472607135772,nan,nan,0.166329887509346,nan,0.0,nan,0.0,0
17,200,5832,0.26869318181818186,2560,0.5831327050924301,0.807421875,0.009196415886981413,0.5043762445449829,0.430078125,-1.0156424582004546,0.9142079889774323,0.03137257695198059,0.03121467549353838,0.6860716760158538,nan,nan,0.166329887509346,nan,0.0,nan,0.0,0
17,220,5852,0.26755681818181815,2560,0.5039312809705734,0.8390625,0.006448066374287009,0.5011198788881301,0.430859375,-1.0371548324823379,0.9128339380025864,0.03137257695198059,0.02601558417081833,0.6752657949924469,nan,nan,0.166329887509346,nan,0.0,nan,0.0,0
17,240,5872,0.26642045454545454,2560,0.5746923729777336,0.81015625,0.0017678505450021476,0.5021381512284279,0.476953125,-1.3228405475616456,0.915021789073944,0.03137257695198059,0.02383468169718981,0.66469407081604,nan,nan,0.166329887509346,nan,0.0,nan,0.0,0
17,260,5892,0.2652840909090909,2560,0.6218864381313324,0.7984375,0.007957283465657383,0.5040613949298859,0.467578125,-1.113350236415863,0.9147434413433075,0.03137257695198059,0.024057866912335156,0.6669685691595078,nan,nan,0.166329887509346,nan,0.0,nan,0.0,0
17,280,5912,0.26414772727272723,2560,0.6369005784392356,0.791796875,0.007922742137452587,0.503023287653923,0.440625,-1.0413346856832504,0.9144775629043579,0.03137257695198059,0.02755741458386183,0.6770224541425705,0.007957283465657383,3.454132820479572e-05,0.166329887509346,nan,0.0,nan,0.0,0
17,300,5932,0.2630113636363636,2560,0.776745617389679,0.746484375,0.00018196054152213036,0.5069266155362129,0.44296875,-0.9035404622554779,0.9159898340702057,0.03137257695198059,0.03132066903635859,0.6956290483474732,0.007922742137452587,0.007740781595930457,0.166329887509346,nan,0.0,nan,0.0,0
17,320,5952,0.26187499999999997,2560,1.0883951902389526,0.633984375,0.005517173180123791,0.5090240687131882,0.4078125,-0.46269581504166124,0.9148024499416352,0.03137257695198059,0.027064054924994706,0.6747072398662567,0.006448066374287009,0.000930893194163218,0.166329887509346,nan,0.0,nan,0.0,0
17,340,5972,0.26073863636363637,2560,1.2253972202539445,0.583203125,0.004397765989415348,0.5116175517439843,0.3734375,-0.06063764914870262,0.9148931115865707,0.03137257695198059,0.03285718699917197,0.6870503574609756,0.005517173180123791,0.0011194071907084432,0.166329887509346,nan,0.0,nan,0.0,0
17,352,5984,0.2600568181818182,1480,0.8577748324420001,0.704729728763168,0.0240673702612922,0.5118623872061033,0.43581081064971716,-0.6934687572556573,0.913102887772225,0.031372576770750255,0.03625766596681363,0.6922343962901347,0.005517173180123791,-0.01855019708116841,0.166329887509346,nan,0.0,nan,0.0,0
18,20,6004,0.25892045454545454,2560,0.8026418358087539,0.731640625,0.028250003210268916,0.5207662135362625,0.44375,-0.9398499190807342,0.9120846003293991,0.03137257695198059,0.033546346612274645,0.6765759140253067,0.005517173180123791,-0.022732830030145125,0.166329887509346,nan,0.0,nan,0.0,0
18,40,6024,0.25778409090909093,2560,0.6121398314833641,0.80234375,0.004451721254736185,0.5120301738381385,0.4703125,-1.0987288385629654,0.9145841151475906,0.03137257695198059,0.03086328078061342,0.664695405960083,0.005517173180123791,0.0010654519253876062,0.166329887509346,nan,0.0,nan,0.0,0
18,60,6044,0.2566477272727273,2560,0.6993621781468391,0.761328125,0.007503026095218956,0.505062249302864,0.50546875,-1.2931326448917388,0.9122279018163681,0.03137257695198059,0.02726838821545243,0.6587886780500412,0.005517173180123791,-0.001985852915095165,0.166329887509346,nan,0.0,nan,0.0,0
18,80,6064,0.2555113636363637,2560,0.6333395436406135,0.780078125,0.007471088180318474,0.5037993222475052,0.54453125,-1.406553852558136,0.9132432490587234,0.03137257695198059,0.026830810587853193,0.6644754707813263,0.007503026095218956,3.1937914900481874e-05,0.166329887509346,nan,0.0,nan,0.0,0
18,100,6084,0.25437499999999996,2560,0.618116308748722,0.7875,0.012684799800626933,0.5035110712051392,0.464453125,-1.150068199634552,0.9140531063079834,0.03137257695198059,0.029896821733564137,0.681386011838913,0.007503026095218956,-0.005181773705407977,0.166329887509346,nan,0.0,nan,0.0,0
18,120,6104,0.25323863636363636,2560,0.5010414123535156,0.82890625,-0.004181871935725212,0.4973733425140381,0.536328125,-1.6115384817123413,0.9142373651266098,0.03137257695198059,0.03236819291487336,0.6871777504682541,0.007503026095218956,0.011684898030944168,0.166329887509346,nan,0.0,nan,0.0,0
18,140,6124,0.2521022727272727,2560,0.5748901486396789,0.811328125,0.005259185750037432,0.5052679866552353,0.494921875,-1.3649624168872834,0.9152777552604675,0.03137257695198059,0.029280596412718296,0.6804939478635788,0.007471088180318474,0.0022119024302810425,0.166329887509346,nan,0.0,nan,0.0,0
18,160,6144,0.2509659090909091,2560,0.688116331398487,0.76875,0.013288133320747875,0.5097370356321335,0.43984375,-0.9286888152360916,0.9152841120958328,0.03137257695198059,0.027099994383752345,0.6684820979833603,0.007471088180318474,-0.005817045140429401,0.166329887509346,nan,0.0,nan,0.0,0
18,180,6164,0.24982954545454544,2560,0.5921139016747474,0.801171875,0.002827930834610015,0.49708342254161836,0.465234375,-1.1190549969673156,0.9128653347492218,0.03137257695198059,0.028047900833189487,0.6786254912614822,0.007471088180318474,0.0046431573457084594,0.166329887509346,nan,0.0,nan,0.0,0
18,200,6184,0.24869318181818179,2560,0.4989877358078957,0.831640625,-0.001951415091753006,0.4982875928282738,0.459765625,-1.2249326139688492,0.9143594294786453,0.03137257695198059,0.027331572584807874,0.6795989960432053,0.005259185750037432,0.007210600841790438,0.166329887509346,nan,0.0,nan,0.0,0
18,220,6204,0.24755681818181818,2560,0.6768371939659119,0.7640625,nan,0.5067383006215096,0.39921875,-0.8043890595436096,0.9144198328256607,0.03137257695198059,0.030842738691717386,0.6876629799604416,0.002827930834610015,nan,0.166329887509346,nan,0.0,nan,0.0,0
18,240,6224,0.2464204545454545,2560,0.7872797697782516,0.737109375,0.014058327628299594,0.5112522289156913,0.373046875,-0.54093863889575,0.913685753941536,0.03137257695198059,0.030025931354612113,0.685902789235115,nan,nan,0.166329887509346,nan,0.0,nan,0.0,0
18,260,6244,0.2452840909090909,2560,0.6256109699606895,0.790234375,-0.007082458876539022,0.5036814495921135,0.3625,-0.7199809297919273,0.911758953332901,0.03137257695198059,0.03713060803711414,0.7047266334295272,nan,nan,0.166329887509346,nan,0.0,nan,0.0,0
18,280,6264,0.24414772727272724,2560,0.6750841230154038,0.773828125,-0.0039926772413309665,0.5068182840943336,0.415625,-0.8296284213662147,0.9141606897115707,0.03137257695198059,0.03566429717466235,0.7100213140249252,nan,nan,0.166329887509346,nan,0.0,nan,0.0,0
18,300,6284,0.24301136363636364,2560,0.715544518828392,0.763671875,-0.015810761135071516,0.4993627116084099,0.42734375,-0.75505790412426,0.9105971217155456,0.03137257695198059,0.04815474208444357,0.734597310423851,nan,nan,0.166329887509346,nan,0.0,nan,0.0,0
18,320,6304,0.24187499999999995,2560,0.7757280170917511,0.74609375,-0.008834744215710089,0.5064471051096916,0.36171875,-0.4988700032234192,0.9163288325071335,0.03137257695198059,0.049537962302565575,0.7325070232152939,nan,nan,0.166329887509346,nan,0.0,nan,0.0,0
18,340,6324,0.24073863636363635,2560,0.7807312399148941,0.7296875,-0.00456667274411302,0.5080424189567566,0.376171875,-0.5298453271389008,0.9145523250102997,0.03137257695198059,0.03864636104553938,0.6987124115228653,-0.007082458876539022,-0.0025157861324260015,0.166329887509346,nan,0.0,nan,0.0,0
18,352,6336,0.2400568181818182,1480,0.8095136835768416,0.740540539896166,-0.0027425996556475355,0.5018985931937759,0.4243243241632307,-0.7667547789779869,0.9124272149962348,0.03137257695198059,0.046306144909278764,0.7144634865425729,-0.007082458876539022,-0.004339859220891486,0.166329887509346,nan,0.0,nan,0.0,0
19,20,6356,0.23892045454545452,2560,1.0484798580408097,0.646484375,-0.007846784067805857,0.5125244334340096,0.384765625,-0.3821564318612218,0.9142942011356354,0.03137257695198059,0.039659013878554104,0.7088219881057739,-0.00456667274411302,0.003280111323692837,0.166329887509346,nan,0.0,nan,0.0,0
19,40,6376,0.23778409090909092,2560,1.7306359529495239,0.356640625,0.053475453809369355,0.5995919704437256,0.298046875,0.45977231711149213,0.9114481836557389,0.03137257695198059,0.02279409798793495,0.6431517034769059,-0.007846784067805857,-0.06132223787717521,0.166329887509346,nan,0.0,nan,0.0,0
19,60,6396,0.23664772727272726,2560,1.7406407475471497,0.346484375,0.27725056633353234,0.688750484585762,0.2890625,0.3527655452489853,0.9074872523546219,0.03137257695198059,0.038223492167890075,0.7046079188585281,-0.00456667274411302,-0.2818172390776454,0.166329887509346,nan,0.0,nan,0.0,0
19,80,6416,0.23551136363636366,2560,1.319699987769127,0.528515625,0.1256933778524399,0.6165268152952195,0.15078125,0.24317418187856674,0.9108538508415223,0.03137257695198059,0.03622601013630629,0.689311146736145,-0.0027425996556475355,-0.12843597750808744,0.166329887509346,nan,0.0,nan,0.0,0
19,100,6436,0.234375,2560,1.0553984820842743,0.626953125,0.048280449025332926,0.530957567691803,0.12421875,0.1536998599767685,0.9118596524000168,0.03137257695198059,0.04221639912575483,0.7127266198396682,0.053475453809369355,0.005195004784036429,0.166329887509346,nan,0.0,nan,0.0,0
19,120,6456,0.23323863636363631,2560,0.9927901744842529,0.6515625,0.01536648478358984,0.517954908311367,0.1421875,0.07796333478763699,0.9144519984722137,0.03137257695198059,0.036045529413968325,0.7051277548074723,0.053475453809369355,0.03810896902577952,0.166329887509346,nan,0.0,nan,0.0,0
19,140,6476,0.2321022727272727,2560,1.0541626870632173,0.630859375,-0.0018943808041512965,0.5091331675648689,0.188671875,0.1263344776816666,0.9138211756944656,0.03137257695198059,0.032857094146311286,0.7021754324436188,0.053475453809369355,0.05536983461352065,0.166329887509346,nan,0.0,nan,0.0,0
19,160,6496,0.23096590909090906,2560,0.7651831358671188,0.740625,-0.004501192265888676,0.5063074946403503,0.1875,-0.10209211762994527,0.9121713221073151,0.03137257695198059,0.03272239146754145,0.7012413769960404,0.048280449025332926,0.0527816412912216,0.166329887509346,nan,0.0,nan,0.0,0
19,180,6516,0.22982954545454545,2560,0.8782543540000916,0.710546875,0.007213208789471537,0.5116422191262245,0.211328125,-0.04860823899507523,0.9141488552093506,0.03137257695198059,0.027725312672555447,0.6839425712823868,0.01536648478358984,0.008153275994118303,0.166329887509346,nan,0.0,nan,0.0,0
19,200,6536,0.22869318181818177,2560,0.8424285590648651,0.719140625,0.008845088630914688,0.5081726178526879,0.247265625,-0.13870463436469435,0.9134709924459458,0.03137257695198059,0.0242249664850533,0.668754118680954,0.007213208789471537,-0.0016318798414431505,0.166329887509346,nan,0.0,nan,0.0,0
19,220,6556,0.22755681818181817,2560,0.6732772409915924,0.77109375,0.003035157039994374,0.4996675059199333,0.26015625,-0.32386519536376,0.9119545221328735,0.03137257695198059,0.02258532391861081,0.6600745886564254,0.007213208789471537,0.004178051749477163,0.166329887509346,nan,0.0,nan,0.0,0
19,240,6576,0.2264204545454545,2560,0.7653687193989753,0.741796875,0.005301200528629124,0.5105109080672264,0.321875,-0.47787944674491883,0.9136094570159912,0.03137257695198059,0.02343502389267087,0.6668739706277848,0.003035157039994374,-0.00226604348863475,0.166329887509346,nan,0.0,nan,0.0,0
19,260,6596,0.2252840909090909,2560,0.7349823027849197,0.7609375,-0.002698134194361046,0.50919890999794,0.2828125,-0.33124895840883256,0.9114732325077057,0.03137257695198059,0.021033859346061945,0.6506568014621734,0.005301200528629124,0.00799933472299017,0.166329887509346,nan,0.0,nan,0.0,0
19,280,6616,0.22414772727272725,2560,0.9936581194400788,0.662109375,0.005603615194559097,0.5210678219795227,0.241015625,-0.03052628515288234,0.9134675532579422,0.03137257695198059,0.02619941383600235,0.6746139675378799,0.005301200528629124,-0.00030241466592997347,0.166329887509346,nan,0.0,nan,0.0,0
19,300,6636,0.22301136363636365,2560,0.8682396620512008,0.71015625,-0.0009716565953567624,0.49686535596847536,0.265234375,-0.20796721428632736,0.9156576931476593,0.03137257695198059,0.02452494725584984,0.6584346652030945,0.005301200528629124,0.006272857123985886,0.166329887509346,nan,0.0,nan,0.0,0
19,320,6656,0.22187499999999996,2560,0.6355122849345207,0.79453125,0.007773594360332936,0.5151508525013924,0.298046875,-0.46299645602703093,0.9121864527463913,0.03137257695198059,0.021394584141671658,0.6438299149274826,0.003035157039994374,-0.004738437320338563,0.166329887509346,nan,0.0,nan,0.0,0
19,340,6676,0.22073863636363636,2560,0.5624467164278031,0.80703125,-0.0032899089157581328,0.5024560377001762,0.324609375,-0.6471876084804535,0.9126779198646545,0.03137257695198059,0.023067457508295773,0.6592263132333755,0.005301200528629124,0.008591109444387256,0.166329887509346,nan,0.0,nan,0.0,0
19,352,6688,0.22005681818181821,1480,0.5794326882104616,0.8121621637730985,0.006853192078100668,0.5020562954851099,0.3385135143189817,-0.6673498131133414,0.9110609003015466,0.03137257695198059,0.023621035941146517,0.659696238749736,-0.0009716565953567624,-0.007824848673457431,0.166329887509346,nan,0.0,nan,0.0,0
20,20,6708,0.21892045454545453,2560,0.5500552639365196,0.821875,0.019927845848724247,0.5016533061861992,0.326953125,-0.6192870542407036,0.9125278651714325,0.03137257695198059,0.030228526704013346,0.6896885722875595,0.005603615194559097,-0.01432423065416515,0.166329887509346,nan,0.0,nan,0.0,0
20,40,6728,0.21778409090909087,2560,0.7656711682677269,0.74609375,0.012557522265706212,0.5053493693470955,0.36015625,-0.5680677205324173,0.9112702876329422,0.03137257695198059,0.029010716639459134,0.6879074454307557,0.006853192078100668,-0.005704330187605544,0.166329887509346,nan,0.0,nan,0.0,0
20,60,6748,0.21664772727272727,2560,0.840298593044281,0.71484375,0.0077851472422480585,0.5087810695171356,0.3,-0.29046084647998216,0.9127460718154907,0.03137257695198059,0.0245222007855773,0.6733677208423614,0.007773594360332936,-1.155288191512227e-05,0.166329887509346,nan,0.0,nan,0.0,0
20,80,6768,0.2155113636363636,2560,1.363421681523323,0.541015625,0.02478543345350772,0.5402228206396102,0.296484375,0.308543149754405,0.9170659601688385,0.03137257695198059,0.0238620737567544,0.6678217679262162,0.0077851472422480585,-0.017000286211259662,0.166329887509346,nan,0.0,nan,0.0,0
20,100,6788,0.214375,2560,1.687580305337906,0.363671875,0.16530879214406013,0.5828736841678619,0.24453125,0.30000384971499444,0.9167820155620575,0.03137257695198059,0.0354871142655611,0.709068489074707,0.012557522265706212,-0.1527512698783539,0.166329887509346,nan,0.0,nan,0.0,0
20,120,6808,0.21323863636363632,2560,1.3066115975379944,0.52578125,0.12219868674874305,0.5715945065021515,0.138671875,0.2257685460150242,0.9157923549413681,0.03137257695198059,0.03421444594860077,0.6984914362430572,0.019927845848724247,-0.10227084090001881,0.166329887509346,nan,0.0,nan,0.0,0
20,140,6828,0.21210227272727272,2560,0.9478644579648972,0.6578125,0.027218388533219694,0.5199396938085556,0.105859375,0.09536796510219574,0.9145946681499482,0.03137257695198059,0.03307446790859103,0.6973792463541031,0.02478543345350772,-0.0024329550797119737,0.166329887509346,nan,0.0,nan,0.0,0
20,160,6848,0.21096590909090907,2560,0.8869150936603546,0.692578125,0.004311864182818681,0.5022457286715507,0.125390625,0.08283522990532219,0.9109746485948562,0.03137257695198059,0.028635767940431833,0.6908744692802429,0.027218388533219694,0.02290652435040101,0.166329887509346,nan,0.0,nan,0.0,0
20,180,6868,0.20982954545454546,2560,0.9408243536949158,0.675390625,0.004667032393626869,0.5025612056255341,0.12109375,0.1408061665482819,0.9143389493227005,0.03137257695198059,0.024653739016503095,0.6764885604381561,0.027218388533219694,0.022551356139592825,0.166329887509346,nan,0.0,nan,0.0,0
20,200,6888,0.20869318181818178,2560,0.7947279244661332,0.737890625,-0.011359608551720158,0.5086906611919403,0.15390625,-0.03731255512684584,0.9114400416612625,0.03137257695198059,0.022315924521535635,0.6638795822858811,0.027218388533219694,0.03857799708493985,0.166329887509346,nan,0.0,nan,0.0,0
20,220,6908,0.20755681818181818,2560,0.7298152923583985,0.753125,-0.011802357429405674,0.5078432887792588,0.181640625,-0.10888334736227989,0.9136844873428345,0.03137257695198059,0.022338246554136278,0.6655786216259003,0.004667032393626869,0.016469389823032542,0.166329887509346,nan,0.0,nan,0.0,0
20,240,6928,0.20642045454545452,2560,0.7176452413201332,0.75078125,-0.012218353839125484,0.49800200313329696,0.18359375,-0.14722722265869378,0.91475730240345,0.03137257695198059,0.02415490346029401,0.6780360847711563,0.004311864182818681,0.016530218021944165,0.166329887509346,nan,0.0,nan,0.0,0
20,260,6948,0.20528409090909092,2560,0.73425253033638,0.753125,-0.007435340003576129,0.5003983959555626,0.189453125,-0.17717055268585682,0.9137209683656693,0.03137257695198059,0.024696869123727084,0.6794603079557419,-0.011359608551720158,-0.003924268548144028,0.166329887509346,nan,0.0,nan,0.0,0
20,280,6968,0.20414772727272726,2560,0.7170690417289733,0.764453125,-0.006490717397537082,0.5008341625332833,0.20390625,-0.1776419695466757,0.9130682826042176,0.03137257695198059,0.02674844991415739,0.6900093048810959,-0.011359608551720158,-0.004868891154183075,0.166329887509346,nan,0.0,nan,0.0,0
20,300,6988,0.20301136363636366,2560,0.7977126359939575,0.72421875,-0.0057367970235645774,0.5063430920243264,0.20546875,-0.1110291386488825,0.9149266749620437,0.03137257695198059,0.02507081311196089,0.6802645981311798,-0.011359608551720158,-0.00562281152815558,0.166329887509346,nan,0.0,nan,0.0,0
20,320,7008,0.20187499999999997,2560,0.8990583628416061,0.691796875,-0.004515144071774557,0.5035873547196388,0.176953125,-0.039830807503312825,0.9141929775476456,0.03137257695198059,0.02787281246855855,0.6876004606485366,-0.007435340003576129,-0.002920195931801572,0.166329887509346,nan,0.0,nan,0.0,0
20,340,7028,0.20073863636363637,2560,0.8014932692050933,0.733203125,-0.010217164107598365,0.5013369426131249,0.197265625,-0.1107641102746129,0.9132843136787414,0.03137257695198059,0.024972159508615734,0.6798839300870896,-0.006490717397537082,0.003726446710061283,0.166329887509346,nan,0.0,nan,0.0,0
20,352,7040,0.20005681818181814,1480,0.6952229619026185,0.7689189198854808,-0.006054480558236104,0.5016084864332869,0.23243243259352606,-0.17132935995185697,0.9136736560512233,0.03137257695198059,0.027329241726044062,0.6889178366274447,-0.006490717397537082,-0.0004362368393009781,0.166329887509346,nan,0.0,nan,0.0,0
21,20,7060,0.19892045454545454,2560,0.6537214040756225,0.7828125,-0.008765641722129658,0.49926110804080964,0.212109375,-0.21340790167450904,0.9151387751102448,0.03137257695198059,0.026122680120170116,0.6818202435970306,-0.006054480558236104,0.0027111611638935534,0.166329887509346,nan,0.0,nan,0.0,0
21,40,7080,0.19778409090909088,2560,0.6749369233846665,0.78203125,-0.005845641004270874,0.5020020976662636,0.2265625,-0.2667762845754623,0.9133752405643463,0.03137257695198059,0.026496206969022752,0.6829572588205337,-0.006054480558236104,-0.00020883955396523018,0.166329887509346,nan,0.0,nan,0.0,0
21,60,7100,0.19664772727272728,2560,0.5678909718990326,0.809375,-0.0043004374427255245,0.49786123633384705,0.2390625,-0.3439947158098221,0.9149550348520279,0.03137257695198059,0.02773674400523305,0.6895690262317657,-0.006054480558236104,-0.0017540431155105797,0.166329887509346,nan,0.0,nan,0.0,0
21,80,7120,0.1955113636363636,2560,0.5670801505446434,0.816796875,-0.0047504310554359105,0.5016091808676719,0.26328125,-0.4400992691516876,0.9146330684423447,0.03137257695198059,0.028476828802376987,0.6924484252929688,-0.006054480558236104,-0.0013040495028001937,0.166329887509346,nan,0.0,nan,0.0,0
21,100,7140,0.194375,2560,0.5885817319154739,0.802734375,-0.0014413808705285192,0.5011546045541764,0.271484375,-0.45305432081222535,0.9130369991064071,0.03137257695198059,0.028354012314230202,0.6897386163473129,-0.005845641004270874,-0.004404260133742355,0.166329887509346,nan,0.0,nan,0.0,0
21,120,7160,0.19323863636363633,2560,0.5616348341107369,0.81640625,-0.003405997576192021,0.4993625804781914,0.240625,-0.3845097586512566,0.9132098078727722,0.03137257695198059,0.02972726644948125,0.6936416804790497,-0.0047504310554359105,-0.0013444334792438893,0.166329887509346,nan,0.0,nan,0.0,0
21,140,7180,0.19210227272727273,2560,0.719329047203064,0.7578125,-0.003808379187830724,0.5019227534532547,0.282421875,-0.3901153150945902,0.9131778925657272,0.03137257695198059,0.02665937216952443,0.6839730858802795,-0.0043004374427255245,-0.0004920582548948007,0.166329887509346,nan,0.0,nan,0.0,0
21,160,7200,0.19096590909090908,2560,0.7376729100942612,0.755078125,0.006620908057084307,0.5036382228136063,0.2234375,-0.19764633662998676,0.9148079186677933,0.03137257695198059,0.0265369794331491,0.6769664227962494,-0.003808379187830724,-0.010429287244915032,0.166329887509346,nan,0.0,nan,0.0,0
21,180,7220,0.18982954545454547,2560,0.7567741274833679,0.75390625,-0.0026256791927153243,0.5012452557682991,0.2109375,-0.19713307358324528,0.9146131068468094,0.03137257695198059,0.02904834821820259,0.6908011198043823,-0.003405997576192021,-0.0007803183834766969,0.166329887509346,nan,0.0,nan,0.0,0
21,200,7240,0.1886931818181818,2560,0.5482615649700164,0.81796875,-0.0026417098823003473,0.49561565518379214,0.23515625,-0.37043936997652055,0.9167755305767059,0.03137257695198059,0.0319552481174469,0.7002170592546463,-0.0026256791927153243,1.6030689585022975e-05,0.166329887509346,nan,0.0,nan,0.0,0
21,220,7260,0.18755681818181819,2560,0.587633766233921,0.807421875,0.003113258659141138,0.5010686382651329,0.24765625,-0.3621585689485073,0.914148473739624,0.03137257695198059,0.03151715528219938,0.7018594026565552,-0.0026417098823003473,-0.0057549685414414855,0.166329887509346,nan,0.0,nan,0.0,0
21,240,7280,0.18642045454545453,2560,0.5387760877609253,0.823046875,0.0006913200137205422,0.4981358990073204,0.266015625,-0.47012272477149963,0.9148296535015106,0.03137257695198059,0.030877023097127677,0.6990383565425873,-0.0026256791927153243,-0.0033169992064358664,0.166329887509346,nan,0.0,nan,0.0,0
21,260,7300,0.18528409090909093,2560,0.5985743448138237,0.806640625,0.0033420932304579765,0.5028062343597413,0.273046875,-0.43433375656604767,0.9132763147354126,0.03137257695198059,0.02972044497728348,0.6933871775865554,0.0006913200137205422,-0.0026507732167374344,0.166329887509346,nan,0.0,nan,0.0,0
21,280,7320,0.18414772727272724,2560,0.5480532199144363,0.826953125,-0.0012148929061368107,0.5011889308691024,0.28515625,-0.4840277791023254,0.9142825037240982,0.03137257695198059,0.029737160354852677,0.6945949614048004,0.0006913200137205422,0.001906212919857353,0.166329887509346,nan,0.0,nan,0.0,0
21,300,7340,0.18301136363636364,2560,0.5728025704622268,0.8078125,0.004131538531510159,0.4980905011296272,0.271875,-0.4593340948224068,0.9152705073356628,0.03137257695198059,0.03243759861215949,0.7020303457975388,0.0006913200137205422,-0.0034402185177896173,0.166329887509346,nan,0.0,nan,0.0,0
21,320,7360,0.18187499999999998,2560,0.5576937645673752,0.8203125,-0.003387942153494805,0.5017775401473046,0.3109375,-0.5626241847872734,0.9137906640768051,0.03137257695198059,0.028687370102852584,0.6911741703748703,0.003113258659141138,0.006501200812635943,0.166329887509346,nan,0.0,nan,0.0,0
21,340,7380,0.18073863636363638,2560,0.5660307601094245,0.82109375,-0.005860387627035379,0.5027179881930351,0.29453125,-0.5268212795257569,0.9133868098258973,0.03137257695198059,0.03260619882494211,0.7032136738300323,0.0006913200137205422,0.006551707640755922,0.166329887509346,nan,0.0,nan,0.0,0
21,352,7392,0.18005681818181815,1480,0.5811340222487579,0.8033783799893147,0.0019022597855812794,0.5007093436009175,0.2979729734562539,-0.47606780464584764,0.9138511532061809,0.03137257695198059,0.03358103267445758,0.7076728714478983,-0.0012148929061368107,-0.00311715269171809,0.166329887509346,nan,0.0,nan,0.0,0
22,20,7412,0.17892045454545455,2560,0.7354355841875077,0.751953125,-0.0005947962636128068,0.5032052531838417,0.28515625,-0.36425114441663026,0.9123490869998931,0.03137257695198059,0.027298102993518113,0.6864013105630875,-0.0012148929061368107,-0.0006200966425240039,0.166329887509346,nan,0.0,nan,0.0,0
22,40,7432,0.1777840909090909,2560,0.6842090457677841,0.77109375,-0.003083025000523776,0.5021094113588334,0.25390625,-0.2999961383640766,0.913779217004776,0.03137257695198059,0.03130977032706141,0.6997509598731995,-0.0005947962636128068,0.002488228736910969,0.166329887509346,nan,0.0,nan,0.0,0
22,60,7452,0.1766477272727273,2560,0.4955252528190613,0.8375,-0.004456972167827189,0.49800480008125303,0.280859375,-0.4802979975938797,0.9136516749858856,0.03137257695198059,0.030582245625555515,0.7034441739320755,-0.003083025000523776,0.0013739471673034128,0.166329887509346,nan,0.0,nan,0.0,0
22,80,7472,0.1755113636363636,2560,0.4995295196771622,0.830859375,-0.003660516405943781,0.4998658627271652,0.289453125,-0.5719762995839119,0.9142822474241257,0.03137257695198059,0.027946635521948336,0.69418363571167,-0.003083025000523776,0.0005774914054200051,0.166329887509346,nan,0.0,nan,0.0,0
22,100,7492,0.174375,2560,0.5080944269895553,0.832421875,0.0015626979293301702,0.5038869440555572,0.294921875,-0.5208443999290466,0.9151266902685166,0.03137257695198059,0.02742187278345227,0.691096180677414,-0.003083025000523776,-0.004645722929853946,0.166329887509346,nan,0.0,nan,0.0,0
22,120,7512,0.17323863636363634,2560,0.6344805404543876,0.7859375,-0.003087306738598272,0.49766910523176194,0.308203125,-0.5355757296085357,0.913701269030571,0.03137257695198059,0.025941759534180164,0.6879517734050751,-0.003083025000523776,4.281738074496128e-06,0.166329887509346,nan,0.0,nan,0.0,0
22,140,7532,0.17210227272727274,2560,0.5697253823280335,0.81328125,0.0026973461208399385,0.5044752910733223,0.24453125,-0.38596918135881425,0.9139773219823837,0.03137257695198059,0.025594424922019243,0.6846019715070725,-0.003087306738598272,-0.005784652859438211,0.166329887509346,nan,0.0,nan,0.0,0
22,160,7552,0.17096590909090906,2560,0.5217528447508812,0.824609375,-0.0008527818776201457,0.5030900403857231,0.2640625,-0.43676391839981077,0.9120188593864441,0.03137257695198059,0.02763453861698508,0.6926436871290207,-0.003087306738598272,-0.0022345248609781264,0.166329887509346,nan,0.0,nan,0.0,0
22,180,7572,0.16982954545454546,2560,0.5604359060525894,0.810546875,0.0003515900927595794,0.5011688441038131,0.288671875,-0.5152299135923386,0.9157750606536865,0.03137257695198059,0.02090578796342015,0.6655802249908447,-0.0008527818776201457,-0.001204371970379725,0.166329887509346,nan,0.0,nan,0.0,0
22,200,7592,0.1686931818181818,2560,0.5164209440350532,0.823828125,0.0013134531036484987,0.5046483516693115,0.26171875,-0.4504380762577057,0.9145153254270554,0.03137257695198059,0.024212274979799987,0.6731793582439423,0.0003515900927595794,-0.0009618630108889192,0.166329887509346,nan,0.0,nan,0.0,0
22,220,7612,0.1675568181818182,2560,0.4813682481646538,0.841796875,0.0019795458298176526,0.4997782498598099,0.265234375,-0.534471045434475,0.9144252985715866,0.03137257695198059,0.024328471906483174,0.6790514796972275,0.0003515900927595794,-0.0016279557370580732,0.166329887509346,nan,0.0,nan,0.0,0
22,240,7632,0.16642045454545454,2560,0.47532785385847093,0.849609375,0.007858135621063411,0.503863799571991,0.26796875,-0.4925153374671936,0.9144513666629791,0.03137257695198059,0.02303809691220522,0.6751223236322403,0.0013134531036484987,-0.006544682517414913,0.166329887509346,nan,0.0,nan,0.0,0
22,260,7652,0.16528409090909094,2560,0.4841204762458801,0.845703125,-0.0018453509430401028,0.5003629177808762,0.28359375,-0.5960815459489822,0.9159225642681121,0.03137257695198059,0.02132555190473795,0.666347599029541,0.0013134531036484987,0.003158804046688601,0.166329887509346,nan,0.0,nan,0.0,0
22,280,7672,0.16414772727272725,2560,0.4707610011100769,0.83671875,0.0047911700850818304,0.4991932064294815,0.259765625,-0.5075576677918434,0.9130756556987762,0.03137257695198059,0.024584743566811083,0.6802242815494537,0.0013134531036484987,-0.003477716981433332,0.166329887509346,nan,0.0,nan,0.0,0
22,300,7692,0.16301136363636365,2560,0.45149298906326296,0.851171875,0.005006687669083476,0.5072606533765793,0.3046875,-0.6539579331874847,0.9138918727636337,0.03137257695198059,0.023937974497675894,0.6810493111610413,0.0019795458298176526,-0.0030271418392658236,0.166329887509346,nan,0.0,nan,0.0,0
22,320,7712,0.161875,2560,0.45113337635993955,0.85390625,0.008970780548406766,0.5020842373371124,0.275,-0.5562170594930649,0.9147808223962783,0.03137257695198059,0.024263863824307917,0.6815248191356659,0.0047911700850818304,-0.004179610463324935,0.166329887509346,nan,0.0,nan,0.0,0
22,340,7732,0.1607386363636364,2560,0.5473783686757088,0.826171875,0.005992446409072727,0.5057589367032052,0.25703125,-0.4572988212108612,0.912967449426651,0.03137257695198059,0.023431521840393543,0.6753457337617874,0.005006687669083476,-0.000985758739989251,0.166329887509346,nan,0.0,nan,0.0,0
22,352,7744,0.16005681818181816,1480,0.5087518215179443,0.8290540553428031,0.006246333428331323,0.4989286496832564,0.2749999995167191,-0.5248313017793604,0.9144377540897679,0.03137257695198059,0.0199339964200516,0.6622280533249314,0.005006687669083476,-0.001239645759247847,0.166329887509346,nan,0.0,nan,0.0,0
23,20,7764,0.15892045454545456,2560,0.5099028766155242,0.8296875,0.0057386629283428196,0.5030174419283867,0.275,-0.5210423812270164,0.9149336695671082,0.03137257695198059,0.02173723727464676,0.6687391966581344,0.005992446409072727,0.00025378348072990775,0.166329887509346,nan,0.0,nan,0.0,0
23,40,7784,0.15778409090909087,2560,0.4835262432694435,0.83515625,0.0035236910451203586,0.5010926723480225,0.279296875,-0.5229203417897225,0.9156452357769013,0.03137257695198059,0.022703779488801958,0.6723175495862961,0.005992446409072727,0.0024687553639523687,0.166329887509346,nan,0.0,nan,0.0,0
23,60,7804,0.15664772727272727,2560,0.48225246369838715,0.842578125,0.010317136463709176,0.5049316599965096,0.25625,-0.5009170651435852,0.9141459286212921,0.03137257695198059,0.022270801663398742,0.6722786873579025,0.005992446409072727,-0.004324690054636449,0.166329887509346,nan,0.0,nan,0.0,0
23,80,7824,0.15551136363636361,2560,0.5330964893102645,0.8296875,0.004645013413392007,0.5018250927329063,0.26875,-0.4409626811742783,0.9137085229158401,0.03137257695198059,0.02140522999688983,0.6673253029584885,0.005992446409072727,0.0013474329956807201,0.166329887509346,nan,0.0,nan,0.0,0
23,100,7844,0.154375,2560,0.48066498786211015,0.8515625,0.009343309188261628,0.5049390301108361,0.262109375,-0.510415506362915,0.9165914088487626,0.03137257695198059,0.023904760368168354,0.6745377838611603,0.0057386629283428196,-0.0036046462599188082,0.166329887509346,nan,0.0,nan,0.0,0
23,120,7864,0.15323863636363635,2560,0.3873834490776062,0.8765625,0.0038045747933210805,0.5059007093310356,0.2640625,-0.5344572395086289,0.9146082729101181,0.03137257695198059,0.0253367162309587,0.6822081863880157,0.0057386629283428196,0.001934088135021739,0.166329887509346,nan,0.0,nan,0.0,0
23,140,7884,0.15210227272727275,2560,0.5247648477554321,0.825390625,-0.0006808982900111005,0.49887454956769944,0.269921875,-0.5014980390667916,0.9129434138536453,0.03137257695198059,0.02122575920075178,0.6646069347858429,0.004645013413392007,0.0053259117034031075,0.166329887509346,nan,0.0,nan,0.0,0
23,160,7904,0.15096590909090907,2560,0.4776666179299355,0.84140625,0.005835394660243765,0.5062652707099915,0.27734375,-0.5350859567523003,0.9136230647563934,0.03137257695198059,0.021965011861175297,0.6686940044164658,0.004645013413392007,-0.0011903812468517577,0.166329887509346,nan,0.0,nan,0.0,0
23,180,7924,0.14982954545454547,2560,0.4795375019311905,0.846484375,-0.0009710782906040549,0.503486905992031,0.291796875,-0.5796293869614602,0.9150257289409638,0.03137257695198059,0.019786986336112023,0.662193763256073,0.004645013413392007,0.005616091703996062,0.166329887509346,nan,0.0,nan,0.0,0
23,200,7944,0.1486931818181818,2560,0.41987439543008803,0.874609375,-0.0023662191786570476,0.5037207454442978,0.30078125,-0.6287239015102386,0.9138171076774597,0.03137257695198059,0.02307132612913847,0.6746334701776504,0.0038045747933210805,0.006170793971978128,0.166329887509346,nan,0.0,nan,0.0,0
23,220,7964,0.1475568181818182,2560,0.41116842031478884,0.869140625,-0.0015972489840351046,0.49751168936491014,0.309765625,-0.6737629503011704,0.9141878932714462,0.03137257695198059,0.021437334641814233,0.6662316203117371,-0.0006808982900111005,0.0009163506940240041,0.166329887509346,nan,0.0,nan,0.0,0
23,240,7984,0.14642045454545452,2560,0.4339579790830612,0.8546875,-0.0008363846689462661,0.5019036784768105,0.291015625,-0.6199842408299446,0.9141264766454696,0.03137257695198059,0.021036447770893574,0.6649222075939178,-0.0009710782906040549,-0.0001346936216577888,0.166329887509346,nan,0.0,nan,0.0,0
23,260,8004,0.14528409090909092,2560,0.42389572113752366,0.866796875,0.00012941386667080222,0.5032449260354042,0.276171875,-0.5666419461369514,0.913777431845665,0.03137257695198059,0.02326929531991482,0.6727220386266708,-0.0009710782906040549,-0.0011004921572748572,0.166329887509346,nan,0.0,nan,0.0,0
23,280,8024,0.14414772727272726,2560,0.4308030903339386,0.862890625,0.004777961550280452,0.50295220464468,0.2703125,-0.5438973605632782,0.9137723445892334,0.03137257695198059,0.025039226934313773,0.6825954228639602,-0.0009710782906040549,-0.005749039840884507,0.166329887509346,nan,0.0,nan,0.0,0
23,300,8044,0.14301136363636366,2560,0.40099199712276457,0.86328125,0.006152715999633074,0.5046539470553398,0.27109375,-0.5570288002490997,0.912967449426651,0.03137257695198059,0.026915184687823057,0.6870384603738785,-0.0008363846689462661,-0.00698910066857934,0.166329887509346,nan,0.0,nan,0.0,0
23,320,8064,0.141875,2560,0.44427639991045,0.853125,0.004259141208603978,0.503760413825512,0.26875,-0.5280410274863243,0.9140934199094772,0.03137257695198059,0.024689000472426413,0.6777592569589614,0.00012941386667080222,-0.004129727341933176,0.166329887509346,nan,0.0,nan,0.0,0
23,340,8084,0.1407386363636364,2560,0.37684524357318877,0.8765625,0.0005869825254194438,0.4998895198106766,0.262109375,-0.5512995406985283,0.9136212915182114,0.03137257695198059,0.029446786735206842,0.6935700386762619,0.004259141208603978,0.003672158683184534,0.166329887509346,nan,0.0,nan,0.0,0
23,352,8096,0.14005681818181817,1480,0.3844262996235409,0.8716216206550598,0.003011238841793022,0.5030957581223668,0.285135135618416,-0.6455169043025455,0.9140066607578381,0.03137257695198059,0.027388253143510302,0.687281270929285,0.004259141208603978,0.0012479023668109561,0.166329887509346,nan,0.0,nan,0.0,0
24,20,8116,0.13892045454545457,2560,0.40636210441589354,0.870703125,0.006917485181475058,0.5008952021598816,0.271484375,-0.5816835388541222,0.9143704950809479,0.03137257695198059,0.026763599924743177,0.6858822077512741,0.004259141208603978,-0.00265834397287108,0.166329887509346,nan,0.0,nan,0.0,0
24,40,8136,0.13778409090909088,2560,0.49881367683410643,0.837890625,0.002394978774827905,0.5047942012548446,0.297265625,-0.6000386878848076,0.914027801156044,0.03137257695198059,0.023950510937720538,0.6747674226760865,0.004259141208603978,0.0018641624337760732,0.166329887509346,nan,0.0,nan,0.0,0
24,60,8156,0.13664772727272728,2560,0.5926664203405381,0.803515625,0.006024925189558416,0.5118885233998298,0.2578125,-0.37632025629281995,0.9143099695444107,0.03137257695198059,0.024956846423447133,0.6802409559488296,0.003011238841793022,-0.0030136863477653944,0.166329887509346,nan,0.0,nan,0.0,0
24,80,8176,0.13551136363636362,2560,0.6337771415710449,0.79453125,0.009052582818549126,0.5069441556930542,0.263671875,-0.39450603947043417,0.9135706782341003,0.03137257695198059,0.02408218728378415,0.6795208990573883,0.003011238841793022,-0.006041343976756104,0.166329887509346,nan,0.0,nan,0.0,0
24,100,8196,0.13437500000000002,2560,0.4730338126420975,0.84609375,0.005915880762040615,0.5106230601668358,0.262109375,-0.42458672523498536,0.9159839808940887,0.03137257695198059,0.023936656210571526,0.6740450173616409,0.006024925189558416,0.00010904442751780152,0.166329887509346,nan,0.0,nan,0.0,0
24,120,8216,0.13323863636363634,2560,0.4080801665782928,0.867578125,-0.004794507951010019,0.49409333765506747,0.258984375,-0.5933548629283905,0.9134661495685578,0.03137257695198059,0.02464641397818923,0.6797939121723175,0.006024925189558416,0.010819433140568435,0.166329887509346,nan,0.0,nan,0.0,0
24,140,8236,0.13210227272727273,2560,0.39406469091773033,0.87578125,0.013942890602629631,0.5057989910244942,0.26328125,-0.5454045355319976,0.9157643854618073,0.03137257695198059,0.026658211089670657,0.687079644203186,0.005915880762040615,-0.008027009840589017,0.166329887509346,nan,0.0,nan,0.0,0
24,160,8256,0.13096590909090908,2560,0.3671777494251728,0.880859375,0.00323335777502507,0.5044315487146378,0.2875,-0.6222353592514992,0.9143556147813797,0.03137257695198059,0.02965148277580738,0.6957976907491684,0.006024925189558416,0.0027915674145333465,0.166329887509346,nan,0.0,nan,0.0,0
24,180,8276,0.12982954545454548,2560,0.4246407374739647,0.862109375,0.01602543337503448,0.5073147043585777,0.26796875,-0.5421317473053933,0.9114458918571472,0.03137257695198059,0.025394765194505453,0.681090646982193,0.005915880762040615,-0.010109552612993867,0.166329887509346,nan,0.0,nan,0.0,0
24,200,8296,0.12869318181818182,2560,0.4573044031858444,0.851171875,0.009615292795933783,0.5006149411201477,0.306640625,-0.6375867068767548,0.9155515193939209,0.03137257695198059,0.02613932332023978,0.6821997851133347,0.005915880762040615,-0.0036994120338931687,0.166329887509346,nan,0.0,nan,0.0,0
24,220,8316,0.12755681818181822,2560,0.4055388316512108,0.86796875,0.008136445772834122,0.5015550151467323,0.281640625,-0.596969622373581,0.9157678127288819,0.03137257695198059,0.02692028023302555,0.687277290225029,0.009615292795933783,0.0014788470230996612,0.166329887509346,nan,0.0,nan,0.0,0
24,240,8336,0.12642045454545453,2560,0.40688418671488763,0.869921875,0.0068724403507076206,0.507003927230835,0.280859375,-0.570868881046772,0.9142192989587784,0.03137257695198059,0.028699363581836224,0.6974867135286331,0.009615292795933783,0.002742852445226163,0.166329887509346,nan,0.0,nan,0.0,0
24,260,8356,0.12528409090909093,2560,0.3998857349157333,0.873828125,0.004098141117719933,0.4980617672204971,0.288671875,-0.6185268044471741,0.9124889612197876,0.03137257695198059,0.02818322405219078,0.6890112161636353,0.008136445772834122,0.004038304655114189,0.166329887509346,nan,0.0,nan,0.0,0
24,280,8376,0.12414772727272727,2560,0.42002473920583727,0.869140625,0.005896243185270577,0.5052495539188385,0.2796875,-0.5947849348187446,0.9129830896854401,0.03137257695198059,0.031117071118205785,0.6994172096252441,0.008136445772834122,0.002240202587563545,0.166329887509346,nan,0.0,nan,0.0,0
24,300,8396,0.12301136363636367,2560,0.3847795590758324,0.88125,0.003191328700631857,0.4991904065012932,0.260546875,-0.537721686065197,0.9147668421268463,0.03137257695198059,0.030789270624518396,0.7000997960567474,0.0068724403507076206,0.0036811116500757636,0.166329887509346,nan,0.0,nan,0.0,0
24,320,8416,0.121875,2560,0.3673580713570118,0.888671875,0.003933780908118934,0.5076987132430076,0.28046875,-0.5636248081922531,0.9157427608966827,0.03137257695198059,0.02423320785164833,0.6784960627555847,0.005896243185270577,0.0019624622771516435,0.166329887509346,nan,0.0,nan,0.0,0
24,340,8436,0.12073863636363633,2560,0.36424816101789476,0.884765625,0.004077261779457331,0.5012742474675178,0.273046875,-0.6018581867218018,0.9142668604850769,0.03137257695198059,0.026721661537885667,0.6846245557069779,0.004098141117719933,2.0879338262602513e-05,0.166329887509346,nan,0.0,nan,0.0,0
24,352,8448,0.12005681818181817,1480,0.35829113351332176,0.8858108108108108,-0.005524816968151041,0.49397414036699244,0.29054054005725966,-0.6727197856516451,0.9155357186858718,0.03137257695198059,0.027899374329560512,0.6890357858425862,0.004077261779457331,0.009602078747608371,0.166329887509346,nan,0.0,nan,0.0,0
25,20,8468,0.11892045454545457,2560,0.3452331431210041,0.8921875,0.005990720330737531,0.5052757427096367,0.27890625,-0.653243625164032,0.9144666254520416,0.03137257695198059,0.02638240298256278,0.6861198663711547,0.003933780908118934,-0.002056939422618597,0.166329887509346,nan,0.0,nan,0.0,0
25,40,8488,0.1177840909090909,2560,0.33520241379737853,0.89296875,0.0023140714270994066,0.49861388057470324,0.26328125,-0.5997592076659203,0.9149639368057251,0.03137257695198059,0.027426082640886307,0.6904770523309708,0.003933780908118934,0.0016197094810195272,0.166329887509346,nan,0.0,nan,0.0,0
25,60,8508,0.11664772727272729,2560,0.3732477843761444,0.8828125,0.004698412772268057,0.5032317027449608,0.26953125,-0.6144511312246322,0.914686095714569,0.03137257695198059,0.027378122229129075,0.6896416902542114,0.003933780908118934,-0.0007646318641491229,0.166329887509346,nan,0.0,nan,0.0,0
25,80,8528,0.11551136363636362,2560,0.3796077653765678,0.877734375,-0.0023608481511473655,0.5007059842348098,0.299609375,-0.655911386013031,0.9132155328989029,0.03137257695198059,0.02809836035594344,0.6923972606658936,0.004077261779457331,0.006438109930604697,0.166329887509346,nan,0.0,nan,0.0,0
25,100,8548,0.11437500000000002,2560,0.3874524250626564,0.8703125,nan,0.5009648784995079,0.266015625,-0.5600019320845604,0.9147173732519149,0.03137257695198059,0.02882895302027464,0.6928011357784272,0.0023140714270994066,nan,0.166329887509346,nan,0.0,nan,0.0,0
25,120,8568,0.11323863636363635,2560,0.36024353876709936,0.876953125,nan,0.505756139755249,0.2640625,-0.5793834969401359,0.9131702601909637,0.03137257695198059,0.03142173606902361,0.7019477307796478,nan,nan,0.166329887509346,nan,0.0,nan,0.0,0
25,140,8588,0.11210227272727276,2560,0.4326548457145691,0.858984375,0.003643981902860105,0.4997797831892967,0.2765625,-0.5706297427415847,0.9130526453256607,0.03137257695198059,0.03170455358922482,0.704708582162857,nan,nan,0.166329887509346,nan,0.0,nan,0.0,0
25,160,8608,0.11096590909090909,2560,0.38197329044342043,0.870703125,0.0034209890989586713,0.5038470104336739,0.276171875,-0.5901450499892235,0.9129804134368896,0.03137257695198059,0.023770119063556194,0.6765777468681335,nan,nan,0.166329887509346,nan,0.0,nan,0.0,0
25,180,8628,0.10982954545454549,2560,0.38697022795677183,0.87109375,0.0001770132454112172,0.5016712337732315,0.277734375,-0.6436574056744575,0.9124618709087372,0.03137257695198059,0.026426113583147524,0.6850789248943329,nan,nan,0.166329887509346,nan,0.0,nan,0.0,0
25,200,8648,0.10869318181818181,2560,0.4268345095217228,0.858203125,nan,0.5026742458343506,0.27890625,-0.5671282261610031,0.9148053675889969,0.03137257695198059,0.029683477990329266,0.6975910246372223,nan,nan,0.166329887509346,nan,0.0,nan,0.0,0
25,220,8668,0.10755681818181821,2560,0.36328174620866777,0.883203125,-0.0029141826962586492,0.4980313807725906,0.259375,-0.5542975679039955,0.9139751583337784,0.03137257695198059,0.03072543377056718,0.7001807719469071,nan,nan,0.166329887509346,nan,0.0,nan,0.0,0
25,240,8688,0.10642045454545454,2560,0.41808307319879534,0.859765625,0.0022829050780273975,0.5046887844800949,0.266015625,-0.5612860754132271,0.9123815089464188,0.03137257695198059,0.029563845600932837,0.6994007706642151,nan,nan,0.166329887509346,nan,0.0,nan,0.0,0
25,260,8708,0.10528409090909087,2560,0.4099708452820778,0.86875,0.011028369760606439,0.5085518062114716,0.268359375,-0.5160580024123191,0.9174164056777954,0.03137257695198059,0.03024543859064579,0.6992039829492569,nan,nan,0.166329887509346,nan,0.0,nan,0.0,0
25,280,8728,0.10414772727272727,2560,0.3580093733966351,0.880859375,0.0017642315244302154,0.4985889568924904,0.27890625,-0.6126024261116981,0.9125330805778503,0.03137257695198059,0.03064049147069454,0.7028144568204879,nan,nan,0.166329887509346,nan,0.0,nan,0.0,0
25,300,8748,0.10301136363636361,2560,0.3507961109280586,0.883203125,0.004016581102041528,0.4953248485922813,0.29296875,-0.6987547114491462,0.9153618097305298,0.03137257695198059,0.02619017129763961,0.6808474749326706,nan,nan,0.166329887509346,nan,0.0,nan,0.0,0
25,320,8768,0.10187500000000001,2560,0.37583340108394625,0.878125,nan,0.5029691219329834,0.27578125,-0.5754684373736382,0.915634936094284,0.03137257695198059,0.028885870613157748,0.6951663017272949,0.0022829050780273975,nan,0.166329887509346,nan,0.0,nan,0.0,0
25,340,8788,0.10073863636363634,2560,0.3308185800909996,0.894140625,0.011071343591902405,0.5070611506700515,0.25625,-0.559330838918686,0.9135599970817566,0.03137257695198059,0.027563454303890466,0.6908013492822647,nan,nan,0.166329887509346,nan,0.0,nan,0.0,0
25,352,8800,0.10005681818181818,1480,0.3333564354761227,0.8878378394487741,0.009771494809034708,0.48859270649987296,0.24932432440487115,-0.5161794266185245,0.9137917711928084,0.03137257695198059,0.028992369176970945,0.6939656708691572,nan,nan,0.166329887509346,nan,0.0,nan,0.0,0
26,20,8820,0.09892045454545458,2560,0.3354848027229309,0.892578125,0.007678076217416674,0.5046870052814484,0.275390625,-0.645265881717205,0.91459721326828,0.03137257695198059,0.030314365029335023,0.7002722054719925,nan,nan,0.166329887509346,nan,0.0,nan,0.0,0
26,40,8840,0.0977840909090909,2560,0.3189238652586937,0.898828125,nan,0.5032851085066795,0.27734375,-0.6466410085558891,0.9143100947141647,0.03137257695198059,0.0322472557425499,0.7073140740394592,nan,nan,0.166329887509346,nan,0.0,nan,0.0,0
26,60,8860,0.0966477272727273,2560,0.35115198120474816,0.891015625,0.01282974547939375,0.5046013072133064,0.2703125,-0.6248925238847732,0.913968300819397,0.03137257695198059,0.030154903046786787,0.6966458439826966,nan,nan,0.166329887509346,nan,0.0,nan,0.0,0
26,80,8880,0.09551136363636363,2560,0.3062280274927616,0.90390625,nan,0.49817073792219163,0.259375,-0.6401955783367157,0.915285387635231,0.03137257695198059,0.030747955571860074,0.6996936053037643,nan,nan,0.166329887509346,nan,0.0,nan,0.0,0
26,100,8900,0.09437500000000003,2560,0.3238659918308258,0.89921875,nan,0.5001658260822296,0.265234375,-0.567936772108078,0.9144038051366806,0.03137257695198059,0.030590694583952426,0.7008433222770691,nan,nan,0.166329887509346,nan,0.0,nan,0.0,0
26,120,8920,0.09323863636363636,2560,0.28548604995012283,0.905078125,-0.002158360631437972,0.49755581468343735,0.269140625,-0.6071195125579834,0.9136411279439927,0.03137257695198059,0.02871969426050782,0.6929385870695114,nan,nan,0.166329887509346,nan,0.0,nan,0.0,0
26,140,8940,0.09210227272727275,2560,0.3121209368109703,0.895703125,0.004841635364573449,0.5025414928793908,0.253125,-0.5900681719183922,0.914530199766159,0.03137257695198059,0.027745950687676667,0.6914022028446197,nan,nan,0.166329887509346,nan,0.0,nan,0.0,0
26,160,8960,0.09096590909090908,2560,0.2937791533768177,0.906640625,0.012996303534600883,0.5078566417098045,0.280859375,-0.7141251176595688,0.914285171031952,0.03137257695198059,0.03414441831409931,0.7125570386648178,nan,nan,0.166329887509346,nan,0.0,nan,0.0,0
26,180,8980,0.08982954545454543,2560,0.3380960255861282,0.890625,0.007520479281083681,0.5018854901194573,0.275,-0.6635165303945542,0.9135747462511062,0.03137257695198059,0.031524178106337786,0.7039525538682938,nan,nan,0.166329887509346,nan,0.0,nan,0.0,0
26,200,9000,0.08869318181818182,2560,0.27854312025010586,0.905859375,-0.007492092286702246,0.49910609871149064,0.2734375,-0.6614951401948929,0.9154181361198426,0.03137257695198059,0.030645497888326646,0.7034436732530593,nan,nan,0.166329887509346,nan,0.0,nan,0.0,0
26,220,9020,0.08755681818181815,2560,0.3208290241658688,0.903515625,0.015210629266221076,0.5058409497141838,0.258984375,-0.6208899825811386,0.9147339075803756,0.03137257695198059,0.03120807483792305,0.704455915093422,0.004841635364573449,-0.010368993901647628,0.166329887509346,nan,0.0,nan,0.0,0
26,240,9040,0.08642045454545455,2560,0.3291589722037315,0.888671875,nan,0.4995873898267746,0.2671875,-0.6351129487156868,0.9148753076791764,0.03137257695198059,0.028858534153550865,0.6977335423231125,0.007520479281083681,nan,0.166329887509346,nan,0.0,nan,0.0,0
26,260,9060,0.08528409090909088,2560,0.3078736662864685,0.90625,0.0068569699302315715,0.5037816539406776,0.26015625,-0.6027867004275322,0.9155306696891785,0.03137257695198059,0.029082228895276785,0.6968821614980698,nan,nan,0.166329887509346,nan,0.0,nan,0.0,0
26,280,9080,0.08414772727272728,2560,0.39708102494478226,0.87421875,nan,0.5018578976392746,0.240234375,-0.5072396457195282,0.9145850032567978,0.03137257695198059,0.03128245165571571,0.7073825895786285,nan,nan,0.166329887509346,nan,0.0,nan,0.0,0
26,300,9100,0.0830113636363636,2560,0.32387460246682165,0.901171875,0.009311694430653005,0.5045735836029053,0.253515625,-0.564013060927391,0.9126082301139832,0.03137257695198059,0.026123230438679458,0.6851010978221893,nan,nan,0.166329887509346,nan,0.0,nan,0.0,0
26,320,9120,0.081875,2560,0.28881377875804903,0.909375,0.004065662063658238,0.4995694562792778,0.246484375,-0.5616790667176247,0.9154730647802353,0.03137257695198059,0.027441239822655915,0.6923554062843322,nan,nan,0.166329887509346,nan,0.0,nan,0.0,0
26,340,9140,0.08073863636363633,2560,0.3095040023326874,0.901171875,nan,0.49784560203552247,0.25625,-0.5492786630988121,0.9137854456901551,0.03137257695198059,0.029537970200181007,0.6990490078926086,nan,nan,0.166329887509346,nan,0.0,nan,0.0,0
26,352,9152,0.08005681818181817,1480,0.32946770320067537,0.9,0.012672097779609062,0.5048390620463603,0.23783783799893146,-0.5579386946317312,0.9143475693625372,0.03137257695198059,0.03020582107474675,0.6996494811934394,nan,nan,0.166329887509346,nan,0.0,nan,0.0,0
27,20,9172,0.07892045454545457,2560,0.28722024634480475,0.9109375,nan,0.4990905895829201,0.250390625,-0.5984175950288773,0.9154398828744889,0.03137257695198059,0.033570437040179965,0.7118468701839447,nan,nan,0.166329887509346,nan,0.0,nan,0.0,0
27,40,9192,0.0777840909090909,2560,0.29393027871847155,0.903515625,0.004790486511774361,0.5015552684664726,0.24609375,-0.5877555280923843,0.9139003932476044,0.03137257695198059,0.034560561273247005,0.716201901435852,nan,nan,0.166329887509346,nan,0.0,nan,0.0,0
27,60,9212,0.07664772727272724,2560,0.2842744529247284,0.9078125,nan,0.5004768535494805,0.25234375,-0.6344509214162827,0.9146035701036453,0.03137257695198059,0.03356868140399456,0.7113480687141418,nan,nan,0.166329887509346,nan,0.0,nan,0.0,0
27,80,9232,0.07551136363636364,2560,0.27119288966059685,0.91484375,0.009365794641780667,0.5085167095065117,0.25,-0.6200351551175117,0.9137806117534637,0.03137257695198059,0.031595084723085164,0.7065127521753312,nan,nan,0.166329887509346,nan,0.0,nan,0.0,0
27,100,9252,0.07437499999999997,2560,0.2854424029588699,0.9078125,nan,0.4998130932450294,0.23828125,-0.5542612120509147,0.9139348596334458,0.03137257695198059,0.03389816377311945,0.7128753334283828,nan,nan,0.166329887509346,nan,0.0,nan,0.0,0
27,120,9272,0.07323863636363637,2560,0.286844339966774,0.905078125,0.004369133629370481,0.503837089240551,0.23828125,-0.5977060288190842,0.9130854487419129,0.03137257695198059,0.032413361314684155,0.7055969834327698,nan,nan,0.166329887509346,nan,0.0,nan,0.0,0
27,140,9292,0.0721022727272727,2560,0.23530467972159386,0.9234375,0.0015282252803444861,0.49924380928277967,0.228515625,-0.5472446009516716,0.9147756159305572,0.03137257695198059,0.03055956605821848,0.7006338566541672,nan,nan,0.166329887509346,nan,0.0,nan,0.0,0
27,160,9312,0.0709659090909091,2560,0.2946583807468414,0.9046875,nan,0.5026639401912689,0.247265625,-0.6048356965184212,0.9141718775033951,0.03137257695198059,0.03370233047753572,0.7116905659437179,nan,nan,0.166329887509346,nan,0.0,nan,0.0,0
27,180,9332,0.06982954545454542,2560,0.28719319999217985,0.907421875,0.0007227169524412602,0.49633637368679046,0.23203125,-0.5496372953057289,0.9136823147535325,0.03137257695198059,0.034152950439602134,0.7110593676567077,nan,nan,0.166329887509346,nan,0.0,nan,0.0,0
27,200,9352,0.06869318181818182,2560,0.32868703827261925,0.8890625,0.0017107523861341178,0.49880232810974123,0.24375,-0.5594783574342728,0.9158335596323013,0.03137257695198059,0.03082017516717315,0.7013730108737946,nan,nan,0.166329887509346,nan,0.0,nan,0.0,0
27,220,9372,0.06755681818181815,2560,0.26721967980265615,0.9140625,nan,0.5069788679480552,0.24296875,-0.5734135881066322,0.9153199702501297,0.03137257695198059,0.029463198129087688,0.6979377865791321,nan,nan,0.166329887509346,nan,0.0,nan,0.0,0
27,240,9392,0.06642045454545455,2560,0.3068600229918957,0.9,0.0034952442976646124,0.5065548107028007,0.23984375,-0.591747111082077,0.912756496667862,0.03137257695198059,0.03048706641420722,0.7019668996334076,nan,nan,0.166329887509346,nan,0.0,nan,0.0,0
27,260,9412,0.06528409090909089,2560,0.29204586520791054,0.90625,-0.0016287212260067464,0.49275158494710924,0.24296875,-0.6030919462442398,0.9153771877288819,0.03137257695198059,0.031125329062342645,0.7002555876970291,nan,nan,0.166329887509346,nan,0.0,nan,0.0,0
27,280,9432,0.06414772727272729,2560,0.26319078654050826,0.916796875,-6.571020931005478e-05,0.5005813717842102,0.267578125,-0.6801743924617767,0.914282250404358,0.03137257695198059,0.02936695059761405,0.6951182246208191,nan,nan,0.166329887509346,nan,0.0,nan,0.0,0
27,300,9452,0.06301136363636362,2560,0.26431038454174993,0.91875,-0.0014099541585892439,0.501980347931385,0.246484375,-0.6254011124372483,0.9155824214220047,0.03137257695198059,0.033287723548710346,0.7068762212991715,nan,nan,0.166329887509346,nan,0.0,nan,0.0,0
27,320,9472,0.06187500000000001,2560,0.26860148310661314,0.914453125,0.01061302674934268,0.5064963176846504,0.2296875,-0.5871246621012688,0.9143649041652679,0.03137257695198059,0.03287301603704691,0.7075506180524826,nan,nan,0.166329887509346,nan,0.0,nan,0.0,0
27,340,9492,0.06073863636363634,2560,0.25289704762399196,0.919140625,0.006933206709800288,0.5050178691744804,0.25,-0.623359540104866,0.9154951959848404,0.03137257695198059,0.03390167448669672,0.7093080341815948,-6.571020931005478e-05,-0.0069989169191103425,0.166329887509346,nan,0.0,nan,0.0,0
27,352,9504,0.06005681818181818,1480,0.31712899369162484,0.8986486476820869,nan,0.49318936741029895,0.2662162159745758,-0.6064548893554791,0.9155625584963206,0.03137257695198059,0.031685841949404894,0.7068455290149998,-6.571020931005478e-05,nan,0.166329887509346,nan,0.0,nan,0.0,0
28,20,9524,0.05892045454545451,2560,0.24698723182082177,0.917578125,0.003614528028992936,0.5022127971053123,0.233984375,-0.5906512558460235,0.913284957408905,0.03137257695198059,0.034564660489559175,0.7129501879215241,nan,nan,0.166329887509346,nan,0.0,nan,0.0,0
28,40,9544,0.05778409090909091,2560,0.28544159755110743,0.909375,0.0022603035788051782,0.4965244397521019,0.23984375,-0.6020877882838249,0.9156471401453018,0.03137257695198059,0.03327392609789968,0.7080071628093719,nan,nan,0.166329887509346,nan,0.0,nan,0.0,0
28,60,9564,0.05664772727272724,2560,0.3320107527077198,0.887109375,nan,0.5024495586752892,0.234765625,-0.5531352415680886,0.9159157007932663,0.03137257695198059,0.029233085829764603,0.6959063887596131,nan,nan,0.166329887509346,nan,0.0,nan,0.0,0
28,80,9584,0.05551136363636364,2560,0.2957399547100067,0.908984375,0.01310643358156085,0.5095431223511696,0.224609375,-0.5048357822000981,0.9147553950548172,0.03137257695198059,0.0322162370197475,0.703795564174652,nan,nan,0.166329887509346,nan,0.0,nan,0.0,0
28,100,9604,0.05437499999999997,2560,0.410034142434597,0.864453125,0.007764460978796706,0.5016472026705742,0.22578125,-0.41909023448824884,0.9132593989372253,0.03137257695198059,0.031352602317929266,0.7026344150304794,nan,nan,0.166329887509346,nan,0.0,nan,0.0,0
28,120,9624,0.05323863636363637,2560,0.3496642202138901,0.884375,0.013491314568091184,0.5083937525749207,0.232421875,-0.514480522274971,0.9133988887071609,0.03137257695198059,0.027988584619015454,0.6906153202056885,nan,nan,0.166329887509346,nan,0.0,nan,0.0,0
28,140,9644,0.0521022727272727,2560,0.3082898549735546,0.900390625,0.001660799328237772,0.4935440197587013,0.22265625,-0.4298845872282982,0.915662533044815,0.03137257695198059,0.03264622231945395,0.7074241012334823,nan,nan,0.166329887509346,nan,0.0,nan,0.0,0
28,160,9664,0.050965909090909096,2560,0.2269082859158516,0.931640625,0.008378953888313844,0.501953262090683,0.226953125,-0.5224747031927108,0.9134497523307801,0.03137257695198059,0.03415774907916784,0.711266478896141,nan,nan,0.166329887509346,nan,0.0,nan,0.0,0
28,180,9684,0.04982954545454543,2560,0.2459992252290249,0.92265625,0.0070882577856536955,0.4956763118505478,0.223046875,-0.5611740276217461,0.9150051295757293,0.03137257695198059,0.03015754222869873,0.6999668419361115,0.008378953888313844,0.0012906961026601486,0.166329887509346,nan,0.0,nan,0.0,0
28,200,9704,0.04869318181818183,2560,0.268650496378541,0.9125,0.011175577237736434,0.5031911343336105,0.25625,-0.6048754647374153,0.9148185938596726,0.03137257695198059,0.03173655867576599,0.7047678500413894,0.007764460978796706,-0.003411116258939728,0.166329887509346,nan,0.0,nan,0.0,0
28,220,9724,0.04755681818181816,2560,0.2873821906745434,0.901953125,0.002049330371664837,0.5006163433194161,0.23203125,-0.5935475677251816,0.9149809688329696,0.03137257695198059,0.03076802445575595,0.7045888483524323,0.008378953888313844,0.006329623516649007,0.166329887509346,nan,0.0,nan,0.0,0
28,240,9744,0.046420454545454556,2560,0.27512338794767854,0.907421875,-0.0008819274255074561,0.49668326079845426,0.2359375,-0.5376643255352974,0.9159622400999069,0.03137257695198059,0.03482282981276512,0.718998908996582,0.0070882577856536955,0.007970185211161152,0.166329887509346,nan,0.0,nan,0.0,0
28,260,9764,0.04528409090909089,2560,0.2608393020927906,0.921875,0.005739173362962901,0.5035871058702469,0.241796875,-0.6008488655090332,0.9146368861198425,0.03137257695198059,0.03159907758235932,0.7083792686462402,0.0070882577856536955,0.0013490844226907942,0.166329887509346,nan,0.0,nan,0.0,0
28,280,9784,0.04414772727272729,2560,0.23981732577085496,0.927734375,0.005418813740834594,0.4987011134624481,0.2078125,-0.5270371809601784,0.9159659236669541,0.03137257695198059,0.03401680709794164,0.7130667418241501,0.005739173362962901,0.0003203596221283073,0.166329887509346,nan,0.0,nan,0.0,0
28,300,9804,0.04301136363636362,2560,0.2415323592722416,0.921484375,0.004959688545204699,0.5014649868011475,0.222265625,-0.5071974217891693,0.914102578163147,0.03137257695198059,0.03314475994557142,0.7115697383880615,0.005418813740834594,0.00045912519562989456,0.166329887509346,nan,0.0,nan,0.0,0
28,320,9824,0.041875000000000016,2560,0.2200889430940151,0.92890625,0.0021297694533132018,0.5037329539656639,0.215234375,-0.5304101347923279,0.9149980127811432,0.03137257695198059,0.033539835549891,0.7096929877996445,0.004959688545204699,0.0028299190918914976,0.166329887509346,nan,0.0,nan,0.0,0
28,340,9844,0.040738636363636345,2560,0.21906789243221284,0.9328125,-0.004624696425162255,0.49245212972164154,0.230078125,-0.5479170605540276,0.9139167964458466,0.03137257695198059,0.03518417179584503,0.7140341937541962,0.004959688545204699,0.009584384970366955,0.166329887509346,nan,0.0,nan,0.0,0
28,352,9856,0.040056818181818186,1480,0.2005693960834194,0.9351351354573224,0.0011656009868995564,0.5022997769149574,0.2155405402989001,-0.5175339576360342,0.9140253540631887,0.03137257695198059,0.037229076289647334,0.7194677939286103,0.004959688545204699,0.0037940875583051432,0.166329887509346,nan,0.0,nan,0.0,0
29,20,9876,0.038920454545454515,2560,0.19607750996947287,0.937109375,0.0044337808736599985,0.5009767055511475,0.198046875,-0.48768136501312254,0.9154363244771957,0.03137257695198059,0.0353595569729805,0.7149574398994446,0.0021297694533132018,-0.0023040114203467968,0.166329887509346,nan,0.0,nan,0.0,0
29,40,9896,0.03778409090909091,2560,0.21708576381206512,0.926171875,0.0023254248953890055,0.4986806377768517,0.222265625,-0.5411686331033707,0.9144685357809067,0.03137257695198059,0.03552675731480122,0.7157278597354889,0.0021297694533132018,-0.0001956554420758038,0.166329887509346,nan,0.0,nan,0.0,0
29,60,9916,0.03664772727272725,2560,0.2500164948403835,0.9234375,0.009198626613942907,0.5051501169800758,0.212109375,-0.5556761994957924,0.9151336878538132,0.03137257695198059,0.03466092552989721,0.7149477601051331,0.0021297694533132018,-0.007068857160629705,0.166329887509346,nan,0.0,nan,0.0,0
29,80,9936,0.035511363636363646,2560,0.225277429074049,0.930859375,0.008869815885554999,0.5032313212752342,0.206640625,-0.5111835911870003,0.9159865230321884,0.03137257695198059,0.03354764748364687,0.7117257297039032,0.0023254248953890055,-0.006544390990165993,0.166329887509346,nan,0.0,nan,0.0,0
29,100,9956,0.034374999999999975,2560,0.22410181686282157,0.92890625,nan,0.4985775172710419,0.215625,-0.4919091686606407,0.9151625484228134,0.03137257695198059,0.031853558216243985,0.7082083433866501,0.0044337808736599985,nan,0.166329887509346,nan,0.0,nan,0.0,0
29,120,9976,0.03323863636363637,2560,0.2014572873711586,0.9375,0.0031102889159228654,0.4977579861879349,0.20234375,-0.5020136162638664,0.914072185754776,0.03137257695198059,0.03112684888765216,0.7071021944284439,nan,nan,0.166329887509346,nan,0.0,nan,0.0,0
29,140,9996,0.03210227272727271,2560,0.21885705590248108,0.928515625,0.006790911417920142,0.5014958843588829,0.21796875,-0.5593064740300179,0.9132746636867524,0.03137257695198059,0.032291129045188424,0.7097323417663575,nan,nan,0.166329887509346,nan,0.0,nan,0.0,0
29,160,10016,0.030965909090909103,2560,0.23255452886223793,0.923828125,0.001417486136779189,0.5008742168545723,0.208984375,-0.4829042539000511,0.9150996059179306,0.03137257695198059,0.03574590161442757,0.7197481215000152,nan,nan,0.166329887509346,nan,0.0,nan,0.0,0
29,180,10036,0.029829545454545435,2560,0.19618404433131217,0.936328125,0.005360309721436351,0.5064954251050949,0.206640625,-0.5149747237563134,0.91471928358078,0.03137257695198059,0.03490740824490786,0.7171039521694184,nan,nan,0.166329887509346,nan,0.0,nan,0.0,0
29,200,10056,0.028693181818181833,2560,0.1876902725547552,0.9421875,0.011471201526001095,0.5094611033797264,0.20078125,-0.510471647977829,0.9145215511322021,0.03137257695198059,0.034759970381855965,0.714564049243927,nan,nan,0.166329887509346,nan,0.0,nan,0.0,0
29,220,10076,0.027556818181818165,2560,0.20163302645087242,0.936328125,0.002975463529583067,0.49456712454557417,0.197265625,-0.504898726195097,0.9143815547227859,0.03137257695198059,0.03271402018144727,0.7079964995384216,0.005360309721436351,0.0023848461918532845,0.166329887509346,nan,0.0,nan,0.0,0
29,240,10096,0.026420454545454563,2560,0.18894170485436917,0.93984375,0.0050284807104617356,0.5046150371432304,0.198828125,-0.5189335860311985,0.9145763576030731,0.03137257695198059,0.03345532091334462,0.7102671235799789,0.005360309721436351,0.0003318290109746158,0.166329887509346,nan,0.0,nan,0.0,0
29,260,10116,0.025284090909090895,2560,0.17860000357031822,0.94375,0.005153673829045147,0.5039810299873352,0.182421875,-0.4970117837190628,0.91608125269413,0.03137257695198059,0.034124022163450715,0.7124003440141677,0.0050284807104617356,-0.00012519311858341133,0.166329887509346,nan,0.0,nan,0.0,0
29,280,10136,0.024147727272727293,2560,0.18927717581391335,0.9390625,0.0010416965815238655,0.49712513089179994,0.185546875,-0.4688954889774323,0.9143135249614716,0.03137257695198059,0.0333449462428689,0.707137843966484,0.005153673829045147,0.004111977247521281,0.166329887509346,nan,0.0,nan,0.0,0
29,300,10156,0.023011363636363625,2560,0.2005424253642559,0.940234375,0.005360942694824189,0.49827742129564284,0.2046875,-0.5150730416178704,0.9136243402957916,0.03137257695198059,0.03601117674261332,0.7145175099372864,0.0050284807104617356,-0.00033246198436245357,0.166329887509346,nan,0.0,nan,0.0,0
29,320,10176,0.021875000000000023,2560,0.19854088127613068,0.93359375,0.0045330159773584455,0.4998073741793633,0.221484375,-0.563849164545536,0.9143732875585556,0.03137257695198059,0.03474658709019422,0.7112141400575638,0.0050284807104617356,0.00049546473310329,0.166329887509346,nan,0.0,nan,0.0,0
29,340,10196,0.02073863636363635,2560,0.2092406503856182,0.93046875,-0.0008005395298823714,0.4963239192962646,0.20390625,-0.5228271439671517,0.9130946040153504,0.03137257695198059,0.033540182560682294,0.7084837943315506,0.0050284807104617356,0.005829020240344107,0.166329887509346,nan,0.0,nan,0.0,0
29,352,10208,0.020056818181818193,1480,0.20617791285385956,0.9364864880974229,nan,0.5030438510147301,0.22702702718812065,-0.5219323233978168,0.917149024074142,0.03137257695198059,0.03307040152517525,0.7080660207851514,0.0045330159773584455,nan,0.166329887509346,nan,0.0,nan,0.0,0
30,20,10228,0.01892045454545452,2560,0.150486995652318,0.950390625,0.007752919074846432,0.503885668516159,0.198828125,-0.49948098361492155,0.9147697627544403,0.03137257695198059,0.033119840826839206,0.7078392028808593,nan,nan,0.166329887509346,nan,0.0,nan,0.0,0
30,40,10248,0.01778409090909092,2560,0.1597871072590351,0.951953125,0.0009016885189339519,0.5000974163413048,0.183203125,-0.4594368629157543,0.9155384242534638,0.03137257695198059,0.03444667123258114,0.712544995546341,nan,nan,0.166329887509346,nan,0.0,nan,0.0,0
30,60,10268,0.01664772727272725,2560,0.16095545720309018,0.95,0.01235829702927731,0.508015201985836,0.1765625,-0.44960262477397916,0.915668249130249,0.03137257695198059,0.036496737599372865,0.7196223914623261,nan,nan,0.166329887509346,nan,0.0,nan,0.0,0
30,80,10288,0.01551136363636365,2560,0.1497430045157671,0.951953125,nan,0.4965787410736084,0.181640625,-0.4497495964169502,0.9142748683691024,0.03137257695198059,0.03651424814015627,0.7183784812688827,nan,nan,0.166329887509346,nan,0.0,nan,0.0,0
30,100,10308,0.014374999999999982,2560,0.15304280929267405,0.950390625,nan,0.49526585042476656,0.189453125,-0.49752249419689176,0.9146399378776551,0.03137257695198059,0.03556286171078682,0.7159606516361237,nan,nan,0.166329887509346,nan,0.0,nan,0.0,0
30,120,10328,0.01323863636363638,2560,0.17752897404134274,0.948046875,nan,0.5123525112867355,0.1859375,-0.4829610511660576,0.9161010980606079,0.03137257695198059,0.034191996604204175,0.712281009554863,nan,nan,0.166329887509346,nan,0.0,nan,0.0,0
30,140,10348,0.012102272727272712,2560,0.16127853356301786,0.94921875,nan,0.5042236506938934,0.16953125,-0.4473872572183609,0.9152912348508835,0.03137257695198059,0.03362165354192257,0.7109670847654342,nan,nan,0.166329887509346,nan,0.0,nan,0.0,0
30,160,10368,0.01096590909090911,2560,0.1450280625373125,0.951953125,nan,0.48927143067121504,0.171875,-0.45170598551630975,0.914133858680725,0.03137257695198059,0.03581927213817835,0.7177871882915496,nan,nan,0.166329887509346,nan,0.0,nan,0.0,0
30,180,10388,0.00982954545454544,2560,0.1563432950526476,0.94765625,nan,0.5027830913662911,0.18046875,-0.5013635531067848,0.9155805081129074,0.03137257695198059,0.035426481068134306,0.7163371592760086,nan,nan,0.166329887509346,nan,0.0,nan,0.0,0
30,200,10408,0.008693181818181838,2560,0.16832748018205165,0.94296875,nan,0.4958480969071388,0.194921875,-0.4881915539503098,0.9158541589975357,0.03137257695198059,0.03474432155489922,0.7140913486480713,nan,nan,0.166329887509346,nan,0.0,nan,0.0,0
30,220,10428,0.00755681818181817,2560,0.14264519326388836,0.95390625,nan,0.5043604701757431,0.17734375,-0.44655597433447836,0.9162274837493897,0.03137257695198059,0.03420599028468132,0.712353664636612,nan,nan,0.166329887509346,nan,0.0,nan,0.0,0
30,240,10448,0.006420454545454568,2560,0.14602100923657418,0.95546875,nan,0.49992753863334655,0.169921875,-0.4440542206168175,0.91431123316288,0.03137257695198059,0.03318338338285685,0.7090974777936936,nan,nan,0.166329887509346,nan,0.0,nan,0.0,0
30,260,10468,0.005284090909090899,2560,0.13962444998323917,0.957421875,nan,0.4947057232260704,0.17421875,-0.4538833096623421,0.9151729732751847,0.03137257695198059,0.03319808347150684,0.707833981513977,nan,nan,0.166329887509346,nan,0.0,nan,0.0,0
30,280,10488,0.004147727272727297,2560,0.14763974510133265,0.955859375,nan,0.4974763453006744,0.182421875,-0.4885796129703522,0.9142902553081512,0.03137257695198059,0.03331373846158385,0.7080916047096253,nan,nan,0.166329887509346,nan,0.0,nan,0.0,0
30,300,10508,0.0030113636363636284,2560,0.14627545662224292,0.953515625,nan,0.506181600689888,0.179296875,-0.4679064616560936,0.9146676540374756,0.03137257695198059,0.03416371736675501,0.7101700156927109,nan,nan,0.166329887509346,nan,0.0,nan,0.0,0
30,320,10528,0.0018750000000000266,2560,0.13406780362129211,0.95703125,nan,0.4953752040863037,0.18125,-0.47462495416402817,0.9149830102920532,0.03137257695198059,0.03370935302227736,0.7092941492795944,nan,nan,0.166329887509346,nan,0.0,nan,0.0,0
30,340,10548,0.000738636363636358,2560,0.14017121084034442,0.959375,nan,0.5073545023798942,0.173828125,-0.4392349749803543,0.9141187220811844,0.03137257695198059,0.03333342131227255,0.7086320847272873,nan,nan,0.166329887509346,nan,0.0,nan,0.0,0
30,352,10560,5.681818181819675e-05,1480,0.14340771195050833,0.9513513519957258,nan,0.4931240424916551,0.17432432432432432,-0.4454684410546277,0.9161447521802542,0.03137257695198059,0.03434443729552063,0.711859464967573,nan,nan,0.166329887509346,nan,0.0,nan,0.0,0
