epoch,batch,global_step,lr,window_samples,train_adv_loss,train_adv_acc,free_gradient_cosine,free_gradient_sign_agreement,free_prediction_disagreement,free_attack_loss_gain,free_boundary_fraction,free_delta_linf,control_gradient_participation_ratio,control_gradient_entropy,detector_baseline,detector_score,detector_threshold,detector_pgd10_acc,detector_seconds,observer_pgd10_acc,observer_pgd10_seconds,intervention_triggered
1,20,20,0.0010795454545454546,2560,2.877061462402344,0.0,0.0647987661883235,0.5133171319961548,0.403515625,0.5721335500478745,0.6007671535015107,0.03137257695198059,0.2514029428362846,0.8864453196525574,nan,nan,0.16632988750934596,nan,0.0,nan,0.0,0
1,40,40,0.002215909090909091,2560,2.592899703979492,0.001953125,0.1689368922263384,0.5422643214464188,0.323828125,0.3611214943230152,0.6002336144447327,0.03137257695198059,0.24695252999663353,0.8851537704467773,nan,nan,0.16632988750934596,nan,0.0,nan,0.0,0
1,60,60,0.0033522727272727276,2560,2.34488582611084,0.085546875,0.47158706486225127,0.6288491785526276,0.16640625,0.13916266113519668,0.599660512804985,0.03137257695198059,0.2045849733054638,0.8674722105264664,nan,nan,0.16632988750934596,nan,0.0,nan,0.0,0
1,80,80,0.004488636363636363,2560,2.26729736328125,0.125390625,0.6961506277322769,0.7065001368522644,0.159375,0.08910584338009357,0.5996817439794541,0.03137257695198059,0.15692390277981758,0.8395436048507691,0.1689368922263384,-0.5272137355059385,0.16632988750934596,nan,0.0,nan,0.0,0
1,100,100,0.005625,2560,2.2098037719726564,0.15625,0.8018958896398545,0.7584672510623932,0.23203125,0.11609955206513405,0.6010502070188523,0.03137257695198059,0.1354715872555971,0.8201382219791412,0.32026197854429483,-0.48163391109555964,0.16632988750934596,nan,0.0,0.1484375,0.380617999995593,0
1,120,120,0.006761363636363636,2560,2.19066162109375,0.170703125,0.8460780024528504,0.7810997158288956,0.18515625,0.12260739393532276,0.5996793329715728,0.03137257695198059,0.1114840790629387,0.7954032510519028,0.47158706486225127,-0.3744909375905991,0.16632988750934596,nan,0.0,nan,0.0,0
1,140,140,0.007897727272727272,2560,2.1737690925598145,0.17109375,0.8626888424158097,0.7944056421518326,0.187109375,0.13030508160591125,0.6010674983263016,0.03137257695198059,0.09070390351116657,0.7707191675901413,0.6961506277322769,-0.1665382146835328,0.16632988750934596,nan,0.0,nan,0.0,0
1,160,160,0.009034090909090908,2560,2.1529547691345217,0.18203125,0.8761630356311798,0.8087729305028916,0.205859375,0.1380181472748518,0.5991935878992081,0.03137257695198059,0.08224717304110526,0.7599651902914047,0.8018958896398545,-0.07426714599132533,0.16632988750934596,nan,0.0,nan,0.0,0
1,180,180,0.010170454545454547,2560,2.1156129837036133,0.21328125,0.8829066038131714,0.8142774164676666,0.196484375,0.16168277487158775,0.599391958117485,0.03137257695198059,0.07889368198812008,0.7537238508462906,0.8460780024528504,-0.03682860136032107,0.16632988750934596,nan,0.0,nan,0.0,0
1,200,200,0.011306818181818182,2560,2.0992300510406494,0.21796875,0.8900318205356598,0.8223671197891236,0.18515625,0.17770763412117957,0.6013733118772506,0.03137257695198059,0.08362341411411763,0.7623072803020478,0.8626888424158097,-0.027342978119850092,0.16632988750934596,nan,0.0,0.234375,0.3719260999932885,0
1,220,220,0.012443181818181819,2560,2.0694413661956785,0.1921875,0.8951470136642456,0.8304051905870438,0.211328125,0.18132090121507644,0.6008290827274323,0.03137257695198059,0.0836921889334917,0.763897180557251,0.8761630356311798,-0.01898397803306584,0.16632988750934596,nan,0.0,nan,0.0,0
1,240,240,0.013579545454545454,2560,2.0474178791046143,0.230078125,0.9024354457855225,0.8370084285736084,0.207421875,0.2038244254887104,0.6039568811655045,0.03137257695198059,0.08542456440627574,0.7685883581638336,0.8829066038131714,-0.019528841972351052,0.16632988750934596,nan,0.0,nan,0.0,0
1,260,260,0.014715909090909089,2560,2.0401084184646607,0.219921875,0.906047061085701,0.8433108299970626,0.180078125,0.20648423358798026,0.602440282702446,0.03137257695198059,0.0821975164115429,0.7640512466430665,0.8900318205356598,-0.01601524055004122,0.16632988750934596,nan,0.0,nan,0.0,0
1,280,280,0.015852272727272725,2560,2.01457736492157,0.2390625,0.9126571178436279,0.8444697260856628,0.182421875,0.19692253172397614,0.6069305598735809,0.03137257695198059,0.07574562653899193,0.7551746219396591,0.8951470136642456,-0.017510104179382258,0.16632988750934596,nan,0.0,nan,0.0,0
1,300,300,0.016988636363636362,2560,1.9984166622161865,0.22421875,0.9070254772901535,0.8424756526947021,0.2109375,0.22045833319425584,0.6052757412195205,0.03137257695198059,0.07525169067084789,0.756279680132866,0.9024354457855225,-0.004590031504630998,0.16632988750934596,nan,0.0,0.28125,0.3783219999750145,0
1,320,320,0.018125,2560,2.0078277349472047,0.25,0.9105236828327179,0.8469603478908538,0.193359375,0.22154334634542466,0.6032692193984985,0.03137257695198059,0.0726555310189724,0.7507988095283509,0.906047061085701,-0.004476621747016907,0.16632988750934596,nan,0.0,nan,0.0,0
1,340,340,0.019261363636363635,2560,1.9978460311889648,0.251953125,0.914226284623146,0.8533237636089325,0.183984375,0.2246839612722397,0.602504625916481,0.03137257695198059,0.0740710150450468,0.7537871956825256,0.9070254772901535,-0.007200807332992554,0.16632988750934596,nan,0.0,nan,0.0,0
1,352,352,0.019943181818181818,1480,2.006365312112344,0.23310810851084218,0.9184811624320778,0.8560883583249272,0.18175675659566312,0.2254705940549438,0.6007682867952295,0.03137257695198059,0.0722280082670418,0.7522249824291951,0.9105236828327179,-0.007957479599359885,0.16632988750934596,nan,0.0,nan,0.0,0
2,20,372,0.021079545454545455,2560,1.9842976570129394,0.259765625,0.9165630549192428,0.852389806509018,0.17421875,0.22807640954852104,0.6058006435632706,0.03137257695198059,0.06636566556990146,0.7406827569007873,0.9126571178436279,-0.003905937075614929,0.16632988750934596,nan,0.0,nan,0.0,0
2,40,392,0.022215909090909088,2560,2.0105825424194337,0.240625,0.9097243279218674,0.8491197168827057,0.177734375,0.23144007176160813,0.6039834588766098,0.03137257695198059,0.06637604199349881,0.7415716916322708,0.914226284623146,0.00450195670127862,0.16632988750934596,nan,0.0,0.1875,0.3860199000046123,0
2,60,412,0.023352272727272725,2560,1.991122579574585,0.246484375,0.9237598270177841,0.8621831446886062,0.19453125,0.21701566278934478,0.6041090846061706,0.03137257695198059,0.06804789621382952,0.7445044308900833,0.914226284623146,-0.009533542394638106,0.16632988750934596,nan,0.0,nan,0.0,0
2,80,432,0.024488636363636365,2560,1.9845953941345216,0.25078125,0.9171276301145553,0.8597610682249069,0.19296875,0.23628402054309844,0.6055661708116531,0.03137257695198059,0.07191726975142956,0.7527438789606095,0.9165630549192428,-0.0005645751953125,0.16632988750934596,nan,0.0,nan,0.0,0
2,100,452,0.025625,2560,1.9612709522247314,0.258984375,0.920348483324051,0.8612037837505341,0.1828125,0.23383458480238914,0.6040544092655182,0.03137257695198059,0.06957052573561669,0.749123004078865,0.9171276301145553,-0.003220853209495611,0.16632988750934596,nan,0.0,nan,0.0,0
2,120,472,0.026761363636363635,2560,1.943056344985962,0.258984375,0.9144129544496536,0.8559060603380203,0.189453125,0.24350058361887933,0.6047981411218644,0.03137257695198059,0.06313583459705115,0.7392765194177627,0.9171276301145553,0.002714675664901689,0.16632988750934596,nan,0.0,nan,0.0,0
2,140,492,0.027897727272727272,2560,1.9441708028316498,0.26484375,0.921240097284317,0.8666318476200103,0.176953125,0.24019323587417601,0.6059626549482345,0.03137257695198059,0.0688338227570057,0.7485623121261596,0.9171276301145553,-0.004112467169761658,0.16632988750934596,nan,0.0,0.203125,0.3683813999814447,0
2,160,512,0.02903409090909091,2560,1.9649935483932495,0.2609375,0.9202874034643174,0.8622046321630478,0.212109375,0.24751830324530602,0.6036121517419815,0.03137257695198059,0.06347185857594013,0.7390023469924927,0.920348483324051,6.107985973358154e-05,0.16632988750934596,nan,0.0,nan,0.0,0
2,180,532,0.030170454545454545,2560,1.9419706106185912,0.253515625,0.9179158717393875,0.8634667932987213,0.212890625,0.24636109173297882,0.6034936457872391,0.03137257695198059,0.0674182152375579,0.7468391329050064,0.9202874034643174,0.002371531724929876,0.16632988750934596,nan,0.0,nan,0.0,0
2,200,552,0.03130681818181818,2560,1.9231086254119873,0.2734375,0.9268314480781555,0.8696237087249756,0.18359375,0.2559746131300926,0.6028339594602585,0.03137257695198059,0.06504552494734525,0.7411550998687744,0.9202874034643174,-0.006544044613838174,0.16632988750934596,nan,0.0,nan,0.0,0
2,220,572,0.032443181818181815,2560,1.9564855754375459,0.272265625,0.9224999070167541,0.8651555567979813,0.194921875,0.2707220450043678,0.6044480830430985,0.03137257695198059,0.06453792359679937,0.7418582737445831,0.9202874034643174,-0.00221250355243674,0.16632988750934596,nan,0.0,nan,0.0,0
2,240,592,0.03357954545454545,2560,1.9259064674377442,0.273046875,0.9163313776254653,0.863846355676651,0.194921875,0.2566205270588398,0.6028928250074387,0.03137257695198059,0.06449013762176037,0.7435019165277481,0.921240097284317,0.004908719658851646,0.16632988750934596,nan,0.0,0.1640625,0.3691337000054773,0
2,260,612,0.03471590909090909,2560,1.9102408170700074,0.267578125,0.9138964235782623,0.8603943139314651,0.21796875,0.2567413665354252,0.6019619196653366,0.03137257695198059,0.06583649758249521,0.746332997083664,0.9202874034643174,0.0063909798860550815,0.16632988750934596,nan,0.0,nan,0.0,0
2,280,632,0.035852272727272726,2560,1.9235610008239745,0.279296875,0.9174284428358078,0.8654874324798584,0.18203125,0.2559726320207119,0.6004787623882294,0.03137257695198059,0.06612532790750265,0.7477894842624664,0.9179158717393875,0.0004874289035796675,0.16632988750934596,nan,0.0,nan,0.0,0
2,300,652,0.03698863636363636,2560,1.900927448272705,0.275390625,0.914436650276184,0.86120645403862,0.20234375,0.2735297940671444,0.6028409540653229,0.03137257695198059,0.059228180535137655,0.7332085788249969,0.9174284428358078,0.002991792559623785,0.16632988750934596,nan,0.0,nan,0.0,0
2,320,672,0.038125,2560,1.9401641368865967,0.27578125,0.9239447057247162,0.8663583308458328,0.194140625,0.2606817528605461,0.6029509365558624,0.03137257695198059,0.06074017006903887,0.7321660101413727,0.9163313776254653,-0.00761332809925086,0.16632988750934596,nan,0.0,nan,0.0,0
2,340,692,0.03926136363636363,2560,1.9209548234939575,0.26328125,0.9191030859947205,0.8657439112663269,0.2109375,0.2792893573641777,0.6040559351444245,0.03137257695198059,0.06759913749992848,0.7513240724802017,0.9163313776254653,-0.0027717083692551103,0.16632988750934596,nan,0.0,0.2578125,0.3713949000230059,0
2,352,704,0.039943181818181815,1480,1.905637382816624,0.24729729705565684,0.915768881101866,0.8665179993655231,0.22094594546266505,0.2740376483749699,0.6057397430007522,0.03137257695198059,0.06694805660360569,0.7514979078962997,0.9174284428358078,0.0016595617339417723,0.16632988750934596,nan,0.0,nan,0.0,0
3,20,724,0.04107954545454545,2560,1.9035539150238037,0.2828125,0.9194563895463943,0.8660506159067154,0.19296875,0.26903469786047934,0.6009433954954148,0.03137257695198059,0.06413543727248908,0.7438216298818588,0.9174284428358078,-0.0020279467105864812,0.16632988750934596,nan,0.0,nan,0.0,0
3,40,744,0.04221590909090909,2560,1.8735291481018066,0.278125,0.9229008167982101,0.8675568997859955,0.20859375,0.27477527782320976,0.6007053554058075,0.03137257695198059,0.06265254896134138,0.7390635848045349,0.9191030859947205,-0.003797730803489663,0.16632988750934596,nan,0.0,nan,0.0,0
3,60,764,0.043352272727272725,2560,1.8963796615600585,0.283203125,0.9169599950313568,0.8617323756217956,0.207421875,0.2861977979540825,0.6035408198833465,0.03137257695198059,0.06275014784187079,0.7423572927713394,0.9194563895463943,0.00249639451503747,0.16632988750934596,nan,0.0,nan,0.0,0
3,80,784,0.04448863636363636,2560,1.8673407793045045,0.291015625,0.9168882161378861,0.8651022791862488,0.2078125,0.28613572716712954,0.6040139704942703,0.03137257695198059,0.058246737346053123,0.7347744971513748,0.9191030859947205,0.0022148698568343894,0.16632988750934596,nan,0.0,0.296875,0.3671357999846805,0
3,100,804,0.04562499999999999,2560,1.9203409433364869,0.27265625,0.9203327864408493,0.8671365290880203,0.212109375,0.2786906585097313,0.6022729396820068,0.03137257695198059,0.0601794907823205,0.7356547623872757,0.9169599950313568,-0.003372791409492426,0.16632988750934596,nan,0.0,nan,0.0,0
3,120,824,0.046761363636363636,2560,1.8541789174079895,0.282421875,0.914781653881073,0.8631162166595459,0.2234375,0.29267358779907227,0.6028126001358032,0.03137257695198059,0.062180251628160474,0.7416032791137696,0.9194563895463943,0.0046747356653212835,0.16632988750934596,nan,0.0,nan,0.0,0
3,140,844,0.04789772727272727,2560,1.8842185020446778,0.29609375,0.9177627712488174,0.8630473047494889,0.208984375,0.28726434111595156,0.6024407863616943,0.03137257695198059,0.06319871172308922,0.7449188381433487,0.9169599950313568,-0.0008027762174606101,0.16632988750934596,nan,0.0,nan,0.0,0
3,160,864,0.04903409090909091,2560,1.8818012475967407,0.277734375,0.9156677901744843,0.86173135638237,0.202734375,0.2866160377860069,0.6030338495969773,0.03137257695198059,0.05982617810368538,0.7379778861999512,0.9169599950313568,0.0012922048568725364,0.16632988750934596,nan,0.0,nan,0.0,0
3,180,884,0.050170454545454546,2560,1.8555874824523926,0.28828125,0.9165483266115189,0.8580486446619033,0.208203125,0.28269120305776596,0.60223847925663,0.03137257695198059,0.05808019321411848,0.7364790081977844,0.9168882161378861,0.0003398895263672097,0.16632988750934596,nan,0.0,0.28125,0.37249680000240915,0
3,200,904,0.05130681818181818,2560,1.8413841128349304,0.30234375,0.9067732214927673,0.8575279444456101,0.23125,0.30865523368120196,0.6011795252561569,0.03137257695198059,0.060305196046829226,0.7415525615215302,0.9165483266115189,0.00977510511875157,0.16632988750934596,nan,0.0,nan,0.0,0
3,220,924,0.05244318181818181,2560,1.8521787643432617,0.28046875,0.9153677850961686,0.8622518062591553,0.2359375,0.30231871753931044,0.601207759976387,0.03137257695198059,0.05969777703285217,0.7397052258253097,0.9156677901744843,0.00030000507831573486,0.16632988750934596,nan,0.0,nan,0.0,0
3,240,944,0.05357954545454545,2560,1.8566946268081665,0.298828125,0.9087647378444672,0.8587603449821473,0.20546875,0.3057356789708138,0.6001709163188934,0.03137257695198059,0.05917103458195925,0.7398907542228699,0.9156677901744843,0.00690305233001709,0.16632988750934596,nan,0.0,nan,0.0,0
3,260,964,0.054715909090909086,2560,1.844505739212036,0.3046875,0.9140808135271072,0.8608790248632431,0.208203125,0.2946300283074379,0.6050134271383285,0.03137257695198059,0.06343598831444978,0.7452961653470993,0.9153677850961686,0.0012869715690613237,0.16632988750934596,nan,0.0,nan,0.0,0
3,280,984,0.05585227272727273,2560,1.830189037322998,0.30546875,0.912913927435875,0.8619686335325241,0.213671875,0.288730151951313,0.5991606563329697,0.03137257695198059,0.05309739634394646,0.7264024138450622,0.9140808135271072,0.0011668860912322776,0.16632988750934596,nan,0.0,0.203125,0.3708172000187915,0
3,300,1004,0.056988636363636366,2560,1.8384528756141663,0.31328125,0.9106641501188278,0.860625097155571,0.2140625,0.3016263827681541,0.6008780300617218,0.03137257695198059,0.057385765761137006,0.7351409047842026,0.912913927435875,0.002249777317047119,0.16632988750934596,nan,0.0,nan,0.0,0
3,320,1024,0.058124999999999996,2560,1.8161935925483703,0.31328125,0.9060468584299087,0.8559660762548447,0.23515625,0.31276350319385526,0.6037089228630066,0.03137257695198059,0.057184609957039355,0.7361048281192779,0.912913927435875,0.006867069005966231,0.16632988750934596,nan,0.0,nan,0.0,0
3,340,1044,0.05926136363636363,2560,1.8440733432769776,0.3078125,0.9015878945589065,0.85733263194561,0.223828125,0.31332348585128783,0.6005876123905182,0.03137257695198059,0.060822324641048905,0.7448501765727997,0.9106641501188278,0.009076255559921309,0.16632988750934596,nan,0.0,nan,0.0,0
3,352,1056,0.05994318181818181,1480,1.8181036433658084,0.3277027022194218,0.90583671879124,0.8537441630621214,0.22162162162162163,0.29681105178755685,0.5996322680164028,0.03137257695198059,0.05878296983805863,0.7390853327673834,0.9106641501188278,0.004827431327587894,0.16632988750934596,nan,0.0,nan,0.0,0
4,20,1076,0.061079545454545456,2560,1.7625667810440064,0.33046875,0.9042035609483718,0.8508149653673172,0.25078125,0.3214430257678032,0.6023229211568832,0.03137257695198059,0.05595079567283392,0.733934560418129,0.9060468584299087,0.0018432974815368874,0.16632988750934596,nan,0.0,0.2421875,0.36371010000584647,0
4,40,1096,0.06221590909090909,2560,1.8178290665149688,0.30625,0.9037652879953384,0.851659032702446,0.226953125,0.3123268857598305,0.6006007105112076,0.03137257695198059,0.057997371442615984,0.7375702351331711,0.90583671879124,0.002071430795901552,0.16632988750934596,nan,0.0,nan,0.0,0
4,60,1116,0.06335227272727273,2560,1.775963306427002,0.316015625,0.8978980541229248,0.8501337915658951,0.2375,0.318884003162384,0.6004497706890106,0.03137257695198059,0.060547972470521925,0.7443418711423874,0.9042035609483718,0.00630550682544706,0.16632988750934596,nan,0.0,nan,0.0,0
4,80,1136,0.06448863636363636,2560,1.7834628105163575,0.32421875,0.900498965382576,0.853256756067276,0.24453125,0.33413216322660444,0.5981537103652954,0.03137257695198059,0.0595586808398366,0.7395674526691437,0.9037652879953384,0.0032663226127623846,0.16632988750934596,nan,0.0,nan,0.0,0
4,100,1156,0.065625,2560,1.7694404125213623,0.3375,0.900409209728241,0.8525936335325242,0.24140625,0.32353982627391814,0.5985325068235398,0.03137257695198059,0.05522728990763426,0.7330367594957352,0.9037652879953384,0.0033560782670973843,0.16632988750934596,nan,0.0,nan,0.0,0
4,120,1176,0.06676136363636363,2560,1.7744025468826294,0.309765625,0.9043775856494903,0.854948702454567,0.250390625,0.3483671173453331,0.6034940302371978,0.03137257695198059,0.060543451271951196,0.742176866531372,0.900498965382576,-0.0038786202669143233,0.16632988750934596,nan,0.0,0.21875,0.37013029999798164,0
4,140,1196,0.06789772727272726,2560,1.773310899734497,0.305859375,0.9014373034238815,0.8520158261060715,0.2484375,0.32848543375730516,0.6004829585552216,0.03137257695198059,0.06018009521067143,0.7423610806465148,0.900498965382576,-0.0009383380413054976,0.16632988750934596,nan,0.0,nan,0.0,0
4,160,1216,0.0690340909090909,2560,1.7856207489967346,0.31953125,0.8989481449127197,0.852997225522995,0.23359375,0.32458020448684693,0.6035780757665634,0.03137257695198059,0.05727335643023253,0.7375153362751007,0.900498965382576,0.0015508204698563288,0.16632988750934596,nan,0.0,nan,0.0,0
4,180,1236,0.07017045454545454,2560,1.769049847126007,0.341015625,0.8963763177394867,0.8522086054086685,0.2296875,0.3369388684630394,0.601775249838829,0.03137257695198059,0.06046186070889235,0.7431355953216553,0.900498965382576,0.004122647643089339,0.16632988750934596,nan,0.0,nan,0.0,0
4,200,1256,0.07130681818181818,2560,1.7278951764106751,0.346875,0.8978383719921113,0.8492447167634964,0.230859375,0.34158181846141816,0.6004688411951065,0.03137257695198059,0.05784868933260441,0.7397001832723618,0.900409209728241,0.0025708377361297607,0.16632988750934596,nan,0.0,nan,0.0,0
4,220,1276,0.07244318181818182,2560,1.7679030537605285,0.326953125,0.9023544430732727,0.8559674680233001,0.243359375,0.340734027326107,0.6021543055772781,0.03137257695198059,0.05702138524502516,0.7355666995048523,0.8989481449127197,-0.003406298160553045,0.16632988750934596,nan,0.0,0.2890625,0.3705212000058964,0
4,240,1296,0.07357954545454545,2560,1.7624292373657227,0.340625,0.8964885681867599,0.848739767074585,0.249609375,0.33688970655202866,0.604959887266159,0.03137257695198059,0.05664981827139855,0.7369572907686234,0.8989481449127197,0.0024595767259597556,0.16632988750934596,nan,0.0,nan,0.0,0
4,260,1316,0.07471590909090908,2560,1.721830999851227,0.35,0.9008897066116333,0.8542836755514145,0.24140625,0.3281072035431862,0.601314178109169,0.03137257695198059,0.06230098716914654,0.7475314885377884,0.8978383719921113,-0.003051334619522006,0.16632988750934596,nan,0.0,nan,0.0,0
4,280,1336,0.07585227272727273,2560,1.7478934049606323,0.34453125,0.8943909704685211,0.8486163020133972,0.251171875,0.337043896317482,0.6034519374370575,0.03137257695198059,0.056229769624769686,0.7363955646753311,0.8978383719921113,0.0034474015235901323,0.16632988750934596,nan,0.0,nan,0.0,0
4,300,1356,0.07698863636363637,2560,1.7425771236419678,0.327734375,0.8963547140359879,0.8453444331884384,0.249609375,0.3360626816749573,0.5994958430528641,0.03137257695198059,0.056340571865439414,0.7369833678007126,0.8978383719921113,0.0014836579561233743,0.16632988750934596,nan,0.0,nan,0.0,0
4,320,1376,0.078125,2560,1.7122273206710816,0.337890625,0.8965325504541397,0.8502291530370713,0.2625,0.3554126784205437,0.599971917271614,0.03137257695198059,0.05732101444154978,0.7389973431825638,0.8964885681867599,-4.398226737978295e-05,0.16632988750934596,nan,0.0,0.265625,0.36960949999047443,0
4,340,1396,0.07926136363636364,2560,1.7258534193038941,0.343359375,0.8909658491611481,0.8467388331890107,0.230078125,0.340646305680275,0.6037170648574829,0.03137257695198059,0.057083177380263805,0.7385225325822831,0.8964885681867599,0.005522719025611855,0.16632988750934596,nan,0.0,nan,0.0,0
4,352,1408,0.07994318181818182,1480,1.6839987271540873,0.35270270254160907,0.8885355569220877,0.8452139851209279,0.2547297295686361,0.33499143316939073,0.6001335269696003,0.03137257695198059,0.05772617984865163,0.7400425166697115,0.8963547140359879,0.007819157113900133,0.16632988750934596,nan,0.0,nan,0.0,0
5,20,1428,0.08107954545454545,2560,1.7288678407669067,0.351953125,0.8920368373394012,0.8464921534061431,0.244921875,0.365707591176033,0.602355208992958,0.03137257695198059,0.05804787054657936,0.7418339848518372,0.8943909704685211,0.0023541331291199175,0.16632988750934596,nan,0.0,nan,0.0,0
5,40,1448,0.08221590909090909,2560,1.6986508011817931,0.36171875,0.8990736454725266,0.8525815546512604,0.23125,0.34316157549619675,0.5994486659765244,0.03137257695198059,0.05731871612370014,0.7374311059713363,0.8920368373394012,-0.00703680813312535,0.16632988750934596,nan,0.0,nan,0.0,0
5,60,1468,0.08335227272727272,2560,1.7052341461181642,0.347265625,0.8834568411111832,0.8401316583156586,0.25625,0.37114452570676804,0.5984217554330826,0.03137257695198059,0.05703706257045269,0.7376455724239349,0.8920368373394012,0.008579996228218034,0.16632988750934596,nan,0.0,0.265625,0.3705197999952361,0
5,80,1488,0.08448863636363636,2560,1.7425912499427796,0.336328125,0.8911810517311096,0.8451393365859985,0.241796875,0.3345035403966904,0.6020092219114304,0.03137257695198059,0.0602809714153409,0.7460748970508575,0.8909658491611481,-0.00021520256996154785,0.16632988750934596,nan,0.0,nan,0.0,0
5,100,1508,0.08562499999999999,2560,1.7037036836147308,0.344140625,0.8882388055324555,0.8439440578222275,0.2453125,0.3525404676795006,0.6017857998609543,0.03137257695198059,0.05748886242508888,0.7410339266061783,0.8911810517311096,0.0029422461986541304,0.16632988750934596,nan,0.0,nan,0.0,0
5,120,1528,0.08676136363636362,2560,1.6898657202720642,0.351953125,0.8818984508514405,0.8408875972032547,0.258984375,0.3525893896818161,0.6029545038938522,0.03137257695198059,0.05674615874886513,0.7393588989973068,0.8911810517311096,0.009282600879669145,0.16632988750934596,nan,0.0,nan,0.0,0
5,140,1548,0.08789772727272727,2560,1.6577985405921936,0.371875,0.885969591140747,0.8437141627073288,0.25546875,0.3535433173179626,0.5972566097974777,0.03137257695198059,0.05945967137813568,0.7431752115488053,0.8882388055324555,0.002269214391708463,0.16632988750934596,nan,0.0,nan,0.0,0
5,160,1568,0.0890340909090909,2560,1.708112609386444,0.360546875,0.8885289281606674,0.8403002589941024,0.242578125,0.36300266683101656,0.600296288728714,0.03137257695198059,0.060347326844930646,0.7457844823598861,0.885969591140747,-0.0025593370199203935,0.16632988750934596,nan,0.0,0.3125,0.37150770000880584,0
5,180,1588,0.09017045454545455,2560,1.7020572423934937,0.342578125,0.8866088360548019,0.8436818599700928,0.248046875,0.3470041200518608,0.5999164789915085,0.03137257695198059,0.05411901939660311,0.7328022181987762,0.8882388055324555,0.0016299694776535922,0.16632988750934596,nan,0.0,nan,0.0,0
5,200,1608,0.09130681818181818,2560,1.6881609082221984,0.36328125,0.8862571805715561,0.8445676386356353,0.2453125,0.3613779067993164,0.5969908565282822,0.03137257695198059,0.059175789915025236,0.7439304739236832,0.8866088360548019,0.000351655483245783,0.16632988750934596,nan,0.0,nan,0.0,0
5,220,1628,0.09244318181818183,2560,1.6533576190471648,0.376171875,0.872977340221405,0.8373657464981079,0.25546875,0.37054959386587144,0.5977974146604538,0.03137257695198059,0.05912793334573507,0.7434220671653747,0.8862571805715561,0.013279840350151062,0.16632988750934596,nan,0.0,nan,0.0,0
5,240,1648,0.09357954545454546,2560,1.6820183932781219,0.350390625,0.8759111672639847,0.8394517511129379,0.247265625,0.36632810086011885,0.5998417139053345,0.03137257695198059,0.05613092854619026,0.7396052926778793,0.8862571805715561,0.010346013307571456,0.16632988750934596,nan,0.0,nan,0.0,0
5,260,1668,0.09471590909090909,2560,1.6799561023712157,0.363671875,0.872281551361084,0.8362424373626709,0.252734375,0.37401033341884615,0.6014754146337509,0.03137257695198059,0.059033970721066,0.743235033750534,0.8862571805715561,0.01397562921047213,0.16632988750934596,nan,0.0,0.28125,0.37014579999959096,0
5,280,1688,0.09585227272727273,2560,1.6825414896011353,0.369140625,0.8773045718669892,0.8410078883171082,0.23828125,0.36511403471231463,0.5981225579977035,0.03137257695198059,0.05933128371834755,0.7441089004278183,0.8759111672639847,-0.0013934046030045222,0.16632988750934596,nan,0.0,nan,0.0,0
5,300,1708,0.09698863636363636,2560,1.6396555185317994,0.367578125,0.8755387485027313,0.8371935695409775,0.257421875,0.36557390838861464,0.6007906764745712,0.03137257695198059,0.05832654628902674,0.7416857659816742,0.8759111672639847,0.00037241876125337914,0.16632988750934596,nan,0.0,nan,0.0,0
5,320,1728,0.098125,2560,1.662796974182129,0.3546875,0.8725624769926071,0.8396810054779053,0.27109375,0.3772150382399559,0.5982770442962646,0.03137257695198059,0.05381316747516394,0.7332875192165375,0.8755387485027313,0.00297627151012414,0.16632988750934596,nan,0.0,nan,0.0,0
5,340,1748,0.09926136363636363,2560,1.6853980481624604,0.34921875,0.8784304231405258,0.8371875911951066,0.2671875,0.363901387155056,0.5948384791612625,0.03137257695198059,0.0594514386728406,0.74401096701622,0.8755387485027313,-0.0028916746377944946,0.16632988750934596,nan,0.0,nan,0.0,0
5,352,1760,0.0999431818181818,1480,1.6735732606939366,0.36283783783783785,0.8849500002087773,0.8464522761267584,0.24459459435295414,0.37708334536165805,0.5999223818650117,0.03137257695198059,0.06085778837268417,0.7456157014176652,0.8755387485027313,-0.009411251706046064,0.16632988750934596,nan,0.0,0.3125,0.3796137000026647,0
6,20,1780,0.10107954545454545,2560,1.6410639882087708,0.37421875,0.8717255800962448,0.8349650263786316,0.261328125,0.3643138274550438,0.5978154629468918,0.03137257695198059,0.05565401092171669,0.737154746055603,0.8773045718669892,0.00557899177074439,0.16632988750934596,nan,0.0,nan,0.0,0
6,40,1800,0.10221590909090908,2560,1.6632708370685578,0.35546875,0.8722181975841522,0.8382577449083328,0.283203125,0.38022381961345675,0.5987432062625885,0.03137257695198059,0.058110404573380944,0.7401426643133163,0.8755387485027313,0.0033205509185790794,0.16632988750934596,nan,0.0,nan,0.0,0
6,60,1820,0.10335227272727272,2560,1.6241136848926545,0.3875,0.8694934755563736,0.8388028591871262,0.237890625,0.3723035991191864,0.5980440944433212,0.03137257695198059,0.05779289044439793,0.7408521443605423,0.8725624769926071,0.003069001436233565,0.16632988750934596,nan,0.0,nan,0.0,0
6,80,1840,0.10448863636363635,2560,1.6221214413642884,0.370703125,0.8727543324232101,0.8369017452001571,0.264453125,0.36106994450092317,0.5944987177848816,0.03137257695198059,0.05525799375027418,0.7352820694446563,0.8722181975841522,-0.0005361348390579002,0.16632988750934596,nan,0.0,nan,0.0,0
6,100,1860,0.10562500000000001,2560,1.6328588485717774,0.38203125,0.8725870460271835,0.837208965420723,0.237890625,0.3720634803175926,0.5993356257677078,0.03137257695198059,0.054458620958030224,0.7343765825033188,0.8722181975841522,-0.00036884844303131104,0.16632988750934596,nan,0.0,0.2421875,0.37152630000491627,0
6,120,1880,0.10676136363636364,2560,1.6397435009479522,0.358984375,0.8718242615461349,0.8329219996929169,0.271484375,0.38766509741544725,0.5972695916891098,0.03137257695198059,0.0553240155801177,0.7366802781820297,0.8722181975841522,0.00039393603801729515,0.16632988750934596,nan,0.0,nan,0.0,0
6,140,1900,0.10789772727272727,2560,1.64564391374588,0.365625,0.857418903708458,0.8263276636600494,0.290234375,0.38834189921617507,0.5950229823589325,0.03137257695198059,0.054579904116690156,0.7343750178813935,0.8722181975841522,0.01479929387569423,0.16632988750934596,nan,0.0,nan,0.0,0
6,160,1920,0.10903409090909091,2560,1.6453143000602721,0.379296875,0.8713221788406372,0.8375246852636338,0.255078125,0.38284783959388735,0.6004746913909912,0.03137257695198059,0.05634728390723467,0.7382961928844451,0.8718242615461349,0.0005020827054976751,0.16632988750934596,nan,0.0,nan,0.0,0
6,180,1940,0.11017045454545454,2560,1.5978014647960663,0.3921875,0.8704317539930344,0.8354097008705139,0.270703125,0.3777248352766037,0.5930300623178482,0.03137257695198059,0.056179287284612654,0.7380078613758088,0.8718242615461349,0.0013925075531004971,0.16632988750934596,nan,0.0,nan,0.0,0
6,200,1960,0.11130681818181819,2560,1.650213611125946,0.3625,0.8651905000209809,0.8334573239088059,0.270703125,0.39111951291561126,0.5980660945177079,0.03137257695198059,0.054220447689294814,0.7336137503385544,0.8713221788406372,0.006131678819656372,0.16632988750934596,nan,0.0,0.2890625,0.3766079000197351,0
6,220,1980,0.11244318181818182,2560,1.6260813295841217,0.37890625,0.870972940325737,0.8397264093160629,0.26484375,0.3627042815089226,0.5995276272296906,0.03137257695198059,0.05251669641584158,0.7321146696805954,0.8704317539930344,-0.0005411863327026145,0.16632988750934596,nan,0.0,nan,0.0,0
6,240,2000,0.11357954545454545,2560,1.6320158243179321,0.370703125,0.864253607392311,0.8337845027446746,0.279296875,0.39773819744586947,0.5982977747917175,0.03137257695198059,0.05604217387735844,0.7391176849603653,0.8704317539930344,0.006178146600723355,0.16632988750934596,nan,0.0,nan,0.0,0
6,260,2020,0.11471590909090909,2560,1.6306753396987914,0.387890625,0.8697161912918091,0.8387493312358856,0.26953125,0.39138496220111846,0.5968231439590455,0.03137257695198059,0.05517356917262077,0.7363186269998551,0.8704317539930344,0.000715562701225303,0.16632988750934596,nan,0.0,nan,0.0,0
6,280,2040,0.11585227272727272,2560,1.5795921385288239,0.403125,0.8554922878742218,0.8275949090719223,0.259375,0.38709173202514646,0.5975636959075927,0.03137257695198059,0.05604452658444643,0.7380535334348679,0.8697161912918091,0.01422390341758728,0.16632988750934596,nan,0.0,nan,0.0,0
6,300,2060,0.11698863636363635,2560,1.6459895730018617,0.377734375,0.8611597061157227,0.8319319635629654,0.26015625,0.3957849770784378,0.5985089778900147,0.03137257695198059,0.05543458741158247,0.7362005561590195,0.8651905000209809,0.004030793905258179,0.16632988750934596,nan,0.0,0.3984375,0.37924560002284124,0
6,320,2080,0.118125,2560,1.617756849527359,0.3875,0.8640054315328598,0.8322373896837234,0.269140625,0.3805305942893028,0.5977565944194794,0.03137257695198059,0.05333578959107399,0.7338139832019805,0.864253607392311,0.00024817585945124954,0.16632988750934596,nan,0.0,nan,0.0,0
6,340,2100,0.11926136363636362,2560,1.6351614773273468,0.38203125,0.8587516963481903,0.8303478419780731,0.246484375,0.38302492052316667,0.5937469631433487,0.03137257695198059,0.056318501196801665,0.7378012031316757,0.8640054315328598,0.005253735184669539,0.16632988750934596,nan,0.0,nan,0.0,0
6,352,2112,0.11994318181818181,1480,1.614522798641308,0.3824324327546197,0.8606763388659503,0.8245583621231285,0.2743243247270584,0.3954048264671016,0.6042016515860686,0.03137257695198059,0.05144931941821768,0.7279896314079697,0.8611597061157227,0.00048336724977238177,0.16632988750934596,nan,0.0,nan,0.0,0
7,20,2132,0.12107954545454545,2560,1.594068670272827,0.391015625,0.8697717815637589,0.8346252650022506,0.2609375,0.3852470487356186,0.5985852748155593,0.03137257695198059,0.054613946191966536,0.7347150623798371,0.8606763388659503,-0.009095442697808598,0.16632988750934596,nan,0.0,nan,0.0,0
7,40,2152,0.1222159090909091,2560,1.5977442681789398,0.38359375,0.8665486663579941,0.8336849421262741,0.278125,0.378225240111351,0.597344359755516,0.03137257695198059,0.06130735017359257,0.7478318780660629,0.8611597061157227,-0.005388960242271423,0.16632988750934596,nan,0.0,0.3125,0.38503629999468103,0
7,60,2172,0.12335227272727273,2560,1.589104324579239,0.38203125,0.8502426862716674,0.8230232447385788,0.284765625,0.39369073659181597,0.5950096309185028,0.03137257695198059,0.054397234693169594,0.7350858509540558,0.8640054315328598,0.013762745261192366,0.16632988750934596,nan,0.0,nan,0.0,0
7,80,2192,0.12448863636363636,2560,1.611545491218567,0.38203125,0.8584187924861908,0.8319027155637742,0.27578125,0.39940668642520905,0.5972697138786316,0.03137257695198059,0.05509086288511753,0.7357756495475769,0.8606763388659503,0.002257546379759501,0.16632988750934596,nan,0.0,nan,0.0,0
7,100,2212,0.125625,2560,1.6420453548431397,0.36328125,0.8647988736629486,0.8341797053813934,0.275,0.4013145938515663,0.5971000909805297,0.03137257695198059,0.05846671182662248,0.7432643085718155,0.8606763388659503,-0.004122534796998312,0.16632988750934596,nan,0.0,nan,0.0,0
7,120,2232,0.12676136363636364,2560,1.5832747876644135,0.394140625,0.8541741579771042,0.8275304406881332,0.263671875,0.37955662310123445,0.5991854548454285,0.03137257695198059,0.05170370116829872,0.7291487365961075,0.8647988736629486,0.010624715685844444,0.16632988750934596,nan,0.0,nan,0.0,0
7,140,2252,0.12789772727272727,2560,1.5830949306488038,0.396875,0.8474285125732421,0.8209142237901688,0.269140625,0.40623898804187775,0.5961234003305436,0.03137257695198059,0.053910127654671666,0.7329998672008514,0.8584187924861908,0.010990279912948653,0.16632988750934596,nan,0.0,0.296875,0.3775376999983564,0
7,160,2272,0.1290340909090909,2560,1.5912009119987487,0.38515625,0.8601808935403824,0.8328599542379379,0.26796875,0.3713258937001228,0.5977733850479126,0.03137257695198059,0.0567946819588542,0.7395719289779663,0.8541741579771042,-0.006006735563278243,0.16632988750934596,nan,0.0,nan,0.0,0
7,180,2292,0.13017045454545453,2560,1.5593436896800994,0.3984375,0.8457862645387649,0.8229651361703872,0.289453125,0.39789520651102067,0.594823095202446,0.03137257695198059,0.05695509370416403,0.7399099975824356,0.8584187924861908,0.012632527947425864,0.16632988750934596,nan,0.0,nan,0.0,0
7,200,2312,0.13130681818181816,2560,1.578813225030899,0.4,0.8525052964687347,0.8284429103136063,0.279296875,0.4132454439997673,0.595117712020874,0.03137257695198059,0.05301239173859358,0.7329386711120606,0.8541741579771042,0.0016688615083694236,0.16632988750934596,nan,0.0,nan,0.0,0
7,220,2332,0.13244318181818182,2560,1.6198279559612274,0.389453125,0.8613160759210586,0.827768474817276,0.255078125,0.3857554689049721,0.5954312860965729,0.03137257695198059,0.05090226046741009,0.7276106864213944,0.8525052964687347,-0.008810779452323891,0.16632988750934596,nan,0.0,nan,0.0,0
7,240,2352,0.13357954545454545,2560,1.5613349854946137,0.399609375,0.8596678614616394,0.8283090144395828,0.255859375,0.37784846872091293,0.593210369348526,0.03137257695198059,0.05182106215506792,0.7299897819757462,0.8525052964687347,-0.007162564992904685,0.16632988750934596,nan,0.0,0.3515625,0.379003299982287,0
7,260,2372,0.13471590909090908,2560,1.5521333038806915,0.42109375,0.842096570134163,0.8197852045297622,0.24296875,0.39205881357192995,0.595877343416214,0.03137257695198059,0.05432634837925434,0.7330116748809814,0.8596678614616394,0.01757129132747648,0.16632988750934596,nan,0.0,nan,0.0,0
7,280,2392,0.1358522727272727,2560,1.56521418094635,0.395703125,0.8463597685098648,0.8266400903463363,0.28828125,0.3962755501270294,0.5910394221544266,0.03137257695198059,0.05157301519066095,0.7314204841852188,0.8525052964687347,0.006145527958869912,0.16632988750934596,nan,0.0,nan,0.0,0
7,300,2412,0.13698863636363634,2560,1.5532218039035797,0.42734375,0.8419143229722976,0.8221359461545944,0.2328125,0.39152921438217164,0.5957617580890655,0.03137257695198059,0.050496294349431994,0.7276724874973297,0.8525052964687347,0.010590973496437117,0.16632988750934596,nan,0.0,nan,0.0,0
7,320,2432,0.138125,2560,1.6005450665950776,0.383203125,0.8493847757577896,0.8207248896360397,0.278515625,0.3923622414469719,0.59282546043396,0.03137257695198059,0.05044965967535973,0.7283767849206925,0.8463597685098648,-0.0030250072479247603,0.16632988750934596,nan,0.0,nan,0.0,0
7,340,2452,0.13926136363636363,2560,1.5509852051734925,0.408203125,0.846657195687294,0.8203455746173859,0.266796875,0.3961922273039818,0.5915583521127701,0.03137257695198059,0.05261368602514267,0.7304430454969406,0.8463597685098648,-0.0002974271774291992,0.16632988750934596,nan,0.0,0.2890625,0.37904109997907653,0
7,352,2464,0.13994318181818183,1480,1.6052663757994368,0.39459459475568825,0.8401276772086684,0.822217702221226,0.2587837841865179,0.41549169147336806,0.5974149955285563,0.031372576770750255,0.05449184187360712,0.734760159737355,0.8463597685098648,0.006232091301196396,0.16632988750934596,nan,0.0,nan,0.0,0
8,20,2484,0.14107954545454546,2560,1.6115615248680115,0.3890625,0.8554475039243699,0.8230201959609985,0.2828125,0.3950033843517303,0.5995815455913543,0.03137257695198059,0.04785865023732185,0.7194872051477432,0.8463597685098648,-0.009087735414505027,0.16632988750934596,nan,0.0,nan,0.0,0
8,40,2504,0.1422159090909091,2560,1.5186530768871307,0.4265625,0.8389660239219665,0.827733626961708,0.258203125,0.3938577875494957,0.5968766719102859,0.03137257695198059,0.051798490434885026,0.7297257214784623,0.846657195687294,0.00769117176532752,0.16632988750934596,nan,0.0,nan,0.0,0
8,60,2524,0.14335227272727272,2560,1.5844394207000732,0.396484375,0.848831582069397,0.8245314508676529,0.267578125,0.4103934973478317,0.5922994166612625,0.03137257695198059,0.051906123757362366,0.7291500926017761,0.846657195687294,-0.0021743863821029885,0.16632988750934596,nan,0.0,nan,0.0,0
8,80,2544,0.14448863636363635,2560,1.549402552843094,0.414453125,0.8543611168861389,0.8248398035764695,0.246875,0.3938212007284164,0.597230926156044,0.03137257695198059,0.04817526526749134,0.724123141169548,0.846657195687294,-0.0077039211988448875,0.16632988750934596,nan,0.0,0.359375,0.37145790000795387,0
8,100,2564,0.145625,2560,1.6267239689826964,0.38203125,0.8521880298852921,0.8272959560155868,0.269140625,0.41832965463399885,0.592099404335022,0.03137257695198059,0.05121714659035206,0.7287668585777283,0.848831582069397,-0.0033564478158950584,0.16632988750934596,nan,0.0,nan,0.0,0
8,120,2584,0.14676136363636363,2560,1.5787154376506805,0.39921875,0.8454956173896789,0.8241381496191025,0.25,0.37687712758779524,0.5939645320177078,0.03137257695198059,0.04956166483461857,0.7246464908123016,0.8521880298852921,0.0066924124956131426,0.16632988750934596,nan,0.0,nan,0.0,0
8,140,2604,0.14789772727272726,2560,1.57087299823761,0.401171875,0.8445118695497513,0.8267385005950928,0.2734375,0.4083957985043526,0.5963279962539673,0.03137257695198059,0.048872587457299235,0.7245060205459595,0.848831582069397,0.004319712519645691,0.16632988750934596,nan,0.0,nan,0.0,0
8,160,2624,0.1490340909090909,2560,1.582140815258026,0.39140625,0.8429028540849686,0.8233563929796219,0.2828125,0.40867140591144563,0.5961420863866806,0.03137257695198059,0.05319865252822638,0.7330088496208191,0.848831582069397,0.00592872798442845,0.16632988750934596,nan,0.0,nan,0.0,0
8,180,2644,0.15017045454545455,2560,1.4834101378917695,0.4375,0.8358067572116852,0.8213451564311981,0.264453125,0.3899066984653473,0.5947181850671768,0.03137257695198059,0.05073062051087618,0.7281998604536056,0.8454956173896789,0.009688860177993752,0.16632988750934596,nan,0.0,0.375,0.3715621999872383,0
8,200,2664,0.15130681818181818,2560,1.5384607076644898,0.4,0.8384321361780167,0.8191840052604675,0.27890625,0.4031697899103165,0.5954748958349227,0.03137257695198059,0.05021420270204544,0.7261635482311248,0.8445118695497513,0.006079733371734619,0.16632988750934596,nan,0.0,nan,0.0,0
8,220,2684,0.1524431818181818,2560,1.5666988730430602,0.39140625,0.8511396497488022,0.8289542019367218,0.2765625,0.40972424298524857,0.597501003742218,0.03137257695198059,0.05097715649753809,0.7280459374189376,0.8429028540849686,-0.008236795663833618,0.16632988750934596,nan,0.0,nan,0.0,0
8,240,2704,0.15357954545454547,2560,1.5375692665576934,0.401953125,0.8258026868104935,0.8137434750795365,0.291796875,0.40679401010274885,0.587720000743866,0.03137257695198059,0.05124604981392622,0.7279203742742538,0.8429028540849686,0.017100167274475053,0.16632988750934596,nan,0.0,nan,0.0,0
8,260,2724,0.1547159090909091,2560,1.5869064271450042,0.387890625,0.8436829179525376,0.8235553920269012,0.287109375,0.4100118920207024,0.5936157464981079,0.03137257695198059,0.05313723497092724,0.7310244470834732,0.8384321361780167,-0.005250781774520874,0.16632988750934596,nan,0.0,nan,0.0,0
8,280,2744,0.15585227272727273,2560,1.5509941816329955,0.4125,0.8413261532783508,0.8205192774534226,0.27109375,0.40100948959589006,0.5945930719375611,0.03137257695198059,0.05311171784996986,0.7334353297948837,0.8384321361780167,-0.002894017100334101,0.16632988750934596,nan,0.0,0.3359375,0.3742642999859527,0
8,300,2764,0.15698863636363636,2560,1.5655472040176392,0.38984375,0.8333850204944611,0.8210048884153366,0.27578125,0.4042430236935616,0.5963160365819931,0.03137257695198059,0.049794813804328444,0.723312696814537,0.8413261532783508,0.007941132783889748,0.16632988750934596,nan,0.0,nan,0.0,0
8,320,2784,0.158125,2560,1.5643214523792266,0.41171875,0.8465103328227996,0.8225951045751572,0.252734375,0.3952674061059952,0.5935881465673447,0.03137257695198059,0.048119724914431575,0.7210993558168411,0.8413261532783508,-0.00518417954444883,0.16632988750934596,nan,0.0,nan,0.0,0
8,340,2804,0.15926136363636365,2560,1.5394239604473114,0.421875,0.8369230985641479,0.8220236629247666,0.257421875,0.38758697360754013,0.5913734585046768,0.03137257695198059,0.05074281431734562,0.7263882726430893,0.8413261532783508,0.004403054714202881,0.16632988750934596,nan,0.0,nan,0.0,0
8,352,2816,0.15994318181818182,1480,1.5245006342191953,0.40608108091998746,0.8290956332876875,0.8151948078258617,0.283108108591389,0.394281084311975,0.5916429326340958,0.03137257695198059,0.04884922127868678,0.7247335482288051,0.8413261532783508,0.012230519990663269,0.16632988750934596,nan,0.0,nan,0.0,0
9,20,2836,0.16107954545454548,2560,1.5030983090400696,0.426171875,0.8342465311288834,0.8142633020877839,0.278515625,0.4198561653494835,0.5928952783346176,0.03137257695198059,0.05049579925835133,0.7279421925544739,0.8369230985641479,0.002676567435264565,0.16632988750934596,nan,0.0,0.2890625,0.3704206999973394,0
9,40,2856,0.1622159090909091,2560,1.5539116978645324,0.39375,0.8283979803323746,0.8203749597072602,0.290234375,0.419178718328476,0.5938475489616394,0.03137257695198059,0.049918371997773645,0.7259127885103226,0.8342465311288834,0.005848550796508811,0.16632988750934596,nan,0.0,nan,0.0,0
9,60,2876,0.16335227272727273,2560,1.5452274262905121,0.40703125,0.8306143254041671,0.8173800379037857,0.291015625,0.40540464371442797,0.5897213220596313,0.03137257695198059,0.04942986126989126,0.725830289721489,0.8342465311288834,0.003632205724716231,0.16632988750934596,nan,0.0,nan,0.0,0
9,80,2896,0.16448863636363636,2560,1.4987344980239867,0.42890625,0.8345544904470443,0.8156419306993484,0.278125,0.39962551593780515,0.5921807765960694,0.03137257695198059,0.04520377498120069,0.716199192404747,0.8306143254041671,-0.003940165042877197,0.16632988750934596,nan,0.0,nan,0.0,0
9,100,2916,0.165625,2560,1.5358517110347747,0.40625,0.8249650090932846,0.8195863246917725,0.283203125,0.41665751338005064,0.5954671442508698,0.03137257695198059,0.04939012844115496,0.7262071192264556,0.8306143254041671,0.005649316310882502,0.16632988750934596,nan,0.0,nan,0.0,0
9,120,2936,0.16676136363636365,2560,1.5319924831390381,0.42265625,0.8287102013826371,0.818938210606575,0.26484375,0.4204162731766701,0.5907909572124481,0.03137257695198059,0.048798099532723425,0.7236331075429916,0.8306143254041671,0.0019041240215300625,0.16632988750934596,nan,0.0,0.3359375,0.3758335000020452,0
9,140,2956,0.16789772727272728,2560,1.5048516273498536,0.425,0.8191994905471802,0.8114741235971451,0.28671875,0.4135041832923889,0.5953032374382019,0.03137257695198059,0.05270332675427199,0.7308259606361389,0.8287102013826371,0.009510710835456848,0.16632988750934596,nan,0.0,nan,0.0,0
9,160,2976,0.1690340909090909,2560,1.5292219281196595,0.429296875,0.8277913480997086,0.8157716304063797,0.267578125,0.41420730352401736,0.5944460690021515,0.03137257695198059,0.05333969835191965,0.7340210556983948,0.8287102013826371,0.0009188532829285112,0.16632988750934596,nan,0.0,nan,0.0,0
9,180,2996,0.17017045454545454,2560,1.526435172557831,0.408203125,0.8378285765647888,0.8164943933486939,0.265625,0.4003021478652954,0.5894402980804443,0.03137257695198059,0.05113204661756754,0.7286945194005966,0.8277913480997086,-0.010037228465080261,0.16632988750934596,nan,0.0,nan,0.0,0
9,200,3016,0.17130681818181817,2560,1.5449605464935303,0.41171875,0.822400251030922,0.8168044000864029,0.2921875,0.41934081465005874,0.5890690058469772,0.03137257695198059,0.048477844707667826,0.7232099682092666,0.8277913480997086,0.005391097068786599,0.16632988750934596,nan,0.0,nan,0.0,0
9,220,3036,0.17244318181818183,2560,1.5289845705032348,0.40078125,0.8222574651241302,0.8171580225229264,0.292578125,0.4205458164215088,0.5908621668815612,0.03137257695198059,0.05120113138109446,0.7282057732343674,0.8277913480997086,0.00553388297557833,0.16632988750934596,nan,0.0,0.3828125,0.37112000002525747,0
9,240,3056,0.17357954545454546,2560,1.5410782635211944,0.423046875,0.8386536955833435,0.8187167078256607,0.271484375,0.4036384209990501,0.5885016292333602,0.03137257695198059,0.04902898892760277,0.725182980298996,0.822400251030922,-0.016253444552421503,0.16632988750934596,nan,0.0,nan,0.0,0
9,260,3076,0.1747159090909091,2560,1.5437894582748413,0.40625,0.8338758438825608,0.8175538629293442,0.28125,0.4100855618715286,0.594163915514946,0.03137257695198059,0.052624866366386414,0.7330900996923446,0.8277913480997086,-0.006084495782852195,0.16632988750934596,nan,0.0,nan,0.0,0
9,280,3096,0.17585227272727272,2560,1.5397062182426453,0.4078125,0.824840784072876,0.8142568141222,0.2921875,0.41610002517700195,0.5926705837249756,0.03137257695198059,0.051347154192626476,0.7303831547498703,0.8338758438825608,0.009035059809684776,0.16632988750934596,nan,0.0,nan,0.0,0
9,300,3116,0.17698863636363635,2560,1.5482729613780974,0.42109375,0.8294897019863129,0.8112042933702469,0.256640625,0.4144561067223549,0.5883804589509964,0.03137257695198059,0.04907288644462824,0.7251876533031464,0.824840784072876,-0.004648917913436912,0.16632988750934596,nan,0.0,nan,0.0,0
9,320,3136,0.178125,2560,1.5402562856674193,0.42109375,0.830724659562111,0.8165786951780319,0.268359375,0.40828817933797834,0.5946866542100906,0.03137257695198059,0.047292054258286954,0.7206843972206116,0.8294897019863129,-0.0012349575757980569,0.16632988750934596,nan,0.0,0.3671875,0.3701019999862183,0
9,340,3156,0.17926136363636364,2560,1.5365931212902069,0.415234375,0.8332348197698594,0.8224710017442703,0.271875,0.40063469409942626,0.5936156123876571,0.03137257695198059,0.048424956202507016,0.7212245613336563,0.830724659562111,-0.002510160207748413,0.16632988750934596,nan,0.0,nan,0.0,0
9,352,3168,0.17994318181818184,1480,1.5742744677775615,0.39459459427240734,0.8325206659935617,0.8184383540540128,0.2743243241632307,0.4156545448947597,0.587690936874699,0.031372576770750255,0.04925080129020923,0.7261656931928686,0.830724659562111,-0.0017960064314507251,0.16632988750934596,nan,0.0,nan,0.0,0
10,20,3188,0.18107954545454547,2560,1.5268627047538756,0.41953125,0.828326416015625,0.8144696772098541,0.280078125,0.40501516610383986,0.5929902613162994,0.03137257695198059,0.05034852549433708,0.7252669095993042,0.830724659562111,0.0023982435464859897,0.16632988750934596,nan,0.0,nan,0.0,0
10,40,3208,0.1822159090909091,2560,1.5546579837799073,0.409375,0.8287802934646606,0.819463112950325,0.2953125,0.41664969176054,0.5937050074338913,0.03137257695198059,0.05019575208425522,0.7286600321531296,0.830724659562111,0.0019443660974503008,0.16632988750934596,nan,0.0,nan,0.0,0
10,60,3228,0.18335227272727272,2560,1.5155808866024016,0.406640625,0.8289713054895401,0.8159987360239029,0.28671875,0.4138817206025124,0.58451107442379,0.03137257695198059,0.047340051271021366,0.7201527297496796,0.830724659562111,0.001753354072570823,0.16632988750934596,nan,0.0,0.34375,0.3636936999973841,0
10,80,3248,0.18448863636363635,2560,1.532359206676483,0.409765625,0.8233885526657104,0.8164852261543274,0.297265625,0.426610654592514,0.5889521420001984,0.03137257695198059,0.05027716718614102,0.7282523065805435,0.8289713054895401,0.005582752823829695,0.16632988750934596,nan,0.0,nan,0.0,0
10,100,3268,0.185625,2560,1.5432091772556304,0.419140625,0.805592006444931,0.8048333644866943,0.27109375,0.42600144296884535,0.5881523370742798,0.03137257695198059,0.05126556698232889,0.7300929516553879,0.8287802934646606,0.023188287019729636,0.16632988750934596,nan,0.0,nan,0.0,0
10,120,3288,0.18676136363636364,2560,1.4939803183078766,0.427734375,0.8262232482433319,0.8119264155626297,0.26953125,0.39956453889608384,0.5957056879997253,0.03137257695198059,0.04978937525302172,0.7263043850660325,0.828326416015625,0.002103167772293024,0.16632988750934596,nan,0.0,nan,0.0,0
10,140,3308,0.18789772727272727,2560,1.5448880970478058,0.406640625,0.8326820969581604,0.8173535853624344,0.2828125,0.42760272026062013,0.5874848902225495,0.03137257695198059,0.049849365465343,0.726675420999527,0.8262232482433319,-0.006458848714828491,0.16632988750934596,nan,0.0,nan,0.0,0
10,160,3328,0.1890340909090909,2560,1.5412274301052094,0.399609375,0.8288443803787231,0.8147833704948425,0.288671875,0.40817755162715913,0.5892303615808487,0.03137257695198059,0.045125268213450906,0.7156918793916702,0.8262232482433319,-0.0026211321353911687,0.16632988750934596,nan,0.0,0.3359375,0.36962789998506196,0
10,180,3348,0.19017045454545453,2560,1.5419040501117707,0.424609375,0.8252079218626023,0.81219382584095,0.268359375,0.41600885838270185,0.5899788081645966,0.03137257695198059,0.0477746082469821,0.7227142035961152,0.8262232482433319,0.001015326380729653,0.16632988750934596,nan,0.0,nan,0.0,0
10,200,3368,0.1913068181818182,2560,1.5049827814102172,0.430078125,0.8099037140607834,0.8120839655399322,0.269140625,0.422421295940876,0.5926249414682389,0.03137257695198059,0.05027544442564249,0.7258222252130508,0.8262232482433319,0.0163195341825485,0.16632988750934596,nan,0.0,nan,0.0,0
10,220,3388,0.19244318181818182,2560,1.5515351235866546,0.401953125,0.8363988727331162,0.8208791255950928,0.284765625,0.42136644572019577,0.5904964655637741,0.03137257695198059,0.0506370909512043,0.7272797167301178,0.8262232482433319,-0.010175624489784263,0.16632988750934596,nan,0.0,nan,0.0,0
10,240,3408,0.19357954545454545,2560,1.527367788553238,0.417578125,0.8196595013141632,0.8146551966667175,0.280078125,0.4061150074005127,0.5961485773324966,0.03137257695198059,0.04556748475879431,0.7182391375303269,0.8288443803787231,0.009184879064559892,0.16632988750934596,nan,0.0,nan,0.0,0
10,260,3428,0.19471590909090908,2560,1.54909690618515,0.40703125,0.833097231388092,0.8223884701728821,0.29296875,0.4173806458711624,0.5891835719347001,0.03137257695198059,0.04977300688624382,0.7285336047410965,0.8252079218626023,-0.007889309525489718,0.16632988750934596,nan,0.0,0.3828125,0.36849930000607856,0
10,280,3448,0.1958522727272727,2560,1.5119243144989014,0.41953125,0.8163113057613373,0.8120876491069794,0.269140625,0.4156812071800232,0.5916673213243484,0.03137257695198059,0.04460248704999685,0.7154130309820175,0.8252079218626023,0.00889661610126502,0.16632988750934596,nan,0.0,nan,0.0,0
10,300,3468,0.19698863636363637,2560,1.5714745044708252,0.387890625,0.8265345901250839,0.8103176265954971,0.282421875,0.403695048391819,0.5931226342916489,0.03137257695198059,0.04999514222145081,0.7263478904962539,0.8196595013141632,-0.006875088810920693,0.16632988750934596,nan,0.0,nan,0.0,0
10,320,3488,0.198125,2560,1.515153443813324,0.42578125,0.8188210666179657,0.8165996760129929,0.2640625,0.41294622272253034,0.5890630275011063,0.03137257695198059,0.04829609785228968,0.7231459498405457,0.8265345901250839,0.007713523507118181,0.16632988750934596,nan,0.0,nan,0.0,0
10,340,3508,0.19926136363636363,2560,1.5413736581802369,0.404296875,0.8242787629365921,0.8112046748399735,0.290234375,0.436621630191803,0.5956332087516785,0.03137257695198059,0.052264451049268246,0.7305855274200439,0.8196595013141632,-0.004619261622428872,0.16632988750934596,nan,0.0,nan,0.0,0
10,352,3520,0.19994318181818183,1480,1.6178355990229427,0.37905405357077315,0.8289254336743741,0.8152550739211005,0.29054054005725966,0.43755250025439907,0.5933360876263799,0.03137257695198059,0.050751520592618636,0.7284487202360823,0.8242787629365921,-0.0046466707377820216,0.16632988750934596,nan,0.0,0.3359375,0.3780471999780275,0
11,20,3540,0.20107954545454546,2560,1.513967078924179,0.422265625,0.8332387179136276,0.8236466944217682,0.28359375,0.39607858210802077,0.5896478146314621,0.03137257695198059,0.048610708117485045,0.722824290394783,0.8242787629365921,-0.0089599549770355,0.16632988750934596,nan,0.0,nan,0.0,0
11,40,3560,0.20221590909090909,2560,1.531367588043213,0.4015625,0.8169995784759522,0.8118353724479676,0.3,0.4423670768737793,0.5902187615633011,0.03137257695198059,0.050407894514501096,0.7263793021440506,0.8265345901250839,0.00953501164913173,0.16632988750934596,nan,0.0,nan,0.0,0
11,60,3580,0.20335227272727271,2560,1.5115614891052247,0.430859375,0.8214304715394973,0.8140262812376022,0.2625,0.4144165426492691,0.5926563411951065,0.03137257695198059,0.050512097962200644,0.729068985581398,0.8242787629365921,0.0028482913970947488,0.16632988750934596,nan,0.0,nan,0.0,0
11,80,3600,0.20448863636363637,2560,1.5374482929706574,0.405078125,0.8164054334163666,0.8126098841428757,0.2640625,0.41507461220026015,0.5889347285032273,0.03137257695198059,0.048490052483975886,0.7229258835315704,0.8242787629365921,0.007873329520225458,0.16632988750934596,nan,0.0,nan,0.0,0
11,100,3620,0.205625,2560,1.5646958768367767,0.38828125,0.8234251052141189,0.8155001521110534,0.28984375,0.40200673043727875,0.594102755188942,0.03137257695198059,0.04772276766598225,0.724538367986679,0.8214304715394973,-0.0019946336746216042,0.16632988750934596,nan,0.0,0.3671875,0.37488719998509623,0
11,120,3640,0.20676136363636363,2560,1.5273861050605775,0.42578125,0.82289417386055,0.8172729700803757,0.26328125,0.40542122572660444,0.5895298182964325,0.03137257695198059,0.04700345154851675,0.7205592900514602,0.8214304715394973,-0.00146370232105264,0.16632988750934596,nan,0.0,nan,0.0,0
11,140,3660,0.20789772727272726,2560,1.542217993736267,0.4109375,0.8263634026050568,0.8119312554597855,0.276171875,0.41838344782590864,0.5910517543554306,0.03137257695198059,0.048427929915487763,0.7250578612089157,0.8214304715394973,-0.004932931065559476,0.16632988750934596,nan,0.0,nan,0.0,0
11,160,3680,0.2090340909090909,2560,1.516179269552231,0.418359375,0.8138059854507447,0.8095741450786591,0.282421875,0.4088783964514732,0.5888931512832641,0.03137257695198059,0.04758494216948748,0.722190648317337,0.82289417386055,0.009088188409805298,0.16632988750934596,nan,0.0,nan,0.0,0
11,180,3700,0.21017045454545455,2560,1.4754804253578186,0.428515625,0.802217772603035,0.8047479212284088,0.2875,0.40787452310323713,0.586423259973526,0.03137257695198059,0.048659148067235945,0.7257215797901153,0.82289417386055,0.02067640125751502,0.16632988750934596,nan,0.0,nan,0.0,0
11,200,3720,0.21130681818181818,2560,1.5141516387462617,0.428515625,0.8030675441026688,0.8081840693950653,0.285546875,0.4328188240528107,0.592115169763565,0.03137257695198059,0.045159879326820376,0.7175535708665848,0.82289417386055,0.019826629757881187,0.16632988750934596,nan,0.0,0.3046875,0.37124409998068586,0
11,220,3740,0.2124431818181818,2560,1.5096792995929718,0.415234375,0.8080001771450043,0.8007499873638153,0.28984375,0.41523024141788484,0.5893469750881195,0.03137257695198059,0.04742467943578958,0.7188935160636902,0.8138059854507447,0.005805808305740401,0.16632988750934596,nan,0.0,nan,0.0,0
11,240,3760,0.21357954545454544,2560,1.5595359742641448,0.412890625,0.825633504986763,0.8105447351932525,0.2828125,0.42676732689142227,0.592895781993866,0.03137257695198059,0.04632707294076681,0.7176562458276748,0.8080001771450043,-0.01763332784175875,0.16632988750934596,nan,0.0,nan,0.0,0
11,260,3780,0.21471590909090907,2560,1.5316252708435059,0.419140625,0.8283427506685257,0.8172429591417313,0.258984375,0.4041061535477638,0.5947485744953156,0.03137257695198059,0.05082082487642765,0.729067188501358,0.8080001771450043,-0.020342573523521423,0.16632988750934596,nan,0.0,nan,0.0,0
11,280,3800,0.21585227272727273,2560,1.5460947930812836,0.413671875,0.818396857380867,0.813968551158905,0.2640625,0.40237039178609846,0.5869925379753113,0.03137257695198059,0.04760288652032614,0.7196895271539688,0.8080001771450043,-0.01039668023586271,0.16632988750934596,nan,0.0,nan,0.0,0
11,300,3820,0.21698863636363636,2560,1.5395581424236298,0.4078125,0.8042238652706146,0.8072863399982453,0.279296875,0.4160944581031799,0.5904612421989441,0.03137257695198059,0.046680590882897374,0.7191274583339691,0.818396857380867,0.014172992110252358,0.16632988750934596,nan,0.0,0.34375,0.37462519999826327,0
11,320,3840,0.21812499999999999,2560,1.5333468556404113,0.41171875,0.8078638225793838,0.8087927639484406,0.279296875,0.42693289518356325,0.5858226954936981,0.03137257695198059,0.04428268410265446,0.7148253113031388,0.818396857380867,0.010533034801483154,0.16632988750934596,nan,0.0,nan,0.0,0
11,340,3860,0.21926136363636362,2560,1.5196199715137482,0.416015625,0.8221584856510162,0.8150505274534225,0.287890625,0.4167030930519104,0.5937890529632568,0.03137257695198059,0.046250905655324456,0.7199392050504685,0.818396857380867,-0.003761628270149253,0.16632988750934596,nan,0.0,nan,0.0,0
11,352,3872,0.21994318181818182,1480,1.5789715534931905,0.3952702704313639,0.8206546748006666,0.8078930210422826,0.28310810875248266,0.42611440710119297,0.5931073340209755,0.03137257695198059,0.04387667565732389,0.7153101998406488,0.818396857380867,-0.0022578174197995793,0.16632988750934596,nan,0.0,nan,0.0,0
12,20,3892,0.22107954545454545,2560,1.5312267899513246,0.4046875,0.8218016266822815,0.8162044644355774,0.2875,0.4048122376203537,0.5930323511362076,0.03137257695198059,0.04742644615471363,0.7208822876214981,0.818396857380867,-0.003404769301414534,0.16632988750934596,nan,0.0,nan,0.0,0
12,40,3912,0.22221590909090908,2560,1.4875959157943726,0.428515625,0.8083596259355545,0.8152612239122391,0.27578125,0.4217692196369171,0.5932675898075104,0.03137257695198059,0.045955423079431054,0.7188764721155166,0.8206546748006666,0.012295048865112013,0.16632988750934596,nan,0.0,0.3671875,0.38404129998525605,0
12,60,3932,0.22335227272727273,2560,1.5214186489582062,0.4125,0.8141735792160034,0.8069852381944657,0.292578125,0.42884947508573534,0.5905792415142059,0.03137257695198059,0.04658091217279434,0.7211303740739823,0.8206546748006666,0.0064810955846631435,0.16632988750934596,nan,0.0,nan,0.0,0
12,80,3952,0.22448863636363636,2560,1.5084604561328887,0.42109375,0.8193314433097839,0.8148179590702057,0.285546875,0.42435492277145387,0.5943472772836685,0.03137257695198059,0.04609055109322071,0.7187246561050415,0.8206546748006666,0.0013232314908826481,0.16632988750934596,nan,0.0,nan,0.0,0
12,100,3972,0.225625,2560,1.5261959731578827,0.405859375,0.8107576966285706,0.8086344540119171,0.299609375,0.4266342490911484,0.5916533380746841,0.03137257695198059,0.046454918757081035,0.7198279887437821,0.8193314433097839,0.008573746681213357,0.16632988750934596,nan,0.0,nan,0.0,0
12,120,3992,0.22676136363636362,2560,1.5380771577358245,0.4265625,0.8040258765220643,0.8030427485704422,0.2703125,0.4112053126096725,0.5900543391704559,0.03137257695198059,0.04675331823527813,0.7186419099569321,0.8141735792160034,0.010147702693939165,0.16632988750934596,nan,0.0,nan,0.0,0
12,140,4012,0.22789772727272725,2560,1.555287617444992,0.413671875,0.8315991759300232,0.8252851068973541,0.274609375,0.42903681844472885,0.5941374748945236,0.03137257695198059,0.04867164753377438,0.722563722729683,0.8107576966285706,-0.020841479301452637,0.16632988750934596,nan,0.0,0.3359375,0.37143999998806976,0
12,160,4032,0.22903409090909088,2560,1.5492795288562775,0.40703125,0.820287224650383,0.817279326915741,0.272265625,0.4074152663350105,0.5930556178092956,0.03137257695198059,0.04847520943731069,0.725015276670456,0.8141735792160034,-0.006113645434379533,0.16632988750934596,nan,0.0,nan,0.0,0
12,180,4052,0.23017045454545454,2560,1.5206567406654359,0.41875,0.8187695950269699,0.811773955821991,0.28046875,0.42043951004743574,0.5902184963226318,0.03137257695198059,0.0497458191588521,0.7283782929182052,0.8193314433097839,0.0005618482828140259,0.16632988750934596,nan,0.0,nan,0.0,0
12,200,4072,0.23130681818181817,2560,1.540244209766388,0.40390625,0.8054035186767579,0.809518450498581,0.281640625,0.42727848291397097,0.5889863520860672,0.03137257695198059,0.05028023738414049,0.728994619846344,0.8187695950269699,0.01336607635021203,0.16632988750934596,nan,0.0,nan,0.0,0
12,220,4092,0.2324431818181818,2560,1.5495883107185364,0.4125,0.8235198944807053,0.8143589168787002,0.263671875,0.4064185991883278,0.5960661739110946,0.03137257695198059,0.04945310708135366,0.7267644047737122,0.8187695950269699,-0.004750299453735396,0.16632988750934596,nan,0.0,nan,0.0,0
12,240,4112,0.23357954545454543,2560,1.5729157686233521,0.39921875,0.8056089878082275,0.805510863661766,0.26171875,0.40979607999324796,0.5859679132699966,0.03137257695198059,0.04602919407188892,0.7200673252344132,0.820287224650383,0.014678236842155412,0.16632988750934596,nan,0.0,0.3046875,0.37059940001927316,0
12,260,4132,0.23471590909090906,2560,1.5337121665477753,0.41484375,0.8178151369094848,0.8086994379758835,0.284375,0.39647361636161804,0.5916809231042862,0.03137257695198059,0.047891886159777644,0.7239168912172318,0.8187695950269699,0.0009544581174850686,0.16632988750934596,nan,0.0,nan,0.0,0
12,280,4152,0.23585227272727272,2560,1.5432468593120574,0.401953125,0.8132686108350754,0.811221468448639,0.27734375,0.41384117752313615,0.5961867243051528,0.03137257695198059,0.04524407237768173,0.7160725116729736,0.8178151369094848,0.004546526074409418,0.16632988750934596,nan,0.0,nan,0.0,0
12,300,4172,0.23698863636363635,2560,1.543505609035492,0.416796875,0.8305748790502548,0.8159903347492218,0.27421875,0.41605938971042633,0.59695003926754,0.03137257695198059,0.04631805904209614,0.719383779168129,0.8132686108350754,-0.017306268215179443,0.16632988750934596,nan,0.0,nan,0.0,0
12,320,4192,0.23812499999999998,2560,1.5715857088565826,0.40625,0.8215167641639709,0.8110417932271957,0.26953125,0.4157722681760788,0.5932483851909638,0.03137257695198059,0.04690743461251259,0.721658131480217,0.8178151369094848,-0.003701627254486084,0.16632988750934596,nan,0.0,nan,0.0,0
12,340,4212,0.2392613636363636,2560,1.5469478964805603,0.417578125,0.8293764263391494,0.8147162288427353,0.2609375,0.41114183366298673,0.5856838464736939,0.03137257695198059,0.05329648554325104,0.7339504420757293,0.8178151369094848,-0.011561289429664612,0.16632988750934596,nan,0.0,0.375,0.37300960000720806,0
12,352,4224,0.2399431818181818,1480,1.5406529194599874,0.41486486454267757,0.8144819166209246,0.8147509533005792,0.268918919321653,0.4218645537221754,0.5896299810022921,0.03137257695198059,0.051854735673279376,0.7308291564116607,0.8215167641639709,0.007034847543046285,0.16632988750934596,nan,0.0,nan,0.0,0
13,20,4244,0.24107954545454544,2560,1.5211553156375885,0.430859375,0.814598274230957,0.8107338219881057,0.262890625,0.42573677003383636,0.5942004084587097,0.03137257695198059,0.04729745704680681,0.7219146877527237,0.8215167641639709,0.006918489933013916,0.16632988750934596,nan,0.0,nan,0.0,0
13,40,4264,0.24221590909090907,2560,1.5712827265262603,0.399609375,0.8179618149995804,0.8164857417345047,0.2796875,0.43396130204200745,0.5938844203948974,0.03137257695198059,0.05035296343266964,0.7275657325983047,0.8215167641639709,0.003554949164390475,0.16632988750934596,nan,0.0,nan,0.0,0
13,60,4284,0.24335227272727272,2560,1.5347190737724303,0.414453125,0.8295083999633789,0.8177269190549851,0.274609375,0.41154813170433047,0.5961085230112075,0.03137257695198059,0.04803908821195364,0.723014959692955,0.8179618149995804,-0.011546584963798456,0.16632988750934596,nan,0.0,nan,0.0,0
13,80,4304,0.24448863636363635,2560,1.508810156583786,0.4265625,0.8171694874763489,0.811056786775589,0.276171875,0.41625780463218687,0.5940913081169128,0.03137257695198059,0.04806272238492966,0.7232800453901291,0.8179618149995804,0.0007923275232315508,0.16632988750934596,nan,0.0,0.3125,0.3777010000194423,0
13,100,4324,0.24562499999999998,2560,1.5411575973033904,0.4203125,0.8241055428981781,0.8158196985721589,0.268359375,0.41684968024492264,0.5938100427389145,0.03137257695198059,0.04666981734335422,0.7185403674840927,0.8171694874763489,-0.006936055421829179,0.16632988750934596,nan,0.0,nan,0.0,0
13,120,4344,0.2467613636363636,2560,1.5083180844783783,0.4296875,0.8059108436107636,0.8071134179830551,0.252734375,0.41005170792341233,0.590202996134758,0.03137257695198059,0.05008426811546087,0.7242124378681183,0.8179618149995804,0.012050971388816833,0.16632988750934596,nan,0.0,nan,0.0,0
13,140,4364,0.24789772727272724,2560,1.5229459941387176,0.424609375,0.8204858601093292,0.8135017663240433,0.27421875,0.4160486474633217,0.5950501918792724,0.03137257695198059,0.04689379949122667,0.7212978214025497,0.8179618149995804,-0.002524045109748796,0.16632988750934596,nan,0.0,nan,0.0,0
13,160,4384,0.2490340909090909,2560,1.5405995666980743,0.407421875,0.8198015451431274,0.8155458003282547,0.2859375,0.4140959680080414,0.5941185146570206,0.03137257695198059,0.04460813943296671,0.7165109515190125,0.8204858601093292,0.0006843149662018044,0.16632988750934596,nan,0.0,nan,0.0,0
13,180,4404,0.2501704545454545,2560,1.5608969032764435,0.411328125,0.8196748524904252,0.8127495050430298,0.264453125,0.4093014046549797,0.5952158778905868,0.03137257695198059,0.04630025066435337,0.7192866086959839,0.8198015451431274,0.00012669265270226493,0.16632988750934596,nan,0.0,0.3984375,0.36641690001124516,0
13,200,4424,0.25130681818181816,2560,1.5292187929153442,0.4171875,0.8103419601917267,0.8075988948345184,0.27578125,0.40997902005910875,0.5944575130939483,0.03137257695198059,0.044190906547009946,0.7152491509914398,0.8198015451431274,0.009459584951400757,0.16632988750934596,nan,0.0,nan,0.0,0
13,220,4444,0.2524431818181818,2560,1.544465571641922,0.402734375,0.8194511860609055,0.8159872919321061,0.271484375,0.41634036153554915,0.5891374170780181,0.03137257695198059,0.05067282412201166,0.7301578313112259,0.8196748524904252,0.00022366642951965332,0.16632988750934596,nan,0.0,nan,0.0,0
13,240,4464,0.2535795454545454,2560,1.5291769921779632,0.416796875,0.8153173267841339,0.8120927393436432,0.27890625,0.42005632519721986,0.5909510463476181,0.03137257695198059,0.04101891480386257,0.7070995301008225,0.8196748524904252,0.004357525706291221,0.16632988750934596,nan,0.0,nan,0.0,0
13,260,4484,0.2547159090909091,2560,1.5526628196239471,0.400390625,0.8106624931097031,0.8106080532073975,0.287890625,0.4262522757053375,0.596428319811821,0.03137257695198059,0.045793989300727846,0.7194393008947373,0.8194511860609055,0.008788692951202437,0.16632988750934596,nan,0.0,nan,0.0,0
13,280,4504,0.2558522727272727,2560,1.5802904903888702,0.4,0.8286387622356415,0.8189598262310028,0.283203125,0.402866305410862,0.589364516735077,0.03137257695198059,0.043246558681130406,0.7137232720851898,0.8153173267841339,-0.013321435451507546,0.16632988750934596,nan,0.0,0.3828125,0.3717434999998659,0
13,300,4524,0.2569886363636364,2560,1.5281094193458558,0.42109375,0.8126568138599396,0.8077085047960282,0.276953125,0.4108475029468536,0.5971107721328736,0.03137257695198059,0.04650691412389278,0.7193668246269226,0.8153173267841339,0.002660512924194336,0.16632988750934596,nan,0.0,nan,0.0,0
13,320,4544,0.258125,2560,1.5398051857948303,0.415625,0.8250483930110931,0.8133790493011475,0.264453125,0.4135145530104637,0.5935056209564209,0.03137257695198059,0.045901494659483434,0.7193379580974579,0.8153173267841339,-0.009731066226959184,0.16632988750934596,nan,0.0,nan,0.0,0
13,340,4564,0.25926136363636365,2560,1.5416770815849303,0.412890625,0.8177177786827088,0.8122112452983856,0.270703125,0.4179667294025421,0.5921199917793274,0.03137257695198059,0.05045158229768276,0.7290275931358338,0.8153173267841339,-0.0024004518985748513,0.16632988750934596,nan,0.0,nan,0.0,0
13,352,4576,0.2599431818181818,1480,1.5613990906122568,0.41689189205298555,0.8208421310862979,0.8133888247850779,0.2878378379989315,0.42274303887341474,0.5955445769670847,0.03137257695198059,0.04900940241845878,0.7267733229173197,0.8177177786827088,-0.0031243524035891035,0.16632988750934596,nan,0.0,nan,0.0,0
14,20,4596,0.2610795454545454,2560,1.532099962234497,0.41796875,0.8118279308080674,0.8126913934946061,0.278125,0.4010298058390617,0.5922594904899597,0.03137257695198059,0.045885455794632435,0.7190171301364898,0.8208421310862979,0.009014200278230522,0.16632988750934596,nan,0.0,0.3046875,0.37217790001886897,0
14,40,4616,0.2622159090909091,2560,1.5721180200576783,0.40078125,0.8032687544822693,0.8135298579931259,0.265234375,0.43028008192777634,0.5945605158805847,0.03137257695198059,0.043881742656230925,0.71449975669384,0.8177177786827088,0.014449024200439475,0.16632988750934596,nan,0.0,nan,0.0,0
14,60,4636,0.2633522727272727,2560,1.5578904926776886,0.39765625,0.8063574969768524,0.8091138362884521,0.28671875,0.4162773430347443,0.5920735865831375,0.03137257695198059,0.047562577202916144,0.7226966023445129,0.8177177786827088,0.011360281705856345,0.16632988750934596,nan,0.0,nan,0.0,0
14,80,4656,0.26448863636363634,2560,1.5132025182247162,0.42265625,0.8117399364709854,0.8101154506206513,0.278515625,0.4241184160113335,0.5900083065032959,0.03137257695198059,0.04450324103236199,0.7141614019870758,0.8118279308080674,8.799433708195359e-05,0.16632988750934596,nan,0.0,nan,0.0,0
14,100,4676,0.265625,2560,1.5608793318271637,0.406640625,0.813884636759758,0.8126635372638702,0.29609375,0.43184815943241117,0.5965100824832916,0.03137257695198059,0.05009291656315327,0.7294609099626541,0.8117399364709854,-0.002144700288772561,0.16632988750934596,nan,0.0,nan,0.0,0
14,120,4696,0.2667613636363636,2560,1.5317008912563324,0.409375,0.8205668270587921,0.8084760189056397,0.2765625,0.403577122092247,0.5893664270639419,0.03137257695198059,0.04414163362234831,0.715595868229866,0.8117399364709854,-0.008826890587806724,0.16632988750934596,nan,0.0,0.375,0.368008200020995,0
14,140,4716,0.26789772727272726,2560,1.520771563053131,0.42265625,0.8082231372594834,0.8046374171972275,0.25703125,0.412933324277401,0.5920830011367798,0.03137257695198059,0.0480658546090126,0.7223940461874008,0.8117399364709854,0.003516799211502053,0.16632988750934596,nan,0.0,nan,0.0,0
14,160,4736,0.26903409090909086,2560,1.5457793712615966,0.409375,0.806841042637825,0.81248819231987,0.28203125,0.41353757679462433,0.5892985224723816,0.03137257695198059,0.04499920662492514,0.7149065196514129,0.8117399364709854,0.004898893833160445,0.16632988750934596,nan,0.0,nan,0.0,0
14,180,4756,0.2701704545454545,2560,1.542333221435547,0.400390625,0.8183332532644272,0.8120809137821198,0.289453125,0.41957130581140517,0.5968546748161316,0.03137257695198059,0.04537958540022373,0.7165985852479935,0.8117399364709854,-0.0065933167934417725,0.16632988750934596,nan,0.0,nan,0.0,0
14,200,4776,0.2713068181818182,2560,1.5405094027519226,0.41640625,0.8266649931669235,0.813150042295456,0.269140625,0.40762637108564376,0.5952020198106766,0.03137257695198059,0.041320708207786085,0.7070083171129227,0.813884636759758,-0.012780356407165572,0.16632988750934596,nan,0.0,nan,0.0,0
14,220,4796,0.27244318181818183,2560,1.5253622949123382,0.401171875,0.8038697302341461,0.8021436303853988,0.277734375,0.42430843859910966,0.5952048152685165,0.03137257695198059,0.04666325561702252,0.7187046110630035,0.8183332532644272,0.014463523030281089,0.16632988750934596,nan,0.0,0.3359375,0.3679019999981392,0
14,240,4816,0.27357954545454544,2560,1.5385209918022156,0.40859375,0.8163823097944259,0.8129356563091278,0.27421875,0.404726941883564,0.5944604426622391,0.03137257695198059,0.04369914513081312,0.7130203992128372,0.8082231372594834,-0.008159172534942583,0.16632988750934596,nan,0.0,nan,0.0,0
14,260,4836,0.2747159090909091,2560,1.5902387201786041,0.397265625,0.815206179022789,0.8135919123888016,0.276953125,0.41413104683160784,0.59289590716362,0.03137257695198059,0.047685953043401244,0.7212635636329651,0.8163823097944259,0.0011761307716369185,0.16632988750934596,nan,0.0,nan,0.0,0
14,280,4856,0.27585227272727275,2560,1.56780606508255,0.40546875,0.8125577419996262,0.8141884058713913,0.258203125,0.3967112973332405,0.5870437800884247,0.03137257695198059,0.04231364596635103,0.7104140222072601,0.8163823097944259,0.0038245677947997825,0.16632988750934596,nan,0.0,nan,0.0,0
14,300,4876,0.27698863636363635,2560,1.527721118927002,0.42109375,0.7907208919525146,0.8028679102659225,0.271484375,0.41468673944473267,0.5927612572908402,0.03137257695198059,0.04317561648786068,0.7128540962934494,0.815206179022789,0.02448528707027442,0.16632988750934596,nan,0.0,nan,0.0,0
14,320,4896,0.278125,2560,1.5638537168502809,0.403515625,0.8177870452404022,0.8109564661979676,0.276953125,0.4170267105102539,0.5934623926877975,0.03137257695198059,0.048127328418195246,0.7214986622333527,0.8125577419996262,-0.005229303240776084,0.16632988750934596,nan,0.0,0.28125,0.3725510999793187,0
14,340,4916,0.2792613636363636,2560,1.5704352498054504,0.39921875,0.810612952709198,0.8064431726932526,0.275,0.4140320271253586,0.5870868891477585,0.03137257695198059,0.04610043056309223,0.7202657550573349,0.815206179022789,0.004593226313591048,0.16632988750934596,nan,0.0,nan,0.0,0
14,352,4928,0.2799431818181818,1480,1.548662932499035,0.41013513465185425,0.8134856691231599,0.8178898112193959,0.26756756805084847,0.39265563326912956,0.5941283258231911,0.031372576770750255,0.03950428249868187,0.7034014753393225,0.8125577419996262,-0.0009279271235337339,0.16632988750934596,nan,0.0,nan,0.0,0
15,20,4948,0.28107954545454544,2560,1.5339628756046295,0.41328125,0.8036705464124679,0.8067152827978135,0.2828125,0.41865750551223757,0.5913630336523056,0.03137257695198059,0.043549819663167,0.7123417586088181,0.8125577419996262,0.008887195587158225,0.16632988750934596,nan,0.0,nan,0.0,0
15,40,4968,0.28221590909090905,2560,1.527353250980377,0.424609375,0.8137158155441284,0.8119730889797211,0.25859375,0.4119094282388687,0.5974215358495713,0.03137257695198059,0.0475092826411128,0.7229943603277207,0.810612952709198,-0.003102862834930442,0.16632988750934596,nan,0.0,nan,0.0,0
15,60,4988,0.2833522727272727,2560,1.5357946276664733,0.408203125,0.7985482901334763,0.8036934018135071,0.275,0.42803673446178436,0.5886732935905457,0.03137257695198059,0.046733344160020354,0.7206711679697037,0.8134856691231599,0.014937378989683614,0.16632988750934596,nan,0.0,0.3203125,0.3617106000019703,0
15,80,5008,0.28448863636363636,2560,1.5259977340698243,0.41796875,0.8096271067857742,0.8138076961040497,0.283984375,0.416811341047287,0.5963529109954834,0.03137257695198059,0.04232099540531635,0.7095282554626465,0.810612952709198,0.000985845923423767,0.16632988750934596,nan,0.0,nan,0.0,0
15,100,5028,0.28562499999999996,2560,1.540847223997116,0.4296875,0.8032042145729065,0.8059751063585281,0.267578125,0.42461230158805846,0.5943891108036041,0.03137257695198059,0.0440061854198575,0.7135194271802903,0.8096271067857742,0.006422892212867737,0.16632988750934596,nan,0.0,nan,0.0,0
15,120,5048,0.2867613636363636,2560,1.560370773077011,0.398046875,0.8081856727600097,0.8102360010147095,0.288671875,0.4176551207900047,0.5867627650499344,0.03137257695198059,0.042252523638308045,0.7099281400442123,0.8036705464124679,-0.004515126347541809,0.16632988750934596,nan,0.0,nan,0.0,0
15,140,5068,0.2878977272727273,2560,1.5526131212711334,0.40625,0.8130371034145355,0.8121138423681259,0.280078125,0.4181374341249466,0.5952361047267913,0.03137257695198059,0.04568195585161448,0.717588284611702,0.8081856727600097,-0.004851430654525757,0.16632988750934596,nan,0.0,nan,0.0,0
15,160,5088,0.28903409090909093,2560,1.5863543450832367,0.39609375,0.8117136418819427,0.8110392421483994,0.280078125,0.43677313178777694,0.5869192957878113,0.03137257695198059,0.046782781928777696,0.7205287635326385,0.8081856727600097,-0.0035279691219329834,0.16632988750934596,nan,0.0,0.3046875,0.3691575999837369,0
15,180,5108,0.29017045454545454,2560,1.5743598103523255,0.394140625,0.8289218187332154,0.8171109795570374,0.27890625,0.3989490821957588,0.5957471340894699,0.03137257695198059,0.04460378848016262,0.7184774458408356,0.8096271067857742,-0.019294711947441145,0.16632988750934596,nan,0.0,nan,0.0,0
15,200,5128,0.2913068181818182,2560,1.547906506061554,0.41484375,0.8059548288583755,0.8065672755241394,0.265234375,0.4188370406627655,0.588422292470932,0.03137257695198059,0.055012633465230464,0.7366753727197647,0.8117136418819427,0.0057588130235671775,0.16632988750934596,nan,0.0,nan,0.0,0
15,220,5148,0.2924431818181818,2560,1.5582496285438538,0.394140625,0.8220053315162659,0.8128260523080826,0.2875,0.41009749919176103,0.5925626277923584,0.03137257695198059,0.04936203584074974,0.7264300554990768,0.8117136418819427,-0.010291689634323142,0.16632988750934596,nan,0.0,nan,0.0,0
15,240,5168,0.29357954545454545,2560,1.5007885694503784,0.43046875,0.7993829637765885,0.8084677577018737,0.27421875,0.42806559801101685,0.5973507165908813,0.03137257695198059,0.04629982374608517,0.720066300034523,0.8130371034145355,0.013654139637947038,0.16632988750934596,nan,0.0,nan,0.0,0
15,260,5188,0.2947159090909091,2560,1.5676289439201354,0.397265625,0.8174822896718978,0.8142996668815613,0.279296875,0.4176189944148064,0.5947186976671219,0.03137257695198059,0.04507732708007097,0.7180091351270675,0.8117136418819427,-0.005768647789955117,0.16632988750934596,nan,0.0,0.2890625,0.36914660001639277,0
15,280,5208,0.2958522727272727,2560,1.584347629547119,0.401953125,0.8172971904277802,0.8153801172971725,0.25703125,0.4096093326807022,0.597225084900856,0.03137257695198059,0.046453851647675036,0.7202222168445587,0.8174822896718978,0.0001850992441176924,0.16632988750934596,nan,0.0,nan,0.0,0
15,300,5228,0.29698863636363637,2560,1.5136491417884828,0.412109375,0.8012290596961975,0.8078655421733856,0.280078125,0.41505923718214033,0.5996982723474502,0.03137257695198059,0.0448819238692522,0.7144367009401321,0.8172971904277802,0.01606813073158264,0.16632988750934596,nan,0.0,nan,0.0,0
15,320,5248,0.298125,2560,1.5640004098415374,0.397265625,0.8186854124069214,0.8114900141954422,0.28828125,0.43371152877807617,0.5897275447845459,0.03137257695198059,0.04688157737255096,0.7222073137760162,0.8172971904277802,-0.0013882219791412354,0.16632988750934596,nan,0.0,nan,0.0,0
15,340,5268,0.29926136363636363,2560,1.5762626647949218,0.405078125,0.830068764090538,0.8145946770906448,0.276171875,0.40550855100154876,0.5920336604118347,0.03137257695198059,0.04457556679844856,0.7145571202039719,0.8172971904277802,-0.012771573662757829,0.16632988750934596,nan,0.0,nan,0.0,0
15,352,5280,0.2999431818181818,1480,1.5943285458796732,0.3871621620010685,0.8155969494097942,0.8112414910986617,0.286486487130861,0.4178399263201533,0.5933264000995739,0.03137257695198059,0.04483593486853548,0.717567067532926,0.8174822896718978,0.0018853402621036297,0.16632988750934596,nan,0.0,0.3046875,0.3784440000017639,0
16,20,5300,0.2989204545454545,2560,1.5791398763656617,0.388671875,0.8054928988218307,0.8086069971323013,0.282421875,0.4059489965438843,0.5871778100728988,0.03137257695198059,0.04761666152626276,0.7242168217897416,0.8172971904277802,0.011804291605949424,0.16632988750934596,nan,0.0,nan,0.0,0
16,40,5320,0.2977840909090909,2560,1.5759112656116485,0.403125,0.809786856174469,0.8101248651742935,0.2796875,0.43063032925128936,0.5991218715906144,0.03137257695198059,0.04500861614942551,0.7191431492567062,0.8155969494097942,0.00581009323532522,0.16632988750934596,nan,0.0,nan,0.0,0
16,60,5340,0.29664772727272726,2560,1.4993947863578796,0.4234375,0.8162597775459289,0.8101514369249344,0.278125,0.4041413187980652,0.5920971125364304,0.03137257695198059,0.04739814605563879,0.7225474268198013,0.8155969494097942,-0.0006628281361347188,0.16632988750934596,nan,0.0,nan,0.0,0
16,80,5360,0.29551136363636366,2560,1.5473665177822113,0.4125,0.8092566937208175,0.8104811608791351,0.285546875,0.43010708689689636,0.5963894128799438,0.03137257695198059,0.044424346275627614,0.7157335132360458,0.8155969494097942,0.00634025568897667,0.16632988750934596,nan,0.0,nan,0.0,0
16,100,5380,0.294375,2560,1.5432320535182953,0.41796875,0.8135450273752213,0.8105752557516098,0.272265625,0.4057996228337288,0.58987797498703,0.03137257695198059,0.04868739061057568,0.7240779995918274,0.809786856174469,-0.0037581712007522805,0.16632988750934596,nan,0.0,0.3203125,0.3721542999846861,0
16,120,5400,0.2932386363636364,2560,1.5501317381858826,0.400390625,0.7953916639089584,0.8079209834337234,0.286328125,0.4216045901179314,0.5953080624341964,0.03137257695198059,0.04681167285889387,0.7207126528024673,0.809786856174469,0.014395192265510559,0.16632988750934596,nan,0.0,nan,0.0,0
16,140,5420,0.2921022727272727,2560,1.5395224511623382,0.4015625,0.817614272236824,0.8149800807237625,0.2890625,0.43809169679880144,0.594055449962616,0.03137257695198059,0.04548336304724217,0.7169648319482803,0.809786856174469,-0.007827416062355042,0.16632988750934596,nan,0.0,nan,0.0,0
16,160,5440,0.2909659090909091,2560,1.5648358523845673,0.404296875,0.8104533046483994,0.8111393123865127,0.275390625,0.4105365201830864,0.5961466729640961,0.03137257695198059,0.04576872270554304,0.7178490847349167,0.8135450273752213,0.0030917227268218994,0.16632988750934596,nan,0.0,nan,0.0,0
16,180,5460,0.2898295454545454,2560,1.561973637342453,0.405859375,0.7923899620771409,0.8012971520423889,0.280859375,0.4229921728372574,0.5919887691736221,0.03137257695198059,0.04848724287003279,0.7237980902194977,0.8104533046483994,0.018063342571258523,0.16632988750934596,nan,0.0,nan,0.0,0
16,200,5480,0.2886931818181818,2560,1.5594668626785277,0.3984375,0.8075939953327179,0.8060591578483581,0.280859375,0.4242003172636032,0.5885078608989716,0.03137257695198059,0.045986729115247725,0.7197537243366241,0.8104533046483994,0.0028593093156814575,0.16632988750934596,nan,0.0,0.375,0.373444600001676,0
16,220,5500,0.28755681818181816,2560,1.5258979678153992,0.42421875,0.8129647940397262,0.8145108729600906,0.28515625,0.4251760274171829,0.5960448145866394,0.03137257695198059,0.04421384055167436,0.7136727958917618,0.8075939953327179,-0.005370798707008295,0.16632988750934596,nan,0.0,nan,0.0,0
16,240,5520,0.28642045454545456,2560,1.5573814868927003,0.408984375,0.8242989659309388,0.8152809351682663,0.28203125,0.42729951441287994,0.5905194789171219,0.03137257695198059,0.04921219702810049,0.724536058306694,0.8104533046483994,-0.01384566128253939,0.16632988750934596,nan,0.0,nan,0.0,0
16,260,5540,0.2852840909090909,2560,1.5513320684432983,0.405078125,0.8172829300165176,0.8101570338010788,0.278125,0.4157540529966354,0.5936348140239716,0.03137257695198059,0.04480154793709516,0.7161966681480407,0.8104533046483994,-0.006829625368118264,0.16632988750934596,nan,0.0,nan,0.0,0
16,280,5560,0.2841477272727273,2560,1.5386922180652618,0.41171875,0.8133930116891861,0.8100996822118759,0.26640625,0.41040073037147523,0.5985443353652954,0.03137257695198059,0.04374413061887026,0.7147457361221313,0.8129647940397262,-0.0004282176494598833,0.16632988750934596,nan,0.0,nan,0.0,0
16,300,5580,0.28301136363636364,2560,1.5306409358978272,0.415625,0.8166584521532059,0.8132324397563935,0.284375,0.4260472908616066,0.5919276058673859,0.03137257695198059,0.04360924698412418,0.7145332723855973,0.8133930116891861,-0.0032654404640197754,0.16632988750934596,nan,0.0,0.3671875,0.37057989998720586,0
16,320,5600,0.28187500000000004,2560,1.5632662236690522,0.409375,0.7986816465854645,0.8040385097265244,0.280859375,0.43158455938100815,0.5923535883426666,0.03137257695198059,0.045377870462834834,0.7173097044229507,0.8166584521532059,0.017976805567741394,0.16632988750934596,nan,0.0,nan,0.0,0
16,340,5620,0.28073863636363633,2560,1.5401975512504578,0.4203125,0.8016588270664216,0.8081380426883698,0.266796875,0.4086013361811638,0.599985271692276,0.03137257695198059,0.04172591064125299,0.7088092297315598,0.8166584521532059,0.014999625086784318,0.16632988750934596,nan,0.0,nan,0.0,0
16,352,5632,0.2800568181818182,1480,1.5898548822145204,0.3912162165384035,0.8087235347644702,0.8130457027538402,0.2648648648648649,0.40954753063820504,0.5961540357486622,0.03137257695198059,0.04365011163659998,0.7120748536006825,0.8133930116891861,0.004669476924715865,0.16632988750934596,nan,0.0,nan,0.0,0
17,20,5652,0.2789204545454545,2560,1.4978290498256683,0.42734375,0.7998234808444977,0.8051980584859848,0.265234375,0.4058543831110001,0.5896459192037582,0.03137257695198059,0.04436209239065647,0.7151941210031509,0.8087235347644702,0.008900053919972506,0.16632988750934596,nan,0.0,nan,0.0,0
17,40,5672,0.2777840909090909,2560,1.4835528790950776,0.431640625,0.8018439769744873,0.805178216099739,0.290234375,0.4351069748401642,0.5969190150499344,0.03137257695198059,0.04227242488414049,0.7105704993009567,0.8016588270664216,-0.00018514990806572929,0.16632988750934596,nan,0.0,0.3828125,0.3795347999839578,0
17,60,5692,0.27664772727272724,2560,1.5021893739700318,0.4359375,0.8000474542379379,0.8024945765733719,0.259765625,0.4298681005835533,0.5916903346776963,0.03137257695198059,0.043096989206969735,0.7132949560880661,0.8016588270664216,0.0016113728284836704,0.16632988750934596,nan,0.0,nan,0.0,0
17,80,5712,0.27551136363636364,2560,1.5195868372917176,0.414453125,0.7914335817098618,0.8055685877799987,0.2875,0.4223316490650177,0.5910564601421356,0.03137257695198059,0.04564670696854591,0.7174495726823806,0.8016588270664216,0.010225245356559776,0.16632988750934596,nan,0.0,nan,0.0,0
17,100,5732,0.274375,2560,1.5430730640888215,0.40859375,0.806588888168335,0.8077786922454834,0.276171875,0.4266258358955383,0.5941524714231491,0.03137257695198059,0.0457579618319869,0.7175110757350922,0.8000474542379379,-0.006541433930397078,0.16632988750934596,nan,0.0,nan,0.0,0
17,120,5752,0.2732386363636364,2560,1.5338458180427552,0.4109375,0.818538847565651,0.8151400536298752,0.278515625,0.411612768471241,0.5998427271842957,0.03137257695198059,0.041765286773443225,0.7103425890207291,0.8000474542379379,-0.0184913933277131,0.16632988750934596,nan,0.0,nan,0.0,0
17,140,5772,0.2721022727272727,2560,1.5398575007915496,0.409765625,0.7992065131664277,0.8037510097026825,0.29375,0.431013235449791,0.5934423118829727,0.03137257695198059,0.04668544456362724,0.7218806058168411,0.8018439769744873,0.0026374638080596258,0.16632988750934596,nan,0.0,0.3984375,0.3702857999887783,0
17,160,5792,0.2709659090909091,2560,1.4989084601402283,0.43359375,0.8001218259334564,0.8066265285015106,0.265234375,0.40779451876878736,0.5933415919542313,0.03137257695198059,0.04664096720516682,0.7190248847007752,0.8000474542379379,-7.437169551849365e-05,0.16632988750934596,nan,0.0,nan,0.0,0
17,180,5812,0.26982954545454546,2560,1.5072304427623748,0.43984375,0.8020337402820588,0.8018155604600906,0.258984375,0.43499552756547927,0.5849779933691025,0.03137257695198059,0.04368066359311342,0.7157535523176193,0.8001218259334564,-0.0019119143486023837,0.16632988750934596,nan,0.0,nan,0.0,0
17,200,5832,0.26869318181818186,2560,1.4925711631774903,0.43203125,0.8066009223461151,0.8042793542146682,0.28515625,0.4230960220098495,0.5956197321414948,0.03137257695198059,0.040307844057679176,0.7052989155054092,0.8020337402820588,-0.004567182064056374,0.16632988750934596,nan,0.0,nan,0.0,0
17,220,5852,0.26755681818181815,2560,1.534857600927353,0.415234375,0.7996989905834198,0.8022292047739029,0.280078125,0.44482945948839187,0.5966842830181122,0.03137257695198059,0.04182451236993075,0.71114501953125,0.8020337402820588,0.002334749698639005,0.16632988750934596,nan,0.0,nan,0.0,0
17,240,5872,0.26642045454545454,2560,1.5837207198143006,0.390625,0.8096717149019241,0.8086354762315751,0.26328125,0.40039726346731186,0.5918664515018464,0.03137257695198059,0.04287408273667097,0.7124010473489761,0.8001218259334564,-0.009549888968467757,0.16632988750934596,nan,0.0,0.3515625,0.3745442999934312,0
17,260,5892,0.2652840909090909,2560,1.5318748891353606,0.421484375,0.8001879572868347,0.801155361533165,0.27890625,0.4124495029449463,0.5881294429302215,0.03137257695198059,0.04469711072742939,0.7156148016452789,0.8020337402820588,0.0018457829952240878,0.16632988750934596,nan,0.0,nan,0.0,0
17,280,5912,0.26414772727272723,2560,1.518549197912216,0.415625,0.7922273218631745,0.8052515923976898,0.2875,0.43537411391735076,0.5969425410032272,0.03137257695198059,0.04213317316025496,0.7097588658332825,0.8020337402820588,0.0098064184188843,0.16632988750934596,nan,0.0,nan,0.0,0
17,300,5932,0.2630113636363636,2560,1.5015859305858612,0.434375,0.8034757226705551,0.8035583704710006,0.262109375,0.4303978756070137,0.5890592157840728,0.03137257695198059,0.04470476638525724,0.7168844789266586,0.8001879572868347,-0.0032877653837204424,0.16632988750934596,nan,0.0,nan,0.0,0
17,320,5952,0.26187499999999997,2560,1.5222414433956146,0.4203125,0.8112584501504898,0.8094838678836822,0.27109375,0.4235027343034744,0.5887663751840592,0.03137257695198059,0.04380509108304977,0.7149387508630752,0.8001879572868347,-0.011070492863655135,0.16632988750934596,nan,0.0,nan,0.0,0
17,340,5972,0.26073863636363637,2560,1.542265146970749,0.41953125,0.8037627696990967,0.8060250848531723,0.2609375,0.4163634940981865,0.5909309655427932,0.03137257695198059,0.047823124937713145,0.7237554579973221,0.8034757226705551,-0.00028704702854154274,0.16632988750934596,nan,0.0,0.3359375,0.37855630001286045,0
17,352,5984,0.2600568181818182,1480,1.471809839557957,0.42500000032218727,0.8048045480573499,0.8075789351721068,0.30945946026492765,0.40645902994516736,0.5881547982628281,0.03137257695198059,0.041586635221500655,0.7099333898441211,0.8034757226705551,-0.0013288253867947963,0.16632988750934596,nan,0.0,nan,0.0,0
18,20,6004,0.25892045454545454,2560,1.475904828310013,0.43515625,0.8105338096618653,0.8088901698589325,0.2796875,0.4214326858520508,0.5972119837999343,0.03137257695198059,0.04186717588454485,0.7089082181453705,0.8037627696990967,-0.006771039962768621,0.16632988750934596,nan,0.0,nan,0.0,0
18,40,6024,0.25778409090909093,2560,1.4843711733818055,0.43203125,0.7798280209302902,0.7959615290164948,0.294140625,0.44369167685508726,0.592322301864624,0.03137257695198059,0.04300113935023546,0.7124478548765183,0.8048045480573499,0.024976527127059667,0.16632988750934596,nan,0.0,nan,0.0,0
18,60,6044,0.2566477272727273,2560,1.5267392456531526,0.410546875,0.8109907567501068,0.8065550684928894,0.2765625,0.4332074835896492,0.5985041499137879,0.03137257695198059,0.04677558466792107,0.7198921382427216,0.8048045480573499,-0.006186208692756878,0.16632988750934596,nan,0.0,nan,0.0,0
18,80,6064,0.2555113636363637,2560,1.5268900036811828,0.4125,0.8070314973592758,0.8082045406103134,0.2890625,0.40929281413555146,0.5940206080675126,0.03137257695198059,0.03984990566968918,0.7046756029129029,0.8048045480573499,-0.002226949301925907,0.16632988750934596,nan,0.0,0.3515625,0.36768739999388345,0
18,100,6084,0.25437499999999996,2560,1.501859200000763,0.42421875,0.803180581331253,0.8061631679534912,0.287109375,0.42907444685697554,0.5921154230833053,0.03137257695198059,0.04088982343673706,0.7050908088684082,0.8070314973592758,0.0038509160280227883,0.16632988750934596,nan,0.0,nan,0.0,0
18,120,6104,0.25323863636363636,2560,1.5159826040267945,0.42265625,0.8085095256567001,0.8053614497184753,0.264453125,0.4102165400981903,0.5951988488435745,0.03137257695198059,0.04068450927734375,0.7079649835824966,0.8070314973592758,-0.001478028297424272,0.16632988750934596,nan,0.0,nan,0.0,0
18,140,6124,0.2521022727272727,2560,1.5018288135528564,0.441015625,0.8036974251270295,0.8107341945171356,0.270703125,0.44343010783195497,0.5951919674873352,0.03137257695198059,0.04361012354493141,0.7141706794500351,0.8070314973592758,0.0033340722322463545,0.16632988750934596,nan,0.0,nan,0.0,0
18,160,6144,0.2509659090909091,2560,1.5247820913791656,0.41796875,0.8024396777153016,0.8045023798942565,0.28671875,0.42626029402017596,0.5933076411485672,0.03137257695198059,0.03932400271296501,0.7052791178226471,0.8070314973592758,0.00459181964397426,0.16632988750934596,nan,0.0,nan,0.0,0
18,180,6164,0.24982954545454544,2560,1.500866425037384,0.42734375,0.7966146856546402,0.8075776636600495,0.284375,0.4270718365907669,0.590273180603981,0.03137257695198059,0.04262082241475582,0.7102918058633805,0.8036974251270295,0.007082739472389243,0.16632988750934596,nan,0.0,0.34375,0.3722649000119418,0
18,200,6184,0.24869318181818179,2560,1.480447244644165,0.441015625,0.8029416263103485,0.8023713648319244,0.279296875,0.42953341752290725,0.5875772029161453,0.03137257695198059,0.03940680045634508,0.7036175966262818,0.803180581331253,0.00023895502090454102,0.16632988750934596,nan,0.0,nan,0.0,0
18,220,6204,0.24755681818181818,2560,1.5369921445846557,0.418359375,0.8097077518701553,0.8061948359012604,0.27421875,0.4392442211508751,0.5963820338249206,0.03137257695198059,0.04237077217549086,0.7113129585981369,0.8029416263103485,-0.006766125559806824,0.16632988750934596,nan,0.0,nan,0.0,0
18,240,6224,0.2464204545454545,2560,1.5183325111865997,0.436328125,0.8093537211418151,0.809190520644188,0.272265625,0.4294752895832062,0.5956499963998795,0.03137257695198059,0.045404504239559176,0.7176292687654495,0.8029416263103485,-0.006412094831466653,0.16632988750934596,nan,0.0,nan,0.0,0
18,260,6244,0.2452840909090909,2560,1.5126423239707947,0.41640625,0.8062294244766235,0.804259130358696,0.294140625,0.43121187686920165,0.5960401087999344,0.03137257695198059,0.04236245807260275,0.7105617374181747,0.8029416263103485,-0.003287798166275002,0.16632988750934596,nan,0.0,nan,0.0,0
18,280,6264,0.24414772727272724,2560,1.4723084568977356,0.43046875,0.7977260053157806,0.8037552118301392,0.26796875,0.41488462686538696,0.5979520380496979,0.03137257695198059,0.040375000610947606,0.7058407455682755,0.8062294244766235,0.008503419160842851,0.16632988750934596,nan,0.0,0.3828125,0.37201499997172505,0
18,300,6284,0.24301136363636364,2560,1.46212540268898,0.45078125,0.7961088806390763,0.8043005734682083,0.258203125,0.42477388978004454,0.5949436396360397,0.03137257695198059,0.046307573281228545,0.7192769289016724,0.8062294244766235,0.010120543837547236,0.16632988750934596,nan,0.0,nan,0.0,0
18,320,6304,0.24187499999999995,2560,1.5144800782203673,0.421875,0.7939389288425446,0.8003249019384384,0.284765625,0.42396610230207443,0.5960792750120163,0.03137257695198059,0.04081180542707443,0.7040037333965301,0.8062294244766235,0.012290495634078913,0.16632988750934596,nan,0.0,nan,0.0,0
18,340,6324,0.24073863636363635,2560,1.4989584147930146,0.429296875,0.7977095454931259,0.8016883999109268,0.2609375,0.41470535546541215,0.5916852533817292,0.03137257695198059,0.04286780338734388,0.7128518342971801,0.7977260053157806,1.6459822654746326e-05,0.16632988750934596,nan,0.0,nan,0.0,0
18,352,6336,0.2400568181818182,1480,1.5224635130650288,0.41351351415788806,0.8068740690076673,0.8108781344181782,0.2993243246465116,0.4417022835563969,0.5977336896432413,0.03137257695198059,0.046351604948978165,0.7212794542312622,0.7977095454931259,-0.009164523514541445,0.16632988750934596,nan,0.0,nan,0.0,0
19,20,6356,0.23892045454545452,2560,1.50064737200737,0.430078125,0.8042151361703873,0.8077846765518188,0.275390625,0.4248591333627701,0.589462685585022,0.03137257695198059,0.044217607192695144,0.7166912406682968,0.7977095454931259,-0.006505590677261419,0.16632988750934596,nan,0.0,0.3359375,0.3645472999778576,0
19,40,6376,0.23778409090909092,2560,1.5087185442447661,0.43046875,0.7878347903490066,0.8008774042129516,0.274609375,0.4392198443412781,0.5953233242034912,0.03137257695198059,0.041706816479563716,0.7090934365987778,0.7977095454931259,0.009874755144119285,0.16632988750934596,nan,0.0,nan,0.0,0
19,60,6396,0.23664772727272726,2560,1.459969800710678,0.43359375,0.8014882296323776,0.8017781794071197,0.270703125,0.4097018584609032,0.5918698787689209,0.03137257695198059,0.04596502333879471,0.7182901561260223,0.7977095454931259,-0.0037786841392517534,0.16632988750934596,nan,0.0,nan,0.0,0
19,80,6416,0.23551136363636366,2560,1.465692263841629,0.436328125,0.7811202019453048,0.7908335596323013,0.280859375,0.4291823223233223,0.5906665980815887,0.03137257695198059,0.04149376880377531,0.7094531357288361,0.8014882296323776,0.0203680276870728,0.16632988750934596,nan,0.0,nan,0.0,0
19,100,6436,0.234375,2560,1.4787051320075988,0.43203125,0.7716423541307449,0.7929643243551254,0.278515625,0.4433589905500412,0.5875282406806945,0.03137257695198059,0.039842688106000425,0.7039130896329879,0.8014882296323776,0.029845875501632757,0.16632988750934596,nan,0.0,nan,0.0,0
19,120,6456,0.23323863636363631,2560,1.4879938244819642,0.445703125,0.7891195237636566,0.7992997646331788,0.26640625,0.414585043489933,0.5973439812660217,0.03137257695198059,0.0438930781558156,0.7134008377790451,0.7878347903490066,-0.0012847334146499634,0.16632988750934596,nan,0.0,0.34375,0.3700436999788508,0
19,140,6476,0.2321022727272727,2560,1.4589478254318238,0.446484375,0.791954579949379,0.7967441767454148,0.255078125,0.4136552467942238,0.588730388879776,0.03137257695198059,0.043856565840542316,0.7146711826324463,0.7878347903490066,-0.004119789600372403,0.16632988750934596,nan,0.0,nan,0.0,0
19,160,6496,0.23096590909090906,2560,1.4126124262809754,0.451171875,0.780294480919838,0.8026803493499756,0.278515625,0.4393314242362976,0.5969820886850357,0.03137257695198059,0.04344121068716049,0.7136905193328857,0.7891195237636566,0.008825042843818576,0.16632988750934596,nan,0.0,nan,0.0,0
19,180,6516,0.22982954545454545,2560,1.49231898188591,0.441015625,0.7952536255121231,0.8027005791664124,0.270703125,0.43197802603244784,0.5907762080430985,0.03137257695198059,0.043351115100085734,0.7128212153911591,0.7811202019453048,-0.014133423566818237,0.16632988750934596,nan,0.0,nan,0.0,0
19,200,6536,0.22869318181818177,2560,1.4684302866458894,0.44375,0.7910495221614837,0.8042963892221451,0.275390625,0.4309771031141281,0.594345623254776,0.03137257695198059,0.0429206782951951,0.7112695336341858,0.7891195237636566,-0.0019299983978271484,0.16632988750934596,nan,0.0,nan,0.0,0
19,220,6556,0.22755681818181817,2560,1.4854910731315614,0.4375,0.784517452120781,0.7979901909828186,0.271484375,0.44975288957357407,0.5910281062126159,0.03137257695198059,0.04431758616119623,0.7140873491764068,0.7910495221614837,0.006532070040702775,0.16632988750934596,nan,0.0,0.375,0.37218330000177957,0
19,240,6576,0.2264204545454545,2560,1.4636708557605744,0.437890625,0.7849189728498459,0.7970222681760788,0.2765625,0.42073277086019517,0.597956994175911,0.03137257695198059,0.04249582402408123,0.7119859635829926,0.7910495221614837,0.006130549311637812,0.16632988750934596,nan,0.0,nan,0.0,0
19,260,6596,0.2252840909090909,2560,1.4848294258117676,0.422265625,0.8046721309423447,0.8067922174930573,0.287109375,0.42840720117092135,0.5967004328966141,0.03137257695198059,0.04579312857240438,0.7176688551902771,0.7849189728498459,-0.01975315809249878,0.16632988750934596,nan,0.0,nan,0.0,0
19,280,6616,0.22414772727272725,2560,1.4724142134189606,0.440234375,0.7636679440736771,0.7847723811864853,0.276171875,0.44592621475458144,0.5918042689561844,0.03137257695198059,0.0385145241394639,0.7010924994945527,0.7910495221614837,0.027381578087806613,0.16632988750934596,nan,0.0,nan,0.0,0
19,300,6636,0.22301136363636365,2560,1.5149565041065216,0.416796875,0.8058118849992753,0.8051999658346176,0.274609375,0.4141126349568367,0.5862727046012879,0.03137257695198059,0.04330262411385775,0.7149424314498901,0.7849189728498459,-0.020892912149429343,0.16632988750934596,nan,0.0,nan,0.0,0
19,320,6656,0.22187499999999996,2560,1.4688507735729217,0.4328125,0.7849283218383789,0.801652929186821,0.2859375,0.42778957188129424,0.6008645594120026,0.03137257695198059,0.042175442725419995,0.7083711624145508,0.7849189728498459,-9.348988532997815e-06,0.16632988750934596,nan,0.0,0.3828125,0.3712611999944784,0
19,340,6676,0.22073863636363636,2560,1.463123470544815,0.437109375,0.792336705327034,0.7961677759885788,0.2796875,0.42944072335958483,0.5925660610198975,0.03137257695198059,0.04141995366662741,0.7081742852926254,0.7849283218383789,-0.007408383488655135,0.16632988750934596,nan,0.0,nan,0.0,0
19,352,6688,0.22005681818181821,1480,1.460533172375447,0.44391891891891894,0.7888178100457063,0.7897685514914022,0.27027027010917665,0.4454461796863659,0.5990432439623652,0.03137257695198059,0.042043037752847415,0.7107027479120203,0.792336705327034,0.0035188952813277607,0.16632988750934596,nan,0.0,nan,0.0,0
20,20,6708,0.21892045454545453,2560,1.4772886693477632,0.446484375,0.7978423058986663,0.801614910364151,0.280859375,0.43576263934373854,0.5916247218847275,0.03137257695198059,0.03852670043706894,0.6991239130496979,0.7888178100457063,-0.009024495852960057,0.16632988750934596,nan,0.0,nan,0.0,0
20,40,6728,0.21778409090909087,2560,1.4644683122634887,0.44609375,0.7980727791786194,0.8013964533805847,0.267578125,0.42808540165424347,0.5903181910514832,0.03137257695198059,0.04405340906232595,0.7148615151643753,0.792336705327034,-0.005736073851585366,0.16632988750934596,nan,0.0,nan,0.0,0
20,60,6748,0.21664772727272727,2560,1.4379562437534332,0.447265625,0.7878613263368607,0.798727560043335,0.280078125,0.4212720334529877,0.5959190547466278,0.03137257695198059,0.040986170247197154,0.7087634354829788,0.792336705327034,0.004475378990173362,0.16632988750934596,nan,0.0,0.359375,0.36158310002065264,0
20,80,6768,0.2155113636363636,2560,1.473317700624466,0.4375,0.7848004162311554,0.8015166133642196,0.291015625,0.43882555812597274,0.5925354152917862,0.03137257695198059,0.041600422374904154,0.7087981611490249,0.792336705327034,0.007536289095878668,0.16632988750934596,nan,0.0,nan,0.0,0
20,100,6788,0.214375,2560,1.4901932299137115,0.4390625,0.7905980825424195,0.796486297249794,0.281640625,0.4227827414870262,0.591111135482788,0.03137257695198059,0.04231621585786342,0.7117639422416687,0.7888178100457063,-0.0017802724967131978,0.16632988750934596,nan,0.0,nan,0.0,0
20,120,6808,0.21323863636363632,2560,1.456783699989319,0.450390625,0.7819739073514939,0.7965975642204285,0.2875,0.45347489416599274,0.5851088434457778,0.03137257695198059,0.04145327005535364,0.708215183019638,0.7905980825424195,0.00862417519092562,0.16632988750934596,nan,0.0,nan,0.0,0
20,140,6828,0.21210227272727272,2560,1.440659487247467,0.445703125,0.7822959691286087,0.7952213436365128,0.290625,0.43017966151237486,0.5950969815254211,0.03137257695198059,0.04141191653907299,0.7072540074586868,0.7878613263368607,0.00556535720825202,0.16632988750934596,nan,0.0,nan,0.0,0
20,160,6848,0.21096590909090907,2560,1.4773293256759643,0.425390625,0.7817943811416626,0.793597811460495,0.288671875,0.4548803985118866,0.5946527004241944,0.03137257695198059,0.038963356800377366,0.7009616017341613,0.7848004162311554,0.00300603508949282,0.16632988750934596,nan,0.0,0.3203125,0.3702066999976523,0
20,180,6868,0.20982954545454546,2560,1.4788307189941405,0.443359375,0.7959798455238343,0.8081015467643737,0.260546875,0.4179209738969803,0.5934295892715454,0.03137257695198059,0.04513299390673638,0.717977637052536,0.7822959691286087,-0.013683876395225614,0.16632988750934596,nan,0.0,nan,0.0,0
20,200,6888,0.20869318181818178,2560,1.4386862218379974,0.4734375,0.7783928155899048,0.7896719872951508,0.26171875,0.44516964703798295,0.5929149836301804,0.03137257695198059,0.04062834698706865,0.7069724351167679,0.7822959691286087,0.003903153538703852,0.16632988750934596,nan,0.0,nan,0.0,0
20,220,6908,0.20755681818181818,2560,1.462172955274582,0.432421875,0.7876326322555542,0.7943639308214188,0.29921875,0.4422377869486809,0.5895566403865814,0.03137257695198059,0.04143790490925312,0.7064643889665604,0.7819739073514939,-0.005658724904060386,0.16632988750934596,nan,0.0,nan,0.0,0
20,240,6928,0.20642045454545452,2560,1.450741469860077,0.442578125,0.7832961529493332,0.7994794398546219,0.278515625,0.4369837388396263,0.5970349848270416,0.03137257695198059,0.043388578295707705,0.713792371749878,0.7822959691286087,-0.0010001838207245317,0.16632988750934596,nan,0.0,nan,0.0,0
20,260,6948,0.20528409090909092,2560,1.4641609728336333,0.43515625,0.7936279088258743,0.8034645289182663,0.288671875,0.4431613102555275,0.5948284298181534,0.03137257695198059,0.03832675889134407,0.7000847518444061,0.7832961529493332,-0.010331755876541115,0.16632988750934596,nan,0.0,0.359375,0.3692434999975376,0
20,280,6968,0.20414772727272726,2560,1.4520882546901703,0.45703125,0.785570552945137,0.8047822535037994,0.28359375,0.44270315319299697,0.5972103327512741,0.03137257695198059,0.03912612292915583,0.7021931916475296,0.7876326322555542,0.002062079310417242,0.16632988750934596,nan,0.0,nan,0.0,0
20,300,6988,0.20301136363636366,2560,1.4679896652698516,0.433984375,0.7951430797576904,0.7976700007915497,0.291796875,0.4218270808458328,0.5961729884147644,0.03137257695198059,0.0390689049847424,0.7009009271860123,0.785570552945137,-0.009572526812553384,0.16632988750934596,nan,0.0,nan,0.0,0
20,320,7008,0.20187499999999997,2560,1.4929030776023864,0.43125,0.785585880279541,0.8001204341650009,0.28125,0.43577895015478135,0.5938987970352173,0.03137257695198059,0.04360695667564869,0.7139644473791122,0.7876326322555542,0.002046751976013228,0.16632988750934596,nan,0.0,nan,0.0,0
20,340,7028,0.20073863636363637,2560,1.4181047677993774,0.455859375,0.7951662957668304,0.8037948787212372,0.276171875,0.4202817216515541,0.5900164484977722,0.03137257695198059,0.042222393490374086,0.7093352019786835,0.785585880279541,-0.009580415487289384,0.16632988750934596,nan,0.0,nan,0.0,0
20,352,7040,0.20005681818181814,1480,1.4308338145951967,0.45067567632005023,0.7662353190215858,0.7951136901571944,0.28581081145518533,0.44018327545475316,0.5950646397229787,0.03137257695198059,0.038423363038816966,0.700145537144429,0.7936279088258743,0.027392589804288492,0.16632988750934596,nan,0.0,0.3515625,0.3778546999965329,0
21,20,7060,0.19892045454545454,2560,1.4551037430763245,0.433984375,0.789192920923233,0.7929093837738037,0.280859375,0.441425821185112,0.5860196620225906,0.03137257695198059,0.04254260212182999,0.7129813343286514,0.785585880279541,-0.0036070406436919944,0.16632988750934596,nan,0.0,nan,0.0,0
21,40,7080,0.19778409090909088,2560,1.465202122926712,0.438671875,0.7862868785858155,0.7996713221073151,0.280859375,0.44095112681388854,0.5923750787973404,0.03137257695198059,0.04138816110789776,0.7084792971611023,0.789192920923233,0.002906042337417536,0.16632988750934596,nan,0.0,nan,0.0,0
21,60,7100,0.19664772727272728,2560,1.4504401206970214,0.44453125,0.7836875498294831,0.7917578667402267,0.293359375,0.44086054116487505,0.59068503677845,0.03137257695198059,0.040116043761372566,0.7052611112594604,0.7862868785858155,0.0025993287563323975,0.16632988750934596,nan,0.0,nan,0.0,0
21,80,7120,0.1955113636363636,2560,1.415948498249054,0.471484375,0.7748118668794632,0.7914468288421631,0.277734375,0.43509698659181595,0.5867060542106628,0.03137257695198059,0.0392078747972846,0.7013451218605041,0.7862868785858155,0.011475011706352234,0.16632988750934596,nan,0.0,nan,0.0,0
21,100,7140,0.194375,2560,1.4412074267864228,0.44140625,0.7860413551330566,0.7974849909543991,0.278515625,0.43288224190473557,0.5939782679080963,0.03137257695198059,0.04124858658760786,0.7095285356044769,0.7836875498294831,-0.002353805303573542,0.16632988750934596,nan,0.0,0.3671875,0.36939799998071976,0
21,120,7160,0.19323863636363633,2560,1.4384209573268891,0.449609375,0.7625221729278564,0.790184673666954,0.27265625,0.43429466933012006,0.5922425746917724,0.03137257695198059,0.040402906760573384,0.7060639142990113,0.7860413551330566,0.023519182205200218,0.16632988750934596,nan,0.0,nan,0.0,0
21,140,7180,0.19210227272727273,2560,1.4514930963516235,0.446875,0.7909971863031388,0.8036029994487762,0.275390625,0.43748694360256196,0.5986475795507431,0.03137257695198059,0.04132930226624012,0.7085719227790832,0.7836875498294831,-0.0073096364736556785,0.16632988750934596,nan,0.0,nan,0.0,0
21,160,7200,0.19096590909090908,2560,1.4339628577232362,0.4484375,0.7863895714282989,0.7951112270355225,0.287109375,0.42843834310770035,0.5945432275533676,0.03137257695198059,0.039454789645969865,0.7027672439813614,0.7836875498294831,-0.002702021598815829,0.16632988750934596,nan,0.0,nan,0.0,0
21,180,7220,0.18982954545454547,2560,1.4210420727729798,0.46328125,0.7724957704544068,0.7879340022802352,0.293359375,0.4465475812554359,0.5890685021877289,0.03137257695198059,0.03814168535172939,0.6992001444101333,0.7860413551330566,0.013545584678649858,0.16632988750934596,nan,0.0,nan,0.0,0
21,200,7240,0.1886931818181818,2560,1.404618936777115,0.453125,0.773876616358757,0.7924770563840866,0.275,0.4298059344291687,0.592401522397995,0.03137257695198059,0.03762871008366346,0.6965714365243911,0.7860413551330566,0.012164738774299577,0.16632988750934596,nan,0.0,0.3359375,0.3706629000080284,0
21,220,7260,0.18755681818181819,2560,1.4185223758220673,0.4578125,0.7851328939199448,0.798152181506157,0.281640625,0.4481383293867111,0.5918988734483719,0.03137257695198059,0.04090075846761465,0.7056683540344239,0.773876616358757,-0.011256277561187744,0.16632988750934596,nan,0.0,nan,0.0,0
21,240,7280,0.18642045454545453,2560,1.4557375371456147,0.453515625,0.7885133296251297,0.7983046412467957,0.267578125,0.43730086982250216,0.5988124996423722,0.03137257695198059,0.03745768088847399,0.6989498108625412,0.7851328939199448,-0.00338043570518487,0.16632988750934596,nan,0.0,nan,0.0,0
21,260,7300,0.18528409090909093,2560,1.427340292930603,0.46015625,0.7858877599239349,0.7965619593858719,0.27109375,0.42795917093753816,0.5856855005025864,0.03137257695198059,0.03898489307612181,0.6994945168495178,0.7851328939199448,-0.0007548660039901067,0.16632988750934596,nan,0.0,nan,0.0,0
21,280,7320,0.18414772727272724,2560,1.4139777362346648,0.44765625,0.7905087321996689,0.7951844751834869,0.276171875,0.4390141651034355,0.5929817408323288,0.03137257695198059,0.0395624577999115,0.7025858163833618,0.7851328939199448,-0.005375838279724099,0.16632988750934596,nan,0.0,nan,0.0,0
21,300,7340,0.18301136363636364,2560,1.4283527076244353,0.45234375,0.7750538796186447,0.7909834742546081,0.27734375,0.4420411065220833,0.5978037714958191,0.03137257695198059,0.03914023619145155,0.7018102407455444,0.7858877599239349,0.0108338803052902,0.16632988750934596,nan,0.0,0.3671875,0.37291710000135936,0
21,320,7360,0.18187499999999998,2560,1.4081010043621063,0.454296875,0.7681617856025695,0.7895466059446334,0.3,0.44669908881187437,0.5961559563875198,0.03137257695198059,0.04042303152382374,0.70608069896698,0.7858877599239349,0.017725974321365356,0.16632988750934596,nan,0.0,nan,0.0,0
21,340,7380,0.18073863636363638,2560,1.4836278319358827,0.43125,0.7867102146148681,0.7936252772808075,0.287890625,0.43692333400249483,0.5916275233030319,0.03137257695198059,0.03989508654922247,0.7047141969203949,0.7858877599239349,-0.0008224546909332275,0.16632988750934596,nan,0.0,nan,0.0,0
21,352,7392,0.18005681818181815,1480,1.3706823632523821,0.47770270302489,0.785985534255569,0.7946383869325793,0.2432432430016028,0.3863187659431148,0.596463722151679,0.03137257695198059,0.0390098974310063,0.7022913252985156,0.7858877599239349,-9.77743316341595e-05,0.16632988750934596,nan,0.0,nan,0.0,0
22,20,7412,0.17892045454545455,2560,1.4226374983787538,0.446484375,0.7726756393909454,0.7896214991807937,0.295703125,0.4720338717103004,0.588251131772995,0.03137257695198059,0.0402850179001689,0.7044013112783432,0.785985534255569,0.01330989486462364,0.16632988750934596,nan,0.0,nan,0.0,0
22,40,7432,0.1777840909090909,2560,1.4140304148197174,0.4578125,0.7799859315156936,0.7902420222759247,0.269921875,0.4325546219944954,0.5897192806005478,0.03137257695198059,0.04144221376627684,0.7083763688802719,0.7750538796186447,-0.004932051897048928,0.16632988750934596,nan,0.0,0.4140625,0.3783413000055589,0
22,60,7452,0.1766477272727273,2560,1.4242013692855835,0.4546875,0.7712984472513199,0.7878376245498657,0.28359375,0.44573514014482496,0.5971228450536727,0.03137257695198059,0.03818395528942346,0.7003855019807815,0.7799859315156936,0.008687484264373713,0.16632988750934596,nan,0.0,nan,0.0,0
22,80,7472,0.1755113636363636,2560,1.3793148756027223,0.466015625,0.7858082622289657,0.7948316127061844,0.29140625,0.4394981533288956,0.5942706048488617,0.03137257695198059,0.040077760070562365,0.7047344475984574,0.7799859315156936,-0.005822330713272095,0.16632988750934596,nan,0.0,nan,0.0,0
22,100,7492,0.174375,2560,1.4417681038379668,0.459375,0.7724604159593582,0.7834472894668579,0.262890625,0.4590998739004135,0.5911669582128525,0.03137257695198059,0.039023035950958726,0.7016551673412323,0.7799859315156936,0.007525515556335405,0.16632988750934596,nan,0.0,nan,0.0,0
22,120,7512,0.17323863636363634,2560,1.4503405034542083,0.45703125,0.800885483622551,0.802999523282051,0.2734375,0.4297820866107941,0.5968471676111221,0.03137257695198059,0.03999758120626211,0.7063823968172074,0.7726756393909454,-0.028209844231605552,0.16632988750934596,nan,0.0,nan,0.0,0
22,140,7532,0.17210227272727274,2560,1.4361187040805816,0.46015625,0.7918688356876373,0.7984436273574829,0.269140625,0.428035706281662,0.5959694117307663,0.03137257695198059,0.041584276221692563,0.7067794680595398,0.7799859315156936,-0.011882904171943709,0.16632988750934596,nan,0.0,0.453125,0.3725165000068955,0
22,160,7552,0.17096590909090906,2560,1.3902196645736695,0.471484375,0.7845259428024292,0.7933334589004517,0.259375,0.43467589765787124,0.5977356135845184,0.03137257695198059,0.04144787974655628,0.7084930211305618,0.7858082622289657,0.00128231942653656,0.16632988750934596,nan,0.0,nan,0.0,0
22,180,7572,0.16982954545454546,2560,1.4043378829956055,0.476171875,0.7730067580938339,0.7908480525016784,0.27421875,0.44211342334747317,0.5922221094369888,0.03137257695198059,0.03904936499893665,0.7018186390399933,0.7858082622289657,0.012801504135131814,0.16632988750934596,nan,0.0,nan,0.0,0
22,200,7592,0.1686931818181818,2560,1.3620476007461548,0.4734375,0.7786521315574646,0.7945097863674164,0.2796875,0.43431901186704636,0.5992428034543991,0.03137257695198059,0.042606751620769504,0.7097436875104904,0.7845259428024292,0.005873811244964555,0.16632988750934596,nan,0.0,nan,0.0,0
22,220,7612,0.1675568181818182,2560,1.400281047821045,0.463671875,0.759540182352066,0.7874291986227036,0.278125,0.4547914952039719,0.588937395811081,0.03137257695198059,0.04547569211572409,0.7195849478244781,0.7845259428024292,0.02498576045036316,0.16632988750934596,nan,0.0,nan,0.0,0
22,240,7632,0.16642045454545454,2560,1.39528546333313,0.45859375,0.7787174612283707,0.7977036982774734,0.2796875,0.4317966356873512,0.5909734249114991,0.03137257695198059,0.040335402637720105,0.7061462074518203,0.7786521315574646,-6.53296709061113e-05,0.16632988750934596,nan,0.0,0.390625,0.36867480000364594,0
22,260,7652,0.16528409090909094,2560,1.3822219610214233,0.479296875,0.7614536762237549,0.785195940732956,0.269921875,0.4442132607102394,0.596231609582901,0.03137257695198059,0.03818392418324947,0.6999829083681106,0.7786521315574646,0.017198455333709672,0.16632988750934596,nan,0.0,nan,0.0,0
22,280,7672,0.16414772727272725,2560,1.4426360964775085,0.448046875,0.7660309284925461,0.7912741512060165,0.2875,0.44962526559829713,0.5886140406131745,0.03137257695198059,0.041623837500810626,0.7101742058992386,0.7730067580938339,0.006975829601287842,0.16632988750934596,nan,0.0,nan,0.0,0
22,300,7692,0.16301136363636365,2560,1.4287447214126587,0.4609375,0.7511913239955902,0.7802691370248794,0.28046875,0.4337395951151848,0.590959569811821,0.03137257695198059,0.036781238950788976,0.6951821208000183,0.7660309284925461,0.014839604496955872,0.16632988750934596,nan,0.0,nan,0.0,0
22,320,7712,0.161875,2560,1.3683763325214386,0.475390625,0.7553517699241639,0.7801716059446335,0.291796875,0.4334089308977127,0.599313497543335,0.03137257695198059,0.03848595563322306,0.7002455979585648,0.7614536762237549,0.0061019062995910645,0.16632988750934596,nan,0.0,nan,0.0,0
22,340,7732,0.1607386363636364,2560,1.3746780514717103,0.4765625,0.7698296964168548,0.7854815363883972,0.278515625,0.44856601655483247,0.5902560085058213,0.03137257695198059,0.039934718050062656,0.7045370817184449,0.7614536762237549,-0.008376020193099909,0.16632988750934596,nan,0.0,0.421875,0.3707474000111688,0
22,352,7744,0.16005681818181816,1480,1.402466809427416,0.4621621628065367,0.7708561095031532,0.7856014361252656,0.2878378376767442,0.45686375353787395,0.5965378384332399,0.03137257695198059,0.04080971344499975,0.7067564178157497,0.7614536762237549,-0.00940243327939827,0.16632988750934596,nan,0.0,nan,0.0,0
23,20,7764,0.15892045454545456,2560,1.379338228702545,0.471484375,0.7804850935935974,0.7948648065328598,0.276171875,0.4314178735017776,0.5965658992528915,0.03137257695198059,0.04001026395708322,0.7050294518470764,0.7660309284925461,-0.014454165101051353,0.16632988750934596,nan,0.0,nan,0.0,0
23,40,7784,0.15778409090909087,2560,1.3945384204387665,0.461328125,0.74411062002182,0.7752077996730804,0.2890625,0.4530382171273232,0.5902768671512604,0.03137257695198059,0.0416522029787302,0.7076487243175507,0.7698296964168548,0.02571907639503479,0.16632988750934596,nan,0.0,nan,0.0,0
23,60,7804,0.15664772727272727,2560,1.4296584844589233,0.453125,0.7812351763248444,0.7952713310718537,0.28125,0.4367153957486153,0.5980880945920944,0.03137257695198059,0.0430145163089037,0.7117944180965423,0.7698296964168548,-0.011405479907989569,0.16632988750934596,nan,0.0,nan,0.0,0
23,80,7824,0.15551136363636361,2560,1.3527620017528534,0.465234375,0.7699692279100419,0.7874609768390656,0.28203125,0.4419486284255981,0.5983284175395965,0.03137257695198059,0.041624087281525134,0.7080482423305512,0.7708561095031532,0.0008868815931113438,0.16632988750934596,nan,0.0,0.3359375,0.3674000999890268,0
23,100,7844,0.154375,2560,1.3730163335800172,0.47890625,0.764570465683937,0.787668627500534,0.27109375,0.45455909669399264,0.5910335808992386,0.03137257695198059,0.04088784120976925,0.7067779988050461,0.7708561095031532,0.006285643819216147,0.16632988750934596,nan,0.0,nan,0.0,0
23,120,7864,0.15323863636363635,2560,1.4095972657203675,0.456640625,0.7689192831516266,0.780847817659378,0.275390625,0.4468516051769257,0.5908844172954559,0.03137257695198059,0.04155975449830294,0.7090076714754104,0.7699692279100419,0.0010499447584152444,0.16632988750934596,nan,0.0,nan,0.0,0
23,140,7884,0.15210227272727275,2560,1.3981628000736237,0.462109375,0.7743702918291092,0.7893496334552765,0.2828125,0.4397019922733307,0.5944965690374374,0.03137257695198059,0.04489191398024559,0.717241969704628,0.7689192831516266,-0.005451008677482605,0.16632988750934596,nan,0.0,nan,0.0,0
23,160,7904,0.15096590909090907,2560,1.3765368223190309,0.47890625,0.7767965406179428,0.7941195368766785,0.27265625,0.4296193554997444,0.5942416071891785,0.03137257695198059,0.039648869819939134,0.702878451347351,0.7699692279100419,-0.006827312707900934,0.16632988750934596,nan,0.0,nan,0.0,0
23,180,7924,0.14982954545454547,2560,1.4099771618843078,0.470703125,0.7564809828996658,0.7853926599025727,0.2859375,0.457697656750679,0.587390798330307,0.03137257695198059,0.039078046940267085,0.7034998029470444,0.7699692279100419,0.013488245010376043,0.16632988750934596,nan,0.0,0.3515625,0.36701539999921806,0
23,200,7944,0.1486931818181818,2560,1.372184932231903,0.480859375,0.7689512759447098,0.7877100884914399,0.276171875,0.4430931508541107,0.5992703974246979,0.03137257695198059,0.03654829524457455,0.6958884596824646,0.7689192831516266,-3.199279308319092e-05,0.16632988750934596,nan,0.0,nan,0.0,0
23,220,7964,0.1475568181818182,2560,1.368341362476349,0.483984375,0.7647586405277252,0.7900389522314072,0.276171875,0.4437982186675072,0.5993978053331375,0.03137257695198059,0.03906881101429462,0.7017072975635529,0.7689512759447098,0.004192635416984558,0.16632988750934596,nan,0.0,nan,0.0,0
23,240,7984,0.14642045454545452,2560,1.396429866552353,0.469140625,0.7743454486131668,0.7938486933708191,0.27265625,0.4512260228395462,0.5958311915397644,0.03137257695198059,0.040890141017735006,0.7074348330497742,0.7689512759447098,-0.005394172668456987,0.16632988750934596,nan,0.0,nan,0.0,0
23,260,8004,0.14528409090909092,2560,1.386635273694992,0.4546875,0.7661679953336715,0.787183654308319,0.29453125,0.45023857057094574,0.5934763818979263,0.03137257695198059,0.038021246530115606,0.698963251709938,0.7689512759447098,0.0027832806110382746,0.16632988750934596,nan,0.0,nan,0.0,0
23,280,8024,0.14414772727272726,2560,1.3573094606399536,0.472265625,0.773240813612938,0.7883341699838639,0.274609375,0.44306062906980515,0.5902874112129212,0.03137257695198059,0.040324070304632184,0.7054001480340958,0.7661679953336715,-0.007072818279266424,0.16632988750934596,nan,0.0,0.3828125,0.3696844000078272,0
23,300,8044,0.14301136363636366,2560,1.3553112208843232,0.47578125,0.754495695233345,0.7809346735477447,0.285546875,0.43882789760828017,0.5957804590463638,0.03137257695198059,0.036601016856729986,0.6950107991695404,0.7689512759447098,0.014455580711364768,0.16632988750934596,nan,0.0,nan,0.0,0
23,320,8064,0.141875,2560,1.3729212939739228,0.484375,0.7599708020687104,0.7876966029405594,0.259375,0.4447017922997475,0.5920710414648056,0.03137257695198059,0.0396599967032671,0.70317742228508,0.7661679953336715,0.006197193264961154,0.16632988750934596,nan,0.0,nan,0.0,0
23,340,8084,0.1407386363636364,2560,1.379053795337677,0.467578125,0.7597216874361038,0.7821562677621842,0.292578125,0.4341548427939415,0.5915177881717681,0.03137257695198059,0.03920845277607441,0.7038635075092315,0.7661679953336715,0.006446307897567727,0.16632988750934596,nan,0.0,nan,0.0,0
23,352,8096,0.14005681818181817,1480,1.3425743064364872,0.4831081084302954,0.7479711510039665,0.7846182703971862,0.24932432448541797,0.4257920026779175,0.5959848941983403,0.03137257695198059,0.036145033546396206,0.6964127621135197,0.7599708020687104,0.011999651064743877,0.16632988750934596,nan,0.0,nan,0.0,0
24,20,8116,0.13892045454545457,2560,1.3201657056808471,0.48984375,0.7536917597055435,0.7817755520343781,0.28203125,0.4338884770870209,0.5917054682970047,0.03137257695198059,0.03618831317871809,0.6952426224946976,0.7597216874361038,0.006029927730560325,0.16632988750934596,nan,0.0,0.421875,0.3589648000197485,0
24,40,8136,0.13778409090909088,2560,1.3406691908836366,0.48125,0.7512232303619385,0.7768521875143051,0.280859375,0.4380566030740738,0.5915758937597275,0.03137257695198059,0.03760748747736216,0.6986557900905609,0.754495695233345,0.003272464871406533,0.16632988750934596,nan,0.0,nan,0.0,0
24,60,8156,0.13664772727272728,2560,1.3232454001903533,0.49140625,0.7593835741281509,0.7829124689102173,0.279296875,0.4562219977378845,0.5986456751823426,0.03137257695198059,0.0386002741754055,0.7017880260944367,0.7536917597055435,-0.005691814422607466,0.16632988750934596,nan,0.0,nan,0.0,0
24,80,8176,0.13551136363636362,2560,1.340589129924774,0.48359375,0.7612472414970398,0.7842940270900727,0.286328125,0.43645074516534804,0.5929741144180298,0.03137257695198059,0.037684441171586515,0.6979065090417862,0.7536917597055435,-0.0075554817914963435,0.16632988750934596,nan,0.0,nan,0.0,0
24,100,8196,0.13437500000000002,2560,1.3168930649757384,0.49140625,0.7508634388446808,0.780685830116272,0.295703125,0.4496335878968239,0.5917986750602722,0.03137257695198059,0.04059761539101601,0.7054061830043793,0.7536917597055435,0.0028283208608627097,0.16632988750934596,nan,0.0,nan,0.0,0
24,120,8216,0.13323863636363634,2560,1.3149434268474578,0.490625,0.756581062078476,0.7853241175413131,0.283203125,0.4516600638628006,0.5881495386362076,0.03137257695198059,0.04044956024736166,0.7055040955543518,0.7536917597055435,-0.0028893023729325007,0.16632988750934596,nan,0.0,0.4453125,0.37076339998748153,0
24,140,8236,0.13210227272727273,2560,1.347497820854187,0.486328125,0.7414692431688309,0.7747584193944931,0.2796875,0.4582567229866982,0.5961659938097,0.03137257695198059,0.03551200041547418,0.6920677065849304,0.756581062078476,0.01511181890964508,0.16632988750934596,nan,0.0,nan,0.0,0
24,160,8256,0.13096590909090908,2560,1.3393113434314727,0.483203125,0.7622725754976273,0.7790736109018326,0.287890625,0.443769833445549,0.5883551448583603,0.03137257695198059,0.04009605851024389,0.7030696958303452,0.756581062078476,-0.005691513419151306,0.16632988750934596,nan,0.0,nan,0.0,0
24,180,8276,0.12982954545454548,2560,1.3475345611572265,0.4859375,0.7665171355009079,0.7911738246679306,0.282421875,0.4417781323194504,0.5953012019395828,0.03137257695198059,0.03663457594811916,0.6943761944770813,0.756581062078476,-0.009936073422431968,0.16632988750934596,nan,0.0,nan,0.0,0
24,200,8296,0.12869318181818182,2560,1.3457137882709502,0.49453125,0.7503459453582764,0.7802317440509796,0.2625,0.4387430980801582,0.5931325435638428,0.03137257695198059,0.03533056760206819,0.6913065910339355,0.756581062078476,0.006235116720199607,0.16632988750934596,nan,0.0,nan,0.0,0
24,220,8316,0.12755681818181822,2560,1.3756619930267333,0.460546875,0.7475662857294083,0.7805608332157135,0.288671875,0.4564220666885376,0.5940745204687119,0.03137257695198059,0.03728488236665726,0.6980286598205566,0.756581062078476,0.009014776349067666,0.16632988750934596,nan,0.0,0.3515625,0.3729379999858793,0
24,240,8336,0.12642045454545453,2560,1.3687594771385192,0.46640625,0.7627655535936355,0.7860204160213471,0.285546875,0.4294851407408714,0.5909350246191025,0.03137257695198059,0.03723088372498751,0.6954033493995666,0.7503459453582764,-0.012419608235359147,0.16632988750934596,nan,0.0,nan,0.0,0
24,260,8356,0.12528409090909093,2560,1.4045784950256348,0.4609375,0.7690632373094559,0.7900069147348404,0.274609375,0.440998937189579,0.59778533577919,0.03137257695198059,0.03555606119334698,0.6916475713253021,0.7622725754976273,-0.0067906618118286355,0.16632988750934596,nan,0.0,nan,0.0,0
24,280,8376,0.12414772727272727,2560,1.3538905680179596,0.48046875,0.7575570106506347,0.7788353145122529,0.284375,0.4477809950709343,0.5904029995203018,0.03137257695198059,0.03482456132769585,0.6903353124856949,0.7627655535936355,0.005208542943000771,0.16632988750934596,nan,0.0,nan,0.0,0
24,300,8396,0.12301136363636367,2560,1.3711293399333955,0.479296875,0.7738259613513947,0.7864224910736084,0.272265625,0.4408212170004845,0.5939789026975631,0.03137257695198059,0.03871385306119919,0.7024009883403778,0.7575570106506347,-0.016268950700759954,0.16632988750934596,nan,0.0,nan,0.0,0
24,320,8416,0.121875,2560,1.346431839466095,0.485546875,0.7577982395887375,0.781001552939415,0.285546875,0.45695969760417937,0.5941744655370712,0.03137257695198059,0.03640453759580851,0.6933425039052963,0.7627655535936355,0.004967314004898027,0.16632988750934596,nan,0.0,0.4296875,0.37134419998619705,0
24,340,8436,0.12073863636363633,2560,1.358071541786194,0.479296875,0.7573263883590698,0.7797386378049851,0.2859375,0.45394394993782045,0.5892928063869476,0.03137257695198059,0.03701682649552822,0.6961656630039215,0.7627655535936355,0.005439165234565668,0.16632988750934596,nan,0.0,nan,0.0,0
24,352,8448,0.12005681818181817,1480,1.36646225581298,0.47567567615895656,0.7446697128785623,0.7795874408773473,0.2891891896724701,0.4658046738521473,0.5944019440058116,0.03137257695198059,0.03598615345922676,0.691337239742279,0.7577982395887375,0.01312852671017517,0.16632988750934596,nan,0.0,nan,0.0,0
25,20,8468,0.11892045454545457,2560,1.3382349193096161,0.490234375,0.7607536941766739,0.7823392480611802,0.269921875,0.4392109513282776,0.5854493707418442,0.03137257695198059,0.04049236960709095,0.7055266529321671,0.7575570106506347,-0.00319668352603919,0.16632988750934596,nan,0.0,nan,0.0,0
25,40,8488,0.1177840909090909,2560,1.310977327823639,0.49140625,0.7459151059389114,0.7730800777673721,0.2796875,0.4440989136695862,0.5943165004253388,0.03137257695198059,0.03729379363358021,0.6953955352306366,0.7577982395887375,0.011883133649826072,0.16632988750934596,nan,0.0,nan,0.0,0
25,60,8508,0.11664772727272729,2560,1.2958014011383057,0.503515625,0.7314252585172654,0.766078969836235,0.282421875,0.4503398507833481,0.588841900229454,0.03137257695198059,0.03788766153156757,0.6993061572313308,0.7573263883590698,0.025901129841804482,0.16632988750934596,nan,0.0,0.4453125,0.36481960001401603,0
25,80,8528,0.11551136363636362,2560,1.27144957780838,0.51953125,0.7417667716741562,0.7745609492063522,0.255859375,0.4413357302546501,0.5998845607042312,0.03137257695198059,0.036169351730495694,0.695172056555748,0.7459151059389114,0.004148334264755249,0.16632988750934596,nan,0.0,nan,0.0,0
25,100,8548,0.11437500000000002,2560,1.3099788308143616,0.50234375,0.7406775861978531,0.774074187874794,0.273046875,0.449239918589592,0.5894848108291626,0.03137257695198059,0.03797558862715959,0.6990422219038009,0.7446697128785623,0.0039921266807092515,0.16632988750934596,nan,0.0,nan,0.0,0
25,120,8568,0.11323863636363635,2560,1.290369439125061,0.506640625,0.7386260390281677,0.769510293006897,0.273828125,0.44761102795600893,0.5915302515029908,0.03137257695198059,0.03636655621230602,0.6955690145492553,0.7417667716741562,0.0031407326459884644,0.16632988750934596,nan,0.0,nan,0.0,0
25,140,8588,0.11210227272727276,2560,1.321314710378647,0.48828125,0.745588943362236,0.7781093806028366,0.2953125,0.45908098220825194,0.5902721643447876,0.03137257695198059,0.03657306879758835,0.6943792521953582,0.7406775861978531,-0.004911357164382957,0.16632988750934596,nan,0.0,nan,0.0,0
25,160,8608,0.11096590909090909,2560,1.3296825289726257,0.498828125,0.7381393373012543,0.7618965357542038,0.275,0.44837974607944486,0.5914188534021377,0.03137257695198059,0.0373879162594676,0.69766925573349,0.7406775861978531,0.002538248896598816,0.16632988750934596,nan,0.0,0.4609375,0.37257840001257136,0
25,180,8628,0.10982954545454549,2560,1.3250744938850403,0.496875,0.7554313331842423,0.7779065638780593,0.255859375,0.4392648980021477,0.5848919093608856,0.03137257695198059,0.03956441283226013,0.7043732404708862,0.7406775861978531,-0.014753746986389205,0.16632988750934596,nan,0.0,nan,0.0,0
25,200,8648,0.10869318181818181,2560,1.3271459460258483,0.490234375,0.7341939777135849,0.7709799617528915,0.275,0.45183033049106597,0.594012850522995,0.03137257695198059,0.0368430201895535,0.6964562386274338,0.7406775861978531,0.006483608484268211,0.16632988750934596,nan,0.0,nan,0.0,0
25,220,8668,0.10755681818181821,2560,1.326310110092163,0.492578125,0.7524258852005005,0.7749261438846589,0.2734375,0.434305240213871,0.5928257226943969,0.03137257695198059,0.03659315193071962,0.6944564640522003,0.7386260390281677,-0.013799846172332764,0.16632988750934596,nan,0.0,nan,0.0,0
25,240,8688,0.10642045454545454,2560,1.3375617861747742,0.47421875,0.7623379409313202,0.7827597498893738,0.3,0.46179325580596925,0.5947988092899322,0.03137257695198059,0.03739243596792221,0.6965697348117829,0.745588943362236,-0.016748997569084212,0.16632988750934596,nan,0.0,nan,0.0,0
25,260,8708,0.10528409090909087,2560,1.288877022266388,0.509765625,0.7585404813289642,0.7748609095811844,0.26953125,0.4339164510369301,0.5862510859966278,0.03137257695198059,0.0346737764775753,0.6908511996269227,0.7524258852005005,-0.006114596128463767,0.16632988750934596,nan,0.0,0.40625,0.3701127000094857,0
25,280,8728,0.10414772727272727,2560,1.3022847950458527,0.489453125,0.7425083339214325,0.7743004113435745,0.287890625,0.4658764287829399,0.5873365014791488,0.03137257695198059,0.035854265466332434,0.6924268692731858,0.7554313331842423,0.01292299926280982,0.16632988750934596,nan,0.0,nan,0.0,0
25,300,8748,0.10301136363636361,2560,1.3330638766288758,0.49140625,0.7543537110090256,0.7727296352386475,0.278515625,0.4430996343493462,0.5960115015506744,0.03137257695198059,0.036663237400352953,0.695105230808258,0.7524258852005005,-0.0019278258085251299,0.16632988750934596,nan,0.0,nan,0.0,0
25,320,8768,0.10187500000000001,2560,1.3132709622383119,0.49140625,0.748770821094513,0.7716331660747529,0.29140625,0.45421873331069945,0.5911716639995575,0.03137257695198059,0.03867645170539617,0.7005316823720932,0.7543537110090256,0.005582889914512612,0.16632988750934596,nan,0.0,nan,0.0,0
25,340,8788,0.10073863636363634,2560,1.269973248243332,0.505859375,0.7481305927038193,0.7790659815073013,0.269921875,0.4293499946594238,0.5917030513286591,0.03137257695198059,0.03426971500739455,0.6889222413301468,0.7543537110090256,0.006223118305206277,0.16632988750934596,nan,0.0,nan,0.0,0
25,352,8800,0.10005681818181818,1480,1.2548198571076263,0.5101351359406033,0.7280484637698612,0.7706545323938937,0.2682432430821496,0.4292784059369886,0.5915030514871752,0.03137257695198059,0.03407138455155734,0.6868078618436246,0.748770821094513,0.020722357324651774,0.16632988750934596,nan,0.0,0.4296875,0.37856129999272525,0
26,20,8820,0.09892045454545458,2560,1.2747191846370698,0.5203125,0.7431675106287002,0.784297326207161,0.26953125,0.4451089486479759,0.5936042994260788,0.03137257695198059,0.0367243779823184,0.693892377614975,0.7481305927038193,0.004963082075119085,0.16632988750934596,nan,0.0,nan,0.0,0
26,40,8840,0.0977840909090909,2560,1.3200809359550476,0.489453125,0.7260221183300019,0.7688853204250335,0.277734375,0.44517159312963483,0.5913100183010102,0.03137257695198059,0.035600761882960796,0.6926316827535629,0.7481305927038193,0.022108474373817466,0.16632988750934596,nan,0.0,nan,0.0,0
26,60,8860,0.0966477272727273,2560,1.268955534696579,0.512109375,0.7420326709747315,0.7769102931022644,0.273046875,0.43641812205314634,0.5865687280893326,0.03137257695198059,0.03393069719895721,0.6873837262392044,0.7431675106287002,0.0011348396539687666,0.16632988750934596,nan,0.0,nan,0.0,0
26,80,8880,0.09551136363636363,2560,1.3003361463546752,0.501171875,0.7315596789121628,0.7678193569183349,0.282421875,0.4512044221162796,0.5837088406085968,0.03137257695198059,0.03536384291946888,0.6924929052591324,0.7420326709747315,0.010472992062568687,0.16632988750934596,nan,0.0,nan,0.0,0
26,100,8900,0.09437500000000003,2560,1.2566449463367462,0.50703125,0.7272775858640671,0.7679898798465729,0.280859375,0.4508362844586372,0.5976073145866394,0.03137257695198059,0.03510390082374215,0.6895592242479325,0.7315596789121628,0.004282093048095681,0.16632988750934596,nan,0.0,0.4140625,0.3697669999965001,0
26,120,8920,0.09323863636363636,2560,1.2483404934406281,0.516796875,0.7449742019176483,0.7716619044542312,0.273046875,0.45141469687223434,0.5917901545763016,0.03137257695198059,0.03663554862141609,0.6968839049339295,0.7315596789121628,-0.013414523005485512,0.16632988750934596,nan,0.0,nan,0.0,0
26,140,8940,0.09210227272727275,2560,1.2736945271492004,0.509375,0.7319242537021637,0.7692149013280869,0.260546875,0.4439915046095848,0.5890109002590179,0.03137257695198059,0.037759728357195856,0.6986788004636765,0.7315596789121628,-0.00036457479000095994,0.16632988750934596,nan,0.0,nan,0.0,0
26,160,8960,0.09096590909090908,2560,1.2623884439468385,0.513671875,0.7229205399751664,0.7654355585575103,0.2875,0.4604261189699173,0.5949068933725357,0.03137257695198059,0.03677802868187428,0.6960605770349503,0.7319242537021637,0.009003713726997375,0.16632988750934596,nan,0.0,nan,0.0,0
26,180,8980,0.08982954545454543,2560,1.2738288640975952,0.505859375,0.7397068738937378,0.7721372157335281,0.26953125,0.44767922461032866,0.5882321834564209,0.03137257695198059,0.036259821616113186,0.6939714759588241,0.7315596789121628,-0.008147194981575012,0.16632988750934596,nan,0.0,nan,0.0,0
26,200,9000,0.08869318181818182,2560,1.2659272849559784,0.510546875,0.7405889481306076,0.7734413385391236,0.2890625,0.4424337729811668,0.5928695946931839,0.03137257695198059,0.03417044496163726,0.6877798020839692,0.7319242537021637,-0.008664694428443864,0.16632988750934596,nan,0.0,0.453125,0.3701498000009451,0
26,220,9020,0.08755681818181815,2560,1.2847253918647765,0.488671875,0.725373062491417,0.7683685481548309,0.2921875,0.44683731347322464,0.5911420404911041,0.03137257695198059,0.032244976796209815,0.6837202996015549,0.7397068738937378,0.014333811402320817,0.16632988750934596,nan,0.0,nan,0.0,0
26,240,9040,0.08642045454545455,2560,1.2559855937957765,0.50625,0.7337789803743362,0.7640698909759521,0.290625,0.4469649314880371,0.5924657434225082,0.03137257695198059,0.03474116809666157,0.6900965988636016,0.7319242537021637,-0.0018547266721724576,0.16632988750934596,nan,0.0,nan,0.0,0
26,260,9060,0.08528409090909088,2560,1.2552533626556397,0.523046875,0.7257207095623016,0.7673548579216003,0.25859375,0.43982126861810683,0.5933855831623077,0.03137257695198059,0.03613076154142618,0.6940025329589844,0.7337789803743362,0.008058270812034585,0.16632988750934596,nan,0.0,nan,0.0,0
26,280,9080,0.08414772727272728,2560,1.2719515264034271,0.50859375,0.7233938753604889,0.7651564449071884,0.277734375,0.4477647066116333,0.5851227015256881,0.03137257695198059,0.036340275593101976,0.6930012077093124,0.7337789803743362,0.010385105013847262,0.16632988750934596,nan,0.0,nan,0.0,0
26,300,9100,0.0830113636363636,2560,1.2455178141593932,0.5296875,0.7415618985891342,0.7678887844085693,0.2640625,0.4467446401715279,0.5949188441038131,0.03137257695198059,0.03713944237679243,0.6970073282718658,0.7257207095623016,-0.015841189026832625,0.16632988750934596,nan,0.0,0.4375,0.37096780000138097,0
26,320,9120,0.081875,2560,1.2545277416706084,0.521875,0.7214235782623291,0.7622876703739166,0.280078125,0.45800061523914337,0.5947039484977722,0.03137257695198059,0.036278818547725675,0.6926069259643555,0.7257207095623016,0.004297131299972556,0.16632988750934596,nan,0.0,nan,0.0,0
26,340,9140,0.08073863636363633,2560,1.2633987426757813,0.524609375,0.7258745014667511,0.7676038354635238,0.2625,0.45819867998361585,0.5903794735670089,0.03137257695198059,0.035485248826444146,0.6920351386070251,0.7257207095623016,-0.0001537919044495295,0.16632988750934596,nan,0.0,nan,0.0,0
26,352,9152,0.08005681818181817,1480,1.2814180303264309,0.498648650259585,0.7278014849972081,0.7750189391342369,0.279729730051917,0.4411419481844515,0.5832013832556234,0.03137257695198059,0.03497078036134307,0.6910937621786788,0.7257207095623016,-0.002080775434906479,0.16632988750934596,nan,0.0,nan,0.0,0
27,20,9172,0.07892045454545457,2560,1.2090864539146424,0.53125,0.7328679889440537,0.7581051081418991,0.272265625,0.431556698679924,0.5907066613435745,0.03137257695198059,0.03184707909822464,0.6794999033212662,0.7258745014667511,-0.006993487477302551,0.16632988750934596,nan,0.0,nan,0.0,0
27,40,9192,0.0777840909090909,2560,1.218861359357834,0.523828125,0.7322039127349853,0.7638790369033813,0.28125,0.45156899839639664,0.5906728297472,0.03137257695198059,0.036189566180109975,0.6945707470178604,0.7278014849972081,-0.004402427737777215,0.16632988750934596,nan,0.0,0.4765625,0.3820759999798611,0
27,60,9212,0.07664772727272724,2560,1.204539692401886,0.533984375,0.7121507585048675,0.7603892177343369,0.2796875,0.447910538315773,0.5878944635391236,0.03137257695198059,0.032956088334321974,0.6834381878376007,0.7278014849972081,0.01565072649234056,0.16632988750934596,nan,0.0,nan,0.0,0
27,80,9232,0.07551136363636364,2560,1.2286426365375518,0.52265625,0.698854660987854,0.7533813714981079,0.284375,0.46737624406814576,0.5855649530887603,0.03137257695198059,0.035178236104547976,0.6902269721031189,0.7278014849972081,0.02894682400935411,0.16632988750934596,nan,0.0,nan,0.0,0
27,100,9252,0.07437499999999997,2560,1.2510230720043183,0.51953125,0.7343191295862198,0.7649208337068558,0.26640625,0.4429252058267593,0.5910883754491806,0.03137257695198059,0.03559634331613779,0.691992250084877,0.7278014849972081,-0.006517644589011717,0.16632988750934596,nan,0.0,nan,0.0,0
27,120,9272,0.07323863636363637,2560,1.265170508623123,0.508984375,0.7234850406646729,0.7725327998399735,0.275390625,0.4511400982737541,0.5912782251834869,0.03137257695198059,0.03339565861970186,0.6855210870504379,0.7322039127349853,0.008718872070312411,0.16632988750934596,nan,0.0,nan,0.0,0
27,140,9292,0.0721022727272727,2560,1.248622363805771,0.525,0.7366231948137283,0.7755836695432663,0.276171875,0.4534926235675812,0.5900361597537994,0.03137257695198059,0.03360227532684803,0.6875034868717194,0.7234850406646729,-0.013138154149055392,0.16632988750934596,nan,0.0,0.421875,0.3753437999985181,0
27,160,9312,0.0709659090909091,2560,1.2200754582881927,0.52734375,0.7164895206689834,0.7622558772563934,0.272265625,0.44421474635601044,0.6001542657613754,0.03137257695198059,0.03338148603215814,0.6850846022367477,0.7234850406646729,0.006995519995689481,0.16632988750934596,nan,0.0,nan,0.0,0
27,180,9332,0.06982954545454542,2560,1.2291432082653047,0.512890625,0.7264444798231124,0.7634900599718094,0.287890625,0.4462975636124611,0.5874434351921082,0.03137257695198059,0.03459920324385166,0.6892511695623398,0.7234850406646729,-0.0029594391584395474,0.16632988750934596,nan,0.0,nan,0.0,0
27,200,9352,0.06869318181818182,2560,1.2255865633487701,0.532421875,0.7111245512962341,0.7618217617273331,0.265625,0.44488816112279894,0.5871691584587098,0.03137257695198059,0.03549550082534551,0.6904352635145188,0.7264444798231124,0.015319928526878357,0.16632988750934596,nan,0.0,nan,0.0,0
27,220,9372,0.06755681818181815,2560,1.1806895285844803,0.537890625,0.7404615134000778,0.7651293694972991,0.2734375,0.4345595672726631,0.5948336511850357,0.03137257695198059,0.032934449054300784,0.6844695121049881,0.7234850406646729,-0.016976472735404924,0.16632988750934596,nan,0.0,nan,0.0,0
27,240,9392,0.06642045454545455,2560,1.2242814004421234,0.52578125,0.7118619680404663,0.7622033596038819,0.268359375,0.46079033315181733,0.5917666286230088,0.03137257695198059,0.03425009027123451,0.6877094060182571,0.7264444798231124,0.014582511782646135,0.16632988750934596,nan,0.0,0.4375,0.37286329999915324,0
27,260,9412,0.06528409090909089,2560,1.2003444135189056,0.534765625,0.7201449334621429,0.7679308742284775,0.26953125,0.4547678858041763,0.5875478297472,0.03137257695198059,0.034361290838569404,0.6878325402736664,0.7164895206689834,-0.003655412793159507,0.16632988750934596,nan,0.0,nan,0.0,0
27,280,9432,0.06414772727272729,2560,1.2260767996311188,0.53359375,0.7081969231367111,0.7605856776237487,0.269921875,0.46445467621088027,0.598068505525589,0.03137257695198059,0.03439791603013873,0.6885125577449799,0.7201449334621429,0.011948010325431802,0.16632988750934596,nan,0.0,nan,0.0,0
27,300,9452,0.06301136363636362,2560,1.1947730481624603,0.53125,0.7122900485992432,0.754590117931366,0.27265625,0.44639207124710084,0.5873495966196061,0.03137257695198059,0.03597085252404213,0.6919253498315812,0.7118619680404663,-0.00042808055877685547,0.16632988750934596,nan,0.0,nan,0.0,0
27,320,9472,0.06187500000000001,2560,1.2170221984386445,0.5296875,0.7229126155376434,0.7669797509908676,0.258984375,0.44714791625738143,0.5864057064056396,0.03137257695198059,0.03430643193423748,0.688656923174858,0.7122900485992432,-0.010622566938400246,0.16632988750934596,nan,0.0,nan,0.0,0
27,340,9492,0.06073863636363634,2560,1.1954709768295289,0.537890625,0.7079831451177597,0.7540006220340729,0.28359375,0.44725080728530886,0.5875016778707505,0.03137257695198059,0.03622101228684187,0.6956567525863647,0.7122900485992432,0.004306903481483437,0.16632988750934596,nan,0.0,0.453125,0.37755530001595616,0
27,352,9504,0.06005681818181818,1480,1.1981690812755275,0.5331081074637336,0.7249864942318685,0.770590747047115,0.2729729731340666,0.44229415220183294,0.5823209495157808,0.03137257695198059,0.03713074793686738,0.6975271566494091,0.7122900485992432,-0.012696445632625286,0.16632988750934596,nan,0.0,nan,0.0,0
28,20,9524,0.05892045454545451,2560,1.1804942607879638,0.54765625,0.7180455654859543,0.7571900874376297,0.26640625,0.4479999005794525,0.5979339838027954,0.03137257695198059,0.03379037156701088,0.6859008133411407,0.7122900485992432,-0.005755516886711165,0.16632988750934596,nan,0.0,nan,0.0,0
28,40,9544,0.05778409090909091,2560,1.147894662618637,0.546484375,0.6975812315940857,0.7549329370260238,0.268359375,0.4451918572187424,0.5854740291833878,0.03137257695198059,0.03580534309148788,0.6937182456254959,0.7180455654859543,0.020464333891868636,0.16632988750934596,nan,0.0,nan,0.0,0
28,60,9564,0.05664772727272724,2560,1.156347930431366,0.5421875,0.7009178131818772,0.7618175715208053,0.284765625,0.43536196649074554,0.5870118647813797,0.03137257695198059,0.03360981978476048,0.686124250292778,0.7180455654859543,0.01712775230407715,0.16632988750934596,nan,0.0,nan,0.0,0
28,80,9584,0.05551136363636364,2560,1.1872397422790528,0.54609375,0.7100289165973663,0.763162249326706,0.26875,0.4615926295518875,0.5957346737384797,0.03137257695198059,0.0336294268257916,0.6877697438001633,0.7079831451177597,-0.002045771479606606,0.16632988750934596,nan,0.0,0.46875,0.37155549999442883,0
28,100,9604,0.05437499999999997,2560,1.1811798453330993,0.5375,0.703659999370575,0.759287029504776,0.276953125,0.443529286980629,0.5901968866586685,0.03137257695198059,0.03333937153220177,0.6844858050346374,0.7100289165973663,0.006368917226791337,0.16632988750934596,nan,0.0,nan,0.0,0
28,120,9624,0.05323863636363637,2560,1.1462641537189484,0.549609375,0.7256030738353729,0.760712456703186,0.26640625,0.43073794692754747,0.5925143182277679,0.03137257695198059,0.035712617076933385,0.6916823387145996,0.703659999370575,-0.02194307446479793,0.16632988750934596,nan,0.0,nan,0.0,0
28,140,9644,0.0521022727272727,2560,1.1128638982772827,0.5671875,0.7201966196298599,0.7574744075536728,0.265234375,0.4350055918097496,0.588618740439415,0.03137257695198059,0.03392400369048119,0.6870733737945557,0.703659999370575,-0.01653662025928493,0.16632988750934596,nan,0.0,nan,0.0,0
28,160,9664,0.050965909090909096,2560,1.1644568383693694,0.540625,0.699785590171814,0.7473402887582778,0.27890625,0.46282378733158114,0.5886287897825241,0.03137257695198059,0.03316153036430478,0.6835964411497116,0.7100289165973663,0.010243326425552368,0.16632988750934596,nan,0.0,nan,0.0,0
28,180,9684,0.04982954545454543,2560,1.18591148853302,0.536328125,0.6889941990375519,0.7558577328920364,0.278125,0.4626286819577217,0.588753268122673,0.03137257695198059,0.033919506892561915,0.6866921573877335,0.7100289165973663,0.021034717559814453,0.16632988750934596,nan,0.0,0.46875,0.3697336000041105,0
28,200,9704,0.04869318181818183,2560,1.1438615560531615,0.5484375,0.717780801653862,0.7521270930767059,0.2875,0.4401240944862366,0.5803217738866806,0.03137257695198059,0.03437335193157196,0.6884390264749527,0.703659999370575,-0.014120802283287048,0.16632988750934596,nan,0.0,nan,0.0,0
28,220,9724,0.04755681818181816,2560,1.1777765989303588,0.541015625,0.6960464179515838,0.7551075160503388,0.272265625,0.4674012318253517,0.5932280391454696,0.03137257695198059,0.03278529886156321,0.6830915659666061,0.717780801653862,0.021734383702278204,0.16632988750934596,nan,0.0,nan,0.0,0
28,240,9744,0.046420454545454556,2560,1.203826105594635,0.54296875,0.7135647416114808,0.7543262749910354,0.267578125,0.46268479973077775,0.5914903223514557,0.03137257695198059,0.032657256536185744,0.6836337089538574,0.699785590171814,-0.013779151439666792,0.16632988750934596,nan,0.0,nan,0.0,0
28,260,9764,0.04528409090909089,2560,1.1517383575439453,0.5625,0.7170407354831696,0.7616883754730225,0.263671875,0.4454133838415146,0.5848059594631195,0.03137257695198059,0.0326571018435061,0.6819461613893509,0.699785590171814,-0.017255145311355635,0.16632988750934596,nan,0.0,nan,0.0,0
28,280,9784,0.04414772727272729,2560,1.1312872737646102,0.558203125,0.7198774993419648,0.7557429164648056,0.26875,0.43339181542396543,0.5881869196891785,0.03137257695198059,0.033775345236063,0.6861841410398484,0.7135647416114808,-0.006312757730484009,0.16632988750934596,nan,0.0,0.5234375,0.37404130000504665,0
28,300,9804,0.04301136363636362,2560,1.1539025247097014,0.563671875,0.6931872993707657,0.7388630092144013,0.253515625,0.44889216870069504,0.5873443841934204,0.03137257695198059,0.03291890434920788,0.684074541926384,0.7170407354831696,0.02385343611240387,0.16632988750934596,nan,0.0,nan,0.0,0
28,320,9824,0.041875000000000016,2560,1.1940333545207977,0.54296875,0.7080713093280793,0.7590636104345322,0.26328125,0.4486197233200073,0.5882380425930023,0.03137257695198059,0.03394972821697593,0.6862275183200837,0.7135647416114808,0.005493432283401489,0.16632988750934596,nan,0.0,nan,0.0,0
28,340,9844,0.040738636363636345,2560,1.1607872188091277,0.553125,0.7099041730165482,0.7494241237640381,0.2640625,0.44218192547559737,0.5959039270877838,0.03137257695198059,0.033253690041601655,0.682185971736908,0.7135647416114808,0.0036605685949325784,0.16632988750934596,nan,0.0,nan,0.0,0
28,352,9856,0.040056818181818186,1480,1.1725357358520094,0.5412162158940289,0.6929862064284247,0.7428935444032824,0.28378378362269013,0.4574398781802203,0.5862414865880399,0.03137257695198059,0.03227563577930669,0.6810611766737861,0.7099041730165482,0.0169179665881235,0.16632988750934596,nan,0.0,nan,0.0,0
29,20,9876,0.038920454545454515,2560,1.0750475347042083,0.587109375,0.7058791548013688,0.7553870141506195,0.261328125,0.41045693308115005,0.5833712428808212,0.03137257695198059,0.03268139585852623,0.6827358663082123,0.7080713093280793,0.0021921545267105103,0.16632988750934596,nan,0.0,0.484375,0.36683650000486523,0
29,40,9896,0.03778409090909091,2560,1.0931494057178497,0.571484375,0.7081206768751145,0.7460235804319382,0.267578125,0.4368651404976845,0.5866590052843094,0.03137257695198059,0.03502172641456127,0.6906513392925262,0.7058791548013688,-0.0022415220737457275,0.16632988750934596,nan,0.0,nan,0.0,0
29,60,9916,0.03664772727272725,2560,1.0872514128684998,0.580078125,0.6916096955537796,0.7460945397615433,0.271484375,0.4481532916426659,0.5882171809673309,0.03137257695198059,0.03268718495965004,0.6820080429315567,0.7080713093280793,0.016461613774299666,0.16632988750934596,nan,0.0,nan,0.0,0
29,80,9936,0.035511363636363646,2560,1.101140281558037,0.569140625,0.7080623656511307,0.7533252894878387,0.25625,0.45113162249326705,0.5931993067264557,0.03137257695198059,0.03381344862282276,0.685894924402237,0.7058791548013688,-0.0021832108497619185,0.16632988750934596,nan,0.0,nan,0.0,0
29,100,9956,0.034374999999999975,2560,1.1291849344968796,0.548828125,0.6817671209573746,0.7465575009584426,0.28125,0.4504251852631569,0.5850171625614167,0.03137257695198059,0.0325597969815135,0.6802764952182769,0.7058791548013688,0.024112033843994185,0.16632988750934596,nan,0.0,nan,0.0,0
29,120,9976,0.03323863636363637,2560,1.0930615425109864,0.5796875,0.7055235534906388,0.7480170130729675,0.252734375,0.43078959435224534,0.5812682002782822,0.03137257695198059,0.034543398208916186,0.68741634786129,0.7058791548013688,0.00035560131072998047,0.16632988750934596,nan,0.0,0.515625,0.3674878999881912,0
29,140,9996,0.03210227272727271,2560,1.093268835544586,0.58359375,0.6967353135347366,0.7350689202547074,0.2578125,0.44917540401220324,0.5925950616598129,0.03137257695198059,0.033428731840103865,0.6844008505344391,0.7055235534906388,0.008788239955902166,0.16632988750934596,nan,0.0,nan,0.0,0
29,160,10016,0.030965909090909103,2560,1.0812511324882508,0.57578125,0.7065955549478531,0.7526063442230224,0.26015625,0.4262735113501549,0.5853814721107483,0.03137257695198059,0.032838986907154324,0.6827099353075028,0.6967353135347366,-0.009860241413116477,0.16632988750934596,nan,0.0,nan,0.0,0
29,180,10036,0.029829545454545435,2560,1.0843410253524781,0.568359375,0.6955967336893082,0.7407636195421219,0.268359375,0.44361249208450315,0.5907863765954972,0.03137257695198059,0.03187065152451396,0.6803165316581726,0.7055235534906388,0.009926819801330589,0.16632988750934596,nan,0.0,nan,0.0,0
29,200,10056,0.028693181818181833,2560,1.0874593734741211,0.5734375,0.6937934458255768,0.74782894551754,0.269140625,0.4457558780908585,0.5935325771570206,0.03137257695198059,0.03227702602744102,0.6805358588695526,0.6967353135347366,0.002941867709159829,0.16632988750934596,nan,0.0,nan,0.0,0
29,220,10076,0.027556818181818165,2560,1.079670262336731,0.57890625,0.6699542462825775,0.7356276392936707,0.262109375,0.4472155928611755,0.5879231929779053,0.03137257695198059,0.031989941280335187,0.6812384605407715,0.6967353135347366,0.02678106725215912,0.16632988750934596,nan,0.0,0.4921875,0.3699311000236776,0
29,240,10096,0.026420454545454563,2560,1.0809485852718352,0.573828125,0.6840751260519028,0.7479788690805436,0.269921875,0.44676281064748763,0.5893278956413269,0.03137257695198059,0.03258954156190157,0.6813890010118484,0.6955967336893082,0.011521607637405396,0.16632988750934596,nan,0.0,nan,0.0,0
29,260,10116,0.025284090909090895,2560,1.067611899971962,0.579296875,0.6781927049160004,0.7346667170524597,0.269921875,0.43983097225427625,0.6031880885362625,0.03137257695198059,0.03271441645920277,0.6824600577354432,0.6937934458255768,0.015600740909576416,0.16632988750934596,nan,0.0,nan,0.0,0
29,280,10136,0.024147727272727293,2560,1.0452371776103973,0.5921875,0.6906198412179947,0.7402820765972138,0.251953125,0.4300571992993355,0.5859028041362763,0.03137257695198059,0.0319286722689867,0.6795078754425049,0.6840751260519028,-0.006544715166091897,0.16632988750934596,nan,0.0,nan,0.0,0
29,300,10156,0.023011363636363625,2560,1.0715911656618118,0.575,0.6602050095796586,0.7352234095335006,0.259375,0.44786730110645295,0.5880443841218949,0.03137257695198059,0.03208143124356866,0.6797778964042663,0.6840751260519028,0.02387011647224424,0.16632988750934596,nan,0.0,nan,0.0,0
29,320,10176,0.021875000000000023,2560,1.0692512333393096,0.58515625,0.6952099621295929,0.7551316767930984,0.263671875,0.43856709003448485,0.587958037853241,0.03137257695198059,0.032030795607715844,0.6799572080373764,0.6781927049160004,-0.017017257213592485,0.16632988750934596,nan,0.0,0.5234375,0.3715563000005204,0
29,340,10196,0.02073863636363635,2560,1.1042973220348358,0.56171875,0.6647373676300049,0.7344061672687531,0.272265625,0.4475272104144096,0.589040008187294,0.03137257695198059,0.034136198461055756,0.6855430752038956,0.6840751260519028,0.019337758421897888,0.16632988750934596,nan,0.0,nan,0.0,0
29,352,10208,0.020056818181818193,1480,1.0777104564615199,0.5804054047610309,0.6994771615878955,0.7431020572378829,0.26891891956329345,0.43379283676276337,0.5985208743327373,0.03137257695198059,0.03266409668769386,0.6825945503002888,0.6781927049160004,-0.021284456671895158,0.16632988750934596,nan,0.0,nan,0.0,0
30,20,10228,0.01892045454545452,2560,1.0496047198772431,0.589453125,0.6855939865112305,0.7447058588266373,0.26328125,0.42041922360658646,0.5896988064050674,0.03137257695198059,0.03155555594712496,0.6786958605051041,0.6906198412179947,0.005025854706764199,0.16632988750934596,nan,0.0,nan,0.0,0
30,40,10248,0.01778409090909092,2560,0.9828673094511032,0.616015625,0.709317660331726,0.7490443140268326,0.25,0.4124483853578568,0.5925172448158265,0.03137257695198059,0.03153691729530692,0.6782246202230453,0.6855939865112305,-0.02372367382049556,0.16632988750934596,nan,0.0,nan,0.0,0
30,60,10268,0.01664772727272725,2560,0.9865814089775086,0.61328125,0.6770305454730987,0.7351941645145417,0.244140625,0.4147950649261475,0.5897546350955963,0.03137257695198059,0.03183038085699082,0.6791229754686355,0.6952099621295929,0.01817941665649414,0.16632988750934596,nan,0.0,0.5234375,0.36487240000860766,0
30,80,10288,0.01551136363636365,2560,1.0197839051485063,0.607421875,0.6861579656600952,0.7368180841207504,0.258203125,0.43892631977796553,0.5831110894680023,0.03137257695198059,0.03263723719865084,0.6817281514406204,0.6855939865112305,-0.0005639791488647461,0.16632988750934596,nan,0.0,nan,0.0,0
30,100,10308,0.014374999999999982,2560,0.9883297055959701,0.61015625,0.688541230559349,0.7407118678092957,0.2546875,0.4223751500248909,0.5953149348497391,0.03137257695198059,0.032538923621177676,0.6811276704072953,0.6861579656600952,-0.0023832648992537786,0.16632988750934596,nan,0.0,nan,0.0,0
30,120,10328,0.01323863636363638,2560,1.0108171731233597,0.5859375,0.6756050407886505,0.7220668971538544,0.276953125,0.4365050792694092,0.5877369165420532,0.03137257695198059,0.03152355151250959,0.6782821923494339,0.6861579656600952,0.010552924871444769,0.16632988750934596,nan,0.0,nan,0.0,0
30,140,10348,0.012102272727272712,2560,0.9938042640686036,0.609765625,0.6803288370370865,0.7416673213243484,0.24765625,0.4257839769124985,0.5824770778417587,0.03137257695198059,0.031492771860212085,0.6789990872144699,0.6861579656600952,0.0058291286230087724,0.16632988750934596,nan,0.0,nan,0.0,0
30,160,10368,0.01096590909090911,2560,1.0080293387174606,0.59609375,0.6749827712774277,0.7348022639751435,0.251953125,0.42486654222011566,0.5836918085813523,0.03137257695198059,0.03230741890147328,0.6811489880084991,0.6803288370370865,0.005346065759658791,0.16632988750934596,nan,0.0,0.53125,0.37121869999100454,0
30,180,10388,0.00982954545454544,2560,1.0206839084625243,0.59921875,0.6804061233997345,0.7334542721509933,0.255078125,0.4309508606791496,0.5922199428081513,0.03137257695198059,0.03168713264167309,0.6788396865129471,0.6803288370370865,-7.728636264803246e-05,0.16632988750934596,nan,0.0,nan,0.0,0
30,200,10408,0.008693181818181838,2560,0.9801140785217285,0.611328125,0.6727552890777588,0.7293781518936158,0.255078125,0.4270701378583908,0.5875451624393463,0.03137257695198059,0.03224409408867359,0.6793829709291458,0.6803288370370865,0.007573547959327631,0.16632988750934596,nan,0.0,nan,0.0,0
30,220,10428,0.00755681818181817,2560,0.9835506945848465,0.61953125,0.6618163138628006,0.7305487483739853,0.23828125,0.4191311553120613,0.5794096827507019,0.03137257695198059,0.03249697256833315,0.6810214430093765,0.6756050407886505,0.01378872692584987,0.16632988750934596,nan,0.0,nan,0.0,0
30,240,10448,0.006420454545454568,2560,0.9992275983095169,0.612109375,0.665990024805069,0.7271030575037003,0.2546875,0.4317133441567421,0.5934512048959732,0.03137257695198059,0.031578390300273894,0.6772506296634674,0.6749827712774277,0.008992746472358704,0.16632988750934596,nan,0.0,nan,0.0,0
30,260,10468,0.005284090909090899,2560,0.9914357483386993,0.605078125,0.6666624665260314,0.7235592007637024,0.2640625,0.4280830442905426,0.5871699184179306,0.03137257695198059,0.03282586270943284,0.6831111818552017,0.6727552890777588,0.006092822551727384,0.16632988750934596,nan,0.0,0.5390625,0.37183360001654364,0
30,280,10488,0.004147727272727297,2560,0.9759156882762909,0.609765625,0.6839649617671967,0.7328295558691025,0.25625,0.42546712011098864,0.589180389046669,0.03137257695198059,0.032768673822283746,0.6809989452362061,0.6666624665260314,-0.017302495241165228,0.16632988750934596,nan,0.0,nan,0.0,0
30,300,10508,0.0030113636363636284,2560,0.9812848567962646,0.610546875,0.6493159085512161,0.7183796137571334,0.259375,0.4270518884062767,0.5855262994766235,0.03137257695198059,0.03159265350550413,0.6789730131626129,0.6666624665260314,0.017346557974815324,0.16632988750934596,nan,0.0,nan,0.0,0
30,320,10528,0.0018750000000000266,2560,0.9337203204631805,0.641015625,0.6829456508159637,0.7264403194189072,0.23515625,0.40834252536296844,0.5855999201536178,0.03137257695198059,0.03201845325529575,0.6801056087017059,0.665990024805069,-0.01695562601089473,0.16632988750934596,nan,0.0,nan,0.0,0
30,340,10548,0.000738636363636358,2560,0.9495059937238693,0.622265625,0.6801974892616272,0.7373968929052352,0.251953125,0.4138811230659485,0.5855308771133423,0.03137257695198059,0.031287067010998725,0.6774365454912186,0.6666624665260314,-0.013535022735595703,0.16632988750934596,nan,0.0,nan,0.0,0
30,352,10560,5.681818181819675e-05,1480,0.9608903072975777,0.6364864861642993,0.6740055863921707,0.7288649233611855,0.2216216220243557,0.4070807271712535,0.5867414187740635,0.031372576770750255,0.03169577794300543,0.6791720831716382,0.6801974892616272,0.006191902869456478,0.16632988750934596,nan,0.0,0.546875,0.3781901999900583,0
