epoch,batch,global_step,lr,window_samples,train_adv_loss,train_adv_acc,free_gradient_cosine,free_gradient_sign_agreement,free_prediction_disagreement,free_attack_loss_gain,free_boundary_fraction,free_delta_linf,control_gradient_participation_ratio,control_gradient_entropy,detector_baseline,detector_score,detector_threshold,detector_pgd10_acc,detector_seconds,observer_pgd10_acc,observer_pgd10_seconds,intervention_triggered
1,20,20,0.0010795454545454546,2560,2.868498992919922,0.0,0.016067529516294598,0.4973622754216194,0.33359375,0.559059476852417,0.9149143427610398,0.03137257695198059,0.25104235112667084,0.8862824440002441,nan,nan,0.16632988750934596,nan,0.0,nan,0.0,0
1,40,40,0.002215909090909091,2560,2.6415660858154295,0.005859375,0.03812033925205469,0.5034092172980309,0.31328125,0.3877600640058517,0.9156721949577331,0.03137257695198059,0.2450994722545147,0.8843168616294861,nan,nan,0.16632988750934596,nan,0.0,nan,0.0,0
1,60,60,0.0033522727272727276,2560,2.408769416809082,0.033984375,0.16745773926377297,0.5358729213476181,0.239453125,0.18127467185258866,0.9153343379497528,0.03137257695198059,0.232956600189209,0.8803595185279847,nan,nan,0.16632988750934596,nan,0.0,nan,0.0,0
1,80,80,0.004488636363636363,2560,2.2959513664245605,0.092578125,0.43727834671735766,0.6037719905376434,0.191015625,0.10418222323060036,0.9137699395418167,0.03137257695198059,0.19359096959233285,0.8604786723852158,0.03812033925205469,-0.39915800746530294,0.16632988750934596,nan,0.0,nan,0.0,0
1,100,100,0.005625,2560,2.2389400482177733,0.149609375,0.6232851058244705,0.6644462794065475,0.19609375,0.1056188229471445,0.9155142694711685,0.03137257695198059,0.1612688273191452,0.8385166883468628,0.10278903925791383,-0.5204960665665567,0.16632988750934596,nan,0.0,0.203125,0.3788878000341356,0
1,120,120,0.006761363636363636,2560,2.1984129428863524,0.16640625,0.7415231585502624,0.7063266962766648,0.221484375,0.11938628107309342,0.9164191126823426,0.03137257695198059,0.13027407936751842,0.8108798116445541,0.16745773926377297,-0.5740654192864895,0.16632988750934596,nan,0.0,nan,0.0,0
1,140,140,0.007897727272727272,2560,2.1900608062744142,0.17421875,0.802556398510933,0.7315418481826782,0.1984375,0.10932869836688042,0.9156762719154358,0.03137257695198059,0.11063868142664432,0.7885428011417389,0.43727834671735766,-0.3652780517935753,0.16632988750934596,nan,0.0,nan,0.0,0
1,160,160,0.009034090909090908,2560,2.1562586784362794,0.203125,0.8375518828630447,0.7533067286014556,0.171875,0.12986335456371306,0.9174443751573562,0.03137257695198059,0.0961071565747261,0.7702135741710663,0.6232851058244705,-0.21426677703857422,0.16632988750934596,nan,0.0,nan,0.0,0
1,180,180,0.010170454545454547,2560,2.1581984043121336,0.199609375,0.8578031331300735,0.7711514919996262,0.195703125,0.1332504279911518,0.9182806849479676,0.03137257695198059,0.09064502231776714,0.7637841254472733,0.7415231585502624,-0.1162799745798111,0.16632988750934596,nan,0.0,nan,0.0,0
1,200,200,0.011306818181818182,2560,2.171617555618286,0.19375,0.8775092333555221,0.7824090480804443,0.179296875,0.15175643116235732,0.9183011531829834,0.03137257695198059,0.08080443404614926,0.7519644618034362,0.802556398510933,-0.07495283484458914,0.16632988750934596,nan,0.0,0.1640625,0.37225709995254874,0
1,220,220,0.012443181818181819,2560,2.1105138778686525,0.21796875,0.8879324465990066,0.7940048426389694,0.180859375,0.16321700438857079,0.9175269037485123,0.03137257695198059,0.07767029777169228,0.7467704772949219,0.8375518828630447,-0.05038056373596189,0.16632988750934596,nan,0.0,nan,0.0,0
1,240,240,0.013579545454545454,2560,2.0877191066741942,0.212109375,0.8921620398759842,0.8135218501091004,0.206640625,0.19117944613099097,0.9152298152446747,0.03137257695198059,0.0778030663728714,0.7492697268724442,0.8578031331300735,-0.03435890674591069,0.16632988750934596,nan,0.0,nan,0.0,0
1,260,260,0.014715909090909089,2560,2.116355335712433,0.19765625,0.9032804369926453,0.8265718042850494,0.195703125,0.18785761222243308,0.9168550044298172,0.03137257695198059,0.07627086453139782,0.74708132147789,0.8775092333555221,-0.025771203637123152,0.16632988750934596,nan,0.0,nan,0.0,0
1,280,280,0.015852272727272725,2560,2.095610022544861,0.215234375,0.8957934617996216,0.8234558254480362,0.214453125,0.2144349180161953,0.9192449122667312,0.03137257695198059,0.06904646791517735,0.7392161369323731,0.8879324465990066,-0.007861015200614996,0.16632988750934596,nan,0.0,nan,0.0,0
1,300,300,0.016988636363636362,2560,2.0548472881317137,0.2171875,0.9028714954853058,0.8315305233001709,0.222265625,0.2079032465815544,0.9168736964464188,0.03137257695198059,0.07015824243426323,0.7450654745101929,0.8921620398759842,-0.010709455609321572,0.16632988750934596,nan,0.0,0.265625,0.37845189997460693,0
1,320,320,0.018125,2560,2.0583816528320313,0.23046875,0.8962960600852966,0.8306261867284774,0.216796875,0.23317669555544854,0.9174696803092957,0.03137257695198059,0.06808794997632503,0.7438790470361709,0.8957934617996216,-0.0005025982856750044,0.16632988750934596,nan,0.0,nan,0.0,0
1,340,340,0.019261363636363635,2560,2.039512825012207,0.236328125,0.905274572968483,0.8381140679121017,0.226171875,0.21512224078178405,0.9158110469579697,0.03137257695198059,0.06789258904755116,0.7414255559444427,0.8962960600852966,-0.008978512883186407,0.16632988750934596,nan,0.0,nan,0.0,0
1,352,352,0.019943181818181818,1480,2.0755402842083495,0.22162162194380888,0.8925783714732608,0.8278984788301829,0.21216216200106852,0.22591587248686198,0.9234100254806312,0.031372576770750255,0.06247462489314982,0.7337537059912811,0.9028714954853058,0.010293124012044963,0.16632988750934596,nan,0.0,nan,0.0,0
2,20,372,0.021079545454545455,2560,2.037586307525635,0.2359375,0.8965380251407623,0.8292732417583466,0.20078125,0.22241594940423964,0.9190019130706787,0.03137257695198059,0.06484278179705143,0.7365676909685135,0.8962960600852966,-0.00024196505546569824,0.16632988750934596,nan,0.0,nan,0.0,0
2,40,392,0.022215909090909088,2560,2.003310489654541,0.236328125,0.9028193145990372,0.8314884424209594,0.20546875,0.23064228519797325,0.9187983363866806,0.03137257695198059,0.06064724233001471,0.7297084152698516,0.8965380251407623,-0.006281289458274886,0.16632988750934596,nan,0.0,0.2421875,0.3856756000313908,0
2,60,412,0.023352272727272725,2560,2.0264210224151613,0.226171875,0.9040762931108475,0.8394521266222,0.224609375,0.23627487048506737,0.9157858729362488,0.03137257695198059,0.05955029018223286,0.7277337938547135,0.8965380251407623,-0.007538267970085166,0.16632988750934596,nan,0.0,nan,0.0,0
2,80,432,0.024488636363636365,2560,2.026863932609558,0.234375,0.9012277841567993,0.8366770625114441,0.198828125,0.23424276635050773,0.9205416530370713,0.03137257695198059,0.06287730503827334,0.7340632319450379,0.9028193145990372,0.0015915304422379206,0.16632988750934596,nan,0.0,nan,0.0,0
2,100,452,0.025625,2560,1.9846802711486817,0.260546875,0.8969407916069031,0.8306242763996124,0.207421875,0.2459315150976181,0.9158980309963226,0.03137257695198059,0.06107688508927822,0.7328089594841003,0.9012277841567993,0.004286992549896174,0.16632988750934596,nan,0.0,nan,0.0,0
2,120,472,0.026761363636363635,2560,2.021891403198242,0.2328125,0.9036669433116913,0.8406248927116394,0.211328125,0.23796268552541733,0.9210654199123383,0.03137257695198059,0.06009824182838201,0.7318191677331924,0.9012277841567993,-0.002439159154892012,0.16632988750934596,nan,0.0,nan,0.0,0
2,140,492,0.027897727272727272,2560,1.9976680755615235,0.2453125,0.8972935378551483,0.8364550441503524,0.223046875,0.24837906435132026,0.9175584375858307,0.03137257695198059,0.06218536254018545,0.7357535719871521,0.9028193145990372,0.005525776743888877,0.16632988750934596,nan,0.0,0.21875,0.37799050007015467,0
2,160,512,0.02903409090909091,2560,2.0396090507507325,0.2328125,0.9045252740383148,0.8357595026493072,0.20859375,0.24515917226672174,0.9188916772603989,0.03137257695198059,0.05886282622814178,0.7281958222389221,0.9012277841567993,-0.0032974898815155695,0.16632988750934596,nan,0.0,nan,0.0,0
2,180,532,0.030170454545454545,2560,1.9501254081726074,0.25703125,0.8972613245248795,0.8372224390506744,0.212109375,0.24801896661520004,0.9149106562137603,0.03137257695198059,0.058882730267941955,0.7292021721601486,0.9012277841567993,0.003966459631919772,0.16632988750934596,nan,0.0,nan,0.0,0
2,200,552,0.03130681818181818,2560,1.9920061588287354,0.241796875,0.9028118282556534,0.8407050013542176,0.20078125,0.2617822870612144,0.9152012050151825,0.03137257695198059,0.05924078039824963,0.7302085161209106,0.8972935378551483,-0.00551829040050511,0.16632988750934596,nan,0.0,nan,0.0,0
2,220,572,0.032443181818181815,2560,2.04331579208374,0.228515625,0.9032231539487838,0.8387228906154632,0.190625,0.2577314846217632,0.9204787135124206,0.03137257695198059,0.05857162252068519,0.727463322877884,0.9028118282556534,-0.00041132569313040435,0.16632988750934596,nan,0.0,nan,0.0,0
2,240,592,0.03357954545454545,2560,1.9779442310333253,0.2578125,0.8995890259742737,0.8414713680744171,0.2,0.2542197674512863,0.9180081903934478,0.03137257695198059,0.05619780942797661,0.7235827386379242,0.9028118282556534,0.003222802281379722,0.16632988750934596,nan,0.0,0.2421875,0.37760990008246154,0
2,260,612,0.03471590909090909,2560,1.97904691696167,0.249609375,0.8993482559919357,0.8431169092655182,0.234765625,0.27029287368059157,0.9151086419820785,0.03137257695198059,0.05410947538912296,0.720212060213089,0.9028118282556534,0.00346357226371774,0.16632988750934596,nan,0.0,nan,0.0,0
2,280,632,0.035852272727272726,2560,1.9719142675399781,0.254296875,0.9017321318387985,0.8393675655126571,0.21328125,0.27146450951695444,0.9202284723520279,0.03137257695198059,0.0610239515081048,0.7303599447011948,0.8995890259742737,-0.002143105864524819,0.16632988750934596,nan,0.0,nan,0.0,0
2,300,652,0.03698863636363636,2560,1.9728068828582763,0.236328125,0.8992793560028076,0.8439408838748932,0.23203125,0.25751337185502055,0.9148552119731903,0.03137257695198059,0.05679824035614729,0.7292789429426193,0.9017321318387985,0.0024527758359909058,0.16632988750934596,nan,0.0,nan,0.0,0
2,320,672,0.038125,2560,1.952410054206848,0.250390625,0.8975528627634048,0.843789565563202,0.233203125,0.277969790995121,0.9159342646598816,0.03137257695198059,0.06071396358311176,0.7366854339838028,0.8995890259742737,0.0020361632108688577,0.16632988750934596,nan,0.0,nan,0.0,0
2,340,692,0.03926136363636363,2560,1.9814311265945435,0.243359375,0.9058693021535873,0.843481469154358,0.21484375,0.2643630005419254,0.9158297419548035,0.03137257695198059,0.058307135663926604,0.729296937584877,0.8993482559919357,-0.006521046161651611,0.16632988750934596,nan,0.0,0.2734375,0.3782916000345722,0
2,352,704,0.039943181818181815,1480,1.9348274868887825,0.2750000006443745,0.8963896200463578,0.8389732119199392,0.20270270254160908,0.27859118145865364,0.916347766566921,0.03137257695198059,0.05368481894602647,0.7167956793630446,0.8993482559919357,0.002958635945577881,0.16632988750934596,nan,0.0,nan,0.0,0
3,20,724,0.04107954545454545,2560,1.951571774482727,0.255078125,0.9072280079126358,0.8517996698617936,0.212890625,0.2749399706721306,0.9161023616790771,0.03137257695198059,0.06280110217630863,0.740310338139534,0.8992793560028076,-0.007948651909828186,0.16632988750934596,nan,0.0,nan,0.0,0
3,40,744,0.04221590909090909,2560,1.9596329212188721,0.263671875,0.9069223582744599,0.8483560174703598,0.218359375,0.2848851464688778,0.9180411249399185,0.03137257695198059,0.05962449852377176,0.7329471439123154,0.8992793560028076,-0.007643002271652266,0.16632988750934596,nan,0.0,nan,0.0,0
3,60,764,0.043352272727272725,2560,1.975232982635498,0.246875,0.9014254599809647,0.8447911739349365,0.2015625,0.268831467628479,0.9134056329727173,0.03137257695198059,0.056289166770875455,0.7280085504055023,0.9058693021535873,0.004443842172622614,0.16632988750934596,nan,0.0,nan,0.0,0
3,80,784,0.04448863636363636,2560,1.9450865745544434,0.262890625,0.9033293902873993,0.8457840204238891,0.20390625,0.2699494831264019,0.9157435268163681,0.03137257695198059,0.05631047450006008,0.7265416592359543,0.9058693021535873,0.0025399118661879605,0.16632988750934596,nan,0.0,0.234375,0.38418589998036623,0
3,100,804,0.04562499999999999,2560,1.9037293016910553,0.285546875,0.8957304418087005,0.8425244867801667,0.21171875,0.301282499730587,0.9164215236902237,0.03137257695198059,0.05460890866816044,0.7274530529975891,0.9033293902873993,0.007598948478698797,0.16632988750934596,nan,0.0,nan,0.0,0
3,120,824,0.046761363636363636,2560,1.8916545867919923,0.265234375,0.9058095067739487,0.8464389979839325,0.233984375,0.2910997673869133,0.9154290795326233,0.03137257695198059,0.05525426492094994,0.7243005037307739,0.9033293902873993,-0.002480116486549333,0.16632988750934596,nan,0.0,nan,0.0,0
3,140,844,0.04789772727272727,2560,1.9083703994750976,0.27265625,0.901369372010231,0.8479374170303344,0.234375,0.28139335066080096,0.9158536463975906,0.03137257695198059,0.05655221361666918,0.7260789215564728,0.9033293902873993,0.001960018277168296,0.16632988750934596,nan,0.0,nan,0.0,0
3,160,864,0.04903409090909091,2560,1.9295711755752563,0.267578125,0.8981332302093505,0.8440726190805435,0.22109375,0.30614620000123977,0.915845513343811,0.03137257695198059,0.05154851507395506,0.7179917842149734,0.9014254599809647,0.0032922297716141413,0.16632988750934596,nan,0.0,nan,0.0,0
3,180,884,0.050170454545454546,2560,1.9208232641220093,0.272265625,0.9010369062423706,0.84730544090271,0.223828125,0.29945711642503736,0.9152429103851318,0.03137257695198059,0.05777048133313656,0.7323519319295884,0.901369372010231,0.0003324657678603904,0.16632988750934596,nan,0.0,0.2421875,0.3791992000769824,0
3,200,904,0.05130681818181818,2560,1.9199933052062987,0.261328125,0.9017706513404846,0.8478134363889694,0.230078125,0.28139707297086713,0.9104246944189072,0.03137257695198059,0.05238997153937817,0.719571715593338,0.9010369062423706,-0.0007337450981139693,0.16632988750934596,nan,0.0,nan,0.0,0
3,220,924,0.05244318181818181,2560,1.9052549123764038,0.2703125,0.901913383603096,0.8467450648546219,0.238671875,0.2849191941320896,0.9143801629543304,0.03137257695198059,0.05035734623670578,0.7137233942747117,0.901369372010231,-0.0005440115928649902,0.16632988750934596,nan,0.0,nan,0.0,0
3,240,944,0.05357954545454545,2560,1.9166288137435914,0.274609375,0.8939462929964066,0.8439950525760651,0.2390625,0.30905110090970994,0.9154481440782547,0.03137257695198059,0.05164725314825773,0.7207541346549988,0.901369372010231,0.007423079013824441,0.16632988750934596,nan,0.0,nan,0.0,0
3,260,964,0.054715909090909086,2560,1.9092944622039796,0.284375,0.895607379078865,0.8453848719596863,0.234375,0.299315932393074,0.9200259059667587,0.03137257695198059,0.050442011840641496,0.7170262217521668,0.9010369062423706,0.005429527163505643,0.16632988750934596,nan,0.0,nan,0.0,0
3,280,984,0.05585227272727273,2560,1.85705885887146,0.293359375,0.8920649468898774,0.844791305065155,0.233203125,0.304142240434885,0.9154237329959869,0.03137257695198059,0.05215785633772611,0.7233659118413925,0.9010369062423706,0.008971959352493286,0.16632988750934596,nan,0.0,0.265625,0.3749627999495715,0
3,300,1004,0.056988636363636366,2560,1.8912335753440856,0.28671875,0.8983638405799865,0.8420434534549713,0.243359375,0.31853113174438474,0.9149345606565475,0.03137257695198059,0.053030266612768176,0.7222690284252167,0.895607379078865,-0.002756461501121521,0.16632988750934596,nan,0.0,nan,0.0,0
3,320,1024,0.058124999999999996,2560,1.8481890916824342,0.29765625,0.883834183216095,0.8363782435655593,0.24765625,0.32123906165361404,0.9185287743806839,0.03137257695198059,0.04859750717878342,0.7156581908464432,0.895607379078865,0.011773195862770036,0.16632988750934596,nan,0.0,nan,0.0,0
3,340,1044,0.05926136363636363,2560,1.8977766513824463,0.281640625,0.8950655460357666,0.8411022365093231,0.237109375,0.3106965094804764,0.9201286435127258,0.03137257695198059,0.050972598046064375,0.7174237847328186,0.8939462929964066,-0.001119253039360002,0.16632988750934596,nan,0.0,nan,0.0,0
3,352,1056,0.05994318181818181,1480,1.8764120971834337,0.28783783783783784,0.8898215857711999,0.8451979256965019,0.2364864865670333,0.32053272095886437,0.9098248008135202,0.03137257695198059,0.05059383922332042,0.7242780363237535,0.8950655460357666,0.005243960264566749,0.16632988750934596,nan,0.0,nan,0.0,0
4,20,1076,0.061079545454545456,2560,1.8686355590820312,0.284765625,0.8952375322580337,0.8414238214492797,0.218359375,0.3031682729721069,0.9172441035509109,0.03137257695198059,0.05028826948255301,0.7174359738826752,0.8920649468898774,-0.0031725853681563443,0.16632988750934596,nan,0.0,0.1953125,0.37889059993904084,0
4,40,1096,0.06221590909090909,2560,1.8529502391815185,0.291796875,0.8918248057365418,0.8455801874399185,0.240234375,0.32506832629442217,0.9175453394651413,0.03137257695198059,0.054211262986063956,0.7297673523426056,0.8950655460357666,0.0032407402992248313,0.16632988750934596,nan,0.0,nan,0.0,0
4,60,1116,0.06335227272727273,2560,1.8397091388702393,0.295703125,0.8880446553230286,0.8385055720806122,0.251953125,0.3250981971621513,0.9134492427110672,0.03137257695198059,0.0529767656698823,0.725389900803566,0.8918248057365418,0.003780150413513206,0.16632988750934596,nan,0.0,nan,0.0,0
4,80,1136,0.06448863636363636,2560,1.8609436988830566,0.28203125,0.8896270155906677,0.8408540278673172,0.2578125,0.31811398416757586,0.916538006067276,0.03137257695198059,0.0522197375074029,0.7231445163488388,0.8918248057365418,0.002197790145874068,0.16632988750934596,nan,0.0,nan,0.0,0
4,100,1156,0.065625,2560,1.8380573272705079,0.30703125,0.8850129842758179,0.8381611049175263,0.249609375,0.32515144199132917,0.917577001452446,0.03137257695198059,0.050434870086610316,0.718855232000351,0.8898215857711999,0.004808601495381981,0.16632988750934596,nan,0.0,nan,0.0,0
4,120,1176,0.06676136363636363,2560,1.8319381713867187,0.30546875,0.8959963649511338,0.8444259852170944,0.269140625,0.3274509847164154,0.913737004995346,0.03137257695198059,0.054170132614672184,0.7286148846149445,0.8896270155906677,-0.00636934936046607,0.16632988750934596,nan,0.0,0.296875,0.3752211999380961,0
4,140,1196,0.06789772727272726,2560,1.8415669560432435,0.303515625,0.8738372087478637,0.8297900140285492,0.245703125,0.34136335402727125,0.9140223383903503,0.03137257695198059,0.05054695252329111,0.7228851944208146,0.8896270155906677,0.015789806842803955,0.16632988750934596,nan,0.0,nan,0.0,0
4,160,1216,0.0690340909090909,2560,1.838360857963562,0.2828125,0.8908133566379547,0.8408795922994614,0.254296875,0.32349682599306107,0.9200363367795944,0.03137257695198059,0.05399533584713936,0.7282483011484147,0.8880446553230286,-0.0027687013149261253,0.16632988750934596,nan,0.0,nan,0.0,0
4,180,1236,0.07017045454545454,2560,1.8242507219314574,0.30234375,0.881249925494194,0.8321969509124756,0.24921875,0.3195739209651947,0.913924303650856,0.03137257695198059,0.049173621274530885,0.716959810256958,0.8896270155906677,0.008377090096473694,0.16632988750934596,nan,0.0,nan,0.0,0
4,200,1256,0.07130681818181818,2560,1.862855648994446,0.30234375,0.88418450653553,0.8403392940759659,0.23984375,0.3297659769654274,0.9134600549936295,0.03137257695198059,0.0516734104603529,0.7243425965309143,0.8850129842758179,0.0008284777402878252,0.16632988750934596,nan,0.0,nan,0.0,0
4,220,1276,0.07244318181818182,2560,1.8004824757575988,0.326171875,0.8818348556756973,0.8352709650993347,0.244140625,0.32194877564907076,0.919954189658165,0.03137257695198059,0.05451788101345301,0.7306119740009308,0.88418450653553,0.0023496508598327415,0.16632988750934596,nan,0.0,0.3125,0.37667689996305853,0
4,240,1296,0.07357954545454545,2560,1.851597934961319,0.295703125,0.8835672914981842,0.8395216822624206,0.261328125,0.35385423302650454,0.9107043117284774,0.03137257695198059,0.051309323869645596,0.7256832897663117,0.8818348556756973,-0.001732435822486944,0.16632988750934596,nan,0.0,nan,0.0,0
4,260,1316,0.07471590909090908,2560,1.7993145823478698,0.309375,0.8803696930408478,0.8366063684225082,0.261328125,0.34482858180999754,0.9155291497707367,0.03137257695198059,0.056151407584547994,0.7340546905994415,0.8835672914981842,0.00319759845733647,0.16632988750934596,nan,0.0,nan,0.0,0
4,280,1336,0.07585227272727273,2560,1.8220341444015502,0.311328125,0.8841387838125229,0.8370673030614852,0.243359375,0.32957142442464826,0.9148226618766785,0.03137257695198059,0.0523886701092124,0.7262198358774186,0.8818348556756973,-0.0023039281368255615,0.16632988750934596,nan,0.0,nan,0.0,0
4,300,1356,0.07698863636363637,2560,1.8094928026199342,0.31640625,0.8862445741891861,0.8412190943956375,0.250390625,0.34911608397960664,0.9132956385612487,0.03137257695198059,0.05230705812573433,0.7250346541404724,0.8835672914981842,-0.00267728269100187,0.16632988750934596,nan,0.0,nan,0.0,0
4,320,1376,0.078125,2560,1.8215072870254516,0.307421875,0.8812502592802047,0.836308816075325,0.255859375,0.3324971035122871,0.9170331507921219,0.03137257695198059,0.054287868365645406,0.7319326579570771,0.8835672914981842,0.00231703221797952,0.16632988750934596,nan,0.0,0.25,0.37946990004274994,0
4,340,1396,0.07926136363636364,2560,1.7851939439773559,0.327734375,0.880465966463089,0.8365384638309479,0.25,0.3447921499609947,0.9148735255002975,0.03137257695198059,0.05642246156930923,0.7361604481935501,0.8835672914981842,0.0031013250350953037,0.16632988750934596,nan,0.0,nan,0.0,0
4,352,1408,0.07994318181818182,1480,1.836971139907837,0.30540540556649903,0.885085370411744,0.8380538476480021,0.24189189165025143,0.3354830392309137,0.9157569898141397,0.03137257695198059,0.048847294860594984,0.7187973560513676,0.8812502592802047,-0.003835111131539226,0.16632988750934596,nan,0.0,nan,0.0,0
5,20,1428,0.08107954545454545,2560,1.7704652786254882,0.323046875,0.8834491342306137,0.8347700893878937,0.246484375,0.3453052490949631,0.9177990257740021,0.03137257695198059,0.052423101663589475,0.7270813912153244,0.8841387838125229,0.0006896495819092019,0.16632988750934596,nan,0.0,nan,0.0,0
5,40,1448,0.08221590909090909,2560,1.7804221868515016,0.337109375,0.871436995267868,0.8275629848241806,0.23359375,0.3480817168951035,0.9193349450826644,0.03137257695198059,0.04974328000098467,0.7203278630971909,0.8834491342306137,0.012012138962745667,0.16632988750934596,nan,0.0,nan,0.0,0
5,60,1468,0.08335227272727272,2560,1.789089560508728,0.312109375,0.8787841677665711,0.8379051417112351,0.269140625,0.3531211644411087,0.9158790826797485,0.03137257695198059,0.056002456322312356,0.7345998823642731,0.8812502592802047,0.002466091513633639,0.16632988750934596,nan,0.0,0.28125,0.36664199992083013,0
5,80,1488,0.08448863636363636,2560,1.8038155794143678,0.320703125,0.8754947036504745,0.8351855188608169,0.243359375,0.3371370553970337,0.9160542994737625,0.03137257695198059,0.0530381066724658,0.7294375687837601,0.880465966463089,0.0049712628126143965,0.16632988750934596,nan,0.0,nan,0.0,0
5,100,1508,0.08562499999999999,2560,1.7763127148151399,0.33203125,0.8713020592927933,0.8330541163682937,0.2515625,0.3594309642910957,0.911268001794815,0.03137257695198059,0.050611625984311105,0.7234097748994828,0.8787841677665711,0.007482108473777838,0.16632988750934596,nan,0.0,nan,0.0,0
5,120,1528,0.08676136363636362,2560,1.7570746898651124,0.330078125,0.8728411376476288,0.8288625299930572,0.2625,0.35473868250846863,0.9172223627567291,0.03137257695198059,0.049380370415747166,0.723166111111641,0.8754947036504745,0.0026535660028457198,0.16632988750934596,nan,0.0,nan,0.0,0
5,140,1548,0.08789772727272727,2560,1.7510923147201538,0.32890625,0.8759515643119812,0.8365575313568115,0.248046875,0.3531859666109085,0.9134444087743759,0.03137257695198059,0.0553620208054781,0.7351854145526886,0.8728411376476288,-0.0031104266643523504,0.16632988750934596,nan,0.0,nan,0.0,0
5,160,1568,0.0890340909090909,2560,1.7613972663879394,0.3328125,0.8665622293949127,0.8280697077512741,0.25546875,0.3479190766811371,0.9130560755729675,0.03137257695198059,0.04929214119911194,0.7195693403482437,0.8754947036504745,0.008932474255561873,0.16632988750934596,nan,0.0,0.2578125,0.38010379998013377,0
5,180,1588,0.09017045454545455,2560,1.7814561247825622,0.3296875,0.8706777155399322,0.8308544367551803,0.259375,0.3488397404551506,0.9121610134840011,0.03137257695198059,0.05489215478301048,0.7334163784980774,0.8728411376476288,0.0021634221076966,0.16632988750934596,nan,0.0,nan,0.0,0
5,200,1608,0.09130681818181818,2560,1.7911788821220398,0.31484375,0.8686082869768142,0.8290152430534363,0.268359375,0.36735140085220336,0.9150547206401825,0.03137257695198059,0.05185155775398016,0.7278108686208725,0.8713020592927933,0.002693772315979004,0.16632988750934596,nan,0.0,nan,0.0,0
5,220,1628,0.09244318181818183,2560,1.7159987330436706,0.3421875,0.869157463312149,0.8303231805562973,0.262109375,0.36130925714969636,0.9190295070409775,0.03137257695198059,0.0510102042928338,0.7248571813106537,0.8706777155399322,0.001520252227783181,0.16632988750934596,nan,0.0,nan,0.0,0
5,240,1648,0.09357954545454546,2560,1.7699912309646606,0.323828125,0.8734250158071518,0.8320864558219909,0.280078125,0.36775948852300644,0.9136111110448837,0.03137257695198059,0.052180993184447286,0.7281301617622375,0.869157463312149,-0.004267552495002769,0.16632988750934596,nan,0.0,nan,0.0,0
5,260,1668,0.09471590909090909,2560,1.7363797187805177,0.34453125,0.8644647806882858,0.8276629328727723,0.25,0.3566546931862831,0.9205702692270279,0.03137257695198059,0.0533406563103199,0.7289262026548385,0.869157463312149,0.004692682623863242,0.16632988750934596,nan,0.0,0.2890625,0.38043670007027686,0
5,280,1688,0.09585227272727273,2560,1.7578797578811645,0.33046875,0.8678318709135056,0.831096151471138,0.279296875,0.3700787141919136,0.9204002648591996,0.03137257695198059,0.05546702351421118,0.733689546585083,0.869157463312149,0.0013255923986434937,0.16632988750934596,nan,0.0,nan,0.0,0
5,300,1708,0.09698863636363636,2560,1.7457972764968872,0.330859375,0.8658377885818481,0.8238659054040909,0.255078125,0.35976131111383436,0.9194683343172073,0.03137257695198059,0.05368004627525806,0.7307501196861267,0.8686082869768142,0.0027704983949661255,0.16632988750934596,nan,0.0,nan,0.0,0
5,320,1728,0.098125,2560,1.7559038400650024,0.326171875,0.8612507909536362,0.8262200862169266,0.27109375,0.3545539304614067,0.9154569238424302,0.03137257695198059,0.052847536467015746,0.7276866853237152,0.8678318709135056,0.00658107995986934,0.16632988750934596,nan,0.0,nan,0.0,0
5,340,1748,0.09926136363636363,2560,1.7493080735206603,0.338671875,0.8587858617305756,0.8254991143941879,0.263671875,0.3701741203665733,0.9110817164182663,0.03137257695198059,0.053655588813126084,0.732155767083168,0.8658377885818481,0.007051926851272539,0.16632988750934596,nan,0.0,nan,0.0,0
5,352,1760,0.0999431818181818,1480,1.7488656746374593,0.34324324372652415,0.8651816448649845,0.82561433798558,0.2560810811616279,0.36559057122952227,0.9153718648730098,0.03137257695198059,0.049853673476625136,0.721061030271891,0.8644647806882858,-0.000716864176698695,0.16632988750934596,nan,0.0,0.3203125,0.38067599991336465,0
6,20,1780,0.10107954545454545,2560,1.7220477700233459,0.336328125,0.8537345170974732,0.8246048152446747,0.28046875,0.36988089680671693,0.916374483704567,0.03137257695198059,0.05318699330091477,0.7318862706422806,0.8651816448649845,0.011447127767511334,0.16632988750934596,nan,0.0,nan,0.0,0
6,40,1800,0.10221590909090908,2560,1.7501909136772156,0.3484375,0.8645822465419769,0.8289431452751159,0.263671875,0.37196615189313886,0.9119527339935303,0.03137257695198059,0.05254076700657606,0.7284596711397171,0.8612507909536362,-0.0033314555883406927,0.16632988750934596,nan,0.0,nan,0.0,0
6,60,1820,0.10335227272727272,2560,1.7434258699417113,0.33984375,0.8620427638292313,0.828046315908432,0.2671875,0.36151750683784484,0.9144523859024047,0.03137257695198059,0.0567765511572361,0.7364173263311387,0.8612507909536362,-0.0007919728755950706,0.16632988750934596,nan,0.0,nan,0.0,0
6,80,1840,0.10448863636363635,2560,1.749562132358551,0.331640625,0.8631884425878524,0.8246799618005752,0.26328125,0.37039550989866254,0.9151241421699524,0.03137257695198059,0.050316987186670305,0.7236735075712204,0.8620427638292313,-0.0011456787586211492,0.16632988750934596,nan,0.0,nan,0.0,0
6,100,1860,0.10562500000000001,2560,1.7396908283233643,0.33671875,0.8651877224445343,0.8290730983018875,0.256640625,0.34747297167778013,0.9156870692968369,0.03137257695198059,0.04916749410331249,0.7219127595424653,0.8631884425878524,-0.0019992798566819125,0.16632988750934596,nan,0.0,0.328125,0.37709770002402365,0
6,120,1880,0.10676136363636364,2560,1.7277394890785218,0.337109375,0.8535339027643204,0.8237940728664398,0.266015625,0.3732257694005966,0.9138973414897918,0.03137257695198059,0.05034948829561472,0.7246997803449631,0.8631884425878524,0.009654539823532038,0.16632988750934596,nan,0.0,nan,0.0,0
6,140,1900,0.10789772727272727,2560,1.717863255739212,0.3328125,0.8458983927965165,0.8199833124876023,0.298828125,0.3798315554857254,0.9161527216434479,0.03137257695198059,0.052762053534388544,0.730811333656311,0.8631884425878524,0.01729004979133597,0.16632988750934596,nan,0.0,nan,0.0,0
6,160,1920,0.10903409090909091,2560,1.7362964510917664,0.33671875,0.8585312098264695,0.8199928432703019,0.269921875,0.38314144909381864,0.9169422358274459,0.03137257695198059,0.052919418178498746,0.7302988737821579,0.8620427638292313,0.0035115540027618186,0.16632988750934596,nan,0.0,nan,0.0,0
6,180,1940,0.11017045454545454,2560,1.728638118505478,0.343359375,0.8555173635482788,0.8188002496957779,0.25078125,0.3546398475766182,0.91432865858078,0.03137257695198059,0.04917253870517015,0.7221409887075424,0.8585312098264695,0.0030138462781906794,0.16632988750934596,nan,0.0,nan,0.0,0
6,200,1960,0.11130681818181819,2560,1.6782486081123351,0.36953125,0.8611340016126633,0.8214613765478134,0.271875,0.37655719369649887,0.9124889642000198,0.03137257695198059,0.05179251786321402,0.727671816945076,0.8555173635482788,-0.005616638064384505,0.16632988750934596,nan,0.0,0.296875,0.365943800075911,0
6,220,1980,0.11244318181818182,2560,1.7130867660045623,0.334765625,0.8529372394084931,0.8196809321641922,0.287109375,0.3815182000398636,0.9142547845840454,0.03137257695198059,0.049368086457252505,0.7240377932786941,0.8555173635482788,0.0025801241397857,0.16632988750934596,nan,0.0,nan,0.0,0
6,240,2000,0.11357954545454545,2560,1.679298847913742,0.348046875,0.8498137146234512,0.8152435511350632,0.287109375,0.3812920838594437,0.9135072231292725,0.03137257695198059,0.050925478152930734,0.7248685419559479,0.8555173635482788,0.0057036489248275535,0.16632988750934596,nan,0.0,nan,0.0,0
6,260,2020,0.11471590909090909,2560,1.697032481431961,0.359375,0.8490294486284256,0.8185372859239578,0.274609375,0.37607918977737426,0.9098552912473679,0.03137257695198059,0.05008111204952002,0.7263631016016007,0.8555173635482788,0.006487914919853233,0.16632988750934596,nan,0.0,nan,0.0,0
6,280,2040,0.11585227272727272,2560,1.693552416563034,0.35078125,0.846265909075737,0.8155934840440751,0.255859375,0.3866046071052551,0.9139230340719223,0.03137257695198059,0.050613786838948724,0.7248258531093598,0.8529372394084931,0.006671330332756131,0.16632988750934596,nan,0.0,nan,0.0,0
6,300,2060,0.11698863636363635,2560,1.685374116897583,0.36015625,0.8416674435138702,0.817752480506897,0.262109375,0.3635227918624878,0.9119901239871979,0.03137257695198059,0.051756199449300766,0.7288240790367126,0.8498137146234512,0.008146271109580994,0.16632988750934596,nan,0.0,0.3203125,0.3597097999881953,0
6,320,2080,0.118125,2560,1.6993648827075958,0.34609375,0.8483252912759781,0.8214225947856904,0.26640625,0.38796843588352203,0.9121057122945786,0.03137257695198059,0.04983656276017427,0.7228117644786834,0.8490294486284256,0.0007041573524474432,0.16632988750934596,nan,0.0,nan,0.0,0
6,340,2100,0.11926136363636362,2560,1.668425154685974,0.367578125,0.8449416339397431,0.8197020441293716,0.267578125,0.3926329597830772,0.9135869592428207,0.03137257695198059,0.054177768900990485,0.7339897394180298,0.8483252912759781,0.003383657336235024,0.16632988750934596,nan,0.0,nan,0.0,0
6,352,2112,0.11994318181818181,1480,1.7029833503671594,0.3479729731340666,0.8421791688815967,0.820455923595944,0.2655405403794469,0.3972284658535107,0.9190687318105956,0.03137257695198059,0.04999978294646418,0.7250961245717229,0.846265909075737,0.004086740194140237,0.16632988750934596,nan,0.0,nan,0.0,0
7,20,2132,0.12107954545454545,2560,1.7032210052013397,0.34140625,0.8491509586572648,0.8173834621906281,0.262109375,0.372771230340004,0.9130765527486802,0.03137257695198059,0.05261519998311996,0.7313525378704071,0.8449416339397431,-0.0042093247175216675,0.16632988750934596,nan,0.0,nan,0.0,0
7,40,2152,0.1222159090909091,2560,1.6918002188205719,0.35859375,0.8472037792205811,0.8220534175634384,0.275390625,0.38083931505680085,0.9125625789165497,0.03137257695198059,0.04817912634462118,0.7213879078626633,0.8449416339397431,-0.0022621452808380127,0.16632988750934596,nan,0.0,0.375,0.3910520999925211,0
7,60,2172,0.12335227272727273,2560,1.6546872317790986,0.373828125,0.8473893761634826,0.8177178859710693,0.277734375,0.39078616350889206,0.910214763879776,0.03137257695198059,0.04784877281636,0.7210763216018676,0.8472037792205811,-0.00018559694290154471,0.16632988750934596,nan,0.0,nan,0.0,0
7,80,2192,0.12448863636363636,2560,1.6564821124076843,0.362890625,0.84304279088974,0.8209779351949692,0.26953125,0.373844513297081,0.911926931142807,0.03137257695198059,0.049161990731954576,0.7208934545516967,0.8472037792205811,0.004160988330841109,0.16632988750934596,nan,0.0,nan,0.0,0
7,100,2212,0.125625,2560,1.6693444311618806,0.3578125,0.8421311140060425,0.8210978448390961,0.292578125,0.4032739222049713,0.911483782529831,0.03137257695198059,0.0500848475843668,0.7229953110218048,0.8472037792205811,0.005072665214538641,0.16632988750934596,nan,0.0,nan,0.0,0
7,120,2232,0.12676136363636364,2560,1.6687095403671264,0.35390625,0.8511766016483306,0.8187160670757294,0.283984375,0.37525649070739747,0.9144508570432663,0.03137257695198059,0.04993870779871941,0.7242375910282135,0.8472037792205811,-0.003972822427749545,0.16632988750934596,nan,0.0,nan,0.0,0
7,140,2252,0.12789772727272727,2560,1.6706944406032562,0.36796875,0.8505564272403717,0.819977205991745,0.246484375,0.3775372549891472,0.9165202051401138,0.03137257695198059,0.0458576861768961,0.7141827493906021,0.8472037792205811,-0.003352648019790627,0.16632988750934596,nan,0.0,0.359375,0.3622495000017807,0
7,160,2272,0.1290340909090909,2560,1.6981120705604553,0.33984375,0.8415605455636979,0.8131304651498794,0.28125,0.3831937924027443,0.9069303154945374,0.03137257695198059,0.048966706916689876,0.7219404578208923,0.8473893761634826,0.0058288305997847845,0.16632988750934596,nan,0.0,nan,0.0,0
7,180,2292,0.13017045454545453,2560,1.6834268629550935,0.355859375,0.8340482234954834,0.8122182369232178,0.277734375,0.3874999210238457,0.9162388056516647,0.03137257695198059,0.04962798450142145,0.724319139122963,0.84304279088974,0.008994567394256636,0.16632988750934596,nan,0.0,nan,0.0,0
7,200,2312,0.13130681818181816,2560,1.6984586119651794,0.344140625,0.839711332321167,0.8148670375347138,0.280859375,0.38224821984767915,0.91501225233078,0.03137257695198059,0.04853299204260111,0.7218771606683732,0.8421311140060425,0.002419781684875444,0.16632988750934596,nan,0.0,nan,0.0,0
7,220,2332,0.13244318181818182,2560,1.6754826068878175,0.365234375,0.8368721812963485,0.811670446395874,0.287890625,0.39351980835199357,0.9189079463481903,0.03137257695198059,0.050171979889273646,0.7233484566211701,0.8415605455636979,0.00468836426734931,0.16632988750934596,nan,0.0,nan,0.0,0
7,240,2352,0.13357954545454545,2560,1.6654893636703492,0.369921875,0.8459191024303436,0.8224735468626022,0.27578125,0.3866796836256981,0.9102760463953018,0.03137257695198059,0.05182663854211569,0.7286596804857254,0.839711332321167,-0.0062077701091766135,0.16632988750934596,nan,0.0,0.3515625,0.35651319997850806,0
7,260,2372,0.13471590909090908,2560,1.6761836946010589,0.3515625,0.8331821858882904,0.8147565394639968,0.277734375,0.402881883084774,0.9115959405899048,0.03137257695198059,0.0474481612443924,0.7207710295915604,0.839711332321167,0.006529146432876609,0.16632988750934596,nan,0.0,nan,0.0,0
7,280,2392,0.1358522727272727,2560,1.661916548013687,0.3578125,0.8281622171401978,0.8075233638286591,0.29140625,0.37555423229932783,0.9066464960575104,0.03137257695198059,0.046531263180077075,0.7149441182613373,0.8368721812963485,0.008709964156150773,0.16632988750934596,nan,0.0,nan,0.0,0
7,300,2412,0.13698863636363634,2560,1.6650879800319671,0.37109375,0.8483436912298202,0.81994808614254,0.268359375,0.3871326148509979,0.9144829005002976,0.03137257695198059,0.04633928779512644,0.7153265684843063,0.8368721812963485,-0.01147150993347168,0.16632988750934596,nan,0.0,nan,0.0,0
7,320,2432,0.138125,2560,1.6659558594226838,0.359765625,0.8366658717393876,0.8139359951019287,0.284375,0.4033612206578255,0.9117459863424301,0.03137257695198059,0.05049756485968828,0.7258095413446426,0.8368721812963485,0.00020630955696099296,0.16632988750934596,nan,0.0,nan,0.0,0
7,340,2452,0.13926136363636363,2560,1.647418999671936,0.38203125,0.8384014159440994,0.8190560907125473,0.256640625,0.3825478732585907,0.9086305141448975,0.03137257695198059,0.0482368104159832,0.7206635445356369,0.8366658717393876,-0.0017355442047118919,0.16632988750934596,nan,0.0,0.3203125,0.35571370006073266,0
7,352,2464,0.13994318181818183,1480,1.6580818562894255,0.36351351319132624,0.8280864187189051,0.8075001926035494,0.27567567583676933,0.39159190139255007,0.9164155022518055,0.03137257695198059,0.0467245974653476,0.7180882495802802,0.8366658717393876,0.008579453020482464,0.16632988750934596,nan,0.0,nan,0.0,0
8,20,2484,0.14107954545454546,2560,1.6475031077861786,0.362890625,0.8305105656385422,0.8095034509897232,0.29375,0.3880624011158943,0.9086933404207229,0.03137257695198059,0.044944029115140435,0.7105850100517273,0.8366658717393876,0.006155306100845359,0.16632988750934596,nan,0.0,nan,0.0,0
8,40,2504,0.1422159090909091,2560,1.6320637583732605,0.359765625,0.8284385859966278,0.8118474543094635,0.292578125,0.4060317113995552,0.9080867886543273,0.03137257695198059,0.04429955035448074,0.7118690878152847,0.8366658717393876,0.008227285742759771,0.16632988750934596,nan,0.0,nan,0.0,0
8,60,2524,0.14335227272727272,2560,1.6248728811740876,0.37265625,0.833793631196022,0.8173061609268188,0.287109375,0.3837887063622475,0.9083942621946335,0.03137257695198059,0.044701818749308585,0.7135980546474456,0.8305105656385422,-0.003283065557479814,0.16632988750934596,nan,0.0,nan,0.0,0
8,80,2544,0.14448863636363635,2560,1.6237604796886445,0.3734375,0.8232834428548813,0.8068789333105088,0.28515625,0.38756479918956754,0.9073204189538956,0.03137257695198059,0.0436295485123992,0.7108356088399888,0.8305105656385422,0.007227122783660889,0.16632988750934596,nan,0.0,0.34375,0.3709696000441909,0
8,100,2564,0.145625,2560,1.672181534767151,0.36328125,0.8315235078334808,0.8082699060440064,0.295703125,0.4024997100234032,0.9176925897598267,0.03137257695198059,0.05137113630771637,0.7288904845714569,0.8284385859966278,-0.0030849218368530495,0.16632988750934596,nan,0.0,nan,0.0,0
8,120,2584,0.14676136363636363,2560,1.6662414610385894,0.366796875,0.8420425325632095,0.8151259243488311,0.283203125,0.41080753207206727,0.9140668392181397,0.03137257695198059,0.04503132030367851,0.7140111863613129,0.8305105656385422,-0.011531966924667292,0.16632988750934596,nan,0.0,nan,0.0,0
8,140,2604,0.14789772727272726,2560,1.630512034893036,0.362890625,0.8272628515958786,0.814682912826538,0.291015625,0.3873331755399704,0.912138506770134,0.03137257695198059,0.050734525360167024,0.7267624139785767,0.8315235078334808,0.0042606562376021895,0.16632988750934596,nan,0.0,nan,0.0,0
8,160,2624,0.1490340909090909,2560,1.6464372396469116,0.362890625,0.8427423626184464,0.8177861660718918,0.27578125,0.3932957112789154,0.910598772764206,0.03137257695198059,0.046769564412534236,0.7175940990447998,0.8315235078334808,-0.011218854784965537,0.16632988750934596,nan,0.0,nan,0.0,0
8,180,2644,0.15017045454545455,2560,1.6831734001636505,0.366796875,0.8421898156404495,0.8143080592155456,0.2921875,0.40857046097517014,0.9094695031642914,0.03137257695198059,0.05004308633506298,0.7248873919248581,0.8315235078334808,-0.010666307806968645,0.16632988750934596,nan,0.0,0.3203125,0.36046550003811717,0
8,200,2664,0.15130681818181818,2560,1.6542556822299956,0.37421875,0.8203761130571365,0.8116349697113037,0.2921875,0.4031631872057915,0.9074815273284912,0.03137257695198059,0.047883265651762486,0.7205265462398529,0.8420425325632095,0.021666419506072954,0.16632988750934596,nan,0.0,nan,0.0,0
8,220,2684,0.1524431818181818,2560,1.6683863043785094,0.373828125,0.834839841723442,0.816292080283165,0.2953125,0.3966772571206093,0.9080442011356353,0.03137257695198059,0.04869977049529552,0.7223735392093659,0.8420425325632095,0.007202690839767434,0.16632988750934596,nan,0.0,nan,0.0,0
8,240,2704,0.15357954545454547,2560,1.6297452986240386,0.37265625,0.8285431265830994,0.8089153498411179,0.284375,0.39919196516275407,0.908742293715477,0.03137257695198059,0.04872252978384495,0.7222069203853607,0.834839841723442,0.00629671514034269,0.16632988750934596,nan,0.0,nan,0.0,0
8,260,2724,0.1547159090909091,2560,1.6281996309757232,0.380078125,0.8225970268249512,0.8093078762292862,0.280078125,0.4008715212345123,0.909331277012825,0.03137257695198059,0.05194467455148697,0.7289467215538025,0.834839841723442,0.012242814898490884,0.16632988750934596,nan,0.0,nan,0.0,0
8,280,2744,0.15585227272727273,2560,1.664567220211029,0.36875,0.8238833755254745,0.8091563075780869,0.2765625,0.40689746886491773,0.9062416255474091,0.03137257695198059,0.04843708667904138,0.7225032895803452,0.8285431265830994,0.004659751057624839,0.16632988750934596,nan,0.0,0.3203125,0.35594580008182675,0
8,300,2764,0.15698863636363636,2560,1.652272742986679,0.380859375,0.8423647046089172,0.815740093588829,0.270703125,0.3815087229013443,0.9117566555738449,0.03137257695198059,0.04625671319663525,0.7177850037813187,0.8238833755254745,-0.018481329083442688,0.16632988750934596,nan,0.0,nan,0.0,0
8,320,2784,0.158125,2560,1.6508377850055695,0.37421875,0.8331847161054611,0.8120146602392196,0.278125,0.4145403951406479,0.9117010921239853,0.03137257695198059,0.04724680129438639,0.7170649915933609,0.8285431265830994,-0.004641589522361711,0.16632988750934596,nan,0.0,nan,0.0,0
8,340,2804,0.15926136363636365,2560,1.638198482990265,0.37265625,0.8286906629800797,0.8097669124603272,0.301171875,0.3937749907374382,0.9103587031364441,0.03137257695198059,0.04291724823415279,0.7093468695878983,0.8285431265830994,-0.00014753639698028564,0.16632988750934596,nan,0.0,nan,0.0,0
8,352,2816,0.15994318181818182,1480,1.6280876778267526,0.38648648600320556,0.8140236622578388,0.7994723616419612,0.26824324340433686,0.41088632393527674,0.9144670038609891,0.03137257695198059,0.04257320520040151,0.7074815224956822,0.8286906629800797,0.014667000722240808,0.16632988750934596,nan,0.0,nan,0.0,0
9,20,2836,0.16107954545454548,2560,1.6138946890830994,0.3890625,0.8203162848949432,0.8060573816299439,0.266796875,0.38642577081918716,0.9143133997917176,0.03137257695198059,0.042616792023181915,0.7080352008342743,0.8286906629800797,0.008374378085136414,0.16632988750934596,nan,0.0,0.3203125,0.37324930005706847,0
9,40,2856,0.1622159090909091,2560,1.6112097442150115,0.390625,0.8209491461515427,0.8075404018163681,0.28046875,0.4036501497030258,0.910074383020401,0.03137257695198059,0.04399888422340155,0.711605229973793,0.8286906629800797,0.007741516828536965,0.16632988750934596,nan,0.0,nan,0.0,0
9,60,2876,0.16335227272727273,2560,1.6198356568813324,0.376953125,0.832117572426796,0.8128045588731766,0.29453125,0.40869842916727067,0.9080817103385925,0.03137257695198059,0.04524168148636818,0.7167013138532639,0.8209491461515427,-0.011168426275253274,0.16632988750934596,nan,0.0,nan,0.0,0
9,80,2896,0.16448863636363636,2560,1.6526399314403535,0.353125,0.8273145228624343,0.8113352715969085,0.3015625,0.42516892999410627,0.9090998440980911,0.03137257695198059,0.0450096882879734,0.7168223351240158,0.8209491461515427,-0.006365376710891657,0.16632988750934596,nan,0.0,nan,0.0,0
9,100,2916,0.165625,2560,1.6385107934474945,0.379296875,0.8240420579910278,0.8093344539403915,0.281640625,0.3935383126139641,0.9079877436161041,0.03137257695198059,0.04261350203305483,0.7097966104745865,0.8209491461515427,-0.003092911839485124,0.16632988750934596,nan,0.0,nan,0.0,0
9,120,2936,0.16676136363636365,2560,1.5993748664855958,0.39453125,0.8265297263860703,0.810369896888733,0.27890625,0.39695840030908586,0.9110304713249207,0.03137257695198059,0.04141622949391603,0.7051766872406006,0.8240420579910278,-0.0024876683950424416,0.16632988750934596,nan,0.0,0.390625,0.36829320003744215,0
9,140,2956,0.16789772727272728,2560,1.6287078738212586,0.37578125,0.8227059185504914,0.811130040884018,0.296875,0.4146919995546341,0.9076915919780731,0.03137257695198059,0.04864378087222576,0.7232323616743088,0.8265297263860703,0.0038238078355788963,0.16632988750934596,nan,0.0,nan,0.0,0
9,160,2976,0.1690340909090909,2560,1.6370019257068633,0.36875,0.8194246888160706,0.8081206142902374,0.283203125,0.40766301304101943,0.9112906396389008,0.03137257695198059,0.04686345607042312,0.7193384259939194,0.8265297263860703,0.007105037569999695,0.16632988750934596,nan,0.0,nan,0.0,0
9,180,2996,0.17017045454545454,2560,1.6335473954677582,0.373828125,0.8150644838809967,0.8071262538433075,0.2953125,0.4261935710906982,0.9080260187387467,0.03137257695198059,0.044735032878816125,0.7124277472496032,0.8240420579910278,0.008977574110031084,0.16632988750934596,nan,0.0,nan,0.0,0
9,200,3016,0.17130681818181817,2560,1.6247060656547547,0.37265625,0.8247347712516785,0.8079057276248932,0.2828125,0.39519043564796447,0.9094235926866532,0.03137257695198059,0.04215335045009851,0.7073809742927551,0.8227059185504914,-0.002028852701187134,0.16632988750934596,nan,0.0,nan,0.0,0
9,220,3036,0.17244318181818183,2560,1.6305293977260589,0.38125,0.8186094164848328,0.8043199092149734,0.284375,0.40848857909440994,0.9046173304319381,0.03137257695198059,0.04299266263842583,0.710662591457367,0.8227059185504914,0.0040965020656585915,0.16632988750934596,nan,0.0,0.3515625,0.35689170006662607,0
9,240,3056,0.17357954545454546,2560,1.6236754834651947,0.3765625,0.8218046277761459,0.8093584895133972,0.276171875,0.3996510624885559,0.9129712641239166,0.03137257695198059,0.043015101552009584,0.7088499903678894,0.8194246888160706,-0.0023799389600753784,0.16632988750934596,nan,0.0,nan,0.0,0
9,260,3076,0.1747159090909091,2560,1.6442873001098632,0.36796875,0.8157313346862793,0.8084226131439209,0.288671875,0.3989781722426414,0.9055542171001434,0.03137257695198059,0.046301703155040744,0.7151112765073776,0.8194246888160706,0.0036933541297912154,0.16632988750934596,nan,0.0,nan,0.0,0
9,280,3096,0.17585227272727272,2560,1.5991748571395874,0.382421875,0.8143996745347977,0.8041974604129791,0.300390625,0.40995933413505553,0.908900985121727,0.03137257695198059,0.04676646180450916,0.7185163468122482,0.8186094164848328,0.004209741950035095,0.16632988750934596,nan,0.0,nan,0.0,0
9,300,3116,0.17698863636363635,2560,1.6446007370948792,0.375390625,0.8207299381494522,0.8083945155143738,0.28671875,0.40918934196233747,0.9095091760158539,0.03137257695198059,0.04382628221064806,0.7111749768257141,0.8186094164848328,-0.0021205216646194014,0.16632988750934596,nan,0.0,nan,0.0,0
9,320,3136,0.178125,2560,1.670417273044586,0.366015625,0.8265649378299713,0.8150772273540496,0.286328125,0.40070694088935854,0.9106669336557388,0.03137257695198059,0.0466034758836031,0.7187281966209411,0.8186094164848328,-0.00795552134513855,0.16632988750934596,nan,0.0,0.2890625,0.3559990000212565,0
9,340,3156,0.17926136363636364,2560,1.623455971479416,0.3734375,0.8053244680166245,0.8020558893680573,0.30078125,0.4039371952414513,0.9119184046983719,0.03137257695198059,0.04438386559486389,0.7127960056066514,0.8207299381494522,0.01540547013282767,0.16632988750934596,nan,0.0,nan,0.0,0
9,352,3168,0.17994318181818184,1480,1.6773921244853252,0.34459459491678185,0.8125918201498084,0.8117396680084434,0.3027027031859836,0.4423058253687781,0.9041706455720437,0.03137257695198059,0.04305473253936381,0.7109542743579761,0.8157313346862793,0.0031395145364709887,0.16632988750934596,nan,0.0,nan,0.0,0
10,20,3188,0.18107954545454547,2560,1.6408489048480988,0.373046875,0.8278726041316986,0.8144258081912994,0.28671875,0.39006621539592745,0.9034360438585282,0.03137257695198059,0.04240617211908102,0.7069046974182129,0.8143996745347977,-0.01347292959690094,0.16632988750934596,nan,0.0,nan,0.0,0
10,40,3208,0.1822159090909091,2560,1.5952237129211426,0.390234375,0.809881180524826,0.802705267071724,0.273828125,0.4112758457660675,0.9057310998439789,0.03137257695198059,0.04377658367156982,0.7120740503072739,0.8207299381494522,0.010848757624626115,0.16632988750934596,nan,0.0,nan,0.0,0
10,60,3228,0.18335227272727272,2560,1.587148082256317,0.4046875,0.8114380002021789,0.8023254603147507,0.262109375,0.40993583351373675,0.9072231441736222,0.03137257695198059,0.043446789123117925,0.710270369052887,0.8125918201498084,0.0011538199476294198,0.16632988750934596,nan,0.0,0.34375,0.37163569999393076,0
10,80,3248,0.18448863636363635,2560,1.6278305292129516,0.373828125,0.8144384801387787,0.8026212275028228,0.312109375,0.4351334199309349,0.9119859218597413,0.03137257695198059,0.041990418918430805,0.7079379081726074,0.8114380002021789,-0.003000479936599798,0.16632988750934596,nan,0.0,nan,0.0,0
10,100,3268,0.185625,2560,1.5980721533298492,0.379296875,0.8270450979471207,0.8123782008886338,0.290625,0.39578762352466584,0.9151906490325927,0.03137257695198059,0.04403111021965742,0.7115360260009765,0.8125918201498084,-0.014453277797312314,0.16632988750934596,nan,0.0,nan,0.0,0
10,120,3288,0.18676136363636364,2560,1.6114881217479706,0.390625,0.806500318646431,0.8051038235425949,0.2890625,0.428231406211853,0.908572542667389,0.03137257695198059,0.04299534671008587,0.7098322302103043,0.8144384801387787,0.007938161492347717,0.16632988750934596,nan,0.0,nan,0.0,0
10,140,3308,0.18789772727272727,2560,1.6383034765720368,0.37421875,0.8143154084682465,0.8058410853147506,0.2953125,0.4189251407980919,0.9046553462743759,0.03137257695198059,0.04178298320621252,0.7046532779932022,0.8114380002021789,-0.002877408266067527,0.16632988750934596,nan,0.0,nan,0.0,0
10,160,3328,0.1890340909090909,2560,1.5925912141799927,0.390234375,0.8162073463201522,0.8035637110471725,0.284765625,0.4024381622672081,0.9071923822164536,0.03137257695198059,0.04416437540203333,0.7121101409196854,0.8143154084682465,-0.0018919378519057783,0.16632988750934596,nan,0.0,0.359375,0.36513839999679476,0
10,180,3348,0.19017045454545453,2560,1.6148003101348878,0.375390625,0.8084753841161728,0.8037586480379104,0.30703125,0.41388451009988786,0.9093826532363891,0.03137257695198059,0.04118029996752739,0.7041066020727158,0.8144384801387787,0.005963096022605918,0.16632988750934596,nan,0.0,nan,0.0,0
10,200,3368,0.1913068181818182,2560,1.6816240429878235,0.3765625,0.8139394372701645,0.8071081936359406,0.27734375,0.4247347667813301,0.9067857295274735,0.03137257695198059,0.04320404026657343,0.7107155174016953,0.8143154084682465,0.0003759711980819702,0.16632988750934596,nan,0.0,nan,0.0,0
10,220,3388,0.19244318181818182,2560,1.633631205558777,0.383203125,0.8065358996391296,0.7955133020877838,0.280859375,0.3970309689640999,0.9059687495231629,0.03137257695198059,0.04223048258572817,0.7090460598468781,0.8139394372701645,0.007403537631034851,0.16632988750934596,nan,0.0,nan,0.0,0
10,240,3408,0.19357954545454545,2560,1.609060823917389,0.383203125,0.8006849855184555,0.7996331810951233,0.290625,0.4130794480443001,0.9090388178825378,0.03137257695198059,0.04307651482522488,0.709798589348793,0.8139394372701645,0.013254451751709029,0.16632988750934596,nan,0.0,nan,0.0,0
10,260,3428,0.19471590909090908,2560,1.6150628328323364,0.37421875,0.8121257662773133,0.8122833430767059,0.298046875,0.4025529086589813,0.9108431667089463,0.03137257695198059,0.04613235704600811,0.7182951360940933,0.8084753841161728,-0.003650382161140442,0.16632988750934596,nan,0.0,0.34375,0.36787970003206283,0
10,280,3448,0.1958522727272727,2560,1.6288483023643494,0.374609375,0.806099745631218,0.8040096521377563,0.29140625,0.4150650814175606,0.9047736078500748,0.03137257695198059,0.04055246133357286,0.7042192339897155,0.8084753841161728,0.0023756384849548118,0.16632988750934596,nan,0.0,nan,0.0,0
10,300,3468,0.19698863636363637,2560,1.6272276520729065,0.37890625,0.8073450148105621,0.8064856380224228,0.278125,0.3928434357047081,0.9069357722997665,0.03137257695198059,0.045093911699950695,0.7150726795196534,0.8065358996391296,-0.0008091151714324507,0.16632988750934596,nan,0.0,nan,0.0,0
10,320,3488,0.198125,2560,1.6245832800865174,0.38828125,0.8033238559961319,0.806612291932106,0.284765625,0.40481515377759936,0.9083787500858307,0.03137257695198059,0.039817458018660545,0.701418274641037,0.8065358996391296,0.003212043642997764,0.16632988750934596,nan,0.0,nan,0.0,0
10,340,3508,0.19926136363636363,2560,1.6495499432086944,0.375,0.8087686747312546,0.8046591609716416,0.3046875,0.41310273110866547,0.905510351061821,0.03137257695198059,0.038865086156874895,0.700136947631836,0.806099745631218,-0.0026689291000365767,0.16632988750934596,nan,0.0,nan,0.0,0
10,352,3520,0.19994318181818183,1480,1.6357348454965128,0.39256756788975483,0.7996787776818146,0.8037558220528268,0.28851351367460715,0.4164652724523802,0.9100194702277312,0.03137257695198059,0.043175207581874486,0.7111828001769813,0.8073450148105621,0.007666237128747477,0.16632988750934596,nan,0.0,0.3828125,0.36454380000941455,0
11,20,3540,0.20107954545454546,2560,1.6074742138385774,0.3875,0.80219164788723,0.8042169123888016,0.2890625,0.4180925264954567,0.9038135796785355,0.03137257695198059,0.04152682777494192,0.7064321100711822,0.806099745631218,0.003908097743988037,0.16632988750934596,nan,0.0,nan,0.0,0
11,40,3560,0.20221590909090909,2560,1.6246667623519897,0.38203125,0.7984852582216263,0.7978618800640106,0.28203125,0.4152690291404724,0.9028029322624207,0.03137257695198059,0.039991948567330834,0.7026548624038697,0.8033238559961319,0.004838597774505571,0.16632988750934596,nan,0.0,nan,0.0,0
11,60,3580,0.20335227272727271,2560,1.5975595593452454,0.38984375,0.821913805603981,0.8090740442276001,0.2953125,0.40355733036994934,0.9012404352426528,0.03137257695198059,0.045049782283604144,0.7138854324817657,0.80219164788723,-0.01972215771675101,0.16632988750934596,nan,0.0,nan,0.0,0
11,80,3600,0.20448863636363637,2560,1.623785239458084,0.3765625,0.8049996227025986,0.8018479853868484,0.268359375,0.4126603499054909,0.9028595179319382,0.03137257695198059,0.04477253742516041,0.7136084288358688,0.80219164788723,-0.0028079748153686523,0.16632988750934596,nan,0.0,nan,0.0,0
11,100,3620,0.205625,2560,1.6288852274417878,0.372265625,0.8190111696720124,0.8073609918355942,0.280078125,0.40081698447465897,0.9066519618034363,0.03137257695198059,0.0416590191423893,0.7059484601020813,0.80219164788723,-0.01681952178478241,0.16632988750934596,nan,0.0,0.359375,0.35953060002066195,0
11,120,3640,0.20676136363636363,2560,1.5873498976230622,0.384375,0.8041378945112229,0.7995437830686569,0.27578125,0.41424178928136823,0.9058338344097138,0.03137257695198059,0.043411683104932305,0.711383068561554,0.8049996227025986,0.0008617281913757546,0.16632988750934596,nan,0.0,nan,0.0,0
11,140,3660,0.20789772727272726,2560,1.6030444622039794,0.390234375,0.8008623540401458,0.7992953211069107,0.287109375,0.4215069681406021,0.9075868189334869,0.03137257695198059,0.04158428721129894,0.705772978067398,0.8049996227025986,0.004137268662452787,0.16632988750934596,nan,0.0,nan,0.0,0
11,160,3680,0.2090340909090909,2560,1.6162236988544465,0.385546875,0.7996181160211563,0.7953090846538544,0.29296875,0.4128196954727173,0.9049961268901825,0.03137257695198059,0.0388553611934185,0.697338804602623,0.8049996227025986,0.005381506681442327,0.16632988750934596,nan,0.0,nan,0.0,0
11,180,3700,0.21017045454545455,2560,1.659322941303253,0.372265625,0.8220953464508056,0.8080456018447876,0.2875,0.4179839566349983,0.910809475183487,0.03137257695198059,0.04433833938091993,0.7124665379524231,0.8041378945112229,-0.017957451939582758,0.16632988750934596,nan,0.0,nan,0.0,0
11,200,3720,0.21130681818181818,2560,1.644437563419342,0.377734375,0.7947926938533783,0.798660808801651,0.282421875,0.4056160435080528,0.9075755029916763,0.03137257695198059,0.04364567492157221,0.71020248234272,0.8041378945112229,0.00934520065784461,0.16632988750934596,nan,0.0,0.296875,0.35576229996513575,0
11,220,3740,0.2124431818181818,2560,1.6181926369667052,0.38046875,0.8075628578662872,0.8063687890768051,0.28828125,0.404954719543457,0.9021672785282135,0.03137257695198059,0.03967802189290524,0.7021285802125931,0.8008623540401458,-0.006700503826141402,0.16632988750934596,nan,0.0,nan,0.0,0
11,240,3760,0.21357954545454544,2560,1.6190377593040466,0.36796875,0.8079043865203858,0.8027982264757156,0.284765625,0.40905585289001467,0.9109677821397781,0.03137257695198059,0.03862455114722252,0.6967138260602951,0.8008623540401458,-0.007042032480239935,0.16632988750934596,nan,0.0,nan,0.0,0
11,260,3780,0.21471590909090907,2560,1.5976883232593537,0.39296875,0.7998676657676697,0.8045047968626022,0.269140625,0.3943278148770332,0.9099281460046769,0.03137257695198059,0.041485645808279514,0.7054341465234757,0.8075628578662872,0.007695192098617576,0.16632988750934596,nan,0.0,nan,0.0,0
11,280,3800,0.21585227272727273,2560,1.6070351958274842,0.37734375,0.7993820488452912,0.8028986781835556,0.284765625,0.41557985097169875,0.9081054896116256,0.03137257695198059,0.0423251636326313,0.7106174737215042,0.8075628578662872,0.00818080902099605,0.16632988750934596,nan,0.0,nan,0.0,0
11,300,3820,0.21698863636363636,2560,1.6175417363643647,0.384765625,0.7970638006925583,0.7979667872190476,0.30390625,0.41904149800539015,0.9097240686416626,0.03137257695198059,0.04017729833722115,0.7038571506738662,0.7998676657676697,0.0028038650751113225,0.16632988750934596,nan,0.0,0.359375,0.35569130000658333,0
11,320,3840,0.21812499999999999,2560,1.6389026820659638,0.375,0.7841220587491989,0.7946023583412171,0.309375,0.4317025125026703,0.9124759823083878,0.03137257695198059,0.038950467482209206,0.6990164399147034,0.7998676657676697,0.01574560701847072,0.16632988750934596,nan,0.0,nan,0.0,0
11,340,3860,0.21926136363636362,2560,1.6337752938270569,0.386328125,0.8081513941287994,0.8048539668321609,0.289453125,0.4079883337020874,0.90739506483078,0.03137257695198059,0.0423753622919321,0.7097042202949524,0.7993820488452912,-0.008769345283508256,0.16632988750934596,nan,0.0,nan,0.0,0
11,352,3872,0.21994318181818182,1480,1.6352338520256249,0.3770270278324952,0.8075064224165839,0.7979626500928724,0.3006756758367693,0.42400466252017666,0.9090283825590804,0.03137257695198059,0.04777126821714479,0.7231308196042036,0.7993820488452912,-0.008124373571292698,0.16632988750934596,nan,0.0,nan,0.0,0
12,20,3892,0.22107954545454545,2560,1.6371970236301423,0.375390625,0.800598657131195,0.8063578486442566,0.277734375,0.40969696044921877,0.909521633386612,0.03137257695198059,0.0409668805077672,0.7075873702764511,0.7993820488452912,-0.001216608285903864,0.16632988750934596,nan,0.0,nan,0.0,0
12,40,3912,0.22221590909090908,2560,1.592645961046219,0.38515625,0.7960764706134796,0.7983597040176391,0.26640625,0.38273732364177704,0.9109577387571335,0.03137257695198059,0.03727289959788323,0.695704135298729,0.800598657131195,0.00452218651771541,0.16632988750934596,nan,0.0,0.359375,0.3875604000641033,0
12,60,3932,0.22335227272727273,2560,1.6233214616775513,0.38203125,0.7900993585586548,0.7989201992750168,0.284375,0.4246984377503395,0.9095559626817703,0.03137257695198059,0.037682922929525374,0.6962213784456253,0.800598657131195,0.010499298572540283,0.16632988750934596,nan,0.0,nan,0.0,0
12,80,3952,0.22448863636363636,2560,1.6159555912017822,0.382421875,0.7796045213937759,0.7936223596334457,0.28828125,0.4185101822018623,0.9116797357797622,0.03137257695198059,0.03805695623159409,0.6983560293912887,0.800598657131195,0.02099413573741915,0.16632988750934596,nan,0.0,nan,0.0,0
12,100,3972,0.225625,2560,1.6142120659351349,0.395703125,0.7861804813146591,0.7959041804075241,0.276171875,0.4196700260043144,0.9092357784509659,0.03137257695198059,0.03993505276739597,0.702343025803566,0.7960764706134796,0.009895989298820518,0.16632988750934596,nan,0.0,nan,0.0,0
12,120,3992,0.22676136363636362,2560,1.6076201021671295,0.390625,0.7818470299243927,0.7951085597276688,0.29296875,0.4193627506494522,0.9093186914920807,0.03137257695198059,0.040003827586770055,0.7016033917665482,0.7900993585586548,0.008252328634262063,0.16632988750934596,nan,0.0,nan,0.0,0
12,140,4012,0.22789772727272725,2560,1.6218741357326507,0.370703125,0.7993208885192871,0.8068748742341996,0.292578125,0.40530904978513715,0.9063378810882569,0.03137257695198059,0.03908479325473309,0.7010591447353363,0.7861804813146591,-0.013140407204627946,0.16632988750934596,nan,0.0,0.28125,0.35928970004897565,0
12,160,4032,0.22903409090909088,2560,1.602309799194336,0.380859375,0.7727202236652374,0.7934266537427902,0.30546875,0.40207607448101046,0.9140887141227723,0.03137257695198059,0.03902398329228163,0.7027788817882538,0.7861804813146591,0.013460257649421714,0.16632988750934596,nan,0.0,nan,0.0,0
12,180,4052,0.23017045454545454,2560,1.6264289140701294,0.3921875,0.7899766802787781,0.8045929193496704,0.286328125,0.42998889088630676,0.9078214257955551,0.03137257695198059,0.03817045781761408,0.6999465584754944,0.7818470299243927,-0.008129650354385398,0.16632988750934596,nan,0.0,nan,0.0,0
12,200,4072,0.23130681818181817,2560,1.6535735964775085,0.37734375,0.7897918045520782,0.8042200952768326,0.28828125,0.40578907877206805,0.908563631772995,0.03137257695198059,0.037479940429329874,0.6982007205486298,0.7861804813146591,-0.003611323237419084,0.16632988750934596,nan,0.0,nan,0.0,0
12,220,4092,0.2324431818181818,2560,1.6428443133831023,0.380078125,0.7880278378725052,0.7989495784044266,0.27421875,0.4094686031341553,0.9126177668571472,0.03137257695198059,0.04144213637337089,0.7057356864213944,0.7897918045520782,0.0017639666795730147,0.16632988750934596,nan,0.0,nan,0.0,0
12,240,4112,0.23357954545454543,2560,1.6383984565734864,0.379296875,0.8013952404260636,0.8049465388059616,0.294921875,0.40108207166194915,0.9082826137542724,0.03137257695198059,0.04111141161993146,0.7072239875793457,0.7897918045520782,-0.01160343587398538,0.16632988750934596,nan,0.0,0.34375,0.3563695999328047,0
12,260,4132,0.23471590909090906,2560,1.6356460988521575,0.38125,0.7842181950807572,0.8000882625579834,0.287890625,0.4044521450996399,0.9065810084342957,0.03137257695198059,0.03600065372884274,0.6915659308433533,0.7897918045520782,0.005573609471321017,0.16632988750934596,nan,0.0,nan,0.0,0
12,280,4152,0.23585227272727272,2560,1.616849422454834,0.359765625,0.7537577480077744,0.7891793847084045,0.313671875,0.40570722073316573,0.910582885146141,0.03137257695198059,0.034556306526064874,0.6871546089649201,0.7897918045520782,0.036034056544303805,0.16632988750934596,nan,0.0,nan,0.0,0
12,300,4172,0.23698863636363635,2560,1.635209721326828,0.379296875,0.7655140042304993,0.7940403193235397,0.27890625,0.41072408854961395,0.9105794429779053,0.03137257695198059,0.040175420418381694,0.70399309694767,0.7880278378725052,0.022513833642005876,0.16632988750934596,nan,0.0,nan,0.0,0
12,320,4192,0.23812499999999998,2560,1.5952218353748322,0.3890625,0.7062606662511826,0.777322280406952,0.276953125,0.3942059352993965,0.9110490381717682,0.03137257695198059,0.029659545049071312,0.6736745983362198,0.7842181950807572,0.07795752882957463,0.16632988750934596,nan,0.0,nan,0.0,0
12,340,4212,0.2392613636363636,2560,1.6068203926086426,0.377734375,0.6765960872173309,0.7767789423465729,0.291015625,0.4225490465760231,0.9124194025993347,0.03137257695198059,0.03607324734330177,0.6920895904302597,0.7655140042304993,0.08891791701316842,0.16632988750934596,nan,0.0,0.28125,0.35891529999207705,0
12,352,4224,0.2399431818181818,1480,1.57811686670458,0.4067567574011313,0.5379510726477649,0.746348685831637,0.22905405421514768,0.3412841679276647,0.9083903141923853,0.03137257695198059,0.026737869913513596,0.660794490736884,0.7537577480077744,0.21580667536000953,0.16632988750934596,nan,0.0,0.2890625,0.36151740001514554,1
13,20,4244,0.24107954545454544,2560,1.3999108910560607,0.48046875,0.20665259435772895,0.6763106226921082,0.215234375,0.3048393204808235,0.9113717585802078,0.03137257695198059,0.018405439844354988,0.6033631384372711,0.7062606662511826,0.4996080718934536,0.16632988750934596,nan,0.0,0.1171875,0.37547149998135865,1
13,40,4264,0.24221590909090907,2560,1.3286011397838593,0.496875,0.05308026978746057,0.6155463099479676,0.166796875,0.2474597692489624,0.9142846673727035,0.03137257695198059,0.026524259243160486,0.630786395072937,0.6765960872173309,0.6235158174298703,0.16632988750934596,nan,0.0,0.0546875,0.36935880000237375,1
13,60,4284,0.24335227272727272,2560,1.3166492879390717,0.523828125,0.024004886392503977,0.5858725488185883,0.18515625,0.17348561249673367,0.922153627872467,0.03137257695198059,0.038063698913902044,0.6777036339044571,0.5379510726477649,0.5139461862552609,0.16632988750934596,nan,0.0,0.046875,0.3698849000502378,1
13,80,4304,0.24448863636363635,2560,1.8828354477882385,0.297265625,0.8022042095661164,0.8251729488372803,0.308203125,0.47915567010641097,0.9156908929347992,0.03137257695198059,0.09195606485009193,0.7841631203889847,0.20665259435772895,-0.5955516152083874,0.16632988750934596,nan,0.0,0.25,0.3614073999924585,0
13,100,4324,0.24562499999999998,2560,1.7468345224857331,0.35390625,0.8470806032419205,0.8358411341905594,0.271484375,0.3402352318167686,0.9109550684690475,0.03137257695198059,0.08721725977957248,0.7794745594263077,0.20665259435772895,-0.6404280088841915,0.16632988750934596,nan,0.0,0.296875,0.3552433999720961,0
13,120,4344,0.2467613636363636,2560,1.7083495676517486,0.34609375,0.8332136303186417,0.8241005122661591,0.309375,0.43998038619756696,0.9120814263820648,0.03137257695198059,0.07898475080728531,0.7709215313196183,0.20665259435772895,-0.6265610359609127,0.16632988750934596,nan,0.0,0.3125,0.35599850001744926,0
13,140,4364,0.24789772727272724,2560,1.6932016134262085,0.35234375,0.8305148988962173,0.8236613154411316,0.29375,0.40283960700035093,0.9133618831634521,0.03137257695198059,0.07885736674070358,0.7713203132152557,0.8022042095661164,-0.028310689330100947,0.16632988750934596,nan,0.0,nan,0.0,0
13,160,4384,0.2490340909090909,2560,1.6818646728992461,0.344921875,0.8192405939102173,0.8159858882427216,0.30703125,0.4146219462156296,0.9088276147842407,0.03137257695198059,0.07022550590336323,0.7590414911508561,0.8305148988962173,0.011274304986000017,0.16632988750934596,nan,0.0,nan,0.0,0
13,180,4404,0.2501704545454545,2560,1.6624287068843842,0.355859375,0.8208214282989502,0.8187057703733445,0.30859375,0.40343250781297685,0.9098069667816162,0.03137257695198059,0.07316888682544231,0.7621282458305358,0.8305148988962173,0.009693470597267106,0.16632988750934596,nan,0.0,0.3515625,0.35617889999412,0
13,200,4424,0.25130681818181816,2560,1.6866585433483123,0.36640625,0.8289045363664627,0.8140588343143463,0.274609375,0.4215394452214241,0.9070925652980805,0.03137257695198059,0.06487430967390537,0.751232561469078,0.8305148988962173,0.0016103625297546609,0.16632988750934596,nan,0.0,nan,0.0,0
13,220,4444,0.2524431818181818,2560,1.651920646429062,0.375390625,0.819721233844757,0.8125234127044678,0.291796875,0.396892249584198,0.9083333522081375,0.03137257695198059,0.06729104109108448,0.7555915951728821,0.8289045363664627,0.009183302521705627,0.16632988750934596,nan,0.0,nan,0.0,0
13,240,4464,0.2535795454545454,2560,1.6747300267219543,0.368359375,0.8172334343194961,0.810974395275116,0.30078125,0.4183094158768654,0.9080976098775864,0.03137257695198059,0.06344416067004204,0.7495478689670563,0.8208214282989502,0.003587993979454085,0.16632988750934596,nan,0.0,nan,0.0,0
13,260,4484,0.2547159090909091,2560,1.6851147651672362,0.345703125,0.8239000529050827,0.8102394312620163,0.30078125,0.4169898867607117,0.911096715927124,0.03137257695198059,0.06172312293201685,0.7468404054641724,0.819721233844757,-0.004178819060325689,0.16632988750934596,nan,0.0,nan,0.0,0
13,280,4504,0.2558522727272727,2560,1.6723607420921325,0.36875,0.809809198975563,0.8053030908107758,0.289453125,0.4015468508005142,0.9114742457866669,0.03137257695198059,0.05758987180888653,0.7405983626842498,0.8208214282989502,0.01101222932338719,0.16632988750934596,nan,0.0,0.296875,0.35598550003487617,0
13,300,4524,0.2569886363636364,2560,1.6391363561153411,0.376171875,0.8148792684078217,0.8112944453954697,0.286328125,0.4032529339194298,0.9150997340679169,0.03137257695198059,0.05660383924841881,0.7390509665012359,0.819721233844757,0.00484196543693538,0.16632988750934596,nan,0.0,nan,0.0,0
13,320,4544,0.258125,2560,1.623591911792755,0.391796875,0.8079892694950104,0.8064997553825378,0.289453125,0.42740983664989474,0.9082749873399735,0.03137257695198059,0.055918728932738304,0.7364803701639175,0.8172334343194961,0.009244164824485757,0.16632988750934596,nan,0.0,nan,0.0,0
13,340,4564,0.25926136363636365,2560,1.6328405022621155,0.376171875,0.8193880587816238,0.8112720608711242,0.286328125,0.41251195073127744,0.9125215113162994,0.03137257695198059,0.05290355235338211,0.730179762840271,0.8148792684078217,-0.004508790373802141,0.16632988750934596,nan,0.0,nan,0.0,0
13,352,4576,0.2599431818181818,1480,1.6011566342534245,0.394594594433501,0.8044535446811367,0.792932696600218,0.28581081081081083,0.39674736986289155,0.9131409393774497,0.03137257695198059,0.051127716395500546,0.7270957949999216,0.8148792684078217,0.010425723726684932,0.16632988750934596,nan,0.0,nan,0.0,0
14,20,4596,0.2610795454545454,2560,1.6502905428409576,0.369921875,0.8208858162164688,0.810631075501442,0.2953125,0.41300265341997144,0.9063260585069657,0.03137257695198059,0.05628303624689579,0.7386462718248368,0.809809198975563,-0.011076617240905806,0.16632988750934596,nan,0.0,0.296875,0.3718202000018209,0
14,40,4616,0.2622159090909091,2560,1.6498034596443176,0.373828125,0.7979555577039719,0.8002580314874649,0.29375,0.4270680367946625,0.9141552150249481,0.03137257695198059,0.05397642757743597,0.7345546275377274,0.8148792684078217,0.016923710703849792,0.16632988750934596,nan,0.0,nan,0.0,0
14,60,4636,0.2633522727272727,2560,1.6624979555606842,0.36640625,0.8152762204408646,0.8089817196130753,0.2828125,0.4102532804012299,0.9098864436149597,0.03137257695198059,0.05342079158872366,0.7329754054546356,0.8079892694950104,-0.007286950945854187,0.16632988750934596,nan,0.0,nan,0.0,0
14,80,4656,0.26448863636363634,2560,1.605937474966049,0.402734375,0.8010685026645661,0.8027084529399872,0.2796875,0.41209085285663605,0.9069815516471863,0.03137257695198059,0.051267710886895655,0.72784244120121,0.8152762204408646,0.014207717776298479,0.16632988750934596,nan,0.0,nan,0.0,0
14,100,4676,0.265625,2560,1.6613119542598724,0.3765625,0.8265451610088348,0.8158911556005478,0.3,0.42355126440525054,0.9148909449577332,0.03137257695198059,0.05305386632680893,0.7301753371953964,0.8044535446811367,-0.02209161632769807,0.16632988750934596,nan,0.0,nan,0.0,0
14,120,4696,0.2667613636363636,2560,1.6415257096290587,0.373828125,0.788632407784462,0.7935310542583466,0.309375,0.4342290088534355,0.9061302304267883,0.03137257695198059,0.055040907114744186,0.7356081664562225,0.8152762204408646,0.026643812656402588,0.16632988750934596,nan,0.0,0.359375,0.3810208000941202,0
14,140,4716,0.26789772727272726,2560,1.642696851491928,0.371875,0.8089030265808106,0.8080271571874619,0.30546875,0.41999738961458205,0.9100769281387329,0.03137257695198059,0.0479163920506835,0.7211807072162628,0.8010685026645661,-0.007834523916244507,0.16632988750934596,nan,0.0,nan,0.0,0
14,160,4736,0.26903409090909086,2560,1.6253895819187165,0.390234375,0.8061373144388199,0.8019209772348403,0.272265625,0.40851297080516813,0.90804623067379,0.03137257695198059,0.052157878316938876,0.7294012695550919,0.8089030265808106,0.0027657121419907282,0.16632988750934596,nan,0.0,nan,0.0,0
14,180,4756,0.2701704545454545,2560,1.6432334184646606,0.36796875,0.8112226068973541,0.8021045863628388,0.301171875,0.428413625061512,0.9056535333395004,0.03137257695198059,0.04953747242689133,0.7254824370145798,0.8061373144388199,-0.005085292458534285,0.16632988750934596,nan,0.0,nan,0.0,0
14,200,4776,0.2713068181818182,2560,1.6507621109485626,0.38984375,0.8010698199272156,0.8004999965429306,0.285546875,0.4188457980751991,0.9118199914693832,0.03137257695198059,0.04909083284437656,0.7233174800872803,0.8089030265808106,0.007833206653594993,0.16632988750934596,nan,0.0,nan,0.0,0
14,220,4796,0.27244318181818183,2560,1.6311358988285065,0.37890625,0.8091151356697083,0.8043330103158951,0.287109375,0.42330069541931153,0.9129321038722992,0.03137257695198059,0.0500104820355773,0.7252561181783677,0.8061373144388199,-0.002977821230888411,0.16632988750934596,nan,0.0,0.3125,0.379207200021483,0
14,240,4816,0.27357954545454544,2560,1.652820646762848,0.365234375,0.8116056650876999,0.8045451045036316,0.2921875,0.40102939307689667,0.9072410792112351,0.03137257695198059,0.04813207201659679,0.7212992757558823,0.8089030265808106,-0.0027026385068893433,0.16632988750934596,nan,0.0,nan,0.0,0
14,260,4836,0.2747159090909091,2560,1.6411140382289886,0.372265625,0.8236174345016479,0.8133182734251022,0.283203125,0.3991305842995644,0.9066646784543991,0.03137257695198059,0.05087249837815762,0.7241407185792923,0.8091151356697083,-0.014502298831939653,0.16632988750934596,nan,0.0,nan,0.0,0
14,280,4856,0.27585227272727275,2560,1.6515347003936767,0.372265625,0.8169130861759186,0.8070405542850494,0.27734375,0.408244813978672,0.9136692255735397,0.03137257695198059,0.049304939433932306,0.724512305855751,0.8112226068973541,-0.005690479278564475,0.16632988750934596,nan,0.0,nan,0.0,0
14,300,4876,0.27698863636363635,2560,1.6306633532047272,0.3734375,0.791549164056778,0.7956905573606491,0.300390625,0.4170605540275574,0.906326949596405,0.03137257695198059,0.04857903141528368,0.7219000518321991,0.8116056650876999,0.020056501030921936,0.16632988750934596,nan,0.0,nan,0.0,0
14,320,4896,0.278125,2560,1.6444797396659852,0.359765625,0.7983639776706696,0.8030475795269012,0.316015625,0.42765575647354126,0.911904925107956,0.03137257695198059,0.050356217101216315,0.7271245837211608,0.8116056650876999,0.013241687417030357,0.16632988750934596,nan,0.0,0.34375,0.3698221000377089,0
14,340,4916,0.2792613636363636,2560,1.6499756097793579,0.3640625,0.8135628402233124,0.8065699487924576,0.29453125,0.39814148992300036,0.9152803033590317,0.03137257695198059,0.050464382581412795,0.7267385929822922,0.8116056650876999,-0.0019571751356124434,0.16632988750934596,nan,0.0,nan,0.0,0
14,352,4928,0.2799431818181818,1480,1.6037660347448812,0.39864864832646135,0.8022201602523391,0.8050359104130719,0.2702702710757384,0.4145501710273124,0.9054060803877341,0.03137257695198059,0.04962212854140514,0.7218637888495987,0.8135628402233124,0.011342679970973268,0.16632988750934596,nan,0.0,nan,0.0,0
15,20,4948,0.28107954545454544,2560,1.622143679857254,0.36875,0.8105198621749878,0.8029013514518738,0.29375,0.4267031416296959,0.905194878578186,0.03137257695198059,0.048034604825079444,0.7204293847084046,0.8022201602523391,-0.008299701922648728,0.16632988750934596,nan,0.0,nan,0.0,0
15,40,4968,0.28221590909090905,2560,1.6469968378543853,0.3640625,0.8015397936105728,0.803530266880989,0.28984375,0.41298668682575224,0.9080529689788819,0.03137257695198059,0.05108523387461901,0.728639742732048,0.8022201602523391,0.0006803666417662946,0.16632988750934596,nan,0.0,nan,0.0,0
15,60,4988,0.2833522727272727,2560,1.6302133083343506,0.3859375,0.818629589676857,0.809433251619339,0.278515625,0.3886942833662033,0.9162896633148193,0.03137257695198059,0.04984520636498928,0.724814647436142,0.8022201602523391,-0.01640942942451784,0.16632988750934596,nan,0.0,0.359375,0.3704650999279693,0
15,80,5008,0.28448863636363636,2560,1.6228477478027343,0.378515625,0.7939604878425598,0.7977419704198837,0.30546875,0.4272356331348419,0.9063722103834152,0.03137257695198059,0.048886333033442496,0.7240895479917526,0.8105198621749878,0.016559374332428045,0.16632988750934596,nan,0.0,nan,0.0,0
15,100,5028,0.28562499999999996,2560,1.6532723307609558,0.366015625,0.8104128479957581,0.8084973871707917,0.291015625,0.4027384504675865,0.9077354609966278,0.03137257695198059,0.04933562781661749,0.723206752538681,0.8022201602523391,-0.00819268774341897,0.16632988750934596,nan,0.0,nan,0.0,0
15,120,5048,0.2867613636363636,2560,1.64325749874115,0.375,0.8091627269983291,0.8031495571136474,0.296484375,0.42445400208234785,0.9060032069683075,0.03137257695198059,0.04754435438662767,0.719478502869606,0.8104128479957581,0.0012501209974289385,0.16632988750934596,nan,0.0,nan,0.0,0
15,140,5068,0.2878977272727273,2560,1.6550838768482208,0.379296875,0.8122018724679947,0.8040683954954148,0.286328125,0.4151781439781189,0.9073276698589325,0.03137257695198059,0.048358349874615666,0.7214432448148728,0.8091627269983291,-0.0030391454696655495,0.16632988750934596,nan,0.0,nan,0.0,0
15,160,5088,0.28903409090909093,2560,1.6366969525814057,0.3671875,0.7999619364738464,0.8021667689085007,0.285546875,0.41311863660812376,0.904546245932579,0.03137257695198059,0.04790061693638563,0.7194512575864792,0.8104128479957581,0.010450911521911688,0.16632988750934596,nan,0.0,0.21875,0.3625749999191612,0
15,180,5108,0.29017045454545454,2560,1.6358233034610747,0.377734375,0.7926837831735611,0.7959090173244476,0.29609375,0.4190505176782608,0.9113501459360123,0.03137257695198059,0.04769056178629398,0.7201643645763397,0.8091627269983291,0.016478943824768,0.16632988750934596,nan,0.0,nan,0.0,0
15,200,5128,0.2913068181818182,2560,1.6084087491035461,0.37578125,0.7945025444030762,0.7948922663927078,0.311328125,0.4255588412284851,0.9010816097259522,0.03137257695198059,0.047778336144983766,0.7219614624977112,0.8091627269983291,0.014660182595252924,0.16632988750934596,nan,0.0,nan,0.0,0
15,220,5148,0.2924431818181818,2560,1.617425698041916,0.380078125,0.8100841581821442,0.8067807674407959,0.292578125,0.40605890452861787,0.9121709406375885,0.03137257695198059,0.046088585257530214,0.7171306669712066,0.7999619364738464,-0.010122221708297796,0.16632988750934596,nan,0.0,nan,0.0,0
15,240,5168,0.29357954545454545,2560,1.6216910362243653,0.36953125,0.8043431580066681,0.8007031977176666,0.29296875,0.4179668724536896,0.9086557000875473,0.03137257695198059,0.047573354467749594,0.7218792200088501,0.7999619364738464,-0.004381221532821722,0.16632988750934596,nan,0.0,nan,0.0,0
15,260,5188,0.2947159090909091,2560,1.6249385893344879,0.373046875,0.7931382983922959,0.791852205991745,0.30703125,0.42209140211343765,0.9087875545024872,0.03137257695198059,0.04604393187910318,0.7196344316005707,0.7999619364738464,0.006823638081550509,0.16632988750934596,nan,0.0,0.2890625,0.3563762000994757,0
15,280,5208,0.2958522727272727,2560,1.65134499669075,0.366015625,0.8008724212646484,0.804587322473526,0.285546875,0.4204947277903557,0.9072532892227173,0.03137257695198059,0.044045970775187016,0.7121505409479141,0.7945025444030762,-0.006369876861572199,0.16632988750934596,nan,0.0,nan,0.0,0
15,300,5228,0.29698863636363637,2560,1.6633167743682862,0.369140625,0.8068300932645798,0.7984225153923035,0.27578125,0.38998183608055115,0.9019344568252563,0.03137257695198059,0.045823410339653495,0.7189791858196258,0.8008724212646484,-0.005957671999931358,0.16632988750934596,nan,0.0,nan,0.0,0
15,320,5248,0.298125,2560,1.624599778652191,0.38359375,0.8037899255752563,0.8004972010850906,0.27890625,0.4160319328308105,0.9066987544298172,0.03137257695198059,0.046896949596703055,0.7193684220314026,0.8043431580066681,0.0005532324314118098,0.16632988750934596,nan,0.0,nan,0.0,0
15,340,5268,0.29926136363636363,2560,1.6354702293872834,0.39453125,0.7938295841217041,0.8018388241529465,0.259375,0.4129901334643364,0.912570720911026,0.03137257695198059,0.04470752384513617,0.7139963269233703,0.8037899255752563,0.00996034145355218,0.16632988750934596,nan,0.0,nan,0.0,0
15,352,5280,0.2999431818181818,1480,1.6565898585963894,0.38310810843029536,0.7925894015544169,0.7950967537390219,0.28108108148381517,0.4200263798236847,0.9108508657764744,0.03137257695198059,0.04480134190337078,0.7143641942256206,0.8008724212646484,0.008283019710231487,0.16632988750934596,nan,0.0,0.328125,0.36252139997668564,0
16,20,5300,0.2989204545454545,2560,1.6271142661571503,0.384765625,0.7931481748819351,0.7983397424221039,0.278125,0.39783861190080644,0.9135432153940201,0.03137257695198059,0.04486663937568665,0.7141891419887543,0.8008724212646484,0.007724246382713296,0.16632988750934596,nan,0.0,nan,0.0,0
16,40,5320,0.2977840909090909,2560,1.6520451188087464,0.36640625,0.7968920886516571,0.8013623774051666,0.30390625,0.41830561459064486,0.9094528406858444,0.03137257695198059,0.04487188700586557,0.7169820010662079,0.7938295841217041,-0.0030625045299529363,0.16632988750934596,nan,0.0,nan,0.0,0
16,60,5340,0.29664772727272726,2560,1.6556435167789458,0.360546875,0.8096875876188279,0.8060805201530457,0.296484375,0.4109828040003777,0.9009849727153778,0.03137257695198059,0.046577532216906546,0.7175269395112991,0.7938295841217041,-0.01585800349712374,0.16632988750934596,nan,0.0,nan,0.0,0
16,80,5360,0.29551136363636366,2560,1.6163269877433777,0.38359375,0.7965022534132004,0.8003669947385788,0.274609375,0.4121494859457016,0.9083684504032135,0.03137257695198059,0.04985508862882852,0.725841861963272,0.7938295841217041,-0.0026726692914962324,0.16632988750934596,nan,0.0,nan,0.0,0
16,100,5380,0.294375,2560,1.603431522846222,0.389453125,0.7915586590766907,0.7930483728647232,0.29453125,0.4336541354656219,0.901848754286766,0.03137257695198059,0.045416873134672645,0.7184716671705246,0.7965022534132004,0.004943594336509705,0.16632988750934596,nan,0.0,0.3203125,0.36342189996503294,0
16,120,5400,0.2932386363636364,2560,1.6380156457424164,0.37734375,0.799119371175766,0.7986777186393738,0.299609375,0.4183101698756218,0.9040236324071884,0.03137257695198059,0.04224431365728378,0.7088585376739502,0.7965022534132004,-0.0026171177625656794,0.16632988750934596,nan,0.0,nan,0.0,0
16,140,5420,0.2921022727272727,2560,1.619612270593643,0.3765625,0.7870567142963409,0.7969434261322021,0.290625,0.43622073233127595,0.9105358362197876,0.03137257695198059,0.04372247327119112,0.7111766487360001,0.7968920886516571,0.009835374355316118,0.16632988750934596,nan,0.0,nan,0.0,0
16,160,5440,0.2909659090909091,2560,1.6400294065475465,0.385546875,0.8006811738014221,0.7977178126573563,0.290625,0.4111475691199303,0.907788360118866,0.03137257695198059,0.04804438054561615,0.7212451517581939,0.7965022534132004,-0.004178920388221763,0.16632988750934596,nan,0.0,nan,0.0,0
16,180,5460,0.2898295454545454,2560,1.597780066728592,0.389453125,0.7943201959133148,0.7902163386344909,0.29921875,0.4213929608464241,0.9046104639768601,0.03137257695198059,0.041685004718601704,0.7072447925806046,0.7965022534132004,0.002182057499885537,0.16632988750934596,nan,0.0,nan,0.0,0
16,200,5480,0.2886931818181818,2560,1.64214386343956,0.372265625,0.8110361814498901,0.7984496027231216,0.290625,0.4194690018892288,0.9098115473985672,0.03137257695198059,0.042394969053566454,0.7083979785442353,0.7943201959133148,-0.016715985536575273,0.16632988750934596,nan,0.0,0.34375,0.354492099955678,0
16,220,5500,0.28755681818181816,2560,1.6197954654693603,0.38828125,0.7903870016336441,0.7960145503282547,0.296875,0.4207234472036362,0.900156807899475,0.03137257695198059,0.043115817569196226,0.7103165060281753,0.799119371175766,0.008732369542121976,0.16632988750934596,nan,0.0,nan,0.0,0
16,240,5520,0.28642045454545456,2560,1.628594559431076,0.367578125,0.8104238778352737,0.805253878235817,0.2953125,0.42237755507230756,0.9099309474229813,0.03137257695198059,0.04735881350934505,0.7210609495639801,0.7943201959133148,-0.01610368192195888,0.16632988750934596,nan,0.0,nan,0.0,0
16,260,5540,0.2852840909090909,2560,1.6692358791828155,0.362890625,0.8045233100652694,0.8013214349746705,0.27265625,0.3959739774465561,0.9082827419042587,0.03137257695198059,0.043711844645440576,0.7129644870758056,0.8006811738014221,-0.003842136263847329,0.16632988750934596,nan,0.0,nan,0.0,0
16,280,5560,0.2841477272727273,2560,1.6514750301837922,0.359765625,0.8008050888776779,0.8014104336500167,0.2890625,0.41071458607912065,0.9061813503503799,0.03137257695198059,0.042216090857982634,0.7091599822044372,0.8045233100652694,0.003718221187591575,0.16632988750934596,nan,0.0,nan,0.0,0
16,300,5580,0.28301136363636364,2560,1.613426411151886,0.36640625,0.7996342360973359,0.7969321101903916,0.309765625,0.4142109453678131,0.9106144100427628,0.03137257695198059,0.044407484494149684,0.7146382510662079,0.8045233100652694,0.004889073967933588,0.16632988750934596,nan,0.0,0.3046875,0.3557757999515161,0
16,320,5600,0.28187500000000004,2560,1.6506645619869231,0.36796875,0.8036471664905548,0.802362585067749,0.290234375,0.4161751240491867,0.9119985163211822,0.03137257695198059,0.047321926429867746,0.7209965467453003,0.8008050888776779,-0.0028420776128769143,0.16632988750934596,nan,0.0,nan,0.0,0
16,340,5620,0.28073863636363633,2560,1.646997058391571,0.36640625,0.7922914445400238,0.7962012141942978,0.309375,0.41915702223777773,0.9121518671512604,0.03137257695198059,0.05083058252930641,0.7289061337709427,0.8036471664905548,0.011355721950531028,0.16632988750934596,nan,0.0,nan,0.0,0
16,352,5632,0.2800568181818182,1480,1.625695059750531,0.37702702654374615,0.8041683976714675,0.79523773708859,0.2878378379989315,0.41951437576397044,0.9069443966891314,0.031372576770750255,0.04525963454633146,0.7164579787769834,0.8008050888776779,-0.0033633087937896544,0.16632988750934596,nan,0.0,nan,0.0,0
17,20,5652,0.2789204545454545,2560,1.601427924633026,0.39609375,0.7981767594814301,0.8004271358251571,0.297265625,0.4225834995508194,0.9047311335802078,0.03137257695198059,0.04541098494082689,0.7176301956176758,0.8008050888776779,0.002628329396247797,0.16632988750934596,nan,0.0,nan,0.0,0
17,40,5672,0.2777840909090909,2560,1.6117237269878388,0.37734375,0.8053056061267853,0.8024466425180435,0.296484375,0.4235870733857155,0.9109923273324967,0.03137257695198059,0.04315089900046587,0.7102047711610794,0.7996342360973359,-0.005671370029449396,0.16632988750934596,nan,0.0,0.421875,0.39040419994853437,0
17,60,5692,0.27664772727272724,2560,1.5839546203613282,0.390625,0.7887640655040741,0.7937899529933929,0.28984375,0.42621900886297226,0.9101260036230088,0.03137257695198059,0.04292459394782781,0.7105061203241348,0.8036471664905548,0.014883100986480713,0.16632988750934596,nan,0.0,nan,0.0,0
17,80,5712,0.27551136363636364,2560,1.6162407875061036,0.389453125,0.79925035238266,0.7982608944177627,0.295703125,0.4066763833165169,0.9074299067258835,0.03137257695198059,0.043109994381666183,0.7100023061037064,0.7981767594814301,-0.0010735929012298806,0.16632988750934596,nan,0.0,nan,0.0,0
17,100,5732,0.274375,2560,1.6460880875587462,0.369140625,0.8072553902864457,0.8012745082378387,0.2828125,0.4103774815797806,0.8995634943246842,0.03137257695198059,0.04315159413963556,0.7103838801383973,0.79925035238266,-0.008005037903785706,0.16632988750934596,nan,0.0,nan,0.0,0
17,120,5752,0.2732386363636364,2560,1.6057536780834198,0.37890625,0.79429692029953,0.792423015832901,0.27109375,0.42008585333824155,0.904547393321991,0.03137257695198059,0.043532051332294944,0.7088595896959304,0.79925035238266,0.004953432083129927,0.16632988750934596,nan,0.0,nan,0.0,0
17,140,5772,0.2721022727272727,2560,1.6297049283981324,0.384375,0.791818505525589,0.7930732935667038,0.26015625,0.3914221331477165,0.9095559656620026,0.03137257695198059,0.04459993951022625,0.7145926535129548,0.79925035238266,0.0074318468570709895,0.16632988750934596,nan,0.0,0.296875,0.36723929992876947,0
17,160,5792,0.2709659090909091,2560,1.6026414275169372,0.38984375,0.801357215642929,0.8023452967405319,0.29375,0.4217122420668602,0.9053011834621429,0.03137257695198059,0.045734059624373914,0.7165101528167724,0.79429692029953,-0.007060295343399026,0.16632988750934596,nan,0.0,nan,0.0,0
17,180,5812,0.26982954545454546,2560,1.6331064224243164,0.38515625,0.7969060570001603,0.7922285944223404,0.276953125,0.42020680457353593,0.9199152827262879,0.03137257695198059,0.04267986211925745,0.7105037778615951,0.79925035238266,0.002344295382499695,0.16632988750934596,nan,0.0,nan,0.0,0
17,200,5832,0.26869318181818186,2560,1.590294635295868,0.40546875,0.790892305970192,0.8008083552122116,0.278515625,0.4140992730855942,0.9104114741086959,0.03137257695198059,0.044476788677275184,0.7154341101646423,0.7969060570001603,0.006013751029968262,0.16632988750934596,nan,0.0,nan,0.0,0
17,220,5852,0.26755681818181815,2560,1.6111343562602998,0.3828125,0.7939142316579819,0.792569500207901,0.28828125,0.4268043950200081,0.9052501857280731,0.03137257695198059,0.04428242575377226,0.7157360196113587,0.79429692029953,0.00038268864154811233,0.16632988750934596,nan,0.0,nan,0.0,0
17,240,5872,0.26642045454545454,2560,1.5985936164855956,0.38984375,0.7929006487131118,0.7925889521837235,0.291796875,0.4205602839589119,0.9142564326524735,0.03137257695198059,0.045123061165213585,0.7127076536417007,0.7939142316579819,0.001013582944870084,0.16632988750934596,nan,0.0,0.3203125,0.35909070004709065,0
17,260,5892,0.2652840909090909,2560,1.6575245916843415,0.375,0.7951520949602127,0.7924924373626709,0.28828125,0.41576055288314817,0.9079921901226043,0.03137257695198059,0.04223978854715824,0.7083864867687225,0.7939142316579819,-0.0012378633022307461,0.16632988750934596,nan,0.0,nan,0.0,0
17,280,5912,0.26414772727272723,2560,1.6301181972026826,0.375,0.7905445456504822,0.7929359674453735,0.30625,0.4202468290925026,0.9079807460308075,0.03137257695198059,0.044406036287546156,0.7132989376783371,0.7939142316579819,0.0033696860074997614,0.16632988750934596,nan,0.0,nan,0.0,0
17,300,5932,0.2630113636363636,2560,1.5951709508895875,0.384375,0.7874385774135589,0.7963838189840317,0.293359375,0.4340280845761299,0.9120277613401413,0.03137257695198059,0.0420783132314682,0.7085303664207458,0.7929006487131118,0.005462071299552895,0.16632988750934596,nan,0.0,nan,0.0,0
17,320,5952,0.26187499999999997,2560,1.6593732833862305,0.35625,0.7948878288269043,0.7990027278661728,0.32109375,0.41385909020900724,0.9152256190776825,0.03137257695198059,0.04389172103255987,0.7125353693962098,0.7929006487131118,-0.0019871801137925083,0.16632988750934596,nan,0.0,nan,0.0,0
17,340,5972,0.26073863636363637,2560,1.595788937807083,0.3859375,0.793554550409317,0.7951303005218506,0.307421875,0.4220796138048172,0.9091303676366806,0.03137257695198059,0.04623966440558434,0.7167364805936813,0.7929006487131118,-0.0006539016962051614,0.16632988750934596,nan,0.0,0.3203125,0.35598530003335327,0
17,352,5984,0.2600568181818182,1480,1.6507229083293193,0.36824324372652417,0.7874867664801107,0.7965697253072584,0.2898648650259585,0.4494295039692441,0.9076473397177619,0.031372576770750255,0.04391823131087664,0.7140869469256015,0.793554550409317,0.006067783929206261,0.16632988750934596,nan,0.0,nan,0.0,0
18,20,6004,0.25892045454545454,2560,1.6010568857192993,0.39296875,0.8047146141529083,0.8078249841928482,0.303125,0.4165088623762131,0.9138505429029464,0.03137257695198059,0.04210892077535391,0.7080362498760223,0.7905445456504822,-0.014170068502426192,0.16632988750934596,nan,0.0,nan,0.0,0
18,40,6024,0.25778409090909093,2560,1.5986192107200623,0.397265625,0.7756688892841339,0.7861422449350357,0.291796875,0.44731401950120925,0.9018973261117935,0.03137257695198059,0.040475713275372985,0.703592374920845,0.793554550409317,0.017885661125183083,0.16632988750934596,nan,0.0,nan,0.0,0
18,60,6044,0.2566477272727273,2560,1.5923653185367583,0.38046875,0.7882707685232162,0.7953746914863586,0.293359375,0.4299591362476349,0.9046392023563385,0.03137257695198059,0.04050423298031092,0.7047843366861344,0.793554550409317,0.005283781886100791,0.16632988750934596,nan,0.0,nan,0.0,0
18,80,6064,0.2555113636363637,2560,1.6223968863487244,0.381640625,0.8048502296209336,0.7984481960535049,0.28671875,0.4117462068796158,0.9061799615621566,0.03137257695198059,0.0438718244433403,0.7099699676036835,0.7882707685232162,-0.016579461097717352,0.16632988750934596,nan,0.0,0.359375,0.37373920006211847,0
18,100,6084,0.25437499999999996,2560,1.5721643090248107,0.40390625,0.7837433308362961,0.7872141659259796,0.29375,0.44667715281248094,0.9003477871418,0.03137257695198059,0.044369501434266566,0.7139863103628159,0.7882707685232162,0.004527437686920099,0.16632988750934596,nan,0.0,nan,0.0,0
18,120,6104,0.25323863636363636,2560,1.602309787273407,0.39765625,0.7898248851299285,0.7906307429075241,0.28203125,0.43905665129423144,0.9033490747213364,0.03137257695198059,0.0421786867082119,0.7086776345968246,0.7882707685232162,-0.0015541166067123413,0.16632988750934596,nan,0.0,nan,0.0,0
18,140,6124,0.2521022727272727,2560,1.6190460264682769,0.367578125,0.7977389693260193,0.7986291497945786,0.275390625,0.40105993002653123,0.909914419054985,0.03137257695198059,0.040644345432519914,0.7045324683189392,0.7882707685232162,-0.009468200802803084,0.16632988750934596,nan,0.0,nan,0.0,0
18,160,6144,0.2509659090909091,2560,1.5943895637989045,0.384765625,0.773507097363472,0.7810056239366532,0.2984375,0.4309782609343529,0.9052022516727447,0.03137257695198059,0.041138861887156965,0.7051575005054473,0.7898248851299285,0.016317787766456537,0.16632988750934596,nan,0.0,nan,0.0,0
18,180,6164,0.24982954545454544,2560,1.5708985567092895,0.408203125,0.8035772532224655,0.7975096583366394,0.27890625,0.4158131882548332,0.9105688959360123,0.03137257695198059,0.04297378435730934,0.7109034806489944,0.7898248851299285,-0.013752368092536993,0.16632988750934596,nan,0.0,0.2890625,0.363689300022088,0
18,200,6184,0.24869318181818179,2560,1.5992741763591767,0.386328125,0.7851523905992508,0.7923720300197601,0.28671875,0.42996854782104493,0.9037843257188797,0.03137257695198059,0.04319108910858631,0.7115319669246674,0.7898248851299285,0.004672494530677751,0.16632988750934596,nan,0.0,nan,0.0,0
18,220,6204,0.24755681818181818,2560,1.600968986749649,0.385546875,0.7950685501098633,0.7934798121452331,0.292578125,0.4142388433218002,0.9115163415670395,0.03137257695198059,0.04325136635452509,0.709579148888588,0.7898248851299285,-0.005243664979934781,0.16632988750934596,nan,0.0,nan,0.0,0
18,240,6224,0.2464204545454545,2560,1.580581146478653,0.38359375,0.7768830776214599,0.7866635769605637,0.294140625,0.42559758573770523,0.908615893125534,0.03137257695198059,0.045029808022081855,0.7148017227649689,0.7950685501098633,0.01818547248840341,0.16632988750934596,nan,0.0,nan,0.0,0
18,260,6244,0.2452840909090909,2560,1.5624992191791534,0.396875,0.776519951224327,0.7904496729373932,0.293359375,0.42972350120544434,0.908338189125061,0.03137257695198059,0.04111177120357752,0.7067817181348801,0.7851523905992508,0.00863243937492375,0.16632988750934596,nan,0.0,nan,0.0,0
18,280,6264,0.24414772727272724,2560,1.620545357465744,0.3703125,0.7830869048833847,0.7882424831390381,0.3109375,0.4197579696774483,0.9049554347991944,0.03137257695198059,0.04347770195454359,0.7098456203937531,0.7851523905992508,0.0020654857158660667,0.16632988750934596,nan,0.0,0.3359375,0.35692930000368506,0
18,300,6284,0.24301136363636364,2560,1.5909998297691346,0.398046875,0.7946776926517487,0.7939735651016235,0.280859375,0.4072233587503433,0.9105092614889145,0.03137257695198059,0.040275763534009454,0.704905366897583,0.7830869048833847,-0.011590787768363975,0.16632988750934596,nan,0.0,nan,0.0,0
18,320,6304,0.24187499999999995,2560,1.6162177205085755,0.36953125,0.7860580056905746,0.791391521692276,0.301171875,0.42753699272871015,0.9147681146860123,0.03137257695198059,0.045617570914328096,0.714426901936531,0.7830869048833847,-0.002971100807189875,0.16632988750934596,nan,0.0,nan,0.0,0
18,340,6324,0.24073863636363635,2560,1.5872486233711243,0.372265625,0.786435467004776,0.7920779109001159,0.313671875,0.4168998271226883,0.9029111444950104,0.03137257695198059,0.04399805795401335,0.7139006912708282,0.7830869048833847,-0.0033485621213912298,0.16632988750934596,nan,0.0,nan,0.0,0
18,352,6336,0.2400568181818182,1480,1.5678714545997414,0.4121621626454431,0.7779255009986259,0.7808965718423998,0.26418918935028285,0.42088270493455837,0.9026246467152157,0.03137257695198059,0.03866384810692555,0.7002712865133544,0.7860580056905746,0.008132504691948705,0.16632988750934596,nan,0.0,nan,0.0,0
19,20,6356,0.23892045454545452,2560,1.5838577270507812,0.396875,0.7889195531606674,0.7964424282312393,0.271875,0.410912398993969,0.9093305200338364,0.03137257695198059,0.03994021955877543,0.7017128676176071,0.7860580056905746,-0.002861547470092818,0.16632988750934596,nan,0.0,0.3515625,0.3737839999375865,0
19,40,6376,0.23778409090909092,2560,1.5597491621971131,0.3984375,0.772033354640007,0.7803126186132431,0.300390625,0.45025555938482287,0.9103457361459732,0.03137257695198059,0.04110724311321974,0.7054723173379898,0.786435467004776,0.01440211236476896,0.16632988750934596,nan,0.0,nan,0.0,0
19,60,6396,0.23664772727272726,2560,1.5780220091342927,0.401171875,0.7995566099882125,0.7912052303552628,0.280859375,0.40446756333112716,0.9117570489645004,0.03137257695198059,0.04428748860955238,0.7136108696460723,0.7860580056905746,-0.01349860429763794,0.16632988750934596,nan,0.0,nan,0.0,0
19,80,6416,0.23551136363636366,2560,1.518647027015686,0.41328125,0.7780690848827362,0.7875400811433793,0.30625,0.4399829626083374,0.901596599817276,0.03137257695198059,0.04143107905983925,0.7071556836366654,0.786435467004776,0.008366382122039773,0.16632988750934596,nan,0.0,nan,0.0,0
19,100,6436,0.234375,2560,1.599405872821808,0.39140625,0.7902766048908234,0.7882859766483307,0.308984375,0.44660814851522446,0.9062973260879517,0.03137257695198059,0.04725185427814722,0.7191002547740937,0.7780690848827362,-0.012207520008087225,0.16632988750934596,nan,0.0,nan,0.0,0
19,120,6456,0.23323863636363631,2560,1.5787937104701997,0.412109375,0.7769846498966217,0.7862517297267914,0.27421875,0.4261728212237358,0.9074084103107453,0.03137257695198059,0.04159397836774588,0.7073810189962387,0.7889195531606674,0.011934903264045671,0.16632988750934596,nan,0.0,0.3203125,0.367729099933058,0
19,140,6476,0.2321022727272727,2560,1.5657300531864167,0.39453125,0.7748482912778855,0.7879659205675125,0.3046875,0.4425916388630867,0.9019915431737899,0.03137257695198059,0.04239499066025019,0.7102016597986222,0.7780690848827362,0.0032207936048507246,0.16632988750934596,nan,0.0,nan,0.0,0
19,160,6496,0.23096590909090906,2560,1.561970865726471,0.410546875,0.7868693888187408,0.7882705956697464,0.28203125,0.4154031381011009,0.9101295679807663,0.03137257695198059,0.044336558505892756,0.7140827447175979,0.7780690848827362,-0.008800303936004616,0.16632988750934596,nan,0.0,nan,0.0,0
19,180,6516,0.22982954545454545,2560,1.5564630508422852,0.40390625,0.7816900461912155,0.7782226771116256,0.28984375,0.44991186410188677,0.8989051878452301,0.03137257695198059,0.040494502522051334,0.7049087315797806,0.7780690848827362,-0.0036209613084793313,0.16632988750934596,nan,0.0,nan,0.0,0
19,200,6536,0.22869318181818177,2560,1.6037189066410065,0.38671875,0.7760979175567627,0.7864025354385376,0.299609375,0.4304939731955528,0.9067566096782684,0.03137257695198059,0.03958049658685923,0.7019644260406495,0.7816900461912155,0.005592128634452798,0.16632988750934596,nan,0.0,nan,0.0,0
19,220,6556,0.22755681818181817,2560,1.5404866218566895,0.411328125,0.7820995867252349,0.7835568994283676,0.27734375,0.42027263045310975,0.9069095820188522,0.03137257695198059,0.03953826613724232,0.7028799086809159,0.7769846498966217,-0.005114936828613192,0.16632988750934596,nan,0.0,0.3515625,0.35633630002848804,0
19,240,6576,0.2264204545454545,2560,1.5696457982063294,0.39609375,0.7812630236148834,0.7832100123167038,0.291796875,0.43319805413484574,0.9025138974189758,0.03137257695198059,0.04345297496765852,0.7118613481521606,0.7816900461912155,0.0004270225763320923,0.16632988750934596,nan,0.0,nan,0.0,0
19,260,6596,0.2252840909090909,2560,1.5751237154006958,0.4015625,0.7770256251096725,0.7886421412229538,0.291015625,0.4361881002783775,0.9070902675390243,0.03137257695198059,0.04024625401943922,0.7035270035266876,0.7816900461912155,0.004664421081542969,0.16632988750934596,nan,0.0,nan,0.0,0
19,280,6616,0.22414772727272725,2560,1.5528291821479798,0.391796875,0.784506207704544,0.7831693232059479,0.3015625,0.42593609988689424,0.9089880853891372,0.03137257695198059,0.041136767528951165,0.7060052454471588,0.7812630236148834,-0.0032431840896606223,0.16632988750934596,nan,0.0,nan,0.0,0
19,300,6636,0.22301136363636365,2560,1.5802512884140014,0.39296875,0.8018609285354614,0.7918696224689483,0.296484375,0.4114964008331299,0.9120629876852036,0.03137257695198059,0.040046182833611964,0.7032805442810058,0.7812630236148834,-0.020597904920578003,0.16632988750934596,nan,0.0,nan,0.0,0
19,320,6656,0.22187499999999996,2560,1.554699456691742,0.398828125,0.7634173065423966,0.7782565057277679,0.294921875,0.4397983580827713,0.9030908107757568,0.03137257695198059,0.04012314341962338,0.7030508548021317,0.7820995867252349,0.01868228018283835,0.16632988750934596,nan,0.0,0.34375,0.3561312999809161,0
19,340,6676,0.22073863636363636,2560,1.5594754278659821,0.41171875,0.7599280804395676,0.7793321192264557,0.29609375,0.44444241374731064,0.8968896448612214,0.03137257695198059,0.04213670641183853,0.7097231060266495,0.7812630236148834,0.021334943175315813,0.16632988750934596,nan,0.0,nan,0.0,0
19,352,6688,0.22005681818181821,1480,1.54264769811888,0.4114864874530483,0.7709322030479844,0.784926645498018,0.2864864864864865,0.4365136043445484,0.909473117299982,0.03137257695198059,0.0435564156319644,0.7130935147001937,0.7770256251096725,0.00609342206168817,0.16632988750934596,nan,0.0,nan,0.0,0
20,20,6708,0.21892045454545453,2560,1.535956048965454,0.40703125,0.7661745637655258,0.7859927088022232,0.2921875,0.43467183113098146,0.9125723719596863,0.03137257695198059,0.041402665339410304,0.7046359449625015,0.7709322030479844,0.004757639282458537,0.16632988750934596,nan,0.0,nan,0.0,0
20,40,6728,0.21778409090909087,2560,1.5556474387645722,0.40859375,0.7783914148807526,0.7864547967910767,0.298828125,0.42560709863901136,0.9069432824850082,0.03137257695198059,0.039706381410360335,0.7015374213457107,0.7661745637655258,-0.012216851115226746,0.16632988750934596,nan,0.0,nan,0.0,0
20,60,6748,0.21664772727272727,2560,1.5473064005374908,0.398828125,0.7798193752765655,0.7839864313602447,0.3078125,0.4313488259911537,0.9082533687353134,0.03137257695198059,0.04024250265210867,0.7028168916702271,0.7661745637655258,-0.01364481151103969,0.16632988750934596,nan,0.0,0.3828125,0.3712449000449851,0
20,80,6768,0.2155113636363636,2560,1.5620298743247987,0.396484375,0.7810243010520935,0.7912956416606903,0.286328125,0.43128781914711,0.906679293513298,0.03137257695198059,0.04170448202639818,0.7071299195289612,0.7709322030479844,-0.010092098004109151,0.16632988750934596,nan,0.0,nan,0.0,0
20,100,6788,0.214375,2560,1.5659561634063721,0.39375,0.7763745874166489,0.7822587549686432,0.287890625,0.42631510347127916,0.9039651423692703,0.03137257695198059,0.039846019446849824,0.7021357327699661,0.7783914148807526,0.0020168274641036987,0.16632988750934596,nan,0.0,nan,0.0,0
20,120,6808,0.21323863636363632,2560,1.5425235450267791,0.42265625,0.7817027300596238,0.7900027185678482,0.288671875,0.4300279304385185,0.9132604092359543,0.03137257695198059,0.040536349453032014,0.704591166973114,0.7783914148807526,-0.003311315178871177,0.16632988750934596,nan,0.0,nan,0.0,0
20,140,6828,0.21210227272727272,2560,1.5566222667694092,0.400390625,0.7666572719812393,0.7802911281585694,0.30234375,0.43921399861574173,0.9003339290618897,0.03137257695198059,0.038884414732456206,0.7017605513334274,0.7798193752765655,0.013162103295326189,0.16632988750934596,nan,0.0,nan,0.0,0
20,160,6848,0.21096590909090907,2560,1.555876088142395,0.40703125,0.770409169793129,0.7794750422239304,0.303515625,0.44056092500686644,0.9012531518936158,0.03137257695198059,0.04105231016874313,0.7026122003793717,0.7798193752765655,0.009410205483436518,0.16632988750934596,nan,0.0,0.3203125,0.3685000999830663,0
20,180,6868,0.20982954545454546,2560,1.5587482511997224,0.41484375,0.7912410229444504,0.7868011653423309,0.26953125,0.42534649819135667,0.9097892999649048,0.03137257695198059,0.03966959342360497,0.7017105102539063,0.7763745874166489,-0.014866435527801536,0.16632988750934596,nan,0.0,nan,0.0,0
20,200,6888,0.20869318181818178,2560,1.571791535615921,0.396484375,0.7669054329395294,0.7824423640966416,0.294140625,0.4362431183457375,0.904013592004776,0.03137257695198059,0.041001999750733376,0.7040559351444244,0.7763745874166489,0.00946915447711949,0.16632988750934596,nan,0.0,nan,0.0,0
20,220,6908,0.20755681818181818,2560,1.512990987300873,0.422265625,0.7609322309494019,0.7784348994493484,0.29375,0.42236234396696093,0.899370089173317,0.03137257695198059,0.03852808941155672,0.6986116945743561,0.770409169793129,0.009476938843727134,0.16632988750934596,nan,0.0,nan,0.0,0
20,240,6928,0.20642045454545452,2560,1.5706089735031128,0.3953125,0.7419696986675263,0.7675341486930847,0.2953125,0.44875127375125884,0.9045247614383698,0.03137257695198059,0.03929706756025553,0.7013282030820847,0.7669054329395294,0.02493573427200313,0.16632988750934596,nan,0.0,nan,0.0,0
20,260,6948,0.20528409090909092,2560,1.5307164072990418,0.4125,0.7810936361551285,0.7813567012548447,0.288671875,0.4184941604733467,0.9064767390489579,0.03137257695198059,0.03941352814435959,0.7012939840555191,0.7669054329395294,-0.014188203215599104,0.16632988750934596,nan,0.0,0.34375,0.364847999997437,0
20,280,6968,0.20414772727272726,2560,1.4970663130283355,0.4171875,0.7711537957191468,0.7847451746463776,0.30390625,0.44400034844875336,0.9053786128759385,0.03137257695198059,0.04242330584675073,0.7081373333930969,0.7669054329395294,-0.004248362779617376,0.16632988750934596,nan,0.0,nan,0.0,0
20,300,6988,0.20301136363636366,2560,1.5393132269382477,0.4046875,0.7530797183513641,0.7664974421262741,0.311328125,0.44659664630889895,0.8991162806749344,0.03137257695198059,0.04025173224508762,0.7041906952857971,0.7669054329395294,0.013825714588165283,0.16632988750934596,nan,0.0,nan,0.0,0
20,320,7008,0.20187499999999997,2560,1.5498794555664062,0.40625,0.768800887465477,0.7764544308185577,0.30234375,0.4460466802120209,0.9061537623405457,0.03137257695198059,0.03920334931463003,0.7009456515312195,0.7609322309494019,-0.007868656516075156,0.16632988750934596,nan,0.0,nan,0.0,0
20,340,7028,0.20073863636363637,2560,1.5100058495998383,0.43046875,0.7778002917766571,0.7780382990837097,0.2796875,0.4372873917222023,0.9024757534265518,0.03137257695198059,0.03894003722816706,0.7011543452739716,0.768800887465477,-0.00899940431118007,0.16632988750934596,nan,0.0,nan,0.0,0
20,352,7040,0.20005681818181814,1480,1.5848646408802753,0.40675675772331854,0.7679136959282128,0.7805063866280221,0.28918918902809554,0.46239910689560143,0.9121005989409782,0.03137257695198059,0.038239742835631245,0.6996499206568744,0.7711537957191468,0.0032400997909339813,0.16632988750934596,nan,0.0,0.359375,0.36217540001962334,0
21,20,7060,0.19892045454545454,2560,1.5209198772907258,0.412890625,0.7688346594572067,0.7810587853193283,0.290625,0.4279594361782074,0.8993362605571746,0.03137257695198059,0.04103855695575476,0.7068819314241409,0.768800887465477,-3.3771991729714124e-05,0.16632988750934596,nan,0.0,nan,0.0,0
21,40,7080,0.19778409090909088,2560,1.5236024081707,0.430078125,0.7733762502670288,0.7765046626329422,0.26953125,0.43776595443487165,0.9039376765489578,0.03137257695198059,0.040988903120160104,0.7061368137598037,0.768800887465477,-0.004575362801551797,0.16632988750934596,nan,0.0,nan,0.0,0
21,60,7100,0.19664772727272728,2560,1.5001064956188201,0.43359375,0.7624489426612854,0.7777827084064484,0.284375,0.4373835399746895,0.9065688014030456,0.03137257695198059,0.03937695305794477,0.7005004972219467,0.7688346594572067,0.00638571679592137,0.16632988750934596,nan,0.0,nan,0.0,0
21,80,7120,0.1955113636363636,2560,1.5267230331897736,0.421484375,0.7550656825304032,0.7760499477386474,0.287890625,0.4341016665101051,0.9070100367069245,0.03137257695198059,0.038749645836651324,0.6991482257843018,0.7688346594572067,0.013768976926803567,0.16632988750934596,nan,0.0,nan,0.0,0
21,100,7140,0.194375,2560,1.5129289746284484,0.427734375,0.7528471767902374,0.7739755183458328,0.289453125,0.44258430153131484,0.9067885249853134,0.03137257695198059,0.04083833768963814,0.7066760838031769,0.7679136959282128,0.01506651913797541,0.16632988750934596,nan,0.0,0.3515625,0.36689730000216514,0
21,120,7160,0.19323863636363633,2560,1.4935424208641053,0.420703125,0.7507517576217652,0.7718789577484131,0.29375,0.4444273129105568,0.9034837275743485,0.03137257695198059,0.03794675748795271,0.698519054055214,0.7624489426612854,0.01169718503952022,0.16632988750934596,nan,0.0,nan,0.0,0
21,140,7180,0.19210227272727273,2560,1.5481063723564148,0.415625,0.7677181601524353,0.7825213372707367,0.2921875,0.4172497749328613,0.9007948726415634,0.03137257695198059,0.039861155673861504,0.7036881029605866,0.7550656825304032,-0.012652477622032143,0.16632988750934596,nan,0.0,nan,0.0,0
21,160,7200,0.19096590909090908,2560,1.5267804443836213,0.423828125,0.7447457581758499,0.7691855370998383,0.29921875,0.4467266157269478,0.9132544428110123,0.03137257695198059,0.0399479765444994,0.7025346726179122,0.7550656825304032,0.010319924354553311,0.16632988750934596,nan,0.0,nan,0.0,0
21,180,7220,0.18982954545454547,2560,1.556499195098877,0.41328125,0.7539607942104339,0.7723129481077194,0.28828125,0.43847520649433136,0.9061462610960007,0.03137257695198059,0.03862600028514862,0.7000611454248429,0.7528471767902374,-0.0011136174201965554,0.16632988750934596,nan,0.0,nan,0.0,0
21,200,7240,0.1886931818181818,2560,1.500094908475876,0.426953125,0.7649711221456528,0.7641613185405731,0.2765625,0.41073858737945557,0.9033734858036041,0.03137257695198059,0.03811908531934023,0.6976720064878463,0.7528471767902374,-0.012123945355415389,0.16632988750934596,nan,0.0,0.3046875,0.35929199995007366,0
21,220,7260,0.18755681818181819,2560,1.5254262030124663,0.412890625,0.7549352467060089,0.7725305140018464,0.301953125,0.45242819041013715,0.9051076471805573,0.03137257695198059,0.04025424402207136,0.7034531593322754,0.7539607942104339,-0.000974452495574929,0.16632988750934596,nan,0.0,nan,0.0,0
21,240,7280,0.18642045454545453,2560,1.5528728544712067,0.393359375,0.7618978053331376,0.774976623058319,0.319921875,0.43471899181604384,0.9116302698850631,0.03137257695198059,0.03648824784904718,0.6938267648220062,0.7549352467060089,-0.00696255862712869,0.16632988750934596,nan,0.0,nan,0.0,0
21,260,7300,0.18528409090909093,2560,1.4887969970703125,0.432421875,0.7513689875602723,0.7693046718835831,0.28984375,0.44366588443517685,0.9058688044548034,0.03137257695198059,0.03864989820867777,0.7013869464397431,0.7549352467060089,0.0035662591457366055,0.16632988750934596,nan,0.0,nan,0.0,0
21,280,7320,0.18414772727272724,2560,1.5338034808635712,0.4015625,0.7448663651943207,0.7733427852392196,0.27890625,0.43294350504875184,0.9016231745481491,0.03137257695198059,0.03848238829523325,0.7002197176218032,0.7549352467060089,0.010068881511688166,0.16632988750934596,nan,0.0,nan,0.0,0
21,300,7340,0.18301136363636364,2560,1.4790583193302154,0.430859375,0.7545003443956375,0.7686569422483445,0.278125,0.4046756595373154,0.9068259119987487,0.03137257695198059,0.03694800101220608,0.6947611004114151,0.7549352467060089,0.0004349023103713545,0.16632988750934596,nan,0.0,0.3515625,0.3556341999210417,0
21,320,7360,0.18187499999999998,2560,1.5119117736816405,0.415234375,0.7377179652452469,0.7678617000579834,0.301171875,0.44342622607946397,0.9066328853368759,0.03137257695198059,0.03958826195448637,0.7013114392757416,0.7545003443956375,0.016782379150390603,0.16632988750934596,nan,0.0,nan,0.0,0
21,340,7380,0.18073863636363638,2560,1.536118495464325,0.421484375,0.7555593818426132,0.7725916773080825,0.2765625,0.43850457221269606,0.9012897700071335,0.03137257695198059,0.03983316645026207,0.7039329290390015,0.7513689875602723,-0.004190394282340915,0.16632988750934596,nan,0.0,nan,0.0,0
21,352,7392,0.18005681818181815,1480,1.5200217640077747,0.4087837839448774,0.7333461813024572,0.7592485543843862,0.34054054005725964,0.44062100890520456,0.9023134128467457,0.03137257695198059,0.036267341532417244,0.6937421992018417,0.7513689875602723,0.01802280625781505,0.16632988750934596,nan,0.0,nan,0.0,0
22,20,7412,0.17892045454545455,2560,1.5068004906177521,0.412109375,0.755810123682022,0.7735345423221588,0.306640625,0.4394718691706657,0.8991534084081649,0.03137257695198059,0.039670082926750186,0.702326375246048,0.7448663651943207,-0.01094375848770135,0.16632988750934596,nan,0.0,nan,0.0,0
22,40,7432,0.1777840909090909,2560,1.4748139560222626,0.430859375,0.7631468266248703,0.7707317501306534,0.292578125,0.4450846195220947,0.903993371129036,0.03137257695198059,0.037270119041204454,0.695580068230629,0.7545003443956375,-0.00864648222923281,0.16632988750934596,nan,0.0,0.3515625,0.3871058999793604,0
22,60,7452,0.1766477272727273,2560,1.4978682816028595,0.426171875,0.757620295882225,0.7750039637088776,0.2890625,0.4587013453245163,0.9025538325309753,0.03137257695198059,0.03935813307762146,0.7023121565580368,0.7555593818426132,-0.0020609140396118386,0.16632988750934596,nan,0.0,nan,0.0,0
22,80,7472,0.1755113636363636,2560,1.5220392942428589,0.4296875,0.7480884850025177,0.7706691950559617,0.3,0.4403058782219887,0.9047098994255066,0.03137257695198059,0.039153581485152245,0.7013902515172958,0.755810123682022,0.007721638679504372,0.16632988750934596,nan,0.0,nan,0.0,0
22,100,7492,0.174375,2560,1.5012991786003114,0.426171875,0.7639028251171112,0.7724484890699387,0.296875,0.44460622519254683,0.9021194666624069,0.03137257695198059,0.04109602309763431,0.7049091309309006,0.755810123682022,-0.008092701435089111,0.16632988750934596,nan,0.0,nan,0.0,0
22,120,7512,0.17323863636363634,2560,1.4458240747451783,0.43203125,0.740252697467804,0.7601350337266922,0.298046875,0.43682935684919355,0.9067895501852036,0.03137257695198059,0.037133028358221055,0.6958304524421692,0.757620295882225,0.017367598414421037,0.16632988750934596,nan,0.0,nan,0.0,0
22,140,7532,0.17210227272727274,2560,1.5164747416973114,0.42421875,0.746798375248909,0.76438028216362,0.294140625,0.44502958953380584,0.9042690455913543,0.03137257695198059,0.03938411232084036,0.7029280871152878,0.757620295882225,0.010821920633315996,0.16632988750934596,nan,0.0,0.375,0.3640462999464944,0
22,160,7552,0.17096590909090906,2560,1.477172064781189,0.428515625,0.7239997118711472,0.7615828365087509,0.301953125,0.4451423093676567,0.9023191004991531,0.03137257695198059,0.03866331372410059,0.7007745504379272,0.7480884850025177,0.024088773131370478,0.16632988750934596,nan,0.0,nan,0.0,0
22,180,7572,0.16982954545454546,2560,1.4875968456268311,0.428125,0.7052871823310852,0.7475578486919403,0.295703125,0.4405623525381088,0.903468468785286,0.03137257695198059,0.036905469745397566,0.6948733985424042,0.746798375248909,0.04151119291782379,0.16632988750934596,nan,0.0,nan,0.0,0
22,200,7592,0.1686931818181818,2560,1.4920504152774812,0.423046875,0.7513038605451584,0.768605700135231,0.308984375,0.45552735328674315,0.9023325830698014,0.03137257695198059,0.042160651087760924,0.71028171479702,0.740252697467804,-0.011051163077354431,0.16632988750934596,nan,0.0,nan,0.0,0
22,220,7612,0.1675568181818182,2560,1.5250907123088837,0.434375,0.7397205680608749,0.7558676600456238,0.275,0.4288217604160309,0.9046296656131745,0.03137257695198059,0.03739760052412748,0.696537372469902,0.740252697467804,0.0005321294069290383,0.16632988750934596,nan,0.0,nan,0.0,0
22,240,7632,0.16642045454545454,2560,1.4934231102466584,0.415234375,0.7565482527017593,0.7687074273824692,0.316796875,0.44532617926597595,0.9028948724269867,0.03137257695198059,0.03927744962275028,0.7029866218566895,0.7397205680608749,-0.016827684640884355,0.16632988750934596,nan,0.0,0.40625,0.3556018000235781,0
22,260,7652,0.16528409090909094,2560,1.4735239505767823,0.4328125,0.7372335702180862,0.7690348446369171,0.280859375,0.4310565307736397,0.9065826594829559,0.03137257695198059,0.036794885993003845,0.6961601167917252,0.7397205680608749,0.0024869978427887185,0.16632988750934596,nan,0.0,nan,0.0,0
22,280,7672,0.16414772727272725,2560,1.4663815021514892,0.4453125,0.7340271562337876,0.7561552882194519,0.2859375,0.46286191791296005,0.907929876446724,0.03137257695198059,0.03804631363600493,0.6981214284896851,0.7397205680608749,0.00569341182708738,0.16632988750934596,nan,0.0,nan,0.0,0
22,300,7692,0.16301136363636365,2560,1.5122819900512696,0.4203125,0.7484450757503509,0.7643908381462097,0.291796875,0.44662340730428696,0.9035570979118347,0.03137257695198059,0.041950644552707674,0.7089416235685349,0.7397205680608749,-0.008724507689475969,0.16632988750934596,nan,0.0,nan,0.0,0
22,320,7712,0.161875,2560,1.500219279527664,0.4328125,0.7683742702007293,0.7803538203239441,0.30703125,0.4437505856156349,0.9013544887304306,0.03137257695198059,0.041088429652154444,0.7068423449993133,0.7397205680608749,-0.02865370213985441,0.16632988750934596,nan,0.0,nan,0.0,0
22,340,7732,0.1607386363636364,2560,1.478478580713272,0.428125,0.7480831712484359,0.7599323481321335,0.290234375,0.44303918778896334,0.9039071530103684,0.03137257695198059,0.03874229229986668,0.7001982301473617,0.7484450757503509,0.00036190450191497803,0.16632988750934596,nan,0.0,0.375,0.3558187000453472,0
22,352,7744,0.16005681818181816,1480,1.464941549945522,0.4486486486486487,0.7490905098012975,0.775714846559473,0.2695945952389691,0.440249094930855,0.9014606788351729,0.03137257695198059,0.03574147061318964,0.6905053415813962,0.7480831712484359,-0.0010073385528616141,0.16632988750934596,nan,0.0,nan,0.0,0
23,20,7764,0.15892045454545456,2560,1.4936441957950592,0.433984375,0.7293138563632965,0.7613692253828048,0.301953125,0.45313008576631547,0.9007142513990403,0.03137257695198059,0.03674823883920908,0.6960931807756424,0.7484450757503509,0.01913121938705442,0.16632988750934596,nan,0.0,nan,0.0,0
23,40,7784,0.15778409090909087,2560,1.4508379757404328,0.441796875,0.7375252813100814,0.7586250454187393,0.283203125,0.42616706937551496,0.903551635146141,0.03137257695198059,0.03582842703908682,0.6925891727209091,0.7484450757503509,0.01091979444026947,0.16632988750934596,nan,0.0,nan,0.0,0
23,60,7804,0.15664772727272727,2560,1.4682735860347749,0.4421875,0.7242060214281082,0.7553062587976456,0.294140625,0.45434483140707016,0.91491319835186,0.03137257695198059,0.03755541816353798,0.6981940567493439,0.7480831712484359,0.023877149820327737,0.16632988750934596,nan,0.0,nan,0.0,0
23,80,7824,0.15551136363636361,2560,1.4150389552116394,0.456640625,0.6925654798746109,0.749593248963356,0.290234375,0.43610485941171645,0.9063235133886337,0.03137257695198059,0.03673780225217342,0.6948850721120834,0.7375252813100814,0.044959801435470514,0.16632988750934596,nan,0.0,0.3515625,0.36500640003941953,0
23,100,7844,0.154375,2560,1.3710073590278626,0.490625,0.4995571330189705,0.6878198117017746,0.243359375,0.37869092226028445,0.8999706417322159,0.03137257695198059,0.03413864616304636,0.6924892634153366,0.7293138563632965,0.229756723344326,0.16632988750934596,nan,0.0,0.34375,0.3567279999842867,1
23,120,7864,0.15323863636363635,2560,1.0705630600452423,0.61015625,0.22261624727398158,0.600698110461235,0.13671875,0.23558259755373,0.9056260645389557,0.03137257695198059,0.035200494900345804,0.6946472376585007,0.7242060214281082,0.5015897741541266,0.16632988750934596,nan,0.0,0.15625,0.3549665999598801,1
23,140,7884,0.15210227272727275,2560,1.3293751567602157,0.531640625,0.2701372625655495,0.6113122448325157,0.216015625,0.4592910647392273,0.9142533779144287,0.03137257695198059,0.05344623550772667,0.7282614052295685,0.6925654798746109,0.42242821730906144,0.16632988750934596,nan,0.0,0.234375,0.35529310000129044,1
23,160,7904,0.15096590909090907,2560,1.7354285299777985,0.337890625,0.8453731745481491,0.8361196041107177,0.3,0.4315295681357384,0.9203132808208465,0.03137257695198059,0.09302282556891442,0.7864151179790497,0.4995571330189705,-0.3458160415291786,0.16632988750934596,nan,0.0,0.34375,0.35561570001300424,0
23,180,7924,0.14982954545454547,2560,1.6398039698600768,0.369140625,0.8286681026220322,0.82170450091362,0.3078125,0.3871693089604378,0.9148651331663131,0.03137257695198059,0.08597543314099312,0.7791225671768188,0.4995571330189705,-0.3291109696030617,0.16632988750934596,nan,0.0,0.3515625,0.35561550001148134,0
23,200,7944,0.1486931818181818,2560,1.561449509859085,0.403125,0.7929329872131348,0.8029677242040634,0.297265625,0.43943680375814437,0.9076985865831375,0.03137257695198059,0.07450803332030773,0.7634849786758423,0.4995571330189705,-0.2933758541941643,0.16632988750934596,nan,0.0,0.3671875,0.355179600068368,0
23,220,7964,0.1475568181818182,2560,1.5390182495117188,0.41015625,0.7899482548236847,0.7970347315073013,0.29453125,0.4368794605135918,0.9114864557981491,0.03137257695198059,0.07453529760241509,0.7649141311645508,0.7929329872131348,0.0029847323894500732,0.16632988750934596,nan,0.0,nan,0.0,0
23,240,7984,0.14642045454545452,2560,1.5343505263328552,0.40546875,0.7792088359594345,0.7870769649744034,0.312890625,0.4524394288659096,0.915177172422409,0.03137257695198059,0.06593800485134124,0.7535150825977326,0.7929329872131348,0.0137241512537003,0.16632988750934596,nan,0.0,nan,0.0,0
23,260,8004,0.14528409090909092,2560,1.5294816374778748,0.4109375,0.7674621373414994,0.7853173762559891,0.305859375,0.45146610140800475,0.9078237116336823,0.03137257695198059,0.0624754898250103,0.746426123380661,0.7929329872131348,0.025470849871635393,0.16632988750934596,nan,0.0,nan,0.0,0
23,280,8024,0.14414772727272726,2560,1.4867008864879607,0.434375,0.7784042537212372,0.7838548243045806,0.295703125,0.43948598951101303,0.9103810846805572,0.03137257695198059,0.061704518273472786,0.7445965379476547,0.7899482548236847,0.011544001102447465,0.16632988750934596,nan,0.0,0.3203125,0.35753139993175864,0
23,300,8044,0.14301136363636366,2560,1.5098321199417115,0.412890625,0.7673267543315887,0.7832130640745163,0.30234375,0.4613361358642578,0.9069220453500748,0.03137257695198059,0.06234328541904688,0.7474736541509628,0.7792088359594345,0.011882081627845764,0.16632988750934596,nan,0.0,nan,0.0,0
23,320,8064,0.141875,2560,1.5017756164073943,0.437109375,0.7710491359233856,0.7854680567979813,0.29453125,0.46948121339082716,0.9092482447624206,0.03137257695198059,0.06270650066435338,0.7467069834470749,0.7784042537212372,0.007355117797851585,0.16632988750934596,nan,0.0,nan,0.0,0
23,340,8084,0.1407386363636364,2560,1.4684672057628632,0.435546875,0.7538812667131424,0.7815614253282547,0.300390625,0.4423602595925331,0.9044647365808487,0.03137257695198059,0.06077797990292311,0.745170596241951,0.7710491359233856,0.01716786921024327,0.16632988750934596,nan,0.0,nan,0.0,0
23,352,8096,0.14005681818181817,1480,1.5219430375743557,0.41689189173079827,0.7593645314912538,0.7809315388267105,0.3067567575622249,0.4671671506520864,0.9091102097485516,0.031372576770750255,0.060915292215508385,0.7439688998299676,0.7674621373414994,0.008097605850245548,0.16632988750934596,nan,0.0,nan,0.0,0
24,20,8116,0.13892045454545457,2560,1.4407609224319458,0.44765625,0.7548828929662704,0.7758509486913681,0.29765625,0.44035797417163847,0.911347222328186,0.03137257695198059,0.05409738589078188,0.7317840367555618,0.7673267543315887,0.012443861365318276,0.16632988750934596,nan,0.0,0.3359375,0.36943059996701777,0
24,40,8136,0.13778409090909088,2560,1.4529865205287933,0.43515625,0.7658474206924438,0.7804728329181672,0.319140625,0.46110357642173766,0.9047175288200379,0.03137257695198059,0.05532890986651182,0.7362180441617966,0.7593645314912538,-0.006482889201190001,0.16632988750934596,nan,0.0,nan,0.0,0
24,60,8156,0.13664772727272728,2560,1.4798488199710846,0.4296875,0.7599161773920059,0.7837689906358719,0.28984375,0.45391486436128614,0.9023044794797898,0.03137257695198059,0.05560778547078371,0.7353139072656631,0.7593645314912538,-0.0005516459007520735,0.16632988750934596,nan,0.0,nan,0.0,0
24,80,8176,0.13551136363636362,2560,1.44771568775177,0.444140625,0.7570654541254044,0.7720545619726181,0.30859375,0.4471887245774269,0.9092345178127289,0.03137257695198059,0.053024707920849325,0.7296747356653214,0.7593645314912538,0.0022990773658494446,0.16632988750934596,nan,0.0,nan,0.0,0
24,100,8196,0.13437500000000002,2560,1.4733314633369445,0.426171875,0.7514231860637665,0.7735101252794265,0.302734375,0.47034496515989305,0.9050895899534226,0.03137257695198059,0.05147406328469515,0.7278885394334793,0.7593645314912538,0.007941345427487367,0.16632988750934596,nan,0.0,nan,0.0,0
24,120,8216,0.13323863636363634,2560,1.4786634504795075,0.434375,0.7615309566259384,0.7762240260839463,0.29453125,0.4465347081422806,0.9104671716690064,0.03137257695198059,0.05051546115428209,0.7233955532312393,0.7570654541254044,-0.004465502500534013,0.16632988750934596,nan,0.0,0.40625,0.3606198999332264,0
24,140,8236,0.13210227272727273,2560,1.4669830918312072,0.441015625,0.7521451234817504,0.7764165490865708,0.293359375,0.44478943943977356,0.9006991297006607,0.03137257695198059,0.049461621418595315,0.7230698615312576,0.7599161773920059,0.007771053910255454,0.16632988750934596,nan,0.0,nan,0.0,0
24,160,8256,0.13096590909090908,2560,1.4686818718910217,0.43515625,0.7542109012603759,0.7750849545001983,0.291796875,0.453714893758297,0.9039585262537002,0.03137257695198059,0.049613303318619725,0.7227396219968796,0.7570654541254044,0.002854552865028448,0.16632988750934596,nan,0.0,nan,0.0,0
24,180,8276,0.12982954545454548,2560,1.4325145065784455,0.455078125,0.7563699901103973,0.7755896508693695,0.294921875,0.4599999368190765,0.9130531519651413,0.03137257695198059,0.05039473697543144,0.7247350811958313,0.7542109012603759,-0.0021590888500213623,0.16632988750934596,nan,0.0,nan,0.0,0
24,200,8296,0.12869318181818182,2560,1.4615666747093201,0.441015625,0.7404160022735595,0.7703857630491256,0.31015625,0.47287472486495974,0.9003199458122253,0.03137257695198059,0.04864535145461559,0.721296226978302,0.7542109012603759,0.013794898986816406,0.16632988750934596,nan,0.0,nan,0.0,0
24,220,8316,0.12755681818181822,2560,1.466953808069229,0.43671875,0.7546687185764313,0.7745512843132019,0.31171875,0.4636200651526451,0.9050810694694519,0.03137257695198059,0.04771746434271336,0.7191488862037658,0.7542109012603759,-0.00045781731605532006,0.16632988750934596,nan,0.0,0.4296875,0.35487660008948296,0
24,240,8336,0.12642045454545453,2560,1.4326669812202453,0.443359375,0.7600901097059249,0.7737233668565751,0.296875,0.4472528979182243,0.9040275841951371,0.03137257695198059,0.04842980038374663,0.7223846465349197,0.7542109012603759,-0.005879208445549011,0.16632988750934596,nan,0.0,nan,0.0,0
24,260,8356,0.12528409090909093,2560,1.4261496782302856,0.44609375,0.7355564326047898,0.7651442438364029,0.3109375,0.46789244264364244,0.9033873468637467,0.03137257695198059,0.04768514931201935,0.7184877783060074,0.7546687185764313,0.019112285971641496,0.16632988750934596,nan,0.0,nan,0.0,0
24,280,8376,0.12414772727272727,2560,1.4426024854183197,0.445703125,0.7645159363746643,0.7789510250091553,0.28984375,0.4630959466099739,0.9038620114326477,0.03137257695198059,0.04798468519002199,0.7213087379932404,0.7546687185764313,-0.009847217798233054,0.16632988750934596,nan,0.0,nan,0.0,0
24,300,8396,0.12301136363636367,2560,1.4692577362060546,0.446484375,0.761715766787529,0.7752673029899597,0.290625,0.45819820314645765,0.9054132014513016,0.03137257695198059,0.0437612522393465,0.7103545516729355,0.7546687185764313,-0.007047048211097695,0.16632988750934596,nan,0.0,nan,0.0,0
24,320,8416,0.121875,2560,1.4909147322177887,0.420703125,0.7536591112613678,0.7743277341127396,0.3140625,0.47314840108156203,0.9054592370986938,0.03137257695198059,0.04852011948823929,0.7222075819969177,0.7600901097059249,0.00643099844455719,0.16632988750934596,nan,0.0,0.390625,0.3558097999775782,0
24,340,8436,0.12073863636363633,2560,1.4386246740818023,0.45,0.7514290124177933,0.7743601709604263,0.292578125,0.43965316861867904,0.9088890284299851,0.03137257695198059,0.04564696308225393,0.7148858487606049,0.7600901097059249,0.008661097288131692,0.16632988750934596,nan,0.0,nan,0.0,0
24,352,8448,0.12005681818181817,1480,1.412668250702523,0.45067567519239476,0.7242281288714022,0.7617653972393758,0.3108108112940917,0.4652773960216625,0.8962241997589936,0.03137257695198059,0.044190084169039856,0.7110598129195136,0.7536591112613678,0.029430982389965554,0.16632988750934596,nan,0.0,nan,0.0,0
25,20,8468,0.11892045454545457,2560,1.4110802173614503,0.452734375,0.7576806724071503,0.7774818629026413,0.298046875,0.4548057585954666,0.9037908166646957,0.03137257695198059,0.04368509631603956,0.7089403927326202,0.7536591112613678,-0.0040215611457825595,0.16632988750934596,nan,0.0,nan,0.0,0
25,40,8488,0.1177840909090909,2560,1.4169494748115539,0.44765625,0.7403983324766159,0.7730532556772232,0.310546875,0.4516296863555908,0.9046455651521683,0.03137257695198059,0.04300307296216488,0.7091772437095643,0.7536591112613678,0.013260778784751848,0.16632988750934596,nan,0.0,nan,0.0,0
25,60,8508,0.11664772727272729,2560,1.4458954453468322,0.43359375,0.7501078218221664,0.769479775428772,0.300390625,0.4619657784700394,0.907371661067009,0.03137257695198059,0.0463291147723794,0.7161057710647583,0.7514290124177933,0.0013211905956268533,0.16632988750934596,nan,0.0,0.421875,0.36118770006578416,0
25,80,8528,0.11551136363636362,2560,1.431072872877121,0.44609375,0.7342399567365646,0.7694028407335282,0.308203125,0.47060070335865023,0.9097956478595733,0.03137257695198059,0.04532087277621031,0.7147251158952713,0.7501078218221664,0.015867865085601784,0.16632988750934596,nan,0.0,nan,0.0,0
25,100,8548,0.11437500000000002,2560,1.4259937167167664,0.45859375,0.7422732949256897,0.7669150233268738,0.28828125,0.4487317234277725,0.9006396174430847,0.03137257695198059,0.04411364421248436,0.7113832831382751,0.7403983324766159,-0.0018749624490738137,0.16632988750934596,nan,0.0,nan,0.0,0
25,120,8568,0.11323863636363635,2560,1.4058128118515014,0.469140625,0.7527867585420609,0.7762933313846588,0.288671875,0.4441265970468521,0.8995809108018875,0.03137257695198059,0.04616746921092272,0.7160539835691452,0.7422732949256897,-0.010513463616371177,0.16632988750934596,nan,0.0,nan,0.0,0
25,140,8588,0.11210227272727276,2560,1.3894991338253022,0.473828125,0.7425113499164582,0.7616253137588501,0.283984375,0.4675412431359291,0.909392437338829,0.03137257695198059,0.0420775132253766,0.7061735957860946,0.7422732949256897,-0.00023805499076845482,0.16632988750934596,nan,0.0,nan,0.0,0
25,160,8608,0.11096590909090909,2560,1.4058015406131745,0.44453125,0.7450185328722,0.7737898707389832,0.30234375,0.45593275129795074,0.9095492273569107,0.03137257695198059,0.04486571606248617,0.7134970664978028,0.7425113499164582,-0.0025071829557418157,0.16632988750934596,nan,0.0,0.375,0.3623591000214219,0
25,180,8628,0.10982954545454549,2560,1.4452637493610383,0.448828125,0.7332008481025696,0.764349764585495,0.30078125,0.46139280050992965,0.9033219814300537,0.03137257695198059,0.0444043243303895,0.7119206100702286,0.7425113499164582,0.009310501813888594,0.16632988750934596,nan,0.0,nan,0.0,0
25,200,8648,0.10869318181818181,2560,1.4368121862411498,0.443359375,0.7522481054067611,0.7702634394168854,0.31484375,0.46463761627674105,0.9039507746696472,0.03137257695198059,0.04305209182202816,0.7089586377143859,0.7425113499164582,-0.00973675549030295,0.16632988750934596,nan,0.0,nan,0.0,0
25,220,8668,0.10755681818181821,2560,1.4208434581756593,0.459375,0.754696324467659,0.7732452541589737,0.299609375,0.4499633878469467,0.9068409204483032,0.03137257695198059,0.041456959769129755,0.7061242938041687,0.7450185328722,-0.009677791595459007,0.16632988750934596,nan,0.0,nan,0.0,0
25,240,8688,0.10642045454545454,2560,1.3884289681911468,0.466015625,0.7177925884723664,0.7612224817276001,0.3,0.4537074789404869,0.9035301387310029,0.03137257695198059,0.04068070854991675,0.7039163082838058,0.7450185328722,0.027225944399833613,0.16632988750934596,nan,0.0,nan,0.0,0
25,260,8708,0.10528409090909087,2560,1.3995815932750701,0.462109375,0.7229794889688492,0.7646639704704284,0.298046875,0.452085468173027,0.9021078914403915,0.03137257695198059,0.03925012499094009,0.6991731643676757,0.7450185328722,0.022039043903350763,0.16632988750934596,nan,0.0,0.40625,0.3575453000376001,0
25,280,8728,0.10414772727272727,2560,1.4204180121421814,0.459765625,0.7344813704490661,0.7627853661775589,0.301953125,0.46507359892129896,0.9133054286241531,0.03137257695198059,0.04142235796898604,0.7052936345338822,0.7332008481025696,-0.0012805223464965598,0.16632988750934596,nan,0.0,nan,0.0,0
25,300,8748,0.10301136363636361,2560,1.4422122836112976,0.441796875,0.749429714679718,0.7623874872922898,0.30625,0.4639884114265442,0.8996347069740296,0.03137257695198059,0.04344015754759312,0.7093276172876358,0.7344813704490661,-0.014948344230651833,0.16632988750934596,nan,0.0,nan,0.0,0
25,320,8768,0.10187500000000001,2560,1.4521867871284484,0.42890625,0.7537386119365692,0.7705623835325242,0.288671875,0.4435935810208321,0.8993728846311569,0.03137257695198059,0.04428978618234396,0.7125796020030976,0.7344813704490661,-0.019257241487503074,0.16632988750934596,nan,0.0,nan,0.0,0
25,340,8788,0.10073863636363634,2560,1.4166340827941895,0.450390625,0.7470237731933593,0.7675488978624344,0.30078125,0.4511311203241348,0.9051930904388428,0.03137257695198059,0.04184853974729776,0.7047582745552063,0.7344813704490661,-0.01254240274429319,0.16632988750934596,nan,0.0,nan,0.0,0
25,352,8800,0.10005681818181818,1480,1.4094154976509712,0.445270269948083,0.733063681705578,0.7684088761742051,0.32567567599786296,0.4568025903121845,0.9010170578956604,0.03137257695198059,0.04187406281361709,0.7055160683554572,0.7470237731933593,0.013960091487781323,0.16632988750934596,nan,0.0,0.421875,0.3616492999717593,0
26,20,8820,0.09892045454545458,2560,1.352037501335144,0.471875,0.7484958589076995,0.7637292474508286,0.305078125,0.4378823399543762,0.9040830194950104,0.03137257695198059,0.04173597078770399,0.7061426281929016,0.7470237731933593,-0.00147208571434021,0.16632988750934596,nan,0.0,nan,0.0,0
26,40,8840,0.0977840909090909,2560,1.3922539055347443,0.455078125,0.730441689491272,0.7639078974723816,0.304296875,0.46854027807712556,0.909639123082161,0.03137257695198059,0.03963502254337072,0.7005533546209335,0.7484958589076995,0.018054169416427568,0.16632988750934596,nan,0.0,nan,0.0,0
26,60,8860,0.0966477272727273,2560,1.4116222441196442,0.458203125,0.7391853243112564,0.7682948052883148,0.316796875,0.4683827251195908,0.9042234063148499,0.03137257695198059,0.04071783851832152,0.7051235765218735,0.7470237731933593,0.007838448882102944,0.16632988750934596,nan,0.0,nan,0.0,0
26,80,8880,0.09551136363636363,2560,1.3791503727436065,0.457421875,0.7299055367708206,0.7658507227897644,0.31796875,0.45874185413122176,0.9030829340219497,0.03137257695198059,0.04159814156591892,0.7065031081438065,0.7391853243112564,0.009279787540435791,0.16632988750934596,nan,0.0,nan,0.0,0
26,100,8900,0.09437500000000003,2560,1.3545654177665711,0.480859375,0.730129274725914,0.7611166834831238,0.293359375,0.44805169850587845,0.901465368270874,0.03137257695198059,0.04096426535397768,0.7055996507406235,0.733063681705578,0.0029344069796639616,0.16632988750934596,nan,0.0,0.421875,0.3640759000554681,0
26,120,8920,0.09323863636363636,2560,1.3753174185752868,0.458984375,0.7316999971866608,0.763129836320877,0.300390625,0.46606132090091706,0.9096294611692428,0.03137257695198059,0.03968154415488243,0.6998546600341797,0.730441689491272,-0.0012583076953888161,0.16632988750934596,nan,0.0,nan,0.0,0
26,140,8940,0.09210227272727275,2560,1.3996970117092133,0.453515625,0.708577424287796,0.7578321069478988,0.3046875,0.47146900147199633,0.9024292200803756,0.03137257695198059,0.04141876511275768,0.7064885884523392,0.730441689491272,0.021864265203475952,0.16632988750934596,nan,0.0,nan,0.0,0
26,160,8960,0.09096590909090908,2560,1.359647625684738,0.47109375,0.7274362087249756,0.7624614894390106,0.3,0.45252427607774737,0.9041383326053619,0.03137257695198059,0.03864478617906571,0.6985410571098327,0.730129274725914,0.0026930660009384377,0.16632988750934596,nan,0.0,nan,0.0,0
26,180,8980,0.08982954545454543,2560,1.3576873898506165,0.470703125,0.7348104536533355,0.762887591123581,0.29453125,0.4621299713850021,0.908284392952919,0.03137257695198059,0.03952780030667782,0.7015161454677582,0.7299055367708206,-0.004904916882514931,0.16632988750934596,nan,0.0,nan,0.0,0
26,200,9000,0.08869318181818182,2560,1.398753583431244,0.459375,0.7216670453548432,0.7532475978136063,0.29921875,0.46557556837797165,0.9039865046739578,0.03137257695198059,0.03860005419701338,0.6978077352046966,0.730129274725914,0.008462229371070884,0.16632988750934596,nan,0.0,0.3984375,0.3582825999474153,0
26,220,9020,0.08755681818181815,2560,1.3842921733856202,0.46328125,0.7309838861227036,0.7521666377782822,0.314453125,0.4625649869441986,0.9069091975688934,0.03137257695198059,0.04084243252873421,0.7035449206829071,0.7274362087249756,-0.0035476773977279885,0.16632988750934596,nan,0.0,nan,0.0,0
26,240,9040,0.08642045454545455,2560,1.3574440598487854,0.47109375,0.7232169568538666,0.7548888087272644,0.294921875,0.4468756690621376,0.9024452418088913,0.03137257695198059,0.038647524639964105,0.6982469171285629,0.7274362087249756,0.004219251871109053,0.16632988750934596,nan,0.0,nan,0.0,0
26,260,9060,0.08528409090909088,2560,1.3461536467075348,0.47421875,0.725734868645668,0.7602469384670257,0.299609375,0.4589275434613228,0.8960661739110947,0.03137257695198059,0.04094401523470879,0.7047911614179612,0.7274362087249756,0.0017013400793075562,0.16632988750934596,nan,0.0,nan,0.0,0
26,280,9080,0.08414772727272728,2560,1.387989240884781,0.469921875,0.723371809720993,0.7595717281103134,0.301171875,0.47164349257946014,0.9218724697828293,0.03137257695198059,0.03887042235583067,0.7000422954559327,0.725734868645668,0.002363058924675032,0.16632988750934596,nan,0.0,nan,0.0,0
26,300,9100,0.0830113636363636,2560,1.3802503049373627,0.475,0.7300309538841248,0.761118084192276,0.29921875,0.46898159235715864,0.8995782345533371,0.03137257695198059,0.03945803064852953,0.7012564539909363,0.723371809720993,-0.006659144163131736,0.16632988750934596,nan,0.0,0.421875,0.3571116999955848,0
26,320,9120,0.081875,2560,1.3917425274848938,0.462890625,0.7254452496767044,0.7552742153406143,0.313671875,0.46105335354804994,0.9028375148773193,0.03137257695198059,0.037106210738420485,0.6959091186523437,0.725734868645668,0.00028961896896362305,0.16632988750934596,nan,0.0,nan,0.0,0
26,340,9140,0.08073863636363633,2560,1.38083673119545,0.482421875,0.7229347974061966,0.7579146295785903,0.285546875,0.4678118318319321,0.9064402520656586,0.03137257695198059,0.03703592428937554,0.6933765172958374,0.7254452496767044,0.0025104522705078347,0.16632988750934596,nan,0.0,nan,0.0,0
26,352,9152,0.08005681818181817,1480,1.3867022649661915,0.46689189253626645,0.7333299846262545,0.7602363248129149,0.2871621629676303,0.4430396369985632,0.91069910010776,0.03137257695198059,0.03776360196438996,0.6956605998245445,0.7254452496767044,-0.00788473494955011,0.16632988750934596,nan,0.0,nan,0.0,0
27,20,9172,0.07892045454545457,2560,1.320467233657837,0.494921875,0.7220164686441422,0.7523380428552627,0.30078125,0.44398211538791654,0.9035790950059891,0.03137257695198059,0.03705158252269029,0.6953810632228852,0.7254452496767044,0.003428781032562278,0.16632988750934596,nan,0.0,nan,0.0,0
27,40,9192,0.0777840909090909,2560,1.3594647705554963,0.46796875,0.7048385113477706,0.7562343776226044,0.312109375,0.4809336677193642,0.9094017237424851,0.03137257695198059,0.037798537872731686,0.6974857211112976,0.7254452496767044,0.020606738328933782,0.16632988750934596,nan,0.0,0.4375,0.3865027000429109,0
27,60,9212,0.07664772727272724,2560,1.3686119854450225,0.466796875,0.7264345556497573,0.7515162378549576,0.315625,0.46345212310552597,0.9083521693944931,0.03137257695198059,0.03901539295911789,0.6997095614671707,0.7229347974061966,-0.0034997582435607466,0.16632988750934596,nan,0.0,nan,0.0,0
27,80,9232,0.07551136363636364,2560,1.3471246898174285,0.476171875,0.723347008228302,0.754456228017807,0.303125,0.4602032646536827,0.8965657740831375,0.03137257695198059,0.038069697469472884,0.6990948855876923,0.7229347974061966,-0.0004122108221054077,0.16632988750934596,nan,0.0,nan,0.0,0
27,100,9252,0.07437499999999997,2560,1.3322529733180999,0.494921875,0.7216270267963409,0.7543805599212646,0.28515625,0.4515117794275284,0.9087211817502976,0.03137257695198059,0.03928087558597326,0.6996676534414291,0.723347008228302,0.0017199814319610596,0.16632988750934596,nan,0.0,nan,0.0,0
27,120,9272,0.07323863636363637,2560,1.3023699522018433,0.49296875,0.720541799068451,0.7545269221067429,0.286328125,0.4443025171756744,0.9001382410526275,0.03137257695198059,0.03939712252467871,0.6994510412216186,0.7220164686441422,0.001474669575691201,0.16632988750934596,nan,0.0,nan,0.0,0
27,140,9292,0.0721022727272727,2560,1.3315261483192444,0.496875,0.7165280282497406,0.7549803674221038,0.29375,0.47446513175964355,0.910091546177864,0.03137257695198059,0.03634356632828713,0.6926802873611451,0.7216270267963409,0.005098998546600342,0.16632988750934596,nan,0.0,0.421875,0.3705810001119971,0
27,160,9312,0.0709659090909091,2560,1.362820214033127,0.473828125,0.7141405463218689,0.7520347774028778,0.2796875,0.4705347061157227,0.8966163873672486,0.03137257695198059,0.036740498058497904,0.6938347846269608,0.7216270267963409,0.00748648047447209,0.16632988750934596,nan,0.0,nan,0.0,0
27,180,9332,0.06982954545454542,2560,1.3268373489379883,0.495703125,0.7156733989715576,0.751981121301651,0.29296875,0.46626666337251665,0.8958264827728272,0.03137257695198059,0.03497647782787681,0.6876077264547348,0.720541799068451,0.004868400096893377,0.16632988750934596,nan,0.0,nan,0.0,0
27,200,9352,0.06869318181818182,2560,1.3792746841907502,0.46875,0.7181067764759064,0.7429116725921631,0.30546875,0.47826447188854215,0.9018079340457916,0.03137257695198059,0.0396755026653409,0.7024008095264435,0.7165280282497406,-0.0015787482261657715,0.16632988750934596,nan,0.0,nan,0.0,0
27,220,9372,0.06755681818181815,2560,1.3098039090633393,0.4890625,0.7267615646123886,0.7520594447851181,0.291015625,0.4505296483635902,0.905850487947464,0.03137257695198059,0.03615725263953209,0.6943323135375976,0.7165280282497406,-0.01023353636264801,0.16632988750934596,nan,0.0,nan,0.0,0
27,240,9392,0.06642045454545455,2560,1.302324688434601,0.494921875,0.717013156414032,0.7509788691997528,0.288671875,0.45883898735046386,0.8993623316287994,0.03137257695198059,0.038155679032206534,0.6967158675193786,0.7165280282497406,-0.00048512816429135963,0.16632988750934596,nan,0.0,0.40625,0.3626213000388816,0
27,260,9412,0.06528409090909089,2560,1.3278290510177613,0.47421875,0.6975985437631607,0.7358656793832778,0.3078125,0.4577434420585632,0.8911843746900558,0.03137257695198059,0.036757254414260386,0.6927351027727127,0.717013156414032,0.0194146126508713,0.16632988750934596,nan,0.0,nan,0.0,0
27,280,9432,0.06414772727272729,2560,1.2893237471580505,0.5,0.7183937013149262,0.7516358852386474,0.2875,0.4482753351330757,0.9051249325275421,0.03137257695198059,0.03424097131937742,0.6850130081176757,0.717013156414032,-0.0013805449008942317,0.16632988750934596,nan,0.0,nan,0.0,0
27,300,9452,0.06301136363636362,2560,1.3506172060966493,0.48671875,0.7077490270137787,0.7412062525749207,0.308984375,0.47297989279031755,0.899295574426651,0.03137257695198059,0.035100082680583,0.6880454540252685,0.7181067764759064,0.010357749462127641,0.16632988750934596,nan,0.0,nan,0.0,0
27,320,9472,0.06187500000000001,2560,1.3232419669628144,0.50078125,0.7285712629556655,0.7482291132211685,0.277734375,0.46055055856704713,0.9035624414682388,0.03137257695198059,0.03751394785940647,0.6958107769489288,0.717013156414032,-0.011558106541633584,0.16632988750934596,nan,0.0,nan,0.0,0
27,340,9492,0.06073863636363634,2560,1.3460254967212677,0.482421875,0.7106424033641815,0.751436385512352,0.279296875,0.45577780306339266,0.9088844567537308,0.03137257695198059,0.03946390263736248,0.7015325486660003,0.717013156414032,0.006370753049850464,0.16632988750934596,nan,0.0,0.4296875,0.3559564999304712,0
27,352,9504,0.06005681818181818,1480,1.3337795167355924,0.4641891896724701,0.6963458380183658,0.7499764803293589,0.32094594594594594,0.45304591768496744,0.8889169225821624,0.03137257695198059,0.03698432310610204,0.6946600105311419,0.7106424033641815,0.014296565345815693,0.16632988750934596,nan,0.0,nan,0.0,0
28,20,9524,0.05892045454545451,2560,1.2884843826293946,0.498046875,0.7160004764795304,0.7476745843887329,0.295703125,0.4416916623711586,0.9043723046779633,0.03137257695198059,0.038601852394640444,0.6989555329084396,0.7106424033641815,-0.00535807311534886,0.16632988750934596,nan,0.0,nan,0.0,0
28,40,9544,0.05778409090909091,2560,1.2650057435035706,0.507421875,0.702049869298935,0.743916979432106,0.291015625,0.4613740459084511,0.896491003036499,0.03137257695198059,0.03667240273207426,0.6940598994493484,0.7106424033641815,0.008592534065246515,0.16632988750934596,nan,0.0,nan,0.0,0
28,60,9564,0.05664772727272724,2560,1.279736304283142,0.50546875,0.7030066460371017,0.7412819117307663,0.3,0.47162058353424074,0.9015847772359848,0.03137257695198059,0.03567372187972069,0.6913637965917587,0.7106424033641815,0.007635757327079773,0.16632988750934596,nan,0.0,nan,0.0,0
28,80,9584,0.05551136363636364,2560,1.264891105890274,0.50390625,0.6999419659376145,0.7463788539171219,0.297265625,0.4644673720002174,0.9053865045309066,0.03137257695198059,0.0366101210936904,0.6937880367040634,0.7030066460371017,0.003064680099487238,0.16632988750934596,nan,0.0,0.4375,0.36363719997461885,0
28,100,9604,0.05437499999999997,2560,1.2833659946918488,0.50078125,0.7110173672437667,0.7388555079698562,0.28828125,0.46115235388278963,0.8994546502828598,0.03137257695198059,0.037340039201080796,0.6954588651657104,0.702049869298935,-0.00896749794483176,0.16632988750934596,nan,0.0,nan,0.0,0
28,120,9624,0.05323863636363637,2560,1.2840115249156951,0.49453125,0.6743371784687042,0.7378114372491836,0.309375,0.4792209804058075,0.9044885188341141,0.03137257695198059,0.036278573982417586,0.6916426897048951,0.7030066460371017,0.0286694675683975,0.16632988750934596,nan,0.0,nan,0.0,0
28,140,9644,0.0521022727272727,2560,1.2687917709350587,0.522265625,0.7226655304431915,0.7448645383119583,0.27109375,0.45634378790855407,0.9014850825071334,0.03137257695198059,0.039263667352497575,0.7000901103019714,0.702049869298935,-0.020615661144256503,0.16632988750934596,nan,0.0,nan,0.0,0
28,160,9664,0.050965909090909096,2560,1.2848107993602753,0.49609375,0.6746325582265854,0.7298657983541489,0.29453125,0.4636011004447937,0.9005464106798172,0.03137257695198059,0.03663929309695959,0.692154374718666,0.7030066460371017,0.028374087810516313,0.16632988750934596,nan,0.0,nan,0.0,0
28,180,9684,0.04982954545454543,2560,1.254279464483261,0.516015625,0.694743600487709,0.7430031031370163,0.28984375,0.4583113342523575,0.8995549708604813,0.03137257695198059,0.03481638617813587,0.6862183958292007,0.6999419659376145,0.005198365449905484,0.16632988750934596,nan,0.0,0.4453125,0.35599479998927563,0
28,200,9704,0.04869318181818183,2560,1.2933195948600769,0.49609375,0.7069088667631149,0.7410984218120575,0.295703125,0.46703931987285613,0.8966905117034912,0.03137257695198059,0.03604715224355459,0.6899342030286789,0.694743600487709,-0.012165266275405928,0.16632988750934596,nan,0.0,nan,0.0,0
28,220,9724,0.04755681818181816,2560,1.256809550523758,0.5109375,0.6868165463209153,0.7365729212760925,0.284375,0.45902379155158995,0.9027954339981079,0.03137257695198059,0.037154923751950265,0.6955581635236741,0.694743600487709,0.007927054166793734,0.16632988750934596,nan,0.0,nan,0.0,0
28,240,9744,0.046420454545454556,2560,1.2840394973754883,0.50859375,0.688478660583496,0.7307982325553894,0.2984375,0.4741253763437271,0.9108525812625885,0.03137257695198059,0.03642465565353632,0.6926510691642761,0.694743600487709,0.006264939904212952,0.16632988750934596,nan,0.0,nan,0.0,0
28,260,9764,0.04528409090909089,2560,1.2541052877902985,0.515625,0.7072329372167587,0.7526286035776139,0.28046875,0.45796825289726256,0.8973144680261612,0.03137257695198059,0.03595694825053215,0.6911101043224335,0.688478660583496,-0.01875427663326268,0.16632988750934596,nan,0.0,nan,0.0,0
28,280,9784,0.04414772727272729,2560,1.247696053981781,0.519140625,0.6765005052089691,0.7275394678115845,0.290234375,0.4631272077560425,0.9058185756206513,0.03137257695198059,0.034617242962121965,0.6880223900079727,0.694743600487709,0.018243095278739907,0.16632988750934596,nan,0.0,0.4296875,0.35582650010474026,0
28,300,9804,0.04301136363636362,2560,1.3071233093738557,0.484765625,0.6973875105381012,0.7391451716423034,0.3078125,0.47744313031435015,0.9028544276952744,0.03137257695198059,0.034966060798615216,0.6884811609983444,0.688478660583496,-0.00890884995460517,0.16632988750934596,nan,0.0,nan,0.0,0
28,320,9824,0.041875000000000016,2560,1.2591970264911652,0.521484375,0.6907751858234406,0.735822319984436,0.283984375,0.45407996475696566,0.9045476466417313,0.03137257695198059,0.037257323041558266,0.6943215996026992,0.688478660583496,-0.0022965252399445024,0.16632988750934596,nan,0.0,nan,0.0,0
28,340,9844,0.040738636363636345,2560,1.2673958003520966,0.519140625,0.6997719556093216,0.7441405147314072,0.281640625,0.4660859018564224,0.9018085688352585,0.03137257695198059,0.035403066873550416,0.6903553783893586,0.6907751858234406,-0.008996769785881042,0.16632988750934596,nan,0.0,nan,0.0,0
28,352,9856,0.040056818181818186,1480,1.237394956640295,0.5229729736173475,0.6945468490188186,0.7420278423541301,0.284459460103834,0.45545831370998074,0.8935846145088608,0.03137257695198059,0.03578803488934362,0.6913106170860497,0.6973875105381012,0.002840661519282639,0.16632988750934596,nan,0.0,nan,0.0,0
29,20,9876,0.038920454545454515,2560,1.200923752784729,0.5359375,0.6985192626714707,0.7280072689056396,0.283984375,0.4341840252280235,0.9024612575769424,0.03137257695198059,0.03415276277810335,0.6848133087158204,0.6945468490188186,-0.003972413652652107,0.16632988750934596,nan,0.0,0.4765625,0.3696681000292301,0
29,40,9896,0.03778409090909091,2560,1.243010127544403,0.523828125,0.6823619306087494,0.7300613641738891,0.276953125,0.4694265708327293,0.9023547023534775,0.03137257695198059,0.03503128793090582,0.6884879738092422,0.6973875105381012,0.015025579929351829,0.16632988750934596,nan,0.0,nan,0.0,0
29,60,9916,0.03664772727272725,2560,1.20099795460701,0.53046875,0.6875013828277587,0.7286322444677353,0.274609375,0.43543749749660493,0.901979973912239,0.03137257695198059,0.03554273750633001,0.6913191646337509,0.6945468490188186,0.007045466191059835,0.16632988750934596,nan,0.0,nan,0.0,0
29,80,9936,0.035511363636363646,2560,1.203496950864792,0.537890625,0.6896882086992264,0.7329109340906144,0.280859375,0.45328748375177386,0.8996338099241257,0.03137257695198059,0.03466962072998285,0.6882666349411011,0.6945468490188186,0.004858640319592156,0.16632988750934596,nan,0.0,nan,0.0,0
29,100,9956,0.034374999999999975,2560,1.237981379032135,0.505078125,0.6738946855068206,0.7289611995220184,0.302734375,0.46747528612613676,0.9034922480583191,0.03137257695198059,0.03639252875000239,0.6937281429767609,0.6896882086992264,0.01579352319240579,0.16632988750934596,nan,0.0,nan,0.0,0
29,120,9976,0.03323863636363637,2560,1.1914802730083465,0.533203125,0.7121711075305939,0.7359598994255065,0.2875,0.4451452732086182,0.8924812525510788,0.03137257695198059,0.03585393894463777,0.6913039058446884,0.6875013828277587,-0.024669724702835127,0.16632988750934596,nan,0.0,0.46875,0.3728967000497505,0
29,140,9996,0.03210227272727271,2560,1.2376241326332091,0.52265625,0.6620988726615906,0.7225750207901,0.2921875,0.4768059939146042,0.9029870569705963,0.03137257695198059,0.03650057818740606,0.6921414881944656,0.6875013828277587,0.025402510166168124,0.16632988750934596,nan,0.0,nan,0.0,0
29,160,10016,0.030965909090909103,2560,1.22717542052269,0.5203125,0.6734497725963593,0.7211759060621261,0.28125,0.4604232951998711,0.909032329916954,0.03137257695198059,0.03411840284243226,0.6856521815061569,0.6875013828277587,0.014051610231399447,0.16632988750934596,nan,0.0,nan,0.0,0
29,180,10036,0.029829545454545435,2560,1.1906837165355681,0.53046875,0.6867769539356232,0.726450115442276,0.28828125,0.44155173301696776,0.9035503596067429,0.03137257695198059,0.035473992489278315,0.689644068479538,0.6738946855068206,-0.012882268428802579,0.16632988750934596,nan,0.0,nan,0.0,0
29,200,10056,0.028693181818181833,2560,1.175283318758011,0.546875,0.6758935302495956,0.7285427302122116,0.276953125,0.4477279394865036,0.9057005822658539,0.03137257695198059,0.033758111856877805,0.685332253575325,0.6738946855068206,-0.001998844742775008,0.16632988750934596,nan,0.0,nan,0.0,0
29,220,10076,0.027556818181818165,2560,1.1693225741386413,0.54453125,0.6818736165761947,0.7265378564596177,0.280859375,0.45226348787546156,0.8974065393209457,0.03137257695198059,0.035209837928414346,0.6875290423631668,0.6758935302495956,-0.005980086326599077,0.16632988750934596,nan,0.0,0.4296875,0.3658446999033913,0
29,240,10096,0.026420454545454563,2560,1.20437952876091,0.5265625,0.6683224171400071,0.7179574489593505,0.294140625,0.47277298420667646,0.9000320613384247,0.03137257695198059,0.03573380708694458,0.6907604783773422,0.6758935302495956,0.007571113109588579,0.16632988750934596,nan,0.0,nan,0.0,0
29,260,10116,0.025284090909090895,2560,1.1919737040996552,0.5359375,0.6686663776636124,0.7178549647331238,0.283203125,0.4591884359717369,0.8963766902685165,0.03137257695198059,0.03466976769268513,0.6874816507101059,0.6758935302495956,0.007227152585983276,0.16632988750934596,nan,0.0,nan,0.0,0
29,280,10136,0.024147727272727293,2560,1.207441109418869,0.54140625,0.6901808828115463,0.7340915858745575,0.276171875,0.46988900750875473,0.9015712976455689,0.03137257695198059,0.03423850722610951,0.6861625730991363,0.6758935302495956,-0.014287352561950684,0.16632988750934596,nan,0.0,nan,0.0,0
29,300,10156,0.023011363636363625,2560,1.1659403592348099,0.53203125,0.6771605163812637,0.7265126764774322,0.300390625,0.4514371886849403,0.9012966364622116,0.03137257695198059,0.03550786059349775,0.6880262523889542,0.6758935302495956,-0.0012669861316680908,0.16632988750934596,nan,0.0,nan,0.0,0
29,320,10176,0.021875000000000023,2560,1.2007266998291015,0.514453125,0.6731387674808502,0.7237924218177796,0.30234375,0.47167675048112867,0.8979269891977311,0.03137257695198059,0.03505402691662311,0.6884767860174179,0.6771605163812637,0.004021748900413513,0.16632988750934596,nan,0.0,0.4375,0.3558969999430701,0
29,340,10196,0.02073863636363635,2560,1.1869782745838164,0.533203125,0.6734797835350037,0.7128421902656555,0.29921875,0.4580173760652542,0.9060514032840729,0.03137257695198059,0.034243115689605474,0.6861070930957794,0.6731387674808502,-0.0003410160541534868,0.16632988750934596,nan,0.0,nan,0.0,0
29,352,10208,0.020056818181818193,1480,1.1575571040849428,0.541216217182778,0.6592847066956598,0.7152398976119789,0.2824324327546197,0.44232678767797107,0.8949753377888654,0.03137257695198059,0.03394427148474229,0.6852081140956363,0.6734797835350037,0.014195076839343956,0.16632988750934596,nan,0.0,nan,0.0,0
30,20,10228,0.01892045454545452,2560,1.1335509419441223,0.552734375,0.6706205993890763,0.7133210748434067,0.27734375,0.4399718463420868,0.9071177393198013,0.03137257695198059,0.03637639414519071,0.6924247145652771,0.6734797835350037,0.0028591841459274514,0.16632988750934596,nan,0.0,nan,0.0,0
30,40,10248,0.01778409090909092,2560,1.1322556495666505,0.55546875,0.658568075299263,0.7089566737413406,0.26953125,0.44089079797267916,0.8952465206384659,0.03137257695198059,0.03571606297045946,0.688978624343872,0.6731387674808502,0.014570692181587241,0.16632988750934596,nan,0.0,nan,0.0,0
30,60,10268,0.01664772727272725,2560,1.1307388216257095,0.558984375,0.6695562392473221,0.7187964290380477,0.272265625,0.4511143356561661,0.9006776362657547,0.03137257695198059,0.033949472662061456,0.6846306622028351,0.6706205993890763,0.0010643601417541504,0.16632988750934596,nan,0.0,0.46875,0.3697556999977678,0
30,80,10288,0.01551136363636365,2560,1.1204833447933198,0.547265625,0.6590753942728043,0.7018155604600906,0.294140625,0.44580395966768266,0.8988005518913269,0.03137257695198059,0.03441358674317598,0.6877315193414688,0.6695562392473221,0.010480844974517844,0.16632988750934596,nan,0.0,nan,0.0,0
30,100,10308,0.014374999999999982,2560,1.128669935464859,0.54140625,0.6627932786941528,0.7178147852420806,0.29765625,0.44741334617137907,0.8971274316310882,0.03137257695198059,0.03343442296609282,0.6836910635232926,0.6592847066956598,-0.003508571998493082,0.16632988750934596,nan,0.0,nan,0.0,0
30,120,10328,0.01323863636363638,2560,1.0949244916439056,0.565625,0.6601502656936645,0.7114776790142059,0.26875,0.42838256508111955,0.9043720453977585,0.03137257695198059,0.03365545216947794,0.6853244572877883,0.6627932786941528,0.0026430130004883035,0.16632988750934596,nan,0.0,nan,0.0,0
30,140,10348,0.012102272727272712,2560,1.1086695849895478,0.561328125,0.6617374628782272,0.7107774317264557,0.287890625,0.44591857939958573,0.8909136652946472,0.03137257695198059,0.03454257249832153,0.6879266500473022,0.6601502656936645,-0.001587197184562683,0.16632988750934596,nan,0.0,nan,0.0,0
30,160,10368,0.01096590909090911,2560,1.1093979954719544,0.566015625,0.6480505496263504,0.6984507471323014,0.278125,0.4581761538982391,0.9025150537490845,0.03137257695198059,0.03491163942962885,0.6877998650074005,0.6617374628782272,0.013686913251876764,0.16632988750934596,nan,0.0,0.5078125,0.36433100001886487,0
30,180,10388,0.00982954545454544,2560,1.108623531460762,0.5578125,0.6376709848642349,0.6969009578227997,0.278125,0.4510460406541824,0.9055434107780457,0.03137257695198059,0.03441352676600218,0.687619897723198,0.6601502656936645,0.022479280829429626,0.16632988750934596,nan,0.0,nan,0.0,0
30,200,10408,0.008693181818181838,2560,1.1216986030340195,0.5578125,0.6522703349590302,0.7030438929796219,0.2734375,0.4526708945631981,0.8984951227903366,0.03137257695198059,0.034805260971188544,0.6891727775335312,0.6601502656936645,0.007879930734634333,0.16632988750934596,nan,0.0,nan,0.0,0
30,220,10428,0.00755681818181817,2560,1.0998512387275696,0.571875,0.6448638051748276,0.6956895411014556,0.2640625,0.4287845388054848,0.9022120386362076,0.03137257695198059,0.03388437032699585,0.6865910321474076,0.6522703349590302,0.007406529784202642,0.16632988750934596,nan,0.0,nan,0.0,0
30,240,10448,0.006420454545454568,2560,1.0875355839729308,0.578125,0.6503022015094757,0.7087553828954697,0.25703125,0.4336864501237869,0.9002472132444381,0.03137257695198059,0.03444524072110653,0.6872222572565079,0.6480505496263504,-0.0022516518831252608,0.16632988750934596,nan,0.0,nan,0.0,0
30,260,10468,0.005284090909090899,2560,1.098453652858734,0.56640625,0.6333768874406814,0.6953778803348541,0.2703125,0.4402811571955681,0.895808431506157,0.03137257695198059,0.03371641980484128,0.6862060338258743,0.6480505496263504,0.014673662185669012,0.16632988750934596,nan,0.0,0.4765625,0.35579830000642687,0
30,280,10488,0.004147727272727297,2560,1.0671361267566681,0.57421875,0.6605513095855713,0.7071885615587234,0.267578125,0.42119368016719816,0.8910882532596588,0.03137257695198059,0.03467942019924521,0.6896878182888031,0.6448638051748276,-0.015687504410743736,0.16632988750934596,nan,0.0,nan,0.0,0
30,300,10508,0.0030113636363636284,2560,1.052287831902504,0.584375,0.6525462687015533,0.7014732599258423,0.2671875,0.42960707247257235,0.8922144770622253,0.03137257695198059,0.033871614187955854,0.6848175913095474,0.6503022015094757,-0.0022440671920775923,0.16632988750934596,nan,0.0,nan,0.0,0
30,320,10528,0.0018750000000000266,2560,1.0771211773157119,0.57421875,0.6390344262123108,0.6984691828489303,0.273828125,0.4335196286439896,0.8985775172710418,0.03137257695198059,0.033444353844970465,0.6847602039575577,0.6503022015094757,0.01126777529716494,0.16632988750934596,nan,0.0,nan,0.0,0
30,340,10548,0.000738636363636358,2560,1.0736712872982026,0.574609375,0.6400210112333298,0.6951194941997528,0.282421875,0.4345011278986931,0.90862657725811,0.03137257695198059,0.03308259742334485,0.6837520569562912,0.6503022015094757,0.010281190276145935,0.16632988750934596,nan,0.0,nan,0.0,0
30,352,10560,5.681818181819675e-05,1480,1.0813898602047483,0.5601351357795097,0.6263986887158575,0.6984603972048373,0.29662162129943437,0.4403974310771839,0.8866336538984969,0.03137257695198059,0.03435171200214206,0.6874101571134619,0.6400210112333298,0.013622322517472307,0.16632988750934596,nan,0.0,0.453125,0.36402649991214275,0
