epoch,batch,global_step,lr,window_samples,train_adv_loss,train_adv_acc,free_gradient_cosine,free_gradient_sign_agreement,free_prediction_disagreement,free_attack_loss_gain,free_boundary_fraction,free_delta_linf,control_gradient_participation_ratio,control_gradient_entropy,detector_baseline,detector_score,detector_threshold,detector_pgd10_acc,detector_seconds,observer_pgd10_acc,observer_pgd10_seconds,intervention_triggered
1,20,20,0.0010795454545454546,2560,2.86658935546875,0.0,0.05656216908246279,0.5111618220806122,0.415234375,0.5636527478694916,0.6012537866830826,0.03137257695198059,0.2515895366668701,0.8866003066301346,nan,nan,0.16632988750934596,nan,0.0,nan,0.0,0
1,40,40,0.002215909090909091,2560,2.6227720260620115,0.003515625,0.1552055198699236,0.5378008723258972,0.29765625,0.39595903754234313,0.6005652368068695,0.03137257695198059,0.24162707328796387,0.8837473630905152,nan,nan,0.16632988750934596,nan,0.0,nan,0.0,0
1,60,60,0.0033522727272727276,2560,2.3557389259338377,0.059375,0.4489863470196724,0.621261739730835,0.221875,0.1580782350152731,0.5997113734483719,0.03137257695198059,0.19857603088021278,0.8647411078214645,nan,nan,0.16632988750934596,nan,0.0,nan,0.0,0
1,80,80,0.004488636363636363,2560,2.255136775970459,0.140625,0.6926107466220855,0.6991192072629928,0.18046875,0.10166425704956054,0.5999497950077057,0.03137257695198059,0.1470527745783329,0.8286049753427506,0.1552055198699236,-0.537405226752162,0.16632988750934596,nan,0.0,nan,0.0,0
1,100,100,0.005625,2560,2.211726951599121,0.158984375,0.7805333644151687,0.7424256861209869,0.1953125,0.11995602399110794,0.6010488092899322,0.03137257695198059,0.1339724287390709,0.8153659790754318,0.302095933444798,-0.4784374309703707,0.16632988750934596,nan,0.0,0.1171875,0.3731485999887809,0
1,120,120,0.006761363636363636,2560,2.17752628326416,0.186328125,0.8268630683422089,0.7670674800872803,0.20859375,0.13640526980161666,0.5996293604373932,0.03137257695198059,0.1196741845458746,0.8003587663173676,0.4489863470196724,-0.3778767213225365,0.16632988750934596,nan,0.0,nan,0.0,0
1,140,140,0.007897727272727272,2560,2.1632590770721434,0.179296875,0.8513071686029434,0.7790602535009384,0.18359375,0.1346039604395628,0.5997388422489166,0.03137257695198059,0.10354028530418873,0.7809124916791916,0.6926107466220855,-0.15869642198085787,0.16632988750934596,nan,0.0,nan,0.0,0
1,160,160,0.009034090909090908,2560,2.1403435707092284,0.199609375,0.8724243819713593,0.8054261714220047,0.181640625,0.14022408425807953,0.5969691127538681,0.03137257695198059,0.1061642449349165,0.7879463613033295,0.7805333644151687,-0.09189101755619056,0.16632988750934596,nan,0.0,nan,0.0,0
1,180,180,0.010170454545454547,2560,2.1198620796203613,0.203515625,0.8835373640060424,0.8154368281364441,0.1921875,0.16733826026320459,0.5988931208848953,0.03137257695198059,0.10107269696891308,0.780405992269516,0.8268630683422089,-0.05667429566383353,0.16632988750934596,nan,0.0,nan,0.0,0
1,200,200,0.011306818181818182,2560,2.0782214403152466,0.214453125,0.8916888803243637,0.8253964871168137,0.2109375,0.1937488652765751,0.5986535578966141,0.03137257695198059,0.10278064496815205,0.7853656977415084,0.8513071686029434,-0.040381711721420244,0.16632988750934596,nan,0.0,0.234375,0.36795109999366105,0
1,220,220,0.012443181818181819,2560,2.0476574897766113,0.2203125,0.8992186665534974,0.8366541802883148,0.1875,0.19340749979019164,0.5993321985006332,0.03137257695198059,0.09882237389683723,0.7833645880222321,0.8724243819713593,-0.02679428458213806,0.16632988750934596,nan,0.0,nan,0.0,0
1,240,240,0.013579545454545454,2560,2.0402006030082704,0.22109375,0.8961500734090805,0.8378950953483582,0.197265625,0.20427231639623641,0.5998541682958602,0.03137257695198059,0.0942157082259655,0.7791903793811799,0.8835373640060424,-0.012612709403038047,0.16632988750934596,nan,0.0,nan,0.0,0
1,260,260,0.014715909090909089,2560,2.0305530071258544,0.22890625,0.9077255070209503,0.8443196833133697,0.207421875,0.19869376122951507,0.6005854457616806,0.03137257695198059,0.08873581252992153,0.7700876712799072,0.8916888803243637,-0.016036626696586676,0.16632988750934596,nan,0.0,nan,0.0,0
1,280,280,0.015852272727272725,2560,2.043030834197998,0.215234375,0.9106490314006805,0.8489537805318832,0.201171875,0.21567695811390877,0.6027547389268875,0.03137257695198059,0.09048557132482529,0.7772798329591751,0.8961500734090805,-0.014498957991600059,0.16632988750934596,nan,0.0,nan,0.0,0
1,300,300,0.016988636363636362,2560,2.0050729751586913,0.249609375,0.902620580792427,0.8433146387338638,0.18671875,0.2091795176267624,0.6032356560230255,0.03137257695198059,0.084050402790308,0.7665497750043869,0.8992186665534974,-0.0034019142389296597,0.16632988750934596,nan,0.0,0.21875,0.37091110000619665,0
1,320,320,0.018125,2560,2.0094740867614744,0.25078125,0.9097070753574371,0.8479174494743347,0.191015625,0.2328535109758377,0.6027218043804169,0.03137257695198059,0.0814878936856985,0.7649651020765305,0.902620580792427,-0.007086494565010093,0.16632988750934596,nan,0.0,nan,0.0,0
1,340,340,0.019261363636363635,2560,1.9610042572021484,0.25703125,0.9096409231424332,0.8485457271337509,0.18984375,0.2377399981021881,0.6035677850246429,0.03137257695198059,0.07899438925087451,0.7631263136863708,0.9077255070209503,-0.001915416121482827,0.16632988750934596,nan,0.0,nan,0.0,0
1,352,352,0.019943181818181818,1480,2.001768532314816,0.24324324388761778,0.9090034430091446,0.8484102503673451,0.20540540516376496,0.22403354233986622,0.6056719973280623,0.03137257695198059,0.07792134276918462,0.7602906439755414,0.9096409231424332,0.0006374801332885704,0.16632988750934596,nan,0.0,nan,0.0,0
2,20,372,0.021079545454545455,2560,1.9313411712646484,0.274609375,0.9043702483177185,0.8467661738395691,0.200390625,0.22492533251643182,0.6057242304086685,0.03137257695198059,0.07867353372275829,0.7604029387235641,0.9096409231424332,0.005270674824714661,0.16632988750934596,nan,0.0,nan,0.0,0
2,40,392,0.022215909090909088,2560,1.9650179147720337,0.24453125,0.906096613407135,0.8505869746208191,0.209375,0.25285635963082315,0.6042011469602585,0.03137257695198059,0.08395465463399887,0.7716475158929825,0.9090034430091446,0.0029068296020096085,0.16632988750934596,nan,0.0,0.2578125,0.37904410000192,0
2,60,412,0.023352272727272725,2560,1.9561389446258546,0.254296875,0.9141881734132766,0.8523027002811432,0.212109375,0.24741742312908171,0.6058549463748932,0.03137257695198059,0.07173003945499659,0.75172638297081,0.9090034430091446,-0.005184730404132032,0.16632988750934596,nan,0.0,nan,0.0,0
2,80,432,0.024488636363636365,2560,1.9745373725891113,0.242578125,0.9119604915380478,0.8550530970096588,0.215234375,0.25105564296245575,0.6026191949844361,0.03137257695198059,0.07727198116481304,0.7650090992450714,0.9090034430091446,-0.0029570485289032167,0.16632988750934596,nan,0.0,nan,0.0,0
2,100,452,0.025625,2560,1.9525275707244873,0.243359375,0.9177863121032714,0.8624139308929444,0.2140625,0.24241706132888793,0.6037399530410766,0.03137257695198059,0.07555707842111588,0.7603298485279083,0.9090034430091446,-0.008782869094126844,0.16632988750934596,nan,0.0,nan,0.0,0
2,120,472,0.026761363636363635,2560,1.9430983543395997,0.249609375,0.9163443565368652,0.8553861111402512,0.2171875,0.2437049590051174,0.6068739801645279,0.03137257695198059,0.0710646539926529,0.750982141494751,0.9119604915380478,-0.004383864998817377,0.16632988750934596,nan,0.0,nan,0.0,0
2,140,492,0.027897727272727272,2560,1.9492853164672852,0.268359375,0.9162564069032669,0.8599721401929855,0.19609375,0.2536839582026005,0.604165667295456,0.03137257695198059,0.07535924538969993,0.761371299624443,0.9141881734132766,-0.002068233489990301,0.16632988750934596,nan,0.0,0.21875,0.36924589998670854,0
2,160,512,0.02903409090909091,2560,1.9563505172729492,0.2546875,0.9154015243053436,0.8601422905921936,0.209765625,0.2493230529129505,0.604936370253563,0.03137257695198059,0.07030903622508049,0.7495344936847687,0.9162564069032669,0.0008548825979233232,0.16632988750934596,nan,0.0,nan,0.0,0
2,180,532,0.030170454545454545,2560,1.925761890411377,0.27265625,0.9182650417089462,0.8613139033317566,0.213671875,0.2694423645734787,0.6043832331895829,0.03137257695198059,0.07715174853801728,0.7642123818397522,0.9162564069032669,-0.0020086348056792547,0.16632988750934596,nan,0.0,nan,0.0,0
2,200,552,0.03130681818181818,2560,1.9385706424713134,0.267578125,0.9245621651411057,0.863365575671196,0.17578125,0.24612126350402833,0.6026464015245437,0.03137257695198059,0.07130514271557331,0.7536850899457932,0.9163443565368652,-0.008217808604240484,0.16632988750934596,nan,0.0,nan,0.0,0
2,220,572,0.032443181818181815,2560,1.9189484119415283,0.283984375,0.9212854087352753,0.8644975274801254,0.196875,0.2694689355790615,0.603762075304985,0.03137257695198059,0.07065772451460361,0.7544993966817856,0.9163443565368652,-0.004941052198410123,0.16632988750934596,nan,0.0,nan,0.0,0
2,240,592,0.03357954545454545,2560,1.922374963760376,0.27421875,0.9181848853826523,0.8642996668815612,0.22734375,0.2696193501353264,0.60370332300663,0.03137257695198059,0.0742569237947464,0.7601347446441651,0.9182650417089462,8.01563262938787e-05,0.16632988750934596,nan,0.0,0.25,0.3725702999799978,0
2,260,612,0.03471590909090909,2560,1.940797209739685,0.247265625,0.9254825174808502,0.8655840694904328,0.2,0.2675743117928505,0.6060545802116394,0.03137257695198059,0.07103374972939491,0.7513039290904999,0.9182650417089462,-0.007217475771904014,0.16632988750934596,nan,0.0,nan,0.0,0
2,280,632,0.035852272727272726,2560,1.902011787891388,0.286328125,0.9144999921321869,0.8593638330698014,0.1984375,0.2806205928325653,0.6042289882898331,0.03137257695198059,0.0706479374319315,0.7551422595977784,0.9212854087352753,0.006785416603088401,0.16632988750934596,nan,0.0,nan,0.0,0
2,300,652,0.03698863636363636,2560,1.9046702623367309,0.27578125,0.915490347146988,0.863721364736557,0.208203125,0.2827639050781727,0.6059092432260513,0.03137257695198059,0.06973258201032877,0.7524495780467987,0.9212854087352753,0.0057950615882873535,0.16632988750934596,nan,0.0,nan,0.0,0
2,320,672,0.038125,2560,1.9123713493347168,0.26875,0.9168269783258438,0.8589632898569107,0.225390625,0.27044328972697257,0.6040953546762466,0.03137257695198059,0.06703663915395737,0.7497977793216706,0.9181848853826523,0.0013579070568084939,0.16632988750934596,nan,0.0,nan,0.0,0
2,340,692,0.03926136363636363,2560,1.8715145111083984,0.293359375,0.9188408464193344,0.8645630061626435,0.190625,0.28004349321126937,0.6050116449594498,0.03137257695198059,0.07031592167913914,0.7560633987188339,0.9168269783258438,-0.0020138680934905784,0.16632988750934596,nan,0.0,0.2890625,0.3719127000076696,0
2,352,704,0.039943181818181815,1480,1.9580811378118155,0.2709459457848523,0.9167510319400478,0.85759125271359,0.21486486510650532,0.29408272665900154,0.6029244210269,0.03137257695198059,0.0683207159912264,0.7515210544740831,0.9168269783258438,7.594638579599966e-05,0.16632988750934596,nan,0.0,nan,0.0,0
3,20,724,0.04107954545454545,2560,1.8993325710296631,0.283203125,0.9179897785186768,0.8622167199850083,0.205078125,0.2806916318833828,0.6052995145320892,0.03137257695198059,0.06356449704617262,0.742383274435997,0.9167510319400478,-0.0012387465786289908,0.16632988750934596,nan,0.0,nan,0.0,0
3,40,744,0.04221590909090909,2560,1.9004351615905761,0.28515625,0.9175563484430314,0.8618491053581238,0.208984375,0.2880746558308601,0.6013917475938797,0.03137257695198059,0.06485545486211777,0.747662889957428,0.9168269783258438,-0.0007293701171875444,0.16632988750934596,nan,0.0,nan,0.0,0
3,60,764,0.043352272727272725,2560,1.8837346315383912,0.288671875,0.9161801993846893,0.8591419398784638,0.22265625,0.30460490137338636,0.6058595210313797,0.03137257695198059,0.06982350144535303,0.7561432957649231,0.9175563484430314,0.0013761490583420466,0.16632988750934596,nan,0.0,nan,0.0,0
3,80,784,0.04448863636363636,2560,1.8729952931404115,0.28046875,0.9199872225522995,0.8653499782085419,0.1984375,0.2929008722305298,0.6037319391965866,0.03137257695198059,0.06524622291326523,0.7470560997724534,0.9175563484430314,-0.002430874109268122,0.16632988750934596,nan,0.0,0.2578125,0.3680715000082273,0
3,100,804,0.04562499999999999,2560,1.8784436941146851,0.287109375,0.9139012217521667,0.8598306208848954,0.20625,0.2976697266101837,0.6074730068445205,0.03137257695198059,0.06973294913768768,0.757144570350647,0.9175563484430314,0.003655126690864652,0.16632988750934596,nan,0.0,nan,0.0,0
3,120,824,0.046761363636363636,2560,1.8603880643844604,0.287109375,0.9138742923736572,0.860632848739624,0.221484375,0.29670018404722215,0.6041478633880615,0.03137257695198059,0.06461361534893513,0.7469217836856842,0.9175563484430314,0.0036820560693741067,0.16632988750934596,nan,0.0,nan,0.0,0
3,140,844,0.04789772727272727,2560,1.8028373003005982,0.308203125,0.9117699414491653,0.8587794184684754,0.222265625,0.28369758650660515,0.6049245417118072,0.03137257695198059,0.061153626255691054,0.7407457530498505,0.9161801993846893,0.004410257935523965,0.16632988750934596,nan,0.0,nan,0.0,0
3,160,864,0.04903409090909091,2560,1.8827624320983887,0.294140625,0.912795752286911,0.8615645319223404,0.2,0.31161738336086275,0.6066854119300842,0.03137257695198059,0.06702874600887299,0.7514307528734208,0.9139012217521667,0.001105469465255693,0.16632988750934596,nan,0.0,nan,0.0,0
3,180,884,0.050170454545454546,2560,1.853567636013031,0.29375,0.9084845185279846,0.8590001553297043,0.2140625,0.2929069548845291,0.6031201899051666,0.03137257695198059,0.06051896531134844,0.7409232586622239,0.9138742923736572,0.00538977384567263,0.16632988750934596,nan,0.0,0.265625,0.3694809000007808,0
3,200,904,0.05130681818181818,2560,1.8581987380981446,0.317578125,0.9099402338266372,0.8584808528423309,0.219140625,0.30325331911444664,0.6065532833337783,0.03137257695198059,0.06302406489849091,0.7459141850471497,0.912795752286911,0.002855518460273765,0.16632988750934596,nan,0.0,nan,0.0,0
3,220,924,0.05244318181818181,2560,1.8378494739532472,0.308203125,0.9097584992647171,0.8566011011600494,0.216015625,0.3156525820493698,0.6034848749637604,0.03137257695198059,0.06400055754929782,0.7469500869512558,0.9117699414491653,0.0020114421844482644,0.16632988750934596,nan,0.0,nan,0.0,0
3,240,944,0.05357954545454545,2560,1.83799307346344,0.297265625,0.9121440410614013,0.8585409969091415,0.21640625,0.30940291434526446,0.603600588440895,0.03137257695198059,0.0645792355760932,0.7476333111524582,0.9099402338266372,-0.002203807234764099,0.16632988750934596,nan,0.0,nan,0.0,0
3,260,964,0.054715909090909086,2560,1.8171993494033813,0.31171875,0.9013178944587708,0.8526635587215423,0.225,0.3215282842516899,0.6035162776708602,0.03137257695198059,0.06730857081711292,0.753080952167511,0.9099402338266372,0.008622339367866494,0.16632988750934596,nan,0.0,nan,0.0,0
3,280,984,0.05585227272727273,2560,1.8195857048034667,0.31796875,0.9068692147731781,0.8565911799669266,0.23125,0.32292548567056656,0.6053866267204284,0.03137257695198059,0.0641185525804758,0.7484776020050049,0.9097584992647171,0.0028892844915390237,0.16632988750934596,nan,0.0,0.28125,0.37234930001432076,0
3,300,1004,0.056988636363636366,2560,1.7372433602809907,0.35546875,0.9040098905563354,0.8537483364343643,0.2265625,0.31702343821525575,0.6037459194660186,0.03137257695198059,0.06664751805365085,0.752374243736267,0.9097584992647171,0.005748608708381675,0.16632988750934596,nan,0.0,nan,0.0,0
3,320,1024,0.058124999999999996,2560,1.8370773077011109,0.30234375,0.9089919477701187,0.8564679652452469,0.224609375,0.3314957320690155,0.6009695887565613,0.03137257695198059,0.06704811416566372,0.7520590126514435,0.9068692147731781,-0.002122732996940657,0.16632988750934596,nan,0.0,nan,0.0,0
3,340,1044,0.05926136363636363,2560,1.8315479278564453,0.311328125,0.9050842970609665,0.8540283352136612,0.222265625,0.3098956495523453,0.6073959529399872,0.03137257695198059,0.06270994395017623,0.7452903181314469,0.9068692147731781,0.0017849177122115645,0.16632988750934596,nan,0.0,nan,0.0,0
3,352,1056,0.05994318181818181,1480,1.811661425796715,0.3243243248076052,0.9082502374777923,0.8536566296139279,0.22770270310543678,0.32352131218523594,0.6037276725511294,0.03137257695198059,0.0647296284904351,0.7490607148892171,0.9050842970609665,-0.00316594041682583,0.16632988750934596,nan,0.0,nan,0.0,0
4,20,1076,0.061079545454545456,2560,1.7783263206481934,0.313671875,0.9046645879745483,0.854776656627655,0.2375,0.3243780106306076,0.6040275782346726,0.03137257695198059,0.06553888712078333,0.7513938426971436,0.9068692147731781,0.0022046267986297607,0.16632988750934596,nan,0.0,0.2109375,0.37108439998701215,0
4,40,1096,0.06221590909090909,2560,1.8243264555931091,0.31015625,0.9004796892404556,0.8479759454727173,0.221484375,0.32845080494880674,0.6060692071914673,0.03137257695198059,0.06167416609823704,0.7452715277671814,0.9050842970609665,0.004604607820510864,0.16632988750934596,nan,0.0,nan,0.0,0
4,60,1116,0.06335227272727273,2560,1.7946510910987854,0.316015625,0.9037220329046249,0.8571432918310166,0.21875,0.32380654811859133,0.6045206904411315,0.03137257695198059,0.06753876563161612,0.7546261757612228,0.9050842970609665,0.0013622641563415527,0.16632988750934596,nan,0.0,nan,0.0,0
4,80,1136,0.06448863636363636,2560,1.7833982706069946,0.325,0.9011571705341339,0.8528699487447738,0.21875,0.3291952282190323,0.605397817492485,0.03137257695198059,0.0636105876415968,0.7476137280464172,0.9046645879745483,0.0035074174404143843,0.16632988750934596,nan,0.0,nan,0.0,0
4,100,1156,0.065625,2560,1.8047322511672974,0.308203125,0.9009582877159119,0.8526691675186158,0.258984375,0.35276618748903277,0.5997066766023635,0.03137257695198059,0.0657945666462183,0.7541731238365174,0.9037220329046249,0.0027637451887130293,0.16632988750934596,nan,0.0,nan,0.0,0
4,120,1176,0.06676136363636363,2560,1.7783277750015258,0.332421875,0.9041181683540345,0.8520888179540634,0.233984375,0.32982570081949236,0.6014237850904465,0.03137257695198059,0.057363633438944815,0.7361419051885605,0.9011571705341339,-0.002960997819900557,0.16632988750934596,nan,0.0,0.296875,0.3714845000067726,0
4,140,1196,0.06789772727272726,2560,1.726850688457489,0.3375,0.9012639582157135,0.8500244349241257,0.240234375,0.33029900789260863,0.603755709528923,0.03137257695198059,0.06140057910233736,0.7429968416690826,0.9011571705341339,-0.00010678768157956764,0.16632988750934596,nan,0.0,nan,0.0,0
4,160,1216,0.0690340909090909,2560,1.7532177209854125,0.33046875,0.8989168733358384,0.8517872065305709,0.248828125,0.3479763865470886,0.600954070687294,0.03137257695198059,0.06604879777878522,0.7507963925600052,0.9012639582157135,0.0023470848798751165,0.16632988750934596,nan,0.0,nan,0.0,0
4,180,1236,0.07017045454545454,2560,1.7432480454444885,0.344921875,0.9030944734811783,0.8529934108257293,0.242578125,0.3559089034795761,0.6024048030376434,0.03137257695198059,0.06103923823684454,0.744902840256691,0.9011571705341339,-0.001937302947044417,0.16632988750934596,nan,0.0,nan,0.0,0
4,200,1256,0.07130681818181818,2560,1.7389990568161011,0.34140625,0.8935965210199356,0.8493980675935745,0.2484375,0.34195989817380906,0.6020864069461822,0.03137257695198059,0.061955591477453706,0.7453847497701644,0.9012639582157135,0.007667437195777893,0.16632988750934596,nan,0.0,nan,0.0,0
4,220,1276,0.07244318181818182,2560,1.7523986577987671,0.34375,0.8991838872432709,0.8502221673727035,0.2390625,0.3595160409808159,0.6039346218109131,0.03137257695198059,0.0631346482783556,0.7479744970798492,0.9012639582157135,0.0020800709724425603,0.16632988750934596,nan,0.0,0.2109375,0.3782876000041142,0
4,240,1296,0.07357954545454545,2560,1.7246736526489257,0.338671875,0.8956351757049561,0.8510989040136338,0.244140625,0.3375509172677994,0.6049722254276275,0.03137257695198059,0.06458142381161451,0.7505131721496582,0.8991838872432709,0.0035487115383148193,0.16632988750934596,nan,0.0,nan,0.0,0
4,260,1316,0.07471590909090908,2560,1.7153304755687713,0.359375,0.8885601311922073,0.8463380366563797,0.23515625,0.35157489627599714,0.6004823297262192,0.03137257695198059,0.0625225616618991,0.7472735553979873,0.8989168733358384,0.010356742143631026,0.16632988750934596,nan,0.0,nan,0.0,0
4,280,1336,0.07585227272727273,2560,1.72180118560791,0.34375,0.8893554657697678,0.8441375851631164,0.231640625,0.3492482423782349,0.6067727625370025,0.03137257695198059,0.062025145068764685,0.7473537862300873,0.8956351757049561,0.006279709935188338,0.16632988750934596,nan,0.0,nan,0.0,0
4,300,1356,0.07698863636363637,2560,1.73648099899292,0.3484375,0.886758667230606,0.8445142298936844,0.21640625,0.3379692479968071,0.6013986170291901,0.03137257695198059,0.06342005748301745,0.7494427382946014,0.8935965210199356,0.006837853789329551,0.16632988750934596,nan,0.0,nan,0.0,0
4,320,1376,0.078125,2560,1.7051978766918183,0.353125,0.8883935749530792,0.8405297815799713,0.24375,0.35974552780389785,0.6033331781625748,0.03137257695198059,0.06116608288139105,0.7438585847616196,0.8893554657697678,0.0009618908166885154,0.16632988750934596,nan,0.0,0.2890625,0.3722630999982357,0
4,340,1396,0.07926136363636364,2560,1.7028957843780517,0.3484375,0.8946099400520324,0.8480368465185165,0.243359375,0.3544302463531494,0.6046740382909774,0.03137257695198059,0.061229766346514225,0.7446636527776718,0.8885601311922073,-0.00604980885982509,0.16632988750934596,nan,0.0,nan,0.0,0
4,352,1408,0.07994318181818182,1480,1.707597710635211,0.3527027031054368,0.8957573255977115,0.846973996226852,0.2601351355378692,0.3613943104808395,0.6030546323673145,0.03137257695198059,0.06136906493354488,0.7455397515683561,0.8885601311922073,-0.007197194405504148,0.16632988750934596,nan,0.0,nan,0.0,0
5,20,1428,0.08107954545454545,2560,1.6820423185825348,0.36328125,0.8978994011878967,0.8513017207384109,0.230859375,0.3454602718353271,0.6012391597032547,0.03137257695198059,0.060828962549567225,0.7450588077306748,0.8893554657697678,-0.008543935418128923,0.16632988750934596,nan,0.0,nan,0.0,0
5,40,1448,0.08221590909090909,2560,1.709743285179138,0.344140625,0.8886199861764907,0.8415770441293716,0.244921875,0.3599381849169731,0.599617537856102,0.03137257695198059,0.06163862552493811,0.7453210473060607,0.8946099400520324,0.005989953875541687,0.16632988750934596,nan,0.0,nan,0.0,0
5,60,1468,0.08335227272727272,2560,1.684850025177002,0.35546875,0.8899036645889282,0.8401719599962234,0.253515625,0.34607542753219606,0.60308877825737,0.03137257695198059,0.058214638382196426,0.7389312773942948,0.8946099400520324,0.004706275463104204,0.16632988750934596,nan,0.0,0.2578125,0.36963629999081604,0
5,80,1488,0.08448863636363636,2560,1.7239837884902953,0.33046875,0.8883746832609176,0.8434016048908234,0.266015625,0.3804584488272667,0.6037678003311158,0.03137257695198059,0.06210436336696148,0.7467787772417068,0.8946099400520324,0.006235256791114807,0.16632988750934596,nan,0.0,nan,0.0,0
5,100,1508,0.08562499999999999,2560,1.7254899799823762,0.337109375,0.8888139635324478,0.8455765008926391,0.2453125,0.3487371474504471,0.600676366686821,0.03137257695198059,0.06679094620049,0.7559977948665619,0.8899036645889282,0.00108970105648043,0.16632988750934596,nan,0.0,nan,0.0,0
5,120,1528,0.08676136363636362,2560,1.6648234307765961,0.364453125,0.8841249495744705,0.8408079981803894,0.28046875,0.3718412220478058,0.5990557610988617,0.03137257695198059,0.058817523531615734,0.7399683177471161,0.8888139635324478,0.004689013957977273,0.16632988750934596,nan,0.0,nan,0.0,0
5,140,1548,0.08789772727272727,2560,1.7180853486061096,0.334765625,0.8863709568977356,0.8419698238372803,0.25078125,0.3672710552811623,0.6033167719841004,0.03137257695198059,0.06737638060003519,0.7552033931016922,0.8886199861764907,0.0022490292787551436,0.16632988750934596,nan,0.0,nan,0.0,0
5,160,1568,0.0890340909090909,2560,1.6750660479068755,0.371875,0.8820402830839157,0.8374215632677078,0.25390625,0.37548509538173674,0.5992046564817428,0.03137257695198059,0.06335925552994012,0.7479187607765198,0.8883746832609176,0.006334400177001931,0.16632988750934596,nan,0.0,0.234375,0.3751664999872446,0
5,180,1588,0.09017045454545455,2560,1.6882858157157898,0.356640625,0.884374561905861,0.8376306056976318,0.261328125,0.3482151463627815,0.601452785730362,0.03137257695198059,0.06203245893120766,0.7465392410755157,0.8863709568977356,0.0019963949918746504,0.16632988750934596,nan,0.0,nan,0.0,0
5,200,1608,0.09130681818181818,2560,1.6602333903312683,0.366796875,0.8791992336511611,0.839097872376442,0.25,0.3797027826309204,0.6027677059173584,0.03137257695198059,0.06155119128525257,0.746468436717987,0.884374561905861,0.005175328254699796,0.16632988750934596,nan,0.0,nan,0.0,0
5,220,1628,0.09244318181818183,2560,1.6546532690525055,0.38203125,0.8817551970481873,0.8393291652202606,0.239453125,0.36228405237197875,0.5978782892227172,0.03137257695198059,0.061487246118485925,0.7459369391202927,0.8841249495744705,0.002369752526283242,0.16632988750934596,nan,0.0,nan,0.0,0
5,240,1648,0.09357954545454546,2560,1.6668920695781708,0.35859375,0.8823816806077958,0.8400346308946609,0.256640625,0.35971091985702514,0.6024146020412445,0.03137257695198059,0.057791389524936676,0.7388193130493164,0.8820402830839157,-0.0003413975238800715,0.16632988750934596,nan,0.0,nan,0.0,0
5,260,1668,0.09471590909090909,2560,1.6550523936748505,0.371484375,0.874364510178566,0.8342645198106766,0.27734375,0.3750892370939255,0.6004914790391922,0.03137257695198059,0.058776747435331345,0.7419560104608536,0.8820402830839157,0.007675772905349709,0.16632988750934596,nan,0.0,0.25,0.3715714999998454,0
5,280,1688,0.09585227272727273,2560,1.670101124048233,0.375,0.8728925228118897,0.8352184444665909,0.2453125,0.3759817764163017,0.5988548427820206,0.03137257695198059,0.05735198799520731,0.7404642611742019,0.8817551970481873,0.008862674236297607,0.16632988750934596,nan,0.0,nan,0.0,0
5,300,1708,0.09698863636363636,2560,1.6792958855628968,0.359765625,0.8842801332473755,0.8417541682720184,0.247265625,0.37937664836645124,0.599861541390419,0.03137257695198059,0.059382491558790204,0.7419258624315261,0.8791992336511611,-0.005080899596214383,0.16632988750934596,nan,0.0,nan,0.0,0
5,320,1728,0.098125,2560,1.6746986985206604,0.3609375,0.8860803604125976,0.8433969050645829,0.246875,0.3623478516936302,0.6025130182504654,0.03137257695198059,0.060222971998155114,0.7424080163240433,0.8817551970481873,-0.004325163364410356,0.16632988750934596,nan,0.0,nan,0.0,0
5,340,1748,0.09926136363636363,2560,1.642245501279831,0.359765625,0.8720219910144806,0.8348027735948562,0.27890625,0.378471365571022,0.5986087948083878,0.03137257695198059,0.06161787156015634,0.7466624736785888,0.8823816806077958,0.010359689593315125,0.16632988750934596,nan,0.0,nan,0.0,0
5,352,1760,0.0999431818181818,1480,1.6497316018955128,0.3844594602649276,0.8795399269542179,0.8398470746504294,0.24797297248969208,0.37708183430336617,0.6037562589387636,0.03137257695198059,0.06117162126544359,0.7462556574795697,0.874364510178566,-0.00517541677565192,0.16632988750934596,nan,0.0,0.3203125,0.37875699999858625,0
6,20,1780,0.10107954545454545,2560,1.6218987166881562,0.3875,0.8692252218723298,0.8320870965719223,0.259375,0.38709610849618914,0.6011532008647918,0.03137257695198059,0.060614072158932684,0.7452298104763031,0.8795399269542179,0.010314705081888143,0.16632988750934596,nan,0.0,nan,0.0,0
6,40,1800,0.10221590909090908,2560,1.6219693064689635,0.378515625,0.87471684217453,0.8340346246957779,0.251171875,0.37288848161697385,0.6022102534770966,0.03137257695198059,0.060906539298594,0.7464230805635452,0.8795399269542179,0.004823084779687847,0.16632988750934596,nan,0.0,nan,0.0,0
6,60,1820,0.10335227272727272,2560,1.630141282081604,0.372265625,0.869815057516098,0.8327713251113892,0.27109375,0.39998497664928434,0.5999776393175125,0.03137257695198059,0.06021107416599989,0.744673666357994,0.87471684217453,0.004901784658432051,0.16632988750934596,nan,0.0,nan,0.0,0
6,80,1840,0.10448863636363635,2560,1.6329993903636932,0.39140625,0.8737874358892441,0.8361085563898086,0.244921875,0.38551329374313353,0.5998540461063385,0.03137257695198059,0.057952200062572956,0.7413823902606964,0.8720219910144806,-0.0017654448747634888,0.16632988750934596,nan,0.0,nan,0.0,0
6,100,1860,0.10562500000000001,2560,1.6098989009857179,0.394140625,0.8706446677446366,0.8366288751363754,0.269140625,0.38032588362693787,0.5968619227409363,0.03137257695198059,0.05744167175143957,0.7411442995071411,0.8737874358892441,0.003142768144607566,0.16632988750934596,nan,0.0,0.28125,0.37276810000184923,0
6,120,1880,0.10676136363636364,2560,1.5995136678218842,0.38828125,0.8703519165515899,0.8313808649778366,0.262109375,0.37845769226551057,0.5999473750591278,0.03137257695198059,0.06223931834101677,0.7471654266119003,0.8706446677446366,0.00029275119304661423,0.16632988750934596,nan,0.0,nan,0.0,0
6,140,1900,0.10789772727272727,2560,1.6391577899456025,0.373046875,0.8692666083574295,0.8332344263792038,0.270703125,0.3882822722196579,0.6013152003288269,0.03137257695198059,0.056530720181763174,0.7389080554246903,0.8706446677446366,0.0013780593872070312,0.16632988750934596,nan,0.0,nan,0.0,0
6,160,1920,0.10903409090909091,2560,1.6224266409873962,0.375,0.8755559623241425,0.8353072077035903,0.248046875,0.37984244972467424,0.6000672787427902,0.03137257695198059,0.05649043843150139,0.7380954444408416,0.8703519165515899,-0.0052040457725525124,0.16632988750934596,nan,0.0,nan,0.0,0
6,180,1940,0.11017045454545454,2560,1.6486087203025819,0.357421875,0.8806429237127305,0.8378654658794403,0.249609375,0.38092015832662585,0.6005921840667725,0.03137257695198059,0.06092549543827772,0.7449853003025055,0.8706446677446366,-0.009998255968093894,0.16632988750934596,nan,0.0,nan,0.0,0
6,200,1960,0.11130681818181819,2560,1.6323347806930542,0.3734375,0.8732419103384018,0.8341081202030182,0.271875,0.3768053188920021,0.6027064204216004,0.03137257695198059,0.05655697472393513,0.7387925803661346,0.8706446677446366,-0.002597242593765259,0.16632988750934596,nan,0.0,0.296875,0.3741716000076849,0
6,220,1980,0.11244318181818182,2560,1.58980792760849,0.38125,0.8668701738119126,0.8353959560394287,0.26875,0.3901564687490463,0.5984963953495026,0.03137257695198059,0.05629507582634687,0.7383006691932679,0.8732419103384018,0.006371736526489258,0.16632988750934596,nan,0.0,nan,0.0,0
6,240,2000,0.11357954545454545,2560,1.6556027472019195,0.367578125,0.871722599864006,0.8330748379230499,0.258203125,0.38740346431732176,0.6033245235681534,0.03137257695198059,0.055623228661715984,0.7364689022302627,0.8732419103384018,0.0015193104743957964,0.16632988750934596,nan,0.0,nan,0.0,0
6,260,2020,0.11471590909090909,2560,1.6155714511871337,0.38125,0.8592593908309937,0.8284453272819519,0.255078125,0.3880018934607506,0.5969618707895279,0.03137257695198059,0.05874668173491955,0.7417148679494858,0.8732419103384018,0.013982519507408142,0.16632988750934596,nan,0.0,nan,0.0,0
6,280,2040,0.11585227272727272,2560,1.6439162373542786,0.37734375,0.8634547889232635,0.8350740045309066,0.26796875,0.38810777068138125,0.5994018763303757,0.03137257695198059,0.05745237413793802,0.7416587620973587,0.871722599864006,0.00826781094074247,0.16632988750934596,nan,0.0,nan,0.0,0
6,300,2060,0.11698863636363635,2560,1.5952759742736817,0.395703125,0.8678262829780579,0.8291546106338501,0.2546875,0.37465993165969846,0.6005479335784912,0.03137257695198059,0.05538991652429104,0.7370622038841248,0.8668701738119126,-0.0009561091661453025,0.16632988750934596,nan,0.0,0.2578125,0.37132870001369156,0
6,320,2080,0.118125,2560,1.613256698846817,0.37890625,0.8623137682676315,0.8278255641460419,0.272265625,0.3835501968860626,0.5940921932458878,0.03137257695198059,0.05851274933665991,0.7411758810281753,0.8668701738119126,0.00455640554428105,0.16632988750934596,nan,0.0,nan,0.0,0
6,340,2100,0.11926136363636362,2560,1.5881595194339753,0.39921875,0.8587673664093017,0.8285668939352036,0.25703125,0.3985859230160713,0.601263576745987,0.03137257695198059,0.05506602618843317,0.7374046862125396,0.8634547889232635,0.004687422513961814,0.16632988750934596,nan,0.0,nan,0.0,0
6,352,2112,0.11994318181818181,1480,1.6203191525227314,0.3797297303741043,0.8716112961640229,0.8317198273297902,0.26351351415788804,0.38088668407620613,0.5999833132769611,0.031372576770750255,0.05753042641523722,0.7371529811137432,0.8623137682676315,-0.009297527896391378,0.16632988750934596,nan,0.0,nan,0.0,0
7,20,2132,0.12107954545454545,2560,1.5980045557022096,0.396484375,0.8568192839622497,0.8252666741609573,0.27734375,0.3952865108847618,0.5980790674686431,0.03137257695198059,0.05457213036715984,0.7342425942420959,0.8634547889232635,0.006635504961013838,0.16632988750934596,nan,0.0,nan,0.0,0
7,40,2152,0.1222159090909091,2560,1.5707521378993987,0.39453125,0.8638539046049118,0.8288768917322159,0.27421875,0.39265977740287783,0.5987170159816741,0.03137257695198059,0.05853715352714062,0.7418864458799362,0.8623137682676315,-0.00154013633728034,0.16632988750934596,nan,0.0,0.3203125,0.3844987999764271,0
7,60,2172,0.12335227272727273,2560,1.5811687886714936,0.39140625,0.8643120884895324,0.828585198521614,0.263671875,0.375157006084919,0.5981618404388428,0.03137257695198059,0.05749543365091085,0.7419049382209778,0.8623137682676315,-0.00199832022190094,0.16632988750934596,nan,0.0,nan,0.0,0
7,80,2192,0.12448863636363636,2560,1.5744362115859984,0.396484375,0.8574068039655686,0.8277872920036315,0.275,0.3888622045516968,0.5975771725177765,0.03137257695198059,0.05148406587541103,0.7296913921833038,0.8638539046049118,0.006447100639343284,0.16632988750934596,nan,0.0,nan,0.0,0
7,100,2212,0.125625,2560,1.5718251526355744,0.4140625,0.860880994796753,0.8279369533061981,0.26953125,0.4064297303557396,0.5978510767221451,0.03137257695198059,0.057248934730887414,0.7402792572975159,0.8638539046049118,0.0029729098081588967,0.16632988750934596,nan,0.0,nan,0.0,0
7,120,2232,0.12676136363636364,2560,1.5744766473770142,0.391796875,0.8582424134016037,0.8289014399051666,0.273828125,0.3868992060422897,0.5980353236198426,0.03137257695198059,0.051853591948747633,0.7287219613790512,0.860880994796753,0.0026385813951492754,0.16632988750934596,nan,0.0,nan,0.0,0
7,140,2252,0.12789772727272727,2560,1.5952662825584412,0.39453125,0.864975655078888,0.8264802485704422,0.258984375,0.39461270421743394,0.6024172604084015,0.03137257695198059,0.05438075587153435,0.7338471829891204,0.860880994796753,-0.00409466028213501,0.16632988750934596,nan,0.0,0.265625,0.37835300000733696,0
7,160,2272,0.1290340909090909,2560,1.5666174709796905,0.395703125,0.8504245996475219,0.8265937954187393,0.262890625,0.3873093217611313,0.5976453363895416,0.03137257695198059,0.055267681181430814,0.7369087129831314,0.860880994796753,0.010456395149231024,0.16632988750934596,nan,0.0,nan,0.0,0
7,180,2292,0.13017045454545453,2560,1.5804062008857727,0.393359375,0.8570893913507461,0.8258590936660767,0.278125,0.39483446925878524,0.5981788784265518,0.03137257695198059,0.05450601801276207,0.7342013537883758,0.8582424134016037,0.001153022050857544,0.16632988750934596,nan,0.0,nan,0.0,0
7,200,2312,0.13130681818181816,2560,1.5636069416999816,0.404296875,0.843107345700264,0.8188016504049301,0.264453125,0.40383508801460266,0.5987465083599091,0.03137257695198059,0.0534948356449604,0.7312474459409714,0.8582424134016037,0.015135067701339655,0.16632988750934596,nan,0.0,nan,0.0,0
7,220,2332,0.13244318181818182,2560,1.596829104423523,0.39375,0.8509329795837403,0.8221693843603134,0.28515625,0.40804549157619474,0.5938762813806534,0.03137257695198059,0.05190494135022163,0.7289276778697967,0.8570893913507461,0.006156411767005876,0.16632988750934596,nan,0.0,nan,0.0,0
7,240,2352,0.13357954545454545,2560,1.5821074187755584,0.38515625,0.8535995870828629,0.8258945614099502,0.28828125,0.40208226144313813,0.5973648250102996,0.03137257695198059,0.05329423733055592,0.7338233292102814,0.8509329795837403,-0.0026666074991226196,0.16632988750934596,nan,0.0,0.3515625,0.37862670002505183,0
7,260,2372,0.13471590909090908,2560,1.5964581072330475,0.40390625,0.8649654924869538,0.8315878719091415,0.25390625,0.39302197098731995,0.6052172511816025,0.03137257695198059,0.05672124233096838,0.7403459757566452,0.8509329795837403,-0.014032512903213501,0.16632988750934596,nan,0.0,nan,0.0,0
7,280,2392,0.1358522727272727,2560,1.570119160413742,0.411328125,0.8453704386949539,0.8234490990638733,0.25546875,0.3999172285199165,0.5977148890495301,0.03137257695198059,0.051764219626784326,0.7305587500333786,0.8535995870828629,0.008229148387909002,0.16632988750934596,nan,0.0,nan,0.0,0
7,300,2412,0.13698863636363634,2560,1.5815602958202362,0.391015625,0.8536070585250854,0.8286164849996567,0.269140625,0.39069616347551345,0.5959814965724946,0.03137257695198059,0.053300679102540015,0.7325151234865188,0.8509329795837403,-0.0026740789413451926,0.16632988750934596,nan,0.0,nan,0.0,0
7,320,2432,0.138125,2560,1.5374807298183442,0.41640625,0.858303427696228,0.8259857416152954,0.2640625,0.385963162779808,0.5967426538467407,0.03137257695198059,0.05561995152384043,0.736983785033226,0.8535995870828629,-0.004703840613365151,0.16632988750934596,nan,0.0,nan,0.0,0
7,340,2452,0.13926136363636363,2560,1.5550229489803313,0.41484375,0.8496566355228424,0.8250148892402649,0.253125,0.39648790955543517,0.6016768366098404,0.03137257695198059,0.05465448684990406,0.7347271025180817,0.8536070585250854,0.00395042300224302,0.16632988750934596,nan,0.0,0.28125,0.37886140000773594,0
7,352,2464,0.13994318181818183,1480,1.607813497491785,0.39662162129943435,0.8557110515800682,0.8290540672637321,0.25472972972972974,0.4069483475105182,0.5907690844020328,0.03137257695198059,0.052515335703218306,0.7306610693802704,0.8536070585250854,-0.002103993054982767,0.16632988750934596,nan,0.0,nan,0.0,0
8,20,2484,0.14107954545454546,2560,1.5355751037597656,0.401953125,0.8527700930833817,0.826018038392067,0.2796875,0.385349403321743,0.5954640924930572,0.03137257695198059,0.05537866503000259,0.734824287891388,0.8536070585250854,0.000836965441703752,0.16632988750934596,nan,0.0,nan,0.0,0
8,40,2504,0.1422159090909091,2560,1.5640509843826294,0.402734375,0.8512867271900177,0.8262542963027955,0.28203125,0.4023290678858757,0.6003860652446746,0.03137257695198059,0.05191797111183405,0.7300263673067093,0.8536070585250854,0.0023203313350677046,0.16632988750934596,nan,0.0,nan,0.0,0
8,60,2524,0.14335227272727272,2560,1.5759896457195282,0.41015625,0.843743696808815,0.8196104884147644,0.2625,0.40936731100082396,0.5970621913671493,0.03137257695198059,0.05149198099970818,0.7298950016498565,0.8527700930833817,0.009026396274566695,0.16632988750934596,nan,0.0,nan,0.0,0
8,80,2544,0.14448863636363635,2560,1.5417436599731444,0.4109375,0.8617332935333252,0.8323913753032685,0.258984375,0.3916423305869102,0.5990024715662002,0.03137257695198059,0.05608276817947626,0.7367811739444733,0.8512867271900177,-0.010446566343307429,0.16632988750934596,nan,0.0,0.3671875,0.3707035999977961,0
8,100,2564,0.145625,2560,1.5879788398742676,0.398828125,0.8396773844957351,0.8210821956396103,0.283203125,0.4177704378962517,0.595251488685608,0.03137257695198059,0.055655831657350066,0.7381487727165222,0.8527700930833817,0.013092708587646551,0.16632988750934596,nan,0.0,nan,0.0,0
8,120,2584,0.14676136363636363,2560,1.5255729615688325,0.4078125,0.8541533946990967,0.8295370936393738,0.278515625,0.3934644043445587,0.5938982903957367,0.03137257695198059,0.05361678656190634,0.7315531611442566,0.8512867271900177,-0.002866667509078935,0.16632988750934596,nan,0.0,nan,0.0,0
8,140,2604,0.14789772727272726,2560,1.567825597524643,0.4109375,0.8418061465024949,0.8229726314544678,0.266015625,0.4312475025653839,0.5985831111669541,0.03137257695198059,0.053238841518759725,0.7323257952928544,0.8512867271900177,0.009480580687522888,0.16632988750934596,nan,0.0,nan,0.0,0
8,160,2624,0.1490340909090909,2560,1.5565416991710663,0.4140625,0.8483313620090485,0.8258192926645279,0.254296875,0.38846684247255325,0.6015651941299438,0.03137257695198059,0.05507630705833435,0.7341277211904526,0.843743696808815,-0.0045876652002334595,0.16632988750934596,nan,0.0,nan,0.0,0
8,180,2644,0.15017045454545455,2560,1.5706826508045197,0.40625,0.8444567084312439,0.8209404140710831,0.2828125,0.40480743795633317,0.5955759853124618,0.03137257695198059,0.05140023231506348,0.7290119290351867,0.8483313620090485,0.0038746535778045876,0.16632988750934596,nan,0.0,0.296875,0.3556109000055585,0
8,200,2664,0.15130681818181818,2560,1.5452672302722932,0.41171875,0.8350429385900497,0.8183461755514145,0.27265625,0.41746861338615415,0.5941747218370438,0.03137257695198059,0.054621771536767484,0.7359316617250442,0.8444567084312439,0.00941376984119413,0.16632988750934596,nan,0.0,nan,0.0,0
8,220,2684,0.1524431818181818,2560,1.5316404163837434,0.415234375,0.8454892069101334,0.8181663751602173,0.2703125,0.40392264574766157,0.5992739617824554,0.03137257695198059,0.05150680057704449,0.7290988624095917,0.8444567084312439,-0.001032498478889532,0.16632988750934596,nan,0.0,nan,0.0,0
8,240,2704,0.15357954545454547,2560,1.5604364931583405,0.406640625,0.8349524050951004,0.818117669224739,0.26015625,0.40593577474355697,0.594922786951065,0.03137257695198059,0.05193122569471598,0.7292887508869171,0.8444567084312439,0.009504303336143494,0.16632988750934596,nan,0.0,nan,0.0,0
8,260,2724,0.1547159090909091,2560,1.5464893639087678,0.41328125,0.8584118872880936,0.8269970178604126,0.26171875,0.38552515506744384,0.598088726401329,0.03137257695198059,0.05481933075934649,0.7351918190717697,0.8444567084312439,-0.013955178856849715,0.16632988750934596,nan,0.0,nan,0.0,0
8,280,2744,0.15585227272727273,2560,1.561750155687332,0.3921875,0.8400875598192215,0.8194815516471863,0.291796875,0.40439092814922334,0.5968845546245575,0.03137257695198059,0.04767228830605745,0.7219047099351883,0.8444567084312439,0.004369148612022422,0.16632988750934596,nan,0.0,0.2734375,0.35456520001753233,0
8,300,2764,0.15698863636363636,2560,1.5903404176235199,0.406640625,0.8346172243356704,0.8167858362197876,0.27734375,0.41497634500265124,0.5974244624376297,0.03137257695198059,0.0503487454727292,0.7266325533390046,0.8400875598192215,0.005470335483551025,0.16632988750934596,nan,0.0,nan,0.0,0
8,320,2784,0.158125,2560,1.519062089920044,0.432421875,0.8467605859041214,0.8239046931266785,0.2609375,0.4044363975524902,0.5945470422506333,0.03137257695198059,0.05211917534470558,0.7294690757989883,0.8400875598192215,-0.006673026084899947,0.16632988750934596,nan,0.0,nan,0.0,0
8,340,2804,0.15926136363636365,2560,1.5431889772415162,0.417578125,0.833087158203125,0.8173028588294983,0.2453125,0.3998624935746193,0.5970026850700378,0.03137257695198059,0.047485188022255896,0.7212566524744034,0.8400875598192215,0.007000401616096497,0.16632988750934596,nan,0.0,nan,0.0,0
8,352,2816,0.15994318181818182,1480,1.5538460518862751,0.410135135618416,0.8297354759396733,0.815726413920119,0.2695945949973287,0.42170491395769893,0.5952753547075632,0.03137257695198059,0.04731190029431034,0.7181032902485616,0.8400875598192215,0.010352083879548113,0.16632988750934596,nan,0.0,nan,0.0,0
9,20,2836,0.16107954545454548,2560,1.4995352983474732,0.426953125,0.8501669228076935,0.8272851496934891,0.265625,0.39133079797029496,0.5930531978607178,0.03137257695198059,0.050394337996840476,0.7251017659902572,0.8346172243356704,-0.015549698472023032,0.16632988750934596,nan,0.0,0.3203125,0.36905779998051,0
9,40,2856,0.1622159090909091,2560,1.5524977803230287,0.400390625,0.8428941577672958,0.8258052945137024,0.265234375,0.40549478977918624,0.5947576045989991,0.03137257695198059,0.05001049749553203,0.7263682872056961,0.8346172243356704,-0.008276933431625388,0.16632988750934596,nan,0.0,nan,0.0,0
9,60,2876,0.16335227272727273,2560,1.5318963646888732,0.415234375,0.8269075930118561,0.8108762323856353,0.27265625,0.408850260078907,0.5918533563613891,0.03137257695198059,0.04822459146380424,0.7219582796096802,0.8428941577672958,0.01598656475543969,0.16632988750934596,nan,0.0,nan,0.0,0
9,80,2896,0.16448863636363636,2560,1.5368868052959441,0.416015625,0.8312288820743561,0.8140320032835007,0.262109375,0.40103148818016054,0.5983678340911865,0.03137257695198059,0.0484053073450923,0.723969891667366,0.833087158203125,0.0018582761287688765,0.16632988750934596,nan,0.0,nan,0.0,0
9,100,2916,0.165625,2560,1.5329737067222595,0.416015625,0.8359684735536576,0.8166973263025283,0.271484375,0.4044462189078331,0.5946361750364304,0.03137257695198059,0.05201096441596746,0.7304719388484955,0.8312288820743561,-0.004739591479301475,0.16632988750934596,nan,0.0,nan,0.0,0
9,120,2936,0.16676136363636365,2560,1.5181890964508056,0.415625,0.8206296473741531,0.8122322291135788,0.281640625,0.4204562947154045,0.5962766259908676,0.03137257695198059,0.054242264665663245,0.7332462698221207,0.8359684735536576,0.015338826179504439,0.16632988750934596,nan,0.0,0.3203125,0.3642787999997381,0
9,140,2956,0.16789772727272728,2560,1.5537135004997253,0.41328125,0.8373311668634414,0.8196296900510788,0.269140625,0.41458058059215547,0.5977085262537003,0.03137257695198059,0.051353166624903676,0.726818534731865,0.8312288820743561,-0.006102284789085366,0.16632988750934596,nan,0.0,nan,0.0,0
9,160,2976,0.1690340909090909,2560,1.541197085380554,0.420703125,0.8340470165014267,0.8189730495214462,0.2734375,0.41065329164266584,0.5927376002073288,0.03137257695198059,0.05251665040850639,0.731142657995224,0.8312288820743561,-0.0028181344270705733,0.16632988750934596,nan,0.0,nan,0.0,0
9,180,2996,0.17017045454545454,2560,1.5457153081893922,0.4140625,0.8343804270029068,0.8181118160486222,0.27265625,0.42517162412405013,0.5946380764245986,0.03137257695198059,0.052037872932851316,0.7295676708221436,0.8340470165014267,-0.00033341050148016915,0.16632988750934596,nan,0.0,nan,0.0,0
9,200,3016,0.17130681818181817,2560,1.5189429461956023,0.423046875,0.832245934009552,0.8182351619005204,0.28046875,0.41134024411439896,0.5916154444217682,0.03137257695198059,0.052740116231143476,0.7322941690683364,0.8343804270029068,0.002134492993354775,0.16632988750934596,nan,0.0,nan,0.0,0
9,220,3036,0.17244318181818183,2560,1.5408939838409423,0.4109375,0.8269350558519364,0.8137266933917999,0.273828125,0.4170547276735306,0.5971416711807251,0.03137257695198059,0.04830487202852964,0.7229216903448105,0.8340470165014267,0.007111960649490268,0.16632988750934596,nan,0.0,0.3203125,0.3551404000027105,0
9,240,3056,0.17357954545454546,2560,1.5501196324825286,0.4078125,0.8336760818958282,0.8132964015007019,0.265625,0.4050376668572426,0.5941763758659363,0.03137257695198059,0.052503946051001546,0.7286360800266266,0.8340470165014267,0.0003709346055984497,0.16632988750934596,nan,0.0,nan,0.0,0
9,260,3076,0.1747159090909091,2560,1.5328196287155151,0.409765625,0.8302905142307282,0.8141077846288681,0.26953125,0.4028854265809059,0.5916454493999481,0.03137257695198059,0.04803942926228046,0.7223905235528946,0.8336760818958282,0.003385567665100009,0.16632988750934596,nan,0.0,nan,0.0,0
9,280,3096,0.17585227272727272,2560,1.579518550634384,0.41640625,0.8399183481931687,0.8214006006717682,0.266796875,0.4225700154900551,0.6008014887571335,0.03137257695198059,0.04923537336289883,0.723276001214981,0.832245934009552,-0.007672414183616638,0.16632988750934596,nan,0.0,nan,0.0,0
9,300,3116,0.17698863636363635,2560,1.5159898698329926,0.42265625,0.8294166833162308,0.8162517696619034,0.269921875,0.38927710205316546,0.5946954250335693,0.03137257695198059,0.047340594977140424,0.7198609679937362,0.832245934009552,0.0028292506933212946,0.16632988750934596,nan,0.0,nan,0.0,0
9,320,3136,0.178125,2560,1.505837070941925,0.433203125,0.8169505804777145,0.805310207605362,0.28828125,0.42155659645795823,0.5904321223497391,0.03137257695198059,0.04743476826697588,0.7196330070495606,0.8302905142307282,0.013339933753013677,0.16632988750934596,nan,0.0,0.34375,0.3547940999851562,0
9,340,3156,0.17926136363636364,2560,1.5085774064064026,0.414453125,0.821786293387413,0.8144545465707779,0.278125,0.41410656124353407,0.5985517114400863,0.03137257695198059,0.049979939498007296,0.7278588354587555,0.8302905142307282,0.008504220843315147,0.16632988750934596,nan,0.0,nan,0.0,0
9,352,3168,0.17994318181818184,1480,1.5327576083105963,0.42770270238051544,0.8396514035559989,0.81811371010703,0.25810810875248263,0.4200362769333092,0.5991541050575875,0.03137257695198059,0.04770994895213359,0.7223424267124485,0.8294166833162308,-0.010234720239768125,0.16632988750934596,nan,0.0,nan,0.0,0
10,20,3188,0.18107954545454547,2560,1.497174620628357,0.41640625,0.8282328307628631,0.8166193753480911,0.271875,0.40302636176347734,0.5989059686660767,0.03137257695198059,0.04783434942364693,0.7222572505474091,0.8294166833162308,0.0011838525533676147,0.16632988750934596,nan,0.0,nan,0.0,0
10,40,3208,0.1822159090909091,2560,1.500556194782257,0.43046875,0.8240881204605103,0.8134267330169678,0.287890625,0.43146979361772536,0.5918210536241532,0.03137257695198059,0.04871258214116096,0.7235580265522004,0.8282328307628631,0.004144710302352861,0.16632988750934596,nan,0.0,nan,0.0,0
10,60,3228,0.18335227272727272,2560,1.5640988409519196,0.408203125,0.8263816088438034,0.8149140894412994,0.265234375,0.4202380582690239,0.5975900262594223,0.03137257695198059,0.04932382069528103,0.7251700013875961,0.8240881204605103,-0.0022934883832931297,0.16632988750934596,nan,0.0,0.296875,0.3697088999906555,0
10,80,3248,0.18448863636363635,2560,1.5387902677059173,0.415234375,0.8435620158910752,0.8251550167798996,0.260546875,0.39092575162649157,0.5932162165641784,0.03137257695198059,0.047788406163454054,0.7202648013830185,0.8263816088438034,-0.01718040704727175,0.16632988750934596,nan,0.0,nan,0.0,0
10,100,3268,0.185625,2560,1.5083666026592255,0.4234375,0.8204584866762161,0.8116630792617798,0.27109375,0.42030959874391555,0.5932183772325516,0.03137257695198059,0.04566054828464985,0.7156547337770462,0.8282328307628631,0.0077743440866470115,0.16632988750934596,nan,0.0,nan,0.0,0
10,120,3288,0.18676136363636364,2560,1.5434908390045166,0.40546875,0.8237322062253952,0.8151640832424164,0.27890625,0.4149312347173691,0.5979098170995713,0.03137257695198059,0.04992946945130825,0.7263154238462448,0.8263816088438034,0.002649402618408181,0.16632988750934596,nan,0.0,nan,0.0,0
10,140,3308,0.18789772727272727,2560,1.5097479701042176,0.418359375,0.8200376331806183,0.812610137462616,0.29453125,0.41409631371498107,0.5954236567020417,0.03137257695198059,0.04614860787987709,0.7175674498081207,0.8240881204605103,0.00405048727989199,0.16632988750934596,nan,0.0,nan,0.0,0
10,160,3328,0.1890340909090909,2560,1.5380716383457185,0.421875,0.8147164911031723,0.808049413561821,0.27109375,0.41324281990528106,0.5909149408340454,0.03137257695198059,0.047965955920517445,0.7224499970674515,0.8237322062253952,0.009015715122222878,0.16632988750934596,nan,0.0,0.328125,0.3563309999881312,0
10,180,3348,0.19017045454545453,2560,1.573175495862961,0.3984375,0.8314446449279785,0.8209304988384247,0.261328125,0.42166284918785096,0.5966159969568252,0.03137257695198059,0.05109342969954014,0.7291569381952285,0.8204584866762161,-0.010986158251762412,0.16632988750934596,nan,0.0,nan,0.0,0
10,200,3368,0.1913068181818182,2560,1.4972993910312653,0.431640625,0.8191051781177521,0.8129298061132431,0.26953125,0.40420357435941695,0.5913021236658096,0.03137257695198059,0.04683525655418634,0.7208656281232834,0.8204584866762161,0.0013533085584640503,0.16632988750934596,nan,0.0,nan,0.0,0
10,220,3388,0.19244318181818182,2560,1.5156868934631347,0.415234375,0.8159161299467087,0.8071452081203461,0.28046875,0.42015843391418456,0.5883280634880066,0.03137257695198059,0.04617927242070437,0.7193473994731903,0.8200376331806183,0.004121503233909585,0.16632988750934596,nan,0.0,nan,0.0,0
10,240,3408,0.19357954545454545,2560,1.4922186255455017,0.437109375,0.8226915121078491,0.8111674189567566,0.28125,0.41987626552581786,0.5928126156330109,0.03137257695198059,0.04994187243282795,0.7269346863031387,0.8191051781177521,-0.0035863339900970015,0.16632988750934596,nan,0.0,nan,0.0,0
10,260,3428,0.19471590909090908,2560,1.545832908153534,0.40859375,0.826338604092598,0.8166326016187668,0.29375,0.4287257596850395,0.5973242610692978,0.03137257695198059,0.04749635476619005,0.7227512419223785,0.8191051781177521,-0.007233425974845886,0.16632988750934596,nan,0.0,0.3046875,0.3550859999959357,0
10,280,3448,0.1958522727272727,2560,1.556204515695572,0.41171875,0.815338259935379,0.8073098689317704,0.269921875,0.42101656049489977,0.595543310046196,0.03137257695198059,0.04618267081677914,0.718696516752243,0.8226915121078491,0.007353252172470071,0.16632988750934596,nan,0.0,nan,0.0,0
10,300,3468,0.19698863636363637,2560,1.554892933368683,0.408984375,0.8247554510831833,0.8174962550401688,0.277734375,0.4255183681845665,0.6007857292890548,0.03137257695198059,0.048973971605300905,0.7228322058916092,0.8191051781177521,-0.005650272965431191,0.16632988750934596,nan,0.0,nan,0.0,0
10,320,3488,0.198125,2560,1.551072096824646,0.403515625,0.831541222333908,0.8179541409015656,0.28046875,0.4139867439866066,0.592361980676651,0.03137257695198059,0.0513534989207983,0.7288411736488343,0.8226915121078491,-0.00884971022605896,0.16632988750934596,nan,0.0,nan,0.0,0
10,340,3508,0.19926136363636363,2560,1.5732628583908081,0.3984375,0.8199200421571732,0.8111712336540222,0.27734375,0.42056623101234436,0.591156405210495,0.03137257695198059,0.04880678355693817,0.7249875634908676,0.8247554510831833,0.004835408926010087,0.16632988750934596,nan,0.0,nan,0.0,0
10,352,3520,0.19994318181818183,1480,1.5323596786808322,0.42229729745839095,0.8245219069558221,0.815410355619482,0.2682432438876178,0.40044931269980766,0.6012128101812827,0.03137257695198059,0.048153675810710804,0.7233205386110254,0.8247554510831833,0.0002335441273612071,0.16632988750934596,nan,0.0,0.3515625,0.36226259998511523,0
11,20,3540,0.20107954545454546,2560,1.496630746126175,0.425,0.8138546168804168,0.8039428889751434,0.272265625,0.4150308832526207,0.5971266657114029,0.03137257695198059,0.0443918650969863,0.7131392508745193,0.8245219069558221,0.010667290075405234,0.16632988750934596,nan,0.0,nan,0.0,0
11,40,3560,0.20221590909090909,2560,1.5369657456874848,0.411328125,0.8339546173810959,0.8172818720340729,0.26015625,0.4035126343369484,0.5934229731559754,0.03137257695198059,0.05456490442156792,0.7352377235889435,0.8245219069558221,-0.009432710425273827,0.16632988750934596,nan,0.0,nan,0.0,0
11,60,3580,0.20335227272727271,2560,1.4999954283237458,0.4359375,0.8154980272054673,0.8097548395395279,0.26796875,0.40613035559654237,0.6009770929813385,0.03137257695198059,0.052922813780605794,0.7318875372409821,0.8245219069558221,0.00902387975035479,0.16632988750934596,nan,0.0,nan,0.0,0
11,80,3600,0.20448863636363637,2560,1.542433613538742,0.416796875,0.8082664549350739,0.8057263851165771,0.268359375,0.4180430233478546,0.5969626307487488,0.03137257695198059,0.048091752640903,0.7196616679430008,0.8199200421571732,0.011653587222099304,0.16632988750934596,nan,0.0,nan,0.0,0
11,100,3620,0.205625,2560,1.5416431188583375,0.409375,0.8171920448541641,0.8141097009181977,0.270703125,0.4092588111758232,0.5935945093631745,0.03137257695198059,0.04453355111181736,0.7154966861009597,0.8154980272054673,-0.0016940176486968106,0.16632988750934596,nan,0.0,0.28125,0.36101130000315607,0
11,120,3640,0.20676136363636363,2560,1.5416656851768493,0.4078125,0.8153220117092133,0.8095201104879379,0.273828125,0.4105808034539223,0.5954813778400421,0.03137257695198059,0.046256115287542345,0.7172453612089157,0.8154980272054673,0.0001760154962540117,0.16632988750934596,nan,0.0,nan,0.0,0
11,140,3660,0.20789772727272726,2560,1.5142507135868073,0.43046875,0.8231096982955932,0.8138258844614029,0.28046875,0.41269610077142715,0.5955061793327332,0.03137257695198059,0.05003892742097378,0.7270478338003159,0.8154980272054673,-0.007611671090125949,0.16632988750934596,nan,0.0,nan,0.0,0
11,160,3680,0.2090340909090909,2560,1.5015455305576324,0.43984375,0.8137875258922577,0.8116427332162857,0.255078125,0.4075251191854477,0.5930723994970322,0.03137257695198059,0.04928872864693403,0.7242154777050018,0.8154980272054673,0.0017105013132096003,0.16632988750934596,nan,0.0,nan,0.0,0
11,180,3700,0.21017045454545455,2560,1.5324633359909057,0.42734375,0.8159273654222489,0.8101125299930573,0.271875,0.424578994512558,0.5942933589220047,0.03137257695198059,0.04734076000750065,0.7201546460390091,0.8153220117092133,-0.0006053537130356057,0.16632988750934596,nan,0.0,nan,0.0,0
11,200,3720,0.21130681818181818,2560,1.5366686224937438,0.4203125,0.8152641952037811,0.8080346643924713,0.262109375,0.41611210703849794,0.5943528681993484,0.03137257695198059,0.046653092838823795,0.7208847761154175,0.8159273654222489,0.0006631702184677346,0.16632988750934596,nan,0.0,0.2890625,0.3548761999991257,0
11,220,3740,0.2124431818181818,2560,1.5269283294677733,0.425390625,0.8246369391679764,0.8167797267436981,0.26953125,0.4178971633315086,0.5917172968387604,0.03137257695198059,0.04517554566264152,0.7149945557117462,0.8153220117092133,-0.009314927458763167,0.16632988750934596,nan,0.0,nan,0.0,0
11,240,3760,0.21357954545454544,2560,1.573566335439682,0.401171875,0.8192013591527939,0.811464837193489,0.276953125,0.41825735121965407,0.5919847041368484,0.03137257695198059,0.04734706114977598,0.7208397835493088,0.8159273654222489,-0.003273993730545044,0.16632988750934596,nan,0.0,nan,0.0,0
11,260,3780,0.21471590909090907,2560,1.5519101858139037,0.4109375,0.8227548271417617,0.8155332118272781,0.28671875,0.40381802022457125,0.5925672084093094,0.03137257695198059,0.048644326627254486,0.7245399951934814,0.8159273654222489,-0.006827461719512873,0.16632988750934596,nan,0.0,nan,0.0,0
11,280,3800,0.21585227272727273,2560,1.5045466482639314,0.419921875,0.8208682805299758,0.8120036095380783,0.287109375,0.4229001522064209,0.5922065943479538,0.03137257695198059,0.045477446727454664,0.7169727623462677,0.8192013591527939,-0.0016669213771819402,0.16632988750934596,nan,0.0,nan,0.0,0
11,300,3820,0.21698863636363636,2560,1.4994333267211915,0.429296875,0.8060675144195557,0.8086116939783097,0.278125,0.4224310338497162,0.5951434075832367,0.03137257695198059,0.04856178220361471,0.7225051134824753,0.8208682805299758,0.014800766110420138,0.16632988750934596,nan,0.0,0.359375,0.35510670000803657,0
11,320,3840,0.21812499999999999,2560,1.5475787043571472,0.4125,0.8233166068792344,0.8185726284980774,0.26796875,0.4182900309562683,0.5948771387338638,0.03137257695198059,0.04235304389148951,0.7089829593896866,0.8208682805299758,-0.0024483263492585117,0.16632988750934596,nan,0.0,nan,0.0,0
11,340,3860,0.21926136363636362,2560,1.5257150471210479,0.417578125,0.803012877702713,0.8104544460773468,0.285546875,0.4160340055823326,0.5935920894145965,0.03137257695198059,0.04163680896162987,0.7095241785049439,0.8208682805299758,0.017855402827262834,0.16632988750934596,nan,0.0,nan,0.0,0
11,352,3872,0.21994318181818182,1480,1.5234811718399461,0.41351351367460715,0.8276194801201692,0.8139127296370429,0.28040540621087356,0.4020457138886323,0.5956721270406569,0.03137257695198059,0.050219402160193466,0.7288377790837675,0.8208682805299758,-0.006751199590193324,0.16632988750934596,nan,0.0,nan,0.0,0
12,20,3892,0.22107954545454545,2560,1.5375893533229827,0.41640625,0.81124527156353,0.8104108363389969,0.274609375,0.4268565490841866,0.5948037683963776,0.03137257695198059,0.049474111013114455,0.7267762273550034,0.8208682805299758,0.009623008966445856,0.16632988750934596,nan,0.0,nan,0.0,0
12,40,3912,0.22221590909090908,2560,1.5152882993221284,0.421484375,0.8201462358236313,0.8148877620697021,0.269921875,0.4195556312799454,0.5935446590185165,0.03137257695198059,0.04565853420644998,0.7180526405572891,0.81124527156353,-0.00890096426010134,0.16632988750934596,nan,0.0,0.3046875,0.3785998999956064,0
12,60,3932,0.22335227272727273,2560,1.5590831935405731,0.4015625,0.8224297910928726,0.8171629786491394,0.279296875,0.42379713505506517,0.5954606592655182,0.03137257695198059,0.04958419036120176,0.7265461921691895,0.8201462358236313,-0.0022835552692412886,0.16632988750934596,nan,0.0,nan,0.0,0
12,80,3952,0.22448863636363636,2560,1.5100705742835998,0.42734375,0.8249965399503708,0.8189177334308624,0.252734375,0.40336569100618364,0.5983619928359986,0.03137257695198059,0.04615406598895788,0.7182805240154266,0.8201462358236313,-0.00485030412673948,0.16632988750934596,nan,0.0,nan,0.0,0
12,100,3972,0.225625,2560,1.545017570257187,0.39921875,0.8188262730836868,0.8142659664154053,0.287109375,0.40380641222000124,0.6002987146377563,0.03137257695198059,0.04684457220137119,0.72062968313694,0.8224297910928726,0.003603518009185791,0.16632988750934596,nan,0.0,nan,0.0,0
12,120,3992,0.22676136363636362,2560,1.5331542789936066,0.4125,0.8189064532518386,0.8146661311388016,0.266796875,0.3914643138647079,0.5967764735221863,0.03137257695198059,0.04590966403484344,0.7183094084262848,0.8201462358236313,0.0012397825717926914,0.16632988750934596,nan,0.0,nan,0.0,0
12,140,4012,0.22789772727272725,2560,1.5385907173156739,0.4125,0.8083867847919464,0.8098999291658402,0.291796875,0.4353047668933868,0.5913289546966553,0.03137257695198059,0.0483208267018199,0.7223018109798431,0.8201462358236313,0.011759451031684964,0.16632988750934596,nan,0.0,0.3125,0.3592812999850139,0
12,160,4032,0.22903409090909088,2560,1.52735977768898,0.405078125,0.8217465817928314,0.8055538356304168,0.2828125,0.411393404006958,0.5932209223508835,0.03137257695198059,0.049818532355129716,0.7265513807535171,0.8189064532518386,-0.0028401285409928034,0.16632988750934596,nan,0.0,nan,0.0,0
12,180,4052,0.23017045454545454,2560,1.5438291907310486,0.40546875,0.8117754727602005,0.8109190851449967,0.288671875,0.4340186446905136,0.5874138057231904,0.03137257695198059,0.04680145941674709,0.719883581995964,0.8189064532518386,0.007130980491638184,0.16632988750934596,nan,0.0,nan,0.0,0
12,200,4072,0.23130681818181817,2560,1.554102599620819,0.408984375,0.8096675783395767,0.8091949611902237,0.27109375,0.4126001387834549,0.5947437435388565,0.03137257695198059,0.04226097017526627,0.7085818976163865,0.8188262730836868,0.00915869474411013,0.16632988750934596,nan,0.0,nan,0.0,0
12,220,4092,0.2324431818181818,2560,1.5601911664009094,0.41484375,0.8263267457485199,0.8179676204919815,0.26640625,0.41639325469732286,0.595152559876442,0.03137257695198059,0.04712414834648371,0.7209052860736846,0.8117754727602005,-0.014551272988319486,0.16632988750934596,nan,0.0,nan,0.0,0
12,240,4112,0.23357954545454543,2560,1.4849736094474792,0.425,0.8186636179685592,0.8173922419548034,0.279296875,0.4193884089589119,0.5956694483757019,0.03137257695198059,0.044794710166752336,0.7139149576425552,0.8117754727602005,-0.006888145208358787,0.16632988750934596,nan,0.0,0.3203125,0.3755556000105571,0
12,260,4132,0.23471590909090906,2560,1.5396824836730958,0.419140625,0.8108946681022644,0.8090727686882019,0.269921875,0.42518323212862014,0.5909148186445237,0.03137257695198059,0.0485112464055419,0.7261487782001496,0.8186636179685592,0.007768949866294839,0.16632988750934596,nan,0.0,nan,0.0,0
12,280,4152,0.23585227272727272,2560,1.5493478238582612,0.40234375,0.8237180262804031,0.8161700189113616,0.28671875,0.40474499464035035,0.5941439509391785,0.03137257695198059,0.04847258068621159,0.7248365968465805,0.8117754727602005,-0.011942553520202681,0.16632988750934596,nan,0.0,nan,0.0,0
12,300,4172,0.23698863636363635,2560,1.5540634453296662,0.40625,0.8185037910938263,0.8143575191497803,0.26640625,0.40782885253429413,0.599477031826973,0.03137257695198059,0.04561448041349649,0.7171050935983658,0.8186636179685592,0.00015982687473292678,0.16632988750934596,nan,0.0,nan,0.0,0
12,320,4192,0.23812499999999998,2560,1.5457213938236236,0.417578125,0.8071770787239074,0.806245568394661,0.271484375,0.41731528788805006,0.589964571595192,0.03137257695198059,0.04734650105237961,0.7222886174917221,0.8186636179685592,0.011486539244651817,0.16632988750934596,nan,0.0,nan,0.0,0
12,340,4212,0.2392613636363636,2560,1.5678536236286162,0.409375,0.8178778171539307,0.8102499812841415,0.277734375,0.426184755563736,0.5910406947135926,0.03137257695198059,0.04602875355631113,0.7210239470005035,0.8185037910938263,0.0006259739398956077,0.16632988750934596,nan,0.0,0.28125,0.3711593000043649,0
12,352,4224,0.2399431818181818,1480,1.5278694075507087,0.40878378378378377,0.8022390471922385,0.8088535328169126,0.28378378410597105,0.4136949271769137,0.5912287712097168,0.03137257695198059,0.04938100111242887,0.7262416678505975,0.8178778171539307,0.015638769961692223,0.16632988750934596,nan,0.0,nan,0.0,0
13,20,4244,0.24107954545454544,2560,1.5593886971473694,0.408984375,0.8277152955532074,0.8159317195415496,0.2875,0.4220221683382988,0.5916301906108856,0.03137257695198059,0.047952832840383056,0.7214884519577026,0.8178778171539307,-0.009837478399276733,0.16632988750934596,nan,0.0,nan,0.0,0
13,40,4264,0.24221590909090907,2560,1.5636012434959412,0.40546875,0.8256997317075729,0.8138385981321334,0.274609375,0.41682526618242266,0.5953754633665085,0.03137257695198059,0.04546868689358234,0.7171546787023544,0.8178778171539307,-0.007821914553642229,0.16632988750934596,nan,0.0,nan,0.0,0
13,60,4284,0.24335227272727272,2560,1.5127367734909059,0.419140625,0.8156946003437042,0.8144193172454834,0.273046875,0.41281349360942843,0.59233578145504,0.03137257695198059,0.04404155369848013,0.7138166844844818,0.8178778171539307,0.002183216810226485,0.16632988750934596,nan,0.0,nan,0.0,0
13,80,4304,0.24448863636363635,2560,1.5285636842250825,0.434765625,0.81864193379879,0.8142467677593231,0.2640625,0.4102219268679619,0.593567681312561,0.03137257695198059,0.04678563978523016,0.719037440419197,0.8178778171539307,-0.000764116644859314,0.16632988750934596,nan,0.0,0.3125,0.3814536999852862,0
13,100,4324,0.24562499999999998,2560,1.504992914199829,0.424609375,0.8003641694784165,0.8024625301361084,0.271875,0.42209001779556277,0.5910404413938523,0.03137257695198059,0.044777967222034934,0.7147225558757782,0.81864193379879,0.018277764320373535,0.16632988750934596,nan,0.0,nan,0.0,0
13,120,4344,0.2467613636363636,2560,1.5803763747215271,0.403515625,0.8178721457719803,0.8147778987884522,0.2796875,0.434931218624115,0.5961695522069931,0.03137257695198059,0.04379554390907288,0.7129810601472855,0.81864193379879,0.0007697880268097146,0.16632988750934596,nan,0.0,nan,0.0,0
13,140,4364,0.24789772727272724,2560,1.527766877412796,0.412890625,0.8149588912725448,0.815857720375061,0.28671875,0.4278515502810478,0.5986445337533951,0.03137257695198059,0.043709994107484815,0.7132075250148773,0.8178721457719803,0.002913254499435469,0.16632988750934596,nan,0.0,nan,0.0,0
13,160,4384,0.2490340909090909,2560,1.5271856188774109,0.415234375,0.8188451528549194,0.8082645565271378,0.266015625,0.41739057153463366,0.5958668023347855,0.03137257695198059,0.046296964213252065,0.7197143286466599,0.8156946003437042,-0.00315055251121521,0.16632988750934596,nan,0.0,nan,0.0,0
13,180,4404,0.2501704545454545,2560,1.5358757078647614,0.419921875,0.8243541061878205,0.8190057367086411,0.271875,0.4061469376087189,0.5905423700809479,0.03137257695198059,0.04387977197766304,0.7150603532791138,0.8178721457719803,-0.006481960415840149,0.16632988750934596,nan,0.0,0.3125,0.3769264000002295,0
13,200,4424,0.25130681818181816,2560,1.5351887404918672,0.401953125,0.814629003405571,0.8121635615825653,0.28984375,0.42513651251792905,0.5956648677587509,0.03137257695198059,0.04815132487565279,0.7235520124435425,0.8178721457719803,0.003243142366409324,0.16632988750934596,nan,0.0,nan,0.0,0
13,220,4444,0.2524431818181818,2560,1.5187868356704712,0.429296875,0.8097168236970902,0.8067842096090316,0.27578125,0.4170556053519249,0.5953574120998383,0.03137257695198059,0.04755094945430756,0.7216566443443299,0.8178721457719803,0.008155322074890115,0.16632988750934596,nan,0.0,nan,0.0,0
13,240,4464,0.2535795454545454,2560,1.5487922608852387,0.42578125,0.8183415621519089,0.8121544122695923,0.258984375,0.41452390849590304,0.5959099024534226,0.03137257695198059,0.04614651780575514,0.7187432765960693,0.8149588912725448,-0.003382670879364058,0.16632988750934596,nan,0.0,nan,0.0,0
13,260,4484,0.2547159090909091,2560,1.4948529601097107,0.421875,0.8071572631597519,0.8050551325082779,0.291015625,0.42544458955526354,0.5891225397586822,0.03137257695198059,0.04490913487970829,0.7174060463905334,0.8183415621519089,0.011184298992157005,0.16632988750934596,nan,0.0,nan,0.0,0
13,280,4504,0.2558522727272727,2560,1.5859590888023376,0.4046875,0.8319713801145554,0.8232601374387741,0.258203125,0.4114735797047615,0.5952231287956238,0.03137257695198059,0.04828565400093794,0.722645178437233,0.814629003405571,-0.01734237670898442,0.16632988750934596,nan,0.0,0.328125,0.3678737000154797,0
13,300,4524,0.2569886363636364,2560,1.5667510211467743,0.389453125,0.8232033580541611,0.8114631861448288,0.29765625,0.4035982802510262,0.5939393550157547,0.03137257695198059,0.04762780014425516,0.7208716571331024,0.814629003405571,-0.008574354648590132,0.16632988750934596,nan,0.0,nan,0.0,0
13,320,4544,0.258125,2560,1.547843873500824,0.398828125,0.8217555075883866,0.8162690728902817,0.284375,0.4283374071121216,0.5954171657562256,0.03137257695198059,0.05087167378515005,0.725944247841835,0.8183415621519089,-0.003413945436477661,0.16632988750934596,nan,0.0,nan,0.0,0
13,340,4564,0.25926136363636365,2560,1.5415399968624115,0.4125,0.820434182882309,0.8102915704250335,0.269921875,0.40704034715890886,0.5966769188642502,0.03137257695198059,0.04620005246251822,0.7184920579195022,0.8217555075883866,0.0013213247060775979,0.16632988750934596,nan,0.0,nan,0.0,0
13,352,4576,0.2599431818181818,1480,1.5789311357446618,0.3932432432432432,0.8028114789241069,0.8108158913818566,0.2945945949973287,0.4300583865191485,0.5951317216898944,0.03137257695198059,0.04462819713595751,0.7143596207773363,0.8217555075883866,0.01894402866427969,0.16632988750934596,nan,0.0,nan,0.0,0
14,20,4596,0.2610795454545454,2560,1.525428879261017,0.428515625,0.8237730950117111,0.8124505519866944,0.265625,0.39263188391923903,0.5903517633676529,0.03137257695198059,0.04412907380610705,0.7142439126968384,0.8217555075883866,-0.002017587423324585,0.16632988750934596,nan,0.0,0.3515625,0.3688594999839552,0
14,40,4616,0.2622159090909091,2560,1.4774126708507538,0.435546875,0.8137436628341674,0.8101219356060028,0.263671875,0.43120116740465164,0.5919340997934341,0.03137257695198059,0.04766784124076366,0.722484928369522,0.8217555075883866,0.008011844754219122,0.16632988750934596,nan,0.0,nan,0.0,0
14,60,4636,0.2633522727272727,2560,1.5656295835971832,0.4125,0.8142736464738846,0.8106858789920807,0.267578125,0.435581211745739,0.5982315301895141,0.03137257695198059,0.045992714911699296,0.718882617354393,0.820434182882309,0.0061605364084244,0.16632988750934596,nan,0.0,nan,0.0,0
14,80,4656,0.26448863636363634,2560,1.5685156643390656,0.40859375,0.815278759598732,0.8194745600223541,0.259765625,0.39632982313632964,0.591759768128395,0.03137257695198059,0.04528959076851606,0.7162740886211395,0.8142736464738846,-0.0010051131248474121,0.16632988750934596,nan,0.0,nan,0.0,0
14,100,4676,0.265625,2560,1.525005179643631,0.41171875,0.8202254176139832,0.8077050745487213,0.292578125,0.41842526346445086,0.5930064052343369,0.03137257695198059,0.048312625661492345,0.7243306636810303,0.8142736464738846,-0.005951771140098594,0.16632988750934596,nan,0.0,nan,0.0,0
14,120,4696,0.2667613636363636,2560,1.5587611436843871,0.408203125,0.8130545526742935,0.8085304439067841,0.269921875,0.41810964047908783,0.5912630885839463,0.03137257695198059,0.044003171101212504,0.7153315842151642,0.815278759598732,0.0022242069244384766,0.16632988750934596,nan,0.0,0.2890625,0.3727092999906745,0
14,140,4716,0.26789772727272726,2560,1.5624752640724182,0.409765625,0.8226239681243896,0.8119784206151962,0.295703125,0.4224299505352974,0.5971456080675125,0.03137257695198059,0.04838670659810305,0.7241279393434524,0.8142736464738846,-0.008350321650505088,0.16632988750934596,nan,0.0,nan,0.0,0
14,160,4736,0.26903409090909086,2560,1.5095527589321136,0.427734375,0.8139525055885315,0.8082857996225357,0.26875,0.40796091258525846,0.586848720908165,0.03137257695198059,0.042206975258886816,0.7094026535749436,0.815278759598732,0.0013262540102004783,0.16632988750934596,nan,0.0,nan,0.0,0
14,180,4756,0.2701704545454545,2560,1.5389924228191376,0.402734375,0.802418690919876,0.8081780940294265,0.283984375,0.420948851108551,0.5926651209592819,0.03137257695198059,0.043618574179708956,0.713487958908081,0.815278759598732,0.012860068678855918,0.16632988750934596,nan,0.0,nan,0.0,0
14,200,4776,0.2713068181818182,2560,1.5580223202705383,0.4015625,0.8057685852050781,0.8106637597084045,0.294921875,0.4100295931100845,0.59248086810112,0.03137257695198059,0.04835281278938055,0.7238254427909852,0.8139525055885315,0.008183920383453391,0.16632988750934596,nan,0.0,nan,0.0,0
14,220,4796,0.27244318181818183,2560,1.5490218162536622,0.4171875,0.8133110046386719,0.8057719051837922,0.2890625,0.4269773244857788,0.5945794641971588,0.03137257695198059,0.045421886071562764,0.7178838372230529,0.8130545526742935,-0.00025645196437840134,0.16632988750934596,nan,0.0,0.3203125,0.36939039998105727,0
14,240,4816,0.27357954545454544,2560,1.5302298963069916,0.41484375,0.8275903731584549,0.8136602014303207,0.274609375,0.41340533792972567,0.5966584742069244,0.03137257695198059,0.04550156388431788,0.7169286459684372,0.8133110046386719,-0.014279368519782953,0.16632988750934596,nan,0.0,nan,0.0,0
14,260,4836,0.2747159090909091,2560,1.527514398097992,0.415234375,0.805569463968277,0.8109916865825653,0.292578125,0.42091015428304673,0.5863248348236084,0.03137257695198059,0.04480315688997507,0.7165362238883972,0.8133110046386719,0.0077415406703948975,0.16632988750934596,nan,0.0,nan,0.0,0
14,280,4856,0.27585227272727275,2560,1.537330734729767,0.413671875,0.8284796357154847,0.8177386164665222,0.265234375,0.416941425204277,0.5923427820205689,0.03137257695198059,0.04486497510224581,0.7141789108514786,0.8057685852050781,-0.02271105051040656,0.16632988750934596,nan,0.0,nan,0.0,0
14,300,4876,0.27698863636363635,2560,1.5306970000267028,0.41171875,0.8083109736442566,0.8104297757148743,0.276171875,0.42407299280166627,0.5930774927139282,0.03137257695198059,0.046896200068295,0.720123702287674,0.8133110046386719,0.005000030994415261,0.16632988750934596,nan,0.0,nan,0.0,0
14,320,4896,0.278125,2560,1.5639934718608857,0.42109375,0.8118758350610733,0.810778072476387,0.250390625,0.41070946156978605,0.5989274501800537,0.03137257695198059,0.04571799244731665,0.7179126471281052,0.8133110046386719,0.001435169577598594,0.16632988750934596,nan,0.0,0.3203125,0.37287220000871457,0
14,340,4916,0.2792613636363636,2560,1.552534031867981,0.404296875,0.8175242930650711,0.8113965600728988,0.277734375,0.41585155129432677,0.5961942225694656,0.03137257695198059,0.04707314949482679,0.7203082948923111,0.8118758350610733,-0.005648458003997825,0.16632988750934596,nan,0.0,nan,0.0,0
14,352,4928,0.2799431818181818,1480,1.5596120009551178,0.3945945952389691,0.8332800897392066,0.8224321465234499,0.2749999999194532,0.3914320612275923,0.592920163837639,0.031372576770750255,0.05381109039928462,0.734551097895648,0.8118758350610733,-0.02140425467813334,0.16632988750934596,nan,0.0,nan,0.0,0
15,20,4948,0.28107954545454544,2560,1.5494307100772857,0.41328125,0.7989743947982788,0.8061512172222137,0.276953125,0.4342179849743843,0.5941977381706238,0.03137257695198059,0.0451744182035327,0.717851597070694,0.8175242930650711,0.01854989826679232,0.16632988750934596,nan,0.0,nan,0.0,0
15,40,4968,0.28221590909090905,2560,1.5209327399730683,0.420703125,0.8221887677907944,0.8133522242307663,0.271875,0.41309203654527665,0.5999299556016922,0.03137257695198059,0.04614590257406235,0.7183789312839508,0.8118758350610733,-0.010312932729721114,0.16632988750934596,nan,0.0,nan,0.0,0
15,60,4988,0.2833522727272727,2560,1.5208018124103546,0.4203125,0.8094357073307037,0.8094931483268738,0.28046875,0.4174854174256325,0.596205797791481,0.03137257695198059,0.043537212535738945,0.7132339715957642,0.8175242930650711,0.008088585734367437,0.16632988750934596,nan,0.0,0.3046875,0.36882030000560917,0
15,80,5008,0.28448863636363636,2560,1.5524361252784729,0.4140625,0.8131569415330887,0.80782929956913,0.267578125,0.4230245500802994,0.5974282801151276,0.03137257695198059,0.04903048537671566,0.7257070034742356,0.8175242930650711,0.004367351531982422,0.16632988750934596,nan,0.0,nan,0.0,0
15,100,5028,0.28562499999999996,2560,1.5359522223472595,0.41484375,0.7987867027521134,0.8084259241819381,0.28828125,0.42802269458770753,0.5977066218852997,0.03137257695198059,0.050739068351686,0.7290349572896957,0.8131569415330887,0.01437023878097532,0.16632988750934596,nan,0.0,nan,0.0,0
15,120,5048,0.2867613636363636,2560,1.5575432479381561,0.40625,0.818403834104538,0.8130940943956375,0.28828125,0.4205531314015388,0.5897517025470733,0.03137257695198059,0.0492175754159689,0.723984706401825,0.8094357073307037,-0.008968126773834295,0.16632988750934596,nan,0.0,nan,0.0,0
15,140,5068,0.2878977272727273,2560,1.5778889179229736,0.402734375,0.8225223094224929,0.815295684337616,0.28359375,0.4297010213136673,0.6001490503549576,0.03137257695198059,0.0490823045372963,0.7265376061201095,0.8131569415330887,-0.00936536788940423,0.16632988750934596,nan,0.0,nan,0.0,0
15,160,5088,0.28903409090909093,2560,1.5353907644748688,0.41171875,0.8266080677509308,0.819251012802124,0.259765625,0.40152358263731003,0.5906260341405869,0.03137257695198059,0.0478022376075387,0.7218754887580872,0.8131569415330887,-0.013451126217842058,0.16632988750934596,nan,0.0,0.3125,0.3719201000058092,0
15,180,5108,0.29017045454545454,2560,1.5368968784809112,0.41015625,0.7992005914449691,0.8020688593387604,0.283984375,0.43265504091978074,0.5891926020383835,0.03137257695198059,0.0434242257848382,0.7104745924472808,0.818403834104538,0.019203242659568853,0.16632988750934596,nan,0.0,nan,0.0,0
15,200,5128,0.2913068181818182,2560,1.5408620893955232,0.419140625,0.8246953099966049,0.8152232021093369,0.27890625,0.4121129125356674,0.5944357752799988,0.03137257695198059,0.04321341440081596,0.7093345701694489,0.818403834104538,-0.006291475892066911,0.16632988750934596,nan,0.0,nan,0.0,0
15,220,5148,0.2924431818181818,2560,1.5722529530525207,0.3921875,0.790730458498001,0.8041703701019287,0.300390625,0.4197097733616829,0.592896169424057,0.03137257695198059,0.04427224826067686,0.71369708776474,0.8225223094224929,0.03179185092449188,0.16632988750934596,nan,0.0,nan,0.0,0
15,240,5168,0.29357954545454545,2560,1.5848873257637024,0.396875,0.8206153392791748,0.8232586115598679,0.264453125,0.40768048763275144,0.5951655238866806,0.03137257695198059,0.045198089070618154,0.7157884538173676,0.8225223094224929,0.0019069701433180875,0.16632988750934596,nan,0.0,nan,0.0,0
15,260,5188,0.2947159090909091,2560,1.5516241848468781,0.413671875,0.8044969886541367,0.8077060908079148,0.266015625,0.40959515124559404,0.5967141687870026,0.03137257695198059,0.04061512388288975,0.7050556838512421,0.8206153392791748,0.01611835062503819,0.16632988750934596,nan,0.0,0.328125,0.3701019999862183,0
15,280,5208,0.2958522727272727,2560,1.5465153694152831,0.408984375,0.8121346324682236,0.8099535882472992,0.2765625,0.42636682838201523,0.592650243639946,0.03137257695198059,0.049977493658661845,0.7248229831457138,0.8044969886541367,-0.007637643814086936,0.16632988750934596,nan,0.0,nan,0.0,0
15,300,5228,0.29698863636363637,2560,1.5520639955997466,0.422265625,0.8159547358751297,0.8116728663444519,0.25234375,0.40904235392808913,0.6008356928825378,0.03137257695198059,0.04875278435647488,0.7253770053386688,0.8121346324682236,-0.0038201034069060835,0.16632988750934596,nan,0.0,nan,0.0,0
15,320,5248,0.298125,2560,1.5786852061748504,0.409375,0.8082200169563294,0.8067868709564209,0.269140625,0.4128826931118965,0.591218838095665,0.03137257695198059,0.04728405512869358,0.7223512321710587,0.8121346324682236,0.003914615511894204,0.16632988750934596,nan,0.0,nan,0.0,0
15,340,5268,0.29926136363636363,2560,1.5317662596702575,0.419921875,0.828415322303772,0.8156157314777375,0.2703125,0.4167050510644913,0.5950842708349228,0.03137257695198059,0.04332604259252548,0.7135858505964279,0.8121346324682236,-0.016280689835548423,0.16632988750934596,nan,0.0,nan,0.0,0
15,352,5280,0.2999431818181818,1480,1.5776780070485295,0.4094594597816467,0.807608903420938,0.816255386455639,0.2736486494541168,0.4219999184479585,0.5919198429262316,0.03137257695198059,0.05174629569456384,0.7318405695863672,0.8121346324682236,0.004525729047285543,0.16632988750934596,nan,0.0,0.3125,0.3780001999984961,0
16,20,5300,0.2989204545454545,2560,1.5217239320278169,0.415234375,0.8018240392208099,0.8085336208343505,0.270703125,0.40690456330776215,0.5889260768890381,0.03137257695198059,0.042049418576061724,0.7094523936510087,0.8121346324682236,0.01031059324741368,0.16632988750934596,nan,0.0,nan,0.0,0
16,40,5320,0.2977840909090909,2560,1.5822221279144286,0.392578125,0.8185139566659927,0.8114573359489441,0.298046875,0.42636542618274687,0.5890218257904053,0.03137257695198059,0.05056421104818583,0.7282169371843338,0.8082200169563294,-0.010293939709663302,0.16632988750934596,nan,0.0,nan,0.0,0
16,60,5340,0.29664772727272726,2560,1.5508391201496123,0.416015625,0.8260405004024506,0.813225445151329,0.265234375,0.407014274597168,0.5953360468149185,0.03137257695198059,0.048040170408785346,0.7232401251792908,0.8082200169563294,-0.017820483446121194,0.16632988750934596,nan,0.0,nan,0.0,0
16,80,5360,0.29551136363636366,2560,1.565729820728302,0.411328125,0.7965518832206726,0.8032327204942703,0.287890625,0.43629913628101347,0.5967329859733581,0.03137257695198059,0.040637184865772724,0.7040056109428405,0.8185139566659927,0.021962073445320085,0.16632988750934596,nan,0.0,nan,0.0,0
16,100,5380,0.294375,2560,1.5836845874786376,0.401171875,0.8322150081396102,0.8248123377561569,0.265625,0.40229474008083344,0.5927293330430985,0.03137257695198059,0.043768047355115414,0.7129769027233124,0.807608903420938,-0.024606104718672195,0.16632988750934596,nan,0.0,0.2890625,0.37216800000169314,0
16,120,5400,0.2932386363636364,2560,1.5398320853710175,0.40546875,0.8110437631607056,0.8060625940561295,0.278125,0.42342741042375565,0.5946406275033951,0.03137257695198059,0.04166988506913185,0.7077310889959335,0.8185139566659927,0.007470193505287104,0.16632988750934596,nan,0.0,nan,0.0,0
16,140,5420,0.2921022727272727,2560,1.5530587136745453,0.413671875,0.8132259100675583,0.8117050379514694,0.257421875,0.41661256551742554,0.593318572640419,0.03137257695198059,0.04222192894667387,0.7094944506883621,0.8185139566659927,0.005288046598434404,0.16632988750934596,nan,0.0,nan,0.0,0
16,160,5440,0.2909659090909091,2560,1.5394029200077057,0.411328125,0.7991417497396469,0.8066141992807389,0.291015625,0.41336537152528763,0.5913495630025863,0.03137257695198059,0.04202272053807974,0.7082214504480362,0.8132259100675583,0.014084160327911377,0.16632988750934596,nan,0.0,nan,0.0,0
16,180,5460,0.2898295454545454,2560,1.5191568911075592,0.421484375,0.7827620029449462,0.793941143155098,0.275390625,0.42074143439531325,0.59114890396595,0.03137257695198059,0.04228969626128674,0.7096967220306396,0.8110437631607056,0.028281760215759344,0.16632988750934596,nan,0.0,nan,0.0,0
16,200,5480,0.2886931818181818,2560,1.5247410237789154,0.435546875,0.8047198563814163,0.8053912103176117,0.2609375,0.40719112902879717,0.5961977779865265,0.03137257695198059,0.04332903493195772,0.7139486908912659,0.8110437631607056,0.00632390677928929,0.16632988750934596,nan,0.0,0.3515625,0.3742142999835778,0
16,220,5500,0.28755681818181816,2560,1.5215396761894227,0.415234375,0.8138253867626191,0.8133670955896377,0.278125,0.42104109227657316,0.592377495765686,0.03137257695198059,0.048231192864477634,0.7223667085170746,0.8047198563814163,-0.009105530381202764,0.16632988750934596,nan,0.0,nan,0.0,0
16,240,5520,0.28642045454545456,2560,1.5415965795516968,0.41328125,0.8078090995550156,0.810526168346405,0.28046875,0.41280149668455124,0.5920004695653915,0.03137257695198059,0.04334331788122654,0.7099848806858062,0.8047198563814163,-0.0030892431735992654,0.16632988750934596,nan,0.0,nan,0.0,0
16,260,5540,0.2852840909090909,2560,1.5744196951389313,0.40703125,0.8208113193511963,0.819765368103981,0.273046875,0.4222428113222122,0.5971716821193696,0.03137257695198059,0.04853928443044424,0.72474807202816,0.8047198563814163,-0.016091462969780035,0.16632988750934596,nan,0.0,nan,0.0,0
16,280,5560,0.2841477272727273,2560,1.5601201474666595,0.398828125,0.8173584759235382,0.8132184565067291,0.272265625,0.40452350825071337,0.5977424860000611,0.03137257695198059,0.04587043318897486,0.719185397028923,0.8078090995550156,-0.0095493763685226,0.16632988750934596,nan,0.0,nan,0.0,0
16,300,5580,0.28301136363636364,2560,1.5673034846782685,0.41640625,0.8149500489234924,0.8130874812602997,0.27890625,0.4144640564918518,0.591620147228241,0.03137257695198059,0.043071594834327695,0.7133514165878296,0.8138253867626191,-0.0011246621608733687,0.16632988750934596,nan,0.0,0.3515625,0.37827300000935793,0
16,320,5600,0.28187500000000004,2560,1.5267817437648774,0.4203125,0.8076000928878784,0.8054443567991256,0.288671875,0.42917448133230207,0.5951272547245026,0.03137257695198059,0.042184860445559025,0.7103704005479813,0.8149500489234924,0.007349956035614058,0.16632988750934596,nan,0.0,nan,0.0,0
16,340,5620,0.28073863636363633,2560,1.5410307705402375,0.415234375,0.8088038086891174,0.8117714107036591,0.258984375,0.4301678717136383,0.5975081294775009,0.03137257695198059,0.043699520826339724,0.7115505278110504,0.8149500489234924,0.006146240234375044,0.16632988750934596,nan,0.0,nan,0.0,0
16,352,5632,0.2800568181818182,1480,1.5700580777348698,0.4006756751923948,0.8160152055121757,0.8195664525032044,0.2905405405405405,0.41979230674537454,0.5984071709014274,0.031372576770750255,0.044773691771803674,0.7151765224095937,0.8149500489234924,-0.0010651565886832248,0.16632988750934596,nan,0.0,nan,0.0,0
17,20,5652,0.2789204545454545,2560,1.5087740063667296,0.434375,0.8123456835746765,0.8131330102682114,0.27734375,0.41506144851446153,0.5932534724473953,0.03137257695198059,0.04585313368588686,0.7164611190557479,0.8149500489234924,0.002604365348815918,0.16632988750934596,nan,0.0,nan,0.0,0
17,40,5672,0.2777840909090909,2560,1.5218786776065827,0.412890625,0.7882421523332596,0.8001891016960144,0.274609375,0.43309360593557356,0.5870032161474228,0.03137257695198059,0.043126802518963815,0.7108571380376816,0.8123456835746765,0.024103531241416953,0.16632988750934596,nan,0.0,0.296875,0.3827115000167396,0
17,60,5692,0.27664772727272724,2560,1.5040548384189605,0.432421875,0.8003308832645416,0.8026572078466415,0.26796875,0.411612394452095,0.5973292261362075,0.03137257695198059,0.04363137986510992,0.714011949300766,0.8088038086891174,0.008472925424575783,0.16632988750934596,nan,0.0,nan,0.0,0
17,80,5712,0.27551136363636364,2560,1.5449874818325042,0.416796875,0.8156245410442352,0.8065713465213775,0.2671875,0.4214368000626564,0.5850774317979812,0.03137257695198059,0.04345035720616579,0.7123728543519974,0.8088038086891174,-0.00682073235511782,0.16632988750934596,nan,0.0,nan,0.0,0
17,100,5732,0.274375,2560,1.559345281124115,0.4046875,0.8268547296524048,0.8145983636379241,0.275390625,0.40386941134929655,0.5949366450309753,0.03137257695198059,0.04122408833354711,0.7057268232107162,0.8123456835746765,-0.014509046077728294,0.16632988750934596,nan,0.0,nan,0.0,0
17,120,5752,0.2732386363636364,2560,1.4870099902153016,0.4234375,0.7982857316732407,0.8034532099962235,0.28984375,0.43660213202238085,0.5905965358018875,0.03137257695198059,0.043909778259694575,0.7143419504165649,0.8123456835746765,0.01405995190143583,0.16632988750934596,nan,0.0,nan,0.0,0
17,140,5772,0.2721022727272727,2560,1.5029890060424804,0.42265625,0.8123038828372955,0.8098012536764145,0.26953125,0.41544112265110017,0.5962608575820922,0.03137257695198059,0.04312995169311762,0.7099227249622345,0.8003308832645416,-0.011972999572753884,0.16632988750934596,nan,0.0,0.3515625,0.369210100005148,0
17,160,5792,0.2709659090909091,2560,1.5282281339168549,0.4125,0.807968047261238,0.8051123470067978,0.276171875,0.41194635033607485,0.5905043452978134,0.03137257695198059,0.04311022032052279,0.7112845301628112,0.8123038828372955,0.004335835576057434,0.16632988750934596,nan,0.0,nan,0.0,0
17,180,5812,0.26982954545454546,2560,1.5512795090675353,0.40390625,0.8103599131107331,0.8069147914648056,0.283984375,0.4206909790635109,0.5966811031103134,0.03137257695198059,0.04435567390173674,0.7131143033504486,0.8123038828372955,0.0019439697265624112,0.16632988750934596,nan,0.0,nan,0.0,0
17,200,5832,0.26869318181818186,2560,1.535619866847992,0.4265625,0.8003791749477387,0.8038228571414947,0.284765625,0.4407655045390129,0.5927617609500885,0.03137257695198059,0.04225310254842043,0.7090910196304321,0.8103599131107331,0.009980738162994385,0.16632988750934596,nan,0.0,nan,0.0,0
17,220,5852,0.26755681818181815,2560,1.5355185568332672,0.41484375,0.8136364638805389,0.8055299371480942,0.2703125,0.4232309922575951,0.6015728086233139,0.03137257695198059,0.04540613945573568,0.7179200142621994,0.807968047261238,-0.005668416619300842,0.16632988750934596,nan,0.0,nan,0.0,0
17,240,5872,0.26642045454545454,2560,1.5195917725563048,0.423828125,0.8046371966600419,0.8060662806034088,0.249609375,0.4057174950838089,0.5870145350694657,0.03137257695198059,0.03944715354591608,0.700428819656372,0.8103599131107331,0.005722716450691223,0.16632988750934596,nan,0.0,0.3125,0.3725376999936998,0
17,260,5892,0.2652840909090909,2560,1.487620770931244,0.433984375,0.7981486231088638,0.8064209163188935,0.29453125,0.4187792241573334,0.5914693415164948,0.03137257695198059,0.0391339011490345,0.7010584682226181,0.807968047261238,0.009819424152374245,0.16632988750934596,nan,0.0,nan,0.0,0
17,280,5912,0.26414772727272723,2560,1.489657986164093,0.423046875,0.8017611891031265,0.8000337183475494,0.273046875,0.42921760529279707,0.5970665156841278,0.03137257695198059,0.04716301914304495,0.7189841836690902,0.8046371966600419,0.0028760075569153054,0.16632988750934596,nan,0.0,nan,0.0,0
17,300,5932,0.2630113636363636,2560,1.4987704634666443,0.433984375,0.7968658626079559,0.8018465906381607,0.26328125,0.42140677720308306,0.5927447259426117,0.03137257695198059,0.04300366565585136,0.7111817330121994,0.8017611891031265,0.00489532649517066,0.16632988750934596,nan,0.0,nan,0.0,0
17,320,5952,0.26187499999999997,2560,1.4960976481437682,0.430859375,0.7961362302303314,0.7992475062608719,0.28984375,0.4358298197388649,0.5974437922239304,0.03137257695198059,0.044730514474213126,0.7163385719060897,0.8017611891031265,0.005624958872795127,0.16632988750934596,nan,0.0,nan,0.0,0
17,340,5972,0.26073863636363637,2560,1.5348801791667939,0.4203125,0.8060189574956894,0.8045059472322464,0.2921875,0.427312009036541,0.588904333114624,0.03137257695198059,0.042896301671862605,0.7094097018241883,0.7981486231088638,-0.007870334386825606,0.16632988750934596,nan,0.0,0.3203125,0.37927909998688847,0
17,352,5984,0.2600568181818182,1480,1.508755676810806,0.43581081097190444,0.7917191843728761,0.7951484425647839,0.27432432448541794,0.4299853558475907,0.5983440431388649,0.03137257695198059,0.04211375520036027,0.7088417629937868,0.7981486231088638,0.006429438735987669,0.16632988750934596,nan,0.0,nan,0.0,0
18,20,6004,0.25892045454545454,2560,1.4847055554389954,0.44453125,0.803654545545578,0.8052786678075791,0.2546875,0.4109651044011116,0.5913550287485123,0.03137257695198059,0.042847476154565814,0.7125358909368515,0.7968658626079559,-0.006788682937622137,0.16632988750934596,nan,0.0,nan,0.0,0
18,40,6024,0.25778409090909093,2560,1.4878641426563264,0.434375,0.8055394440889359,0.803619784116745,0.267578125,0.43449069559574127,0.5883917659521103,0.03137257695198059,0.0426564984023571,0.7104151785373688,0.7968658626079559,-0.008673581480979964,0.16632988750934596,nan,0.0,nan,0.0,0
18,60,6044,0.2566477272727273,2560,1.5697973012924193,0.396484375,0.8152551352977753,0.8049189478158951,0.300390625,0.42481070309877395,0.5936233669519424,0.03137257695198059,0.03952104151248932,0.7016552537679672,0.803654545545578,-0.011600589752197243,0.16632988750934596,nan,0.0,nan,0.0,0
18,80,6064,0.2555113636363637,2560,1.4979842901229858,0.4375,0.8105838626623154,0.8142439723014832,0.2796875,0.41929127275943756,0.5906121790409088,0.03137257695198059,0.04718019347637892,0.721967151761055,0.8055394440889359,-0.005044418573379561,0.16632988750934596,nan,0.0,0.3359375,0.3767152999935206,0
18,100,6084,0.25437499999999996,2560,1.4762020707130432,0.432421875,0.789598748087883,0.7933592617511749,0.28359375,0.4361950471997261,0.5909081995487213,0.03137257695198059,0.043275588937103746,0.7127425879240036,0.8055394440889359,0.015940696001052856,0.16632988750934596,nan,0.0,nan,0.0,0
18,120,6104,0.25323863636363636,2560,1.5255879759788513,0.421875,0.8003065943717956,0.8071488857269287,0.270703125,0.4339193567633629,0.5911740869283676,0.03137257695198059,0.044902062602341176,0.7184822529554367,0.8055394440889359,0.00523284971714022,0.16632988750934596,nan,0.0,nan,0.0,0
18,140,6124,0.2521022727272727,2560,1.471267706155777,0.4328125,0.8085477381944657,0.8102050960063935,0.262109375,0.4064085990190506,0.5981624782085418,0.03137257695198059,0.045931358449161054,0.7196284532546997,0.8055394440889359,-0.0030082941055298296,0.16632988750934596,nan,0.0,nan,0.0,0
18,160,6144,0.2509659090909091,2560,1.460175448656082,0.441015625,0.7826547503471375,0.7944651514291763,0.266796875,0.43451090306043627,0.5901088953018189,0.03137257695198059,0.04272466637194157,0.7110312730073929,0.8085477381944657,0.025892987847328186,0.16632988750934596,nan,0.0,nan,0.0,0
18,180,6164,0.24982954545454544,2560,1.536095094680786,0.4125,0.803851044178009,0.8075051844120026,0.2859375,0.4214953497052193,0.5937081784009933,0.03137257695198059,0.049549983255565165,0.7272445738315583,0.8003065943717956,-0.003544449806213379,0.16632988750934596,nan,0.0,0.390625,0.3708475999883376,0
18,200,6184,0.24869318181818179,2560,1.4915455758571625,0.425390625,0.7974890291690826,0.7958894342184066,0.28671875,0.42057233303785324,0.5875215113162995,0.03137257695198059,0.042425389401614666,0.7106803566217422,0.8003065943717956,0.002817565202713035,0.16632988750934596,nan,0.0,nan,0.0,0
18,220,6204,0.24755681818181818,2560,1.5294154405593872,0.423828125,0.8035450726747513,0.8035017818212509,0.27265625,0.4348283365368843,0.5991175562143326,0.03137257695198059,0.04197970442473888,0.7092424511909485,0.8003065943717956,-0.0032384783029556496,0.16632988750934596,nan,0.0,nan,0.0,0
18,240,6224,0.2464204545454545,2560,1.5102300882339477,0.4296875,0.808761003613472,0.8051937311887741,0.275,0.43019723892211914,0.5926511347293854,0.03137257695198059,0.04340789075940847,0.710051515698433,0.8035450726747513,-0.0052159309387207475,0.16632988750934596,nan,0.0,nan,0.0,0
18,260,6244,0.2452840909090909,2560,1.5029354453086854,0.425,0.8079520165920258,0.8043410152196884,0.27734375,0.4238803967833519,0.5913439601659775,0.03137257695198059,0.04515587165951729,0.7169369250535965,0.8035450726747513,-0.004406943917274475,0.16632988750934596,nan,0.0,nan,0.0,0
18,280,6264,0.24414772727272724,2560,1.5033928513526917,0.42890625,0.7913729816675186,0.7927091151475907,0.2796875,0.4278989478945732,0.5928617089986801,0.03137257695198059,0.038619140163064,0.7002204060554504,0.803851044178009,0.01247806251049044,0.16632988750934596,nan,0.0,0.3203125,0.37784269999247044,0
18,300,6284,0.24301136363636364,2560,1.502559244632721,0.425390625,0.7926713049411773,0.7971164971590042,0.291796875,0.4484946817159653,0.5913627833127976,0.03137257695198059,0.04496972821652889,0.7154834926128387,0.8035450726747513,0.010873767733573958,0.16632988750934596,nan,0.0,nan,0.0,0
18,320,6304,0.24187499999999995,2560,1.5425988972187041,0.404296875,0.8179775148630142,0.8114671349525452,0.282421875,0.422272689640522,0.5819411128759384,0.03137257695198059,0.046636820398271085,0.7203172653913498,0.8035450726747513,-0.014432442188262895,0.16632988750934596,nan,0.0,nan,0.0,0
18,340,6324,0.24073863636363635,2560,1.511321634054184,0.4328125,0.7924742460250854,0.798074996471405,0.27109375,0.418384413421154,0.5969162166118622,0.03137257695198059,0.04526796545833349,0.7153127223253251,0.8079520165920258,0.01547777056694033,0.16632988750934596,nan,0.0,nan,0.0,0
18,352,6336,0.2400568181818182,1480,1.4733395499152107,0.43851351415788803,0.7669395959055102,0.7889543014603693,0.2932432436459773,0.4327343173929163,0.5871159924043191,0.03137257695198059,0.04295976866741438,0.7114593718502973,0.7926713049411773,0.025731709035667127,0.16632988750934596,nan,0.0,nan,0.0,0
19,20,6356,0.23892045454545452,2560,1.4736752927303314,0.44921875,0.7987736254930496,0.7994026362895965,0.27109375,0.4227687522768974,0.5960738092660904,0.03137257695198059,0.04249601643532515,0.7120585650205612,0.7924742460250854,-0.006299379467964217,0.16632988750934596,nan,0.0,0.3125,0.3742564999847673,0
19,40,6376,0.23778409090909092,2560,1.4744546592235566,0.43984375,0.8049448758363724,0.8034230709075928,0.267578125,0.4230558156967163,0.5911066919565201,0.03137257695198059,0.04539291355758905,0.7176323115825654,0.7926713049411773,-0.012273570895195096,0.16632988750934596,nan,0.0,nan,0.0,0
19,60,6396,0.23664772727272726,2560,1.4835549950599671,0.448046875,0.7943113714456558,0.799907061457634,0.272265625,0.4374766692519188,0.59765245616436,0.03137257695198059,0.03973653335124254,0.7037032634019852,0.7987736254930496,0.0044622540473938654,0.16632988750934596,nan,0.0,nan,0.0,0
19,80,6416,0.23551136363636366,2560,1.4664370715618134,0.45703125,0.8013415902853012,0.8011303156614303,0.262109375,0.4063125401735306,0.5919429957866669,0.03137257695198059,0.04256946165114641,0.7099487602710723,0.7943113714456558,-0.007030218839645386,0.16632988750934596,nan,0.0,nan,0.0,0
19,100,6436,0.234375,2560,1.4911264538764955,0.43203125,0.7924000889062881,0.7991033136844635,0.28515625,0.44255681037902833,0.5900380671024322,0.03137257695198059,0.044603285007178785,0.7146102488040924,0.7987736254930496,0.006373536586761541,0.16632988750934596,nan,0.0,nan,0.0,0
19,120,6456,0.23323863636363631,2560,1.5141413748264312,0.425390625,0.7982918560504914,0.7998263269662857,0.268359375,0.41779627501964567,0.5880558252334595,0.03137257695198059,0.04157663881778717,0.7067928671836853,0.7987736254930496,0.0004817694425582886,0.16632988750934596,nan,0.0,0.34375,0.37814639997668564,0
19,140,6476,0.2321022727272727,2560,1.4968007743358611,0.41953125,0.806742113828659,0.8030522793531418,0.28828125,0.4242831379175186,0.591557964682579,0.03137257695198059,0.040704553760588166,0.7063612043857574,0.7982918560504914,-0.008450257778167658,0.16632988750934596,nan,0.0,nan,0.0,0
19,160,6496,0.23096590909090906,2560,1.4326568365097045,0.45546875,0.7942167788743972,0.8003728449344635,0.272265625,0.42300559133291243,0.5925728023052216,0.03137257695198059,0.04317678436636925,0.7103356659412384,0.7982918560504914,0.004075077176094122,0.16632988750934596,nan,0.0,nan,0.0,0
19,180,6516,0.22982954545454545,2560,1.4806149065494538,0.437890625,0.7858552128076554,0.7986088037490845,0.274609375,0.44663661271333693,0.5963385432958603,0.03137257695198059,0.04449558649212122,0.7142130672931671,0.7982918560504914,0.012436643242835999,0.16632988750934596,nan,0.0,nan,0.0,0
19,200,6536,0.22869318181818177,2560,1.4749070584774018,0.43515625,0.793538498878479,0.8026954829692841,0.278125,0.4096930667757988,0.5963390588760376,0.03137257695198059,0.03953841719776392,0.7032028675079346,0.7942167788743972,0.0006782799959181851,0.16632988750934596,nan,0.0,nan,0.0,0
19,220,6556,0.22755681818181817,2560,1.4732945919036866,0.43203125,0.7967195302248001,0.7965510249137878,0.287109375,0.43780298680067065,0.5910977900028229,0.03137257695198059,0.0395844005048275,0.703574714064598,0.7942167788743972,-0.0025027513504028986,0.16632988750934596,nan,0.0,0.2578125,0.36952899998868816,0
19,240,6576,0.2264204545454545,2560,1.4580270886421203,0.45,0.7926272839307785,0.8001311182975769,0.26796875,0.42531183212995527,0.5954534113407135,0.03137257695198059,0.04521476346999407,0.7172076940536499,0.7942167788743972,0.0015894949436187078,0.16632988750934596,nan,0.0,nan,0.0,0
19,260,6596,0.2252840909090909,2560,1.4827786445617677,0.4328125,0.8050215512514114,0.8020590722560883,0.27421875,0.4349056869745255,0.5951914668083191,0.03137257695198059,0.04606360662728548,0.7188085883855819,0.793538498878479,-0.011483052372932345,0.16632988750934596,nan,0.0,nan,0.0,0
19,280,6616,0.22414772727272725,2560,1.482424610853195,0.437109375,0.7992132276296615,0.7973842829465866,0.26171875,0.430538971722126,0.5933552056550979,0.03137257695198059,0.045827596075832845,0.7173360854387283,0.793538498878479,-0.005674728751182467,0.16632988750934596,nan,0.0,nan,0.0,0
19,300,6636,0.22301136363636365,2560,1.4934478461742402,0.430859375,0.7953935921192169,0.8027950495481491,0.284375,0.4474517494440079,0.5945301294326782,0.03137257695198059,0.046559440158307555,0.7200315594673157,0.7967195302248001,0.0013259381055832353,0.16632988750934596,nan,0.0,nan,0.0,0
19,320,6656,0.22187499999999996,2560,1.470922327041626,0.441015625,0.7952736735343933,0.80234135389328,0.276953125,0.43660365641117094,0.5966430842876435,0.03137257695198059,0.04023702517151832,0.7057996690273285,0.7967195302248001,0.001445856690406866,0.16632988750934596,nan,0.0,0.3671875,0.37182890000985935,0
19,340,6676,0.22073863636363636,2560,1.4957151651382445,0.43671875,0.798580065369606,0.7995877802371979,0.2671875,0.4418980717658997,0.5975354731082916,0.03137257695198059,0.04349192455410957,0.7121927320957184,0.7953935921192169,-0.0031864732503891213,0.16632988750934596,nan,0.0,nan,0.0,0
19,352,6688,0.22005681818181821,1480,1.5380354501105644,0.41891891940219983,0.7983969073037843,0.8046182323146511,0.29797297361734754,0.433214351293203,0.5919889086001628,0.03137257695198059,0.04431110920535552,0.7156570743870091,0.798580065369606,0.00018315806582169802,0.16632988750934596,nan,0.0,nan,0.0,0
20,20,6708,0.21892045454545453,2560,1.4756400108337402,0.439453125,0.7912843137979507,0.7937024682760239,0.281640625,0.42306004613637926,0.5966363459825516,0.03137257695198059,0.04206882584840059,0.7102216690778732,0.7983969073037843,0.007112593505833598,0.16632988750934596,nan,0.0,nan,0.0,0
20,40,6728,0.21778409090909087,2560,1.4385918617248534,0.456640625,0.786075410246849,0.7960824519395828,0.27578125,0.4381895184516907,0.590027517080307,0.03137257695198059,0.04315873067826033,0.7118846595287323,0.7953935921192169,0.009318181872367881,0.16632988750934596,nan,0.0,nan,0.0,0
20,60,6748,0.21664772727272727,2560,1.4777020752429961,0.43515625,0.8012174814939499,0.8061110377311707,0.272265625,0.4355621963739395,0.5915181756019592,0.03137257695198059,0.04340498317033052,0.7146388113498687,0.7952736735343933,-0.005943807959556624,0.16632988750934596,nan,0.0,0.3359375,0.3668433999991976,0
20,80,6768,0.2155113636363636,2560,1.4774916887283325,0.437890625,0.7905290305614472,0.7943167567253113,0.27734375,0.433345527946949,0.5926185786724091,0.03137257695198059,0.0432954091578722,0.7111782491207123,0.7983969073037843,0.007867876742337132,0.16632988750934596,nan,0.0,nan,0.0,0
20,100,6788,0.214375,2560,1.4692967295646668,0.44375,0.7868092238903046,0.800489318370819,0.265234375,0.4380683764815331,0.5948454767465592,0.03137257695198059,0.041498178616166115,0.7068693578243256,0.7912843137979507,0.004475089907646113,0.16632988750934596,nan,0.0,nan,0.0,0
20,120,6808,0.21323863636363632,2560,1.4881546318531036,0.43671875,0.792834934592247,0.7966146022081375,0.265625,0.4286942884325981,0.5997378170490265,0.03137257695198059,0.04490565303713083,0.7147649675607681,0.7905290305614472,-0.002305904030799777,0.16632988750934596,nan,0.0,nan,0.0,0
20,140,6828,0.21210227272727272,2560,1.4911451399326325,0.43359375,0.8086802810430527,0.8012970238924026,0.277734375,0.42468277662992476,0.5960123866796494,0.03137257695198059,0.042122022993862626,0.7093447774648667,0.7905290305614472,-0.018151250481605485,0.16632988750934596,nan,0.0,nan,0.0,0
20,160,6848,0.21096590909090907,2560,1.4300848543643951,0.4484375,0.7964355826377869,0.7975306391716004,0.265234375,0.410398057103157,0.5983037561178207,0.03137257695198059,0.038200182095170024,0.6996316552162171,0.792834934592247,-0.0036006480455399448,0.16632988750934596,nan,0.0,0.3515625,0.36698859999887645,0
20,180,6868,0.20982954545454546,2560,1.4655191123485565,0.425,0.7805135905742645,0.7998789757490158,0.2921875,0.4482650697231293,0.592534777522087,0.03137257695198059,0.042578996159136295,0.7103103846311569,0.792834934592247,0.01232134401798246,0.16632988750934596,nan,0.0,nan,0.0,0
20,200,6888,0.20869318181818178,2560,1.4445795714855194,0.451953125,0.7812217772006989,0.791910445690155,0.274609375,0.4072188749909401,0.5887230098247528,0.03137257695198059,0.038825083430856465,0.6990751028060913,0.792834934592247,0.011613157391548112,0.16632988750934596,nan,0.0,nan,0.0,0
20,220,6908,0.20755681818181818,2560,1.407209050655365,0.47421875,0.7994854241609574,0.7998211115598679,0.263671875,0.4303451985120773,0.5940208613872529,0.03137257695198059,0.03865139130502939,0.7017865657806397,0.792834934592247,-0.006650489568710394,0.16632988750934596,nan,0.0,nan,0.0,0
20,240,6928,0.20642045454545452,2560,1.5044980108737946,0.421875,0.7887668460607529,0.7971798151731491,0.27890625,0.43013512492179873,0.5977253139019012,0.03137257695198059,0.03777825329452753,0.6967366576194763,0.7964355826377869,0.007668736577034041,0.16632988750934596,nan,0.0,nan,0.0,0
20,260,6948,0.20528409090909092,2560,1.4705788016319274,0.436328125,0.7849641174077988,0.7926307886838913,0.2859375,0.43529353439807894,0.588866063952446,0.03137257695198059,0.039439929835498336,0.7027922868728638,0.7887668460607529,0.003802728652954057,0.16632988750934596,nan,0.0,0.3515625,0.36886330001289025,0
20,280,6968,0.20414772727272726,2560,1.4435094535350799,0.441015625,0.7887264639139175,0.7974563866853714,0.30078125,0.4378885358572006,0.5916765987873077,0.03137257695198059,0.04281526766717434,0.7105456829071045,0.7849641174077988,-0.00376234650611873,0.16632988750934596,nan,0.0,nan,0.0,0
20,300,6988,0.20301136363636366,2560,1.454996919631958,0.44609375,0.7884149879217148,0.8012886255979538,0.2765625,0.4420484319329262,0.5934766352176666,0.03137257695198059,0.04356868602335453,0.7145013809204102,0.7887264639139175,0.0003114759922027144,0.16632988750934596,nan,0.0,nan,0.0,0
20,320,7008,0.20187499999999997,2560,1.4421213030815125,0.446875,0.7871675223112107,0.7967905879020691,0.2796875,0.4325070813298225,0.5892311275005341,0.03137257695198059,0.045084033720195295,0.7151555061340332,0.7887264639139175,0.0015589416027068648,0.16632988750934596,nan,0.0,nan,0.0,0
20,340,7028,0.20073863636363637,2560,1.4424192488193512,0.45234375,0.7751089215278626,0.796277892589569,0.2828125,0.42833309769630434,0.5928501307964325,0.03137257695198059,0.044401657022535804,0.7160960376262665,0.7884149879217148,0.013306066393852234,0.16632988750934596,nan,0.0,nan,0.0,0
20,352,7040,0.20005681818181814,1480,1.4650222456133044,0.44324324308214963,0.7723159074783326,0.793427367468138,0.28918918902809554,0.442043281245876,0.5977668949075647,0.03137257695198059,0.04299675137610049,0.7113623657742062,0.7871675223112107,0.014851614832878113,0.16632988750934596,nan,0.0,0.3359375,0.3780980999872554,0
21,20,7060,0.19892045454545454,2560,1.4669327795505525,0.4296875,0.8005055457353591,0.8043913632631302,0.287109375,0.424480302631855,0.5944103419780731,0.03137257695198059,0.04253729339689016,0.7113436847925186,0.7871675223112107,-0.01333802342414847,0.16632988750934596,nan,0.0,nan,0.0,0
21,40,7080,0.19778409090909088,2560,1.4667250692844391,0.440625,0.7911242544651031,0.7995784908533097,0.280859375,0.43613310903310776,0.5972629755735397,0.03137257695198059,0.038851532898843286,0.7026691824197769,0.7871675223112107,-0.003956732153892473,0.16632988750934596,nan,0.0,nan,0.0,0
21,60,7100,0.19664772727272728,2560,1.4523244798183441,0.45,0.7862955331802368,0.7926816582679749,0.28984375,0.4356104001402855,0.5869332820177078,0.03137257695198059,0.04065587781369686,0.7058562576770783,0.7871675223112107,0.0008719891309738603,0.16632988750934596,nan,0.0,nan,0.0,0
21,80,7120,0.1955113636363636,2560,1.4018546044826508,0.473828125,0.7678490936756134,0.7901114344596862,0.2578125,0.42983710020780563,0.5971941828727723,0.03137257695198059,0.041017898544669154,0.7080377519130707,0.7862955331802368,0.018446439504623435,0.16632988750934596,nan,0.0,nan,0.0,0
21,100,7140,0.194375,2560,1.4386632144451141,0.4546875,0.7803900450468063,0.7955354243516922,0.26953125,0.449194410443306,0.599177572131157,0.03137257695198059,0.039174912683665755,0.7041856408119201,0.7862955331802368,0.005905488133430503,0.16632988750934596,nan,0.0,0.3359375,0.37739399998099543,0
21,120,7160,0.19323863636363633,2560,1.390113925933838,0.46875,0.7794996976852417,0.7887109398841858,0.275,0.43717124313116074,0.5961195826530457,0.03137257695198059,0.03934360239654779,0.7032658249139786,0.7862955331802368,0.006795835494995073,0.16632988750934596,nan,0.0,nan,0.0,0
21,140,7180,0.19210227272727273,2560,1.4540294349193572,0.44609375,0.7891108363866806,0.7987718105316162,0.27265625,0.4415072053670883,0.5897601008415222,0.03137257695198059,0.039775991998612883,0.7014659762382507,0.7803900450468063,-0.008720791339874245,0.16632988750934596,nan,0.0,nan,0.0,0
21,160,7200,0.19096590909090908,2560,1.4416270315647126,0.45234375,0.7798177510499954,0.7881097376346589,0.287890625,0.4292332589626312,0.5940613061189651,0.03137257695198059,0.03938212022185326,0.7012756317853928,0.7803900450468063,0.0005722939968109131,0.16632988750934596,nan,0.0,nan,0.0,0
21,180,7220,0.18982954545454547,2560,1.426544201374054,0.4515625,0.7864105612039566,0.7943724572658539,0.2890625,0.4465899705886841,0.5970361322164536,0.03137257695198059,0.038337174244225024,0.6986692309379577,0.7798177510499954,-0.006592810153961182,0.16632988750934596,nan,0.0,nan,0.0,0
21,200,7240,0.1886931818181818,2560,1.4112286388874054,0.457421875,0.7616402328014373,0.7771709591150284,0.2765625,0.43968317806720736,0.5914653956890106,0.03137257695198059,0.0429328290745616,0.7123500287532807,0.7803900450468063,0.01874981224536898,0.16632988750934596,nan,0.0,0.359375,0.3717373000108637,0
21,220,7260,0.18755681818181819,2560,1.452351438999176,0.458984375,0.7801301091909408,0.7928763210773468,0.282421875,0.44515780806541444,0.5940846979618073,0.03137257695198059,0.0418819097802043,0.7094210475683213,0.7798177510499954,-0.00031235814094543457,0.16632988750934596,nan,0.0,nan,0.0,0
21,240,7280,0.18642045454545453,2560,1.405293357372284,0.455859375,0.7794647485017776,0.791170397400856,0.278515625,0.43494349122047427,0.5918361872434617,0.03137257695198059,0.04242138266563415,0.7114353865385056,0.7801301091909408,0.0006653606891632302,0.16632988750934596,nan,0.0,nan,0.0,0
21,260,7300,0.18528409090909093,2560,1.3965674340724945,0.465234375,0.7823334783315659,0.7917876094579697,0.275390625,0.4393210351467133,0.5952834099531173,0.03137257695198059,0.03922351561486721,0.7018789291381836,0.7798177510499954,-0.0025157272815704568,0.16632988750934596,nan,0.0,nan,0.0,0
21,280,7320,0.18414772727272724,2560,1.3829691469669343,0.4734375,0.7701611459255219,0.7828328639268876,0.26953125,0.42469472587108614,0.5916835993528367,0.03137257695198059,0.04085981585085392,0.7049340188503266,0.7801301091909408,0.009968963265418962,0.16632988750934596,nan,0.0,nan,0.0,0
21,300,7340,0.18301136363636364,2560,1.4481215834617616,0.436328125,0.7695071130990982,0.7928767025470733,0.287890625,0.4477501317858696,0.5893061518669128,0.03137257695198059,0.04058432132005692,0.7065800905227662,0.7794647485017776,0.009957635402679355,0.16632988750934596,nan,0.0,0.3515625,0.36930620000930503,0
21,320,7360,0.18187499999999998,2560,1.4136989533901214,0.45625,0.7772564798593521,0.7934284418821335,0.27734375,0.4286826729774475,0.5920133173465729,0.03137257695198059,0.0415040722116828,0.7086466163396835,0.7794647485017776,0.002208268642425515,0.16632988750934596,nan,0.0,nan,0.0,0
21,340,7380,0.18073863636363638,2560,1.3819902956485748,0.471875,0.7777803510427475,0.7889999568462371,0.28203125,0.43976422399282455,0.5917944729328155,0.03137257695198059,0.042407242394983766,0.7104849308729172,0.7772564798593521,-0.0005238711833953635,0.16632988750934596,nan,0.0,nan,0.0,0
21,352,7392,0.18005681818181815,1480,1.4272132950860101,0.43783783848221236,0.7619883366533228,0.7840717180355176,0.2837837844281583,0.4542463381548186,0.5891687522063385,0.03137257695198059,0.03838470050612011,0.6995561599731446,0.7772564798593521,0.015268143206029317,0.16632988750934596,nan,0.0,nan,0.0,0
22,20,7412,0.17892045454545455,2560,1.4176895678043366,0.4484375,0.7629161953926087,0.791116225719452,0.28359375,0.43398541063070295,0.5964892268180847,0.03137257695198059,0.04142205789685249,0.7089733630418777,0.7701611459255219,0.007244950532913186,0.16632988750934596,nan,0.0,nan,0.0,0
22,40,7432,0.1777840909090909,2560,1.4407774746417998,0.441015625,0.7779881119728088,0.7916754603385925,0.284375,0.43845715224742887,0.5916094690561294,0.03137257695198059,0.039614979177713394,0.7035926699638366,0.7695071130990982,-0.008480998873710566,0.16632988750934596,nan,0.0,0.3359375,0.3824906999943778,0
22,60,7452,0.1766477272727273,2560,1.3916149318218232,0.453515625,0.7696500897407532,0.7874758571386338,0.305078125,0.44415461719036103,0.5954777002334595,0.03137257695198059,0.04079487938433886,0.7059828132390976,0.7772564798593521,0.007606390118598871,0.16632988750934596,nan,0.0,nan,0.0,0
22,80,7472,0.1755113636363636,2560,1.4200820922851562,0.465234375,0.7729615896940232,0.7857410550117493,0.255859375,0.444813546538353,0.5972269892692565,0.03137257695198059,0.03899640031158924,0.7010188490152359,0.7696500897407532,-0.0033114999532699585,0.16632988750934596,nan,0.0,nan,0.0,0
22,100,7492,0.174375,2560,1.4168723702430726,0.45625,0.7795199066400528,0.7880898952484131,0.29296875,0.4453542694449425,0.5831156581640243,0.03137257695198059,0.03877126257866621,0.7033704400062561,0.7696500897407532,-0.009869816899299555,0.16632988750934596,nan,0.0,nan,0.0,0
22,120,7512,0.17323863636363634,2560,1.385266661643982,0.474609375,0.7592839747667313,0.7874890893697739,0.275390625,0.44594537615776064,0.5960900783538818,0.03137257695198059,0.037092475779354574,0.6976005613803864,0.7729615896940232,0.013677614927291915,0.16632988750934596,nan,0.0,nan,0.0,0
22,140,7532,0.17210227272727274,2560,1.3965801179409028,0.46640625,0.7699167400598526,0.7849702388048172,0.26484375,0.4351210087537766,0.586454913020134,0.03137257695198059,0.04153763782233,0.7092387318611145,0.7729615896940232,0.003044849634170621,0.16632988750934596,nan,0.0,0.359375,0.36909059999743477,0
22,160,7552,0.17096590909090906,2560,1.420984137058258,0.46015625,0.7848778873682022,0.7950860530138015,0.2703125,0.4463432714343071,0.5969435572624207,0.03137257695198059,0.03890140876173973,0.7010871678590774,0.7699167400598526,-0.014961147308349632,0.16632988750934596,nan,0.0,nan,0.0,0
22,180,7572,0.16982954545454546,2560,1.3958467245101929,0.464453125,0.7751523673534393,0.7935299128293991,0.26953125,0.4199004501104355,0.5934724360704422,0.03137257695198059,0.03902821689844131,0.7018047034740448,0.7729615896940232,-0.00219077765941611,0.16632988750934596,nan,0.0,nan,0.0,0
22,200,7592,0.1686931818181818,2560,1.3890673458576202,0.46484375,0.7622465342283249,0.7795054286718368,0.291796875,0.43890983760356905,0.5871661067008972,0.03137257695198059,0.03906494714319706,0.7020795196294785,0.7751523673534393,0.012905833125114397,0.16632988750934596,nan,0.0,nan,0.0,0
22,220,7612,0.1675568181818182,2560,1.4060307443141937,0.465625,0.769010704755783,0.7884054988622665,0.271484375,0.4382953256368637,0.5913704037666321,0.03137257695198059,0.037946054711937904,0.6998881012201309,0.7699167400598526,0.000906035304069519,0.16632988750934596,nan,0.0,nan,0.0,0
22,240,7632,0.16642045454545454,2560,1.382900643348694,0.465234375,0.7690096914768219,0.7854572474956513,0.28046875,0.4296319931745529,0.5855343043804169,0.03137257695198059,0.03890119325369597,0.7019601672887802,0.7699167400598526,0.0009070485830307007,0.16632988750934596,nan,0.0,0.3828125,0.3678566000016872,0
22,260,7652,0.16528409090909094,2560,1.4142118394374847,0.457421875,0.763130110502243,0.786352813243866,0.2859375,0.4552620455622673,0.5892358362674713,0.03137257695198059,0.038958764635026455,0.6999893099069595,0.769010704755783,0.005880594253540039,0.16632988750934596,nan,0.0,nan,0.0,0
22,280,7672,0.16414772727272725,2560,1.3790456831455231,0.471875,0.7772152572870255,0.7909101009368896,0.272265625,0.42366613298654554,0.5884960412979126,0.03137257695198059,0.03781164810061455,0.6978673875331879,0.7690096914768219,-0.008205565810203597,0.16632988750934596,nan,0.0,nan,0.0,0
22,300,7692,0.16301136363636365,2560,1.3759501039981843,0.465625,0.7587980568408966,0.7845990687608719,0.293359375,0.44601546227931976,0.5945741146802902,0.03137257695198059,0.037646728567779064,0.6978298932313919,0.7690096914768219,0.010211634635925226,0.16632988750934596,nan,0.0,nan,0.0,0
22,320,7712,0.161875,2560,1.4195380687713623,0.453515625,0.7677937090396881,0.7865013390779495,0.275,0.44912444353103637,0.5895227074623108,0.03137257695198059,0.042428239807486536,0.7127372354269028,0.7690096914768219,0.0012159824371337224,0.16632988750934596,nan,0.0,nan,0.0,0
22,340,7732,0.1607386363636364,2560,1.4017941296100616,0.462109375,0.7689481228590012,0.7910368740558624,0.28046875,0.4448199987411499,0.5946473568677902,0.03137257695198059,0.04064202345907688,0.7068399608135223,0.7677937090396881,-0.0011544138193130271,0.16632988750934596,nan,0.0,0.3125,0.3728396999940742,0
22,352,7744,0.16005681818181816,1480,1.4605891640121873,0.4418918923751728,0.7925881479237531,0.7940685027354473,0.2797297294880893,0.45549663305282595,0.5884116955705592,0.03137257695198059,0.04292327977112822,0.7102295749896281,0.7677937090396881,-0.024794438884064962,0.16632988750934596,nan,0.0,nan,0.0,0
23,20,7764,0.15892045454545456,2560,1.3841225504875183,0.459765625,0.7747924745082855,0.7888323664665222,0.28828125,0.43210976123809813,0.5919806331396102,0.03137257695198059,0.04022935014218092,0.7053281217813492,0.7689481228590012,-0.005844351649284318,0.16632988750934596,nan,0.0,nan,0.0,0
23,40,7784,0.15778409090909087,2560,1.3443367779254913,0.4875,0.7516333907842636,0.7805765956640244,0.278515625,0.4527240738272667,0.5923894375562668,0.03137257695198059,0.039618482999503615,0.703110295534134,0.7689481228590012,0.01731473207473755,0.16632988750934596,nan,0.0,nan,0.0,0
23,60,7804,0.15664772727272727,2560,1.4220656752586365,0.459765625,0.7807304441928864,0.7930481135845184,0.2796875,0.4364461362361908,0.600885409116745,0.03137257695198059,0.03945653885602951,0.7031104445457459,0.7689481228590012,-0.011782321333885237,0.16632988750934596,nan,0.0,nan,0.0,0
23,80,7824,0.15551136363636361,2560,1.3567602992057801,0.48515625,0.757923024892807,0.7807322382926941,0.265625,0.44050825387239456,0.5964091151952744,0.03137257695198059,0.04024401623755693,0.7049785882234574,0.7747924745082855,0.016869449615478427,0.16632988750934596,nan,0.0,0.3125,0.36909739999100566,0
23,100,7844,0.154375,2560,1.3640815794467926,0.475390625,0.7607229202985764,0.7808747857809066,0.285546875,0.454054069519043,0.5910324335098267,0.03137257695198059,0.038487296737730506,0.6985666275024414,0.7747924745082855,0.014069554209709123,0.16632988750934596,nan,0.0,nan,0.0,0
23,120,7864,0.15323863636363635,2560,1.3725517213344574,0.478515625,0.7643023192882538,0.7876495510339737,0.28359375,0.45286055505275724,0.5937332332134246,0.03137257695198059,0.03983623944222927,0.7038665890693665,0.7607229202985764,-0.003579398989677407,0.16632988750934596,nan,0.0,nan,0.0,0
23,140,7884,0.15210227272727275,2560,1.3813470363616944,0.465625,0.7568167269229888,0.7852347195148468,0.28359375,0.44923853874206543,0.5911368191242218,0.03137257695198059,0.040349418111145494,0.7059061199426651,0.7607229202985764,0.003906193375587508,0.16632988750934596,nan,0.0,nan,0.0,0
23,160,7904,0.15096590909090907,2560,1.3942858457565308,0.47890625,0.7729192733764648,0.7874188959598541,0.25390625,0.4180884674191475,0.5896375209093094,0.03137257695198059,0.035902750492095944,0.6924671113491059,0.7607229202985764,-0.012196353077888467,0.16632988750934596,nan,0.0,nan,0.0,0
23,180,7924,0.14982954545454547,2560,1.3821009159088136,0.46640625,0.7667353421449661,0.7836462914943695,0.283984375,0.4412162646651268,0.592768880724907,0.03137257695198059,0.03795975744724274,0.699194785952568,0.7607229202985764,-0.006012421846389726,0.16632988750934596,nan,0.0,0.375,0.3676765999989584,0
23,200,7944,0.1486931818181818,2560,1.387851506471634,0.46953125,0.7581249862909317,0.7784724146127701,0.28828125,0.4516660839319229,0.5915396541357041,0.03137257695198059,0.03883480168879032,0.701146537065506,0.7643023192882538,0.006177332997322038,0.16632988750934596,nan,0.0,nan,0.0,0
23,220,7964,0.1475568181818182,2560,1.4052376866340637,0.465625,0.768256738781929,0.7886324733495712,0.272265625,0.44713103771209717,0.5997697353363037,0.03137257695198059,0.039009143598377705,0.7025182187557221,0.7643023192882538,-0.003954419493675254,0.16632988750934596,nan,0.0,nan,0.0,0
23,240,7984,0.14642045454545452,2560,1.366255408525467,0.483984375,0.7568058013916016,0.7840905725955963,0.27578125,0.4397657230496407,0.5883562922477722,0.03137257695198059,0.038573664613068104,0.7014783203601838,0.7667353421449661,0.009929540753364496,0.16632988750934596,nan,0.0,nan,0.0,0
23,260,8004,0.14528409090909092,2560,1.390705007314682,0.471875,0.7654536545276642,0.7889190822839737,0.28203125,0.4583317592740059,0.5891864955425262,0.03137257695198059,0.04000124726444483,0.7058405846357345,0.7667353421449661,0.001281687617301852,0.16632988750934596,nan,0.0,nan,0.0,0
23,280,8024,0.14414772727272726,2560,1.3803089380264282,0.467578125,0.7599449962377548,0.7787702083587646,0.28671875,0.44457852095365524,0.5825727015733719,0.03137257695198059,0.03710904940962791,0.6955302983522416,0.7654536545276642,0.005508658289909429,0.16632988750934596,nan,0.0,0.3515625,0.3710467999917455,0
23,300,8044,0.14301136363636366,2560,1.3682316422462464,0.479296875,0.7698244720697403,0.7852592647075654,0.2796875,0.43151328414678575,0.5946071773767472,0.03137257695198059,0.04005075842142105,0.7041115611791611,0.7599449962377548,-0.009879475831985451,0.16632988750934596,nan,0.0,nan,0.0,0
23,320,8064,0.141875,2560,1.3670800387859345,0.4703125,0.7594339221715927,0.7838726222515107,0.284375,0.43758677691221237,0.5877472132444381,0.03137257695198059,0.03522610319778323,0.6903358101844788,0.7654536545276642,0.006019732356071561,0.16632988750934596,nan,0.0,nan,0.0,0
23,340,8084,0.1407386363636364,2560,1.3455418527126313,0.48046875,0.756521126627922,0.7872640132904053,0.268359375,0.4324635684490204,0.5868896663188934,0.03137257695198059,0.03601333014667034,0.6927495032548905,0.7599449962377548,0.0034238696098327637,0.16632988750934596,nan,0.0,nan,0.0,0
23,352,8096,0.14005681818181817,1480,1.4181617769035133,0.4655405413460087,0.7559693255939999,0.7759572203094894,0.2891891893502828,0.4748160827804256,0.5904818267435641,0.03137257695198059,0.03710324087658444,0.6967863434069865,0.7599449962377548,0.003975670643754925,0.16632988750934596,nan,0.0,nan,0.0,0
24,20,8116,0.13892045454545457,2560,1.3276766896247865,0.494921875,0.7723191738128662,0.7871800869703293,0.270703125,0.42073047906160355,0.5924296259880066,0.03137257695198059,0.03763625342398882,0.6988818347454071,0.7594339221715927,-0.01288525164127352,0.16632988750934596,nan,0.0,0.4140625,0.37098460001288913,0
24,40,8136,0.13778409090909088,2560,1.3432098567485808,0.474609375,0.7459430783987046,0.7795700281858444,0.300390625,0.466125625371933,0.5883646816015243,0.03137257695198059,0.03554681232199073,0.6932491064071655,0.7594339221715927,0.013490843772888117,0.16632988750934596,nan,0.0,nan,0.0,0
24,60,8156,0.13664772727272728,2560,1.3557130694389343,0.49140625,0.7713790148496628,0.7856587946414948,0.26015625,0.42737364768981934,0.5870135217905045,0.03137257695198059,0.03622054308652878,0.692371878027916,0.756521126627922,-0.014857888221740723,0.16632988750934596,nan,0.0,nan,0.0,0
24,80,8176,0.13551136363636362,2560,1.346814852952957,0.48125,0.7437041312456131,0.7693799585103989,0.280078125,0.45261636525392535,0.5882759273052216,0.03137257695198059,0.040480643324553964,0.705476525425911,0.756521126627922,0.01281699538230896,0.16632988750934596,nan,0.0,nan,0.0,0
24,100,8196,0.13437500000000002,2560,1.3978550136089325,0.46015625,0.7526593893766403,0.7816325068473816,0.276953125,0.45715304315090177,0.5989503473043442,0.03137257695198059,0.03829600438475609,0.7009433299303055,0.7559693255939999,0.0033099362173595326,0.16632988750934596,nan,0.0,nan,0.0,0
24,120,8216,0.13323863636363634,2560,1.3519160866737365,0.48203125,0.7623428732156754,0.7857122033834457,0.277734375,0.4394992902874947,0.597153240442276,0.03137257695198059,0.03700253237038851,0.6956464439630509,0.7526593893766403,-0.009683483839035056,0.16632988750934596,nan,0.0,0.3125,0.3712631000089459,0
24,140,8236,0.13210227272727273,2560,1.359108304977417,0.473046875,0.7610148280858994,0.7837706476449966,0.284765625,0.4544347360730171,0.5927271753549576,0.03137257695198059,0.03915332965552807,0.7003712296485901,0.7526593893766403,-0.008355438709259033,0.16632988750934596,nan,0.0,nan,0.0,0
24,160,8256,0.13096590909090908,2560,1.37210453748703,0.470703125,0.7610850691795349,0.779737365245819,0.27890625,0.43548460602760314,0.5904963433742523,0.03137257695198059,0.03719078171998262,0.6981925964355469,0.7610148280858994,-7.024109363551467e-05,0.16632988750934596,nan,0.0,nan,0.0,0
24,180,8276,0.12982954545454548,2560,1.3703430235385894,0.47890625,0.7592536032199859,0.7817241787910462,0.273046875,0.4343012496829033,0.5898179560899734,0.03137257695198059,0.036626577749848364,0.695211872458458,0.7610148280858994,0.0017612248659134577,0.16632988750934596,nan,0.0,nan,0.0,0
24,200,8296,0.12869318181818182,2560,1.3119988322257996,0.5015625,0.7545588910579681,0.7807000637054443,0.284765625,0.4446292743086815,0.5924662441015244,0.03137257695198059,0.03963687866926193,0.7023622125387192,0.7610148280858994,0.006455937027931236,0.16632988750934596,nan,0.0,nan,0.0,0
24,220,8316,0.12755681818181822,2560,1.366999226808548,0.463671875,0.7641814440488816,0.7807149410247802,0.29453125,0.44517654925584793,0.5976515591144562,0.03137257695198059,0.0388028409332037,0.7025184690952301,0.7610148280858994,-0.0031666159629821777,0.16632988750934596,nan,0.0,0.3671875,0.37006230000406504,0
24,240,8336,0.12642045454545453,2560,1.3833623230457306,0.477734375,0.7699583351612092,0.7867716640233994,0.262890625,0.43732825815677645,0.5937323421239853,0.03137257695198059,0.037447008304297924,0.6980074912309646,0.7610148280858994,-0.008943507075309776,0.16632988750934596,nan,0.0,nan,0.0,0
24,260,8356,0.12528409090909093,2560,1.3446084678173065,0.46953125,0.753791531920433,0.7785054683685303,0.30859375,0.45552344173192977,0.5865446925163269,0.03137257695198059,0.03900048919022083,0.7027549326419831,0.7610850691795349,0.007293537259101868,0.16632988750934596,nan,0.0,nan,0.0,0
24,280,8376,0.12414772727272727,2560,1.3285425364971162,0.48828125,0.7534051597118377,0.784091591835022,0.27734375,0.4452965512871742,0.5957314997911454,0.03137257695198059,0.03719126218929887,0.6960377812385559,0.7592536032199859,0.005848443508148171,0.16632988750934596,nan,0.0,nan,0.0,0
24,300,8396,0.12301136363636367,2560,1.333023977279663,0.478125,0.7484988421201706,0.7758472681045532,0.282421875,0.44350996017456057,0.59356869161129,0.03137257695198059,0.03621258046478033,0.6956555247306824,0.7545588910579681,0.006060048937797546,0.16632988750934596,nan,0.0,nan,0.0,0
24,320,8416,0.121875,2560,1.3404325067996978,0.498046875,0.746936896443367,0.7675380915403366,0.2875,0.4690034404397011,0.591443657875061,0.03137257695198059,0.0384970935061574,0.7021060675382614,0.753791531920433,0.006854635477065996,0.16632988750934596,nan,0.0,0.4296875,0.36980169999878854,0
24,340,8436,0.12073863636363633,2560,1.325521183013916,0.4875,0.7397799819707871,0.7745194971561432,0.26484375,0.4362364187836647,0.5915989071130753,0.03137257695198059,0.037647857517004016,0.6978165507316589,0.7534051597118377,0.013625177741050654,0.16632988750934596,nan,0.0,nan,0.0,0
24,352,8448,0.12005681818181817,1480,1.333219073914193,0.4851351346518542,0.7404152177475595,0.7728326710494788,0.23648648664758012,0.4298853229832005,0.6052952331465644,0.03137257695198059,0.04130488666328224,0.7084304706470387,0.7484988421201706,0.00808362437261112,0.16632988750934596,nan,0.0,nan,0.0,0
25,20,8468,0.11892045454545457,2560,1.3123885333538055,0.484375,0.7557656764984131,0.7776224970817566,0.287890625,0.4372753709554672,0.5860817193984985,0.03137257695198059,0.038236702978610995,0.6992815673351288,0.746936896443367,-0.00882878005504606,0.16632988750934596,nan,0.0,nan,0.0,0
25,40,8488,0.1177840909090909,2560,1.2636097192764282,0.50546875,0.7464603066444397,0.7729576349258422,0.29609375,0.44994505047798156,0.5927711725234985,0.03137257695198059,0.035620633605867626,0.6935361206531525,0.746936896443367,0.0004765897989272849,0.16632988750934596,nan,0.0,nan,0.0,0
25,60,8508,0.11664772727272729,2560,1.3089208900928497,0.498046875,0.7501410186290741,0.7758561551570893,0.26484375,0.4607424706220627,0.5916059046983719,0.03137257695198059,0.03712896686047316,0.6965477347373963,0.7464603066444397,-0.003680711984634377,0.16632988750934596,nan,0.0,0.3515625,0.37001880002208054,0
25,80,8528,0.11551136363636362,2560,1.3058833360671998,0.5015625,0.7395525962114334,0.766030901670456,0.268359375,0.4305130153894424,0.5993039667606354,0.03137257695198059,0.03686685133725405,0.6944214254617691,0.7464603066444397,0.006907710433006309,0.16632988750934596,nan,0.0,nan,0.0,0
25,100,8548,0.11437500000000002,2560,1.2961693286895752,0.498828125,0.7482910841703415,0.7766817927360534,0.294140625,0.45692831724882127,0.589296868443489,0.03137257695198059,0.036405287496745584,0.6960717380046845,0.7464603066444397,-0.0018307775259017722,0.16632988750934596,nan,0.0,nan,0.0,0
25,120,8568,0.11323863636363635,2560,1.3378942370414735,0.485546875,0.7511798292398453,0.7776228785514832,0.278125,0.4491236388683319,0.5872496485710144,0.03137257695198059,0.03519656406715512,0.6900501132011414,0.7482910841703415,-0.002888745069503762,0.16632988750934596,nan,0.0,nan,0.0,0
25,140,8588,0.11210227272727276,2560,1.292771476507187,0.50625,0.7349383860826493,0.7719791561365128,0.273046875,0.4384333863854408,0.5964603632688522,0.03137257695198059,0.03435958232730627,0.6893918097019196,0.7482910841703415,0.013352698087692239,0.16632988750934596,nan,0.0,nan,0.0,0
25,160,8608,0.11096590909090909,2560,1.3242586076259613,0.5140625,0.7465919196605683,0.7762386530637742,0.259375,0.46238069981336594,0.5873576015233993,0.03137257695198059,0.03679217845201492,0.6966058105230332,0.7482910841703415,0.0016991645097732544,0.16632988750934596,nan,0.0,0.3671875,0.3693916999909561,0
25,180,8628,0.10982954545454549,2560,1.3351466655731201,0.48828125,0.7517208695411682,0.7797558009624481,0.279296875,0.4628178432583809,0.5888063013553619,0.03137257695198059,0.036829809099435805,0.6951799720525742,0.7465919196605683,-0.005128949880599976,0.16632988750934596,nan,0.0,nan,0.0,0
25,200,8648,0.10869318181818181,2560,1.3326608657836914,0.498046875,0.7539982825517655,0.7744728267192841,0.255078125,0.4451161429286003,0.5893127620220184,0.03137257695198059,0.035699092969298366,0.6931129813194274,0.7482910841703415,-0.005707198381423972,0.16632988750934596,nan,0.0,nan,0.0,0
25,220,8668,0.10755681818181821,2560,1.3156657934188842,0.4859375,0.7490605473518371,0.7756216853857041,0.287109375,0.4422940969467163,0.5871808558702469,0.03137257695198059,0.03922896981239319,0.7035054087638855,0.7511798292398453,0.00211928188800814,0.16632988750934596,nan,0.0,nan,0.0,0
25,240,8688,0.10642045454545454,2560,1.2701924264431,0.49609375,0.7359270542860031,0.7700392603874207,0.2828125,0.43499924540519713,0.5862246453762054,0.03137257695198059,0.03511546477675438,0.6893686205148697,0.7490605473518371,0.013133493065834001,0.16632988750934596,nan,0.0,nan,0.0,0
25,260,8708,0.10528409090909087,2560,1.338768881559372,0.49609375,0.7351241827011108,0.7747590571641922,0.274609375,0.45109894424676894,0.5936976373195648,0.03137257695198059,0.032839281018823385,0.6833490759134293,0.7490605473518371,0.01393636465072634,0.16632988750934596,nan,0.0,0.3203125,0.3699237999971956,0
25,280,8728,0.10414772727272727,2560,1.3045323550701142,0.496484375,0.752452227473259,0.7721777766942978,0.279296875,0.44351077526807786,0.5823880702257156,0.03137257695198059,0.03568724934011698,0.6915489464998246,0.7490605473518371,-0.0033916801214218806,0.16632988750934596,nan,0.0,nan,0.0,0
25,300,8748,0.10301136363636361,2560,1.3203958094120025,0.496484375,0.7271308660507202,0.7700850367546082,0.289453125,0.46435241103172303,0.5992843836545945,0.03137257695198059,0.036359889805316924,0.6940775424242019,0.7490605473518371,0.021929681301116943,0.16632988750934596,nan,0.0,nan,0.0,0
25,320,8768,0.10187500000000001,2560,1.3335274815559388,0.4953125,0.7505281329154968,0.7748326808214188,0.264453125,0.44336091727018356,0.5898924767971039,0.03137257695198059,0.03586048437282443,0.6924585938453675,0.7359270542860031,-0.014601078629493669,0.16632988750934596,nan,0.0,nan,0.0,0
25,340,8788,0.10073863636363634,2560,1.3055277824401856,0.5046875,0.7506100058555603,0.779133751988411,0.270703125,0.45523118525743483,0.5962823450565338,0.03137257695198059,0.03518558964133263,0.6895254671573638,0.7359270542860031,-0.014682951569557123,0.16632988750934596,nan,0.0,nan,0.0,0
25,352,8800,0.10005681818181818,1480,1.2808009991774687,0.4939189197243871,0.7372664284061741,0.7681381286801519,0.2763513521568195,0.42044906100711305,0.5890363409712508,0.03137257695198059,0.03780346051663966,0.6980068764171085,0.7505281329154968,0.013261704509322736,0.16632988750934596,nan,0.0,0.3828125,0.37645700000575744,0
26,20,8820,0.09892045454545458,2560,1.2647986114025116,0.508984375,0.7377792298793793,0.7750667780637741,0.269921875,0.4410143971443176,0.593979287147522,0.03137257695198059,0.036109700053930285,0.6942994832992554,0.7505281329154968,0.012748903036117532,0.16632988750934596,nan,0.0,nan,0.0,0
26,40,8840,0.0977840909090909,2560,1.2103951632976533,0.537890625,0.7235153466463089,0.7598737299442291,0.266015625,0.43139134496450426,0.5789880245923996,0.03137257695198059,0.035004765074700114,0.6906930893659592,0.7377792298793793,0.014263883233070374,0.16632988750934596,nan,0.0,nan,0.0,0
26,60,8860,0.0966477272727273,2560,1.2866470515727997,0.4984375,0.7222962498664856,0.7625652521848678,0.298046875,0.46799246668815614,0.5949647426605225,0.03137257695198059,0.03363719480112195,0.6871033698320389,0.7377792298793793,0.015482980012893721,0.16632988750934596,nan,0.0,nan,0.0,0
26,80,8880,0.09551136363636363,2560,1.2827649593353272,0.50390625,0.7303485453128815,0.7706552118062973,0.27578125,0.45917025208473206,0.5874237269163132,0.03137257695198059,0.0337098291143775,0.6865724503993988,0.7372664284061741,0.006917883093292554,0.16632988750934596,nan,0.0,nan,0.0,0
26,100,8900,0.09437500000000003,2560,1.2553944826126098,0.50546875,0.731713929772377,0.7694701135158539,0.27890625,0.4483424752950668,0.5953192621469497,0.03137257695198059,0.03523820675909519,0.6931188434362412,0.7303485453128815,-0.0013653844594955222,0.16632988750934596,nan,0.0,0.375,0.37439569999696687,0
26,120,8920,0.09323863636363636,2560,1.250532513856888,0.505859375,0.7389479100704193,0.7742119073867798,0.292578125,0.44488120675086973,0.591650414466858,0.03137257695198059,0.0347417876124382,0.6884426236152649,0.7303485453128815,-0.008599364757537753,0.16632988750934596,nan,0.0,nan,0.0,0
26,140,8940,0.09210227272727275,2560,1.2745630383491515,0.503125,0.7314217776060105,0.7656875818967819,0.264453125,0.45732754468917847,0.5872351557016373,0.03137257695198059,0.03488712776452303,0.6909993112087249,0.7303485453128815,-0.001073232293128945,0.16632988750934596,nan,0.0,nan,0.0,0
26,160,8960,0.09096590909090908,2560,1.2843996942043305,0.50234375,0.741631156206131,0.7713493555784225,0.280078125,0.446662563085556,0.5909580379724503,0.03137257695198059,0.035514214634895326,0.6921042025089263,0.7314217776060105,-0.0102093786001205,0.16632988750934596,nan,0.0,nan,0.0,0
26,180,8980,0.08982954545454543,2560,1.2890722036361695,0.498046875,0.7612631648778916,0.7786889612674713,0.27578125,0.4492206647992134,0.5929030269384384,0.03137257695198059,0.03579326365143061,0.6929425835609436,0.731713929772377,-0.02954923510551455,0.16632988750934596,nan,0.0,nan,0.0,0
26,200,9000,0.08869318181818182,2560,1.2868338108062745,0.5125,0.7195506423711777,0.7643336206674576,0.289453125,0.45570220798254013,0.5924268305301666,0.03137257695198059,0.03481203597038984,0.6902911454439163,0.7389479100704193,0.01939726769924155,0.16632988750934596,nan,0.0,0.375,0.36796980001963675,0
26,220,9020,0.08755681818181815,2560,1.2649826407432556,0.52421875,0.7342145174741745,0.7723430752754211,0.271875,0.445276203751564,0.59237901866436,0.03137257695198059,0.03532895362004638,0.6917974889278412,0.7389479100704193,0.004733392596244723,0.16632988750934596,nan,0.0,nan,0.0,0
26,240,9040,0.08642045454545455,2560,1.2819709658622742,0.50859375,0.729378017783165,0.7698021113872529,0.28203125,0.45101979970932005,0.5877240628004075,0.03137257695198059,0.03591362126171589,0.6935604184865951,0.7342145174741745,0.0048364996910095215,0.16632988750934596,nan,0.0,nan,0.0,0
26,260,9060,0.08528409090909088,2560,1.2771555483341217,0.502734375,0.7320754379034042,0.7681898921728134,0.28046875,0.4482705548405647,0.5945990473031998,0.03137257695198059,0.03581705028191209,0.6916023313999176,0.7342145174741745,0.002139079570770308,0.16632988750934596,nan,0.0,nan,0.0,0
26,280,9080,0.08414772727272728,2560,1.2987976133823396,0.491796875,0.7357017517089843,0.7670342981815338,0.29453125,0.4753128781914711,0.5888705104589462,0.03137257695198059,0.03276446815580129,0.6839371889829635,0.7320754379034042,-0.0036263138055800948,0.16632988750934596,nan,0.0,nan,0.0,0
26,300,9100,0.0830113636363636,2560,1.2649595975875854,0.503515625,0.7326851993799209,0.7692203760147095,0.291796875,0.45515194088220595,0.596501299738884,0.03137257695198059,0.034168286994099614,0.688193479180336,0.7320754379034042,-0.0006097614765167014,0.16632988750934596,nan,0.0,0.359375,0.3711945000104606,0
26,320,9120,0.081875,2560,1.28494753241539,0.50390625,0.7407195568084717,0.7797650814056396,0.286328125,0.44761509001255034,0.5900762110948563,0.03137257695198059,0.03593919947743416,0.6938441008329391,0.7326851993799209,-0.008034357428550742,0.16632988750934596,nan,0.0,nan,0.0,0
26,340,9140,0.08073863636363633,2560,1.262986946105957,0.5109375,0.7108098238706588,0.758846178650856,0.284765625,0.44955935776233674,0.5945235103368759,0.03137257695198059,0.03690176978707314,0.6954670965671539,0.7326851993799209,0.021875375509262107,0.16632988750934596,nan,0.0,nan,0.0,0
26,352,9152,0.08005681818181817,1480,1.2668568508045093,0.5155405421514769,0.7212614645829072,0.7684368185094885,0.27229729737784414,0.4554352623385352,0.5884477724900117,0.031372576770750255,0.03357028906812539,0.6860428110973255,0.7326851993799209,0.011423734797013751,0.16632988750934596,nan,0.0,nan,0.0,0
27,20,9172,0.07892045454545457,2560,1.2254771053791047,0.531640625,0.750253626704216,0.7750887751579285,0.257421875,0.42720298171043397,0.5940255701541901,0.03137257695198059,0.032664821855723856,0.6840596824884415,0.7326851993799209,-0.01756842732429509,0.16632988750934596,nan,0.0,nan,0.0,0
27,40,9192,0.0777840909090909,2560,1.2243305385112762,0.532421875,0.6991358250379562,0.7515613734722137,0.276953125,0.4549889206886292,0.5862103998661041,0.03137257695198059,0.03491254355758429,0.6902521967887878,0.7326851993799209,0.0335493743419647,0.16632988750934596,nan,0.0,0.4296875,0.37974709999980405,0
27,60,9212,0.07664772727272724,2560,1.2079494059085847,0.52421875,0.7213860034942627,0.7604114681482315,0.278125,0.44216942936182024,0.5868026912212372,0.03137257695198059,0.03399817915633321,0.6878095775842666,0.7212614645829072,-0.00012453891135555395,0.16632988750934596,nan,0.0,nan,0.0,0
27,80,9232,0.07551136363636364,2560,1.2203837871551513,0.525390625,0.7124975591897964,0.7628282070159912,0.2671875,0.4589861646294594,0.589372530579567,0.03137257695198059,0.034568659123033287,0.6880173623561859,0.7212614645829072,0.008763905393110782,0.16632988750934596,nan,0.0,nan,0.0,0
27,100,9252,0.07437499999999997,2560,1.2267922103404998,0.53046875,0.7243003994226456,0.76123226583004,0.271484375,0.44837111681699754,0.5917279839515686,0.03137257695198059,0.033560138754546644,0.6855202704668045,0.7212614645829072,-0.003038934839738383,0.16632988750934596,nan,0.0,nan,0.0,0
27,120,9272,0.07323863636363637,2560,1.2005894362926484,0.537890625,0.7205252677202225,0.7617742031812668,0.2828125,0.44513210356235505,0.5931231379508972,0.03137257695198059,0.035844586603343484,0.6923120051622391,0.7213860034942627,0.0008607357740402222,0.16632988750934596,nan,0.0,nan,0.0,0
27,140,9292,0.0721022727272727,2560,1.1891261339187622,0.535546875,0.707317692041397,0.7570828944444656,0.27265625,0.4470640182495117,0.5943963557481766,0.03137257695198059,0.0322997722774744,0.6809391438961029,0.7205252677202225,0.013207575678825467,0.16632988750934596,nan,0.0,0.421875,0.36896859999978915,0
27,160,9312,0.0709659090909091,2560,1.2290339112281798,0.523828125,0.7218320846557618,0.7571160823106766,0.278515625,0.46341432332992555,0.59101043343544,0.03137257695198059,0.033429526071995494,0.684715262055397,0.7205252677202225,-0.0013068169355392456,0.16632988750934596,nan,0.0,nan,0.0,0
27,180,9332,0.06982954545454542,2560,1.245794814825058,0.50625,0.7170410096645355,0.7613280147314072,0.29375,0.4571685865521431,0.5865420192480088,0.03137257695198059,0.03460174985229969,0.6889613270759583,0.7205252677202225,0.003484258055686973,0.16632988750934596,nan,0.0,nan,0.0,0
27,200,9352,0.06869318181818182,2560,1.2417455315589905,0.523046875,0.72460458278656,0.7667029291391373,0.275,0.4540451169013977,0.5942210108041763,0.03137257695198059,0.03339081900194287,0.6848203301429748,0.7205252677202225,-0.004079315066337519,0.16632988750934596,nan,0.0,nan,0.0,0
27,220,9372,0.06755681818181815,2560,1.2271870493888855,0.528515625,0.7366739779710769,0.7771328181028366,0.2671875,0.43985772132873535,0.589925280213356,0.03137257695198059,0.03323982832953334,0.6860605835914612,0.7205252677202225,-0.016148710250854403,0.16632988750934596,nan,0.0,nan,0.0,0
27,240,9392,0.06642045454545455,2560,1.2406319618225097,0.51640625,0.7139472723007202,0.7614606410264969,0.280078125,0.45313017070293427,0.5928792476654052,0.03137257695198059,0.03385002138093114,0.6873222082853317,0.7218320846557618,0.00788481235504157,0.16632988750934596,nan,0.0,0.4296875,0.3705372999829706,0
27,260,9412,0.06528409090909089,2560,1.215707290172577,0.537890625,0.7162139475345611,0.7665812373161316,0.251953125,0.4437750309705734,0.5958585232496262,0.03137257695198059,0.03383926395326853,0.6855465859174729,0.7218320846557618,0.005618137121200628,0.16632988750934596,nan,0.0,nan,0.0,0
27,280,9432,0.06414772727272729,2560,1.2039604544639588,0.54140625,0.7234261900186538,0.7614600092172623,0.2703125,0.4379825085401535,0.5843731105327606,0.03137257695198059,0.03409784249961376,0.6863332569599152,0.7170410096645355,-0.0063851803541182806,0.16632988750934596,nan,0.0,nan,0.0,0
27,300,9452,0.06301136363636362,2560,1.235653579235077,0.512109375,0.7095957666635513,0.7478220850229264,0.298046875,0.45637289732694625,0.5833763301372528,0.03137257695198059,0.033472455013543366,0.6872760474681854,0.7234261900186538,0.013830423355102539,0.16632988750934596,nan,0.0,nan,0.0,0
27,320,9472,0.06187500000000001,2560,1.2209585845470428,0.53125,0.7373844623565674,0.7647768884897232,0.2625,0.44862968325614927,0.5912737727165223,0.03137257695198059,0.03349032998085022,0.6860595583915711,0.7162139475345611,-0.02117051482200627,0.16632988750934596,nan,0.0,nan,0.0,0
27,340,9492,0.06073863636363634,2560,1.1634016185998917,0.55703125,0.706981310248375,0.7615242183208466,0.264453125,0.44649084061384203,0.5927461177110672,0.03137257695198059,0.035499618574976924,0.6915686428546906,0.7162139475345611,0.009232637286186174,0.16632988750934596,nan,0.0,0.4453125,0.3707916999992449,0
27,352,9504,0.06005681818181818,1480,1.2442427435436765,0.5141891904779383,0.7010145052059277,0.7574867831694113,0.2810810814032684,0.480502122962797,0.5765809967711165,0.03137257695198059,0.03561056695274405,0.6915622521091151,0.7162139475345611,0.015199442328633461,0.16632988750934596,nan,0.0,nan,0.0,0
28,20,9524,0.05892045454545451,2560,1.1524864196777345,0.55390625,0.7189765751361847,0.7598279535770416,0.261328125,0.43052071034908296,0.5902699947357177,0.03137257695198059,0.03423073599115014,0.6882201731204987,0.7095957666635513,-0.00938080847263345,0.16632988750934596,nan,0.0,nan,0.0,0
28,40,9544,0.05778409090909091,2560,1.1799167394638062,0.5296875,0.7018119484186173,0.7492352962493897,0.273828125,0.45636394768953326,0.5880063563585282,0.03137257695198059,0.03269216911867261,0.6833634406328202,0.7095957666635513,0.007783818244934015,0.16632988750934596,nan,0.0,nan,0.0,0
28,60,9564,0.05664772727272724,2560,1.1503554463386536,0.54765625,0.7231842100620269,0.7608165919780732,0.265234375,0.43552158772945404,0.5828198939561844,0.03137257695198059,0.034041525609791276,0.688103100657463,0.706981310248375,-0.016202899813651972,0.16632988750934596,nan,0.0,nan,0.0,0
28,80,9584,0.05551136363636364,2560,1.1872403383255006,0.534375,0.7044929325580597,0.7565559595823288,0.276953125,0.4562131717801094,0.5940530389547348,0.03137257695198059,0.03203044142574072,0.6797582119703293,0.706981310248375,0.002488377690315291,0.16632988750934596,nan,0.0,0.40625,0.3656621999980416,0
28,100,9604,0.05437499999999997,2560,1.1394547015428542,0.5546875,0.7077289819717407,0.7555346369743348,0.262109375,0.4386649623513222,0.5916749596595764,0.03137257695198059,0.034300039429217576,0.6888049930334091,0.7044929325580597,-0.0032360494136810525,0.16632988750934596,nan,0.0,nan,0.0,0
28,120,9624,0.05323863636363637,2560,1.1480748683214188,0.556640625,0.7111665427684783,0.7558534115552902,0.26328125,0.4397725522518158,0.5866713434457779,0.03137257695198059,0.03329476537182927,0.6848154813051224,0.7077289819717407,-0.0034375607967376265,0.16632988750934596,nan,0.0,nan,0.0,0
28,140,9644,0.0521022727272727,2560,1.1515039086341858,0.558203125,0.6839700758457183,0.7479948818683624,0.253515625,0.44905136674642565,0.588960537314415,0.03137257695198059,0.03399631716310978,0.6866224318742752,0.7077289819717407,0.023758906126022383,0.16632988750934596,nan,0.0,nan,0.0,0
28,160,9664,0.050965909090909096,2560,1.1462017357349397,0.5578125,0.7148643404245376,0.7552551478147507,0.267578125,0.4428651601076126,0.5954797327518463,0.03137257695198059,0.03379705073311925,0.6859586507081985,0.7077289819717407,-0.007135358452796892,0.16632988750934596,nan,0.0,nan,0.0,0
28,180,9684,0.04982954545454543,2560,1.1581384181976317,0.551171875,0.6850056499242783,0.7437823176383972,0.267578125,0.4643128961324692,0.5859214991331101,0.03137257695198059,0.03376778177917004,0.6853494316339492,0.7077289819717407,0.022723332047462463,0.16632988750934596,nan,0.0,0.453125,0.36620329998550005,0
28,200,9704,0.04869318181818183,2560,1.159303033351898,0.53515625,0.7074948489665985,0.7552915096282959,0.277734375,0.4541763260960579,0.5913503140211105,0.03137257695198059,0.03120131678879261,0.6764910042285919,0.7077289819717407,0.0002341330051421897,0.16632988750934596,nan,0.0,nan,0.0,0
28,220,9724,0.04755681818181816,2560,1.171806699037552,0.557421875,0.713951724767685,0.7588643580675125,0.26015625,0.44746376425027845,0.5858447015285492,0.03137257695198059,0.03531480878591538,0.6917472332715988,0.7074948489665985,-0.006456875801086448,0.16632988750934596,nan,0.0,nan,0.0,0
28,240,9744,0.046420454545454556,2560,1.1858313977718353,0.538671875,0.6915353566408158,0.7448350429534912,0.27890625,0.45869784951210024,0.5909233301877975,0.03137257695198059,0.032234656438231465,0.6796515911817551,0.7074948489665985,0.015959492325782754,0.16632988750934596,nan,0.0,nan,0.0,0
28,260,9764,0.04528409090909089,2560,1.1676213026046753,0.54453125,0.6883845329284668,0.749454140663147,0.273828125,0.4571353062987328,0.5799498468637466,0.03137257695198059,0.034220922738313675,0.6875949800014496,0.7074948489665985,0.019110316038131736,0.16632988750934596,nan,0.0,nan,0.0,0
28,280,9784,0.04414772727272729,2560,1.1669974029064178,0.558984375,0.6901909232139587,0.7558689326047897,0.25703125,0.442279152572155,0.595621770620346,0.03137257695198059,0.03315537702292204,0.6839755892753601,0.6915353566408158,0.0013444334268570834,0.16632988750934596,nan,0.0,0.4609375,0.3717172000033315,0
28,300,9804,0.04301136363636362,2560,1.1458114027976989,0.548046875,0.7038012444972992,0.7515934228897094,0.273046875,0.4346315085887909,0.5951133906841278,0.03137257695198059,0.032458945736289026,0.6818682819604873,0.6915353566408158,-0.012265887856483415,0.16632988750934596,nan,0.0,nan,0.0,0
28,320,9824,0.041875000000000016,2560,1.1271233767271043,0.56171875,0.7075675755739212,0.7489427119493485,0.265625,0.4333314552903175,0.5889727473258972,0.03137257695198059,0.03183587593957782,0.6787749022245407,0.6915353566408158,-0.01603221893310547,0.16632988750934596,nan,0.0,nan,0.0,0
28,340,9844,0.040738636363636345,2560,1.137665593624115,0.5578125,0.7112010240554809,0.7490808129310608,0.2796875,0.44879130721092225,0.591998690366745,0.03137257695198059,0.03310658847913146,0.6854473948478699,0.6915353566408158,-0.019665667414665133,0.16632988750934596,nan,0.0,nan,0.0,0
28,352,9856,0.040056818181818186,1480,1.150426096529574,0.548648650259585,0.6663732892758137,0.7418408786928331,0.2743243246465116,0.45814873479508067,0.5951704257243389,0.03137257695198059,0.03276402398541167,0.6828925358282553,0.7038012444972992,0.037427955221485454,0.16632988750934596,nan,0.0,nan,0.0,0
29,20,9876,0.038920454545454515,2560,1.1131853818893434,0.565625,0.703033658862114,0.7496261745691299,0.261328125,0.4387982800602913,0.5819102168083191,0.03137257695198059,0.031867123860865834,0.6779308170080185,0.7038012444972992,0.0007675856351851973,0.16632988750934596,nan,0.0,0.4453125,0.37015050000627525,0
29,40,9896,0.03778409090909091,2560,1.0978880912065505,0.564453125,0.7044440031051635,0.7525548547506332,0.275390625,0.43591398894786837,0.5901619166135788,0.03137257695198059,0.03321920596063137,0.6831548929214477,0.7038012444972992,-0.0006427586078643355,0.16632988750934596,nan,0.0,nan,0.0,0
29,60,9916,0.03664772727272725,2560,1.109140729904175,0.562109375,0.6970661789178848,0.7532376825809479,0.272265625,0.43926737308502195,0.5906382411718368,0.03137257695198059,0.03314966177567839,0.6828379601240158,0.7044440031051635,0.007377824187278725,0.16632988750934596,nan,0.0,nan,0.0,0
29,80,9936,0.035511363636363646,2560,1.0759790778160094,0.58046875,0.6855997025966645,0.7444661736488343,0.265234375,0.43146108388900756,0.5916926264762878,0.03137257695198059,0.03188733672723174,0.6796286791563034,0.703033658862114,0.017433956265449524,0.16632988750934596,nan,0.0,nan,0.0,0
29,100,9956,0.034374999999999975,2560,1.0945672661066055,0.56640625,0.6892784655094146,0.7488591730594635,0.267578125,0.4373141974210739,0.5832264065742493,0.03137257695198059,0.03280026474967599,0.6824183195829392,0.6970661789178848,0.007787713408470176,0.16632988750934596,nan,0.0,nan,0.0,0
29,120,9976,0.03323863636363637,2560,1.0717334359884263,0.58671875,0.6867844492197037,0.7447052210569381,0.2578125,0.43916714042425153,0.5885931879281998,0.03137257695198059,0.031135916523635388,0.6773102015256882,0.6970661789178848,0.010281729698181086,0.16632988750934596,nan,0.0,0.4609375,0.3700097000109963,0
29,140,9996,0.03210227272727271,2560,1.082302138209343,0.58125,0.6706198275089263,0.7415949702262878,0.265234375,0.4454392850399017,0.5869226008653641,0.03137257695198059,0.03221911806613207,0.6799013197422028,0.6892784655094146,0.01865863800048828,0.16632988750934596,nan,0.0,nan,0.0,0
29,160,10016,0.030965909090909103,2560,1.0543246567249298,0.590625,0.6862466633319855,0.7386688441038132,0.2546875,0.43492629677057265,0.5969508022069931,0.03137257695198059,0.03205739455297589,0.6800639241933822,0.6867844492197037,0.0005377858877182451,0.16632988750934596,nan,0.0,nan,0.0,0
29,180,10036,0.029829545454545435,2560,1.0796481728553773,0.569921875,0.6914166003465653,0.7493032068014145,0.25703125,0.43520294576883317,0.5891675472259521,0.03137257695198059,0.03137657288461924,0.6770906090736389,0.6862466633319855,-0.005169937014579795,0.16632988750934596,nan,0.0,nan,0.0,0
29,200,10056,0.028693181818181833,2560,1.0882039397954941,0.5796875,0.6790502369403839,0.744210958480835,0.2640625,0.4415841594338417,0.5829749017953872,0.03137257695198059,0.03338967263698578,0.6824751406908035,0.6867844492197037,0.007734212279319808,0.16632988750934596,nan,0.0,nan,0.0,0
29,220,10076,0.027556818181818165,2560,1.0962654560804368,0.570703125,0.6920929163694381,0.7420360833406449,0.271484375,0.4531049385666847,0.5832237422466278,0.03137257695198059,0.03279900960624218,0.6825599938631057,0.6862466633319855,-0.0058462530374526755,0.16632988750934596,nan,0.0,0.4453125,0.36871029998292215,0
29,240,10096,0.026420454545454563,2560,1.0625737398862838,0.580859375,0.6911583989858627,0.753023162484169,0.26953125,0.4351046994328499,0.5851483821868897,0.03137257695198059,0.03188400967046619,0.6801107168197632,0.6862466633319855,-0.004911735653877258,0.16632988750934596,nan,0.0,nan,0.0,0
29,260,10116,0.025284090909090895,2560,1.0589145749807358,0.58515625,0.6969890147447586,0.7518024712800979,0.26796875,0.4327852100133896,0.5897164851427078,0.03137257695198059,0.032792413327842954,0.6820922434329987,0.6911583989858627,-0.005830615758895874,0.16632988750934596,nan,0.0,nan,0.0,0
29,280,10136,0.024147727272727293,2560,1.09688903093338,0.566796875,0.6943188965320587,0.7449296534061431,0.279296875,0.45660131275653837,0.5920960962772369,0.03137257695198059,0.032452219258993865,0.6807207614183426,0.6914166003465653,-0.002902296185493425,0.16632988750934596,nan,0.0,nan,0.0,0
29,300,10156,0.023011363636363625,2560,1.1034352213144303,0.563671875,0.6806514680385589,0.7488301724195481,0.27265625,0.4658347308635712,0.5910476952791214,0.03137257695198059,0.03171208053827286,0.6779001951217651,0.6920929163694381,0.011441448330879234,0.16632988750934596,nan,0.0,nan,0.0,0
29,320,10176,0.021875000000000023,2560,1.0737108379602431,0.583984375,0.6701226562261582,0.7288533717393875,0.265625,0.44471059888601305,0.5944959223270416,0.03137257695198059,0.0317681428976357,0.6786704659461975,0.6920929163694381,0.021970260143279963,0.16632988750934596,nan,0.0,0.5078125,0.3702476999897044,0
29,340,10196,0.02073863636363635,2560,1.072577092051506,0.565625,0.6891916751861572,0.7443818569183349,0.270703125,0.43843531906604766,0.5853145778179168,0.03137257695198059,0.03239347152411938,0.6815869331359863,0.6911583989858627,0.0019667237997055276,0.16632988750934596,nan,0.0,nan,0.0,0
29,352,10208,0.020056818181818193,1480,1.0872115837561118,0.5770270260604652,0.6688714626673106,0.7320083969348186,0.2709459457848523,0.4520898409791895,0.600459488018139,0.03137257695198059,0.031253580769171584,0.6759605945767583,0.6891916751861572,0.020320212518846636,0.16632988750934596,nan,0.0,nan,0.0,0
30,20,10228,0.01892045454545452,2560,1.000541239976883,0.615625,0.6995235532522202,0.7475531458854675,0.24375,0.407781770825386,0.5818786829710006,0.03137257695198059,0.032057948783040045,0.6769598364830017,0.6806514680385589,-0.018872085213661238,0.16632988750934596,nan,0.0,nan,0.0,0
30,40,10248,0.01778409090909092,2560,1.0121810257434845,0.613671875,0.6768921345472336,0.7371509730815887,0.241796875,0.4174644768238068,0.597100093960762,0.03137257695198059,0.030039285216480492,0.6710253298282624,0.6806514680385589,0.0037593334913252896,0.16632988750934596,nan,0.0,nan,0.0,0
30,60,10268,0.01664772727272725,2560,0.9587446391582489,0.63203125,0.6982904702425003,0.7430538386106491,0.239453125,0.41415133476257326,0.588962835073471,0.03137257695198059,0.031132469512522222,0.6745364785194397,0.6768921345472336,-0.021398335695266724,0.16632988750934596,nan,0.0,0.46875,0.3669631000084337,0
30,80,10288,0.01551136363636365,2560,1.0084340184926988,0.601953125,0.6595875412225723,0.7311796993017197,0.26015625,0.44261705279350283,0.597349950671196,0.03137257695198059,0.03328175395727158,0.6834148973226547,0.6891916751861572,0.029604133963584855,0.16632988750934596,nan,0.0,nan,0.0,0
30,100,10308,0.014374999999999982,2560,1.0025350004434586,0.598828125,0.6514372617006302,0.7270589411258698,0.26640625,0.44188142716884615,0.5923827081918717,0.03137257695198059,0.03135921536013484,0.6766553431749344,0.6768921345472336,0.025454872846603416,0.16632988750934596,nan,0.0,nan,0.0,0
30,120,10328,0.01323863636363638,2560,0.996678015589714,0.615625,0.6819038569927216,0.7381316035985946,0.238671875,0.42964559346437453,0.587514129281044,0.03137257695198059,0.032715762965381145,0.6815856248140335,0.6768921345472336,-0.005011722445487976,0.16632988750934596,nan,0.0,nan,0.0,0
30,140,10348,0.012102272727272712,2560,0.9578553080558777,0.630859375,0.6807545244693756,0.7352148920297623,0.239453125,0.40958972871303556,0.5927522212266922,0.03137257695198059,0.03164197932928801,0.6780056178569793,0.6768921345472336,-0.00386238992214194,0.16632988750934596,nan,0.0,nan,0.0,0
30,160,10368,0.01096590909090911,2560,1.0047289371490478,0.604296875,0.6444862276315689,0.7236475884914398,0.24765625,0.4348899692296982,0.586188143491745,0.03137257695198059,0.03114129640161991,0.6762876242399216,0.6807545244693756,0.036268296837806635,0.16632988750934596,nan,0.0,0.5078125,0.37008219998097047,0
30,180,10388,0.00982954545454544,2560,0.991390335559845,0.604296875,0.6692515164613724,0.7281639277935028,0.255859375,0.42782687693834304,0.5818633019924164,0.03137257695198059,0.031687432806938885,0.6766763955354691,0.6595875412225723,-0.009663975238800027,0.16632988750934596,nan,0.0,nan,0.0,0
30,200,10408,0.008693181818181838,2560,0.9836102455854416,0.619140625,0.6814819365739823,0.7423718988895416,0.233203125,0.4231904372572899,0.5819222927093506,0.03137257695198059,0.03322955053299666,0.6842800885438919,0.6692515164613724,-0.012230420112609885,0.16632988750934596,nan,0.0,nan,0.0,0
30,220,10428,0.00755681818181817,2560,0.964814618229866,0.621875,0.672892051935196,0.7325584650039673,0.241015625,0.4159001559019089,0.596553573012352,0.03137257695198059,0.032764495350420475,0.6819235891103744,0.6807545244693756,0.007862472534179599,0.16632988750934596,nan,0.0,nan,0.0,0
30,240,10448,0.006420454545454568,2560,0.9821273893117904,0.60390625,0.6615583658218384,0.7265639245510102,0.25546875,0.4231206774711609,0.5893830806016922,0.03137257695198059,0.032337719853967425,0.6793573647737503,0.672892051935196,0.01133368611335761,0.16632988750934596,nan,0.0,nan,0.0,0
30,260,10468,0.005284090909090899,2560,0.9919481396675109,0.61328125,0.6434587240219116,0.7228726893663406,0.248046875,0.4337666004896164,0.5881475001573563,0.03137257695198059,0.03134979484602809,0.6764690190553665,0.6692515164613724,0.025792792439460754,0.16632988750934596,nan,0.0,0.515625,0.3680344000167679,0
30,280,10488,0.004147727272727297,2560,0.9843682140111923,0.619140625,0.667147982120514,0.7315732538700104,0.244921875,0.4181649088859558,0.5928731501102448,0.03137257695198059,0.031872925162315366,0.678079292178154,0.6692515164613724,0.002103534340858415,0.16632988750934596,nan,0.0,nan,0.0,0
30,300,10508,0.0030113636363636284,2560,0.9581123471260071,0.628125,0.6823106199502945,0.7271501123905182,0.240234375,0.41626322865486143,0.5928857445716857,0.03137257695198059,0.03255534702911973,0.679702827334404,0.667147982120514,-0.015162637829780556,0.16632988750934596,nan,0.0,nan,0.0,0
30,320,10528,0.0018750000000000266,2560,0.9879356235265732,0.619921875,0.6723066985607147,0.7249370783567428,0.235546875,0.418747316300869,0.5919382870197296,0.03137257695198059,0.0315955794416368,0.6775662392377854,0.667147982120514,-0.005158716440200717,0.16632988750934596,nan,0.0,nan,0.0,0
30,340,10548,0.000738636363636358,2560,0.9872349679470063,0.61640625,0.6651587218046189,0.7295031458139419,0.245703125,0.43232771158218386,0.5876111537218094,0.03137257695198059,0.0325627189129591,0.6805341929197312,0.667147982120514,0.0019892603158950806,0.16632988750934596,nan,0.0,nan,0.0,0
30,352,10560,5.681818181819675e-05,1480,0.9570707578916807,0.6148648661536139,0.6510460057774106,0.7225396971444826,0.2445945949973287,0.4110670339416813,0.5879590553206366,0.03137257695198059,0.031617749643486896,0.6772724402917398,0.667147982120514,0.016101976343103397,0.16632988750934596,nan,0.0,0.484375,0.37763159998576157,0
