epoch,batch,global_step,lr,window_samples,train_adv_loss,train_adv_acc,free_gradient_cosine,free_gradient_sign_agreement,free_prediction_disagreement,free_attack_loss_gain,free_boundary_fraction,free_delta_linf,control_gradient_participation_ratio,control_gradient_entropy,detector_baseline,detector_score,detector_threshold,detector_pgd10_acc,detector_seconds,observer_pgd10_acc,observer_pgd10_seconds,intervention_triggered
1,20,20,0.0007196969696969698,2560,2.8686172485351564,0.0,0.04323478620499373,0.5076999813318253,0.282421875,0.5500458210706711,0.6009932368993759,0.03137257695198059,0.2436518117785454,0.8838485509157181,nan,nan,0.16632988750934596,nan,0.0,nan,0.0,0
1,40,40,0.0014772727272727272,2560,2.67130126953125,0.0015625,0.10576848797500134,0.5243494927883148,0.359375,0.4233499690890312,0.6007579952478409,0.03137257695198059,0.23933884128928185,0.8826504677534104,nan,nan,0.16632988750934596,nan,0.0,nan,0.0,0
1,60,60,0.002234848484848485,2560,2.411350440979004,0.02421875,0.3311925888061523,0.5850722223520279,0.256640625,0.2052660569548607,0.6002572566270828,0.03137257695198059,0.2113645479083061,0.8725420266389847,nan,nan,0.16632988750934596,nan,0.0,nan,0.0,0
1,80,80,0.0029924242424242426,2560,2.3036367416381838,0.103515625,0.5848625048995018,0.6577954769134522,0.158203125,0.11009959205985069,0.6014727473258972,0.03137257695198059,0.16140129119157792,0.8436724543571472,0.10576848797500134,-0.47909401692450043,0.16632988750934596,nan,0.0,nan,0.0,0
1,100,100,0.00375,2560,2.2375667810440065,0.147265625,0.718832466006279,0.7050159692764282,0.151171875,0.09582998864352703,0.6026804774999619,0.03137257695198059,0.13158935271203517,0.8166113197803497,0.21848053839057682,-0.5003519276157022,0.16632988750934596,nan,0.0,nan,0.0,0
1,120,120,0.004507575757575758,2560,2.1958312034606933,0.165234375,0.7893460273742676,0.7332729548215866,0.2078125,0.1040675763040781,0.6019628077745438,0.03137257695198059,0.11603313237428665,0.7977871030569077,0.3311925888061523,-0.4581534385681153,0.16632988750934596,nan,0.0,nan,0.0,0
1,140,140,0.005265151515151515,2560,2.188531732559204,0.1671875,0.8224138677120209,0.7537713587284088,0.1796875,0.10937415398657321,0.6030273586511612,0.03137257695198059,0.11077392064034938,0.7925499677658081,0.5848625048995018,-0.2375513628125191,0.16632988750934596,nan,0.0,nan,0.0,0
1,160,160,0.006022727272727273,2560,2.155440425872803,0.1859375,0.8599694401025773,0.777147313952446,0.173828125,0.1118611354380846,0.6039175808429718,0.03137257695198059,0.0985916193574667,0.7744926661252975,0.718832466006279,-0.14113697409629822,0.16632988750934596,nan,0.0,nan,0.0,0
1,180,180,0.0067803030303030315,2560,2.1430480003356935,0.193359375,0.8754795104265213,0.7876601070165634,0.212890625,0.12516058646142483,0.6016589045524597,0.03137257695198059,0.0934337317943573,0.7688623011112213,0.7893460273742676,-0.08613348305225366,0.16632988750934596,nan,0.0,nan,0.0,0
1,200,200,0.007537878787878788,2560,2.152670669555664,0.183984375,0.89405677318573,0.8055871546268463,0.16484375,0.12975766621530055,0.603091961145401,0.03137257695198059,0.08755117356777191,0.7580222010612487,0.8224138677120209,-0.0716429054737091,0.16632988750934596,nan,0.0,nan,0.0,0
1,220,220,0.008295454545454547,2560,2.1234200954437257,0.21328125,0.8997562140226364,0.8155828028917312,0.19296875,0.14649117812514306,0.6008747220039368,0.03137257695198059,0.08593381233513356,0.7598386645317078,0.8599694401025773,-0.03978677392005914,0.16632988750934596,nan,0.0,nan,0.0,0
1,240,240,0.009053030303030304,2560,2.1072317123413087,0.21171875,0.9021185666322709,0.8273249566555023,0.209765625,0.16182176694273948,0.6021657526493073,0.03137257695198059,0.08791898526251316,0.7647822827100754,0.8754795104265213,-0.02663905620574958,0.16632988750934596,nan,0.0,nan,0.0,0
1,260,260,0.009810606060606061,2560,2.0803876876831056,0.22265625,0.9011313825845718,0.8320142298936843,0.19765625,0.17803887128829957,0.6003502100706101,0.03137257695198059,0.08434279598295688,0.7611258864402771,0.89405677318573,-0.007074609398841858,0.16632988750934596,nan,0.0,nan,0.0,0
1,280,280,0.010568181818181819,2560,2.044195365905762,0.2328125,0.9054203063249588,0.8381776362657547,0.1984375,0.19714689999818802,0.6027120172977447,0.03137257695198059,0.08366617634892463,0.7640551388263702,0.8997562140226364,-0.005664092302322454,0.16632988750934596,nan,0.0,nan,0.0,0
1,300,300,0.011325757575757576,2560,2.019285488128662,0.24140625,0.9039326459169388,0.8378185480833054,0.187109375,0.2056443363428116,0.601448592543602,0.03137257695198059,0.08937019295990467,0.7752730697393417,0.9011313825845718,-0.0028012633323669656,0.16632988750934596,nan,0.0,nan,0.0,0
1,320,320,0.012083333333333335,2560,2.0155510902404785,0.237109375,0.9106624662876129,0.8424349695444107,0.1921875,0.2165195792913437,0.6032337367534637,0.03137257695198059,0.08485019393265247,0.7689888626337051,0.9021185666322709,-0.00854389965534208,0.16632988750934596,nan,0.0,nan,0.0,0
1,340,340,0.012840909090909092,2560,2.027863359451294,0.226953125,0.913657060265541,0.8468940943479538,0.214453125,0.2148504838347435,0.6044480800628662,0.03137257695198059,0.07930250354111194,0.7586618810892105,0.9039326459169388,-0.009724414348602273,0.16632988750934596,nan,0.0,nan,0.0,0
1,352,352,0.013295454545454548,1480,2.027286842707041,0.23108108108108108,0.9097086680902017,0.8441206284471461,0.18243243247270585,0.2236941812811671,0.6051674530312822,0.03137257695198059,0.07558727924888198,0.7558493072922166,0.9054203063249588,-0.004288361765242832,0.16632988750934596,nan,0.0,nan,0.0,0
2,20,372,0.014053030303030303,2560,2.000403070449829,0.254296875,0.9150783717632294,0.8500966548919677,0.175,0.2083124354481697,0.6028078883886338,0.03137257695198059,0.07597041353583336,0.754595285654068,0.9097086680902017,-0.005369703673027693,0.16632988750934596,nan,0.0,nan,0.0,0
2,40,392,0.01481060606060606,2560,1.9811586380004882,0.260546875,0.9068087279796601,0.8458099573850631,0.1859375,0.2252124473452568,0.6057852655649185,0.03137257695198059,0.0776245255023241,0.7588871955871582,0.9106624662876129,0.003853738307952881,0.16632988750934596,nan,0.0,nan,0.0,0
2,60,412,0.015568181818181818,2560,1.9822381734848022,0.253125,0.9116570681333542,0.8477353632450104,0.208203125,0.23709765523672105,0.6050329953432083,0.03137257695198059,0.07147670388221741,0.7511461645364761,0.9106624662876129,-0.0009946018457412942,0.16632988750934596,nan,0.0,nan,0.0,0
2,80,432,0.016325757575757577,2560,1.9887457966804505,0.255078125,0.9129431813955307,0.8519684076309204,0.185546875,0.22326551452279092,0.6068283289670944,0.03137257695198059,0.07569031454622746,0.7599592328071594,0.9116570681333542,-0.0012861132621764249,0.16632988750934596,nan,0.0,nan,0.0,0
2,100,452,0.017083333333333336,2560,1.9889838218688964,0.235546875,0.9148239076137543,0.8510753899812699,0.210546875,0.22825232446193694,0.6026402980089187,0.03137257695198059,0.07662830390036106,0.758649256825447,0.9116570681333542,-0.0031668394804000854,0.16632988750934596,nan,0.0,nan,0.0,0
2,120,472,0.01784090909090909,2560,1.9592281818389892,0.26171875,0.9128586173057556,0.8508971065282822,0.19921875,0.23641096651554108,0.6047125697135926,0.03137257695198059,0.07441976517438889,0.7577866226434707,0.9129431813955307,8.456408977508545e-05,0.16632988750934596,nan,0.0,nan,0.0,0
2,140,492,0.018598484848484847,2560,1.9653165340423584,0.2453125,0.921770629286766,0.8563792079687118,0.201171875,0.23643258437514306,0.6028138607740402,0.03137257695198059,0.0737179197371006,0.752445662021637,0.9128586173057556,-0.008912011981010437,0.16632988750934596,nan,0.0,nan,0.0,0
2,160,512,0.01935606060606061,2560,1.9746294498443604,0.2546875,0.9188449829816818,0.8581461757421494,0.202734375,0.246539968252182,0.6050426691770554,0.03137257695198059,0.07439537681639194,0.757834592461586,0.9129431813955307,-0.0059018015861511675,0.16632988750934596,nan,0.0,nan,0.0,0
2,180,532,0.020113636363636365,2560,1.9435365200042725,0.262109375,0.9192380994558335,0.8547465234994889,0.19140625,0.2340661369264126,0.6030945003032684,0.03137257695198059,0.0703245785087347,0.7506052821874618,0.9148239076137543,-0.00441419184207914,0.16632988750934596,nan,0.0,nan,0.0,0
2,200,552,0.020871212121212124,2560,1.9448827266693116,0.259375,0.9176900237798691,0.8567510098218918,0.185546875,0.2438693791627884,0.6040769100189209,0.03137257695198059,0.07474841065704822,0.7572525531053543,0.9188449829816818,0.0011549592018127441,0.16632988750934596,nan,0.0,nan,0.0,0
2,220,572,0.02162878787878788,2560,1.9471786499023438,0.26953125,0.9210046857595444,0.8587009638547898,0.18359375,0.2510089881718159,0.6029748469591141,0.03137257695198059,0.07055024094879628,0.7516160070896148,0.9188449829816818,-0.0021597027778625932,0.16632988750934596,nan,0.0,nan,0.0,0
2,240,592,0.02238636363636364,2560,1.9446967124938965,0.26328125,0.9201699376106263,0.8584074884653091,0.21640625,0.25194193944334986,0.6041944026947021,0.03137257695198059,0.07136696055531502,0.7531962454319,0.9192380994558335,-0.0009318381547928078,0.16632988750934596,nan,0.0,nan,0.0,0
2,260,612,0.023143939393939397,2560,1.945068860054016,0.276171875,0.9148350954055786,0.860164412856102,0.206640625,0.26388896331191064,0.603901955485344,0.03137257695198059,0.07773596383631229,0.7653999745845794,0.9192380994558335,0.004403004050254844,0.16632988750934596,nan,0.0,nan,0.0,0
2,280,632,0.023901515151515153,2560,1.8970510601997375,0.283203125,0.9184252887964248,0.8589094966650009,0.19921875,0.2573705554008484,0.6024489253759384,0.03137257695198059,0.07566970475018024,0.7610622376203537,0.9192380994558335,0.000812810659408636,0.16632988750934596,nan,0.0,nan,0.0,0
2,300,652,0.02465909090909091,2560,1.8942513704299926,0.2890625,0.9168118715286255,0.8595587611198425,0.204296875,0.2736317828297615,0.6022557765245438,0.03137257695198059,0.07065853402018547,0.752623051404953,0.9184252887964248,0.0016134172677992886,0.16632988750934596,nan,0.0,nan,0.0,0
2,320,672,0.025416666666666667,2560,1.9433187961578369,0.27421875,0.9205913841724396,0.8609457790851593,0.178515625,0.2585179202258587,0.606421172618866,0.03137257695198059,0.0691287599503994,0.7521580487489701,0.9184252887964248,-0.002166095376014754,0.16632988750934596,nan,0.0,nan,0.0,0
2,340,692,0.026174242424242423,2560,1.8963735818862915,0.255859375,0.9169782787561417,0.8605950891971588,0.223046875,0.26311423182487487,0.6025600582361221,0.03137257695198059,0.07119458317756652,0.7550722926855087,0.9184252887964248,0.0014470100402831365,0.16632988750934596,nan,0.0,nan,0.0,0
2,352,704,0.02662878787878788,1480,1.8962093669015008,0.28918918983356373,0.9188583493232727,0.8625099156353925,0.18783783832111875,0.2761109741152944,0.6064440105412457,0.03137257695198059,0.07320558775115657,0.7575434414116112,0.9169782787561417,-0.0018800705671310203,0.16632988750934596,nan,0.0,nan,0.0,0
3,20,724,0.02738636363636364,2560,1.9189346790313722,0.275390625,0.9149906873703003,0.8609307765960693,0.214453125,0.29443481639027597,0.605311730504036,0.03137257695198059,0.07697192318737507,0.7653581529855729,0.9184252887964248,0.003434601426124506,0.16632988750934596,nan,0.0,nan,0.0,0
3,40,744,0.028143939393939395,2560,1.9335669994354248,0.260546875,0.9248639345169067,0.8654898554086685,0.1953125,0.2588486962020397,0.6026385188102722,0.03137257695198059,0.07128776796162128,0.7548132628202439,0.9169782787561417,-0.007885655760765053,0.16632988750934596,nan,0.0,nan,0.0,0
3,60,764,0.02890151515151515,2560,1.8754218578338624,0.290234375,0.9140369951725006,0.8601604670286178,0.225390625,0.28545123636722564,0.605051440000534,0.03137257695198059,0.07230890989303589,0.7593961596488953,0.9188583493232727,0.004821354150772117,0.16632988750934596,nan,0.0,nan,0.0,0
3,80,784,0.02965909090909091,2560,1.8872745037078857,0.2828125,0.9222879856824875,0.8703239738941193,0.20859375,0.2808094710111618,0.6040937006473541,0.03137257695198059,0.06950045209378004,0.7523743152618408,0.9169782787561417,-0.005309706926345803,0.16632988750934596,nan,0.0,nan,0.0,0
3,100,804,0.030416666666666665,2560,1.9050968647003175,0.280859375,0.9144056260585784,0.8654781550168991,0.21875,0.2844436578452587,0.6055492579936981,0.03137257695198059,0.07606636099517346,0.7634721785783768,0.9188583493232727,0.004452723264694258,0.16632988750934596,nan,0.0,nan,0.0,0
3,120,824,0.031174242424242427,2560,1.894856071472168,0.267578125,0.9100990056991577,0.8608144313097,0.23515625,0.2936169818043709,0.6038554102182389,0.03137257695198059,0.06981704011559486,0.7562798291444779,0.9149906873703003,0.0048916816711426225,0.16632988750934596,nan,0.0,nan,0.0,0
3,140,844,0.031931818181818186,2560,1.8638051509857179,0.28671875,0.9185100495815277,0.861834990978241,0.230078125,0.2883900359272957,0.6016786158084869,0.03137257695198059,0.0663748500868678,0.7494115620851517,0.9144056260585784,-0.004104423522949263,0.16632988750934596,nan,0.0,nan,0.0,0
3,160,864,0.03268939393939394,2560,1.8614549160003662,0.2875,0.9217002332210541,0.8650267392396926,0.206640625,0.29335897266864774,0.5995786190032959,0.03137257695198059,0.06737337205559016,0.7527091830968857,0.9144056260585784,-0.0072946071624756526,0.16632988750934596,nan,0.0,nan,0.0,0
3,180,884,0.0334469696969697,2560,1.864548659324646,0.28515625,0.9201025485992431,0.866135048866272,0.21484375,0.2887835010886192,0.605917888879776,0.03137257695198059,0.06666669007390738,0.7499622195959091,0.9185100495815277,-0.0015924990177154097,0.16632988750934596,nan,0.0,nan,0.0,0
3,200,904,0.03420454545454545,2560,1.863969874382019,0.294921875,0.9170472890138626,0.8598831415176391,0.210546875,0.3071252256631851,0.6040196925401687,0.03137257695198059,0.0668488897383213,0.750283282995224,0.9185100495815277,0.0014627605676651445,0.16632988750934596,nan,0.0,nan,0.0,0
3,220,924,0.034962121212121215,2560,1.833272647857666,0.301171875,0.9204793751239777,0.8637624323368073,0.189453125,0.2804550305008888,0.6048987239599228,0.03137257695198059,0.06566246971487999,0.747707512974739,0.9185100495815277,-0.0019693255424499956,0.16632988750934596,nan,0.0,nan,0.0,0
3,240,944,0.03571969696969697,2560,1.873242974281311,0.28515625,0.9167391031980514,0.8597296565771103,0.20703125,0.31281440854072573,0.6028741359710693,0.03137257695198059,0.06355994716286659,0.7449312925338745,0.9201025485992431,0.0033634454011917114,0.16632988750934596,nan,0.0,nan,0.0,0
3,260,964,0.036477272727272726,2560,1.8711691975593567,0.29140625,0.9139330118894577,0.8609480708837509,0.216796875,0.29763881042599677,0.6041604489088058,0.03137257695198059,0.06557726860046387,0.7503183513879776,0.9201025485992431,0.006169536709785373,0.16632988750934596,nan,0.0,nan,0.0,0
3,280,984,0.03723484848484849,2560,1.8476408004760743,0.296484375,0.9126149207353592,0.8605158716440201,0.211328125,0.30212279260158537,0.6037147670984269,0.03137257695198059,0.06734560970216989,0.752106350660324,0.9170472890138626,0.004432368278503351,0.16632988750934596,nan,0.0,nan,0.0,0
3,300,1004,0.037992424242424244,2560,1.8315779447555542,0.31328125,0.9092939466238021,0.8586994379758834,0.22734375,0.31208294481039045,0.6048047602176666,0.03137257695198059,0.06976255662739277,0.7568571031093597,0.9167391031980514,0.007445156574249268,0.16632988750934596,nan,0.0,nan,0.0,0
3,320,1024,0.03875000000000001,2560,1.7959749341011046,0.31953125,0.9066000431776047,0.8549977749586105,0.23671875,0.3248216614127159,0.6017866969108582,0.03137257695198059,0.06260287761688232,0.7465466767549515,0.9139330118894577,0.007332968711853072,0.16632988750934596,nan,0.0,nan,0.0,0
3,340,1044,0.03950757575757576,2560,1.799312126636505,0.31953125,0.9129053086042405,0.8599837213754654,0.223828125,0.3177852317690849,0.6025015741586686,0.03137257695198059,0.06829947717487812,0.7551754236221313,0.9126149207353592,-0.0002903878688812478,0.16632988750934596,nan,0.0,nan,0.0,0
3,352,1056,0.03996212121212121,1480,1.8265806436538696,0.29594594642922684,0.9125522574862919,0.8583144387683352,0.23513513505458833,0.310092768959097,0.6000987781060708,0.031372576770750255,0.0648822429212364,0.7480173130293151,0.9126149207353592,6.266324906734067e-05,0.16632988750934596,nan,0.0,nan,0.0,0
4,20,1076,0.040719696969696975,2560,1.821907365322113,0.309765625,0.9141941100358963,0.8612095028162002,0.219921875,0.30790105611085894,0.6031046748161316,0.03137257695198059,0.06670920737087727,0.7525150269269943,0.9125522574862919,-0.0016418525496044722,0.16632988750934596,nan,0.0,nan,0.0,0
4,40,1096,0.04147727272727273,2560,1.828034019470215,0.3109375,0.9132215410470963,0.8603808254003524,0.229296875,0.31750465035438535,0.6059857845306397,0.03137257695198059,0.06708851158618927,0.7525954514741897,0.9125522574862919,-0.0006692835608044234,0.16632988750934596,nan,0.0,nan,0.0,0
4,60,1116,0.042234848484848486,2560,1.8260222911834716,0.302734375,0.9088589310646057,0.8591034173965454,0.226171875,0.3206588625907898,0.604874062538147,0.03137257695198059,0.06535456292331218,0.7512675523757935,0.9129053086042405,0.004046377539634771,0.16632988750934596,nan,0.0,nan,0.0,0
4,80,1136,0.04299242424242425,2560,1.7692415297031403,0.315234375,0.907892283797264,0.8564373195171356,0.236328125,0.3215301811695099,0.6031899988651276,0.03137257695198059,0.06592328995466232,0.7509842306375504,0.9129053086042405,0.005013024806976407,0.16632988750934596,nan,0.0,nan,0.0,0
4,100,1156,0.043750000000000004,2560,1.784831702709198,0.317578125,0.908819505572319,0.8560876399278641,0.23828125,0.32700239270925524,0.6047004848718643,0.03137257695198059,0.06628547850996255,0.7522197157144547,0.9125522574862919,0.0037327519139728205,0.16632988750934596,nan,0.0,nan,0.0,0
4,120,1176,0.04450757575757576,2560,1.7641128122806549,0.33359375,0.9054139494895935,0.8552660882472992,0.244140625,0.32454868257045744,0.6046961635351181,0.03137257695198059,0.06603932939469814,0.7532962024211883,0.9088589310646057,0.0034449815750121626,0.16632988750934596,nan,0.0,nan,0.0,0
4,140,1196,0.045265151515151515,2560,1.7965523600578308,0.319921875,0.9082838714122772,0.8561873286962509,0.2375,0.35044866651296613,0.6006371974945068,0.03137257695198059,0.06322612091898919,0.7471232920885086,0.908819505572319,0.0005356341600418757,0.16632988750934596,nan,0.0,nan,0.0,0
4,160,1216,0.04602272727272727,2560,1.7908206045627595,0.31875,0.9057970702648163,0.8540784418582916,0.22578125,0.33648977130651475,0.6066154688596725,0.03137257695198059,0.06156132854521275,0.7455481320619584,0.9082838714122772,0.0024868011474609153,0.16632988750934596,nan,0.0,nan,0.0,0
4,180,1236,0.04678030303030303,2560,1.7713643074035645,0.336328125,0.9055367887020112,0.8561228603124619,0.225,0.33122557401657104,0.5996769160032273,0.03137257695198059,0.06285472270101308,0.7472683489322662,0.907892283797264,0.002355495095252902,0.16632988750934596,nan,0.0,nan,0.0,0
4,200,1256,0.047537878787878796,2560,1.7623507976531982,0.319921875,0.9025399833917618,0.8533376306295395,0.246484375,0.3283877268433571,0.6014981836080551,0.03137257695198059,0.06619527582079172,0.7525148659944534,0.9057970702648163,0.003257086873054482,0.16632988750934596,nan,0.0,nan,0.0,0
4,220,1276,0.04829545454545455,2560,1.7719626426696777,0.3265625,0.8973499953746795,0.8502931207418442,0.253125,0.35167008489370344,0.6033308863639831,0.03137257695198059,0.06618558410555124,0.7536992073059082,0.9055367887020112,0.008186793327331632,0.16632988750934596,nan,0.0,nan,0.0,0
4,240,1296,0.04905303030303031,2560,1.7956428050994873,0.3078125,0.9069943875074387,0.854182454943657,0.24140625,0.3391658753156662,0.6020482629537582,0.03137257695198059,0.065304259583354,0.7513046741485596,0.9055367887020112,-0.0014575988054275069,0.16632988750934596,nan,0.0,nan,0.0,0
4,260,1316,0.04981060606060606,2560,1.7946437478065491,0.304296875,0.9019857048988342,0.8541584283113479,0.234375,0.3384935140609741,0.6021742641925811,0.03137257695198059,0.06318575423210859,0.7483533322811127,0.9055367887020112,0.0035510838031769243,0.16632988750934596,nan,0.0,nan,0.0,0
4,280,1336,0.050568181818181825,2560,1.7527261137962342,0.339453125,0.9030504912137985,0.8560281366109848,0.226953125,0.3343225583434105,0.6011467158794404,0.03137257695198059,0.06684041917324066,0.7546066820621491,0.9025399833917618,-0.0005105078220367654,0.16632988750934596,nan,0.0,nan,0.0,0
4,300,1356,0.05132575757575758,2560,1.7833291471004487,0.323828125,0.9002256035804749,0.8537857174873352,0.234765625,0.34828389137983323,0.6031774163246155,0.03137257695198059,0.06703710649162531,0.7539768397808075,0.9025399833917618,0.002314379811286904,0.16632988750934596,nan,0.0,nan,0.0,0
4,320,1376,0.05208333333333334,2560,1.752256029844284,0.32578125,0.8976635962724686,0.8539378017187118,0.24609375,0.34501746743917466,0.6020382136106491,0.03137257695198059,0.06577906776219607,0.7533983409404754,0.9019857048988342,0.004322108626365617,0.16632988750934596,nan,0.0,nan,0.0,0
4,340,1396,0.0528409090909091,2560,1.7566285133361816,0.342578125,0.8979053556919098,0.8483389735221862,0.235546875,0.3566288039088249,0.6003508478403091,0.03137257695198059,0.06116394251585007,0.7446517795324326,0.9019857048988342,0.004080349206924461,0.16632988750934596,nan,0.0,nan,0.0,0
4,352,1408,0.05329545454545455,1480,1.7349592034881178,0.337837838643306,0.9065659848419396,0.8544794491819433,0.2398648650259585,0.34440742360579,0.6030874007457011,0.03137257695198059,0.05826496975244703,0.7395426717964378,0.9002256035804749,-0.006340381261464745,0.16632988750934596,nan,0.0,nan,0.0,0
5,20,1428,0.054053030303030304,2560,1.7235558748245239,0.32421875,0.8949569553136826,0.8493430018424988,0.264453125,0.35481121242046354,0.6011678218841553,0.03137257695198059,0.06220070458948612,0.7483339250087738,0.9002256035804749,0.005268648266792297,0.16632988750934596,nan,0.0,nan,0.0,0
5,40,1448,0.05481060606060606,2560,1.7119760870933534,0.338671875,0.8933451116085053,0.84491668343544,0.242578125,0.3643925428390503,0.6026007533073425,0.03137257695198059,0.06436568144708872,0.7512889981269837,0.8979053556919098,0.004560244083404497,0.16632988750934596,nan,0.0,nan,0.0,0
5,60,1468,0.05556818181818182,2560,1.7143420040607453,0.3609375,0.8984730660915374,0.8500892847776413,0.237109375,0.35763558000326157,0.6016393214464187,0.03137257695198059,0.06373127643018961,0.7523340880870819,0.8976635962724686,-0.0008094698190688199,0.16632988750934596,nan,0.0,nan,0.0,0
5,80,1488,0.05632575757575758,2560,1.7159407913684845,0.358203125,0.895964378118515,0.850697860121727,0.23828125,0.3713365003466606,0.5978407800197602,0.03137257695198059,0.06665938682854175,0.7550515174865723,0.8979053556919098,0.001940977573394731,0.16632988750934596,nan,0.0,nan,0.0,0
5,100,1508,0.05708333333333333,2560,1.7094857573509217,0.344921875,0.8966468304395676,0.8474177271127701,0.27265625,0.36505023539066317,0.5993112087249756,0.03137257695198059,0.06251486130058766,0.7494028627872467,0.895964378118515,-0.0006824523210525735,0.16632988750934596,nan,0.0,nan,0.0,0
5,120,1528,0.05784090909090909,2560,1.7316744089126588,0.344140625,0.8919049203395844,0.8478724330663681,0.2546875,0.3730458676815033,0.6015173733234406,0.03137257695198059,0.06328664179891348,0.7505222529172897,0.895964378118515,0.004059457778930686,0.16632988750934596,nan,0.0,nan,0.0,0
5,140,1548,0.058598484848484844,2560,1.6637542068958282,0.361328125,0.899215367436409,0.8537300258874894,0.238671875,0.3571443662047386,0.5991628229618072,0.03137257695198059,0.06085660494863987,0.7464724391698837,0.895964378118515,-0.0032509893178939153,0.16632988750934596,nan,0.0,nan,0.0,0
5,160,1568,0.05935606060606061,2560,1.7352639794349671,0.349609375,0.8934110045433045,0.8460478693246841,0.25546875,0.3803887411952019,0.60039102435112,0.03137257695198059,0.062163952738046646,0.7485658317804337,0.8966468304395676,0.0032358258962631448,0.16632988750934596,nan,0.0,nan,0.0,0
5,180,1588,0.06011363636363637,2560,1.713804292678833,0.338671875,0.8973722994327545,0.851009514927864,0.259375,0.3609777346253395,0.5979853481054306,0.03137257695198059,0.06299593485891819,0.7493611812591553,0.895964378118515,-0.001407921314239502,0.16632988750934596,nan,0.0,nan,0.0,0
5,200,1608,0.06087121212121213,2560,1.7227647304534912,0.33828125,0.8909196138381958,0.8410101801156997,0.26484375,0.3701144725084305,0.6009730219841003,0.03137257695198059,0.060170800611376765,0.7442414909601212,0.8966468304395676,0.005727216601371765,0.16632988750934596,nan,0.0,nan,0.0,0
5,220,1628,0.06162878787878789,2560,1.7207861542701721,0.340625,0.8932312875986099,0.8466704279184342,0.25390625,0.38025820553302764,0.5964890956878662,0.03137257695198059,0.061453760415315625,0.746553710103035,0.8934110045433045,0.00017971694469454125,0.16632988750934596,nan,0.0,nan,0.0,0
5,240,1648,0.06238636363636364,2560,1.696742308139801,0.3546875,0.8836872726678848,0.8379635095596314,0.240234375,0.3549662411212921,0.6039208948612214,0.03137257695198059,0.06154104731976986,0.7466856837272644,0.8934110045433045,0.009723731875419639,0.16632988750934596,nan,0.0,nan,0.0,0
5,260,1668,0.0631439393939394,2560,1.6606248259544372,0.363671875,0.8865334779024124,0.8443955957889557,0.25625,0.3751378536224365,0.6010140955448151,0.03137257695198059,0.0638332150876522,0.7505120635032654,0.8932312875986099,0.0066978096961974876,0.16632988750934596,nan,0.0,nan,0.0,0
5,280,1688,0.06390151515151515,2560,1.6684833288192749,0.358203125,0.8803232103586197,0.8401934474706649,0.251953125,0.3843350917100906,0.5970291346311569,0.03137257695198059,0.06348382439464331,0.7490392774343491,0.8909196138381958,0.010596403479576133,0.16632988750934596,nan,0.0,nan,0.0,0
5,300,1708,0.06465909090909092,2560,1.6918558359146119,0.35703125,0.8896430492401123,0.8461461573839187,0.245703125,0.38295628875494003,0.5991759210824966,0.03137257695198059,0.059953867085278036,0.7449275732040406,0.8865334779024124,-0.0031095713376998457,0.16632988750934596,nan,0.0,nan,0.0,0
5,320,1728,0.06541666666666666,2560,1.6521182775497436,0.36484375,0.8880988866090774,0.8444985955953598,0.2453125,0.3652117893099785,0.6031072258949279,0.03137257695198059,0.06071725711226463,0.7460232943296432,0.8865334779024124,-0.0015654087066649947,0.16632988750934596,nan,0.0,nan,0.0,0
5,340,1748,0.06617424242424243,2560,1.6988370954990386,0.351953125,0.8909227430820466,0.8438751429319382,0.251171875,0.37527352571487427,0.6028882592916489,0.03137257695198059,0.06096478085964918,0.7469140022993088,0.8865334779024124,-0.0043892651796341164,0.16632988750934596,nan,0.0,nan,0.0,0
5,352,1760,0.06662878787878788,1480,1.6988465405799247,0.3425675677286612,0.8773002701836663,0.8332935468570606,0.2608108106497172,0.37848038560635333,0.6016091540053085,0.03137257695198059,0.0642238003579346,0.7509713359781214,0.8880988866090774,0.010798616425411134,0.16632988750934596,nan,0.0,nan,0.0,0
6,20,1780,0.06738636363636363,2560,1.685938572883606,0.359375,0.8848816871643066,0.8425317376852035,0.247265625,0.37299532294273374,0.5952013850212097,0.03137257695198059,0.060990556888282296,0.7469850659370423,0.8880988866090774,0.003217199444770835,0.16632988750934596,nan,0.0,nan,0.0,0
6,40,1800,0.0681439393939394,2560,1.6529451608657837,0.35859375,0.8849004477262497,0.8442221522331238,0.246484375,0.3600668102502823,0.5990081995725631,0.03137257695198059,0.0612780649214983,0.7472408473491668,0.8880988866090774,0.003198438882827781,0.16632988750934596,nan,0.0,nan,0.0,0
6,60,1820,0.06890151515151514,2560,1.658859634399414,0.355078125,0.8841397553682327,0.8420993983745575,0.262890625,0.3773517653346062,0.5995131403207778,0.03137257695198059,0.059211504831910136,0.7430727899074554,0.8849004477262497,0.0007606923580169012,0.16632988750934596,nan,0.0,nan,0.0,0
6,80,1840,0.0696590909090909,2560,1.6216231405735015,0.378515625,0.8804615467786789,0.8365303248167038,0.252734375,0.376852935552597,0.5977937281131744,0.03137257695198059,0.05992003697901964,0.74448561668396,0.8848816871643066,0.004420140385627658,0.16632988750934596,nan,0.0,nan,0.0,0
6,100,1860,0.07041666666666667,2560,1.640232914686203,0.373828125,0.8819388061761856,0.8426624506711959,0.239453125,0.37928328961133956,0.5993854701519012,0.03137257695198059,0.060511196218431,0.7465634882450104,0.8841397553682327,0.0022009491920471635,0.16632988750934596,nan,0.0,nan,0.0,0
6,120,1880,0.07117424242424243,2560,1.6387942016124726,0.36796875,0.8763447076082229,0.8366652309894562,0.2546875,0.39397651702165604,0.5990748256444931,0.03137257695198059,0.06237434800714255,0.749269711971283,0.8841397553682327,0.007795047760009832,0.16632988750934596,nan,0.0,nan,0.0,0
6,140,1900,0.0719318181818182,2560,1.6689661920070649,0.36875,0.8861450046300888,0.8423412472009659,0.2390625,0.38265357315540316,0.5968380212783814,0.03137257695198059,0.06260669529438019,0.7489285737276077,0.8819388061761856,-0.004206198453903243,0.16632988750934596,nan,0.0,nan,0.0,0
6,160,1920,0.07268939393939394,2560,1.66261944770813,0.356640625,0.8802816182374954,0.8414411097764969,0.27421875,0.37699431777000425,0.5998834162950516,0.03137257695198059,0.06265082880854607,0.750877183675766,0.8819388061761856,0.0016571879386901855,0.16632988750934596,nan,0.0,nan,0.0,0
6,180,1940,0.0734469696969697,2560,1.616706907749176,0.377734375,0.8711860209703446,0.834608992934227,0.283203125,0.39353722184896467,0.6013492733240128,0.03137257695198059,0.061281011812388896,0.7463049501180649,0.8804615467786789,0.00927552580833435,0.16632988750934596,nan,0.0,nan,0.0,0
6,200,1960,0.07420454545454545,2560,1.6299375593662262,0.373828125,0.8833191066980361,0.8443046838045121,0.266015625,0.3848476052284241,0.6003203302621841,0.03137257695198059,0.06510075349360704,0.7543255895376205,0.8802816182374954,-0.0030374884605407493,0.16632988750934596,nan,0.0,nan,0.0,0
6,220,1980,0.07496212121212122,2560,1.6323458194732665,0.384375,0.8765172123908996,0.8372059017419815,0.252734375,0.38409172296524047,0.5991513729095459,0.03137257695198059,0.05808978080749512,0.7421058923006058,0.8802816182374954,0.003764405846595764,0.16632988750934596,nan,0.0,nan,0.0,0
6,240,2000,0.07571969696969698,2560,1.6672782897949219,0.36484375,0.876777857542038,0.8380362391471863,0.262109375,0.3917866304516792,0.59739471077919,0.03137257695198059,0.05909298472106457,0.7426665872335434,0.8802816182374954,0.0035037606954574363,0.16632988750934596,nan,0.0,nan,0.0,0
6,260,2020,0.07647727272727273,2560,1.6484753131866454,0.37421875,0.8785714864730835,0.8382864892482758,0.259375,0.376725959777832,0.5960025936365128,0.03137257695198059,0.05943994726985693,0.7454087436199188,0.876777857542038,-0.00179362893104551,0.16632988750934596,nan,0.0,nan,0.0,0
6,280,2040,0.07723484848484849,2560,1.6068490207195283,0.38515625,0.8678975194692612,0.8354292690753937,0.2625,0.3936149477958679,0.5987498104572296,0.03137257695198059,0.05812260527163744,0.7411868304014206,0.876777857542038,0.008880338072776772,0.16632988750934596,nan,0.0,nan,0.0,0
6,300,2060,0.07799242424242425,2560,1.5897620677948,0.398046875,0.8693109214305877,0.8326579004526138,0.266796875,0.3934817761182785,0.5952008754014969,0.03137257695198059,0.06157891508191824,0.7486644893884659,0.876777857542038,0.0074669361114502175,0.16632988750934596,nan,0.0,nan,0.0,0
6,320,2080,0.07875,2560,1.6185393571853637,0.37734375,0.8730293422937393,0.8394722163677215,0.26796875,0.3926177233457565,0.5977087914943695,0.03137257695198059,0.06038286853581667,0.7462007939815521,0.8765172123908996,0.0034878700971603394,0.16632988750934596,nan,0.0,nan,0.0,0
6,340,2100,0.07950757575757576,2560,1.6029121220111846,0.39375,0.8759240657091141,0.8370344996452331,0.27421875,0.38359093964099883,0.5973938167095184,0.03137257695198059,0.057672209851443765,0.7407430052757263,0.8730293422937393,-0.002894723415374778,0.16632988750934596,nan,0.0,nan,0.0,0
6,352,2112,0.0799621212121212,1480,1.5745943217664151,0.4040540542151477,0.8621816409600748,0.8259090452580838,0.2527027025416091,0.4040443480014801,0.6004102197853295,0.031372576770750255,0.05670260903803078,0.7400295096474725,0.8730293422937393,0.010847701333664528,0.16632988750934596,nan,0.0,nan,0.0,0
7,20,2132,0.08071969696969698,2560,1.6057656824588775,0.385546875,0.8646719992160797,0.8339013636112214,0.2765625,0.3918904811143875,0.5963896661996841,0.03137257695198059,0.05736860651522875,0.7416631996631622,0.8693109214305877,0.004638922214508012,0.16632988750934596,nan,0.0,nan,0.0,0
7,40,2152,0.08147727272727273,2560,1.6156995236873626,0.376171875,0.8752875238656997,0.8369364649057388,0.271875,0.39006215780973436,0.5957710444927216,0.03137257695198059,0.062136633694171904,0.7493542790412903,0.8693109214305877,-0.0059766024351119995,0.16632988750934596,nan,0.0,nan,0.0,0
7,60,2172,0.0822348484848485,2560,1.6202272474765778,0.37578125,0.8642949402332306,0.8296456873416901,0.26953125,0.4018095299601555,0.5961912959814072,0.03137257695198059,0.058251010812819005,0.7418815582990647,0.8730293422937393,0.008734402060508684,0.16632988750934596,nan,0.0,nan,0.0,0
7,80,2192,0.08299242424242426,2560,1.6557807624340057,0.36875,0.8670800119638443,0.8316148370504379,0.243359375,0.39234687238931654,0.5953661769628524,0.03137257695198059,0.058238796703517434,0.7426388978958129,0.8646719992160797,-0.0024080127477645874,0.16632988750934596,nan,0.0,nan,0.0,0
7,100,2212,0.08375,2560,1.5786911427974701,0.39453125,0.8630936414003372,0.8311526119709015,0.24453125,0.37135535627603533,0.5974515467882157,0.03137257695198059,0.05540736149996519,0.7373511582612992,0.8646719992160797,0.0015783578157425593,0.16632988750934596,nan,0.0,nan,0.0,0
7,120,2232,0.08450757575757577,2560,1.5855271995067597,0.391015625,0.8603489220142364,0.8282291620969773,0.267578125,0.3833081856369972,0.5952556759119034,0.03137257695198059,0.055373257398605345,0.7388121813535691,0.8646719992160797,0.004323077201843328,0.16632988750934596,nan,0.0,nan,0.0,0
7,140,2252,0.08526515151515152,2560,1.580620014667511,0.39609375,0.8748686760663986,0.8377207607030869,0.2609375,0.3898644283413887,0.6021759212017059,0.03137257695198059,0.060292183235287664,0.7440714001655578,0.8642949402332306,-0.010573735833168008,0.16632988750934596,nan,0.0,nan,0.0,0
7,160,2272,0.08602272727272728,2560,1.5722955226898194,0.396875,0.8536894232034683,0.8240635097026825,0.28203125,0.4002185970544815,0.5958395838737488,0.03137257695198059,0.05781768914312124,0.7407659262418747,0.8642949402332306,0.010605517029762312,0.16632988750934596,nan,0.0,nan,0.0,0
7,180,2292,0.08678030303030304,2560,1.5379488348960877,0.41640625,0.8648528456687927,0.8313845545053482,0.2640625,0.3960519477725029,0.5993923425674439,0.03137257695198059,0.05640542544424534,0.7385318398475647,0.8630936414003372,-0.0017592042684555498,0.16632988750934596,nan,0.0,nan,0.0,0
7,200,2312,0.08753787878787879,2560,1.6109538674354553,0.38515625,0.8696076601743699,0.833638659119606,0.25703125,0.41085265427827833,0.5969270229339599,0.03137257695198059,0.05718419048935175,0.7406605392694473,0.8630936414003372,-0.006514018774032682,0.16632988750934596,nan,0.0,nan,0.0,0
7,220,2332,0.08829545454545455,2560,1.5798002898693084,0.393359375,0.8675589591264725,0.8302115350961685,0.258203125,0.4051739603281021,0.5983595758676529,0.03137257695198059,0.05414097011089325,0.7348742663860321,0.8648528456687927,-0.002706113457679793,0.16632988750934596,nan,0.0,nan,0.0,0
7,240,2352,0.0890530303030303,2560,1.5784494936466218,0.396875,0.8672374725341797,0.8300157099962234,0.260546875,0.40034821927547454,0.5970265924930572,0.03137257695198059,0.05441585537046194,0.7354631841182708,0.8675589591264725,0.00032148659229280785,0.16632988750934596,nan,0.0,nan,0.0,0
7,260,2372,0.08981060606060606,2560,1.6133301734924317,0.383203125,0.8689016461372375,0.8322101831436157,0.281640625,0.40899748355150223,0.5988411158323288,0.03137257695198059,0.05629816725850105,0.7389771163463592,0.8672374725341797,-0.001664173603057817,0.16632988750934596,nan,0.0,nan,0.0,0
7,280,2392,0.09056818181818183,2560,1.5670046925544738,0.40625,0.8563694685697556,0.8247478663921356,0.2734375,0.40404189825057985,0.5968597650527954,0.03137257695198059,0.05289052613079548,0.7321435540914536,0.8675589591264725,0.011189490556716919,0.16632988750934596,nan,0.0,nan,0.0,0
7,300,2412,0.09132575757575757,2560,1.5728188931941987,0.39140625,0.855968227982521,0.828922039270401,0.283984375,0.40698207169771194,0.5973933130502701,0.03137257695198059,0.05649708788841963,0.7384286522865295,0.8675589591264725,0.011590731143951483,0.16632988750934596,nan,0.0,nan,0.0,0
7,320,2432,0.09208333333333334,2560,1.560014671087265,0.396875,0.8630490958690643,0.8282832026481628,0.27421875,0.4019713133573532,0.5927743434906005,0.03137257695198059,0.05692072324454785,0.7378245741128922,0.8672374725341797,0.004188376665115401,0.16632988750934596,nan,0.0,nan,0.0,0
7,340,2452,0.0928409090909091,2560,1.5769329965114594,0.3953125,0.8456749826669693,0.8201409816741944,0.26328125,0.4056281387805939,0.5948823451995849,0.03137257695198059,0.05597740113735199,0.7382603079080582,0.8630490958690643,0.017374113202095032,0.16632988750934596,nan,0.0,nan,0.0,0
7,352,2464,0.09329545454545456,1480,1.5816635640891823,0.3945945950778755,0.8564549864949407,0.830692010312467,0.26689189253626644,0.3906512129951168,0.5964788984608006,0.03137257695198059,0.0576403959780126,0.7371530558611895,0.8563694685697556,-8.551792518507462e-05,0.16632988750934596,nan,0.0,nan,0.0,0
8,20,2484,0.0940530303030303,2560,1.537598156929016,0.413671875,0.8565071552991868,0.8267086237668991,0.272265625,0.3923287570476532,0.5988111078739167,0.03137257695198059,0.05743315313011408,0.7409723073244094,0.8563694685697556,-0.00013768672943115234,0.16632988750934596,nan,0.0,nan,0.0,0
8,40,2504,0.09481060606060607,2560,1.5482293725013734,0.4,0.8476641207933426,0.8238366633653641,0.277734375,0.42203298807144163,0.5958493739366532,0.03137257695198059,0.054295228235423564,0.7340197831392288,0.8564549864949407,0.008790865701598038,0.16632988750934596,nan,0.0,nan,0.0,0
8,60,2524,0.09556818181818183,2560,1.5988884031772614,0.387109375,0.8556266248226165,0.8279672116041183,0.269921875,0.4145580917596817,0.5969116419553757,0.03137257695198059,0.05747248157858849,0.7413583040237427,0.8564549864949407,0.0008283616723241405,0.16632988750934596,nan,0.0,nan,0.0,0
8,80,2544,0.09632575757575758,2560,1.525477659702301,0.415234375,0.8484930902719497,0.8243768215179443,0.266796875,0.3876937612891197,0.5981285303831101,0.03137257695198059,0.05509179066866636,0.7363634973764419,0.8556266248226165,0.007133534550666787,0.16632988750934596,nan,0.0,nan,0.0,0
8,100,2564,0.09708333333333334,2560,1.5263344526290894,0.421875,0.8538170784711838,0.8250510126352311,0.275390625,0.4085144609212875,0.6001431971788407,0.03137257695198059,0.054262958094477655,0.7363359302282333,0.8556266248226165,0.0018095463514327115,0.16632988750934596,nan,0.0,nan,0.0,0
8,120,2584,0.09784090909090909,2560,1.5510124802589416,0.40078125,0.8540719896554947,0.8261732906103134,0.267578125,0.4060944378376007,0.5923618495464325,0.03137257695198059,0.05217233058065176,0.7315637677907944,0.8538170784711838,-0.0002549111843108687,0.16632988750934596,nan,0.0,nan,0.0,0
8,140,2604,0.09859848484848485,2560,1.5515756487846375,0.40625,0.8553873836994171,0.8263462275266648,0.270703125,0.4014363780617714,0.5963741481304169,0.03137257695198059,0.05325432196259498,0.7310218811035156,0.8538170784711838,-0.0015703052282333152,0.16632988750934596,nan,0.0,nan,0.0,0
8,160,2624,0.09935606060606061,2560,1.5516500234603883,0.40390625,0.846201378107071,0.8248445063829422,0.27421875,0.4147520184516907,0.6001794338226318,0.03137257695198059,0.05166126266121864,0.7302038580179214,0.8540719896554947,0.007870611548423723,0.16632988750934596,nan,0.0,nan,0.0,0
8,180,2644,0.10011363636363638,2560,1.535799938440323,0.414453125,0.8551833301782608,0.8236108303070069,0.259765625,0.3961643621325493,0.5978517085313797,0.03137257695198059,0.05283614955842495,0.7328787297010422,0.8538170784711838,-0.0013662517070769375,0.16632988750934596,nan,0.0,nan,0.0,0
8,200,2664,0.10087121212121214,2560,1.5455162942409515,0.414453125,0.843195429444313,0.8202690333127975,0.278125,0.41870603114366534,0.5951439052820205,0.03137257695198059,0.054003710858523846,0.7350070953369141,0.8540719896554947,0.010876560211181663,0.16632988750934596,nan,0.0,nan,0.0,0
8,220,2684,0.10162878787878789,2560,1.560819399356842,0.40859375,0.8537417083978653,0.8235751032829285,0.271875,0.4098645582795143,0.5989420711994171,0.03137257695198059,0.05499080829322338,0.7376952767372131,0.8540719896554947,0.0003302812576293501,0.16632988750934596,nan,0.0,nan,0.0,0
8,240,2704,0.10238636363636365,2560,1.5525396108627318,0.41484375,0.8495184063911438,0.821779528260231,0.252734375,0.4041972517967224,0.5980446040630341,0.03137257695198059,0.05036779269576073,0.7267218798398971,0.8537417083978653,0.004223302006721497,0.16632988750934596,nan,0.0,nan,0.0,0
8,260,2724,0.1031439393939394,2560,1.5094069421291352,0.42890625,0.8406274199485779,0.8169680446386337,0.27421875,0.412018983066082,0.5911230891942978,0.03137257695198059,0.05044131930917502,0.7269226163625717,0.8495184063911438,0.008890986442565918,0.16632988750934596,nan,0.0,nan,0.0,0
8,280,2744,0.10390151515151516,2560,1.5492420971393586,0.408203125,0.8483304262161255,0.822850438952446,0.2859375,0.40731271505355837,0.5974576532840729,0.03137257695198059,0.050888792425394055,0.7292187720537185,0.8495184063911438,0.0011879801750183105,0.16632988750934596,nan,0.0,nan,0.0,0
8,300,2764,0.10465909090909092,2560,1.5443302810192108,0.414453125,0.8435997307300568,0.8187477320432663,0.274609375,0.41998923271894456,0.5919881403446198,0.03137257695198059,0.053124244697391985,0.7329485505819321,0.8483304262161255,0.004730695486068748,0.16632988750934596,nan,0.0,nan,0.0,0
8,320,2784,0.10541666666666667,2560,1.5473377525806427,0.41796875,0.848098286986351,0.819555813074112,0.267578125,0.4218310430645943,0.5938755214214325,0.03137257695198059,0.0531891131773591,0.7320990443229676,0.8483304262161255,0.0002321392297744973,0.16632988750934596,nan,0.0,nan,0.0,0
8,340,2804,0.10617424242424243,2560,1.5392297327518463,0.4015625,0.8606145292520523,0.8315287411212922,0.281640625,0.40130899101495743,0.5941347986459732,0.03137257695198059,0.05331728756427765,0.7329338163137435,0.848098286986351,-0.01251624226570125,0.16632988750934596,nan,0.0,nan,0.0,0
8,352,2816,0.10662878787878789,1480,1.5831476901028607,0.3939189189189189,0.8302781752637914,0.8152819043881184,0.2614864866475801,0.42367274873965494,0.5934651841988434,0.03137257695198059,0.054430230586109934,0.7367650357452599,0.848098286986351,0.017820111722559595,0.16632988750934596,nan,0.0,nan,0.0,0
9,20,2836,0.10738636363636365,2560,1.5473253011703492,0.39453125,0.8524584978818893,0.8244091182947159,0.28671875,0.3984909564256668,0.6002006739377975,0.03137257695198059,0.053587152250111104,0.7341776788234711,0.848098286986351,-0.004360210895538286,0.16632988750934596,nan,0.0,nan,0.0,0
9,40,2856,0.1081439393939394,2560,1.5216389834880828,0.419140625,0.837392607331276,0.8172161340713501,0.26015625,0.4056539848446846,0.5924225062131881,0.03137257695198059,0.053340967372059823,0.7333279013633728,0.848098286986351,0.010705679655075073,0.16632988750934596,nan,0.0,nan,0.0,0
9,60,2876,0.10890151515151517,2560,1.4936896979808807,0.4234375,0.8486143171787262,0.8208002954721451,0.265625,0.39105122089385985,0.5929870814085006,0.03137257695198059,0.05097641106694937,0.7285234987735748,0.848098286986351,-0.0005160301923751165,0.16632988750934596,nan,0.0,nan,0.0,0
9,80,2896,0.10965909090909093,2560,1.5195204615592957,0.42734375,0.8400869488716125,0.8180502742528916,0.273828125,0.4180644705891609,0.595579418540001,0.03137257695198059,0.053575724735856055,0.7342273414134979,0.8486143171787262,0.008527368307113647,0.16632988750934596,nan,0.0,nan,0.0,0
9,100,2916,0.11041666666666668,2560,1.509600156545639,0.42421875,0.8435969531536103,0.8220005214214325,0.267578125,0.42172077745199205,0.5907945156097412,0.03137257695198059,0.05157881118357181,0.7296412765979767,0.8400869488716125,-0.0035100042819977695,0.16632988750934596,nan,0.0,nan,0.0,0
9,120,2936,0.11117424242424244,2560,1.5437600374221803,0.419140625,0.8374228835105896,0.8224365442991257,0.276171875,0.42469100952148436,0.5964726984500885,0.03137257695198059,0.0496943598613143,0.7268076658248901,0.8435969531536103,0.0061740696430206965,0.16632988750934596,nan,0.0,nan,0.0,0
9,140,2956,0.11193181818181819,2560,1.5214328169822693,0.42890625,0.8440687984228135,0.8201019525527954,0.255078125,0.4062787637114525,0.5959251642227172,0.03137257695198059,0.051030107960104945,0.7286963582038879,0.8400869488716125,-0.0039818495512009555,0.16632988750934596,nan,0.0,nan,0.0,0
9,160,2976,0.11268939393939395,2560,1.5376686453819275,0.40234375,0.8285676926374436,0.8131794154644012,0.29453125,0.417312191426754,0.5944103449583054,0.03137257695198059,0.05184297040104866,0.7318421512842178,0.8435969531536103,0.01502926051616671,0.16632988750934596,nan,0.0,nan,0.0,0
9,180,2996,0.11344696969696971,2560,1.5056369602680206,0.420703125,0.8361918270587921,0.8175909847021103,0.271875,0.42204628735780714,0.5923420190811157,0.03137257695198059,0.05259706843644381,0.7336109489202499,0.8400869488716125,0.003895121812820368,0.16632988750934596,nan,0.0,nan,0.0,0
9,200,3016,0.11420454545454546,2560,1.5358476281166076,0.42421875,0.8381462454795837,0.8162456721067428,0.264453125,0.42358228713274004,0.5983454614877701,0.03137257695198059,0.05361227784305811,0.7336951673030854,0.8374228835105896,-0.0007233619689941406,0.16632988750934596,nan,0.0,nan,0.0,0
9,220,3036,0.11496212121212122,2560,1.4968747615814209,0.42578125,0.8442964941263199,0.8198622554540634,0.272265625,0.42294044643640516,0.5934052973985672,0.03137257695198059,0.052666221559047696,0.731014358997345,0.8374228835105896,-0.00687361061573033,0.16632988750934596,nan,0.0,nan,0.0,0
9,240,3056,0.11571969696969697,2560,1.5257060647010803,0.430078125,0.8306506931781769,0.8185716241598129,0.2625,0.41880232393741607,0.5987119227647781,0.03137257695198059,0.04971814248710871,0.7276221126317978,0.8381462454795837,0.00749555230140686,0.16632988750934596,nan,0.0,nan,0.0,0
9,260,3076,0.11647727272727273,2560,1.5466438949108123,0.408203125,0.8416829109191895,0.8200396418571472,0.29140625,0.412054143846035,0.5907057613134384,0.03137257695198059,0.051673006080091,0.7315661042928696,0.8361918270587921,-0.005491083860397317,0.16632988750934596,nan,0.0,nan,0.0,0
9,280,3096,0.1172348484848485,2560,1.5266839981079101,0.4125,0.8363980203866959,0.8196515649557113,0.283203125,0.41023309230804444,0.5922143459320068,0.03137257695198059,0.05040904060006142,0.7287471890449524,0.8381462454795837,0.0017482250928878562,0.16632988750934596,nan,0.0,nan,0.0,0
9,300,3116,0.11799242424242425,2560,1.4947329342365265,0.445703125,0.8375092804431915,0.8166762292385101,0.265234375,0.4152003854513168,0.5979919582605362,0.03137257695198059,0.049514158815145495,0.726275509595871,0.8381462454795837,0.0006369650363922119,0.16632988750934596,nan,0.0,nan,0.0,0
9,320,3136,0.11875000000000001,2560,1.5267315924167633,0.41875,0.8335464000701904,0.8178985774517059,0.274609375,0.4358683884143829,0.5920119225978852,0.03137257695198059,0.04796671457588673,0.7234370172023773,0.8375092804431915,0.003962880373001076,0.16632988750934596,nan,0.0,nan,0.0,0
9,340,3156,0.11950757575757576,2560,1.5053716242313384,0.426953125,0.8474861800670623,0.8262119501829147,0.27421875,0.40658954828977584,0.5967650294303894,0.03137257695198059,0.05051210932433605,0.7298572599887848,0.8363980203866959,-0.011088159680366472,0.16632988750934596,nan,0.0,nan,0.0,0
9,352,3168,0.11996212121212123,1480,1.5038196138433508,0.41621621621621624,0.8418653433387344,0.8198801063202523,0.2682432435654305,0.4128662133539045,0.5890864955412375,0.03137257695198059,0.0522957514468077,0.7306016619141037,0.8375092804431915,-0.0043560628955429115,0.16632988750934596,nan,0.0,nan,0.0,0
10,20,3188,0.12071969696969698,2560,1.4893127143383027,0.4234375,0.8327001571655274,0.8163687527179718,0.287109375,0.41464208364486693,0.5944792687892914,0.03137257695198059,0.052207200974226,0.7312130242586136,0.8375092804431915,0.00480912327766414,0.16632988750934596,nan,0.0,nan,0.0,0
10,40,3208,0.12147727272727274,2560,1.5064481675624848,0.420703125,0.8245528787374496,0.8128232538700104,0.2734375,0.40885127037763597,0.5963282465934754,0.03137257695198059,0.04734786003828049,0.7228093564510345,0.8375092804431915,0.01295640170574186,0.16632988750934596,nan,0.0,nan,0.0,0
10,60,3228,0.1222348484848485,2560,1.493610692024231,0.415625,0.8198663115501403,0.8110935360193252,0.295703125,0.42983187884092333,0.5914848536252976,0.03137257695198059,0.05060695819556713,0.728276464343071,0.8335464000701904,0.013680088520050093,0.16632988750934596,nan,0.0,nan,0.0,0
10,80,3248,0.12299242424242425,2560,1.5013492405414581,0.427734375,0.8455069780349731,0.8227749109268189,0.2625,0.41692978888750076,0.5926647394895553,0.03137257695198059,0.050415977276861666,0.7289289444684982,0.8327001571655274,-0.012806820869445734,0.16632988750934596,nan,0.0,nan,0.0,0
10,100,3268,0.12375000000000001,2560,1.4802449285984038,0.433984375,0.8365015685558319,0.81948002576828,0.26953125,0.41714012920856475,0.5979273706674576,0.03137257695198059,0.051156343333423136,0.729323324561119,0.8327001571655274,-0.0038014113903045432,0.16632988750934596,nan,0.0,nan,0.0,0
10,120,3288,0.12450757575757576,2560,1.528094434738159,0.417578125,0.8302873313426972,0.8149254024028778,0.278515625,0.4281411439180374,0.5990291833877563,0.03137257695198059,0.04939779229462147,0.7262990117073059,0.8327001571655274,0.0024128258228302,0.16632988750934596,nan,0.0,nan,0.0,0
10,140,3308,0.12526515151515152,2560,1.5111135482788085,0.43515625,0.8379703909158707,0.8183405697345734,0.2578125,0.4161717653274536,0.5900763392448425,0.03137257695198059,0.050172185711562636,0.727115023136139,0.8302873313426972,-0.007683059573173501,0.16632988750934596,nan,0.0,nan,0.0,0
10,160,3328,0.1260227272727273,2560,1.474508273601532,0.442578125,0.8391569137573243,0.8154663264751434,0.2640625,0.41358043551445006,0.5940628200769424,0.03137257695198059,0.04716922231018543,0.7208652883768082,0.8365015685558319,-0.002655345201492354,0.16632988750934596,nan,0.0,nan,0.0,0
10,180,3348,0.12678030303030305,2560,1.515219396352768,0.421875,0.813341811299324,0.8067321985960006,0.26953125,0.43180317133665086,0.5938003778457641,0.03137257695198059,0.0481321431696415,0.7234802812337875,0.8379703909158707,0.02462857961654663,0.16632988750934596,nan,0.0,nan,0.0,0
10,200,3368,0.12753787878787878,2560,1.5225742280483245,0.416015625,0.8305659830570221,0.8143089532852172,0.271875,0.4056796669960022,0.5888785272836685,0.03137257695198059,0.049228810146450995,0.7253614962100983,0.8365015685558319,0.005935585498809792,0.16632988750934596,nan,0.0,nan,0.0,0
10,220,3388,0.12829545454545455,2560,1.5022127747535705,0.4359375,0.83384869992733,0.8140472590923309,0.277734375,0.4185550019145012,0.5936846613883973,0.03137257695198059,0.0471824387088418,0.7192851662635803,0.8305659830570221,-0.0032827168703079,0.16632988750934596,nan,0.0,nan,0.0,0
10,240,3408,0.1290530303030303,2560,1.5004540264606476,0.4265625,0.8413307189941406,0.8196532160043717,0.28203125,0.4183147683739662,0.5951079279184341,0.03137257695198059,0.05031647402793169,0.7282985180616379,0.83384869992733,-0.0074820190668105635,0.16632988750934596,nan,0.0,nan,0.0,0
10,260,3428,0.12981060606060607,2560,1.4742782175540925,0.429296875,0.8182192206382751,0.8064244747161865,0.28671875,0.41219727098941805,0.5887110590934753,0.03137257695198059,0.04812397360801697,0.7229523092508316,0.83384869992733,0.015629479289054893,0.16632988750934596,nan,0.0,nan,0.0,0
10,280,3448,0.13056818181818183,2560,1.5078348457813262,0.418359375,0.8165782213211059,0.8106069147586823,0.269921875,0.4180195480585098,0.5836619228124619,0.03137257695198059,0.049998733773827554,0.7270028948783874,0.8305659830570221,0.013987761735916204,0.16632988750934596,nan,0.0,nan,0.0,0
10,300,3468,0.13132575757575757,2560,1.5309146702289582,0.413671875,0.8238696992397309,0.8107607781887054,0.2609375,0.4120458483695984,0.5942374020814896,0.03137257695198059,0.05118317231535911,0.7297850340604782,0.8305659830570221,0.00669628381729126,0.16632988750934596,nan,0.0,nan,0.0,0
10,320,3488,0.13208333333333333,2560,1.4659648001194001,0.441015625,0.8332719564437866,0.8147350490093231,0.28203125,0.4285592183470726,0.5888265132904053,0.03137257695198059,0.04697000533342362,0.7205508440732956,0.8238696992397309,-0.009402257204055742,0.16632988750934596,nan,0.0,nan,0.0,0
10,340,3508,0.1328409090909091,2560,1.4697945773601533,0.44609375,0.8210792958736419,0.807129693031311,0.272265625,0.4183452472090721,0.5957688808441162,0.03137257695198059,0.044812841713428496,0.717563858628273,0.8238696992397309,0.002790403366088934,0.16632988750934596,nan,0.0,nan,0.0,0
10,352,3520,0.13329545454545455,1480,1.5229730477204193,0.4304054058886863,0.8162268203658026,0.8098736456922583,0.27972972981027655,0.4463981829785012,0.5890242505717922,0.03137257695198059,0.04889245490367348,0.7263632452165758,0.8210792958736419,0.004852475507839293,0.16632988750934596,nan,0.0,nan,0.0,0
11,20,3540,0.1340530303030303,2560,1.5241553425788879,0.412890625,0.826767960190773,0.8125142574310302,0.287890625,0.4190280601382256,0.5891424983739852,0.03137257695198059,0.04920909106731415,0.7251474857330322,0.8210792958736419,-0.005688664317131109,0.16632988750934596,nan,0.0,nan,0.0,0
11,40,3560,0.13481060606060608,2560,1.50374835729599,0.4359375,0.825171834230423,0.8130503505468368,0.276953125,0.4199887841939926,0.5929424524307251,0.03137257695198059,0.04810923356562853,0.7218994945287704,0.8238696992397309,-0.0013021349906920943,0.16632988750934596,nan,0.0,nan,0.0,0
11,60,3580,0.13556818181818184,2560,1.4758469402790069,0.443359375,0.8179541826248169,0.8088349848985672,0.265234375,0.4064790979027748,0.589470562338829,0.03137257695198059,0.047432236932218076,0.7208524197340012,0.825171834230423,0.007217651605606057,0.16632988750934596,nan,0.0,nan,0.0,0
11,80,3600,0.13632575757575757,2560,1.489318162202835,0.428125,0.8220065355300903,0.8103386163711548,0.286328125,0.4264472261071205,0.5946083277463913,0.03137257695198059,0.04693481307476759,0.720874497294426,0.8210792958736419,-0.0009272396564483643,0.16632988750934596,nan,0.0,nan,0.0,0
11,100,3620,0.13708333333333333,2560,1.4811319172382356,0.443359375,0.8214243113994598,0.8118076503276825,0.26328125,0.4215642288327217,0.5961840510368347,0.03137257695198059,0.047995650209486485,0.7233588606119156,0.8220065355300903,0.000582224130630471,0.16632988750934596,nan,0.0,nan,0.0,0
11,120,3640,0.1378409090909091,2560,1.4753089725971222,0.441796875,0.8027169108390808,0.7983635157346726,0.269921875,0.4319014623761177,0.5938214778900146,0.03137257695198059,0.04535685796290636,0.7173826098442078,0.8220065355300903,0.019289624691009477,0.16632988750934596,nan,0.0,nan,0.0,0
11,140,3660,0.13859848484848486,2560,1.4796537816524507,0.437890625,0.8179023742675782,0.8122769832611084,0.2796875,0.4288061439990997,0.5865581691265106,0.03137257695198059,0.05100526791065931,0.7288839310407639,0.8214243113994598,0.0035219371318816473,0.16632988750934596,nan,0.0,nan,0.0,0
11,160,3680,0.13935606060606062,2560,1.4719393253326416,0.450390625,0.8183480113744735,0.8103913843631745,0.258984375,0.42699515968561175,0.5884336084127426,0.03137257695198059,0.045902807265520096,0.7184428840875625,0.8179541826248169,-0.00039382874965665504,0.16632988750934596,nan,0.0,nan,0.0,0
11,180,3700,0.14011363636363636,2560,1.490965074300766,0.441796875,0.8049830973148346,0.8074585169553756,0.281640625,0.43097603470087054,0.5935808986425399,0.03137257695198059,0.045573347248137,0.7168266266584397,0.8183480113744735,0.01336491405963891,0.16632988750934596,nan,0.0,nan,0.0,0
11,200,3720,0.14087121212121212,2560,1.4664349615573884,0.440625,0.8202843785285949,0.8075917690992356,0.278515625,0.42887706905603407,0.5916346400976181,0.03137257695198059,0.04899758361279964,0.7263777315616607,0.8179023742675782,-0.002382004261016757,0.16632988750934596,nan,0.0,nan,0.0,0
11,220,3740,0.14162878787878788,2560,1.4820764422416688,0.434765625,0.8256634682416916,0.8116918116807937,0.291796875,0.43548111617565155,0.5869150966405868,0.03137257695198059,0.04631942454725504,0.720106515288353,0.8179023742675782,-0.007761093974113398,0.16632988750934596,nan,0.0,nan,0.0,0
11,240,3760,0.14238636363636364,2560,1.534680563211441,0.408984375,0.8239966303110122,0.8120816737413407,0.278125,0.4374126523733139,0.5957702815532684,0.03137257695198059,0.047261491790413855,0.7206324756145477,0.8183480113744735,-0.005648618936538674,0.16632988750934596,nan,0.0,nan,0.0,0
11,260,3780,0.1431439393939394,2560,1.4820926189422607,0.439453125,0.8184025138616562,0.8125707268714905,0.269140625,0.40901487320661545,0.5935081660747528,0.03137257695198059,0.051649757847189906,0.7315287053585052,0.8202843785285949,0.0018818646669387373,0.16632988750934596,nan,0.0,nan,0.0,0
11,280,3800,0.14390151515151514,2560,1.4840672492980957,0.424609375,0.8214199006557464,0.8094528436660766,0.278125,0.42341030240058897,0.5910045832395554,0.03137257695198059,0.05038488134741783,0.7284134566783905,0.8202843785285949,-0.0011355221271515115,0.16632988750934596,nan,0.0,nan,0.0,0
11,300,3820,0.1446590909090909,2560,1.4807765185832977,0.435546875,0.8149430453777313,0.8090568721294403,0.278125,0.429607155919075,0.5865078210830689,0.03137257695198059,0.04951415173709393,0.7264196842908859,0.8214199006557464,0.0064768552780151145,0.16632988750934596,nan,0.0,nan,0.0,0
11,320,3840,0.14541666666666667,2560,1.522005522251129,0.412109375,0.8122482538223267,0.8063132107257843,0.2890625,0.42640936821699144,0.5915411829948425,0.03137257695198059,0.04851424358785152,0.7245360761880875,0.8214199006557464,0.009171646833419755,0.16632988750934596,nan,0.0,nan,0.0,0
11,340,3860,0.14617424242424243,2560,1.4639866530895234,0.4421875,0.815723666548729,0.8043503016233444,0.271484375,0.4175621703267097,0.5926418453454971,0.03137257695198059,0.047254962101578715,0.7213728547096252,0.8184025138616562,0.002678847312927224,0.16632988750934596,nan,0.0,nan,0.0,0
11,352,3872,0.1466287878787879,1480,1.4654592153188344,0.4297297303741043,0.8247744959753913,0.813788687216269,0.2810810811616279,0.43359431463318904,0.5945284170073432,0.03137257695198059,0.04893836119287723,0.7260580223959845,0.815723666548729,-0.009050829426662355,0.16632988750934596,nan,0.0,nan,0.0,0
12,20,3892,0.14738636363636365,2560,1.4520241141319274,0.440234375,0.805020534992218,0.7988907068967819,0.26796875,0.4246144488453865,0.592062646150589,0.03137257695198059,0.04552626460790634,0.7172136098146439,0.815723666548729,0.010703131556510925,0.16632988750934596,nan,0.0,nan,0.0,0
12,40,3912,0.1481439393939394,2560,1.4656513333320618,0.43671875,0.8183426946401596,0.8070748805999756,0.271875,0.42023950517177583,0.5903551876544952,0.03137257695198059,0.05033311508595943,0.7272193610668183,0.8149430453777313,-0.003399649262428306,0.16632988750934596,nan,0.0,nan,0.0,0
12,60,3932,0.14890151515151515,2560,1.4694514930248261,0.439453125,0.818239402770996,0.8123729884624481,0.26953125,0.4226931408047676,0.5902725458145142,0.03137257695198059,0.0463608592748642,0.7205306053161621,0.815723666548729,-0.0025157362222670843,0.16632988750934596,nan,0.0,nan,0.0,0
12,80,3952,0.1496590909090909,2560,1.439067041873932,0.451171875,0.7938105702400208,0.7959817439317703,0.2859375,0.42662061750888824,0.5942794919013977,0.03137257695198059,0.046160310693085196,0.7187937378883362,0.818239402770996,0.024428832530975275,0.16632988750934596,nan,0.0,nan,0.0,0
12,100,3972,0.15041666666666667,2560,1.4518109798431396,0.436328125,0.8133656919002533,0.8045119136571884,0.284765625,0.4405632182955742,0.591304537653923,0.03137257695198059,0.0503867108374834,0.7296704262495041,0.818239402770996,0.004873710870742731,0.16632988750934596,nan,0.0,nan,0.0,0
12,120,3992,0.15117424242424243,2560,1.4865454733371735,0.43984375,0.8186121791601181,0.8093544214963913,0.276171875,0.4335078462958336,0.5944352626800538,0.03137257695198059,0.04901302941143513,0.726212015748024,0.8133656919002533,-0.005246487259864763,0.16632988750934596,nan,0.0,nan,0.0,0
12,140,4012,0.1519318181818182,2560,1.4650389790534972,0.4421875,0.8144295036792755,0.8036940455436706,0.2828125,0.43058367520570756,0.5898553431034088,0.03137257695198059,0.04553600959479809,0.7178409427404404,0.818239402770996,0.003809899091720581,0.16632988750934596,nan,0.0,nan,0.0,0
12,160,4032,0.15268939393939396,2560,1.505554473400116,0.424609375,0.8066813617944717,0.8083567470312119,0.281640625,0.4282149538397789,0.5868974238634109,0.03137257695198059,0.04694353621453047,0.7225424021482467,0.8144295036792755,0.007748141884803772,0.16632988750934596,nan,0.0,nan,0.0,0
12,180,4052,0.1534469696969697,2560,1.508778703212738,0.430859375,0.8202080309391022,0.8032450586557388,0.268359375,0.4245278239250183,0.589802822470665,0.03137257695198059,0.04605375025421381,0.719418290257454,0.8133656919002533,-0.006842339038848899,0.16632988750934596,nan,0.0,nan,0.0,0
12,200,4072,0.15420454545454546,2560,1.4865225791931151,0.441015625,0.8274469196796417,0.8098706692457199,0.266796875,0.40570062547922137,0.5917396813631057,0.03137257695198059,0.04542214814573527,0.7192356407642364,0.8144295036792755,-0.013017416000366211,0.16632988750934596,nan,0.0,nan,0.0,0
12,220,4092,0.15496212121212122,2560,1.4764724910259246,0.4453125,0.8015709817409515,0.8021303981542587,0.280859375,0.4402858421206474,0.5862926691770554,0.03137257695198059,0.046104186400771144,0.7191141784191132,0.8186121791601181,0.017041197419166543,0.16632988750934596,nan,0.0,nan,0.0,0
12,240,4112,0.15571969696969698,2560,1.518621826171875,0.41796875,0.8135584056377411,0.806307116150856,0.30078125,0.4461292907595634,0.5940226465463638,0.03137257695198059,0.04769096113741398,0.7231167435646058,0.8144295036792755,0.0008710980415344016,0.16632988750934596,nan,0.0,nan,0.0,0
12,260,4132,0.15647727272727274,2560,1.4865424752235412,0.44296875,0.8160843640565872,0.8053048610687256,0.259765625,0.4179851323366165,0.5951587855815887,0.03137257695198059,0.045481472834944726,0.7190352946519851,0.8135584056377411,-0.0025259584188461748,0.16632988750934596,nan,0.0,nan,0.0,0
12,280,4152,0.15723484848484848,2560,1.4757802724838256,0.443359375,0.8194422513246536,0.809735506772995,0.26875,0.42298110872507094,0.5950875818729401,0.03137257695198059,0.04724764823913574,0.7224442958831787,0.8160843640565872,-0.0033578872680664062,0.16632988750934596,nan,0.0,nan,0.0,0
12,300,4172,0.15799242424242424,2560,1.5066175699234008,0.427734375,0.8195988774299622,0.8073716729879379,0.280859375,0.43078171759843825,0.5936115473508835,0.03137257695198059,0.04696676526218653,0.7209506124258042,0.8160843640565872,-0.003514513373374939,0.16632988750934596,nan,0.0,nan,0.0,0
12,320,4192,0.15875,2560,1.5003339529037476,0.4359375,0.8021647363901139,0.8058862298727035,0.2734375,0.4318557232618332,0.5938959956169129,0.03137257695198059,0.04801410064101219,0.7233303904533386,0.8160843640565872,0.013919627666473366,0.16632988750934596,nan,0.0,nan,0.0,0
12,340,4212,0.15950757575757576,2560,1.5043803751468658,0.41796875,0.81633740067482,0.8039348810911179,0.27734375,0.4174500048160553,0.5885451197624206,0.03137257695198059,0.04439096190035343,0.7145757287740707,0.8160843640565872,-0.00025303661823272705,0.16632988750934596,nan,0.0,nan,0.0,0
12,352,4224,0.15996212121212122,1480,1.4567918919228218,0.43040540556649903,0.7902168064504056,0.7959912728618931,0.28040540556649907,0.4171408785356058,0.5942992213610057,0.03137257695198059,0.044671896986059244,0.7172487864623198,0.81633740067482,0.026120594224414373,0.16632988750934596,nan,0.0,nan,0.0,0
13,20,4244,0.16071969696969698,2560,1.4416400015354156,0.4515625,0.7930475741624832,0.8012011408805847,0.27265625,0.425633642077446,0.5924265742301941,0.03137257695198059,0.04602597039192915,0.7186908304691315,0.81633740067482,0.023289826512336798,0.16632988750934596,nan,0.0,nan,0.0,0
13,40,4264,0.16147727272727275,2560,1.466471940279007,0.44609375,0.8109220683574676,0.8057397395372391,0.27421875,0.4332461073994637,0.5907453119754791,0.03137257695198059,0.04651923440396786,0.71978799700737,0.8021647363901139,-0.008757331967353732,0.16632988750934596,nan,0.0,nan,0.0,0
13,60,4284,0.16223484848484848,2560,1.5031172335147858,0.42109375,0.8088627934455872,0.8040863245725631,0.29609375,0.4291764467954636,0.5921753168106079,0.03137257695198059,0.04729871246963739,0.7207359552383423,0.8021647363901139,-0.006698057055473328,0.16632988750934596,nan,0.0,nan,0.0,0
13,80,4304,0.16299242424242424,2560,1.4447283446788788,0.448828125,0.8013471752405167,0.8003470331430436,0.27734375,0.42439923286437986,0.5900102138519288,0.03137257695198059,0.04547231961041689,0.7187208980321884,0.8088627934455872,0.007515618205070518,0.16632988750934596,nan,0.0,nan,0.0,0
13,100,4324,0.16375,2560,1.4974251627922057,0.429296875,0.8074454873800277,0.806408840417862,0.291796875,0.4532359421253204,0.5899648129940033,0.03137257695198059,0.04653461761772633,0.7221229404211045,0.8013471752405167,-0.006098312139511064,0.16632988750934596,nan,0.0,nan,0.0,0
13,120,4344,0.16450757575757577,2560,1.4740873992443084,0.43671875,0.8064757645130157,0.8013748377561569,0.275,0.425088132917881,0.5894292414188385,0.03137257695198059,0.043874816223979,0.7143523275852204,0.8074454873800277,0.0009697228670120239,0.16632988750934596,nan,0.0,nan,0.0,0
13,140,4364,0.16526515151515153,2560,1.4414684176445007,0.453125,0.8033107429742813,0.8016647458076477,0.272265625,0.42813734263181685,0.5859815180301666,0.03137257695198059,0.04717296324670315,0.7213849037885666,0.8074454873800277,0.00413474440574646,0.16632988750934596,nan,0.0,nan,0.0,0
13,160,4384,0.16602272727272727,2560,1.4775982797145844,0.419921875,0.8014455527067185,0.8037651270627976,0.294140625,0.4444146499037743,0.5858819514513016,0.03137257695198059,0.0482300853356719,0.7257026016712189,0.8064757645130157,0.005030211806297258,0.16632988750934596,nan,0.0,nan,0.0,0
13,180,4404,0.16678030303030303,2560,1.4920540034770966,0.4421875,0.8010909885168076,0.8014826685190201,0.284375,0.43497668355703356,0.5913524836301803,0.03137257695198059,0.046736261993646624,0.7213994801044464,0.8033107429742813,0.0022197544574736883,0.16632988750934596,nan,0.0,nan,0.0,0
13,200,4424,0.1675378787878788,2560,1.4741302311420441,0.442578125,0.8097766160964965,0.8078847438097,0.26640625,0.42537499219179153,0.591639730334282,0.03137257695198059,0.044595913216471675,0.7163079708814621,0.8033107429742813,-0.006465873122215249,0.16632988750934596,nan,0.0,nan,0.0,0
13,220,4444,0.16829545454545455,2560,1.5057889938354492,0.426171875,0.8053075671195984,0.80288265645504,0.278125,0.43527147024869917,0.5899683892726898,0.03137257695198059,0.04432452470064163,0.7154910176992416,0.8033107429742813,-0.0019968241453171,0.16632988750934596,nan,0.0,nan,0.0,0
13,240,4464,0.16905303030303032,2560,1.4613827168941498,0.44140625,0.8047786384820939,0.8017031580209732,0.272265625,0.417968125641346,0.5895502924919128,0.03137257695198059,0.044316038861870764,0.7166547417640686,0.8033107429742813,-0.0014678955078125666,0.16632988750934596,nan,0.0,nan,0.0,0
13,260,4484,0.16981060606060605,2560,1.4673051357269287,0.44609375,0.7937028527259826,0.7941428065299988,0.280859375,0.439871808886528,0.5894436120986939,0.03137257695198059,0.04282148815691471,0.7125830590724945,0.8047786384820939,0.011075785756111234,0.16632988750934596,nan,0.0,nan,0.0,0
13,280,4504,0.1705681818181818,2560,1.492039304971695,0.414453125,0.8075106292963028,0.803863799571991,0.28671875,0.4317463219165802,0.5889845788478851,0.03137257695198059,0.046861454285681246,0.7216684252023697,0.8047786384820939,-0.00273199081420894,0.16632988750934596,nan,0.0,nan,0.0,0
13,300,4524,0.1713257575757576,2560,1.4738663613796235,0.43359375,0.8087660998106003,0.8037955224514007,0.276953125,0.42254058867692945,0.595174178481102,0.03137257695198059,0.04374523982405663,0.7138347506523133,0.8053075671195984,-0.0034585326910019365,0.16632988750934596,nan,0.0,nan,0.0,0
13,320,4544,0.17208333333333337,2560,1.5436528742313385,0.409765625,0.8104724645614624,0.8055425256490707,0.273828125,0.4257287964224815,0.5850625544786453,0.03137257695198059,0.046262474916875365,0.7196367681026459,0.8053075671195984,-0.0051648974418639915,0.16632988750934596,nan,0.0,nan,0.0,0
13,340,4564,0.1728409090909091,2560,1.5118526458740233,0.429296875,0.8261193126440048,0.8132952600717545,0.27265625,0.40203816145658494,0.5956746637821198,0.03137257695198059,0.044876166991889475,0.71607805788517,0.8075106292963028,-0.01860868334770205,0.16632988750934596,nan,0.0,nan,0.0,0
13,352,4576,0.17329545454545456,1480,1.474733863005767,0.4270270267048398,0.7920245341352514,0.7969209783786052,0.26891891859673167,0.4292524102571848,0.588023714439289,0.03137257695198059,0.04196266620545774,0.7099020200806695,0.8087660998106003,0.0167415656753489,0.16632988750934596,nan,0.0,nan,0.0,0
14,20,4596,0.17405303030303032,2560,1.4676783978939056,0.437890625,0.8142097145318985,0.8035096615552902,0.279296875,0.4246217951178551,0.5897194087505341,0.03137257695198059,0.043706423789262774,0.7138640403747558,0.8087660998106003,-0.005443614721298173,0.16632988750934596,nan,0.0,nan,0.0,0
14,40,4616,0.17481060606060606,2560,1.4471378922462463,0.454296875,0.7973523885011673,0.8005987972021102,0.28984375,0.4372669368982315,0.59271140396595,0.03137257695198059,0.04503523726016283,0.7185292422771454,0.8104724645614624,0.013120076060295083,0.16632988750934596,nan,0.0,nan,0.0,0
14,60,4636,0.17556818181818182,2560,1.4440859138965607,0.442578125,0.8035728335380554,0.803534722328186,0.26796875,0.4252753496170044,0.587843856215477,0.03137257695198059,0.045019221305847165,0.7186787903308869,0.8104724645614624,0.00689963102340696,0.16632988750934596,nan,0.0,nan,0.0,0
14,80,4656,0.17632575757575758,2560,1.4200702071189881,0.4546875,0.7989614725112915,0.7986062645912171,0.2796875,0.4291540920734406,0.5928834438323974,0.03137257695198059,0.04600529037415981,0.7194186836481095,0.8035728335380554,0.00461136102676396,0.16632988750934596,nan,0.0,nan,0.0,0
14,100,4676,0.17708333333333334,2560,1.4668443083763123,0.449609375,0.8045328050851822,0.8056518703699111,0.262109375,0.42807962000370026,0.5882536798715592,0.03137257695198059,0.04367683809250593,0.7140986829996109,0.7989614725112915,-0.005571332573890753,0.16632988750934596,nan,0.0,nan,0.0,0
14,120,4696,0.1778409090909091,2560,1.4634762704372406,0.441796875,0.8089823961257935,0.8067597866058349,0.2796875,0.42835852056741713,0.5895263850688934,0.03137257695198059,0.04470195081084967,0.7164317190647125,0.8035728335380554,-0.005409562587738059,0.16632988750934596,nan,0.0,nan,0.0,0
14,140,4716,0.17859848484848484,2560,1.4807967483997344,0.441015625,0.8065540015697479,0.8006646722555161,0.282421875,0.44494756162166593,0.5935280025005341,0.03137257695198059,0.044586407393217085,0.7174388468265533,0.8035728335380554,-0.0029811680316924605,0.16632988750934596,nan,0.0,nan,0.0,0
14,160,4736,0.1793560606060606,2560,1.4736988723278046,0.457421875,0.8045897662639618,0.8048829585313797,0.265625,0.43278499096632006,0.590491634607315,0.03137257695198059,0.044403657875955106,0.7156311243772506,0.8045328050851822,-5.6961178779624255e-05,0.16632988750934596,nan,0.0,nan,0.0,0
14,180,4756,0.18011363636363636,2560,1.507581114768982,0.42265625,0.8108513116836548,0.8083535730838776,0.270703125,0.4221550390124321,0.5933854579925537,0.03137257695198059,0.04638178925961256,0.719150698184967,0.8045897662639618,-0.0062615454196929266,0.16632988750934596,nan,0.0,nan,0.0,0
14,200,4776,0.18087121212121213,2560,1.5067884504795075,0.42890625,0.8043921053409576,0.8067638605833054,0.271875,0.4274238258600235,0.5973067134618759,0.03137257695198059,0.04179545417428017,0.7092413514852524,0.8065540015697479,0.002161896228790261,0.16632988750934596,nan,0.0,nan,0.0,0
14,220,4796,0.1816287878787879,2560,1.5081063389778138,0.419140625,0.7994491398334503,0.8020762294530869,0.29453125,0.42751733064651487,0.5906238704919815,0.03137257695198059,0.04627268444746733,0.7214421093463897,0.8065540015697479,0.007104861736297541,0.16632988750934596,nan,0.0,nan,0.0,0
14,240,4816,0.18238636363636365,2560,1.489024180173874,0.43359375,0.8063292562961578,0.8069955378770828,0.28671875,0.4191414713859558,0.5881379693746567,0.03137257695198059,0.042755385488271715,0.7123178750276565,0.8045897662639618,-0.0017394900321959783,0.16632988750934596,nan,0.0,nan,0.0,0
14,260,4836,0.18314393939393941,2560,1.4715439319610595,0.435546875,0.8024073511362075,0.7964912623167038,0.286328125,0.44324904680252075,0.5937328547239303,0.03137257695198059,0.039923608489334586,0.7050793260335922,0.8045897662639618,0.0021824151277543002,0.16632988750934596,nan,0.0,nan,0.0,0
14,280,4856,0.18390151515151518,2560,1.4866690635681152,0.434375,0.8026540488004684,0.7991253107786178,0.268359375,0.42428817301988603,0.5879794031381607,0.03137257695198059,0.04309303555637598,0.7128199160099029,0.8043921053409576,0.0017380565404891968,0.16632988750934596,nan,0.0,nan,0.0,0
14,300,4876,0.18465909090909094,2560,1.4993446469306946,0.441015625,0.8100387066602707,0.8011225581169128,0.28359375,0.44497650414705275,0.5869644343852997,0.03137257695198059,0.04468050505965948,0.7167743653059006,0.8026540488004684,-0.007384657859802246,0.16632988750934596,nan,0.0,nan,0.0,0
14,320,4896,0.18541666666666667,2560,1.4990500271320344,0.419921875,0.8029142051935196,0.8039722621440888,0.2890625,0.4232304483652115,0.5947006434202194,0.03137257695198059,0.04177062027156353,0.7100606471300125,0.8026540488004684,-0.0002601563930512141,0.16632988750934596,nan,0.0,nan,0.0,0
14,340,4916,0.18617424242424244,2560,1.4989137828350068,0.433984375,0.797926789522171,0.8022909969091415,0.279296875,0.4182674378156662,0.5899491846561432,0.03137257695198059,0.04263841155916452,0.7106306254863739,0.8029142051935196,0.004987415671348638,0.16632988750934596,nan,0.0,nan,0.0,0
14,352,4928,0.1866287878787879,1480,1.4592389789787499,0.4304054054054054,0.7716616704657271,0.7942367666476482,0.2932432435654305,0.4457183742845381,0.5951249112954011,0.03137257695198059,0.03852926341665758,0.7002010216584077,0.8026540488004684,0.030992378334741333,0.16632988750934596,nan,0.0,nan,0.0,0
15,20,4948,0.18738636363636363,2560,1.4966724812984467,0.427734375,0.8011881113052368,0.7972037196159363,0.275390625,0.4347556233406067,0.5903845608234406,0.03137257695198059,0.04459595736116171,0.7167193174362183,0.8026540488004684,0.0014659374952316062,0.16632988750934596,nan,0.0,nan,0.0,0
15,40,4968,0.1881439393939394,2560,1.487971168756485,0.43671875,0.8109550476074219,0.8097063869237899,0.273046875,0.42703638821840284,0.5950278162956237,0.03137257695198059,0.03966293875128031,0.7052875727415084,0.8011881113052368,-0.009766936302185059,0.16632988750934596,nan,0.0,nan,0.0,0
15,60,4988,0.18890151515151515,2560,1.475956791639328,0.44375,0.8001109212636948,0.8019469082355499,0.266015625,0.43559214323759077,0.5898407161235809,0.03137257695198059,0.041357566602528095,0.710273090004921,0.8011881113052368,0.0010771900415420532,0.16632988750934596,nan,0.0,nan,0.0,0
15,80,5008,0.18965909090909092,2560,1.501727432012558,0.423046875,0.8074219346046447,0.8068691432476044,0.2875,0.42715682536363603,0.5909623682498932,0.03137257695198059,0.046411723084747794,0.7206896513700485,0.8001109212636948,-0.007311013340949968,0.16632988750934596,nan,0.0,nan,0.0,0
15,100,5028,0.19041666666666668,2560,1.468048530817032,0.429296875,0.7981888949871063,0.7977265834808349,0.297265625,0.4393825426697731,0.589406481385231,0.03137257695198059,0.04640180394053459,0.7188128888607025,0.8011881113052368,0.002999216318130493,0.16632988750934596,nan,0.0,nan,0.0,0
15,120,5048,0.1911742424242424,2560,1.44207723736763,0.4625,0.7997153580188752,0.8032384425401687,0.255859375,0.42915991991758345,0.5910614132881165,0.03137257695198059,0.044103607162833215,0.7164523810148239,0.8011881113052368,0.00147275328636165,0.16632988750934596,nan,0.0,nan,0.0,0
15,140,5068,0.1919318181818182,2560,1.4769086956977844,0.433984375,0.7836565673351288,0.7961288660764694,0.28203125,0.43551703691482546,0.5884521692991257,0.03137257695198059,0.044624410942196845,0.7167938411235809,0.8001109212636948,0.01645435392856598,0.16632988750934596,nan,0.0,nan,0.0,0
15,160,5088,0.19268939393939397,2560,1.4724832415580749,0.425,0.7956938683986664,0.7980046808719635,0.2875,0.42243935763835905,0.5948979943990708,0.03137257695198059,0.048728041164577005,0.7270737797021866,0.7997153580188752,0.0040214896202087624,0.16632988750934596,nan,0.0,nan,0.0,0
15,180,5108,0.19344696969696973,2560,1.4729817450046538,0.43671875,0.8072180390357971,0.8048215419054031,0.2953125,0.43761510252952573,0.5993146419525146,0.03137257695198059,0.0447554562240839,0.717664635181427,0.7981888949871063,-0.009029144048690818,0.16632988750934596,nan,0.0,nan,0.0,0
15,200,5128,0.19420454545454546,2560,1.4883088707923888,0.4265625,0.8032103717327118,0.8023194879293442,0.27265625,0.4329611837863922,0.5849820703268052,0.03137257695198059,0.045199971832335,0.7174882501363754,0.7981888949871063,-0.005021476745605491,0.16632988750934596,nan,0.0,nan,0.0,0
15,220,5148,0.19496212121212123,2560,1.4708640575408936,0.432421875,0.7953026026487351,0.8003569543361664,0.28515625,0.4213500514626503,0.5879060298204422,0.03137257695198059,0.04393913708627224,0.716523265838623,0.7997153580188752,0.004412755370140076,0.16632988750934596,nan,0.0,nan,0.0,0
15,240,5168,0.195719696969697,2560,1.4968855559825898,0.426171875,0.7908002108335495,0.7963942378759384,0.294921875,0.4383954182267189,0.5891615718603134,0.03137257695198059,0.04259880445897579,0.710435974597931,0.7956938683986664,0.004893657565116949,0.16632988750934596,nan,0.0,nan,0.0,0
15,260,5188,0.19647727272727275,2560,1.4704447329044341,0.440234375,0.8014617145061493,0.804381576180458,0.291796875,0.4411669597029686,0.5904683649539948,0.03137257695198059,0.04318343494087458,0.7120146304368973,0.7956938683986664,-0.005767846107482932,0.16632988750934596,nan,0.0,nan,0.0,0
15,280,5208,0.1972348484848485,2560,1.497378832101822,0.41015625,0.8148286789655685,0.808389562368393,0.30234375,0.4332189530134201,0.5926347255706788,0.03137257695198059,0.04151337463408709,0.708340784907341,0.8014617145061493,-0.013366964459419206,0.16632988750934596,nan,0.0,nan,0.0,0
15,300,5228,0.19799242424242425,2560,1.5074904203414916,0.4390625,0.8100518196821213,0.8047065883874893,0.276953125,0.4223370999097824,0.5918216794729233,0.03137257695198059,0.04354243353009224,0.7140460163354874,0.8014617145061493,-0.008590105175971918,0.16632988750934596,nan,0.0,nan,0.0,0
15,320,5248,0.19875,2560,1.4607747316360473,0.45234375,0.8003472596406936,0.8015442073345185,0.268359375,0.42283336669206617,0.5851574152708053,0.03137257695198059,0.04304724708199501,0.712746050953865,0.8014617145061493,0.001114454865455694,0.16632988750934596,nan,0.0,nan,0.0,0
15,340,5268,0.19950757575757577,2560,1.4955600440502166,0.430859375,0.8032487452030181,0.8016966730356216,0.284375,0.43687843084335326,0.592496258020401,0.03137257695198059,0.04764382466673851,0.7248421996831894,0.8014617145061493,-0.0017870306968688077,0.16632988750934596,nan,0.0,nan,0.0,0
15,352,5280,0.1999621212121212,1480,1.46014443345972,0.43378378442815835,0.8014127373695373,0.802943786414894,0.2716216216216216,0.41671074000564784,0.5835970620851259,0.03137257695198059,0.04282337856051084,0.7144174695014953,0.8032487452030181,0.0018360078334808128,0.16632988750934596,nan,0.0,nan,0.0,0
16,20,5300,0.19928030303030303,2560,1.429390949010849,0.4546875,0.786032310128212,0.7897590816020965,0.26328125,0.42311862856149673,0.5883152216672898,0.03137257695198059,0.040625518560409545,0.7028842866420746,0.8032487452030181,0.01721643507480619,0.16632988750934596,nan,0.0,nan,0.0,0
16,40,5320,0.1985227272727273,2560,1.471506518125534,0.43671875,0.796844944357872,0.8024100154638291,0.277734375,0.4354114219546318,0.5931165277957916,0.03137257695198059,0.04744354691356421,0.7212508112192154,0.8014127373695373,0.004567793011665322,0.16632988750934596,nan,0.0,nan,0.0,0
16,60,5340,0.1977651515151515,2560,1.487450611591339,0.437109375,0.8027028888463974,0.8035737574100494,0.2828125,0.43423502445220946,0.5927607446908951,0.03137257695198059,0.04548825789242983,0.7174462109804154,0.8003472596406936,-0.0023556292057037576,0.16632988750934596,nan,0.0,nan,0.0,0
16,80,5360,0.19700757575757577,2560,1.4981302082538606,0.428125,0.7975469112396241,0.8025516748428345,0.290625,0.4435603737831116,0.5921074122190475,0.03137257695198059,0.04464280996471644,0.7161689966917038,0.8014127373695373,0.0038658261299132635,0.16632988750934596,nan,0.0,nan,0.0,0
16,100,5380,0.19625,2560,1.477631723880768,0.44375,0.8153621971607208,0.8087661921977997,0.2609375,0.4228531926870346,0.5877591639757156,0.03137257695198059,0.04332905057817697,0.7133149236440659,0.7975469112396241,-0.017815285921096713,0.16632988750934596,nan,0.0,nan,0.0,0
16,120,5400,0.19549242424242427,2560,1.4944280743598939,0.423828125,0.793522834777832,0.7987098902463913,0.28359375,0.43760593235492706,0.5881623834371567,0.03137257695198059,0.044590869545936586,0.7168883174657822,0.7975469112396241,0.004024076461792037,0.16632988750934596,nan,0.0,nan,0.0,0
16,140,5420,0.19473484848484848,2560,1.4425175964832306,0.444921875,0.8006920516490936,0.8041429042816162,0.287109375,0.425951324403286,0.5882520228624344,0.03137257695198059,0.04510450344532728,0.7154712408781052,0.7975469112396241,-0.00314514040946956,0.16632988750934596,nan,0.0,nan,0.0,0
16,160,5440,0.19397727272727275,2560,1.4790378153324126,0.4359375,0.7931485861539841,0.8045945644378663,0.266015625,0.4390061557292938,0.5936729609966278,0.03137257695198059,0.04384331647306681,0.7133147031068802,0.8006920516490936,0.007543465495109536,0.16632988750934596,nan,0.0,nan,0.0,0
16,180,5460,0.19321969696969699,2560,1.4817222237586976,0.4265625,0.8078332096338272,0.8035609185695648,0.28046875,0.4119915872812271,0.5877985835075379,0.03137257695198059,0.04354990553110838,0.7145650774240494,0.7975469112396241,-0.010286298394203142,0.16632988750934596,nan,0.0,nan,0.0,0
16,200,5480,0.19246212121212125,2560,1.4549730002880097,0.44765625,0.7938402086496353,0.8011557489633561,0.284375,0.4576683878898621,0.5903997004032135,0.03137257695198059,0.04263633396476507,0.7130501627922058,0.8006920516490936,0.006851842999458291,0.16632988750934596,nan,0.0,nan,0.0,0
16,220,5500,0.19170454545454546,2560,1.5038273990154267,0.432421875,0.803883945941925,0.8001376122236252,0.284765625,0.43723356276750563,0.5916313350200653,0.03137257695198059,0.04435995779931545,0.7146863222122193,0.7938402086496353,-0.01004373729228969,0.16632988750934596,nan,0.0,nan,0.0,0
16,240,5520,0.19094696969696973,2560,1.470012938976288,0.44453125,0.806355881690979,0.8044393122196197,0.277734375,0.4222394868731499,0.5881925165653229,0.03137257695198059,0.039645555429160595,0.7041485399007797,0.8006920516490936,-0.00566383004188542,0.16632988750934596,nan,0.0,nan,0.0,0
16,260,5540,0.19018939393939394,2560,1.4820682168006898,0.44375,0.7935633659362793,0.7975574731826782,0.283984375,0.43321708142757415,0.5935348629951477,0.03137257695198059,0.04306894950568676,0.713862630724907,0.803883945941925,0.01032058000564573,0.16632988750934596,nan,0.0,nan,0.0,0
16,280,5560,0.1894318181818182,2560,1.4538390815258027,0.433984375,0.7864641934633255,0.7956179559230805,0.289453125,0.4289198949933052,0.5870484858751297,0.03137257695198059,0.04189472626894712,0.7109798848628998,0.803883945941925,0.017419752478599504,0.16632988750934596,nan,0.0,nan,0.0,0
16,300,5580,0.18867424242424244,2560,1.479161649942398,0.434765625,0.7934868037700653,0.8000121027231216,0.2796875,0.43873352110385894,0.5825978875160217,0.03137257695198059,0.04144611656665802,0.7105923116207122,0.7938402086496353,0.00035340487957002953,0.16632988750934596,nan,0.0,nan,0.0,0
16,320,5600,0.1879166666666667,2560,1.4863580822944642,0.42890625,0.8017635613679885,0.8017866969108581,0.28828125,0.4284703224897385,0.5939340144395828,0.03137257695198059,0.04154288936406374,0.7097556531429291,0.7935633659362793,-0.008200195431709245,0.16632988750934596,nan,0.0,nan,0.0,0
16,340,5620,0.1871590909090909,2560,1.483256220817566,0.439453125,0.7920260518789292,0.7956419855356216,0.260546875,0.43241783082485197,0.5935324549674987,0.03137257695198059,0.0382829686626792,0.6994740575551986,0.7935633659362793,0.0015373140573501365,0.16632988750934596,nan,0.0,nan,0.0,0
16,352,5632,0.18670454545454548,1480,1.4634904152638204,0.4290540537318668,0.7924272192491068,0.7945299499743693,0.29054054102382143,0.42693554436838305,0.5938129270398939,0.031372576770750255,0.04225337452985145,0.7125550785580197,0.7934868037700653,0.0010595845209585564,0.16632988750934596,nan,0.0,nan,0.0,0
17,20,5652,0.1859469696969697,2560,1.473713332414627,0.440234375,0.7857840150594712,0.7964130580425263,0.287890625,0.4379801943898201,0.5874542444944382,0.03137257695198059,0.04142053071409464,0.7086992979049682,0.7924272192491068,0.006643204189635599,0.16632988750934596,nan,0.0,nan,0.0,0
17,40,5672,0.18518939393939396,2560,1.4307118654251099,0.435546875,0.7992226511240006,0.7995837092399597,0.281640625,0.4256301552057266,0.5867606073617935,0.03137257695198059,0.04297932852059603,0.713580384850502,0.7924272192491068,-0.0067954318748938425,0.16632988750934596,nan,0.0,nan,0.0,0
17,60,5692,0.1844318181818182,2560,1.4564424216747285,0.4453125,0.7841352432966232,0.7946871608495713,0.277734375,0.43548271209001543,0.5880527675151825,0.03137257695198059,0.04487056527286768,0.7179144591093063,0.7924272192491068,0.008291975952483543,0.16632988750934596,nan,0.0,nan,0.0,0
17,80,5712,0.18367424242424246,2560,1.438125991821289,0.455078125,0.7985023468732834,0.7991724848747254,0.273828125,0.4234662115573883,0.5884398281574249,0.03137257695198059,0.04183017127215862,0.7098233968019485,0.7920260518789292,-0.006476294994354204,0.16632988750934596,nan,0.0,nan,0.0,0
17,100,5732,0.18291666666666667,2560,1.4598723828792572,0.435546875,0.788989245891571,0.7936130702495575,0.28125,0.4306328773498535,0.5924598872661591,0.03137257695198059,0.047124363109469415,0.7217350333929062,0.7924272192491068,0.0034379733575357063,0.16632988750934596,nan,0.0,nan,0.0,0
17,120,5752,0.18215909090909094,2560,1.4542528152465821,0.44140625,0.7817048490047455,0.787892809510231,0.291015625,0.44699893295764925,0.5895131558179856,0.03137257695198059,0.04274253193289042,0.7119919002056122,0.788989245891571,0.007284396886825584,0.16632988750934596,nan,0.0,nan,0.0,0
17,140,5772,0.18140151515151515,2560,1.4480884194374084,0.4453125,0.7909322708845139,0.7993522852659225,0.292578125,0.4458239540457726,0.5912798762321472,0.03137257695198059,0.04320646338164806,0.7140439033508301,0.788989245891571,-0.0019430249929428545,0.16632988750934596,nan,0.0,nan,0.0,0
17,160,5792,0.1806439393939394,2560,1.4635772466659547,0.432421875,0.7931341737508774,0.7944910943508148,0.2703125,0.4247402518987656,0.5885841608047485,0.03137257695198059,0.03862674813717604,0.700018584728241,0.788989245891571,-0.004144927859306313,0.16632988750934596,nan,0.0,nan,0.0,0
17,180,5812,0.17988636363636365,2560,1.4168579638004304,0.46015625,0.7866240382194519,0.7993096828460693,0.27265625,0.4318695396184921,0.586618185043335,0.03137257695198059,0.04137002732604742,0.7102691233158112,0.7909322708845139,0.004308232665061973,0.16632988750934596,nan,0.0,nan,0.0,0
17,200,5832,0.17912878787878792,2560,1.4514538407325746,0.44453125,0.7746809095144271,0.7868389308452606,0.28984375,0.44447808265686034,0.5927651882171631,0.03137257695198059,0.03945805877447128,0.7034869283437729,0.788989245891571,0.014308336377143904,0.16632988750934596,nan,0.0,nan,0.0,0
17,220,5852,0.17837121212121212,2560,1.461949920654297,0.44609375,0.7942635089159011,0.7974622368812561,0.265625,0.4294015571475029,0.586035430431366,0.03137257695198059,0.04158912394195795,0.7101474344730377,0.7866240382194519,-0.007639470696449213,0.16632988750934596,nan,0.0,nan,0.0,0
17,240,5872,0.1776136363636364,2560,1.4931535124778748,0.423828125,0.7934472471475601,0.8080566585063934,0.292578125,0.4418311908841133,0.5913001000881195,0.03137257695198059,0.04321981482207775,0.7139669954776764,0.7909322708845139,-0.002514976263046198,0.16632988750934596,nan,0.0,nan,0.0,0
17,260,5892,0.17685606060606063,2560,1.476053524017334,0.45703125,0.7919281154870987,0.7979628384113312,0.262109375,0.4305086836218834,0.5922213405370712,0.03137257695198059,0.042641325294971465,0.7114958047866822,0.7931341737508774,0.00120605826377862,0.16632988750934596,nan,0.0,nan,0.0,0
17,280,5912,0.17609848484848484,2560,1.4278527975082398,0.44609375,0.7873996675014496,0.7926947385072708,0.2921875,0.43016974031925204,0.5895055264234543,0.03137257695198059,0.04003768023103475,0.7058632910251618,0.7919281154870987,0.004528447985649109,0.16632988750934596,nan,0.0,nan,0.0,0
17,300,5932,0.1753409090909091,2560,1.468427413702011,0.438671875,0.7960774719715118,0.8013917535543442,0.28984375,0.4551031902432442,0.5873593837022781,0.03137257695198059,0.041359774954617026,0.707816994190216,0.7919281154870987,-0.004149356484413058,0.16632988750934596,nan,0.0,nan,0.0,0
17,320,5952,0.1745833333333333,2560,1.4227961778640748,0.4515625,0.8005762994289398,0.8065712153911591,0.2859375,0.4286340519785881,0.5915259212255478,0.03137257695198059,0.04336258117109537,0.7128515005111694,0.7934472471475601,-0.007129052281379722,0.16632988750934596,nan,0.0,nan,0.0,0
17,340,5972,0.17382575757575758,2560,1.4754070460796356,0.4375,0.797586727142334,0.7980098932981491,0.276171875,0.4415252760052681,0.5963150233030319,0.03137257695198059,0.0425952535122633,0.7119332104921341,0.7934472471475601,-0.004139479994773931,0.16632988750934596,nan,0.0,nan,0.0,0
17,352,5984,0.17337121212121215,1480,1.4637149939665923,0.45743243211024515,0.7834959845285158,0.7981379463865951,0.2716216222659962,0.4481195728521089,0.5932199494258777,0.03137257695198059,0.03914981176321571,0.7021941587731645,0.7960774719715118,0.012581487442996031,0.16632988750934596,nan,0.0,nan,0.0,0
18,20,6004,0.17261363636363636,2560,1.4162623643875123,0.465625,0.7877049833536148,0.7957374781370163,0.2671875,0.41567742228508,0.5937084406614304,0.03137257695198059,0.041783257946372034,0.7115710407495499,0.7960774719715118,0.008372488617896967,0.16632988750934596,nan,0.0,nan,0.0,0
18,40,6024,0.17185606060606062,2560,1.409810471534729,0.462109375,0.7825876772403717,0.7894120663404465,0.28046875,0.4473980113863945,0.5950079768896103,0.03137257695198059,0.03933318834751844,0.7025606632232666,0.7960774719715118,0.013489794731140092,0.16632988750934596,nan,0.0,nan,0.0,0
18,60,6044,0.17109848484848486,2560,1.4481890618801116,0.45234375,0.7854415357112885,0.8000301599502564,0.275,0.4351133793592453,0.5831262171268463,0.03137257695198059,0.04259879402816295,0.713246688246727,0.7877049833536148,0.0022634476423263328,0.16632988750934596,nan,0.0,nan,0.0,0
18,80,6064,0.17034090909090913,2560,1.4032861709594726,0.471875,0.7759423404932022,0.7894771784543991,0.283203125,0.4467381492257118,0.5944016993045806,0.03137257695198059,0.04631959348917007,0.7202463030815125,0.7854415357112885,0.009499195218086287,0.16632988750934596,nan,0.0,nan,0.0,0
18,100,6084,0.16958333333333334,2560,1.4360247910022736,0.450390625,0.791900959610939,0.7990151911973953,0.2890625,0.45228481441736224,0.5895472437143325,0.03137257695198059,0.04257438443601132,0.7105767220258713,0.7834959845285158,-0.008404975082423216,0.16632988750934596,nan,0.0,nan,0.0,0
18,120,6104,0.1688257575757576,2560,1.4575208008289338,0.44140625,0.7821296900510788,0.7945569634437561,0.294921875,0.44848316460847854,0.5990781396627426,0.03137257695198059,0.040039336495101455,0.7041922032833099,0.7854415357112885,0.0033118456602097,0.16632988750934596,nan,0.0,nan,0.0,0
18,140,6124,0.16806818181818184,2560,1.4160059452056886,0.45546875,0.7834096252918243,0.7902888149023056,0.294140625,0.43276769369840623,0.5897840082645416,0.03137257695198059,0.042706368304789064,0.7128560066223144,0.7825876772403717,-0.0008219480514526367,0.16632988750934596,nan,0.0,nan,0.0,0
18,160,6144,0.1673106060606061,2560,1.4605590105056763,0.433203125,0.7866192907094955,0.7981648981571198,0.280078125,0.4385842815041542,0.5947673976421356,0.03137257695198059,0.041668720357120034,0.7107579052448273,0.7834096252918243,-0.0032096654176712036,0.16632988750934596,nan,0.0,nan,0.0,0
18,180,6164,0.1665530303030303,2560,1.4772106468677522,0.428125,0.7883994370698929,0.792775109410286,0.285546875,0.42861106991767883,0.5869550317525863,0.03137257695198059,0.04319943990558386,0.7126257926225662,0.7834096252918243,-0.004989811778068565,0.16632988750934596,nan,0.0,nan,0.0,0
18,200,6184,0.16579545454545452,2560,1.4295531332492828,0.4609375,0.7848401308059693,0.7932935297489166,0.269140625,0.42856250405311586,0.5810833185911178,0.03137257695198059,0.04252584930509329,0.7105642169713974,0.7866192907094955,0.001779159903526284,0.16632988750934596,nan,0.0,nan,0.0,0
18,220,6204,0.1650378787878788,2560,1.423608559370041,0.458203125,0.7984062761068345,0.7989349514245987,0.2640625,0.42194701433181764,0.5875020503997803,0.03137257695198059,0.040370815247297284,0.7071620196104049,0.7848401308059693,-0.013566145300865196,0.16632988750934596,nan,0.0,nan,0.0,0
18,240,6224,0.16428030303030303,2560,1.4355757534503937,0.454296875,0.7871052652597428,0.7954031854867936,0.266796875,0.43284990042448046,0.5883673548698425,0.03137257695198059,0.038577447086572646,0.7021038234233856,0.7866192907094955,-0.0004859745502472368,0.16632988750934596,nan,0.0,nan,0.0,0
18,260,6244,0.1635227272727273,2560,1.4327275097370147,0.438671875,0.7849353224039077,0.7942670404911041,0.29375,0.44389230012893677,0.5892725825309754,0.03137257695198059,0.03874555006623268,0.702181139588356,0.7871052652597428,0.0021699428558350498,0.16632988750934596,nan,0.0,nan,0.0,0
18,280,6264,0.1627651515151515,2560,1.4151701509952546,0.4640625,0.7825720965862274,0.7888388454914093,0.276171875,0.4387674584984779,0.5914763301610947,0.03137257695198059,0.03876072280108929,0.7050141096115112,0.7871052652597428,0.0045331686735153864,0.16632988750934596,nan,0.0,nan,0.0,0
18,300,6284,0.16200757575757577,2560,1.4265251398086547,0.448046875,0.7731640249490738,0.791585311293602,0.2890625,0.4486339807510376,0.5994888454675674,0.03137257695198059,0.042063478380441666,0.711966934800148,0.7849353224039077,0.011771297454833962,0.16632988750934596,nan,0.0,nan,0.0,0
18,320,6304,0.16125,2560,1.3911291360855103,0.463671875,0.7714575916528702,0.7854575037956237,0.3109375,0.445759579539299,0.592572808265686,0.03137257695198059,0.0378080828115344,0.6990372270345688,0.7849353224039077,0.013477730751037531,0.16632988750934596,nan,0.0,nan,0.0,0
18,340,6324,0.16049242424242427,2560,1.4070514380931853,0.46484375,0.7766010135412216,0.7879759669303894,0.27421875,0.44246729761362075,0.5913147151470184,0.03137257695198059,0.037981416657567026,0.7000009804964066,0.7825720965862274,0.0059710830450058205,0.16632988750934596,nan,0.0,nan,0.0,0
18,352,6336,0.1600378787878788,1480,1.3928436015103314,0.4466216224270898,0.7563671685553885,0.7796094311250222,0.3162162162162162,0.44885953342592394,0.5894474335618921,0.031372576770750255,0.03701376407533079,0.6997629233308741,0.7766010135412216,0.020233844985833027,0.16632988750934596,nan,0.0,nan,0.0,0
19,20,6356,0.15928030303030305,2560,1.3774668157100678,0.47109375,0.771798723936081,0.7902806729078293,0.266015625,0.4201946347951889,0.5849764674901963,0.03137257695198059,0.04018936567008495,0.7061725974082946,0.7731640249490738,0.0013653010129928145,0.16632988750934596,nan,0.0,nan,0.0,0
19,40,6376,0.15852272727272732,2560,1.4248151898384094,0.4546875,0.7865339010953903,0.7933131098747254,0.28203125,0.4400418549776077,0.588629424571991,0.03137257695198059,0.039991899766027926,0.706427064538002,0.771798723936081,-0.014735177159309387,0.16632988750934596,nan,0.0,nan,0.0,0
19,60,6396,0.15776515151515152,2560,1.4166324079036712,0.45,0.7669176638126374,0.7899503260850906,0.2734375,0.43790677189826965,0.5938790917396546,0.03137257695198059,0.03703839592635631,0.6974027127027511,0.771798723936081,0.004881060123443581,0.16632988750934596,nan,0.0,nan,0.0,0
19,80,6416,0.1570075757575758,2560,1.3790530204772948,0.469921875,0.7782082170248031,0.7885888665914536,0.28125,0.42965019792318343,0.5908251702785492,0.03137257695198059,0.04338782653212547,0.7134358823299408,0.771798723936081,-0.006409493088722185,0.16632988750934596,nan,0.0,nan,0.0,0
19,100,6436,0.15625,2560,1.3978363752365113,0.46171875,0.781212916970253,0.7888888210058213,0.275390625,0.45421960949897766,0.5894283533096314,0.03137257695198059,0.04150528777390718,0.7107869207859039,0.771798723936081,-0.009414193034172014,0.16632988750934596,nan,0.0,nan,0.0,0
19,120,6456,0.15549242424242424,2560,1.3951089560985566,0.461328125,0.7768996924161911,0.7905955135822296,0.2859375,0.44642854630947115,0.5896820306777955,0.03137257695198059,0.040456819161772725,0.7054490625858307,0.7782082170248031,0.0013085246086120828,0.16632988750934596,nan,0.0,nan,0.0,0
19,140,6476,0.1547348484848485,2560,1.39309920668602,0.4796875,0.7724548637866974,0.7940245449543,0.270703125,0.4445876345038414,0.5898582637310028,0.03137257695198059,0.04067689944058657,0.7077816218137741,0.7782082170248031,0.005753353238105774,0.16632988750934596,nan,0.0,nan,0.0,0
19,160,6496,0.1539772727272727,2560,1.450394594669342,0.44296875,0.7895553231239318,0.7930604517459869,0.2796875,0.45064069926738737,0.5958678126335144,0.03137257695198059,0.04281540010124445,0.7107568144798279,0.7768996924161911,-0.012655630707740784,0.16632988750934596,nan,0.0,nan,0.0,0
19,180,6516,0.15321969696969698,2560,1.4339848101139068,0.45390625,0.7792347222566605,0.7866498500108718,0.27734375,0.4207771196961403,0.5903408229351044,0.03137257695198059,0.04048542771488428,0.7070448607206344,0.7782082170248031,-0.001026505231857322,0.16632988750934596,nan,0.0,nan,0.0,0
19,200,6536,0.15246212121212122,2560,1.394235908985138,0.456640625,0.780545175075531,0.7965088069438935,0.284375,0.4301904410123825,0.5907459437847138,0.03137257695198059,0.04297649133950472,0.713326770067215,0.7792347222566605,-0.0013104528188705444,0.16632988750934596,nan,0.0,nan,0.0,0
19,220,6556,0.15170454545454548,2560,1.4118254005908966,0.46015625,0.7857202619314194,0.7932875514030456,0.290625,0.4410494387149811,0.585820785164833,0.03137257695198059,0.036823246628046036,0.6953198194503785,0.7792347222566605,-0.0064855396747589555,0.16632988750934596,nan,0.0,nan,0.0,0
19,240,6576,0.1509469696969697,2560,1.4059444844722748,0.4625,0.7681039959192276,0.7928377956151962,0.291015625,0.4521333619952202,0.5912310540676117,0.03137257695198059,0.03645922150462866,0.6961064428091049,0.780545175075531,0.012441179156303384,0.16632988750934596,nan,0.0,nan,0.0,0
19,260,6596,0.15018939393939396,2560,1.438811331987381,0.454296875,0.7814752608537674,0.7936920374631882,0.282421875,0.4464245617389679,0.58539519906044,0.03137257695198059,0.04018292780965567,0.7056381970643997,0.780545175075531,-0.0009300857782363892,0.16632988750934596,nan,0.0,nan,0.0,0
19,280,6616,0.14943181818181817,2560,1.3942563593387605,0.475,0.7659748643636703,0.7871512264013291,0.265234375,0.4347583591938019,0.5921093225479126,0.03137257695198059,0.03867275547236204,0.7014651894569397,0.780545175075531,0.014570310711860657,0.16632988750934596,nan,0.0,nan,0.0,0
19,300,6636,0.14867424242424243,2560,1.4187828958034516,0.459765625,0.7748763114213943,0.7888885706663131,0.27890625,0.4548192471265793,0.5927614957094193,0.03137257695198059,0.03645001612603664,0.6975383788347245,0.780545175075531,0.005668863654136658,0.16632988750934596,nan,0.0,nan,0.0,0
19,320,6656,0.14791666666666667,2560,1.4225748896598815,0.456640625,0.7805244058370591,0.7943119287490845,0.28359375,0.4367713838815689,0.5910358607769013,0.03137257695198059,0.04013342261314392,0.707258427143097,0.7748763114213943,-0.005648094415664717,0.16632988750934596,nan,0.0,nan,0.0,0
19,340,6676,0.14715909090909093,2560,1.3763337850570678,0.47421875,0.7629253804683686,0.7801503658294677,0.278125,0.43645776659250257,0.5893727838993073,0.03137257695198059,0.03803384806960821,0.7009159594774246,0.7748763114213943,0.011950930953025796,0.16632988750934596,nan,0.0,nan,0.0,0
19,352,6688,0.14670454545454548,1480,1.391191273766595,0.46891891908001254,0.7683881414903176,0.7877892474870424,0.28108108091998746,0.43772969374785553,0.5829147912360526,0.03137257695198059,0.040310814835735266,0.705656433427656,0.7748763114213943,0.006488169931076704,0.16632988750934596,nan,0.0,nan,0.0,0
20,20,6708,0.14594696969696971,2560,1.3842462003231049,0.472265625,0.7661485999822617,0.7839013576507569,0.286328125,0.459211602807045,0.5943457514047623,0.03137257695198059,0.037333847396075724,0.6988801002502442,0.7683881414903176,0.002239541508055942,0.16632988750934596,nan,0.0,nan,0.0,0
20,40,6728,0.14518939393939392,2560,1.3681982636451722,0.46640625,0.7743620991706848,0.78641397356987,0.295703125,0.43646428138017657,0.5854480922222137,0.03137257695198059,0.04060188587754965,0.7075641512870788,0.7683881414903176,-0.005973957680367126,0.16632988750934596,nan,0.0,nan,0.0,0
20,60,6748,0.1444318181818182,2560,1.3659242630004882,0.478515625,0.7580492466688156,0.7796287775039673,0.278125,0.44445466697216035,0.5879881709814072,0.03137257695198059,0.035011138580739495,0.6910809516906739,0.7683881414903176,0.010338894821502076,0.16632988750934596,nan,0.0,nan,0.0,0
20,80,6768,0.1436742424242424,2560,1.40513334274292,0.46640625,0.7652070462703705,0.7854110896587372,0.27265625,0.44401250779628754,0.5919374048709869,0.03137257695198059,0.04022668693214655,0.7064401149749756,0.7661485999822617,0.0009415537118911965,0.16632988750934596,nan,0.0,nan,0.0,0
20,100,6788,0.14291666666666666,2560,1.3786491632461548,0.466015625,0.7647159308195114,0.7855543971061707,0.27578125,0.4207842588424683,0.5899565577507019,0.03137257695198059,0.03659539353102446,0.6956386893987656,0.7661485999822617,0.0014326691627503108,0.16632988750934596,nan,0.0,nan,0.0,0
20,120,6808,0.1421590909090909,2560,1.3930549800395966,0.460546875,0.7796713441610337,0.7883377224206924,0.280859375,0.4359594687819481,0.5936582118272782,0.03137257695198059,0.03812681064009667,0.7011310160160065,0.7652070462703705,-0.01446429789066317,0.16632988750934596,nan,0.0,nan,0.0,0
20,140,6828,0.14140151515151517,2560,1.4061162412166595,0.45390625,0.7674679070711136,0.7845380336046219,0.2890625,0.4446027413010597,0.5975661128759384,0.03137257695198059,0.037307110615074635,0.6964833945035934,0.7652070462703705,-0.0022608608007430586,0.16632988750934596,nan,0.0,nan,0.0,0
20,160,6848,0.14064393939393938,2560,1.3765794217586518,0.45625,0.7753625303506851,0.7939412713050842,0.299609375,0.44322969317436217,0.5979643702507019,0.03137257695198059,0.03848268911242485,0.7013422071933746,0.7652070462703705,-0.010155484080314636,0.16632988750934596,nan,0.0,nan,0.0,0
20,180,6868,0.13988636363636364,2560,1.384176677465439,0.46796875,0.7644039064645767,0.7776392817497253,0.2890625,0.44724429249763487,0.5912502497434616,0.03137257695198059,0.03922080229967832,0.7037006765604019,0.7674679070711136,0.0030640006065368874,0.16632988750934596,nan,0.0,nan,0.0,0
20,200,6888,0.13912878787878788,2560,1.3855612099170684,0.466015625,0.7610923737287522,0.7832990229129791,0.275,0.4443055108189583,0.5884823054075241,0.03137257695198059,0.0390676436945796,0.7033965706825256,0.7674679070711136,0.006375533342361406,0.16632988750934596,nan,0.0,nan,0.0,0
20,220,6908,0.13837121212121214,2560,1.3824276804924012,0.46953125,0.77260322868824,0.7863212823867798,0.285546875,0.4349806234240532,0.5877283930778503,0.03137257695198059,0.03899490609765053,0.7041920304298401,0.7674679070711136,-0.005135321617126487,0.16632988750934596,nan,0.0,nan,0.0,0
20,240,6928,0.13761363636363635,2560,1.3841544806957244,0.45546875,0.7556423842906952,0.7816959589719772,0.295703125,0.43986534625291823,0.5875499904155731,0.03137257695198059,0.03706634351983666,0.6973716497421265,0.7674679070711136,0.011825522780418374,0.16632988750934596,nan,0.0,nan,0.0,0
20,260,6948,0.13685606060606062,2560,1.3738497853279115,0.46953125,0.7652254998683929,0.782608437538147,0.288671875,0.4495605766773224,0.5870633661746979,0.03137257695198059,0.03884798176586628,0.7047098636627197,0.7644039064645767,-0.0008215934038162676,0.16632988750934596,nan,0.0,nan,0.0,0
20,280,6968,0.13609848484848483,2560,1.3792965292930603,0.459765625,0.7612178683280945,0.7840711146593093,0.292578125,0.4457660302519798,0.5903646051883698,0.03137257695198059,0.03667076174169779,0.6975496381521225,0.7644039064645767,0.0031860381364822166,0.16632988750934596,nan,0.0,nan,0.0,0
20,300,6988,0.1353409090909091,2560,1.4013641893863678,0.454296875,0.7747879236936569,0.7903228968381881,0.29140625,0.4455120399594307,0.5912145107984543,0.03137257695198059,0.03690816704183817,0.6949934601783753,0.7612178683280945,-0.013570055365562439,0.16632988750934596,nan,0.0,nan,0.0,0
20,320,7008,0.13458333333333333,2560,1.3845034956932067,0.47734375,0.7586908519268036,0.7819951593875885,0.27890625,0.45003177374601366,0.58940469622612,0.03137257695198059,0.04134629759937525,0.7083736211061478,0.7652254998683929,0.006534647941589311,0.16632988750934596,nan,0.0,nan,0.0,0
20,340,7028,0.1338257575757576,2560,1.3894233644008636,0.477734375,0.7714008867740632,0.7883473932743073,0.26796875,0.43886821866035464,0.5858560174703598,0.03137257695198059,0.03857758659869433,0.7024153679609298,0.7612178683280945,-0.010183018445968695,0.16632988750934596,nan,0.0,nan,0.0,0
20,352,7040,0.1333712121212121,1480,1.393244599651646,0.47567567696442475,0.7600298343478022,0.7796672817823049,0.26216216216216215,0.46007354098397335,0.5965580766265457,0.03137257695198059,0.03647567094177813,0.6958448013743839,0.7652254998683929,0.005195665520590698,0.16632988750934596,nan,0.0,nan,0.0,0
21,20,7060,0.13261363636363638,2560,1.3330150961875915,0.492578125,0.7755295395851135,0.7902450740337372,0.265234375,0.4192618906497955,0.5856849908828735,0.03137257695198059,0.0360031982883811,0.6945268720388412,0.7612178683280945,-0.014311671257019043,0.16632988750934596,nan,0.0,nan,0.0,0
21,40,7080,0.1318560606060606,2560,1.3689695835113525,0.46796875,0.756991982460022,0.7801061183214187,0.294140625,0.4566663444042206,0.5916248470544815,0.03137257695198059,0.0346311554312706,0.688677853345871,0.7714008867740632,0.014408904314041182,0.16632988750934596,nan,0.0,nan,0.0,0
21,60,7100,0.13109848484848485,2560,1.3336292147636413,0.489453125,0.76778903901577,0.782438936829567,0.284765625,0.4288390904664993,0.5836232751607895,0.03137257695198059,0.035639924183487895,0.6940596401691437,0.7600298343478022,-0.007759204667967756,0.16632988750934596,nan,0.0,nan,0.0,0
21,80,7120,0.1303409090909091,2560,1.3358695805072784,0.479296875,0.762609001994133,0.7861085444688797,0.2859375,0.46192016154527665,0.5917436152696609,0.03137257695198059,0.037482872046530245,0.6996665120124816,0.76778903901577,0.005180037021637052,0.16632988750934596,nan,0.0,nan,0.0,0
21,100,7140,0.12958333333333336,2560,1.3666475594043732,0.47890625,0.7647312998771667,0.7840497523546219,0.271484375,0.4298723667860031,0.5867242336273193,0.03137257695198059,0.039240372739732264,0.7047306060791015,0.762609001994133,-0.0021222978830337524,0.16632988750934596,nan,0.0,nan,0.0,0
21,120,7160,0.12882575757575757,2560,1.3359342873096467,0.483984375,0.767084601521492,0.7848091334104538,0.295703125,0.4434759959578514,0.5915132075548172,0.03137257695198059,0.039812004938721654,0.7048509895801545,0.7647312998771667,-0.002353301644325345,0.16632988750934596,nan,0.0,nan,0.0,0
21,140,7180,0.12806818181818183,2560,1.3499538838863372,0.480859375,0.7633308947086335,0.7839659571647644,0.2953125,0.4688529372215271,0.5915364801883698,0.03137257695198059,0.04056253004819155,0.7071914494037628,0.7647312998771667,0.0014004051685332364,0.16632988750934596,nan,0.0,nan,0.0,0
21,160,7200,0.12731060606060604,2560,1.31886425614357,0.491015625,0.7464315086603165,0.7784120082855225,0.276953125,0.4411765292286873,0.5938207149505615,0.03137257695198059,0.03721879702061415,0.6969818294048309,0.7647312998771667,0.018299791216850214,0.16632988750934596,nan,0.0,nan,0.0,0
21,180,7220,0.1265530303030303,2560,1.363539069890976,0.473046875,0.7573546946048737,0.7753311395645142,0.283984375,0.4367672711610794,0.5880608975887298,0.03137257695198059,0.03842854257673025,0.7015566557645798,0.7633308947086335,0.005976200103759766,0.16632988750934596,nan,0.0,nan,0.0,0
21,200,7240,0.12579545454545454,2560,1.3714911818504334,0.4703125,0.7578035682439804,0.7806687891483307,0.286328125,0.45978063344955444,0.5944383174180985,0.03137257695198059,0.039081850089132786,0.7024716705083847,0.7633308947086335,0.005527326464653037,0.16632988750934596,nan,0.0,nan,0.0,0
21,220,7260,0.1250378787878788,2560,1.4006230175495147,0.46171875,0.764683136343956,0.7841017603874206,0.29375,0.4549244225025177,0.5951711267232895,0.03137257695198059,0.04086488392204046,0.7077731698751449,0.7578035682439804,-0.006879568099975586,0.16632988750934596,nan,0.0,nan,0.0,0
21,240,7280,0.12428030303030302,2560,1.3651546239852905,0.475,0.7617942780256272,0.7787082880735398,0.28125,0.43766345232725146,0.5912316828966141,0.03137257695198059,0.03898201696574688,0.70210480093956,0.7578035682439804,-0.0039907097816467285,0.16632988750934596,nan,0.0,nan,0.0,0
21,260,7300,0.12352272727272728,2560,1.3573075473308562,0.471484375,0.7485895186662674,0.7746443629264832,0.29375,0.4477843031287193,0.5937681943178177,0.03137257695198059,0.03872841279953718,0.7001239687204361,0.7578035682439804,0.00921404957771299,0.16632988750934596,nan,0.0,nan,0.0,0
21,280,7320,0.12276515151515151,2560,1.3546309053897858,0.47734375,0.7703926503658295,0.7858891993761062,0.2765625,0.4352069213986397,0.5873743891716003,0.03137257695198059,0.039577044919133185,0.7039076656103134,0.7578035682439804,-0.01258908212184906,0.16632988750934596,nan,0.0,nan,0.0,0
21,300,7340,0.12200757575757577,2560,1.3531456351280213,0.48359375,0.762872526049614,0.7828351557254791,0.278125,0.44172143191099167,0.5867183893918991,0.03137257695198059,0.03757123686373234,0.6995351850986481,0.7617942780256272,-0.0010782480239868164,0.16632988750934596,nan,0.0,nan,0.0,0
21,320,7360,0.12125,2560,1.3524082958698274,0.47890625,0.7525605827569961,0.7776303768157959,0.27734375,0.4547244057059288,0.5854863703250885,0.03137257695198059,0.0367912545800209,0.6970813363790512,0.762872526049614,0.010311943292617864,0.16632988750934596,nan,0.0,nan,0.0,0
21,340,7380,0.12049242424242426,2560,1.3471057057380675,0.48671875,0.7577786803245544,0.777203518152237,0.271484375,0.44421742111444473,0.5877961695194245,0.03137257695198059,0.037118015065789225,0.6979634165763855,0.7617942780256272,0.004015597701072737,0.16632988750934596,nan,0.0,nan,0.0,0
21,352,7392,0.12003787878787878,1480,1.3492851502186543,0.491891891408611,0.7601526991741078,0.7778591114121515,0.2709459457848523,0.4559292693395872,0.5809431916958577,0.03137257695198059,0.03580105415469891,0.6950721331544825,0.7577786803245544,-0.00237401884955335,0.16632988750934596,nan,0.0,nan,0.0,0
22,20,7412,0.11928030303030304,2560,1.2995920836925507,0.500390625,0.7505086213350296,0.779370129108429,0.27421875,0.43340529352426527,0.5926366329193116,0.03137257695198059,0.03458541044965387,0.6898248076438904,0.7601526991741078,0.009644077839078169,0.16632988750934596,nan,0.0,nan,0.0,0
22,40,7432,0.11852272727272727,2560,1.3542033314704895,0.471484375,0.7614693820476532,0.7783491969108581,0.29453125,0.4548252061009407,0.5851530969142914,0.03137257695198059,0.03525965921580791,0.6935667544603348,0.7577786803245544,-0.0036907017230988215,0.16632988750934596,nan,0.0,nan,0.0,0
22,60,7452,0.11776515151515153,2560,1.3254494428634644,0.484765625,0.7607546001672745,0.7766559839248657,0.28515625,0.45041232407093046,0.5874277919530868,0.03137257695198059,0.037640024349093436,0.6990792125463485,0.7577786803245544,-0.002975919842720054,0.16632988750934596,nan,0.0,nan,0.0,0
22,80,7472,0.11700757575757575,2560,1.3189969062805176,0.500390625,0.7531693309545517,0.7803421258926392,0.270703125,0.45422161668539046,0.5846314996480941,0.03137257695198059,0.03541762456297874,0.6919337272644043,0.7601526991741078,0.00698336821955603,0.16632988750934596,nan,0.0,nan,0.0,0
22,100,7492,0.11625000000000002,2560,1.3326581001281739,0.488671875,0.7563830405473709,0.7809114009141922,0.2921875,0.44907004237174986,0.589439794421196,0.03137257695198059,0.03563511334359646,0.6942974269390106,0.7601526991741078,0.003769658626736838,0.16632988750934596,nan,0.0,nan,0.0,0
22,120,7512,0.11549242424242423,2560,1.3224931180477142,0.48828125,0.7459555417299271,0.7739544153213501,0.279296875,0.44858114421367645,0.5897411584854126,0.03137257695198059,0.0354485385119915,0.6918214231729507,0.7563830405473709,0.01042749881744387,0.16632988750934596,nan,0.0,nan,0.0,0
22,140,7532,0.1147348484848485,2560,1.2983383297920228,0.5015625,0.757872399687767,0.781679418683052,0.276953125,0.44595957547426224,0.587289834022522,0.03137257695198059,0.03611265048384667,0.6952038943767548,0.7563830405473709,-0.0014893591403960516,0.16632988750934596,nan,0.0,nan,0.0,0
22,160,7552,0.11397727272727272,2560,1.3698765635490417,0.470703125,0.7542944610118866,0.7808283686637878,0.2875,0.458725181221962,0.5891020685434342,0.03137257695198059,0.03825724851340055,0.7027013659477234,0.7563830405473709,0.0020885795354843584,0.16632988750934596,nan,0.0,nan,0.0,0
22,180,7572,0.11321969696969698,2560,1.3336314380168914,0.48671875,0.7614165842533112,0.7735654383897781,0.271484375,0.43557100296020507,0.586595556139946,0.03137257695198059,0.036842857766896484,0.6954666793346405,0.7542944610118866,-0.007122123241424583,0.16632988750934596,nan,0.0,nan,0.0,0
22,200,7592,0.11246212121212121,2560,1.3221580505371093,0.503515625,0.7562334954738616,0.7809232264757157,0.266015625,0.4623232796788216,0.5946566373109817,0.03137257695198059,0.03597964681684971,0.6945003360509873,0.7563830405473709,0.00014954507350928292,0.16632988750934596,nan,0.0,nan,0.0,0
22,220,7612,0.11170454545454547,2560,1.3451097667217256,0.4859375,0.7555373579263687,0.7836372554302216,0.284375,0.4376128539443016,0.5995236933231354,0.03137257695198059,0.033921796921640636,0.6874885141849518,0.7562334954738616,0.000696137547492981,0.16632988750934596,nan,0.0,nan,0.0,0
22,240,7632,0.1109469696969697,2560,1.3394849717617034,0.485546875,0.7424210906028748,0.776660817861557,0.269921875,0.4381678134202957,0.5842404901981354,0.03137257695198059,0.035867979377508165,0.6947415709495545,0.7562334954738616,0.013812404870986894,0.16632988750934596,nan,0.0,nan,0.0,0
22,260,7652,0.11018939393939396,2560,1.3208395898342133,0.483984375,0.7657891154289246,0.7808794856071473,0.2890625,0.4409956783056259,0.5940495938062668,0.03137257695198059,0.03763137497007847,0.6994151622056961,0.7555373579263687,-0.010251757502555914,0.16632988750934596,nan,0.0,nan,0.0,0
22,280,7672,0.10943181818181819,2560,1.3521595478057862,0.4890625,0.748309999704361,0.7755016535520554,0.28359375,0.4590844988822937,0.590131139755249,0.03137257695198059,0.03651315644383431,0.6955685049295426,0.7562334954738616,0.007923495769500688,0.16632988750934596,nan,0.0,nan,0.0,0
22,300,7692,0.10867424242424245,2560,1.3394519925117492,0.486328125,0.7429578810930252,0.7789528101682663,0.281640625,0.4373752027750015,0.5961489528417587,0.03137257695198059,0.03467631209641695,0.6906238347291946,0.7555373579263687,0.012579476833343484,0.16632988750934596,nan,0.0,nan,0.0,0
22,320,7712,0.10791666666666666,2560,1.3415930807590484,0.493359375,0.7547970771789551,0.7806550562381744,0.2734375,0.45902410000562666,0.5860899806022644,0.03137257695198059,0.03648358508944512,0.6959547102451324,0.748309999704361,-0.006487077474594094,0.16632988750934596,nan,0.0,nan,0.0,0
22,340,7732,0.10715909090909093,2560,1.3371965706348419,0.48359375,0.7437617838382721,0.7769130796194077,0.281640625,0.44899899065494536,0.5926271080970764,0.03137257695198059,0.03675721529871225,0.6998689502477646,0.748309999704361,0.004548215866088889,0.16632988750934596,nan,0.0,nan,0.0,0
22,352,7744,0.10670454545454544,1480,1.3455558615761833,0.4986486483264614,0.7563562844250653,0.7860246175044292,0.2662162160551226,0.4414437753123206,0.5877344869278572,0.03137257695198059,0.038064618146902804,0.7010023613233825,0.748309999704361,-0.008046284720704344,0.16632988750934596,nan,0.0,nan,0.0,0
23,20,7764,0.1059469696969697,2560,1.2658327281475068,0.526171875,0.7452787190675736,0.7740596979856491,0.266796875,0.4309280201792717,0.5822111964225769,0.03137257695198059,0.03717100191861391,0.6975022852420807,0.748309999704361,0.00303128063678737,0.16632988750934596,nan,0.0,nan,0.0,0
23,40,7784,0.10518939393939393,2560,1.2673033058643342,0.50390625,0.7427629113197327,0.7732034236192703,0.2734375,0.45277114063501356,0.5873066186904907,0.03137257695198059,0.037070277519524096,0.6961017847061157,0.7452787190675736,0.0025158077478408813,0.16632988750934596,nan,0.0,nan,0.0,0
23,60,7804,0.1044318181818182,2560,1.3078179001808166,0.4984375,0.7363218635320663,0.776629775762558,0.27734375,0.45769488364458083,0.5911701321601868,0.03137257695198059,0.03763789106160402,0.7004878520965576,0.7452787190675736,0.008956855535507291,0.16632988750934596,nan,0.0,nan,0.0,0
23,80,7824,0.10367424242424242,2560,1.287206107378006,0.51328125,0.7294519603252411,0.7609557062387466,0.274609375,0.46035843789577485,0.5901608943939209,0.03137257695198059,0.0409433813765645,0.7068447500467301,0.7437617838382721,0.014309823513031006,0.16632988750934596,nan,0.0,nan,0.0,0
23,100,7844,0.10291666666666668,2560,1.295596468448639,0.50078125,0.7688092172145844,0.785141134262085,0.275390625,0.45001245886087415,0.5899203151464463,0.03137257695198059,0.03569336161017418,0.6928938597440719,0.7427629113197327,-0.026046305894851685,0.16632988750934596,nan,0.0,nan,0.0,0
23,120,7864,0.10215909090909091,2560,1.3002864003181458,0.491796875,0.727625972032547,0.7690708369016648,0.285546875,0.4544017598032951,0.5841124415397644,0.03137257695198059,0.0379826495423913,0.7000724852085114,0.7427629113197327,0.015136939287185736,0.16632988750934596,nan,0.0,nan,0.0,0
23,140,7884,0.10140151515151517,2560,1.3070663213729858,0.50859375,0.7318891048431396,0.7727112025022507,0.26640625,0.4467729449272156,0.5861981928348541,0.03137257695198059,0.03337117005139589,0.685568842291832,0.7363218635320663,0.004432758688926675,0.16632988750934596,nan,0.0,nan,0.0,0
23,160,7904,0.1006439393939394,2560,1.3262712001800536,0.498046875,0.7506512939929962,0.7781800717115402,0.27578125,0.4523200750350952,0.5916148066520691,0.03137257695198059,0.03658569622784853,0.6957246512174606,0.7318891048431396,-0.018762189149856612,0.16632988750934596,nan,0.0,nan,0.0,0
23,180,7924,0.09988636363636366,2560,1.284406155347824,0.51328125,0.7594559997320175,0.7788482815027237,0.25703125,0.4417119324207306,0.5913373559713364,0.03137257695198059,0.03525683851912618,0.6916367322206497,0.7318891048431396,-0.02756689488887787,0.16632988750934596,nan,0.0,nan,0.0,0
23,200,7944,0.09912878787878787,2560,1.2774946570396424,0.490234375,0.7456208854913712,0.7656106501817703,0.298046875,0.43841312229633334,0.5908519923686981,0.03137257695198059,0.034889784269034864,0.6912572383880615,0.7506512939929962,0.005030408501625061,0.16632988750934596,nan,0.0,nan,0.0,0
23,220,7964,0.09837121212121214,2560,1.3214975535869598,0.49140625,0.7356538832187652,0.7753621637821198,0.280859375,0.45984991639852524,0.5859770715236664,0.03137257695198059,0.033347356412559745,0.6859252423048019,0.7456208854913712,0.00996700227260594,0.16632988750934596,nan,0.0,nan,0.0,0
23,240,7984,0.09761363636363636,2560,1.3089691042900085,0.495703125,0.7439802408218383,0.7763969630002976,0.28515625,0.44842619448900223,0.5908560633659363,0.03137257695198059,0.035641830414533615,0.6948408633470535,0.7456208854913712,0.0016406446695328425,0.16632988750934596,nan,0.0,nan,0.0,0
23,260,8004,0.09685606060606063,2560,1.2860799372196197,0.50546875,0.747386845946312,0.7747913539409638,0.275390625,0.43770038336515427,0.5883623957633972,0.03137257695198059,0.03365864893421531,0.68832768201828,0.7456208854913712,-0.001765960454940818,0.16632988750934596,nan,0.0,nan,0.0,0
23,280,8024,0.09609848484848485,2560,1.2913581132888794,0.498046875,0.7389648199081421,0.7761898249387741,0.275390625,0.45144139379262926,0.5957634180784226,0.03137257695198059,0.03319977661594749,0.6865979254245758,0.7456208854913712,0.006656065583229065,0.16632988750934596,nan,0.0,nan,0.0,0
23,300,8044,0.09534090909090912,2560,1.2785325169563293,0.514453125,0.7451055705547333,0.7713900446891785,0.26953125,0.4530321255326271,0.5953141719102859,0.03137257695198059,0.03422585753723979,0.6905803501605987,0.7439802408218383,-0.0011253297328949197,0.16632988750934596,nan,0.0,nan,0.0,0
23,320,8064,0.09458333333333334,2560,1.3180049359798431,0.49921875,0.742436021566391,0.7763310939073562,0.272265625,0.46446012109518053,0.5918065637350083,0.03137257695198059,0.03313957154750824,0.6861348003149033,0.7439802408218383,0.0015442192554473433,0.16632988750934596,nan,0.0,nan,0.0,0
23,340,8084,0.0938257575757576,2560,1.325053071975708,0.4953125,0.7503935039043427,0.7819456964731216,0.277734375,0.4617984563112259,0.5964531153440475,0.03137257695198059,0.03742602691054344,0.6994240254163742,0.7439802408218383,-0.006413263082504339,0.16632988750934596,nan,0.0,nan,0.0,0
23,352,8096,0.09337121212121212,1480,1.3252367780015275,0.5013513516735386,0.7553782865807817,0.778303836487435,0.26959459435295413,0.43948689425313797,0.5886985089327837,0.03137257695198059,0.03533109426498413,0.6933151515754493,0.7451055705547333,-0.0102727160260484,0.16632988750934596,nan,0.0,nan,0.0,0
24,20,8116,0.09261363636363638,2560,1.2229235112667083,0.53359375,0.728505077958107,0.7594904810190201,0.277734375,0.43662492036819456,0.5903089016675949,0.03137257695198059,0.03467274783179164,0.6920145064592361,0.7451055705547333,0.016600492596626215,0.16632988750934596,nan,0.0,nan,0.0,0
24,40,8136,0.09185606060606061,2560,1.28658087849617,0.5046875,0.7372886210680007,0.774284765124321,0.28984375,0.46759950220584867,0.5933900475502014,0.03137257695198059,0.035047173406928776,0.6912700593471527,0.7451055705547333,0.007816949486732505,0.16632988750934596,nan,0.0,nan,0.0,0
24,60,8156,0.09109848484848487,2560,1.2858371496200562,0.5078125,0.7430107951164245,0.7749115198850631,0.280859375,0.4505808845162392,0.5897284418344497,0.03137257695198059,0.03554856069386005,0.6933022022247315,0.742436021566391,-0.0005747735500335471,0.16632988750934596,nan,0.0,nan,0.0,0
24,80,8176,0.09034090909090908,2560,1.2866993308067323,0.512109375,0.7257185518741608,0.76692735850811,0.26953125,0.45536547601222993,0.5997448176145553,0.03137257695198059,0.034617106150835755,0.6900814801454545,0.7430107951164245,0.01729224324226375,0.16632988750934596,nan,0.0,nan,0.0,0
24,100,8196,0.08958333333333335,2560,1.2363065958023072,0.516796875,0.7316239327192307,0.7679669916629791,0.275390625,0.44550444930791855,0.5901390254497528,0.03137257695198059,0.03289709649980068,0.6847287625074386,0.7372886210680007,0.005664688348770097,0.16632988750934596,nan,0.0,nan,0.0,0
24,120,8216,0.08882575757575757,2560,1.2736066579818726,0.50703125,0.7187178134918213,0.765518206357956,0.28046875,0.453536593914032,0.5907304346561432,0.03137257695198059,0.03440288482233882,0.6905945122241974,0.7316239327192307,0.012906119227409363,0.16632988750934596,nan,0.0,nan,0.0,0
24,140,8236,0.08806818181818184,2560,1.265310490131378,0.52265625,0.744409704208374,0.7693812221288681,0.26640625,0.4462202161550522,0.582701125741005,0.03137257695198059,0.03424752531573176,0.6892463564872742,0.7316239327192307,-0.012785771489143394,0.16632988750934596,nan,0.0,nan,0.0,0
24,160,8256,0.08731060606060606,2560,1.2664923429489137,0.50859375,0.7222290307283401,0.7585595667362213,0.270703125,0.44484438598155973,0.5817162960767746,0.03137257695198059,0.033534235507249835,0.6879014670848846,0.7316239327192307,0.009394901990890547,0.16632988750934596,nan,0.0,nan,0.0,0
24,180,8276,0.08655303030303033,2560,1.2962093710899354,0.4984375,0.7428305834531784,0.7650805294513703,0.287890625,0.45655631870031355,0.5904571771621704,0.03137257695198059,0.03458379842340946,0.6913058757781982,0.7257185518741608,-0.01711203157901764,0.16632988750934596,nan,0.0,nan,0.0,0
24,200,8296,0.08579545454545455,2560,1.279827642440796,0.49453125,0.7522249460220337,0.7755851984024048,0.293359375,0.4431225433945656,0.5923729121685029,0.03137257695198059,0.03469074256718159,0.6908188700675965,0.7316239327192307,-0.020601013302803062,0.16632988750934596,nan,0.0,nan,0.0,0
24,220,8316,0.08503787878787882,2560,1.2907555520534515,0.513671875,0.7401898592710495,0.7690858393907547,0.273828125,0.4606886565685272,0.5921530663967133,0.03137257695198059,0.0355288153514266,0.6932902574539185,0.7428305834531784,0.0026407241821289062,0.16632988750934596,nan,0.0,nan,0.0,0
24,240,8336,0.08428030303030304,2560,1.2336790263652802,0.512109375,0.7317665576934814,0.762396389245987,0.28984375,0.45005384385585784,0.5903752833604813,0.03137257695198059,0.034160114079713824,0.6872166246175766,0.7428305834531784,0.011064025759697005,0.16632988750934596,nan,0.0,nan,0.0,0
24,260,8356,0.0835227272727273,2560,1.2914637327194214,0.49453125,0.7169085681438446,0.7681246638298035,0.28359375,0.46600497514009476,0.5856235653162003,0.03137257695198059,0.03510568980127573,0.6933741241693496,0.7401898592710495,0.023281291127204895,0.16632988750934596,nan,0.0,nan,0.0,0
24,280,8376,0.08276515151515151,2560,1.2334919691085815,0.525390625,0.7177440494298934,0.763330727815628,0.26328125,0.43766924887895586,0.5933446437120438,0.03137257695198059,0.03660463858395815,0.6942058116197586,0.7401898592710495,0.022445809841156072,0.16632988750934596,nan,0.0,nan,0.0,0
24,300,8396,0.08200757575757578,2560,1.2627005875110626,0.520703125,0.7389460682868958,0.7717882990837097,0.26640625,0.4483373314142227,0.5874116450548172,0.03137257695198059,0.03655271660536528,0.6962954789400101,0.7317665576934814,-0.007179510593414373,0.16632988750934596,nan,0.0,nan,0.0,0
24,320,8416,0.08125,2560,1.2124047935009004,0.54453125,0.7362357378005981,0.7678625911474228,0.25546875,0.4441946044564247,0.5902987331151962,0.03137257695198059,0.03277318039909005,0.6849741160869598,0.7317665576934814,-0.004469180107116721,0.16632988750934596,nan,0.0,nan,0.0,0
24,340,8436,0.08049242424242423,2560,1.2317830920219421,0.525,0.7154924780130386,0.7678876370191574,0.271875,0.45686630457639693,0.5952338069677353,0.03137257695198059,0.034289582073688506,0.6892454117536545,0.7317665576934814,0.01627407968044281,0.16632988750934596,nan,0.0,nan,0.0,0
24,352,8448,0.08003787878787878,1480,1.2544787748439892,0.5013513526401004,0.7244258265237551,0.7688351379858481,0.27297297248969205,0.4507672696500211,0.5900714107461877,0.03137257695198059,0.032081082392786,0.6824635125495292,0.7177440494298934,-0.0066817770938616405,0.16632988750934596,nan,0.0,nan,0.0,0
25,20,8468,0.07928030303030305,2560,1.2183160185813904,0.527734375,0.7287473767995835,0.7716835170984269,0.269140625,0.4463505417108536,0.584672948718071,0.03137257695198059,0.033892400376498696,0.6903555870056153,0.7244258265237551,-0.0043215502758283675,0.16632988750934596,nan,0.0,nan,0.0,0
25,40,8488,0.07852272727272727,2560,1.2386042714118957,0.531640625,0.7346234530210495,0.7738613307476043,0.25859375,0.4423432558774948,0.5937818050384521,0.03137257695198059,0.03403065428137779,0.6899126589298248,0.7287473767995835,-0.00587607622146602,0.16632988750934596,nan,0.0,nan,0.0,0
25,60,8508,0.07776515151515154,2560,1.208210527896881,0.529296875,0.7234994322061539,0.7603033930063248,0.276953125,0.4557934939861298,0.5972435265779495,0.03137257695198059,0.035187260620296,0.6904816031455994,0.7287473767995835,0.005247944593429588,0.16632988750934596,nan,0.0,nan,0.0,0
25,80,8528,0.07700757575757576,2560,1.2046505630016326,0.530078125,0.7234061539173127,0.7659888148307801,0.272265625,0.4436632588505745,0.5849996089935303,0.03137257695198059,0.0343842932023108,0.6909546941518784,0.7244258265237551,0.0010196726064424233,0.16632988750934596,nan,0.0,nan,0.0,0
25,100,8548,0.07625000000000003,2560,1.230329442024231,0.516015625,0.7160924345254898,0.7564613580703735,0.26875,0.4502961277961731,0.5917106866836548,0.03137257695198059,0.031715343985706565,0.6811714023351669,0.7244258265237551,0.008333391998265327,0.16632988750934596,nan,0.0,nan,0.0,0
25,120,8568,0.07549242424242425,2560,1.2149722158908844,0.54375,0.7288868069648743,0.7652042597532273,0.278515625,0.45476050227880477,0.5937097102403641,0.03137257695198059,0.032891112845391035,0.683465051651001,0.7234994322061539,-0.00538737475872042,0.16632988750934596,nan,0.0,nan,0.0,0
25,140,8588,0.0747348484848485,2560,1.2567360281944275,0.510546875,0.718756440281868,0.7610140740871429,0.2765625,0.4557705670595169,0.5831859707832336,0.03137257695198059,0.03747753351926804,0.6980553150177002,0.7234994322061539,0.004742991924285844,0.16632988750934596,nan,0.0,nan,0.0,0
25,160,8608,0.07397727272727272,2560,1.2295832455158233,0.5203125,0.7337209135293961,0.7638660609722138,0.273828125,0.44232605695724486,0.5931169122457505,0.03137257695198059,0.03456174563616514,0.6902570188045501,0.7234061539173127,-0.01031475961208339,0.16632988750934596,nan,0.0,nan,0.0,0
25,180,8628,0.07321969696969699,2560,1.237605834007263,0.5140625,0.7156187623739243,0.753403490781784,0.290234375,0.46010289937257765,0.5889872431755065,0.03137257695198059,0.03422446604818106,0.6876933008432389,0.7234061539173127,0.007787391543388367,0.16632988750934596,nan,0.0,nan,0.0,0
25,200,8648,0.07246212121212121,2560,1.2626040279865265,0.506640625,0.7268547654151917,0.7690822809934617,0.28828125,0.44684523046016694,0.5911316066980362,0.03137257695198059,0.03286728281527758,0.6845386654138566,0.718756440281868,-0.008098325133323647,0.16632988750934596,nan,0.0,nan,0.0,0
25,220,8668,0.07170454545454548,2560,1.2915361106395722,0.504296875,0.7213574647903442,0.7678131312131882,0.28515625,0.4675357505679131,0.5897976070642471,0.03137257695198059,0.035754282400012015,0.6941525161266326,0.7268547654151917,0.005497300624847434,0.16632988750934596,nan,0.0,nan,0.0,0
25,240,8688,0.0709469696969697,2560,1.2258478999137878,0.5203125,0.7187784641981125,0.7601421535015106,0.287109375,0.4458306640386581,0.5896611690521241,0.03137257695198059,0.03276654714718461,0.6844330251216888,0.7213574647903442,0.002579000592231706,0.16632988750934596,nan,0.0,nan,0.0,0
25,260,8708,0.07018939393939393,2560,1.2267861068248749,0.531640625,0.7288530051708222,0.7648526728153229,0.26640625,0.4597619563341141,0.59343441426754,0.03137257695198059,0.035201859660446644,0.6919371783733368,0.7213574647903442,-0.00749554038047795,0.16632988750934596,nan,0.0,nan,0.0,0
25,280,8728,0.06943181818181819,2560,1.2402853786945343,0.520703125,0.7159893274307251,0.7548469722270965,0.27421875,0.4515340685844421,0.5827514827251434,0.03137257695198059,0.035205268301069736,0.6895362257957458,0.7213574647903442,0.005368137359619163,0.16632988750934596,nan,0.0,nan,0.0,0
25,300,8748,0.0686742424242424,2560,1.2636828243732452,0.507421875,0.7237786024808883,0.7584688991308213,0.28046875,0.4616324380040169,0.5854300409555435,0.03137257695198059,0.0320217851549387,0.6799932837486267,0.7213574647903442,-0.002421137690544084,0.16632988750934596,nan,0.0,nan,0.0,0
25,320,8768,0.06791666666666667,2560,1.2402987599372863,0.517578125,0.7295446664094924,0.7660282403230667,0.284765625,0.44380743950605395,0.5920406490564346,0.03137257695198059,0.033657478913664815,0.685833340883255,0.7213574647903442,-0.00818720161914821,0.16632988750934596,nan,0.0,nan,0.0,0
25,340,8788,0.06715909090909089,2560,1.202299702167511,0.5421875,0.7294509381055831,0.7649705439805985,0.265625,0.4452242210507393,0.5874987512826919,0.03137257695198059,0.03460965799167752,0.6905144512653351,0.7237786024808883,-0.005672335624694824,0.16632988750934596,nan,0.0,nan,0.0,0
25,352,8800,0.06670454545454545,1480,1.2115551072197992,0.5250000008054682,0.7244681902833887,0.7641012269097406,0.2790540546984286,0.4680346047556078,0.5879093408584595,0.03137257695198059,0.03169510374600823,0.6807901798067866,0.7288530051708222,0.004384814887433475,0.16632988750934596,nan,0.0,nan,0.0,0
26,20,8820,0.06594696969696971,2560,1.186678633093834,0.53515625,0.7286627054214477,0.7661576807498932,0.27578125,0.44441272169351576,0.5892761409282684,0.03137257695198059,0.033635782264173034,0.6872326225042343,0.7244681902833887,-0.004194515138059018,0.16632988750934596,nan,0.0,nan,0.0,0
26,40,8840,0.06518939393939394,2560,1.1435168206691741,0.560546875,0.7158889651298523,0.7543440788984299,0.272265625,0.44101800620555875,0.5843757778406143,0.03137257695198059,0.03191309813410044,0.6823486268520356,0.7286627054214477,0.012773740291595392,0.16632988750934596,nan,0.0,nan,0.0,0
26,60,8860,0.0644318181818182,2560,1.1944128274917603,0.540625,0.7333582788705826,0.755830529332161,0.275390625,0.46191023141145704,0.5862295985221863,0.03137257695198059,0.0326774331741035,0.6838119029998779,0.7286627054214477,-0.004695573449134849,0.16632988750934596,nan,0.0,nan,0.0,0
26,80,8880,0.06367424242424242,2560,1.1860838294029237,0.546875,0.7061513006687165,0.7532417476177216,0.265625,0.46362265646457673,0.5939284205436707,0.03137257695198059,0.03400027686730027,0.6858342587947845,0.7286627054214477,0.02251140475273128,0.16632988750934596,nan,0.0,nan,0.0,0
26,100,8900,0.06291666666666669,2560,1.1833159446716308,0.537890625,0.7047911524772644,0.7582906275987625,0.2765625,0.4512159079313278,0.5899757593870163,0.03137257695198059,0.03271294059231877,0.6845300436019898,0.7244681902833887,0.019677037806124287,0.16632988750934596,nan,0.0,nan,0.0,0
26,120,8920,0.062159090909090914,2560,1.188251608610153,0.53984375,0.7003409773111343,0.74673031270504,0.27578125,0.4555976539850235,0.580571511387825,0.03137257695198059,0.03296515932306647,0.6859257757663727,0.7158889651298523,0.015547987818718023,0.16632988750934596,nan,0.0,nan,0.0,0
26,140,8940,0.06140151515151518,2560,1.1691685378551484,0.5546875,0.7341311275959015,0.7592790126800537,0.257421875,0.4472250804305077,0.5878696620464325,0.03137257695198059,0.033618785161525014,0.6848727762699127,0.7061513006687165,-0.027979826927185036,0.16632988750934596,nan,0.0,nan,0.0,0
26,160,8960,0.060643939393939396,2560,1.1955618381500244,0.5375,0.7099350303411484,0.7514159113168717,0.271484375,0.45715058892965316,0.5890042871236801,0.03137257695198059,0.03500146362930536,0.6914295703172684,0.7061513006687165,-0.0037837296724319014,0.16632988750934596,nan,0.0,nan,0.0,0
26,180,8980,0.05988636363636362,2560,1.2119660079479218,0.528515625,0.7156634539365768,0.7592830836772919,0.281640625,0.46207535415887835,0.5869594752788544,0.03137257695198059,0.03251157216727733,0.6826804548501968,0.7061513006687165,-0.009512153267860368,0.16632988750934596,nan,0.0,nan,0.0,0
26,200,9000,0.059128787878787885,2560,1.1715195536613465,0.547265625,0.7287565052509308,0.7599681973457336,0.271484375,0.44241964221000674,0.5867969661951065,0.03137257695198059,0.034990995191037655,0.6918167024850845,0.7099350303411484,-0.018821474909782476,0.16632988750934596,nan,0.0,nan,0.0,0
26,220,9020,0.0583712121212121,2560,1.1751769423484801,0.537890625,0.7171241611242294,0.7563226252794266,0.279296875,0.4550312653183937,0.5904257625341416,0.03137257695198059,0.03267124481499195,0.6836197584867477,0.7156634539365768,-0.0014607071876525657,0.16632988750934596,nan,0.0,nan,0.0,0
26,240,9040,0.05761363636363637,2560,1.186361974477768,0.549609375,0.6965016543865203,0.7566948115825654,0.25859375,0.4573090374469757,0.5856917291879654,0.03137257695198059,0.03274411605671048,0.6844618022441864,0.7171241611242294,0.020622506737709045,0.16632988750934596,nan,0.0,nan,0.0,0
26,260,9060,0.05685606060606059,2560,1.1784283250570298,0.535546875,0.7089398771524429,0.7589423090219498,0.276171875,0.44717181771993636,0.5895546168088913,0.03137257695198059,0.03257865831255913,0.6808357149362564,0.7156634539365768,0.006723576784133933,0.16632988750934596,nan,0.0,nan,0.0,0
26,280,9080,0.056098484848484856,2560,1.240586668252945,0.526171875,0.7224661409854889,0.7538968592882156,0.26328125,0.46345419585704806,0.5878758907318116,0.03137257695198059,0.03344395365566015,0.685640686750412,0.7156634539365768,-0.0068026870489120705,0.16632988750934596,nan,0.0,nan,0.0,0
26,300,9100,0.05534090909090908,2560,1.1706351518630982,0.562109375,0.7199588984251022,0.7553391933441163,0.25546875,0.4382201164960861,0.5909572750329971,0.03137257695198059,0.03234780570492148,0.6825282990932464,0.7171241611242294,-0.0028347373008728027,0.16632988750934596,nan,0.0,nan,0.0,0
26,320,9120,0.054583333333333345,2560,1.2029297649860382,0.546484375,0.7036428213119507,0.7491679042577744,0.26796875,0.450172147154808,0.5865872919559478,0.03137257695198059,0.03447049725800753,0.6894048810005188,0.7171241611242294,0.013481339812278725,0.16632988750934596,nan,0.0,nan,0.0,0
26,340,9140,0.05382575757575756,2560,1.1812777042388916,0.539453125,0.701567354798317,0.7546690821647644,0.276171875,0.4549795836210251,0.5917812496423721,0.03137257695198059,0.0314688429236412,0.6791880249977111,0.7089398771524429,0.007372522354125888,0.16632988750934596,nan,0.0,nan,0.0,0
26,352,9152,0.053371212121212125,1480,1.1998200854739627,0.5364864855199247,0.702159317764076,0.7551865783897607,0.27364864864864863,0.4578175333706108,0.5911627966004449,0.03137257695198059,0.03423897420635094,0.6885212392420382,0.7089398771524429,0.006780559388366858,0.16632988750934596,nan,0.0,nan,0.0,0
27,20,9172,0.05261363636363639,2560,1.1459180116653442,0.552734375,0.728985333442688,0.7632190853357315,0.27265625,0.42683328241109847,0.5863656520843505,0.03137257695198059,0.033558253385126594,0.6853250354528427,0.7036428213119507,-0.02534251213073735,0.16632988750934596,nan,0.0,nan,0.0,0
27,40,9192,0.05185606060606061,2560,1.1238057315349579,0.56328125,0.6803616017103196,0.7439702570438385,0.251953125,0.4425429105758667,0.5849638819694519,0.03137257695198059,0.03245905926451087,0.6830805540084839,0.7036428213119507,0.023281219601631098,0.16632988750934596,nan,0.0,nan,0.0,0
27,60,9212,0.05109848484848483,2560,1.1619881749153138,0.5421875,0.711479377746582,0.7588029474020004,0.285546875,0.4594731941819191,0.5899145931005478,0.03137257695198059,0.032953934464603665,0.6842474281787873,0.702159317764076,-0.009320059982505957,0.16632988750934596,nan,0.0,nan,0.0,0
27,80,9232,0.050340909090909096,2560,1.1766445457935333,0.5453125,0.7062640517950058,0.7532262414693832,0.28046875,0.4552770510315895,0.5815117061138153,0.03137257695198059,0.03260108297690749,0.6835255950689316,0.702159317764076,-0.004104734030929813,0.16632988750934596,nan,0.0,nan,0.0,0
27,100,9252,0.04958333333333331,2560,1.1292888134717942,0.554296875,0.7078444689512253,0.7442820399999619,0.278125,0.44227776527404783,0.5904841303825379,0.03137257695198059,0.033446790371090176,0.6860275238752365,0.7062640517950058,-0.0015804171562194824,0.16632988750934596,nan,0.0,nan,0.0,0
27,120,9272,0.04882575757575758,2560,1.1262824326753615,0.554296875,0.7138687044382095,0.7644413203001023,0.27109375,0.44033689349889754,0.5782015681266784,0.03137257695198059,0.033726653177291156,0.687127074599266,0.7078444689512253,-0.006024235486984164,0.16632988750934596,nan,0.0,nan,0.0,0
27,140,9292,0.0480681818181818,2560,1.1839185059070587,0.52265625,0.6831435352563858,0.7444205164909363,0.286328125,0.47862147688865664,0.5970474421977997,0.03137257695198059,0.033884454146027566,0.6885061711072922,0.7078444689512253,0.0247009336948395,0.16632988750934596,nan,0.0,nan,0.0,0
27,160,9312,0.04731060606060607,2560,1.1295082449913025,0.56484375,0.7021638214588165,0.7510484278202056,0.2671875,0.43490197956562043,0.5873330563306809,0.03137257695198059,0.03265707427635789,0.68337362408638,0.7078444689512253,0.005680647492408819,0.16632988750934596,nan,0.0,nan,0.0,0
27,180,9332,0.04655303030303029,2560,1.1206863701343537,0.571484375,0.7096730798482895,0.7532844722270966,0.253515625,0.43170624375343325,0.5893730401992798,0.03137257695198059,0.03201124491170049,0.6811024010181427,0.7062640517950058,-0.0034090280532836914,0.16632988750934596,nan,0.0,nan,0.0,0
27,200,9352,0.045795454545454556,2560,1.1509333431720734,0.548828125,0.7010622829198837,0.7470775812864303,0.273828125,0.45692005604505537,0.5868009179830551,0.03137257695198059,0.032775571942329405,0.6831577628850937,0.7078444689512253,0.006782186031341619,0.16632988750934596,nan,0.0,nan,0.0,0
27,220,9372,0.04503787878787877,2560,1.1359110295772552,0.55859375,0.7095771849155426,0.7537380307912827,0.267578125,0.44720629304647447,0.5896826595067978,0.03137257695198059,0.03202198566868901,0.681933706998825,0.7021638214588165,-0.007413363456726052,0.16632988750934596,nan,0.0,nan,0.0,0
27,240,9392,0.04428030303030304,2560,1.1399206936359405,0.558984375,0.6950403034687043,0.752931872010231,0.27734375,0.4505400910973549,0.5915903866291046,0.03137257695198059,0.033905909210443494,0.6866435170173645,0.7021638214588165,0.007123517990112238,0.16632988750934596,nan,0.0,nan,0.0,0
27,260,9412,0.04352272727272726,2560,1.0983073741197587,0.57421875,0.6951966524124146,0.7399537563323975,0.265625,0.439251583814621,0.5922723323106766,0.03137257695198059,0.031364706158638,0.6773220092058182,0.7021638214588165,0.006967169046401933,0.16632988750934596,nan,0.0,nan,0.0,0
27,280,9432,0.04276515151515153,2560,1.1356983482837677,0.5578125,0.6820388972759247,0.7399242609739304,0.273828125,0.4650654822587967,0.5953539729118347,0.03137257695198059,0.03188546635210514,0.6802259236574173,0.7010622829198837,0.019023385643959,0.16632988750934596,nan,0.0,nan,0.0,0
27,300,9452,0.042007575757575744,2560,1.120487853884697,0.562109375,0.7099981814622879,0.7541767299175263,0.251953125,0.44079438745975497,0.5869332849979401,0.03137257695198059,0.032543633878231046,0.6831606179475784,0.6951966524124146,-0.014801529049873308,0.16632988750934596,nan,0.0,nan,0.0,0
27,320,9472,0.04125000000000001,2560,1.1307551205158233,0.558984375,0.6884428977966308,0.745982003211975,0.26328125,0.455681274831295,0.5868619412183762,0.03137257695198059,0.03251260304823518,0.6829992979764938,0.6951966524124146,0.006753754615783758,0.16632988750934596,nan,0.0,nan,0.0,0
27,340,9492,0.04049242424242423,2560,1.1316969990730286,0.558203125,0.6971903532743454,0.7442367762327194,0.28046875,0.45144187211990355,0.588121435046196,0.03137257695198059,0.03389170067384839,0.6872156888246537,0.6950403034687043,-0.002150049805641152,0.16632988750934596,nan,0.0,nan,0.0,0
27,352,9504,0.04003787878787879,1480,1.1203836357271348,0.5722972972972973,0.6808235036360251,0.7497019861195539,0.2648648651065053,0.43743639668902834,0.5866943543021743,0.03137257695198059,0.03439779549434378,0.690101593249553,0.6951966524124146,0.01437314877638951,0.16632988750934596,nan,0.0,nan,0.0,0
28,20,9524,0.03928030303030301,2560,1.0861207664012908,0.56953125,0.6945594191551209,0.7426207423210144,0.27265625,0.44270900040864947,0.5889829158782959,0.03137257695198059,0.03515546265989542,0.6920659929513931,0.6884428977966308,-0.006116521358490057,0.16632988750934596,nan,0.0,nan,0.0,0
28,40,9544,0.03852272727272728,2560,1.0596279799938202,0.58203125,0.7061121046543122,0.7533149927854538,0.277734375,0.4319454923272133,0.5831124871969223,0.03137257695198059,0.03435814175754785,0.6888828933238983,0.6945594191551209,-0.011552685499191306,0.16632988750934596,nan,0.0,nan,0.0,0
28,60,9564,0.0377651515151515,2560,1.0612325221300125,0.584765625,0.6782074272632599,0.739538723230362,0.26640625,0.4402684658765793,0.5846672236919404,0.03137257695198059,0.03312083408236503,0.6842240989208221,0.6945594191551209,0.016351991891860984,0.16632988750934596,nan,0.0,nan,0.0,0
28,80,9584,0.03700757575757576,2560,1.0721551150083541,0.573828125,0.69029321372509,0.7410877406597137,0.27265625,0.4436375305056572,0.5904721736907959,0.03137257695198059,0.032514235191047194,0.6820850163698197,0.6945594191551209,0.004266205430030867,0.16632988750934596,nan,0.0,nan,0.0,0
28,100,9604,0.036249999999999984,2560,1.0919638991355896,0.562890625,0.6861741095781326,0.7418837428092957,0.268359375,0.44414723515510557,0.5865225672721863,0.03137257695198059,0.03261768575757742,0.682863974571228,0.69029321372509,0.004119104146957375,0.16632988750934596,nan,0.0,nan,0.0,0
28,120,9624,0.03549242424242425,2560,1.0961130470037461,0.580078125,0.6930937945842743,0.7470511257648468,0.266796875,0.4602168306708336,0.5906491786241531,0.03137257695198059,0.03237134460359812,0.6819890677928925,0.69029321372509,-0.0028005808591843318,0.16632988750934596,nan,0.0,nan,0.0,0
28,140,9644,0.03473484848484847,2560,1.1110935986042023,0.558984375,0.6884081125259399,0.7463685512542725,0.277734375,0.44983055591583254,0.5878441154956817,0.03137257695198059,0.03109249286353588,0.6773109167814255,0.69029321372509,0.0018851011991500854,0.16632988750934596,nan,0.0,nan,0.0,0
28,160,9664,0.03397727272727274,2560,1.0552396297454834,0.598046875,0.6897488117218018,0.7349858820438385,0.25390625,0.4362949773669243,0.5904995113611221,0.03137257695198059,0.03081566784530878,0.676556795835495,0.6884081125259399,-0.001340699195861883,0.16632988750934596,nan,0.0,nan,0.0,0
28,180,9684,0.033219696969696955,2560,1.0590299606323241,0.576171875,0.698693111538887,0.7459293484687806,0.263671875,0.4396602317690849,0.5877941310405731,0.03137257695198059,0.03247358649969101,0.6830693364143372,0.6897488117218018,-0.008944299817085222,0.16632988750934596,nan,0.0,nan,0.0,0
28,200,9704,0.03246212121212122,2560,1.1094186782836915,0.56953125,0.6749557793140412,0.7375740200281143,0.265234375,0.462377792596817,0.5910081416368484,0.03137257695198059,0.03280414659529925,0.6807511359453201,0.6897488117218018,0.014793032407760642,0.16632988750934596,nan,0.0,nan,0.0,0
28,220,9724,0.031704545454545444,2560,1.0904401391744614,0.562890625,0.6850688099861145,0.7404102504253387,0.271875,0.4310279473662376,0.5844833612442016,0.03137257695198059,0.0323620829731226,0.6801456123590469,0.6897488117218018,0.004680001735687278,0.16632988750934596,nan,0.0,nan,0.0,0
28,240,9744,0.03094696969696971,2560,1.0725870847702026,0.57265625,0.6812873333692551,0.7435184717178345,0.26796875,0.4373205125331879,0.5936270624399185,0.03137257695198059,0.03277869466692209,0.6830539315938949,0.6884081125259399,0.007120779156684853,0.16632988750934596,nan,0.0,nan,0.0,0
28,260,9764,0.03018939393939393,2560,1.0601728051900863,0.5953125,0.6767770886421204,0.7309681177139282,0.2546875,0.44458098113536837,0.5840066492557525,0.03137257695198059,0.03227492962032556,0.6824073731899262,0.6850688099861145,0.00829172134399414,0.16632988750934596,nan,0.0,nan,0.0,0
28,280,9784,0.029431818181818194,2560,1.0864235162734985,0.5734375,0.6614381909370423,0.7363514214754104,0.267578125,0.4622927963733673,0.5866868555545807,0.03137257695198059,0.03304908284917474,0.6826841801404953,0.6812873333692551,0.019849142432212807,0.16632988750934596,nan,0.0,nan,0.0,0
28,300,9804,0.028674242424242415,2560,1.0755560040473937,0.584765625,0.6738716423511505,0.7363795161247253,0.2609375,0.44520173221826553,0.5841191798448563,0.03137257695198059,0.0315037346445024,0.6786342024803161,0.6767770886421204,0.002905446290969893,0.16632988750934596,nan,0.0,nan,0.0,0
28,320,9824,0.02791666666666668,2560,1.0428447127342224,0.591015625,0.6822030663490295,0.7443662226200104,0.256640625,0.4316877260804176,0.5922176569700242,0.03137257695198059,0.031688356306403875,0.67904252409935,0.6767770886421204,-0.005425977706909113,0.16632988750934596,nan,0.0,nan,0.0,0
28,340,9844,0.0271590909090909,2560,1.074551922082901,0.585546875,0.6802864700555802,0.7373164117336273,0.25546875,0.4440218523144722,0.5842575311660767,0.03137257695198059,0.03366155531257391,0.6862778991460801,0.6767770886421204,-0.0035093814134598,0.16632988750934596,nan,0.0,nan,0.0,0
28,352,9856,0.02670454545454546,1480,1.0637910172745988,0.5864864868086738,0.6802111963968019,0.7474314902279828,0.26824324364597735,0.4556553914740279,0.5893194227605253,0.03137257695198059,0.03468017724116106,0.688670982863452,0.6767770886421204,-0.003434107754681559,0.16632988750934596,nan,0.0,nan,0.0,0
29,20,9876,0.02594696969696968,2560,1.002819123864174,0.598046875,0.7037092953920364,0.7390331417322159,0.2640625,0.41368318647146224,0.5847642451524735,0.03137257695198059,0.030970397870987654,0.6792424589395523,0.6802111963968019,-0.023498098995234473,0.16632988750934596,nan,0.0,nan,0.0,0
29,40,9896,0.025189393939393945,2560,0.9987794429063797,0.6125,0.6783797562122345,0.7289961695671081,0.237109375,0.42531255483627317,0.5872871577739716,0.03137257695198059,0.030566935800015925,0.6755840063095093,0.6802864700555802,0.001906713843345731,0.16632988750934596,nan,0.0,nan,0.0,0
29,60,9916,0.024431818181818166,2560,1.0350207924842834,0.604296875,0.6707891285419464,0.7335422694683075,0.25546875,0.4453763782978058,0.5929179102182388,0.03137257695198059,0.031841850653290746,0.6798837840557098,0.6802864700555802,0.009497341513633795,0.16632988750934596,nan,0.0,nan,0.0,0
29,80,9936,0.02367424242424243,2560,1.0213000655174256,0.594921875,0.6651390701532364,0.734525951743126,0.25625,0.43683521300554273,0.5851363033056259,0.03137257695198059,0.0318668563850224,0.6796167075634003,0.6802111963968019,0.015072126243565576,0.16632988750934596,nan,0.0,nan,0.0,0
29,100,9956,0.022916666666666655,2560,1.0024983286857605,0.604296875,0.6732185065746308,0.7380550652742386,0.2453125,0.42867675274610517,0.5892051935195923,0.03137257695198059,0.0321783953346312,0.6790056973695755,0.6783797562122345,0.005161249637603671,0.16632988750934596,nan,0.0,nan,0.0,0
29,120,9976,0.02215909090909092,2560,1.0104909509420394,0.601953125,0.6657933503389358,0.7298448145389557,0.26484375,0.44758738577365875,0.5837845057249069,0.03137257695198059,0.030678651481866836,0.6749997913837433,0.6732185065746308,0.007425156235694952,0.16632988750934596,nan,0.0,nan,0.0,0
29,140,9996,0.02140151515151514,2560,0.9963512748479844,0.613671875,0.6699549466371536,0.7322968989610672,0.245703125,0.43818521648645403,0.5922001093626023,0.03137257695198059,0.03161322781816125,0.6793251603841781,0.6707891285419464,0.0008341819047927856,0.16632988750934596,nan,0.0,nan,0.0,0
29,160,10016,0.020643939393939405,2560,1.018375226855278,0.59453125,0.6731332153081894,0.7300907462835312,0.266796875,0.44627360701560975,0.5854695826768875,0.03137257695198059,0.031936497800052165,0.6792651295661927,0.6699549466371536,-0.0031782686710357666,0.16632988750934596,nan,0.0,nan,0.0,0
29,180,10036,0.019886363636363626,2560,1.0026927292346954,0.604296875,0.6829705089330673,0.7315067529678345,0.25859375,0.4339293032884598,0.5892420679330825,0.03137257695198059,0.03133698021993041,0.6790557384490967,0.6699549466371536,-0.013015562295913718,0.16632988750934596,nan,0.0,nan,0.0,0
29,200,10056,0.01912878787878789,2560,1.002390444278717,0.612109375,0.6672991693019867,0.7214086085557938,0.2390625,0.43625391125679014,0.590503579378128,0.03137257695198059,0.03204024499282241,0.6791633129119873,0.6731332153081894,0.005834046006202631,0.16632988750934596,nan,0.0,nan,0.0,0
29,220,10076,0.01837121212121211,2560,1.0033579558134078,0.60703125,0.6585852473974227,0.7398923426866532,0.254296875,0.4359032422304153,0.5897875696420669,0.03137257695198059,0.030475462973117828,0.675961035490036,0.6699549466371536,0.011369699239730857,0.16632988750934596,nan,0.0,nan,0.0,0
29,240,10096,0.017613636363636376,2560,1.011299839615822,0.59921875,0.6770268261432648,0.7384789943695068,0.259765625,0.4443514868617058,0.590779647231102,0.03137257695198059,0.031869833916425706,0.6800673305988312,0.6699549466371536,-0.007071879506111212,0.16632988750934596,nan,0.0,nan,0.0,0
29,260,10116,0.016856060606060597,2560,0.99853395819664,0.597265625,0.6424608290195465,0.723074996471405,0.262890625,0.44527372568845747,0.5891568750143051,0.03137257695198059,0.030827372893691064,0.6760386735200882,0.6731332153081894,0.030672386288642883,0.16632988750934596,nan,0.0,nan,0.0,0
29,280,10136,0.016098484848484862,2560,0.9654860258102417,0.61875,0.6801858425140381,0.7369678735733032,0.255859375,0.4197662025690079,0.5898788690567016,0.03137257695198059,0.031247076485306023,0.6773098021745682,0.6672991693019867,-0.012886673212051392,0.16632988750934596,nan,0.0,nan,0.0,0
29,300,10156,0.015340909090909084,2560,1.0090876907110213,0.6125,0.6511338204145432,0.7243142664432526,0.2390625,0.43236352801322936,0.5859297662973404,0.03137257695198059,0.031303825043141845,0.6780094891786576,0.6672991693019867,0.016165348887443587,0.16632988750934596,nan,0.0,nan,0.0,0
29,320,10176,0.01458333333333335,2560,1.0142580330371858,0.605859375,0.6656896829605102,0.7273060023784638,0.253125,0.4387026637792587,0.587097954750061,0.03137257695198059,0.031592431385070084,0.678935420513153,0.6585852473974227,-0.007104435563087486,0.16632988750934596,nan,0.0,nan,0.0,0
29,340,10196,0.01382575757575757,2560,0.9735068321228028,0.604296875,0.6650380223989487,0.7285818994045258,0.266015625,0.4331838682293892,0.5912105768918992,0.03137257695198059,0.032138231303542854,0.6796394288539886,0.6656896829605102,0.0006516605615615179,0.16632988750934596,nan,0.0,nan,0.0,0
29,352,10208,0.01337121212121213,1480,0.9786501220754675,0.6249999990334382,0.658850358627938,0.7300220515276935,0.24662162170216845,0.43870974618035397,0.5885124325752258,0.03137257695198059,0.03200102998195468,0.6801968577745798,0.6650380223989487,0.006187663771010765,0.16632988750934596,nan,0.0,nan,0.0,0
30,20,10228,0.01261363636363635,2560,0.9662887930870057,0.612109375,0.656160518527031,0.7288372248411179,0.25703125,0.4174830481410027,0.5831928491592407,0.03137257695198059,0.03264601500704885,0.6817295372486114,0.6650380223989487,0.008877503871917769,0.16632988750934596,nan,0.0,nan,0.0,0
30,40,10248,0.011856060606060615,2560,0.9133446037769317,0.641015625,0.665307080745697,0.7203060388565063,0.2421875,0.4051781535148621,0.5815942317247391,0.03137257695198059,0.03151811743155122,0.677984768152237,0.658850358627938,-0.006456722117759051,0.16632988750934596,nan,0.0,nan,0.0,0
30,60,10268,0.011098484848484837,2560,0.9323430031538009,0.62265625,0.6532716751098633,0.7164909571409226,0.25546875,0.42274894267320634,0.5927796870470047,0.03137257695198059,0.03094603158533573,0.6760208904743195,0.6650380223989487,0.011766347289085433,0.16632988750934596,nan,0.0,nan,0.0,0
30,80,10288,0.010340909090909102,2560,0.9175850242376328,0.640625,0.6777920544147491,0.7378569453954696,0.24140625,0.4099407523870468,0.5849097162485123,0.03137257695198059,0.030953269358724354,0.675906977057457,0.658850358627938,-0.018941695786811152,0.16632988750934596,nan,0.0,nan,0.0,0
30,100,10308,0.009583333333333322,2560,0.9404735296964646,0.628515625,0.648407655954361,0.716507738828659,0.245703125,0.416266468167305,0.587827953696251,0.03137257695198059,0.031917431578040126,0.6800649762153625,0.658850358627938,0.010442702673576942,0.16632988750934596,nan,0.0,nan,0.0,0
30,120,10328,0.008825757575757587,2560,0.8895258575677871,0.635546875,0.6654454946517945,0.7334685176610947,0.244140625,0.39323037415742873,0.5851899683475494,0.03137257695198059,0.032546748593449595,0.6816067188978195,0.656160518527031,-0.009284976124763533,0.16632988750934596,nan,0.0,nan,0.0,0
30,140,10348,0.008068181818181808,2560,0.9325381964445114,0.635546875,0.6524415582418441,0.7230212092399597,0.2421875,0.422859700024128,0.5892866969108581,0.03137257695198059,0.031742893159389496,0.6773057609796524,0.665307080745697,0.012865522503852866,0.16632988750934596,nan,0.0,nan,0.0,0
30,160,10368,0.007310606060606073,2560,0.9152168810367585,0.62734375,0.6517083168029785,0.7259647578001023,0.2515625,0.4138091325759888,0.5888492792844773,0.03137257695198059,0.0316126805730164,0.6799265623092652,0.6532716751098633,0.00156335830688481,0.16632988750934596,nan,0.0,nan,0.0,0
30,180,10388,0.006553030303030294,2560,0.9085507333278656,0.641015625,0.6518853008747101,0.7219467282295227,0.237890625,0.4101016476750374,0.5882929742336274,0.03137257695198059,0.031117690540850163,0.6770896404981613,0.6524415582418441,0.0005562573671340498,0.16632988750934596,nan,0.0,nan,0.0,0
30,200,10408,0.005795454545454559,2560,0.9358863800764083,0.626953125,0.6697767913341522,0.7355334162712097,0.253515625,0.4304043143987656,0.5811638057231903,0.03137257695198059,0.031052540894597767,0.6764292687177658,0.6518853008747101,-0.01789149045944216,0.16632988750934596,nan,0.0,nan,0.0,0
30,220,10428,0.00503787878787878,2560,0.9020536363124847,0.641796875,0.6513652592897415,0.7139450281858444,0.246484375,0.4119309887290001,0.5895298182964325,0.03137257695198059,0.031429002061486244,0.6788100183010102,0.6524415582418441,0.0010762989521025945,0.16632988750934596,nan,0.0,nan,0.0,0
30,240,10448,0.004280303030303046,2560,0.9145442187786103,0.63828125,0.6549318701028823,0.7202942073345184,0.240625,0.4122221127152443,0.5802383631467819,0.03137257695198059,0.031441450119018555,0.6784416079521179,0.6518853008747101,-0.003046569228172258,0.16632988750934596,nan,0.0,nan,0.0,0
30,260,10468,0.0035227272727272664,2560,0.8979819566011429,0.6453125,0.6539640247821807,0.7185141444206238,0.23671875,0.4091006100177765,0.5841274440288544,0.03137257695198059,0.03103830460458994,0.6763207376003265,0.6518853008747101,-0.0020787239074706587,0.16632988750934596,nan,0.0,nan,0.0,0
30,280,10488,0.0027651515151515317,2560,0.8665274977684021,0.656640625,0.6674167394638062,0.7206241726875305,0.234765625,0.3975164920091629,0.5923553675413131,0.03137257695198059,0.03120006397366524,0.6782826662063599,0.6539640247821807,-0.013452714681625455,0.16632988750934596,nan,0.0,nan,0.0,0
30,300,10508,0.0020075757575757527,2560,0.9027398437261581,0.63984375,0.647340965270996,0.7181823909282684,0.23515625,0.41442412734031675,0.5819294184446335,0.03137257695198059,0.03157502813264727,0.6777304321527481,0.6549318701028823,0.0075909048318862915,0.16632988750934596,nan,0.0,nan,0.0,0
30,320,10528,0.0012500000000000178,2560,0.9140592455863953,0.6359375,0.6308548063039779,0.7070620387792588,0.244140625,0.41921648681163787,0.5849258661270141,0.03137257695198059,0.031093960907310248,0.6770936876535416,0.6539640247821807,0.023109218478202798,0.16632988750934596,nan,0.0,nan,0.0,0
30,340,10548,0.0004924242424242387,2560,0.8813403487205506,0.65546875,0.6699615001678467,0.7228744775056839,0.228125,0.4043248504400253,0.5948012232780456,0.03137257695198059,0.03126453924924135,0.6764230698347091,0.6539640247821807,-0.015997475385665982,0.16632988750934596,nan,0.0,nan,0.0,0
30,352,10560,3.787878787879784e-05,1480,0.8807715038995485,0.6601351357795097,0.6598930484539753,0.7168032733169762,0.22432432408268388,0.39896594882011416,0.5804863665554975,0.03137257695198059,0.031660211710511026,0.6794181160024695,0.6539640247821807,-0.005929023671794598,0.16632988750934596,nan,0.0,nan,0.0,0
