epoch,batch,global_step,lr,window_samples,train_adv_loss,train_adv_acc,free_gradient_cosine,free_gradient_sign_agreement,free_prediction_disagreement,free_attack_loss_gain,free_boundary_fraction,free_delta_linf,control_gradient_participation_ratio,control_gradient_entropy,detector_baseline,detector_score,detector_threshold,detector_pgd10_acc,detector_seconds,observer_pgd10_acc,observer_pgd10_seconds,intervention_triggered
1,20,20,0.0007196969696969698,2560,2.920354461669922,0.00078125,0.04237677063792944,0.507422149181366,0.1734375,0.5767144292593003,0.6012240350246429,0.03137257695198059,0.2484083816409111,0.8855835974216462,nan,nan,0.16632988750934596,nan,0.0,nan,0.0,0
1,40,40,0.0014772727272727272,2560,2.6771167755126952,0.0,0.07634891401976347,0.5174404382705688,0.314453125,0.4679464891552925,0.6003586053848267,0.03137257695198059,0.23917147666215896,0.8825901508331299,nan,nan,0.16632988750934596,nan,0.0,nan,0.0,0
1,60,60,0.002234848484848485,2560,2.4471193313598634,0.015625,0.25318328514695165,0.5666264951229095,0.2796875,0.26593341007828714,0.5999893337488175,0.03137257695198059,0.20884046331048012,0.8705839842557908,nan,nan,0.16632988750934596,nan,0.0,nan,0.0,0
1,80,80,0.0029924242424242426,2560,2.2795490264892577,0.05,0.5159921810030937,0.6420283198356629,0.283203125,0.13925234600901604,0.6010432094335556,0.03137257695198059,0.1746901825070381,0.849933847784996,0.07634891401976347,-0.4396432669833303,0.16632988750934596,nan,0.0,nan,0.0,0
1,100,100,0.00375,2560,2.2251895904541015,0.156640625,0.6697678506374359,0.6941969811916351,0.18359375,0.11431640349328517,0.6007671564817428,0.03137257695198059,0.14756251648068427,0.8293609142303466,0.16476609958335756,-0.5050017510540784,0.16632988750934596,nan,0.0,nan,0.0,0
1,120,120,0.004507575757575758,2560,2.1856267929077147,0.1609375,0.7564456164836884,0.7281987696886063,0.19609375,0.1167891003191471,0.6022341549396515,0.03137257695198059,0.1253559798002243,0.8088500916957855,0.25318328514695165,-0.5032623313367367,0.16632988750934596,nan,0.0,nan,0.0,0
1,140,140,0.005265151515151515,2560,2.1527861595153808,0.17578125,0.8073639750480652,0.750112172961235,0.2140625,0.11982214972376823,0.6040399134159088,0.03137257695198059,0.1118018839508295,0.7924542337656021,0.5159921810030937,-0.2913717940449715,0.16632988750934596,nan,0.0,nan,0.0,0
1,160,160,0.006022727272727273,2560,2.1557638168334963,0.206640625,0.8378723323345184,0.7731153011322022,0.168359375,0.1294438485056162,0.6049595057964325,0.03137257695198059,0.10567436069250107,0.7845220059156418,0.6697678506374359,-0.16810448169708248,0.16632988750934596,nan,0.0,nan,0.0,0
1,180,180,0.0067803030303030315,2560,2.117510175704956,0.219921875,0.8600276589393616,0.7909099757671356,0.17265625,0.1425315886735916,0.6035438716411591,0.03137257695198059,0.10018496848642826,0.7806177973747254,0.7564456164836884,-0.10358204245567326,0.16632988750934596,nan,0.0,nan,0.0,0
1,200,200,0.007537878787878788,2560,2.1165113925933836,0.21015625,0.8696357756853104,0.8008321344852447,0.192578125,0.16057792007923127,0.6041374355554581,0.03137257695198059,0.09800694733858109,0.778887814283371,0.8073639750480652,-0.062271800637245134,0.16632988750934596,nan,0.0,nan,0.0,0
1,220,220,0.008295454545454547,2560,2.0983537435531616,0.210546875,0.8805393487215042,0.8172714412212372,0.196484375,0.1851777397096157,0.6057950586080552,0.03137257695198059,0.09762008003890514,0.7811767607927322,0.8378723323345184,-0.04266701638698578,0.16632988750934596,nan,0.0,nan,0.0,0
1,240,240,0.009053030303030304,2560,2.0747822761535644,0.218359375,0.8862156063318253,0.8254193782806396,0.19453125,0.17862723618745804,0.6018601924180984,0.03137257695198059,0.09923184253275394,0.7834969401359558,0.8600276589393616,-0.026187947392463662,0.16632988750934596,nan,0.0,nan,0.0,0
1,260,260,0.009810606060606061,2560,2.02955904006958,0.226953125,0.8865651994943619,0.8265564203262329,0.205859375,0.20740477964282036,0.6052921444177628,0.03137257695198059,0.09483503475785256,0.7790240108966827,0.8696357756853104,-0.01692942380905149,0.16632988750934596,nan,0.0,nan,0.0,0
1,280,280,0.010568181818181819,2560,2.0471773862838747,0.2296875,0.8885575324296952,0.8281774073839188,0.21328125,0.21210555881261825,0.6031140834093094,0.03137257695198059,0.09546340890228748,0.7811124742031097,0.8805393487215042,-0.008018183708190962,0.16632988750934596,nan,0.0,nan,0.0,0
1,300,300,0.011325757575757576,2560,2.0448606491088865,0.23203125,0.9015888035297394,0.8344808101654053,0.197265625,0.203136870265007,0.6077834099531174,0.03137257695198059,0.08439502380788326,0.7662646055221558,0.8862156063318253,-0.015373197197914079,0.16632988750934596,nan,0.0,nan,0.0,0
1,320,320,0.012083333333333335,2560,2.0099392175674438,0.2328125,0.9076451987028122,0.8371995508670806,0.1875,0.20512177646160126,0.6050743341445923,0.03137257695198059,0.08354931883513927,0.7628115147352219,0.8865651994943619,-0.021079999208450384,0.16632988750934596,nan,0.0,nan,0.0,0
1,340,340,0.012840909090909092,2560,1.9944732666015625,0.24765625,0.9048373371362686,0.8398330837488175,0.190234375,0.2178817756474018,0.6030625939369202,0.03137257695198059,0.08299463279545308,0.7664921343326568,0.8885575324296952,-0.01627980470657342,0.16632988750934596,nan,0.0,nan,0.0,0
1,352,352,0.013295454545454548,1480,2.0050349048666054,0.2594594596205531,0.9051062049092473,0.8386184463629851,0.19256756780920803,0.21964704821238645,0.6055738974261928,0.03137257695198059,0.07606948344288646,0.7550738424868197,0.9015888035297394,-0.003517401379507956,0.16632988750934596,nan,0.0,nan,0.0,0
2,20,372,0.014053030303030303,2560,1.9944650173187255,0.246875,0.9002191603183747,0.8382484614849091,0.18671875,0.22647935077548026,0.6042008936405182,0.03137257695198059,0.07864668294787407,0.7619952589273453,0.9048373371362686,0.004618176817893893,0.16632988750934596,nan,0.0,nan,0.0,0
2,40,392,0.01481060606060606,2560,2.0058502674102785,0.2453125,0.9129922181367874,0.8442344754934311,0.187890625,0.22291178479790688,0.6012562036514282,0.03137257695198059,0.07492305338382721,0.7540559589862823,0.9048373371362686,-0.008154881000518865,0.16632988750934596,nan,0.0,nan,0.0,0
2,60,412,0.015568181818181818,2560,1.9909505367279052,0.23125,0.9109949499368668,0.8461021661758423,0.20625,0.21699846163392067,0.6049312770366668,0.03137257695198059,0.07363157719373703,0.7532853543758392,0.9051062049092473,-0.005888745027619491,0.16632988750934596,nan,0.0,nan,0.0,0
2,80,432,0.016325757575757577,2560,1.9497096061706543,0.2578125,0.9066809087991714,0.8477793604135513,0.2,0.23860174864530564,0.6043672174215317,0.03137257695198059,0.07226226218044758,0.7525874435901642,0.9051062049092473,-0.0015747038899240895,0.16632988750934596,nan,0.0,nan,0.0,0
2,100,452,0.017083333333333336,2560,1.984518051147461,0.244140625,0.907518059015274,0.8470891565084457,0.212109375,0.24409091845154762,0.604206994175911,0.03137257695198059,0.07300723008811474,0.7547357380390167,0.9066809087991714,-0.0008371502161026445,0.16632988750934596,nan,0.0,nan,0.0,0
2,120,472,0.01784090909090909,2560,1.963278341293335,0.26328125,0.9222914814949036,0.8582598596811295,0.187890625,0.23213428482413292,0.6032741785049438,0.03137257695198059,0.07759068757295609,0.7608610302209854,0.907518059015274,-0.014773422479629539,0.16632988750934596,nan,0.0,nan,0.0,0
2,140,492,0.018598484848484847,2560,1.9359171867370606,0.26640625,0.9144749224185944,0.8536373406648636,0.209765625,0.24310894086956977,0.6038791835308075,0.03137257695198059,0.07580821998417378,0.7588958233594895,0.9109949499368668,-0.0034799724817276,0.16632988750934596,nan,0.0,nan,0.0,0
2,160,512,0.01935606060606061,2560,1.9654741287231445,0.2546875,0.911032310128212,0.8541860163211823,0.19921875,0.2505584292113781,0.6050434321165085,0.03137257695198059,0.07293911799788474,0.7560846745967865,0.9109949499368668,-3.736019134514823e-05,0.16632988750934596,nan,0.0,nan,0.0,0
2,180,532,0.020113636363636365,2560,1.938849425315857,0.26875,0.9156223744153976,0.8591676265001297,0.197265625,0.24715029150247575,0.6049596309661865,0.03137257695198059,0.07667121849954128,0.7616493284702301,0.911032310128212,-0.004590064287185669,0.16632988750934596,nan,0.0,nan,0.0,0
2,200,552,0.020871212121212124,2560,1.920202362537384,0.265234375,0.9121816486120224,0.8557930201292038,0.212109375,0.2477818176150322,0.6017320215702057,0.03137257695198059,0.08179259598255158,0.7673236459493638,0.9144749224185944,0.0022932738065719604,0.16632988750934596,nan,0.0,nan,0.0,0
2,220,572,0.02162878787878788,2560,1.9365198612213135,0.262109375,0.9092421978712082,0.8519202083349228,0.22265625,0.2620473772287369,0.604221111536026,0.03137257695198059,0.07222730554640293,0.7549559563398361,0.9144749224185944,0.005232724547386214,0.16632988750934596,nan,0.0,nan,0.0,0
2,240,592,0.02238636363636364,2560,1.9037482261657714,0.275390625,0.9165024101734162,0.8625741511583328,0.204296875,0.2506708465516567,0.6061212062835694,0.03137257695198059,0.07738265134394169,0.7644441992044448,0.9121816486120224,-0.004320761561393716,0.16632988750934596,nan,0.0,nan,0.0,0
2,260,612,0.023143939393939397,2560,1.923380708694458,0.27109375,0.919013437628746,0.8571799159049988,0.199609375,0.26095034927129745,0.6033753871917724,0.03137257695198059,0.07221441678702831,0.753919443488121,0.9121816486120224,-0.006831789016723544,0.16632988750934596,nan,0.0,nan,0.0,0
2,280,632,0.023901515151515153,2560,1.8999595165252685,0.282421875,0.9163203805685043,0.859603899717331,0.204296875,0.2661059595644474,0.6029735803604126,0.03137257695198059,0.07317341305315495,0.7574728101491928,0.9156223744153976,-0.0006980061531066672,0.16632988750934596,nan,0.0,nan,0.0,0
2,300,652,0.02465909090909091,2560,1.9154929637908935,0.276171875,0.9216373234987258,0.8633142054080963,0.211328125,0.27311747893691063,0.6043455928564072,0.03137257695198059,0.07011980935931206,0.7509218961000442,0.9163203805685043,-0.005316942930221558,0.16632988750934596,nan,0.0,nan,0.0,0
2,320,672,0.025416666666666667,2560,1.9168569564819335,0.276171875,0.9184834271669388,0.8621188014745712,0.211328125,0.26554819047451017,0.6051920741796494,0.03137257695198059,0.0700122494250536,0.7505283176898956,0.9165024101734162,-0.0019810169935225996,0.16632988750934596,nan,0.0,nan,0.0,0
2,340,692,0.026174242424242423,2560,1.924772596359253,0.273828125,0.9155156940221787,0.8602838069200516,0.2015625,0.2690221846103668,0.6023809015750885,0.03137257695198059,0.06921241004019976,0.7542753964662552,0.9184834271669388,0.0029677331447600652,0.16632988750934596,nan,0.0,nan,0.0,0
2,352,704,0.02662878787878788,1480,1.8980022159782617,0.28175675707894404,0.9233176985302487,0.8622046286995346,0.209459459217819,0.2571063484694507,0.6061547759416941,0.03137257695198059,0.06890387450521057,0.7479297492955183,0.9184834271669388,-0.004834271363309939,0.16632988750934596,nan,0.0,nan,0.0,0
3,20,724,0.02738636363636364,2560,1.8783936262130738,0.283203125,0.9110222518444061,0.8604564875364303,0.226171875,0.2831144116818905,0.6024496912956238,0.03137257695198059,0.07061702236533166,0.7547833889722824,0.9184834271669388,0.007461175322532654,0.16632988750934596,nan,0.0,nan,0.0,0
3,40,744,0.028143939393939395,2560,1.8846891283988954,0.285546875,0.9136953085660935,0.8582026392221451,0.198828125,0.28043553829193113,0.604496905207634,0.03137257695198059,0.0686792304739356,0.7520290911197662,0.9184834271669388,0.00478811860084527,0.16632988750934596,nan,0.0,nan,0.0,0
3,60,764,0.02890151515151515,2560,1.8681246757507324,0.29765625,0.9206362009048462,0.8664571344852448,0.20859375,0.28513353019952775,0.6036255061626434,0.03137257695198059,0.07279158532619476,0.756021472811699,0.9155156940221787,-0.005120506882667519,0.16632988750934596,nan,0.0,nan,0.0,0
3,80,784,0.02965909090909091,2560,1.8568291664123535,0.3015625,0.9223633497953415,0.8648606806993484,0.191796875,0.26870902478694914,0.6039606899023056,0.03137257695198059,0.06801875736564397,0.7481402367353439,0.9155156940221787,-0.00684765577316282,0.16632988750934596,nan,0.0,nan,0.0,0
3,100,804,0.030416666666666665,2560,1.8737219333648683,0.289453125,0.9134280771017075,0.861215740442276,0.219921875,0.2914819732308388,0.6019914209842682,0.03137257695198059,0.0717007078230381,0.7558022528886795,0.9206362009048462,0.007208123803138733,0.16632988750934596,nan,0.0,nan,0.0,0
3,120,824,0.031174242424242427,2560,1.8678876876831054,0.291796875,0.9186064034700394,0.8627491176128388,0.2203125,0.28273306638002393,0.6036087185144424,0.03137257695198059,0.07035638317465782,0.7546791464090348,0.9136953085660935,-0.004911094903945923,0.16632988750934596,nan,0.0,nan,0.0,0
3,140,844,0.031931818181818186,2560,1.88171626329422,0.292578125,0.9184627592563629,0.8632780849933624,0.210546875,0.3009254038333893,0.6010565608739853,0.03137257695198059,0.06832416858524085,0.752442580461502,0.9186064034700394,0.00014364421367651925,0.16632988750934596,nan,0.0,nan,0.0,0
3,160,864,0.03268939393939394,2560,1.8798184275627137,0.28984375,0.9177605479955673,0.8617621272802353,0.209765625,0.2837067745625973,0.6010811120271683,0.03137257695198059,0.06390846930444241,0.7425704896450043,0.9186064034700394,0.0008458554744721347,0.16632988750934596,nan,0.0,nan,0.0,0
3,180,884,0.0334469696969697,2560,1.8513586282730103,0.29296875,0.9189856022596359,0.863265123963356,0.20546875,0.2981750413775444,0.6054850488901138,0.03137257695198059,0.06611899938434362,0.747913521528244,0.9184627592563629,-0.000522843003272988,0.16632988750934596,nan,0.0,nan,0.0,0
3,200,904,0.03420454545454545,2560,1.836506462097168,0.303515625,0.9158419728279114,0.8623251736164093,0.20546875,0.3033917278051376,0.6027780085802078,0.03137257695198059,0.06537917423993349,0.7473799467086792,0.9184627592563629,0.002620786428451538,0.16632988750934596,nan,0.0,nan,0.0,0
3,220,924,0.034962121212121215,2560,1.8546017944812774,0.2890625,0.9129965096712113,0.8599088221788407,0.21484375,0.31560462713241577,0.6026573449373245,0.03137257695198059,0.06625190488994122,0.7489272773265838,0.9184627592563629,0.005466249585151628,0.16632988750934596,nan,0.0,nan,0.0,0
3,240,944,0.03571969696969697,2560,1.8544692397117615,0.287109375,0.9195738822221756,0.862668377161026,0.221484375,0.3028151303529739,0.6058164149522781,0.03137257695198059,0.06830248348414898,0.7551781356334686,0.9177605479955673,-0.001813334226608343,0.16632988750934596,nan,0.0,nan,0.0,0
3,260,964,0.036477272727272726,2560,1.8698588132858276,0.291796875,0.9118022799491883,0.8583928614854812,0.234765625,0.30537466555833814,0.6007461726665497,0.03137257695198059,0.06589234769344329,0.7505822628736496,0.9177605479955673,0.0059582680463790005,0.16632988750934596,nan,0.0,nan,0.0,0
3,280,984,0.03723484848484849,2560,1.8407318115234375,0.2984375,0.9176430940628052,0.862208703160286,0.227734375,0.28879314959049224,0.6010109156370163,0.03137257695198059,0.06493406984955072,0.7486331522464752,0.9158419728279114,-0.0018011212348938432,0.16632988750934596,nan,0.0,nan,0.0,0
3,300,1004,0.037992424242424244,2560,1.8505181193351745,0.289453125,0.9067707568407058,0.8528036922216415,0.232421875,0.3251575693488121,0.6042501002550125,0.03137257695198059,0.06728223282843829,0.752330482006073,0.9158419728279114,0.009071215987205505,0.16632988750934596,nan,0.0,nan,0.0,0
3,320,1024,0.03875000000000001,2560,1.8419655978679657,0.298046875,0.913030469417572,0.8584449917078019,0.23984375,0.32014111131429673,0.599628084897995,0.03137257695198059,0.0663446445018053,0.7507268935441971,0.9129965096712113,-3.395974636077881e-05,0.16632988750934596,nan,0.0,nan,0.0,0
3,340,1044,0.03950757575757576,2560,1.8305588483810424,0.318359375,0.9180675983428955,0.863028347492218,0.2125,0.3148056849837303,0.6062017023563385,0.03137257695198059,0.06342751197516919,0.7453575313091279,0.913030469417572,-0.005037128925323486,0.16632988750934596,nan,0.0,nan,0.0,0
3,352,1056,0.03996212121212121,1480,1.8945009772841994,0.2797297302130106,0.9109492588687588,0.8568324391906326,0.21891891924110618,0.32467715627438315,0.5988512313043749,0.03137257695198059,0.060233198166699024,0.7400143584689578,0.913030469417572,0.0020812105488132726,0.16632988750934596,nan,0.0,nan,0.0,0
4,20,1076,0.040719696969696975,2560,1.8709451317787171,0.290234375,0.9145146697759629,0.8615081995725632,0.21640625,0.3126940786838531,0.6024460017681121,0.03137257695198059,0.06324686929583549,0.745327764749527,0.913030469417572,-0.001484200358390808,0.16632988750934596,nan,0.0,nan,0.0,0
4,40,1096,0.04147727272727273,2560,1.8389618456363679,0.303125,0.9087872594594956,0.8545831173658371,0.2171875,0.3181599944829941,0.605586263537407,0.03137257695198059,0.06136551164090633,0.7409841567277908,0.913030469417572,0.004243209958076477,0.16632988750934596,nan,0.0,nan,0.0,0
4,60,1116,0.042234848484848486,2560,1.80291668176651,0.3109375,0.913499167561531,0.8572656124830246,0.214453125,0.30168461203575136,0.6047736078500747,0.03137257695198059,0.06237707529217005,0.7447786599397659,0.913030469417572,-0.000468698143959001,0.16632988750934596,nan,0.0,nan,0.0,0
4,80,1136,0.04299242424242425,2560,1.815741765499115,0.307421875,0.9061010390520096,0.8556213587522506,0.22890625,0.3285485699772835,0.5989558100700378,0.03137257695198059,0.060607224516570565,0.7416625440120697,0.913499167561531,0.007398128509521484,0.16632988750934596,nan,0.0,nan,0.0,0
4,100,1156,0.043750000000000004,2560,1.7655057847499847,0.340625,0.9095857113599777,0.8585365533828735,0.226171875,0.31812234669923783,0.6011716455221177,0.03137257695198059,0.061142141744494435,0.7438781291246415,0.9109492588687588,0.0013635475087810933,0.16632988750934596,nan,0.0,nan,0.0,0
4,120,1176,0.04450757575757576,2560,1.7790753602981568,0.3234375,0.9122100114822388,0.860489422082901,0.205859375,0.32581375241279603,0.6001086175441742,0.03137257695198059,0.06008672416210174,0.7402533382177353,0.9095857113599777,-0.002624300122261114,0.16632988750934596,nan,0.0,nan,0.0,0
4,140,1196,0.045265151515151515,2560,1.7773314237594604,0.312890625,0.908312264084816,0.8541590601205826,0.237890625,0.32306224256753924,0.603064876794815,0.03137257695198059,0.06191975474357605,0.7458227276802063,0.9095857113599777,0.0012734472751616543,0.16632988750934596,nan,0.0,nan,0.0,0
4,160,1216,0.04602272727272727,2560,1.797733759880066,0.318359375,0.9080245345830917,0.857185247540474,0.228125,0.3350153312087059,0.6034586787223816,0.03137257695198059,0.061149006523191926,0.7448138117790222,0.9095857113599777,0.001561176776885942,0.16632988750934596,nan,0.0,nan,0.0,0
4,180,1236,0.04678030303030303,2560,1.7640955567359924,0.326953125,0.9033007979393005,0.8530672818422318,0.23828125,0.3323432669043541,0.5992617458105087,0.03137257695198059,0.061819710209965704,0.7452927559614182,0.908312264084816,0.0050114661455155085,0.16632988750934596,nan,0.0,nan,0.0,0
4,200,1256,0.047537878787878796,2560,1.7670645713806152,0.3046875,0.9020916014909744,0.84987553358078,0.238671875,0.3274057000875473,0.6031697750091553,0.03137257695198059,0.0569899870082736,0.7370731562376023,0.908312264084816,0.006220662593841575,0.16632988750934596,nan,0.0,nan,0.0,0
4,220,1276,0.04829545454545455,2560,1.7705991625785829,0.321875,0.904275444149971,0.8537099361419678,0.23984375,0.3445660978555679,0.6025757014751434,0.03137257695198059,0.06392539348453283,0.7502586334943772,0.9080245345830917,0.003749090433120772,0.16632988750934596,nan,0.0,nan,0.0,0
4,240,1296,0.04905303030303031,2560,1.7766592025756835,0.3171875,0.9056886345148086,0.8570091456174851,0.23671875,0.35235568284988406,0.5970153987407685,0.03137257695198059,0.06810787748545408,0.7574952334165573,0.904275444149971,-0.0014131903648376687,0.16632988750934596,nan,0.0,nan,0.0,0
4,260,1316,0.04981060606060606,2560,1.7833817958831788,0.305078125,0.899329885840416,0.848998150229454,0.248046875,0.3470581531524658,0.6032197445631027,0.03137257695198059,0.06160242650657892,0.747645965218544,0.904275444149971,0.004945558309555009,0.16632988750934596,nan,0.0,nan,0.0,0
4,280,1336,0.050568181818181825,2560,1.761171555519104,0.32734375,0.9079700440168381,0.8556197047233581,0.240234375,0.34350188076496124,0.5979609370231629,0.03137257695198059,0.061883054487407205,0.7478087902069092,0.9033007979393005,-0.004669246077537603,0.16632988750934596,nan,0.0,nan,0.0,0
4,300,1356,0.05132575757575758,2560,1.731995666027069,0.345703125,0.8962820738554,0.8489265650510788,0.23515625,0.3491939201951027,0.6037126123905182,0.03137257695198059,0.06270123589783907,0.7479076027870178,0.904275444149971,0.007993370294570923,0.16632988750934596,nan,0.0,nan,0.0,0
4,320,1376,0.05208333333333334,2560,1.778016698360443,0.337890625,0.9037908762693405,0.855836632847786,0.230859375,0.34232072830200194,0.5994187861680984,0.03137257695198059,0.06309676542878151,0.7479971021413803,0.904275444149971,0.00048456788063044876,0.16632988750934596,nan,0.0,nan,0.0,0
4,340,1396,0.0528409090909091,2560,1.7640350699424743,0.328125,0.9013672679662704,0.8511277735233307,0.237109375,0.3444302320480347,0.6024126887321473,0.03137257695198059,0.059905658662319186,0.7436497569084167,0.9037908762693405,0.0024236083030700906,0.16632988750934596,nan,0.0,nan,0.0,0
4,352,1408,0.05329545454545455,1480,1.7569798050700007,0.3304054049221245,0.8919200475151474,0.8451886889096852,0.25608108148381514,0.35054006898725354,0.5973696740897926,0.03137257695198059,0.06086892252032821,0.7444353058531478,0.9013672679662704,0.009447220451123006,0.16632988750934596,nan,0.0,nan,0.0,0
5,20,1428,0.054053030303030304,2560,1.745577371120453,0.334375,0.9003501236438751,0.8530508875846863,0.237890625,0.3661306083202362,0.5989437311887741,0.03137257695198059,0.060709218867123126,0.7440725266933441,0.9013672679662704,0.0010171443223953025,0.16632988750934596,nan,0.0,nan,0.0,0
5,40,1448,0.05481060606060606,2560,1.7472386956214905,0.342578125,0.895535546541214,0.8488215386867524,0.243359375,0.35311938971281054,0.5975870966911316,0.03137257695198059,0.06257238984107971,0.7487804979085922,0.9003501236438751,0.004814577102661088,0.16632988750934596,nan,0.0,nan,0.0,0
5,60,1468,0.05556818181818182,2560,1.6990711510181427,0.344921875,0.8965260267257691,0.8493658900260925,0.26171875,0.3504761978983879,0.5985726863145828,0.03137257695198059,0.05916378442198038,0.742033377289772,0.9003501236438751,0.0038240969181060347,0.16632988750934596,nan,0.0,nan,0.0,0
5,80,1488,0.05632575757575758,2560,1.7311138033866882,0.336328125,0.8946768164634704,0.8468052089214325,0.258984375,0.3655025169253349,0.6021817713975907,0.03137257695198059,0.06343318037688732,0.7501549869775772,0.8965260267257691,0.0018492102622986728,0.16632988750934596,nan,0.0,nan,0.0,0
5,100,1508,0.05708333333333333,2560,1.75362069606781,0.344140625,0.8962652385234833,0.8469125270843506,0.234375,0.36715261191129683,0.5973910182714463,0.03137257695198059,0.05748232360929251,0.7394024550914764,0.895535546541214,-0.0007296919822692427,0.16632988750934596,nan,0.0,nan,0.0,0
5,120,1528,0.05784090909090909,2560,1.7064056694507599,0.346875,0.8957518815994263,0.8500423550605773,0.2359375,0.3400306522846222,0.5990144312381744,0.03137257695198059,0.060264620929956436,0.7446969866752624,0.8962652385234833,0.0005133569240569624,0.16632988750934596,nan,0.0,nan,0.0,0
5,140,1548,0.058598484848484844,2560,1.7017919540405273,0.3484375,0.8911144256591796,0.8411922574043273,0.24296875,0.36894361972808837,0.6014001458883286,0.03137257695198059,0.057614663243293764,0.7391297399997712,0.8957518815994263,0.004637455940246671,0.16632988750934596,nan,0.0,nan,0.0,0
5,160,1568,0.05935606060606061,2560,1.7379783034324645,0.329296875,0.8989746123552322,0.8500669091939926,0.259375,0.36494726240634917,0.6023548364639282,0.03137257695198059,0.059895468130707744,0.7439608633518219,0.8957518815994263,-0.003222730755805925,0.16632988750934596,nan,0.0,nan,0.0,0
5,180,1588,0.06011363636363637,2560,1.699091875553131,0.351953125,0.8892765760421752,0.8435264736413955,0.240234375,0.3536172404885292,0.5980011194944381,0.03137257695198059,0.05553580168634653,0.7359075635671616,0.8957518815994263,0.006475305557251065,0.16632988750934596,nan,0.0,nan,0.0,0
5,200,1608,0.06087121212121213,2560,1.6867361307144164,0.353515625,0.8927752852439881,0.8463534235954284,0.251171875,0.3793531656265259,0.5998000085353852,0.03137257695198059,0.06055025961250067,0.7462841868400574,0.8957518815994263,0.0029765963554382324,0.16632988750934596,nan,0.0,nan,0.0,0
5,220,1628,0.06162878787878789,2560,1.6911658346652985,0.35859375,0.8900754779577256,0.8447493433952331,0.25703125,0.36779337376356125,0.6042628169059754,0.03137257695198059,0.060286211967468264,0.7450867265462875,0.8927752852439881,0.002699807286262512,0.16632988750934596,nan,0.0,nan,0.0,0
5,240,1648,0.06238636363636364,2560,1.7275756895542145,0.334765625,0.893540021777153,0.8473912715911865,0.25546875,0.3800742879509926,0.6019979059696198,0.03137257695198059,0.058027440868318084,0.7405153959989548,0.8911144256591796,-0.0024255961179733276,0.16632988750934596,nan,0.0,nan,0.0,0
5,260,1668,0.0631439393939394,2560,1.6695359230041504,0.355859375,0.8940133929252625,0.8492682248353958,0.25625,0.3556957572698593,0.597532930970192,0.03137257695198059,0.0583521693944931,0.744292825460434,0.8927752852439881,-0.001238107681274414,0.16632988750934596,nan,0.0,nan,0.0,0
5,280,1688,0.06390151515151515,2560,1.6749469101428986,0.35546875,0.8869957149028778,0.84028639793396,0.255078125,0.37502944469451904,0.6052175104618073,0.03137257695198059,0.06027516964823008,0.7447017639875412,0.8927752852439881,0.005779570341110318,0.16632988750934596,nan,0.0,nan,0.0,0
5,300,1708,0.06465909090909092,2560,1.6827531158924103,0.353125,0.885269632935524,0.8433115839958191,0.26953125,0.3762761130928993,0.5975048214197158,0.03137257695198059,0.059704069048166275,0.7447466790676117,0.8927752852439881,0.007505652308464117,0.16632988750934596,nan,0.0,nan,0.0,0
5,320,1728,0.06541666666666666,2560,1.6656939804553985,0.366015625,0.8772092223167419,0.8387442529201508,0.26328125,0.38001876771450044,0.60028535425663,0.03137257695198059,0.057062667421996595,0.7379864990711212,0.8900754779577256,0.012866255640983648,0.16632988750934596,nan,0.0,nan,0.0,0
5,340,1748,0.06617424242424243,2560,1.6810892701148987,0.35859375,0.8865493625402451,0.8449201166629792,0.26796875,0.38516519218683243,0.5978494256734848,0.03137257695198059,0.057153628394007686,0.739724624156952,0.8869957149028778,0.00044635236263268485,0.16632988750934596,nan,0.0,nan,0.0,0
5,352,1760,0.06662878787878788,1480,1.7092729542706464,0.37837837918384654,0.8882080435752868,0.8446291459573282,0.22770270310543678,0.37847223056329266,0.6026165108422975,0.03137257695198059,0.06438792335825998,0.7518506298194061,0.8865493625402451,-0.0016586810350417425,0.16632988750934596,nan,0.0,nan,0.0,0
6,20,1780,0.06738636363636363,2560,1.6587661504745483,0.36328125,0.879486870765686,0.8382875055074692,0.24921875,0.36904997676610946,0.5980559170246125,0.03137257695198059,0.0576872518286109,0.7386851340532303,0.8865493625402451,0.007062491774559088,0.16632988750934596,nan,0.0,nan,0.0,0
6,40,1800,0.0681439393939394,2560,1.660864394903183,0.359765625,0.8771522641181946,0.8452619165182114,0.25546875,0.3783164471387863,0.5971804469823837,0.03137257695198059,0.05980224646627903,0.7458824187517166,0.885269632935524,0.008117368817329385,0.16632988750934596,nan,0.0,nan,0.0,0
6,60,1820,0.06890151515151514,2560,1.6500215172767638,0.359765625,0.874796885251999,0.8376980006694794,0.261328125,0.38562745600938797,0.598490160703659,0.03137257695198059,0.05696252081543207,0.7400366306304932,0.879486870765686,0.004689985513687045,0.16632988750934596,nan,0.0,nan,0.0,0
6,80,1840,0.0696590909090909,2560,1.6873512744903565,0.361328125,0.8757416993379593,0.837755736708641,0.250390625,0.3813340991735458,0.5958695918321609,0.03137257695198059,0.055870558507740496,0.7376232415437698,0.879486870765686,0.003745171427726679,0.16632988750934596,nan,0.0,nan,0.0,0
6,100,1860,0.07041666666666667,2560,1.6499298870563508,0.35234375,0.8811497956514358,0.8383799433708191,0.261328125,0.36426653861999514,0.5973844110965729,0.03137257695198059,0.056567341275513175,0.7393245011568069,0.8771522641181946,-0.0039975315332412276,0.16632988750934596,nan,0.0,nan,0.0,0
6,120,1880,0.07117424242424243,2560,1.6401554346084595,0.375390625,0.876713627576828,0.8365195244550705,0.271484375,0.38383755534887315,0.601704803109169,0.03137257695198059,0.054377106763422486,0.7346966445446015,0.8771522641181946,0.00043863654136655494,0.16632988750934596,nan,0.0,nan,0.0,0
6,140,1900,0.0719318181818182,2560,1.646424949169159,0.37109375,0.8836490958929062,0.8402404963970185,0.2578125,0.39060956984758377,0.5953838586807251,0.03137257695198059,0.05804922580718994,0.7408735573291778,0.876713627576828,-0.006935468316078164,0.16632988750934596,nan,0.0,nan,0.0,0
6,160,1920,0.07268939393939394,2560,1.6624726355075836,0.357421875,0.8767538845539093,0.8356108486652374,0.254296875,0.37457856684923174,0.5965603053569793,0.03137257695198059,0.056904115714132786,0.7389742314815522,0.876713627576828,-4.025697708132103e-05,0.16632988750934596,nan,0.0,nan,0.0,0
6,180,1940,0.0734469696969697,2560,1.678603959083557,0.36796875,0.8778712928295136,0.8390467494726181,0.266796875,0.37826316356658934,0.6001424372196198,0.03137257695198059,0.058000802993774414,0.7435687333345413,0.8767538845539093,-0.001117408275604248,0.16632988750934596,nan,0.0,nan,0.0,0
6,200,1960,0.07420454545454545,2560,1.6266112565994262,0.3859375,0.8707879990339279,0.8314823389053345,0.270703125,0.3835223451256752,0.5973503351211548,0.03137257695198059,0.05626488532871008,0.7390530347824097,0.8778712928295136,0.007083293795585699,0.16632988750934596,nan,0.0,nan,0.0,0
6,220,1980,0.07496212121212122,2560,1.621900987625122,0.367578125,0.8752498269081116,0.8361997187137604,0.259765625,0.38245016932487486,0.5940441370010376,0.03137257695198059,0.05721724145114422,0.7406744599342346,0.8767538845539093,0.0015040576457977517,0.16632988750934596,nan,0.0,nan,0.0,0
6,240,2000,0.07571969696969698,2560,1.6196705877780915,0.39296875,0.8621014058589935,0.8283212214708329,0.261328125,0.3944168120622635,0.5968700647354126,0.03137257695198059,0.05776520781219006,0.7422541499137878,0.8767538845539093,0.014652478694915816,0.16632988750934596,nan,0.0,nan,0.0,0
6,260,2020,0.07647727272727273,2560,1.6681783139705657,0.356640625,0.8832832515239716,0.8421781152486801,0.2609375,0.3810965776443481,0.5999525904655456,0.03137257695198059,0.057005080953240396,0.7417716681957245,0.8752498269081116,-0.008033424615859985,0.16632988750934596,nan,0.0,nan,0.0,0
6,280,2040,0.07723484848484849,2560,1.6239398300647736,0.380859375,0.8709768682718277,0.8317346096038818,0.26875,0.38342064768075945,0.5938279688358307,0.03137257695198059,0.05085793156176806,0.7292269080877304,0.8752498269081116,0.004272958636283852,0.16632988750934596,nan,0.0,nan,0.0,0
6,300,2060,0.07799242424242425,2560,1.6189997851848603,0.386328125,0.8760669708251954,0.8373287409543991,0.24921875,0.3834118008613586,0.5988576471805572,0.03137257695198059,0.05638164635747671,0.7388649165630341,0.8709768682718277,-0.005090102553367615,0.16632988750934596,nan,0.0,nan,0.0,0
6,320,2080,0.07875,2560,1.646868222951889,0.36015625,0.8727264553308487,0.8343940943479538,0.27421875,0.40066933780908587,0.5943421870470047,0.03137257695198059,0.05900329351425171,0.7441224724054336,0.8752498269081116,0.0025233715772629006,0.16632988750934596,nan,0.0,nan,0.0,0
6,340,2100,0.07950757575757576,2560,1.6257624924182892,0.3765625,0.8759028047323227,0.8394512385129929,0.265625,0.3845581829547882,0.5937816828489304,0.03137257695198059,0.060753888078033925,0.7463380932807923,0.8727264553308487,-0.0031763494014740434,0.16632988750934596,nan,0.0,nan,0.0,0
6,352,2112,0.0799621212121212,1480,1.6011780738830566,0.38175675724003766,0.873284751660115,0.8324896371042406,0.27432432496869885,0.38360559150979323,0.6002872657131504,0.03137257695198059,0.05865647057826454,0.743974803911673,0.8759028047323227,0.002618053072207749,0.16632988750934596,nan,0.0,nan,0.0,0
7,20,2132,0.08071969696969698,2560,1.5847577393054961,0.39140625,0.8641339480876923,0.8329437434673309,0.2703125,0.3955788418650627,0.5967493861913681,0.03137257695198059,0.05466879475861788,0.7377358585596084,0.873284751660115,0.009150803572422705,0.16632988750934596,nan,0.0,nan,0.0,0
7,40,2152,0.08147727272727273,2560,1.6095584869384765,0.38515625,0.863537710905075,0.8302757501602173,0.267578125,0.3945205077528954,0.5956193476915359,0.03137257695198059,0.05782998520880937,0.7422459423542023,0.873284751660115,0.00974704075503996,0.16632988750934596,nan,0.0,nan,0.0,0
7,60,2172,0.0822348484848485,2560,1.6301434576511382,0.3671875,0.8633511155843735,0.8307052791118622,0.273828125,0.4018833950161934,0.6001793146133423,0.03137257695198059,0.054671088233590126,0.737751254439354,0.8727264553308487,0.009375339746475198,0.16632988750934596,nan,0.0,nan,0.0,0
7,80,2192,0.08299242424242426,2560,1.6051460564136506,0.384765625,0.8676497220993042,0.8337298303842544,0.266796875,0.38550868928432463,0.5957653224468231,0.03137257695198059,0.055656456761062144,0.7376621395349503,0.8641339480876923,-0.0035157740116119607,0.16632988750934596,nan,0.0,nan,0.0,0
7,100,2212,0.08375,2560,1.604162722826004,0.384375,0.8728577554225921,0.8356145411729813,0.251171875,0.3828318163752556,0.5909117549657822,0.03137257695198059,0.055538135953247546,0.7380889385938645,0.8641339480876923,-0.008723807334899858,0.16632988750934596,nan,0.0,nan,0.0,0
7,120,2232,0.08450757575757577,2560,1.5561740338802337,0.40859375,0.8643155068159103,0.8307145655155181,0.271875,0.4001996830105782,0.6002406001091003,0.03137257695198059,0.05557984746992588,0.7388094037771225,0.8641339480876923,-0.000181558728218012,0.16632988750934596,nan,0.0,nan,0.0,0
7,140,2252,0.08526515151515152,2560,1.5699884414672851,0.39453125,0.8659985572099685,0.8325092554092407,0.263671875,0.3880546182394028,0.5948365747928619,0.03137257695198059,0.053744877502322194,0.7351898908615112,0.8643155068159103,-0.0016830503940582497,0.16632988750934596,nan,0.0,nan,0.0,0
7,160,2272,0.08602272727272728,2560,1.598940920829773,0.391015625,0.8681499004364014,0.8344555109739303,0.279296875,0.40864068120718,0.5947240442037582,0.03137257695198059,0.0567135451361537,0.7397468775510788,0.8659985572099685,-0.0021513432264328447,0.16632988750934596,nan,0.0,nan,0.0,0
7,180,2292,0.08678030303030304,2560,1.6012428104877472,0.391015625,0.8618478119373322,0.8316031366586685,0.284375,0.3950087010860443,0.5957312464714051,0.03137257695198059,0.05307716708630324,0.7341131806373596,0.8676497220993042,0.005801910161972068,0.16632988750934596,nan,0.0,nan,0.0,0
7,200,2312,0.08753787878787879,2560,1.5776759743690492,0.391015625,0.8519646614789963,0.8259320795536041,0.26015625,0.402248877286911,0.599443206191063,0.03137257695198059,0.05512904617935419,0.7371393591165543,0.8659985572099685,0.014033895730972246,0.16632988750934596,nan,0.0,nan,0.0,0
7,220,2332,0.08829545454545455,2560,1.5865630209445953,0.400390625,0.8718884736299515,0.8349045008420944,0.2421875,0.38017839640378953,0.5967656642198562,0.03137257695198059,0.05570144336670637,0.7375254064798356,0.8643155068159103,-0.007572966814041182,0.16632988750934596,nan,0.0,nan,0.0,0
7,240,2352,0.0890530303030303,2560,1.58035905957222,0.392578125,0.8564875811338425,0.8241022974252701,0.273046875,0.38895069509744645,0.5978134363889694,0.03137257695198059,0.05187112037092447,0.7299470394849777,0.8659985572099685,0.009510976076126054,0.16632988750934596,nan,0.0,nan,0.0,0
7,260,2372,0.08981060606060606,2560,1.5770165503025055,0.396484375,0.865994343161583,0.8311051905155182,0.265234375,0.39828121066093447,0.5936116755008698,0.03137257695198059,0.05401330273598433,0.7340613633394242,0.8618478119373322,-0.0041465312242507935,0.16632988750934596,nan,0.0,nan,0.0,0
7,280,2392,0.09056818181818183,2560,1.5646971583366394,0.397265625,0.8546673476696014,0.8264957636594772,0.266796875,0.4146123841404915,0.5935479670763015,0.03137257695198059,0.05221277587115765,0.7296570211648941,0.8618478119373322,0.0071804642677307795,0.16632988750934596,nan,0.0,nan,0.0,0
7,300,2412,0.09132575757575757,2560,1.561288321018219,0.419140625,0.8605180531740189,0.8326544612646103,0.251953125,0.38531574308872224,0.5971835017204284,0.03137257695198059,0.05247448831796646,0.7313925981521606,0.8564875811338425,-0.004030472040176369,0.16632988750934596,nan,0.0,nan,0.0,0
7,320,2432,0.09208333333333334,2560,1.5789230108261108,0.386328125,0.8475015521049499,0.818619430065155,0.290234375,0.4102510526776314,0.5939232051372528,0.03137257695198059,0.053144355118274686,0.733128958940506,0.8605180531740189,0.013016501069068931,0.16632988750934596,nan,0.0,nan,0.0,0
7,340,2452,0.0928409090909091,2560,1.5643420934677124,0.405078125,0.8574404448270798,0.8296383172273636,0.28046875,0.404681071639061,0.5967074275016785,0.03137257695198059,0.05775913782417774,0.7395037442445755,0.8564875811338425,-0.0009528636932373269,0.16632988750934596,nan,0.0,nan,0.0,0
7,352,2464,0.09329545454545456,1480,1.5736979942064027,0.40743243211024516,0.8537581073271262,0.8235879608102747,0.28108108148381517,0.4070628064709741,0.5962145189981203,0.03137257695198059,0.05541740361903165,0.7368662589305156,0.8574404448270798,0.003682337499953614,0.16632988750934596,nan,0.0,nan,0.0,0
8,20,2484,0.0940530303030303,2560,1.537829428911209,0.396875,0.856588825583458,0.8282100915908813,0.2828125,0.40338431000709535,0.5958067744970321,0.03137257695198059,0.059228701144456865,0.7441181629896164,0.8546673476696014,-0.0019214779138565508,0.16632988750934596,nan,0.0,nan,0.0,0
8,40,2504,0.09481060606060607,2560,1.5578378677368163,0.41171875,0.8578502267599106,0.8308625727891922,0.26484375,0.4021880805492401,0.5938489496707916,0.03137257695198059,0.05623946189880371,0.739702570438385,0.856588825583458,-0.0012614011764526811,0.16632988750934596,nan,0.0,nan,0.0,0
8,60,2524,0.09556818181818183,2560,1.5856240808963775,0.401953125,0.8570054650306702,0.8276746332645416,0.258203125,0.412792494893074,0.5998506128787995,0.03137257695198059,0.04938084483146667,0.7251526713371277,0.856588825583458,-0.00041663944721226365,0.16632988750934596,nan,0.0,nan,0.0,0
8,80,2544,0.09632575757575758,2560,1.5753509104251862,0.403125,0.8528701484203338,0.8257798701524734,0.251953125,0.3996696636080742,0.5925819605588913,0.03137257695198059,0.0546502485871315,0.736282366514206,0.8570054650306702,0.0041353166103363925,0.16632988750934596,nan,0.0,nan,0.0,0
8,100,2564,0.09708333333333334,2560,1.5763184785842896,0.408203125,0.8477953374385834,0.8217581659555435,0.2671875,0.3998727723956108,0.5963859736919404,0.03137257695198059,0.05280459485948086,0.7322981715202331,0.856588825583458,0.008793488144874573,0.16632988750934596,nan,0.0,nan,0.0,0
8,120,2584,0.09784090909090909,2560,1.544869464635849,0.41484375,0.8524426639080047,0.8248283594846726,0.2640625,0.4006451413035393,0.5958404749631881,0.03137257695198059,0.052420325204730035,0.7306098252534866,0.856588825583458,0.0041461616754532304,0.16632988750934596,nan,0.0,nan,0.0,0
8,140,2604,0.09859848484848485,2560,1.5457227051258087,0.4,0.8538409829139709,0.8248161435127258,0.280859375,0.414007394015789,0.5956900477409363,0.03137257695198059,0.05250441338866949,0.7321584701538086,0.8528701484203338,-0.0009708344936371072,0.16632988750934596,nan,0.0,nan,0.0,0
8,160,2624,0.09935606060606061,2560,1.534316635131836,0.40234375,0.8479327142238617,0.8203761011362076,0.27890625,0.4111706405878067,0.5993361353874207,0.03137257695198059,0.051505362056195735,0.7305224776268006,0.8528701484203338,0.004937434196472079,0.16632988750934596,nan,0.0,nan,0.0,0
8,180,2644,0.10011363636363638,2560,1.5860958039760589,0.380078125,0.8372641324996948,0.8198655635118485,0.294921875,0.4226896375417709,0.5955429226160049,0.03137257695198059,0.05074957814067602,0.7278863847255707,0.8524426639080047,0.015178531408309937,0.16632988750934596,nan,0.0,nan,0.0,0
8,200,2664,0.10087121212121214,2560,1.5639683246612548,0.40625,0.8613893210887908,0.8300205409526825,0.26796875,0.3854531839489937,0.594849294424057,0.03137257695198059,0.056449844129383565,0.7392501175403595,0.8479327142238617,-0.01345660686492911,0.16632988750934596,nan,0.0,nan,0.0,0
8,220,2684,0.10162878787878789,2560,1.5567822813987733,0.406640625,0.8407218992710114,0.8215600550174713,0.2671875,0.40472025275230405,0.5937334895133972,0.03137257695198059,0.05164213441312313,0.7311388909816742,0.8524426639080047,0.011720764636993342,0.16632988750934596,nan,0.0,nan,0.0,0
8,240,2704,0.10238636363636365,2560,1.5608405411243438,0.41953125,0.8465994209051132,0.8253736019134521,0.25859375,0.407769550383091,0.5936783015727997,0.03137257695198059,0.05118722915649414,0.7288593858480453,0.8479327142238617,0.0013332933187485407,0.16632988750934596,nan,0.0,nan,0.0,0
8,260,2724,0.1031439393939394,2560,1.5383247494697572,0.405859375,0.8471631705760956,0.8209555506706238,0.28203125,0.4036719113588333,0.5906552791595459,0.03137257695198059,0.05233299732208252,0.7310331046581269,0.8465994209051132,-0.000563749670982383,0.16632988750934596,nan,0.0,nan,0.0,0
8,280,2744,0.10390151515151516,2560,1.538095736503601,0.40625,0.8391728490591049,0.8177565455436706,0.2734375,0.4278412014245987,0.5969789028167725,0.03137257695198059,0.04844057448208332,0.722535252571106,0.8465994209051132,0.007426571846008256,0.16632988750934596,nan,0.0,nan,0.0,0
8,300,2764,0.10465909090909092,2560,1.561135333776474,0.389453125,0.8517358273267746,0.8270758539438248,0.295703125,0.40067093521356584,0.5932079523801803,0.03137257695198059,0.04946538843214512,0.7246696203947067,0.8465994209051132,-0.005136406421661355,0.16632988750934596,nan,0.0,nan,0.0,0
8,320,2784,0.10541666666666667,2560,1.5074209868907928,0.41875,0.8354190707206726,0.8182619988918305,0.269921875,0.4069646939635277,0.5927524775266647,0.03137257695198059,0.04999892171472311,0.7267064571380615,0.8465994209051132,0.011180350184440635,0.16632988750934596,nan,0.0,nan,0.0,0
8,340,2804,0.10617424242424243,2560,1.545706170797348,0.411328125,0.8411495119333268,0.82657091319561,0.26171875,0.397534641623497,0.5971173793077469,0.03137257695198059,0.05106408782303333,0.7296446174383163,0.8465994209051132,0.005449908971786432,0.16632988750934596,nan,0.0,nan,0.0,0
8,352,2816,0.10662878787878789,1480,1.5571721553802491,0.4027027027027027,0.8381726848112571,0.8178148160109648,0.2790540542151477,0.4043263788158829,0.6009440335067543,0.03137257695198059,0.048878018356658316,0.7254272373946937,0.8411495119333268,0.002976827122069703,0.16632988750934596,nan,0.0,nan,0.0,0
9,20,2836,0.10738636363636365,2560,1.5413057446479796,0.409375,0.8439281016588212,0.8214832514524459,0.28203125,0.4126783564686775,0.5954803675413132,0.03137257695198059,0.05091895088553429,0.7289906531572342,0.8391728490591049,-0.004755252599716209,0.16632988750934596,nan,0.0,nan,0.0,0
9,40,2856,0.1081439393939394,2560,1.4954000234603881,0.43671875,0.840402501821518,0.8211873531341553,0.253515625,0.39585879594087603,0.5935241878032684,0.03137257695198059,0.05557492468506098,0.7382603108882904,0.8411495119333268,0.0007470101118087769,0.16632988750934596,nan,0.0,nan,0.0,0
9,60,2876,0.10890151515151517,2560,1.5177904903888702,0.415625,0.8427917063236237,0.8208865046501159,0.287109375,0.4295178070664406,0.5949290186166764,0.03137257695198059,0.05099712498486042,0.7287806838750839,0.840402501821518,-0.0023892045021056685,0.16632988750934596,nan,0.0,nan,0.0,0
9,80,2896,0.10965909090909093,2560,1.5128319084644317,0.425,0.8319211512804031,0.8209972649812698,0.2640625,0.40859252512454985,0.5979867547750473,0.03137257695198059,0.050240369886159895,0.7272445887327195,0.8411495119333268,0.00922836065292365,0.16632988750934596,nan,0.0,nan,0.0,0
9,100,2916,0.11041666666666668,2560,1.5290465831756592,0.411328125,0.8454656600952148,0.8241298884153366,0.26875,0.403508760035038,0.5934701502323151,0.03137257695198059,0.0446307722479105,0.7152693867683411,0.840402501821518,-0.005063158273696855,0.16632988750934596,nan,0.0,nan,0.0,0
9,120,2936,0.11117424242424244,2560,1.5445806622505187,0.413671875,0.8424070328474045,0.8226204186677932,0.269140625,0.41497150212526324,0.5949103206396102,0.03137257695198059,0.049696123041212556,0.7283789992332459,0.8427917063236237,0.00038467347621917725,0.16632988750934596,nan,0.0,nan,0.0,0
9,140,2956,0.11193181818181819,2560,1.4947317957878112,0.424609375,0.8400890469551087,0.8132427364587784,0.283203125,0.412473751604557,0.5989930719137192,0.03137257695198059,0.049371099285781386,0.7273333847522736,0.8424070328474045,0.002317985892295815,0.16632988750934596,nan,0.0,nan,0.0,0
9,160,2976,0.11268939393939395,2560,1.4874665975570678,0.422265625,0.8339039295911789,0.8193583458662033,0.2796875,0.4333590030670166,0.5967036128044129,0.03137257695198059,0.05038991514593363,0.7284105271100998,0.8424070328474045,0.008503103256225608,0.16632988750934596,nan,0.0,nan,0.0,0
9,180,2996,0.11344696969696971,2560,1.531495636701584,0.40546875,0.85232273042202,0.8261439174413681,0.266796875,0.3989188179373741,0.5949112176895142,0.03137257695198059,0.04890610333532095,0.7232851773500443,0.8400890469551087,-0.012233683466911338,0.16632988750934596,nan,0.0,nan,0.0,0
9,200,3016,0.11420454545454546,2560,1.5207047522068025,0.41484375,0.8433826565742493,0.822665935754776,0.271875,0.4124057531356812,0.5945849359035492,0.03137257695198059,0.053313823975622655,0.7331296652555466,0.8424070328474045,-0.0009756237268447876,0.16632988750934596,nan,0.0,nan,0.0,0
9,220,3036,0.11496212121212122,2560,1.5337892770767212,0.406640625,0.8385937005281449,0.8168333917856216,0.28515625,0.40233130007982254,0.5984846949577332,0.03137257695198059,0.04907056652009487,0.7255944579839706,0.8424070328474045,0.0038133323192596214,0.16632988750934596,nan,0.0,nan,0.0,0
9,240,3056,0.11571969696969697,2560,1.5079826772212983,0.427734375,0.8362034916877746,0.8211244136095047,0.262890625,0.4102071955800056,0.596451711654663,0.03137257695198059,0.04798950720578432,0.7227030992507935,0.8400890469551087,0.003885555267334029,0.16632988750934596,nan,0.0,nan,0.0,0
9,260,3076,0.11647727272727273,2560,1.545054668188095,0.410546875,0.830330616235733,0.8138345271348953,0.27734375,0.42140914052724837,0.5921605587005615,0.03137257695198059,0.04844918195158243,0.7233348935842514,0.8385937005281449,0.008263084292411849,0.16632988750934596,nan,0.0,nan,0.0,0
9,280,3096,0.1172348484848485,2560,1.5086675703525543,0.419921875,0.8244165897369384,0.8106960475444793,0.29140625,0.4045051634311676,0.5949822932481765,0.03137257695198059,0.04921736977994442,0.7247792750597,0.8385937005281449,0.014177110791206426,0.16632988750934596,nan,0.0,nan,0.0,0
9,300,3116,0.11799242424242425,2560,1.5249205648899078,0.428515625,0.8411930978298188,0.8203525811433792,0.2734375,0.41995967626571656,0.5945842951536179,0.03137257695198059,0.05048274490982294,0.7276757597923279,0.8362034916877746,-0.004989606142044134,0.16632988750934596,nan,0.0,nan,0.0,0
9,320,3136,0.11875000000000001,2560,1.5313108205795287,0.418359375,0.8290783613920212,0.8134524285793304,0.275,0.41616867780685424,0.5962080836296082,0.03137257695198059,0.047247471287846565,0.7208121120929718,0.8362034916877746,0.007125130295753457,0.16632988750934596,nan,0.0,nan,0.0,0
9,340,3156,0.11950757575757576,2560,1.517059862613678,0.434375,0.8373439162969589,0.8127051264047622,0.259765625,0.418016254901886,0.5915559291839599,0.03137257695198059,0.04934268426150083,0.7257478356361389,0.830330616235733,-0.007013300061225913,0.16632988750934596,nan,0.0,nan,0.0,0
9,352,3168,0.11996212121212123,1480,1.5173251474225844,0.4256756758367693,0.8301424841623049,0.8160220162288563,0.276351351512445,0.42398680496860197,0.5960508800841666,0.03137257695198059,0.04873167749594998,0.7244175157031497,0.830330616235733,0.00018813207342815996,0.16632988750934596,nan,0.0,nan,0.0,0
10,20,3188,0.12071969696969698,2560,1.559037983417511,0.396484375,0.8404637932777405,0.817137798666954,0.27734375,0.41315473020076754,0.5987393885850907,0.03137257695198059,0.04798928387463093,0.7220515847206116,0.8301424841623049,-0.010321309115435606,0.16632988750934596,nan,0.0,nan,0.0,0
10,40,3208,0.12147727272727274,2560,1.493939071893692,0.44765625,0.8391747236251831,0.8195703059434891,0.260546875,0.40910225212574003,0.588736492395401,0.03137257695198059,0.05253114737570286,0.7331180483102798,0.8373439162969589,-0.00183080732822416,0.16632988750934596,nan,0.0,nan,0.0,0
10,60,3228,0.1222348484848485,2560,1.4869310021400453,0.4328125,0.8267096877098083,0.8145158290863037,0.26875,0.41950919926166536,0.5901905268430709,0.03137257695198059,0.05011800471693277,0.7246071755886078,0.8373439162969589,0.010634228587150574,0.16632988750934596,nan,0.0,nan,0.0,0
10,80,3248,0.12299242424242425,2560,1.5124530851840974,0.41484375,0.8342806875705719,0.817330950498581,0.2875,0.422292560338974,0.6017415583133697,0.03137257695198059,0.048978088423609734,0.7248470395803451,0.8373439162969589,0.0030632287263869795,0.16632988750934596,nan,0.0,nan,0.0,0
10,100,3268,0.12375000000000001,2560,1.502370673418045,0.425,0.8375437885522843,0.8186107784509659,0.268359375,0.4045016437768936,0.5935973018407822,0.03137257695198059,0.052165021561086176,0.7323091238737106,0.8342806875705719,-0.0032631009817123413,0.16632988750934596,nan,0.0,nan,0.0,0
10,120,3288,0.12450757575757576,2560,1.4834243535995484,0.428125,0.8278605341911316,0.8143111139535903,0.284765625,0.41983138024806976,0.5959789514541626,0.03137257695198059,0.04776330851018429,0.7230694681406021,0.8375437885522843,0.009683254361152693,0.16632988750934596,nan,0.0,nan,0.0,0
10,140,3308,0.12526515151515152,2560,1.488405442237854,0.428125,0.8269614785909652,0.8161679774522781,0.29140625,0.43855023086071016,0.59737169444561,0.03137257695198059,0.0468111788854003,0.7204210728406906,0.8342806875705719,0.007319208979606695,0.16632988750934596,nan,0.0,nan,0.0,0
10,160,3328,0.1260227272727273,2560,1.4899744868278504,0.436328125,0.8304419755935669,0.816038790345192,0.273828125,0.4210116744041443,0.5922477930784226,0.03137257695198059,0.04812049753963947,0.7241619676351547,0.8278605341911316,-0.002581441402435325,0.16632988750934596,nan,0.0,nan,0.0,0
10,180,3348,0.12678030303030305,2560,1.4907226145267487,0.426171875,0.8205252140760422,0.8074266016483307,0.268359375,0.40898300856351855,0.5932593226432801,0.03137257695198059,0.045734805427491663,0.718025267124176,0.8304419755935669,0.009916761517524741,0.16632988750934596,nan,0.0,nan,0.0,0
10,200,3368,0.12753787878787878,2560,1.5078274130821228,0.430859375,0.8214819312095643,0.8122842341661454,0.272265625,0.41646349281072614,0.5953287988901138,0.03137257695198059,0.04836818184703588,0.72238489985466,0.8278605341911316,0.006378602981567338,0.16632988750934596,nan,0.0,nan,0.0,0
10,220,3388,0.12829545454545455,2560,1.4768977344036103,0.432421875,0.818640074133873,0.8095904260873794,0.271484375,0.43394019454717636,0.5946762263774872,0.03137257695198059,0.050121355801820755,0.7277166068553924,0.8269614785909652,0.008321404457092285,0.16632988750934596,nan,0.0,nan,0.0,0
10,240,3408,0.1290530303030303,2560,1.5094829440116881,0.41875,0.8216810524463654,0.8116891354322433,0.2734375,0.42158094197511675,0.5934562861919404,0.03137257695198059,0.048473764769732954,0.7243972331285476,0.8214819312095643,-0.00019912123680110305,0.16632988750934596,nan,0.0,nan,0.0,0
10,260,3428,0.12981060606060607,2560,1.4878219544887543,0.439453125,0.8254358440637588,0.8125822931528092,0.26640625,0.42702187299728395,0.5907161831855774,0.03137257695198059,0.04880664143711329,0.726101866364479,0.8214819312095643,-0.003953912854194552,0.16632988750934596,nan,0.0,nan,0.0,0
10,280,3448,0.13056818181818183,2560,1.5605787813663483,0.412109375,0.824325555562973,0.805966705083847,0.2625,0.41637135446071627,0.5941344171762466,0.03137257695198059,0.04646017830818892,0.7200508266687393,0.8214819312095643,-0.0028436243534087913,0.16632988750934596,nan,0.0,nan,0.0,0
10,300,3468,0.13132575757575757,2560,1.4711180627346039,0.438671875,0.8244085371494293,0.8118610590696335,0.2875,0.41794888824224474,0.59220150411129,0.03137257695198059,0.0473892705515027,0.7226187229156494,0.8216810524463654,-0.0027274847030639426,0.16632988750934596,nan,0.0,nan,0.0,0
10,320,3488,0.13208333333333333,2560,1.4965991735458375,0.432421875,0.8203367710113525,0.8068952143192292,0.2734375,0.4271485432982445,0.5941386133432388,0.03137257695198059,0.04577872883528471,0.7197220981121063,0.824325555562973,0.00398878455162055,0.16632988750934596,nan,0.0,nan,0.0,0
10,340,3508,0.1328409090909091,2560,1.4892892003059388,0.43359375,0.8213220298290252,0.8124664485454559,0.27421875,0.43720838874578477,0.5950541347265244,0.03137257695198059,0.04960238132625818,0.7267670571804047,0.824325555562973,0.0030035257339477983,0.16632988750934596,nan,0.0,nan,0.0,0
10,352,3520,0.13329545454545455,1480,1.5001053771457156,0.4385135139967944,0.8229092581852062,0.810538535826915,0.27702702726866746,0.4088017935688431,0.593419442627881,0.03137257695198059,0.04617776204202626,0.7173462065490517,0.824325555562973,0.0014162973777668286,0.16632988750934596,nan,0.0,nan,0.0,0
11,20,3540,0.1340530303030303,2560,1.489041405916214,0.436328125,0.8247550249099731,0.8110698968172073,0.27421875,0.4254299432039261,0.5966640621423721,0.03137257695198059,0.04587645530700683,0.7196109086275101,0.8229092581852062,-0.001845766724766884,0.16632988750934596,nan,0.0,nan,0.0,0
11,40,3560,0.13481060606060608,2560,1.474998515844345,0.4390625,0.8228995859622955,0.8120754480361938,0.2890625,0.42754601389169694,0.5921328455209732,0.03137257695198059,0.046195579878985885,0.7202302813529968,0.8229092581852062,9.672222910706019e-06,0.16632988750934596,nan,0.0,nan,0.0,0
11,60,3580,0.13556818181818184,2560,1.503591203689575,0.425,0.8310511171817779,0.8157165765762329,0.2765625,0.41680134683847425,0.5941271662712098,0.03137257695198059,0.04462180119007826,0.7156581729650497,0.8228995859622955,-0.008151531219482422,0.16632988750934596,nan,0.0,nan,0.0,0
11,80,3600,0.13632575757575757,2560,1.4842820584774017,0.434375,0.8202301800251007,0.8089279353618621,0.2796875,0.4160842880606651,0.5972866326570511,0.03137257695198059,0.043281075358390805,0.7117854565382004,0.8229092581852062,0.002679078160105486,0.16632988750934596,nan,0.0,nan,0.0,0
11,100,3620,0.13708333333333333,2560,1.484783661365509,0.43984375,0.8237753599882126,0.8154139429330826,0.276171875,0.4253276750445366,0.5933930903673172,0.03137257695198059,0.048563672415912154,0.7245865195989609,0.8229092581852062,-0.0008661018030063916,0.16632988750934596,nan,0.0,nan,0.0,0
11,120,3640,0.1378409090909091,2560,1.4887701213359832,0.429296875,0.8210347115993499,0.8078317165374755,0.289453125,0.4284475415945053,0.6011609524488449,0.03137257695198059,0.0478354461491108,0.7227969199419022,0.8237753599882126,0.0027406483888626765,0.16632988750934596,nan,0.0,nan,0.0,0
11,140,3660,0.13859848484848486,2560,1.4982612073421477,0.426953125,0.8186369746923446,0.8113229304552079,0.288671875,0.4236470878124237,0.5928342431783676,0.03137257695198059,0.04829566236585379,0.7230602234601975,0.8228995859622955,0.004262611269950867,0.16632988750934596,nan,0.0,nan,0.0,0
11,160,3680,0.13935606060606062,2560,1.4914830446243286,0.428125,0.8103509396314621,0.8067348718643188,0.271484375,0.42590334117412565,0.5960312098264694,0.03137257695198059,0.04993167519569397,0.7266770750284195,0.8210347115993499,0.010683771967887834,0.16632988750934596,nan,0.0,nan,0.0,0
11,180,3700,0.14011363636363636,2560,1.492329204082489,0.417578125,0.8075206309556962,0.8054760187864304,0.283984375,0.4295019581913948,0.5952846676111221,0.03137257695198059,0.047607832588255405,0.7225794553756714,0.8202301800251007,0.01270954906940458,0.16632988750934596,nan,0.0,nan,0.0,0
11,200,3720,0.14087121212121212,2560,1.4618626534938812,0.433984375,0.8139293670654297,0.8058248072862625,0.284765625,0.4297585695981979,0.5934786707162857,0.03137257695198059,0.04687532372772694,0.7219537973403931,0.8186369746923446,0.004707607626914911,0.16632988750934596,nan,0.0,nan,0.0,0
11,220,3740,0.14162878787878788,2560,1.4764604210853576,0.437890625,0.8238804131746292,0.81004818379879,0.280859375,0.41806831359863283,0.5975371271371841,0.03137257695198059,0.05268304981291294,0.7334611624479294,0.8139293670654297,-0.009951046109199502,0.16632988750934596,nan,0.0,nan,0.0,0
11,240,3760,0.14238636363636364,2560,1.5138853907585144,0.413671875,0.818089509010315,0.8055224299430848,0.283203125,0.4431345731019974,0.5940024316310882,0.03137257695198059,0.04838153459131718,0.7234825491905212,0.8139293670654297,-0.004160141944885232,0.16632988750934596,nan,0.0,nan,0.0,0
11,260,3780,0.1431439393939394,2560,1.5117420256137848,0.42734375,0.8395518362522125,0.8200721889734268,0.27734375,0.4146329551935196,0.5954317957162857,0.03137257695198059,0.047394000366330145,0.7203859895467758,0.8139293670654297,-0.025622469186782793,0.16632988750934596,nan,0.0,nan,0.0,0
11,280,3800,0.14390151515151514,2560,1.4969398260116578,0.434375,0.819671219587326,0.8130827754735946,0.269921875,0.41901559829711915,0.5962800502777099,0.03137257695198059,0.04944245368242264,0.7267647892236709,0.818089509010315,-0.001581710577011064,0.16632988750934596,nan,0.0,nan,0.0,0
11,300,3820,0.1446590909090909,2560,1.4869636714458465,0.4390625,0.8219818085432052,0.8124281734228134,0.2609375,0.41718173027038574,0.5911830991506577,0.03137257695198059,0.048238557577133176,0.7231763452291489,0.819671219587326,-0.0023105889558792114,0.16632988750934596,nan,0.0,nan,0.0,0
11,320,3840,0.14541666666666667,2560,1.4732964932918549,0.43046875,0.8053151458501816,0.8016736507415771,0.281640625,0.4321047946810722,0.5957988947629929,0.03137257695198059,0.045847520045936105,0.7188802182674408,0.8219818085432052,0.016666662693023637,0.16632988750934596,nan,0.0,nan,0.0,0
11,340,3860,0.14617424242424243,2560,1.4949972867965697,0.42265625,0.8074206799268723,0.8050769984722137,0.301953125,0.4473094195127487,0.5978042721748352,0.03137257695198059,0.044799444079399106,0.715279832482338,0.819671219587326,0.012250539660453752,0.16632988750934596,nan,0.0,nan,0.0,0
11,352,3872,0.1466287878787879,1480,1.507233756941718,0.42364864945411684,0.8103980312476287,0.8082431760994164,0.2716216217021684,0.42455107408600884,0.5901184874611932,0.03137257695198059,0.043981694591206474,0.7154795930192277,0.819671219587326,0.009273188339697369,0.16632988750934596,nan,0.0,nan,0.0,0
12,20,3892,0.14738636363636365,2560,1.4803258895874023,0.427734375,0.8113692104816437,0.8093778222799302,0.275,0.4264165833592415,0.5894619137048721,0.03137257695198059,0.046126341074705125,0.7193693518638611,0.8103980312476287,-0.0009711792340150183,0.16632988750934596,nan,0.0,nan,0.0,0
12,40,3912,0.1481439393939394,2560,1.4160999238491059,0.443359375,0.8089457750320435,0.8046694606542587,0.30390625,0.41396919190883635,0.5905473291873932,0.03137257695198059,0.04692868608981371,0.7212631136178971,0.8103980312476287,0.0014522562155852015,0.16632988750934596,nan,0.0,nan,0.0,0
12,60,3932,0.14890151515151515,2560,1.5083469331264496,0.421875,0.8160474330186844,0.8055451899766922,0.281640625,0.4346848979592323,0.5937006860971451,0.03137257695198059,0.04626580085605383,0.7202432334423066,0.8089457750320435,-0.007101657986640975,0.16632988750934596,nan,0.0,nan,0.0,0
12,80,3952,0.1496590909090909,2560,1.4573842942714692,0.43671875,0.8010107517242432,0.8032033562660217,0.284375,0.42039387971162795,0.5929345607757568,0.03137257695198059,0.042349406890571116,0.710427388548851,0.8103980312476287,0.009387279523385472,0.16632988750934596,nan,0.0,nan,0.0,0
12,100,3972,0.15041666666666667,2560,1.44977947473526,0.4515625,0.8017609059810639,0.8026823818683624,0.259765625,0.41525855511426923,0.5943449825048447,0.03137257695198059,0.04411498326808214,0.7145489394664765,0.8103980312476287,0.008637125266564794,0.16632988750934596,nan,0.0,nan,0.0,0
12,120,3992,0.15117424242424243,2560,1.5009597778320312,0.426171875,0.8127048909664154,0.8114812463521958,0.305078125,0.44524762183427813,0.5918195337057114,0.03137257695198059,0.044113201647996904,0.7149294197559357,0.8089457750320435,-0.0037591159343719482,0.16632988750934596,nan,0.0,nan,0.0,0
12,140,4012,0.1519318181818182,2560,1.4751405656337737,0.437109375,0.8157575994729995,0.8077816188335418,0.272265625,0.4164232239127159,0.5931877285242081,0.03137257695198059,0.042602643556892875,0.7126944929361343,0.8089457750320435,-0.006811824440956071,0.16632988750934596,nan,0.0,nan,0.0,0
12,160,4032,0.15268939393939396,2560,1.473768711090088,0.437109375,0.7962547570466996,0.7997009456157684,0.26875,0.43671880662441254,0.5896638453006744,0.03137257695198059,0.04403175413608551,0.7140474259853363,0.8127048909664154,0.016450133919715837,0.16632988750934596,nan,0.0,nan,0.0,0
12,180,4052,0.1534469696969697,2560,1.4900765240192413,0.427734375,0.815113690495491,0.8066661953926086,0.276953125,0.418899929523468,0.5959564477205277,0.03137257695198059,0.0480478148907423,0.72160824239254,0.8017609059810639,-0.013352784514427118,0.16632988750934596,nan,0.0,nan,0.0,0
12,200,4072,0.15420454545454546,2560,1.4789944231510161,0.44609375,0.8102192342281341,0.8044502437114716,0.2796875,0.43121319860219953,0.6001304894685745,0.03137257695198059,0.04621406868100166,0.7176656007766724,0.8127048909664154,0.002485656738281272,0.16632988750934596,nan,0.0,nan,0.0,0
12,220,4092,0.15496212121212122,2560,1.4437468707561494,0.44296875,0.8040001273155213,0.8012999445199966,0.277734375,0.4180922955274582,0.5922653377056122,0.03137257695198059,0.04373269025236368,0.7136007308959961,0.8127048909664154,0.00870476365089412,0.16632988750934596,nan,0.0,nan,0.0,0
12,240,4112,0.15571969696969698,2560,1.4885420858860017,0.43046875,0.8027324885129928,0.8032081872224808,0.2890625,0.43703156858682635,0.5920447200536728,0.03137257695198059,0.046802953630685803,0.7202943295240403,0.8102192342281341,0.007486745715141296,0.16632988750934596,nan,0.0,nan,0.0,0
12,260,4132,0.15647727272727274,2560,1.4728451311588286,0.439453125,0.8095338195562363,0.8036134243011475,0.265234375,0.41886819452047347,0.5976705133914948,0.03137257695198059,0.047527999989688395,0.7214342176914215,0.8040001273155213,-0.0055336922407149824,0.16632988750934596,nan,0.0,nan,0.0,0
12,280,4152,0.15723484848484848,2560,1.5037284970283509,0.419140625,0.8188875079154968,0.8073425561189651,0.278125,0.4194537937641144,0.5950964778661728,0.03137257695198059,0.04433076065033674,0.7140490621328354,0.8095338195562363,-0.009353688359260537,0.16632988750934596,nan,0.0,nan,0.0,0
12,300,4172,0.15799242424242424,2560,1.5019002676010131,0.426953125,0.8100201487541199,0.8027510523796082,0.271484375,0.420421202480793,0.5920115321874618,0.03137257695198059,0.04471108913421631,0.7145273417234421,0.8095338195562363,-0.00048632919788360596,0.16632988750934596,nan,0.0,nan,0.0,0
12,320,4192,0.15875,2560,1.4995905458927155,0.419140625,0.803327950835228,0.8030241847038269,0.305078125,0.4367110714316368,0.5881088495254516,0.03137257695198059,0.046142253652215005,0.7205672323703766,0.8095338195562363,0.006205868721008256,0.16632988750934596,nan,0.0,nan,0.0,0
12,340,4212,0.15950757575757576,2560,1.4722679018974305,0.447265625,0.8037622779607773,0.80038301050663,0.2765625,0.424535907804966,0.5909719049930573,0.03137257695198059,0.04297522604465485,0.7123455256223679,0.8095338195562363,0.005771541595459007,0.16632988750934596,nan,0.0,nan,0.0,0
12,352,4224,0.15996212121212122,1480,1.477054398768657,0.42972972989082336,0.8045469393601289,0.8027117329674798,0.29729729721675047,0.43691586127152315,0.5930138613726642,0.031372576770750255,0.045312900096178055,0.7156707306165953,0.8095338195562363,0.004986880196107379,0.16632988750934596,nan,0.0,nan,0.0,0
13,20,4244,0.16071969696969698,2560,1.4651129305362702,0.44140625,0.8005456238985061,0.7995036035776139,0.2640625,0.4204981654882431,0.5910301446914673,0.03137257695198059,0.045882835797965524,0.7200445920228958,0.8045469393601289,0.004001315461622745,0.16632988750934596,nan,0.0,nan,0.0,0
13,40,4264,0.16147727272727275,2560,1.479464739561081,0.41875,0.7971557736396789,0.7969094783067703,0.291015625,0.4325654685497284,0.5909533381462098,0.03137257695198059,0.0450822327286005,0.7166161090135574,0.8037622779607773,0.006606504321098328,0.16632988750934596,nan,0.0,nan,0.0,0
13,60,4284,0.16223484848484848,2560,1.484588348865509,0.43125,0.8137750506401062,0.8067395687103271,0.280859375,0.4216111034154892,0.5910333216190338,0.03137257695198059,0.0447189150378108,0.715617123246193,0.803327950835228,-0.010447099804878235,0.16632988750934596,nan,0.0,nan,0.0,0
13,80,4304,0.16299242424242424,2560,1.47553288936615,0.434375,0.8158511310815811,0.8049207210540772,0.2875,0.4286430075764656,0.5920955896377563,0.03137257695198059,0.04845089875161648,0.7242101520299912,0.8037622779607773,-0.012088853120803877,0.16632988750934596,nan,0.0,nan,0.0,0
13,100,4324,0.16375,2560,1.4781516075134278,0.433203125,0.8003584146499634,0.8029864192008972,0.279296875,0.4229651793837547,0.5976950496435165,0.03137257695198059,0.04166960120201111,0.7066066950559616,0.8045469393601289,0.004188524710165509,0.16632988750934596,nan,0.0,nan,0.0,0
13,120,4344,0.16450757575757577,2560,1.4576191365718842,0.441015625,0.7881641924381256,0.7971382379531861,0.282421875,0.42614210695028304,0.5937253534793854,0.03137257695198059,0.043573723174631596,0.7128684520721436,0.8005456238985061,0.01238143146038051,0.16632988750934596,nan,0.0,nan,0.0,0
13,140,4364,0.16526515151515153,2560,1.4601561427116394,0.4375,0.8104205399751663,0.8064439326524735,0.278515625,0.44049528539180755,0.5935346156358718,0.03137257695198059,0.04485798124223948,0.7152841120958329,0.8003584146499634,-0.010062125325202897,0.16632988750934596,nan,0.0,nan,0.0,0
13,160,4384,0.16602272727272727,2560,1.4920490741729737,0.428515625,0.808075925707817,0.7995367914438247,0.27265625,0.4278541475534439,0.5934794336557389,0.03137257695198059,0.04102687258273363,0.7086550235748291,0.8104205399751663,0.002344614267349221,0.16632988750934596,nan,0.0,nan,0.0,0
13,180,4404,0.16678030303030303,2560,1.497745841741562,0.4328125,0.8024747341871261,0.8036754816770554,0.262890625,0.4201852023601532,0.5945973932743073,0.03137257695198059,0.04546863026916981,0.7182740330696106,0.808075925707817,0.00560119152069094,0.16632988750934596,nan,0.0,nan,0.0,0
13,200,4424,0.1675378787878788,2560,1.4987463712692262,0.439453125,0.8125071048736572,0.8052278101444245,0.279296875,0.4297928050160408,0.5944291621446609,0.03137257695198059,0.04557723850011826,0.7177536249160766,0.8024747341871261,-0.010032370686531067,0.16632988750934596,nan,0.0,nan,0.0,0
13,220,4444,0.16829545454545455,2560,1.5020480930805207,0.433203125,0.8138192504644394,0.8045149683952332,0.277734375,0.42288442254066466,0.5942861169576645,0.03137257695198059,0.04453173689544201,0.7151675522327423,0.808075925707817,-0.0057433247566223145,0.16632988750934596,nan,0.0,nan,0.0,0
13,240,4464,0.16905303030303032,2560,1.4431588113307954,0.43515625,0.8030069082975387,0.8072310298681259,0.27890625,0.43318942189216614,0.5914211452007294,0.03137257695198059,0.044459442421793935,0.7152246564626694,0.8104205399751663,0.007413631677627541,0.16632988750934596,nan,0.0,nan,0.0,0
13,260,4484,0.16981060606060605,2560,1.4991447806358338,0.433203125,0.8032186418771744,0.8026873439550399,0.276171875,0.4316853299736977,0.591144073009491,0.03137257695198059,0.043710431270301345,0.7128799557685852,0.808075925707817,0.004857283830642656,0.16632988750934596,nan,0.0,nan,0.0,0
13,280,4504,0.1705681818181818,2560,1.479442310333252,0.44375,0.8074769288301468,0.8076679408550262,0.26328125,0.4137715265154839,0.5965718805789948,0.03137257695198059,0.04298284091055393,0.7099117904901504,0.8032186418771744,-0.004258286952972368,0.16632988750934596,nan,0.0,nan,0.0,0
13,300,4524,0.1713257575757576,2560,1.465220284461975,0.455859375,0.8099989622831345,0.809423080086708,0.262109375,0.42985225319862364,0.5901258081197739,0.03137257695198059,0.04672718401998281,0.7210028678178787,0.8074769288301468,-0.0025220334529877375,0.16632988750934596,nan,0.0,nan,0.0,0
13,320,4544,0.17208333333333337,2560,1.4985705256462096,0.425390625,0.7902403473854065,0.7973447382450104,0.29296875,0.4416026383638382,0.5955993860960007,0.03137257695198059,0.04305277206003666,0.7135249137878418,0.8074769288301468,0.017236581444740273,0.16632988750934596,nan,0.0,nan,0.0,0
13,340,4564,0.1728409090909091,2560,1.5104456007480622,0.42734375,0.8118447184562683,0.8057584315538406,0.276953125,0.4291471317410469,0.5967137902975083,0.03137257695198059,0.04492823518812657,0.7175453454256058,0.8032186418771744,-0.008626076579093866,0.16632988750934596,nan,0.0,nan,0.0,0
13,352,4576,0.17329545454545456,1480,1.4785818866781286,0.4479729736173475,0.8022162121695441,0.8006765806997145,0.27094594642922687,0.4249367978121783,0.5848764912502186,0.03137257695198059,0.046847387846257235,0.7224478283443967,0.8074769288301468,0.005260716660602682,0.16632988750934596,nan,0.0,nan,0.0,0
14,20,4596,0.17405303030303032,2560,1.4475493490695954,0.450390625,0.7951162457466125,0.7993059992790222,0.279296875,0.4312821924686432,0.5937309443950654,0.03137257695198059,0.04759976174682379,0.723441144824028,0.8074769288301468,0.012360683083534219,0.16632988750934596,nan,0.0,nan,0.0,0
14,40,4616,0.17481060606060606,2560,1.519075232744217,0.420703125,0.7958384215831756,0.7968750238418579,0.276171875,0.44442384988069533,0.5901199489831924,0.03137257695198059,0.04444686360657215,0.7159027308225632,0.8022162121695441,0.006377790586368448,0.16632988750934596,nan,0.0,nan,0.0,0
14,60,4636,0.17556818181818182,2560,1.4833840489387513,0.42421875,0.8061372458934783,0.804344454407692,0.300390625,0.43712280690670013,0.58835069835186,0.03137257695198059,0.0464346494525671,0.7195509612560272,0.7958384215831756,-0.010298824310302712,0.16632988750934596,nan,0.0,nan,0.0,0
14,80,4656,0.17632575757575758,2560,1.4665737271308898,0.44375,0.8048425257205963,0.8073762476444244,0.26640625,0.42697438299655915,0.5960787564516068,0.03137257695198059,0.046965690702199935,0.7201208651065827,0.8022162121695441,-0.0026263135510522506,0.16632988750934596,nan,0.0,nan,0.0,0
14,100,4676,0.17708333333333334,2560,1.5283954977989196,0.40703125,0.8003005027770996,0.802028802037239,0.29609375,0.44460188746452334,0.5910597681999207,0.03137257695198059,0.04545437004417181,0.7184471637010574,0.8022162121695441,0.0019157093924444535,0.16632988750934596,nan,0.0,nan,0.0,0
14,120,4696,0.1778409090909091,2560,1.4841265499591827,0.43515625,0.809398153424263,0.7986643701791764,0.279296875,0.41664224565029145,0.5912391871213913,0.03137257695198059,0.04489027317613363,0.7177612334489822,0.8003005027770996,-0.009097650647163391,0.16632988750934596,nan,0.0,nan,0.0,0
14,140,4716,0.17859848484848484,2560,1.4855853259563445,0.423828125,0.7983858644962311,0.8035489588975906,0.289453125,0.42321002185344697,0.5917850732803345,0.03137257695198059,0.04212668221443892,0.7095863342285156,0.8048425257205963,0.006456661224365279,0.16632988750934596,nan,0.0,nan,0.0,0
14,160,4736,0.1793560606060606,2560,1.515265202522278,0.42578125,0.807560357451439,0.8070375025272369,0.276953125,0.43790275007486346,0.5923125147819519,0.03137257695198059,0.04799482971429825,0.7242858082056045,0.8048425257205963,-0.0027178317308426125,0.16632988750934596,nan,0.0,nan,0.0,0
14,180,4756,0.18011363636363636,2560,1.5037461400032044,0.4296875,0.7975387036800384,0.7968382716178894,0.262890625,0.41211713999509814,0.5934842646121978,0.03137257695198059,0.04082642421126366,0.7068267554044724,0.8048425257205963,0.007303822040557906,0.16632988750934596,nan,0.0,nan,0.0,0
14,200,4776,0.18087121212121213,2560,1.4855318188667297,0.433203125,0.7927887946367264,0.8016135066747665,0.280078125,0.4250889852643013,0.5887099146842957,0.03137257695198059,0.044911194033920764,0.7165047138929367,0.8003005027770996,0.007511708140373274,0.16632988750934596,nan,0.0,nan,0.0,0
14,220,4796,0.1816287878787879,2560,1.4685533702373506,0.43984375,0.8020030111074448,0.8004773646593094,0.275,0.4320099353790283,0.5927201777696609,0.03137257695198059,0.04451994858682155,0.7169714331626892,0.7983858644962311,-0.0036171466112137063,0.16632988750934596,nan,0.0,nan,0.0,0
14,240,4816,0.18238636363636365,2560,1.5190973043441773,0.426953125,0.8055088371038437,0.8025357812643051,0.283984375,0.4391374126076698,0.5911364465951919,0.03137257695198059,0.04136983901262283,0.7083688288927078,0.7983858644962311,-0.007122972607612632,0.16632988750934596,nan,0.0,nan,0.0,0
14,260,4836,0.18314393939393941,2560,1.4802880465984345,0.438671875,0.800411918759346,0.8022283136844635,0.26171875,0.4120299771428108,0.5975998103618622,0.03137257695198059,0.04224775899201631,0.7100773453712463,0.8020030111074448,0.0015910923480987327,0.16632988750934596,nan,0.0,nan,0.0,0
14,280,4856,0.18390151515151518,2560,1.4832509756088257,0.43359375,0.8118439674377441,0.8068316340446472,0.278515625,0.42414863109588624,0.5956189602613449,0.03137257695198059,0.044433271139860155,0.7134611696004868,0.800411918759346,-0.011432048678398088,0.16632988750934596,nan,0.0,nan,0.0,0
14,300,4876,0.18465909090909094,2560,1.478296810388565,0.43671875,0.8168590664863586,0.805993041396141,0.27421875,0.41471468955278395,0.59240063726902,0.03137257695198059,0.04049049094319344,0.707453829050064,0.8020030111074448,-0.01485605537891388,0.16632988750934596,nan,0.0,nan,0.0,0
14,320,4896,0.18541666666666667,2560,1.48321635723114,0.43046875,0.8023712664842606,0.8035370022058487,0.2828125,0.42968310713768004,0.5920974969863891,0.03137257695198059,0.040966016426682475,0.7067118376493454,0.8055088371038437,0.0031375706195830855,0.16632988750934596,nan,0.0,nan,0.0,0
14,340,4916,0.18617424242424244,2560,1.482206004858017,0.428515625,0.790185597538948,0.8017515957355499,0.285546875,0.427521912753582,0.6006598323583603,0.03137257695198059,0.041452822275459766,0.7077918410301208,0.8055088371038437,0.015323239564895674,0.16632988750934596,nan,0.0,nan,0.0,0
14,352,4928,0.1866287878787879,1480,1.4443385188643996,0.4371621616788813,0.814918210055377,0.8073831822421099,0.2810810817254556,0.409075120655266,0.5917997492326272,0.03137257695198059,0.04280027996849369,0.7130991394455368,0.8023712664842606,-0.012546943571116409,0.16632988750934596,nan,0.0,nan,0.0,0
15,20,4948,0.18738636363636363,2560,1.45241659283638,0.456640625,0.8103051334619522,0.8083263605833053,0.248828125,0.4263564690947533,0.5923441737890244,0.03137257695198059,0.04497207701206207,0.716618824005127,0.8118439674377441,0.001538833975791909,0.16632988750934596,nan,0.0,nan,0.0,0
15,40,4968,0.1881439393939394,2560,1.4767685651779174,0.42421875,0.806503078341484,0.8022080928087234,0.295703125,0.43140534311532974,0.5892813533544541,0.03137257695198059,0.044953652657568455,0.7156338632106781,0.8103051334619522,0.003802055120468162,0.16632988750934596,nan,0.0,nan,0.0,0
15,60,4988,0.18890151515151515,2560,1.489965206384659,0.423046875,0.7797890543937683,0.7935011744499206,0.291015625,0.4414959952235222,0.5920503199100494,0.03137257695198059,0.042495846003293994,0.7114160537719727,0.806503078341484,0.026714023947715715,0.16632988750934596,nan,0.0,nan,0.0,0
15,80,5008,0.18965909090909092,2560,1.4820326566696167,0.43125,0.8011855930089951,0.8060487240552903,0.276171875,0.4159399628639221,0.5900074183940888,0.03137257695198059,0.04183412510901689,0.7088376551866531,0.806503078341484,0.0053174853324889915,0.16632988750934596,nan,0.0,nan,0.0,0
15,100,5028,0.19041666666666668,2560,1.4669572234153747,0.4484375,0.7926262468099594,0.8053750544786453,0.269140625,0.4301233127713203,0.5934534966945648,0.03137257695198059,0.04134846571832895,0.7079344809055328,0.806503078341484,0.013876831531524636,0.16632988750934596,nan,0.0,nan,0.0,0
15,120,5048,0.1911742424242424,2560,1.4704165518283845,0.44140625,0.7967090457677841,0.7984099209308624,0.27109375,0.4303935870528221,0.5963817775249481,0.03137257695198059,0.04079858735203743,0.7059723407030105,0.8011855930089951,0.0044765472412109375,0.16632988750934596,nan,0.0,nan,0.0,0
15,140,5068,0.1919318181818182,2560,1.459848564863205,0.453515625,0.7922741711139679,0.79659184217453,0.271484375,0.4282234475016594,0.5917769253253937,0.03137257695198059,0.04310332220047712,0.7127118706703186,0.7967090457677841,0.004434874653816201,0.16632988750934596,nan,0.0,nan,0.0,0
15,160,5088,0.19268939393939397,2560,1.5072497725486755,0.42109375,0.795114055275917,0.7969939142465592,0.27734375,0.4402265101671219,0.5933663874864579,0.03137257695198059,0.03814927451312542,0.6999737232923507,0.7926262468099594,-0.0024878084659576416,0.16632988750934596,nan,0.0,nan,0.0,0
15,180,5108,0.19344696969696973,2560,1.4883883357048036,0.428515625,0.8000466406345368,0.8006982326507568,0.28046875,0.4218393638730049,0.5907226830720902,0.03137257695198059,0.04198809862136841,0.709136837720871,0.795114055275917,-0.004932585358619734,0.16632988750934596,nan,0.0,nan,0.0,0
15,200,5128,0.19420454545454546,2560,1.4841915667057037,0.43125,0.7963644981384277,0.7984089106321335,0.263671875,0.42093706876039505,0.5924836695194244,0.03137257695198059,0.042134997248649594,0.7096381723880768,0.795114055275917,-0.0012504428625106367,0.16632988750934596,nan,0.0,nan,0.0,0
15,220,5148,0.19496212121212123,2560,1.4756166279315948,0.434765625,0.8014458686113357,0.8036349177360534,0.27890625,0.4163407921791077,0.5906869411468506,0.03137257695198059,0.04228190239518881,0.7099254131317139,0.7963644981384277,-0.00508137047290802,0.16632988750934596,nan,0.0,nan,0.0,0
15,240,5168,0.195719696969697,2560,1.4657796025276184,0.43515625,0.7920140862464905,0.8025692254304886,0.284765625,0.43398846834897997,0.590277373790741,0.03137257695198059,0.043058284744620326,0.7143835633993149,0.7963644981384277,0.004350411891937189,0.16632988750934596,nan,0.0,nan,0.0,0
15,260,5188,0.19647727272727275,2560,1.5512921571731568,0.407421875,0.8129372954368591,0.8090856105089188,0.2828125,0.42830116748809816,0.5966823816299438,0.03137257695198059,0.044827965274453166,0.7164106637239456,0.7963644981384277,-0.01657279729843142,0.16632988750934596,nan,0.0,nan,0.0,0
15,280,5208,0.1972348484848485,2560,1.4849819839000702,0.432421875,0.8070488959550858,0.8039122462272644,0.283203125,0.4335292086005211,0.5932970911264419,0.03137257695198059,0.04447314981371164,0.7161598414182663,0.8000466406345368,-0.007002255320548989,0.16632988750934596,nan,0.0,nan,0.0,0
15,300,5228,0.19799242424242425,2560,1.4505378007888794,0.446875,0.8027047634124755,0.8082742184400559,0.280078125,0.4362067997455597,0.5934897303581238,0.03137257695198059,0.04387941733002663,0.7150003284215927,0.8014458686113357,-0.0012588948011398315,0.16632988750934596,nan,0.0,nan,0.0,0
15,320,5248,0.19875,2560,1.4787354350090027,0.449609375,0.7918096721172333,0.7999557673931121,0.28046875,0.42918053567409514,0.5907781213521958,0.03137257695198059,0.04264391511678696,0.7121130257844925,0.8027047634124755,0.010895091295242243,0.16632988750934596,nan,0.0,nan,0.0,0
15,340,5268,0.19950757575757577,2560,1.4650287806987763,0.4484375,0.7916583389043808,0.7950902432203293,0.28125,0.43256591111421583,0.596614095568657,0.03137257695198059,0.0435509879142046,0.7149419784545898,0.8027047634124755,0.011046424508094788,0.16632988750934596,nan,0.0,nan,0.0,0
15,352,5280,0.1999621212121212,1480,1.4922050108780731,0.41283783783783784,0.8013614487003635,0.7984306983045629,0.30067567543403523,0.4271954391453717,0.597502520922068,0.031372576770750255,0.04153268750052194,0.7095997887688714,0.8027047634124755,0.0013433147121120204,0.16632988750934596,nan,0.0,nan,0.0,0
16,20,5300,0.19928030303030303,2560,1.4544409155845641,0.437109375,0.7980585604906082,0.8004404842853546,0.268359375,0.4418674573302269,0.5914446741342545,0.03137257695198059,0.0446195837110281,0.7157879889011383,0.8013614487003635,0.003302888209755328,0.16632988750934596,nan,0.0,nan,0.0,0
16,40,5320,0.1985227272727273,2560,1.5226911544799804,0.425390625,0.8064600020647049,0.8064992457628251,0.269140625,0.4257454752922058,0.591682705283165,0.03137257695198059,0.04396438878029585,0.7155233323574066,0.7980585604906082,-0.008401441574096724,0.16632988750934596,nan,0.0,nan,0.0,0
16,60,5340,0.1977651515151515,2560,1.4534115672111512,0.443359375,0.8029366970062256,0.8046947717666626,0.290625,0.43954388201236727,0.5948284327983856,0.03137257695198059,0.045544434897601606,0.7187625974416733,0.7980585604906082,-0.004878136515617415,0.16632988750934596,nan,0.0,nan,0.0,0
16,80,5360,0.19700757575757577,2560,1.5079571604728699,0.42578125,0.8031489610671997,0.8053778499364853,0.277734375,0.43270789086818695,0.5943638026714325,0.03137257695198059,0.04404736552387476,0.7144457519054412,0.8013614487003635,-0.0017875123668361637,0.16632988750934596,nan,0.0,nan,0.0,0
16,100,5380,0.19625,2560,1.4946236908435822,0.43515625,0.8039393723011017,0.805490642786026,0.26953125,0.4210642144083977,0.5955074518918991,0.03137257695198059,0.04243042375892401,0.7138265669345856,0.8029366970062256,-0.0010026752948760764,0.16632988750934596,nan,0.0,nan,0.0,0
16,120,5400,0.19549242424242427,2560,1.4726482450962066,0.425,0.8029220402240753,0.805368447303772,0.273828125,0.4194359228014946,0.592970809340477,0.03137257695198059,0.04321652743965387,0.7123567789793015,0.8031489610671997,0.00022692084312436744,0.16632988750934596,nan,0.0,nan,0.0,0
16,140,5420,0.19473484848484848,2560,1.4779381453990936,0.4453125,0.8079636722803116,0.8069301813840866,0.273046875,0.4308103144168854,0.5894874811172486,0.03137257695198059,0.04222412370145321,0.7107230395078659,0.8031489610671997,-0.004814711213111944,0.16632988750934596,nan,0.0,nan,0.0,0
16,160,5440,0.19397727272727275,2560,1.490403801202774,0.419140625,0.7944820344448089,0.7973240077495575,0.2734375,0.4202580273151398,0.5959358364343643,0.03137257695198059,0.0432532561942935,0.7133732616901398,0.8031489610671997,0.00866692662239077,0.16632988750934596,nan,0.0,nan,0.0,0
16,180,5460,0.19321969696969699,2560,1.481359589099884,0.4375,0.7958128690719605,0.8051980555057525,0.268359375,0.41150000393390657,0.590215191245079,0.03137257695198059,0.04324073735624552,0.7145423740148544,0.8031489610671997,0.007336091995239213,0.16632988750934596,nan,0.0,nan,0.0,0
16,200,5480,0.19246212121212125,2560,1.4932011902332305,0.419921875,0.7905181586742401,0.796057403087616,0.293359375,0.4479790240526199,0.5919534265995026,0.03137257695198059,0.04305553399026394,0.714024206995964,0.8029220402240753,0.012403881549835183,0.16632988750934596,nan,0.0,nan,0.0,0
16,220,5500,0.19170454545454546,2560,1.5096193373203277,0.432421875,0.8053823471069336,0.8044782221317291,0.270703125,0.41284149438142775,0.5934601038694381,0.03137257695198059,0.03955088723450899,0.7038558185100555,0.7958128690719605,-0.0095694780349731,0.16632988750934596,nan,0.0,nan,0.0,0
16,240,5520,0.19094696969696973,2560,1.4583150804042817,0.440625,0.8026169568300248,0.7993305414915085,0.283203125,0.43530422300100324,0.5929620325565338,0.03137257695198059,0.042533149011433125,0.7113595098257065,0.7958128690719605,-0.006804087758064292,0.16632988750934596,nan,0.0,nan,0.0,0
16,260,5540,0.19018939393939394,2560,1.4887545824050903,0.433203125,0.8029672294855118,0.8067145198583603,0.275390625,0.4248136535286903,0.5913285732269287,0.03137257695198059,0.0411221357062459,0.7080378562211991,0.7958128690719605,-0.007154360413551331,0.16632988750934596,nan,0.0,nan,0.0,0
16,280,5560,0.1894318181818182,2560,1.497001576423645,0.44140625,0.79013232588768,0.7898535609245301,0.281640625,0.44191619008779526,0.5904762446880341,0.03137257695198059,0.044503916054964066,0.7165688812732697,0.8026169568300248,0.012484630942344754,0.16632988750934596,nan,0.0,nan,0.0,0
16,300,5580,0.18867424242424244,2560,1.4663384139537812,0.45078125,0.800488892197609,0.8066737025976181,0.264453125,0.4298113152384758,0.5958030939102172,0.03137257695198059,0.039781073853373525,0.703863087296486,0.8026169568300248,0.0021280646324157715,0.16632988750934596,nan,0.0,nan,0.0,0
16,320,5600,0.1879166666666667,2560,1.4604134917259217,0.455859375,0.7838808774948121,0.799543023109436,0.2578125,0.42970665395259855,0.5921658992767334,0.03137257695198059,0.03906772751361132,0.7031472325325012,0.8026169568300248,0.018736079335212708,0.16632988750934596,nan,0.0,nan,0.0,0
16,340,5620,0.1871590909090909,2560,1.4974474966526032,0.420703125,0.7813125252723694,0.7946045100688934,0.31015625,0.44654760658741,0.592186376452446,0.03137257695198059,0.03953701052814722,0.7046924740076065,0.800488892197609,0.019176366925239607,0.16632988750934596,nan,0.0,nan,0.0,0
16,352,5632,0.18670454545454548,1480,1.4664599057790395,0.43783783799893145,0.8094028824084514,0.8091000837248725,0.28310810794701446,0.41544308855726914,0.5916361122517972,0.031372576770750255,0.03964929216214128,0.7055101658846881,0.79013232588768,-0.019270556520771365,0.16632988750934596,nan,0.0,nan,0.0,0
17,20,5652,0.1859469696969697,2560,1.431321281194687,0.439453125,0.7890192478895187,0.7940764278173447,0.29921875,0.43115655779838563,0.5925731837749482,0.03137257695198059,0.04104285836219788,0.7068306833505631,0.79013232588768,0.0011130779981612937,0.16632988750934596,nan,0.0,nan,0.0,0
17,40,5672,0.18518939393939396,2560,1.4607354283332825,0.43828125,0.7956738233566284,0.797915917634964,0.2859375,0.4499437019228935,0.5854998499155044,0.03137257695198059,0.046166293509304526,0.720448088645935,0.7890192478895187,-0.00665457546710968,0.16632988750934596,nan,0.0,nan,0.0,0
17,60,5692,0.1844318181818182,2560,1.465656965970993,0.440234375,0.8045271635055542,0.8006792932748794,0.267578125,0.4062717631459236,0.5911243587732316,0.03137257695198059,0.04117953795939684,0.7086510717868805,0.7890192478895187,-0.015507915616035484,0.16632988750934596,nan,0.0,nan,0.0,0
17,80,5712,0.18367424242424246,2560,1.4517351627349853,0.437890625,0.7918456733226776,0.7995596677064896,0.29375,0.44570985436439514,0.5923449397087097,0.03137257695198059,0.04351039007306099,0.7131120920181274,0.7956738233566284,0.0038281500339507613,0.16632988750934596,nan,0.0,nan,0.0,0
17,100,5732,0.18291666666666667,2560,1.464965969324112,0.44140625,0.7871467024087906,0.7974629878997803,0.28125,0.4436981812119484,0.5896204799413681,0.03137257695198059,0.04185894392430782,0.7096936821937561,0.7956738233566284,0.008527120947837807,0.16632988750934596,nan,0.0,nan,0.0,0
17,120,5752,0.18215909090909094,2560,1.4468791902065277,0.445703125,0.8025239825248718,0.7999903529882431,0.2796875,0.4349238365888596,0.5954020410776139,0.03137257695198059,0.04171289186924696,0.7055038839578629,0.7918456733226776,-0.010678309202194147,0.16632988750934596,nan,0.0,nan,0.0,0
17,140,5772,0.18140151515151515,2560,1.4327567517757416,0.461328125,0.7755942225456238,0.7902583122253418,0.278125,0.43881162703037263,0.5935169368982315,0.03137257695198059,0.03852218482643366,0.7008884638547898,0.7956738233566284,0.020079600811004572,0.16632988750934596,nan,0.0,nan,0.0,0
17,160,5792,0.1806439393939394,2560,1.4612352311611176,0.455859375,0.7920923113822937,0.79415183365345,0.26328125,0.43355741649866103,0.5937067896127701,0.03137257695198059,0.04231011364609003,0.712080380320549,0.7918456733226776,-0.00024663805961611107,0.16632988750934596,nan,0.0,nan,0.0,0
17,180,5812,0.17988636363636365,2560,1.4289549112319946,0.453125,0.7884107619524002,0.797508391737938,0.2828125,0.4428284913301468,0.5925871759653092,0.03137257695198059,0.04017447382211685,0.7054428368806839,0.7918456733226776,0.003434911370277405,0.16632988750934596,nan,0.0,nan,0.0,0
17,200,5832,0.17912878787878792,2560,1.4478533208370208,0.45234375,0.7977942258119584,0.8019077509641648,0.280078125,0.4316656827926636,0.5916130304336548,0.03137257695198059,0.041128048300743104,0.7093207448720932,0.7884107619524002,-0.009383463859558128,0.16632988750934596,nan,0.0,nan,0.0,0
17,220,5852,0.17837121212121212,2560,1.4289013862609863,0.45078125,0.7850239306688309,0.7853926509618759,0.273828125,0.44724361002445223,0.5960916101932525,0.03137257695198059,0.03998153191059828,0.7044192343950272,0.7920923113822937,0.00706838071346283,0.16632988750934596,nan,0.0,nan,0.0,0
17,240,5872,0.1776136363636364,2560,1.437636023759842,0.45,0.7926465183496475,0.7963506311178208,0.28828125,0.4312069743871689,0.5897829949855804,0.03137257695198059,0.039443412236869334,0.7050238609313965,0.7884107619524002,-0.00423575639724727,0.16632988750934596,nan,0.0,nan,0.0,0
17,260,5892,0.17685606060606063,2560,1.4387771368026734,0.460546875,0.7761312663555145,0.7910441219806671,0.276171875,0.443209271132946,0.5899409174919128,0.03137257695198059,0.04201426636427641,0.710310024023056,0.7920923113822937,0.015961045026779197,0.16632988750934596,nan,0.0,nan,0.0,0
17,280,5912,0.17609848484848484,2560,1.4419198393821717,0.446875,0.7944096475839615,0.8018947839736938,0.2703125,0.41733800768852236,0.5907041132450104,0.03137257695198059,0.04267462100833654,0.7113528698682785,0.7884107619524002,-0.005998885631561257,0.16632988750934596,nan,0.0,nan,0.0,0
17,300,5932,0.1753409090909091,2560,1.4389702796936035,0.443359375,0.775659704208374,0.7910979092121124,0.298828125,0.43425301015377044,0.5889813929796219,0.03137257695198059,0.04287922382354736,0.710976830124855,0.7926465183496475,0.016986814141273454,0.16632988750934596,nan,0.0,nan,0.0,0
17,320,5952,0.1745833333333333,2560,1.4628031194210052,0.455859375,0.7850015848875046,0.7902928829193115,0.282421875,0.43692451268434523,0.5872615993022918,0.03137257695198059,0.03974786084145308,0.7026290565729141,0.7850239306688309,2.234578132631615e-05,0.16632988750934596,nan,0.0,nan,0.0,0
17,340,5972,0.17382575757575758,2560,1.4672374486923219,0.45,0.7924112915992737,0.800175878405571,0.27421875,0.4272880718111992,0.5887664943933487,0.03137257695198059,0.04063486605882645,0.7079042196273804,0.7850015848875046,-0.007409706711769104,0.16632988750934596,nan,0.0,nan,0.0,0
17,352,5984,0.17337121212121215,1480,1.4561724604787054,0.4371621623232558,0.7882619925447413,0.7969044968888567,0.28243243291571335,0.4420947637106921,0.5915265788903108,0.03137257695198059,0.044173670096977334,0.715558314001238,0.7850015848875046,-0.0032604076572366747,0.16632988750934596,nan,0.0,nan,0.0,0
18,20,6004,0.17261363636363636,2560,1.4158248603343964,0.458203125,0.7864621549844741,0.7964345455169678,0.2828125,0.4372645229101181,0.585565584897995,0.03137257695198059,0.04030399601906538,0.70549855530262,0.7882619925447413,0.0017998375602671368,0.16632988750934596,nan,0.0,nan,0.0,0
18,40,6024,0.17185606060606062,2560,1.4408450663089751,0.440625,0.7661122649908065,0.7870934993028641,0.2921875,0.453138542175293,0.5921419978141784,0.03137257695198059,0.041679215617477894,0.7100276291370392,0.7864621549844741,0.020349889993667603,0.16632988750934596,nan,0.0,nan,0.0,0
18,60,6044,0.17109848484848486,2560,1.4254984915256501,0.456640625,0.7812214642763138,0.7930381953716278,0.291015625,0.429634165763855,0.5901345759630203,0.03137257695198059,0.040541619248688224,0.7064584642648697,0.7864621549844741,0.005240690708160356,0.16632988750934596,nan,0.0,nan,0.0,0
18,80,6064,0.17034090909090913,2560,1.4165016770362855,0.46875,0.7801719158887863,0.7881275385618209,0.266015625,0.44269092828035356,0.58878353536129,0.03137257695198059,0.04158731754869223,0.7087507724761963,0.7864621549844741,0.006290239095687822,0.16632988750934596,nan,0.0,nan,0.0,0
18,100,6084,0.16958333333333334,2560,1.4458551347255706,0.438671875,0.7842723697423934,0.7911501795053482,0.29296875,0.44106892347335813,0.5931137263774872,0.03137257695198059,0.0389142332598567,0.7021301031112671,0.7812214642763138,-0.0030509054660796675,0.16632988750934596,nan,0.0,nan,0.0,0
18,120,6104,0.1688257575757576,2560,1.4215873599052429,0.455078125,0.792850860953331,0.7965494990348816,0.273828125,0.44290093779563905,0.5943802088499069,0.03137257695198059,0.03982350639998913,0.7057003825902939,0.7812214642763138,-0.011629396677017234,0.16632988750934596,nan,0.0,nan,0.0,0
18,140,6124,0.16806818181818184,2560,1.419872772693634,0.452734375,0.7898628562688828,0.7965053766965866,0.273828125,0.44264145344495776,0.5842224299907685,0.03137257695198059,0.03870347775518894,0.7032838255167008,0.7812214642763138,-0.00864139199256897,0.16632988750934596,nan,0.0,nan,0.0,0
18,160,6144,0.1673106060606061,2560,1.3710731089115142,0.46640625,0.779982715845108,0.7901408016681671,0.290625,0.4290659576654434,0.5888135492801666,0.03137257695198059,0.04068463854491711,0.7084001272916793,0.7842723697423934,0.004289653897285417,0.16632988750934596,nan,0.0,nan,0.0,0
18,180,6164,0.1665530303030303,2560,1.3958702623844146,0.45859375,0.7774357557296753,0.7886177271604538,0.289453125,0.46659362614154815,0.5923647731542587,0.03137257695198059,0.0399467121809721,0.7059896647930145,0.7842723697423934,0.0068366140127181785,0.16632988750934596,nan,0.0,nan,0.0,0
18,200,6184,0.16579545454545452,2560,1.459874439239502,0.430078125,0.7917637765407562,0.7940225183963776,0.30546875,0.4307801425457001,0.5922067195177079,0.03137257695198059,0.039172567427158356,0.7041125237941742,0.7842723697423934,-0.0074914067983627985,0.16632988750934596,nan,0.0,nan,0.0,0
18,220,6204,0.1650378787878788,2560,1.4542516052722931,0.44765625,0.7935753762722015,0.8036964654922485,0.284375,0.4289387285709381,0.5918735712766647,0.03137257695198059,0.040180394798517226,0.7059107184410095,0.7898628562688828,-0.0037125200033187866,0.16632988750934596,nan,0.0,nan,0.0,0
18,240,6224,0.16428030303030303,2560,1.417078250646591,0.45546875,0.7915057629346848,0.793974193930626,0.27578125,0.42326293140649796,0.6004645228385925,0.03137257695198059,0.03899595234543085,0.7034300655126572,0.7898628562688828,-0.0016429066658020242,0.16632988750934596,nan,0.0,nan,0.0,0
18,260,6244,0.1635227272727273,2560,1.4267627000808716,0.4546875,0.7830232352018356,0.8007735162973404,0.2828125,0.4451959148049355,0.5890676021575928,0.03137257695198059,0.03729230687022209,0.6968031287193298,0.7915057629346848,0.008482527732849188,0.16632988750934596,nan,0.0,nan,0.0,0
18,280,6264,0.1627651515151515,2560,1.4143743455410003,0.462109375,0.7799149751663208,0.7899020075798034,0.278125,0.4315310776233673,0.5927208155393601,0.03137257695198059,0.039620253071188924,0.7039822548627853,0.7915057629346848,0.011590787768363975,0.16632988750934596,nan,0.0,nan,0.0,0
18,300,6284,0.16200757575757577,2560,1.42907013297081,0.455859375,0.7861039847135544,0.7910000026226044,0.28515625,0.45433542132377625,0.5929763972759247,0.03137257695198059,0.04074471890926361,0.7069547265768051,0.7915057629346848,0.0054017782211304155,0.16632988750934596,nan,0.0,nan,0.0,0
18,320,6304,0.16125,2560,1.4404100120067596,0.4515625,0.7720981776714325,0.78888920545578,0.2765625,0.4373010367155075,0.5906374871730804,0.03137257695198059,0.03963145688176155,0.7042481541633606,0.7861039847135544,0.014005807042121843,0.16632988750934596,nan,0.0,nan,0.0,0
18,340,6324,0.16049242424242427,2560,1.4444691121578217,0.4421875,0.771146085858345,0.791427630186081,0.2796875,0.4359789565205574,0.5825274348258972,0.03137257695198059,0.03972944654524326,0.7038417667150497,0.7830232352018356,0.0118771493434906,0.16632988750934596,nan,0.0,nan,0.0,0
18,352,6336,0.1600378787878788,1480,1.361989086383098,0.48513513561841604,0.7787216914666666,0.7933492715294297,0.24999999951671908,0.3942015066340163,0.5881708499547598,0.03137257695198059,0.03816055288991413,0.699051963638615,0.7799149751663208,0.0011932836996542129,0.16632988750934596,nan,0.0,nan,0.0,0
19,20,6356,0.15928030303030305,2560,1.4180802583694458,0.4625,0.7740999460220337,0.791493758559227,0.28203125,0.4528902545571327,0.5889639735221863,0.03137257695198059,0.042192450165748595,0.7113545626401901,0.7787216914666666,0.0046217454446328965,0.16632988750934596,nan,0.0,nan,0.0,0
19,40,6376,0.15852272727272732,2560,1.391278225183487,0.470703125,0.7742352932691574,0.7862490564584732,0.276953125,0.437514229118824,0.5899699121713639,0.03137257695198059,0.039961107075214386,0.7063636094331741,0.7740999460220337,-0.00013534724712371826,0.16632988750934596,nan,0.0,nan,0.0,0
19,60,6396,0.15776515151515152,2560,1.4396180868148805,0.448046875,0.7764222800731659,0.7900221735239029,0.2828125,0.4464327499270439,0.5886184871196747,0.03137257695198059,0.038831681571900846,0.7016297936439514,0.7740999460220337,-0.0023223340511322466,0.16632988750934596,nan,0.0,nan,0.0,0
19,80,6416,0.1570075757575758,2560,1.407796186208725,0.4484375,0.777405372262001,0.7899417996406555,0.284765625,0.43323761522769927,0.5951189815998077,0.03137257695198059,0.03880011178553104,0.7014393866062164,0.7742352932691574,-0.0031700789928436057,0.16632988750934596,nan,0.0,nan,0.0,0
19,100,6436,0.15625,2560,1.3921842694282531,0.46875,0.7784456580877304,0.7889825344085694,0.291015625,0.44425949454307556,0.5897178888320923,0.03137257695198059,0.039721780084073545,0.7050188392400741,0.7764222800731659,-0.0020233780145644253,0.16632988750934596,nan,0.0,nan,0.0,0
19,120,6456,0.15549242424242424,2560,1.4766501486301422,0.425,0.7899813264608383,0.7965730220079422,0.2875,0.44112198799848557,0.593875777721405,0.03137257695198059,0.04323087390512228,0.7140901923179627,0.7764222800731659,-0.013559046387672358,0.16632988750934596,nan,0.0,nan,0.0,0
19,140,6476,0.1547348484848485,2560,1.4232365787029266,0.44765625,0.7906073719263077,0.8009922236204148,0.283203125,0.4095799967646599,0.5938596278429031,0.03137257695198059,0.03979419562965632,0.7039073973894119,0.777405372262001,-0.013201999664306685,0.16632988750934596,nan,0.0,nan,0.0,0
19,160,6496,0.1539772727272727,2560,1.408574539422989,0.4671875,0.7774943172931671,0.7918177485466004,0.27578125,0.45484228283166883,0.5893300563097,0.03137257695198059,0.038927060179412366,0.7024270981550217,0.7784456580877304,0.0009513407945632713,0.16632988750934596,nan,0.0,nan,0.0,0
19,180,6516,0.15321969696969698,2560,1.411525809764862,0.468359375,0.7832206815481186,0.7915479242801666,0.270703125,0.4404028430581093,0.5950835168361663,0.03137257695198059,0.038095501251518726,0.7019290000200271,0.7784456580877304,-0.004775023460388272,0.16632988750934596,nan,0.0,nan,0.0,0
19,200,6536,0.15246212121212122,2560,1.416820216178894,0.45859375,0.7702813923358918,0.7843352168798446,0.274609375,0.43817820996046064,0.5908404260873794,0.03137257695198059,0.03887396026402712,0.7016759663820267,0.7832206815481186,0.012939289212226868,0.16632988750934596,nan,0.0,nan,0.0,0
19,220,6556,0.15170454545454548,2560,1.4280359983444213,0.454296875,0.7802848398685456,0.7925046503543853,0.28671875,0.45376817882061005,0.5893426388502121,0.03137257695198059,0.038363467529416086,0.7012526661157608,0.7832206815481186,0.002935841679573059,0.16632988750934596,nan,0.0,nan,0.0,0
19,240,6576,0.1509469696969697,2560,1.4219860553741455,0.4421875,0.7844654083251953,0.793422469496727,0.291015625,0.4375491842627525,0.5912150263786315,0.03137257695198059,0.038930225744843484,0.7031800895929337,0.7802848398685456,-0.004180568456649714,0.16632988750934596,nan,0.0,nan,0.0,0
19,260,6596,0.15018939393939396,2560,1.3910372734069825,0.476953125,0.7872299164533615,0.7920395106077194,0.255859375,0.42483926862478255,0.5873898983001709,0.03137257695198059,0.037563476338982583,0.6985557734966278,0.7802848398685456,-0.006945076584815912,0.16632988750934596,nan,0.0,nan,0.0,0
19,280,6616,0.14943181818181817,2560,1.3758893191814423,0.479296875,0.7727488875389099,0.7922026544809342,0.27578125,0.43001461327075957,0.5856159389019012,0.03137257695198059,0.039496092684566976,0.7050607621669769,0.7832206815481186,0.010471794009208724,0.16632988750934596,nan,0.0,nan,0.0,0
19,300,6636,0.14867424242424243,2560,1.4132574379444123,0.458984375,0.7824192702770233,0.7907812982797623,0.290234375,0.4618995949625969,0.5966657191514969,0.03137257695198059,0.03867909535765648,0.7014922082424164,0.7802848398685456,-0.0021344304084777166,0.16632988750934596,nan,0.0,nan,0.0,0
19,320,6656,0.14791666666666667,2560,1.3525036990642547,0.4875,0.7707356214523315,0.7884015560150146,0.27421875,0.4338658735156059,0.5928454279899598,0.03137257695198059,0.036530742421746254,0.6959686428308487,0.7824192702770233,0.01168364882469175,0.16632988750934596,nan,0.0,nan,0.0,0
19,340,6676,0.14715909090909093,2560,1.384881454706192,0.466796875,0.7736960500478745,0.7900182247161865,0.2953125,0.4533855333924294,0.5908584803342819,0.03137257695198059,0.03721341472119093,0.6988967388868332,0.7824192702770233,0.008723220229148843,0.16632988750934596,nan,0.0,nan,0.0,0
19,352,6688,0.14670454545454548,1480,1.4527233033566862,0.4405405407016342,0.7779896049886137,0.7872004583075239,0.2885135143189817,0.4623281137363331,0.5915487937025121,0.031372576770750255,0.0381138269764346,0.7018160362501402,0.7736960500478745,-0.0042935549407392415,0.16632988750934596,nan,0.0,nan,0.0,0
20,20,6708,0.14594696969696971,2560,1.3719120800495148,0.470703125,0.7832669019699097,0.788800835609436,0.2921875,0.4244475081562996,0.5921169519424438,0.03137257695198059,0.039030359126627445,0.7037324547767639,0.7736960500478745,-0.009570851922035217,0.16632988750934596,nan,0.0,nan,0.0,0
20,40,6728,0.14518939393939392,2560,1.3480754315853118,0.482421875,0.7759997129440308,0.7880729883909225,0.272265625,0.446045982837677,0.5900077939033508,0.03137257695198059,0.03796616028994322,0.6999280095100403,0.7779896049886137,0.001989892044582886,0.16632988750934596,nan,0.0,nan,0.0,0
20,60,6748,0.1444318181818182,2560,1.4317632794380188,0.452734375,0.7657354682683944,0.7865373104810714,0.278515625,0.464778459072113,0.6023314356803894,0.03137257695198059,0.0393999963067472,0.7043027728796005,0.7759997129440308,0.010264244675636358,0.16632988750934596,nan,0.0,nan,0.0,0
20,80,6768,0.1436742424242424,2560,1.371459722518921,0.469921875,0.7950659096240997,0.790811812877655,0.275390625,0.41469087451696396,0.5913269281387329,0.03137257695198059,0.038219557423144576,0.7008530586957932,0.7759997129440308,-0.019066196680068925,0.16632988750934596,nan,0.0,nan,0.0,0
20,100,6788,0.14291666666666666,2560,1.3699237704277039,0.469140625,0.7873044431209564,0.7928996026515961,0.27578125,0.4516972914338112,0.5893341302871704,0.03137257695198059,0.03762557487934828,0.7001004725694656,0.7779896049886137,-0.009314838132342684,0.16632988750934596,nan,0.0,nan,0.0,0
20,120,6808,0.1421590909090909,2560,1.3881034553050995,0.4546875,0.7588963806629181,0.7826530665159226,0.284375,0.44116442650556564,0.5934473842382431,0.03137257695198059,0.03682550024241209,0.6964181154966355,0.7832669019699097,0.024370521306991577,0.16632988750934596,nan,0.0,nan,0.0,0
20,140,6828,0.14140151515151517,2560,1.399119645357132,0.4546875,0.7615228235721588,0.7844124048948288,0.290625,0.44330198913812635,0.5897068172693253,0.03137257695198059,0.037593367509543896,0.6970811486244202,0.7759997129440308,0.01447688937187197,0.16632988750934596,nan,0.0,nan,0.0,0
20,160,6848,0.14064393939393938,2560,1.3814769566059113,0.474609375,0.7772812128067017,0.7860358119010925,0.281640625,0.4478249862790108,0.592926299571991,0.03137257695198059,0.038655176386237146,0.7017621546983719,0.7657354682683944,-0.011545744538307257,0.16632988750934596,nan,0.0,nan,0.0,0
20,180,6868,0.13988636363636364,2560,1.3843631625175477,0.46953125,0.7816640228033066,0.7891231715679169,0.290625,0.43566592037677765,0.5929845362901688,0.03137257695198059,0.04237978607416153,0.7128141552209855,0.7772812128067017,-0.004382809996604897,0.16632988750934596,nan,0.0,nan,0.0,0
20,200,6888,0.13912878787878788,2560,1.3832508444786071,0.475390625,0.7786936700344086,0.7908138483762741,0.274609375,0.4458243578672409,0.5921717524528504,0.03137257695198059,0.03567178063094616,0.6936245441436768,0.7772812128067017,-0.001412457227706887,0.16632988750934596,nan,0.0,nan,0.0,0
20,220,6908,0.13837121212121214,2560,1.3841968894004821,0.47421875,0.7660833865404129,0.7822984248399735,0.27890625,0.44128590971231463,0.5907684594392777,0.03137257695198059,0.03748863972723484,0.69867644906044,0.7772812128067017,0.011197826266288846,0.16632988750934596,nan,0.0,nan,0.0,0
20,240,6928,0.13761363636363635,2560,1.4079761266708375,0.46796875,0.7699825674295425,0.7825013667345047,0.275,0.4325826182961464,0.5918098628520966,0.03137257695198059,0.03788253143429756,0.6988894432783127,0.7772812128067017,0.007298645377159185,0.16632988750934596,nan,0.0,nan,0.0,0
20,260,6948,0.13685606060606062,2560,1.3550965130329131,0.48671875,0.7662706404924393,0.7860690057277679,0.275390625,0.44695566445589063,0.5889016658067703,0.03137257695198059,0.036304871551692486,0.6949378401041031,0.7772812128067017,0.01101057231426239,0.16632988750934596,nan,0.0,nan,0.0,0
20,280,6968,0.13609848484848483,2560,1.3829856932163238,0.469140625,0.7620535224676133,0.7870468348264694,0.28125,0.45345073044300077,0.5940136164426804,0.03137257695198059,0.03731143679469824,0.6975861489772797,0.7699825674295425,0.007929044961929255,0.16632988750934596,nan,0.0,nan,0.0,0
20,300,6988,0.1353409090909091,2560,1.424482923746109,0.45234375,0.7675273835659027,0.7818654626607895,0.29765625,0.4629285529255867,0.59276684820652,0.03137257695198059,0.03687888942658901,0.6947784155607224,0.7662706404924393,-0.0012567430734633511,0.16632988750934596,nan,0.0,nan,0.0,0
20,320,7008,0.13458333333333333,2560,1.3978592574596405,0.464453125,0.7738157600164414,0.7897145807743072,0.282421875,0.43182575404644014,0.5862453669309616,0.03137257695198059,0.04071666672825813,0.7068517237901688,0.7662706404924393,-0.007545119524002053,0.16632988750934596,nan,0.0,nan,0.0,0
20,340,7028,0.1338257575757576,2560,1.3782660007476806,0.4890625,0.7743579238653183,0.7856599390506744,0.26640625,0.44122643917799,0.5924832850694657,0.03137257695198059,0.037445259280502796,0.6983785510063172,0.7675273835659027,-0.006830540299415655,0.16632988750934596,nan,0.0,nan,0.0,0
20,352,7040,0.1333712121212121,1480,1.3486438396814706,0.47770270286379635,0.7677621029518746,0.7835152423059618,0.2871621629676303,0.42701209622460445,0.5908025142308828,0.031372576770750255,0.03934937065114846,0.7024048953442961,0.7675273835659027,-0.00023471938597197095,0.16632988750934596,nan,0.0,nan,0.0,0
21,20,7060,0.13261363636363638,2560,1.3533823251724244,0.48125,0.7576041996479035,0.7813961297273636,0.274609375,0.44037956595420835,0.5898829370737075,0.03137257695198059,0.03774668965488672,0.6995288580656052,0.7677621029518746,0.01015790330397115,0.16632988750934596,nan,0.0,nan,0.0,0
21,40,7080,0.1318560606060606,2560,1.3231250047683716,0.47734375,0.7544476896524429,0.7826931178569794,0.287890625,0.45218587964773177,0.5967396020889282,0.03137257695198059,0.038823730871081354,0.7023623824119568,0.7677621029518746,0.013314413299431727,0.16632988750934596,nan,0.0,nan,0.0,0
21,60,7100,0.13109848484848485,2560,1.3374041497707367,0.485546875,0.7493125051259995,0.779364800453186,0.271875,0.43474364280700684,0.5898311793804168,0.03137257695198059,0.03736399319022894,0.6989180952310562,0.7677621029518746,0.018449597825875186,0.16632988750934596,nan,0.0,nan,0.0,0
21,80,7120,0.1303409090909091,2560,1.3313779473304748,0.489453125,0.7530055671930314,0.784131646156311,0.284765625,0.4444105625152588,0.5923974603414536,0.03137257695198059,0.03830939326435327,0.70073421895504,0.7576041996479035,0.004598632454872131,0.16632988750934596,nan,0.0,nan,0.0,0
21,100,7140,0.12958333333333336,2560,1.3633663058280945,0.4734375,0.774798008799553,0.7867706537246704,0.27890625,0.44584906548261644,0.5910109460353852,0.03137257695198059,0.03876979723572731,0.7002943009138107,0.7544476896524429,-0.020350319147110052,0.16632988750934596,nan,0.0,nan,0.0,0
21,120,7160,0.12882575757575757,2560,1.3675407111644744,0.472265625,0.7726368069648742,0.7902435481548309,0.279296875,0.43455586582422256,0.5966274440288544,0.03137257695198059,0.03757890351116657,0.6998245775699615,0.7544476896524429,-0.018189117312431335,0.16632988750934596,nan,0.0,nan,0.0,0
21,140,7180,0.12806818181818183,2560,1.3579566597938537,0.473046875,0.75716273188591,0.7799039453268051,0.2890625,0.4502759426832199,0.5900848627090454,0.03137257695198059,0.03689925279468298,0.6956889808177948,0.7544476896524429,-0.00271504223346708,0.16632988750934596,nan,0.0,nan,0.0,0
21,160,7200,0.12731060606060604,2560,1.3647051513195039,0.47421875,0.7582085400819778,0.7802045315504074,0.276953125,0.45880021154880524,0.5887294918298721,0.03137257695198059,0.039025093987584115,0.703897899389267,0.75716273188591,-0.00104580819606781,0.16632988750934596,nan,0.0,nan,0.0,0
21,180,7220,0.1265530303030303,2560,1.367523294687271,0.47578125,0.7617326498031616,0.7822623133659363,0.270703125,0.4437832057476044,0.5957863092422485,0.03137257695198059,0.035672993119806054,0.6917591959238052,0.7582085400819778,-0.003524109721183777,0.16632988750934596,nan,0.0,nan,0.0,0
21,200,7240,0.12579545454545454,2560,1.3813028454780578,0.466015625,0.7645391523838043,0.7845457911491394,0.282421875,0.4364506617188454,0.5862751185894013,0.03137257695198059,0.03807449974119663,0.6999650835990906,0.7617326498031616,-0.0028065025806427446,0.16632988750934596,nan,0.0,nan,0.0,0
21,220,7260,0.1250378787878788,2560,1.305721527338028,0.5046875,0.7617998331785202,0.7811928004026413,0.281640625,0.4520499989390373,0.5973627954721451,0.03137257695198059,0.03838610574603081,0.702133908867836,0.7617326498031616,-6.718337535860375e-05,0.16632988750934596,nan,0.0,nan,0.0,0
21,240,7280,0.12428030303030302,2560,1.3762693285942078,0.471875,0.7511022001504898,0.7819974482059479,0.277734375,0.4517443165183067,0.5878874659538269,0.03137257695198059,0.03827155288308859,0.7013591587543487,0.7617326498031616,0.010630449652671792,0.16632988750934596,nan,0.0,nan,0.0,0
21,260,7300,0.12352272727272728,2560,1.4007277488708496,0.466796875,0.7585290610790253,0.7818262964487076,0.2765625,0.44770580232143403,0.5892190515995026,0.03137257695198059,0.03932098411023617,0.7048237740993499,0.7617326498031616,0.003203588724136286,0.16632988750934596,nan,0.0,nan,0.0,0
21,280,7320,0.12276515151515151,2560,1.372907543182373,0.470703125,0.7612101763486863,0.7783063471317291,0.287890625,0.4397479474544525,0.5909880489110947,0.03137257695198059,0.038274897076189515,0.7003604173660278,0.7617326498031616,0.000522473454475314,0.16632988750934596,nan,0.0,nan,0.0,0
21,300,7340,0.12200757575757577,2560,1.354846441745758,0.487109375,0.7552423715591431,0.7769793450832367,0.271484375,0.44309555143117907,0.5963424891233444,0.03137257695198059,0.03660746589303017,0.6955251097679138,0.7612101763486863,0.005967804789543174,0.16632988750934596,nan,0.0,nan,0.0,0
21,320,7360,0.12125,2560,1.3528706789016725,0.491015625,0.7619111210107803,0.7837965816259385,0.269921875,0.4372386410832405,0.591948589682579,0.03137257695198059,0.03784631062299013,0.6987377911806106,0.7585290610790253,-0.0033820599317549993,0.16632988750934596,nan,0.0,nan,0.0,0
21,340,7380,0.12049242424242426,2560,1.3493686735630035,0.4828125,0.7595151752233505,0.7866433620452881,0.2796875,0.44007168114185335,0.5910675197839736,0.03137257695198059,0.03537430260330439,0.6912716150283813,0.7585290610790253,-0.0009861141443252563,0.16632988750934596,nan,0.0,nan,0.0,0
21,352,7392,0.12003787878787878,1480,1.3427020794636495,0.4817567564345695,0.7412890930433531,0.7737612782297908,0.2939189192411062,0.4517148327183079,0.5918767268593247,0.03137257695198059,0.03705252064643679,0.6948856099231823,0.7595151752233505,0.018226082179997438,0.16632988750934596,nan,0.0,nan,0.0,0
22,20,7412,0.11928030303030304,2560,1.2980874001979827,0.49375,0.7623225003480911,0.776483553647995,0.2921875,0.4397688418626785,0.5901893883943558,0.03137257695198059,0.03759153820574283,0.6977250397205352,0.7595151752233505,-0.0028073251247405784,0.16632988750934596,nan,0.0,nan,0.0,0
22,40,7432,0.11852272727272727,2560,1.3196580052375793,0.501953125,0.7362245708703995,0.7663224816322327,0.264453125,0.463531593978405,0.5925291955471039,0.03137257695198059,0.040017225034534934,0.7057204812765121,0.7595151752233505,0.02329060435295105,0.16632988750934596,nan,0.0,nan,0.0,0
22,60,7452,0.11776515151515153,2560,1.3345117449760437,0.480078125,0.7638844668865203,0.7784432977437973,0.282421875,0.4496271789073944,0.5865842401981354,0.03137257695198059,0.03807879947125912,0.7005327641963959,0.7595151752233505,-0.004369291663169794,0.16632988750934596,nan,0.0,nan,0.0,0
22,80,7472,0.11700757575757575,2560,1.3026362836360932,0.501953125,0.7568200469017029,0.7759508997201919,0.268359375,0.4480459287762642,0.5895308375358581,0.03137257695198059,0.03590012602508068,0.6929936975240707,0.7595151752233505,0.002695128321647644,0.16632988750934596,nan,0.0,nan,0.0,0
22,100,7492,0.11625000000000002,2560,1.3248713135719299,0.475,0.7618360131978988,0.7840248346328735,0.291015625,0.4560290813446045,0.5943276941776275,0.03137257695198059,0.037184635549783705,0.6980582177639008,0.7568200469017029,-0.0050159662961959395,0.16632988750934596,nan,0.0,nan,0.0,0
22,120,7512,0.11549242424242423,2560,1.373002541065216,0.468359375,0.7618889063596725,0.7827012568712235,0.283203125,0.46182861626148225,0.5900938898324967,0.03137257695198059,0.03837826568633318,0.7021677225828171,0.7618360131978988,-5.2893161773703845e-05,0.16632988750934596,nan,0.0,nan,0.0,0
22,140,7532,0.1147348484848485,2560,1.3521364033222198,0.490234375,0.7560869783163071,0.7778774440288544,0.278125,0.44017293155193327,0.590835976600647,0.03137257695198059,0.036544347554445265,0.6954028308391571,0.7618360131978988,0.00574903488159173,0.16632988750934596,nan,0.0,nan,0.0,0
22,160,7552,0.11397727272727272,2560,1.3438323140144348,0.479296875,0.7530939817428589,0.7807307124137879,0.27265625,0.4382824271917343,0.5881772518157959,0.03137257695198059,0.03627872578799725,0.6964248538017273,0.7618360131978988,0.008742031455039934,0.16632988750934596,nan,0.0,nan,0.0,0
22,180,7572,0.11321969696969698,2560,1.3086236476898194,0.494921875,0.7718395024538041,0.7870183497667312,0.26640625,0.4338757187128067,0.5888149470090867,0.03137257695198059,0.03710571276023984,0.6981924623250961,0.7568200469017029,-0.015019455552101157,0.16632988750934596,nan,0.0,nan,0.0,0
22,200,7592,0.11246212121212121,2560,1.343420547246933,0.468359375,0.742662912607193,0.7689866572618484,0.3,0.45173505395650865,0.5904533594846726,0.03137257695198059,0.0366427019238472,0.695112356543541,0.7618360131978988,0.01917310059070587,0.16632988750934596,nan,0.0,nan,0.0,0
22,220,7612,0.11170454545454547,2560,1.3434466123580933,0.49375,0.7439884305000305,0.779689809679985,0.275390625,0.460683074593544,0.5847755670547485,0.03137257695198059,0.03590092938393354,0.6925526112318039,0.7560869783163071,0.012098547816276617,0.16632988750934596,nan,0.0,nan,0.0,0
22,240,7632,0.1109469696969697,2560,1.3162807166576385,0.49609375,0.7585979700088501,0.7781893610954285,0.2734375,0.44024353474378586,0.5895520746707916,0.03137257695198059,0.0370576050132513,0.6976191163063049,0.7530939817428589,-0.005503988265991189,0.16632988750934596,nan,0.0,nan,0.0,0
22,260,7652,0.11018939393939396,2560,1.3097215950489045,0.50078125,0.7626653641462326,0.7789378046989441,0.274609375,0.4500546917319298,0.5940499842166901,0.03137257695198059,0.036860737949609756,0.6962284654378891,0.7530939817428589,-0.00957138240337374,0.16632988750934596,nan,0.0,nan,0.0,0
22,280,7672,0.10943181818181819,2560,1.334267657995224,0.490234375,0.7330303341150284,0.7718499660491943,0.284765625,0.4637873336672783,0.5874401271343231,0.03137257695198059,0.03735860325396061,0.6986154228448868,0.7585979700088501,0.025567635893821716,0.16632988750934596,nan,0.0,nan,0.0,0
22,300,7692,0.10867424242424245,2560,1.3334502935409547,0.491015625,0.7518446922302247,0.7789727747440338,0.26484375,0.44375734180212023,0.5923047572374344,0.03137257695198059,0.037154277227818965,0.697112214565277,0.7439884305000305,-0.007856261730194158,0.16632988750934596,nan,0.0,nan,0.0,0
22,320,7712,0.10791666666666666,2560,1.312216305732727,0.500390625,0.7586091369390487,0.7757398158311843,0.280078125,0.44501268565654756,0.5949229180812836,0.03137257695198059,0.035893408581614494,0.695236524939537,0.7518446922302247,-0.006764444708824091,0.16632988750934596,nan,0.0,nan,0.0,0
22,340,7732,0.10715909090909093,2560,1.3587810158729554,0.471484375,0.7402723103761673,0.7715707331895828,0.28828125,0.46588244587183,0.5944782465696334,0.03137257695198059,0.03527762303128838,0.6929552555084229,0.7585979700088501,0.018325659632682845,0.16632988750934596,nan,0.0,nan,0.0,0
22,352,7744,0.10670454545454544,1480,1.3456629675787848,0.4790540546984286,0.7656759155763162,0.782216241553023,0.28648648688922057,0.44755991665092676,0.592847356280765,0.03137257695198059,0.035726527487104004,0.6931214712761544,0.7518446922302247,-0.013831223346091548,0.16632988750934596,nan,0.0,nan,0.0,0
23,20,7764,0.1059469696969697,2560,1.2863007605075836,0.491796875,0.7502456575632095,0.7697494715452194,0.278515625,0.4414881780743599,0.5923261165618896,0.03137257695198059,0.03563857953995466,0.6924944162368775,0.7518446922302247,0.0015990346670151645,0.16632988750934596,nan,0.0,nan,0.0,0
23,40,7784,0.10518939393939393,2560,1.3272764801979064,0.491796875,0.7557798355817795,0.7773861110210418,0.26796875,0.45920250415802,0.5901054561138153,0.03137257695198059,0.036236484348773954,0.6964130431413651,0.7518446922302247,-0.003935143351554871,0.16632988750934596,nan,0.0,nan,0.0,0
23,60,7804,0.1044318181818182,2560,1.2860914766788483,0.495703125,0.7538704216480255,0.7740947961807251,0.28515625,0.4434304013848305,0.5923530727624893,0.03137257695198059,0.03463603621348739,0.6897555500268936,0.7557798355817795,0.0019094139337539895,0.16632988750934596,nan,0.0,nan,0.0,0
23,80,7824,0.10367424242424242,2560,1.2844399333000183,0.5109375,0.7303036332130433,0.7625301569700241,0.26875,0.45557323545217515,0.5917782038450241,0.03137257695198059,0.03603665065020323,0.6957314431667327,0.7538704216480255,0.023566788434982278,0.16632988750934596,nan,0.0,nan,0.0,0
23,100,7844,0.10291666666666668,2560,1.3144450783729553,0.487890625,0.7560107439756394,0.7761651605367661,0.282421875,0.4474381536245346,0.5877723902463913,0.03137257695198059,0.036609628796577455,0.6971780329942703,0.7538704216480255,-0.0021403223276138528,0.16632988750934596,nan,0.0,nan,0.0,0
23,120,7864,0.10215909090909091,2560,1.263256710767746,0.50703125,0.7615922898054123,0.778549724817276,0.283984375,0.433632992208004,0.59138223528862,0.03137257695198059,0.03503055162727833,0.6910414963960647,0.7538704216480255,-0.007721868157386735,0.16632988750934596,nan,0.0,nan,0.0,0
23,140,7884,0.10140151515151517,2560,1.2944266617298126,0.5046875,0.7365056723356247,0.7765669673681259,0.280078125,0.4622647240757942,0.59256771504879,0.03137257695198059,0.03453900450840593,0.6894086807966232,0.7557798355817795,0.01927416324615483,0.16632988750934596,nan,0.0,nan,0.0,0
23,160,7904,0.1006439393939394,2560,1.32046537399292,0.48828125,0.7391022622585297,0.7679457515478134,0.280859375,0.4581135705113411,0.5869339197874069,0.03137257695198059,0.035720514692366125,0.691620135307312,0.7538704216480255,0.014768159389495827,0.16632988750934596,nan,0.0,nan,0.0,0
23,180,7924,0.09988636363636366,2560,1.3189814329147338,0.49453125,0.7649444311857223,0.779611223936081,0.262109375,0.4414975896477699,0.5945171624422073,0.03137257695198059,0.036679050885140896,0.6969530165195466,0.7391022622585297,-0.0258421689271926,0.16632988750934596,nan,0.0,nan,0.0,0
23,200,7944,0.09912878787878787,2560,1.2758118867874146,0.505859375,0.7386907011270523,0.7774685084819793,0.283984375,0.44887564033269883,0.5859565943479538,0.03137257695198059,0.03621990829706192,0.6942992210388184,0.7560107439756394,0.017320042848587125,0.16632988750934596,nan,0.0,nan,0.0,0
23,220,7964,0.09837121212121214,2560,1.3180669486522674,0.49453125,0.7479282557964325,0.7771056085824967,0.279296875,0.4609624624252319,0.5872763514518737,0.03137257695198059,0.035482367500662804,0.6949409157037735,0.7391022622585297,-0.00882599353790281,0.16632988750934596,nan,0.0,nan,0.0,0
23,240,7984,0.09761363636363636,2560,1.3186694800853729,0.50546875,0.7461281150579453,0.7692416042089463,0.27578125,0.4470384642481804,0.5991745173931122,0.03137257695198059,0.036770494841039184,0.6948820531368256,0.7391022622585297,-0.007025852799415588,0.16632988750934596,nan,0.0,nan,0.0,0
23,260,8004,0.09685606060606063,2560,1.2984067916870117,0.5015625,0.7422413498163223,0.7769219905138016,0.27421875,0.4453239992260933,0.585654217004776,0.03137257695198059,0.03735716892406345,0.6985460966825485,0.7461281150579453,0.0038867652416230136,0.16632988750934596,nan,0.0,nan,0.0,0
23,280,8024,0.09609848484848485,2560,1.2854920685291291,0.509765625,0.733812826871872,0.7696215480566024,0.271484375,0.45226337760686874,0.5917132318019866,0.03137257695198059,0.03532958459109068,0.6942015409469604,0.7461281150579453,0.012315288186073303,0.16632988750934596,nan,0.0,nan,0.0,0
23,300,8044,0.09534090909090912,2560,1.2629453003406526,0.508984375,0.7339279234409333,0.7718420922756195,0.26875,0.4394707649946213,0.5886374354362488,0.03137257695198059,0.034044469241052866,0.6869800388813019,0.7422413498163223,0.00831342637538901,0.16632988750934596,nan,0.0,nan,0.0,0
23,320,8064,0.09458333333333334,2560,1.3099140346050262,0.496875,0.7274997919797898,0.7647838801145553,0.277734375,0.4676488772034645,0.5911087274551392,0.03137257695198059,0.03567580627277493,0.692566791176796,0.7422413498163223,0.014741557836532526,0.16632988750934596,nan,0.0,nan,0.0,0
23,340,8084,0.0938257575757576,2560,1.334619551897049,0.47734375,0.7634283691644669,0.7772143214941025,0.2859375,0.44149764627218246,0.5945732325315476,0.03137257695198059,0.0353766979649663,0.6917808026075363,0.7339279234409333,-0.029500445723533608,0.16632988750934596,nan,0.0,nan,0.0,0
23,352,8096,0.09337121212121212,1480,1.2707185758126749,0.5114864868086737,0.7353521301939681,0.7570671126649187,0.27500000032218724,0.4453826446790953,0.585192555028039,0.031372576770750255,0.03513693743058153,0.6933671851415892,0.7339279234409333,-0.0014242067530347846,0.16632988750934596,nan,0.0,nan,0.0,0
24,20,8116,0.09261363636363638,2560,1.2463975489139556,0.516015625,0.7362630099058152,0.7692978113889695,0.27578125,0.4381255328655243,0.5918828547000885,0.03137257695198059,0.03366015367209911,0.687407785654068,0.7339279234409333,-0.002335086464881897,0.16632988750934596,nan,0.0,nan,0.0,0
24,40,8136,0.09185606060606061,2560,1.2886598765850068,0.4890625,0.7340637892484665,0.7756492823362351,0.30234375,0.44964695274829863,0.587633028626442,0.03137257695198059,0.0346726156771183,0.6894665062427521,0.7353521301939681,0.0012883409455015649,0.16632988750934596,nan,0.0,nan,0.0,0
24,60,8156,0.09109848484848487,2560,1.2652295351028442,0.501953125,0.7268758356571198,0.7622258722782135,0.282421875,0.4475276321172714,0.5972402155399322,0.03137257695198059,0.03387178033590317,0.6874153405427933,0.7353521301939681,0.008476294536848283,0.16632988750934596,nan,0.0,nan,0.0,0
24,80,8176,0.09034090909090908,2560,1.2916097521781922,0.486328125,0.7449480146169662,0.7766059964895249,0.3015625,0.4627365082502365,0.5964749842882157,0.03137257695198059,0.03490289263427258,0.6895037978887558,0.7353521301939681,-0.009595884422998191,0.16632988750934596,nan,0.0,nan,0.0,0
24,100,8196,0.08958333333333335,2560,1.2958066821098329,0.511328125,0.7445776551961899,0.7711867213249206,0.271875,0.44490843564271926,0.5864910334348679,0.03137257695198059,0.03633951637893915,0.6950584203004837,0.7353521301939681,-0.009225525002221846,0.16632988750934596,nan,0.0,nan,0.0,0
24,120,8216,0.08882575757575757,2560,1.2583701372146607,0.515625,0.7352601796388626,0.7757942378520966,0.27265625,0.44337453246116637,0.5875154078006745,0.03137257695198059,0.03402799591422081,0.6875904113054275,0.7362630099058152,0.0010028302669525813,0.16632988750934596,nan,0.0,nan,0.0,0
24,140,8236,0.08806818181818184,2560,1.328409868478775,0.48203125,0.7241769760847092,0.7578593045473099,0.280859375,0.4680017352104187,0.5925809383392334,0.03137257695198059,0.03628166075795889,0.6930194437503815,0.7352601796388626,0.011083203554153376,0.16632988750934596,nan,0.0,nan,0.0,0
24,160,8256,0.08731060606060606,2560,1.286451816558838,0.515625,0.7346560239791871,0.7696417689323425,0.27265625,0.4454778224229813,0.5936950951814651,0.03137257695198059,0.03426476111635566,0.6891161173582077,0.7352601796388626,0.0006041556596755315,0.16632988750934596,nan,0.0,nan,0.0,0
24,180,8276,0.08655303030303033,2560,1.2450471341609954,0.50859375,0.7351458221673965,0.7644170314073563,0.29296875,0.4562259703874588,0.5907450586557388,0.03137257695198059,0.03590542860329151,0.6939390659332275,0.7352601796388626,0.00011435747146604225,0.16632988750934596,nan,0.0,nan,0.0,0
24,200,8296,0.08579545454545455,2560,1.2862903833389283,0.502734375,0.7551926165819168,0.7814519435167313,0.28203125,0.4672813206911087,0.5911182552576065,0.03137257695198059,0.03541425783187151,0.6937569558620453,0.7351458221673965,-0.020046794414520286,0.16632988750934596,nan,0.0,nan,0.0,0
24,220,8316,0.08503787878787882,2560,1.2274394690990449,0.528515625,0.7085022091865539,0.7540816247463227,0.26953125,0.44730134755373,0.5946889489889144,0.03137257695198059,0.03306625103577972,0.6846009582281113,0.7351458221673965,0.026643612980842613,0.16632988750934596,nan,0.0,nan,0.0,0
24,240,8336,0.08428030303030304,2560,1.2293591916561126,0.524609375,0.7310636043548584,0.7643140375614166,0.266015625,0.4394777357578278,0.5934631526470184,0.03137257695198059,0.036606389563530684,0.6958138614892959,0.7346560239791871,0.0035924196243286577,0.16632988750934596,nan,0.0,nan,0.0,0
24,260,8356,0.0835227272727273,2560,1.2591598987579347,0.52109375,0.7208436578512192,0.7613037317991257,0.26640625,0.45322457849979403,0.5851398676633834,0.03137257695198059,0.03431235905736685,0.6892838090658188,0.7346560239791871,0.013812366127967879,0.16632988750934596,nan,0.0,nan,0.0,0
24,280,8376,0.08276515151515151,2560,1.2292180418968202,0.516796875,0.7269466161727905,0.7638012111186981,0.273828125,0.4460416123270988,0.5839077174663544,0.03137257695198059,0.03532890137284994,0.6917617887258529,0.7310636043548584,0.004116988182067849,0.16632988750934596,nan,0.0,nan,0.0,0
24,300,8396,0.08200757575757578,2560,1.291299170255661,0.511328125,0.7321854054927825,0.7626590877771378,0.26875,0.4697375684976578,0.5964798152446746,0.03137257695198059,0.03483708631247282,0.6912749409675598,0.7269466161727905,-0.005238789319991999,0.16632988750934596,nan,0.0,nan,0.0,0
24,320,8416,0.08125,2560,1.245444768667221,0.5375,0.7373580694198608,0.7674081414937973,0.25625,0.434388567507267,0.5868212580680847,0.03137257695198059,0.03545359931886196,0.6935910910367966,0.7269466161727905,-0.010411453247070268,0.16632988750934596,nan,0.0,nan,0.0,0
24,340,8436,0.08049242424242423,2560,1.2281350493431091,0.525390625,0.7212456554174423,0.759232097864151,0.278515625,0.45354074984788895,0.5897580683231354,0.03137257695198059,0.03463802365586162,0.6894154757261276,0.7310636043548584,0.009817948937416054,0.16632988750934596,nan,0.0,nan,0.0,0
24,352,8448,0.08003787878787878,1480,1.2282173433819332,0.5418918923751728,0.7169991928177911,0.7577566523809691,0.2628378376767442,0.44902299223719416,0.5895371607832006,0.031372576770750255,0.03411679857888737,0.6902314630714623,0.7269466161727905,0.00994742335499943,0.16632988750934596,nan,0.0,nan,0.0,0
25,20,8468,0.07928030303030305,2560,1.2300524413585663,0.518359375,0.7190202206373215,0.7634252041578293,0.273828125,0.4545759066939354,0.5871404230594635,0.03137257695198059,0.03425267795100808,0.6900554597377777,0.7269466161727905,0.007926395535469033,0.16632988750934596,nan,0.0,nan,0.0,0
25,40,8488,0.07852272727272727,2560,1.2274023950099946,0.52109375,0.7244470179080963,0.7613462090492249,0.2765625,0.4610847309231758,0.5916505366563797,0.03137257695198059,0.037181183509528634,0.6962038516998291,0.7212456554174423,-0.0032013624906539473,0.16632988750934596,nan,0.0,nan,0.0,0
25,60,8508,0.07776515151515154,2560,1.2107240796089171,0.523046875,0.7316615790128708,0.7630342006683349,0.289453125,0.45973572582006456,0.586840707063675,0.03137257695198059,0.0355005918070674,0.6917658030986786,0.7212456554174423,-0.010415923595428422,0.16632988750934596,nan,0.0,nan,0.0,0
25,80,8528,0.07700757575757576,2560,1.2582948505878448,0.503125,0.719498273730278,0.7611427456140518,0.29453125,0.4649248793721199,0.5858457148075104,0.03137257695198059,0.0344083258882165,0.6883752703666687,0.7212456554174423,0.0017473816871643733,0.16632988750934596,nan,0.0,nan,0.0,0
25,100,8548,0.07625000000000003,2560,1.2420490562915802,0.525390625,0.7027480512857437,0.7555271357297897,0.27109375,0.44853260517120364,0.58581722676754,0.03137257695198059,0.0339499082416296,0.6874801933765411,0.719498273730278,0.01675022244453428,0.16632988750934596,nan,0.0,nan,0.0,0
25,120,8568,0.07549242424242425,2560,1.2408081352710725,0.525390625,0.7396455198526383,0.7702830225229264,0.259375,0.44551892131567,0.5943246334791183,0.03137257695198059,0.034852721728384495,0.6892863303422928,0.719498273730278,-0.020147246122360296,0.16632988750934596,nan,0.0,nan,0.0,0
25,140,8588,0.0747348484848485,2560,1.2216692209243774,0.521875,0.7246759295463562,0.76041020154953,0.281640625,0.45247101932764056,0.5911514461040497,0.03137257695198059,0.034248786978423595,0.6885327935218811,0.7244470179080963,-0.0002289116382598877,0.16632988750934596,nan,0.0,nan,0.0,0
25,160,8608,0.07397727272727272,2560,1.2192885518074035,0.528515625,0.7277069211006164,0.7587922573089599,0.279296875,0.4622786074876785,0.587845754623413,0.03137257695198059,0.035374186001718044,0.6913772702217102,0.7246759295463562,-0.0030309915542602317,0.16632988750934596,nan,0.0,nan,0.0,0
25,180,8628,0.07321969696969699,2560,1.228278285264969,0.52734375,0.7210071504116058,0.7640021204948425,0.275390625,0.4478426769375801,0.5884627193212509,0.03137257695198059,0.03176425462588668,0.6792320728302002,0.7246759295463562,0.0036687791347503884,0.16632988750934596,nan,0.0,nan,0.0,0
25,200,8648,0.07246212121212121,2560,1.2441780686378479,0.519921875,0.7274022072553634,0.764016616344452,0.28125,0.458149679005146,0.5871844202280044,0.03137257695198059,0.03338476233184338,0.6858720242977142,0.7246759295463562,-0.002726277709007241,0.16632988750934596,nan,0.0,nan,0.0,0
25,220,8668,0.07170454545454548,2560,1.2144069790840148,0.528125,0.7255072861909866,0.7629938930273056,0.27734375,0.44089619666337965,0.5901279628276825,0.03137257695198059,0.0335961046628654,0.6863476663827897,0.7274022072553634,0.001894921064376831,0.16632988750934596,nan,0.0,nan,0.0,0
25,240,8688,0.0709469696969697,2560,1.2599410653114318,0.515625,0.7324249982833863,0.76412253677845,0.278515625,0.46837076991796495,0.5929582118988037,0.03137257695198059,0.03463148232549429,0.6883871734142304,0.7255072861909866,-0.006917712092399664,0.16632988750934596,nan,0.0,nan,0.0,0
25,260,8708,0.07018939393939393,2560,1.2293787181377411,0.533984375,0.7147437900304794,0.75817212164402,0.25625,0.43906562626361845,0.5895112544298172,0.03137257695198059,0.03518725158646703,0.6916893482208252,0.7274022072553634,0.012658417224884033,0.16632988750934596,nan,0.0,nan,0.0,0
25,280,8728,0.06943181818181819,2560,1.256814855337143,0.518359375,0.7315858870744705,0.7596351802349091,0.28125,0.4557839721441269,0.5917766779661179,0.03137257695198059,0.03402413344010711,0.6877564877271652,0.7255072861909866,-0.006078600883483887,0.16632988750934596,nan,0.0,nan,0.0,0
25,300,8748,0.0686742424242424,2560,1.231115347146988,0.53828125,0.7152293860912323,0.7575933068990708,0.26796875,0.44660216122865676,0.5898769617080688,0.03137257695198059,0.03382373452186584,0.6860980421304703,0.7274022072553634,0.012172821164131098,0.16632988750934596,nan,0.0,nan,0.0,0
25,320,8768,0.06791666666666667,2560,1.2206091821193694,0.521875,0.719746220111847,0.7564877986907959,0.276171875,0.45476405173540113,0.5911096125841141,0.03137257695198059,0.03342791432514787,0.6859144836664199,0.7255072861909866,0.005761066079139621,0.16632988750934596,nan,0.0,nan,0.0,0
25,340,8788,0.06715909090909089,2560,1.1743407130241394,0.551953125,0.7133087933063507,0.7613486140966416,0.266796875,0.43841578960418703,0.5892447322607041,0.03137257695198059,0.035043245553970336,0.6914474368095398,0.719746220111847,0.006437426805496305,0.16632988750934596,nan,0.0,nan,0.0,0
25,352,8800,0.06670454545454545,1480,1.1946259498596192,0.5277027025416091,0.6997826247601896,0.7471532467249278,0.27297297297297296,0.4492184867730012,0.5871047744879851,0.03137257695198059,0.031800715403782355,0.6799429142797315,0.7152293860912323,0.015446761331042724,0.16632988750934596,nan,0.0,nan,0.0,0
26,20,8820,0.06594696969696971,2560,1.2177585363388062,0.547265625,0.7319784790277482,0.7687876582145691,0.25703125,0.45483978390693663,0.5958893060684204,0.03137257695198059,0.03310226518660784,0.6852025657892227,0.7152293860912323,-0.01674909293651583,0.16632988750934596,nan,0.0,nan,0.0,0
26,40,8840,0.06518939393939394,2560,1.189703458547592,0.53671875,0.7133047610521317,0.7587795495986939,0.282421875,0.44995043277740476,0.5813929438591003,0.03137257695198059,0.03499986510723829,0.6897051930427551,0.7152293860912323,0.0019246250391006248,0.16632988750934596,nan,0.0,nan,0.0,0
26,60,8860,0.0644318181818182,2560,1.1993048250675202,0.528125,0.7241898566484452,0.7604663997888566,0.296484375,0.4434662699699402,0.5900338739156723,0.03137257695198059,0.03473252691328525,0.6918994188308716,0.7133087933063507,-0.010881063342094488,0.16632988750934596,nan,0.0,nan,0.0,0
26,80,8880,0.06367424242424242,2560,1.172295206785202,0.553515625,0.7062630206346512,0.7532839566469193,0.265234375,0.4447585105895996,0.5824889063835144,0.03137257695198059,0.032871600706130266,0.684677803516388,0.7133087933063507,0.0070457726716994795,0.16632988750934596,nan,0.0,nan,0.0,0
26,100,8900,0.06291666666666669,2560,1.1614445626735688,0.54375,0.7046042889356613,0.7556366175413132,0.26640625,0.4445666968822479,0.5916085660457611,0.03137257695198059,0.03360675312578678,0.6875522255897522,0.7133047610521317,0.008700472116470404,0.16632988750934596,nan,0.0,nan,0.0,0
26,120,8920,0.062159090909090914,2560,1.1685842394828796,0.540234375,0.7164324253797532,0.7512615412473679,0.285546875,0.45592620223760605,0.5964195460081101,0.03137257695198059,0.03320219377055764,0.6858533531427383,0.7133047610521317,-0.00312766432762146,0.16632988750934596,nan,0.0,nan,0.0,0
26,140,8940,0.06140151515151518,2560,1.2042311787605287,0.521875,0.7058960646390915,0.7579098016023635,0.284765625,0.46992926895618437,0.5869640529155731,0.03137257695198059,0.033480101451277736,0.686148589849472,0.7133047610521317,0.0074086964130402055,0.16632988750934596,nan,0.0,nan,0.0,0
26,160,8960,0.060643939393939396,2560,1.2141511559486389,0.53203125,0.7192604631185532,0.7557382076978684,0.26875,0.4513059228658676,0.5956611812114716,0.03137257695198059,0.03297813311219215,0.6843604326248169,0.7062630206346512,-0.012997442483902,0.16632988750934596,nan,0.0,nan,0.0,0
26,180,8980,0.05988636363636362,2560,1.1923003494739532,0.52421875,0.7127235203981399,0.7552348047494888,0.2875,0.44306925386190416,0.5948027521371841,0.03137257695198059,0.031077781971544028,0.676144814491272,0.7062630206346512,-0.006460499763488725,0.16632988750934596,nan,0.0,nan,0.0,0
26,200,9000,0.059128787878787885,2560,1.2047820448875428,0.525390625,0.7207125276327133,0.7623206079006195,0.29296875,0.46565682291984556,0.5856212794780731,0.03137257695198059,0.034548231214284894,0.6903862595558167,0.7127235203981399,-0.007989007234573409,0.16632988750934596,nan,0.0,nan,0.0,0
26,220,9020,0.0583712121212121,2560,1.1441463887691499,0.55,0.6826614886522293,0.7449781000614166,0.2734375,0.44068107604980467,0.5928330928087234,0.03137257695198059,0.032635381910949945,0.6822251677513123,0.7164324253797532,0.03377093672752385,0.16632988750934596,nan,0.0,nan,0.0,0
26,240,9040,0.05761363636363637,2560,1.1853552043437958,0.548046875,0.7108016818761825,0.7602647304534912,0.271875,0.4693466126918793,0.5890565484762191,0.03137257695198059,0.03571117091923952,0.6911311686038971,0.7127235203981399,0.0019218385219573753,0.16632988750934596,nan,0.0,nan,0.0,0
26,260,9060,0.05685606060606059,2560,1.2159558296203614,0.514453125,0.6914195328950882,0.7460969537496567,0.287109375,0.47447161972522733,0.5896054744720459,0.03137257695198059,0.03408041540533304,0.6892249017953873,0.7127235203981399,0.021303987503051736,0.16632988750934596,nan,0.0,nan,0.0,0
26,280,9080,0.056098484848484856,2560,1.2080081224441528,0.534375,0.7348986297845841,0.759744793176651,0.272265625,0.4439397692680359,0.5918848842382431,0.03137257695198059,0.032772292755544184,0.6835873782634735,0.7108016818761825,-0.024096947908401556,0.16632988750934596,nan,0.0,nan,0.0,0
26,300,9100,0.05534090909090908,2560,1.1868997812271118,0.538671875,0.709881779551506,0.7548813074827194,0.286328125,0.4464225620031357,0.5862082362174987,0.03137257695198059,0.03358937744051218,0.6863178133964538,0.7108016818761825,0.0009199023246765359,0.16632988750934596,nan,0.0,nan,0.0,0
26,320,9120,0.054583333333333345,2560,1.1517048895359039,0.5578125,0.7056081146001816,0.7548626124858856,0.2671875,0.4487252295017242,0.5921937555074692,0.03137257695198059,0.032637654710561036,0.6821521997451783,0.709881779551506,0.0042736649513244185,0.16632988750934596,nan,0.0,nan,0.0,0
26,340,9140,0.05382575757575756,2560,1.2172767281532288,0.51796875,0.7194603145122528,0.7569730341434479,0.2828125,0.4688327670097351,0.5892355799674988,0.03137257695198059,0.03339927885681391,0.6846929520368576,0.709881779551506,-0.009578534960746787,0.16632988750934596,nan,0.0,nan,0.0,0
26,352,9152,0.053371212121212125,1480,1.2371730830218342,0.5351351344907606,0.7052580566019625,0.7498689384073824,0.2716216220243557,0.47437051341340347,0.5875721586717142,0.03137257695198059,0.034638170354269644,0.691636649660162,0.709881779551506,0.004623722949543496,0.16632988750934596,nan,0.0,nan,0.0,0
27,20,9172,0.05261363636363639,2560,1.1803326249122619,0.53671875,0.7192015439271927,0.7519561976194382,0.280859375,0.4449469745159149,0.5872661769390106,0.03137257695198059,0.034807577915489676,0.6902567505836487,0.709881779551506,-0.009319764375686712,0.16632988750934596,nan,0.0,nan,0.0,0
27,40,9192,0.05185606060606061,2560,1.1283199399709702,0.571484375,0.7173263996839523,0.7607165217399597,0.255859375,0.43079568147659303,0.5815826624631881,0.03137257695198059,0.03326607644557953,0.6862942546606063,0.709881779551506,-0.007444620132446289,0.16632988750934596,nan,0.0,nan,0.0,0
27,60,9212,0.05109848484848483,2560,1.1096773594617844,0.565234375,0.6985359191894531,0.7480001032352448,0.267578125,0.4488525390625,0.5882443904876709,0.03137257695198059,0.0329763830639422,0.6829537570476532,0.7173263996839523,0.018790480494499162,0.16632988750934596,nan,0.0,nan,0.0,0
27,80,9232,0.050340909090909096,2560,1.1336106359958649,0.555078125,0.7069762468338012,0.7494991540908813,0.262109375,0.43550729304552077,0.5936997890472412,0.03137257695198059,0.03303797859698534,0.6840056359767914,0.7173263996839523,0.010350152850151062,0.16632988750934596,nan,0.0,nan,0.0,0
27,100,9252,0.04958333333333331,2560,1.111957737803459,0.5703125,0.6989875227212906,0.7459098994731903,0.2671875,0.4479502037167549,0.585133507847786,0.03137257695198059,0.034548472985625266,0.6898366898298264,0.7069762468338012,0.007988724112510615,0.16632988750934596,nan,0.0,nan,0.0,0
27,120,9272,0.04882575757575758,2560,1.1278760343790055,0.55625,0.6952980428934097,0.7491488337516785,0.262890625,0.44338207840919497,0.5961691737174988,0.03137257695198059,0.0347995612770319,0.6888530164957046,0.7069762468338012,0.01167820394039154,0.16632988750934596,nan,0.0,nan,0.0,0
27,140,9292,0.0480681818181818,2560,1.1330637216567994,0.562109375,0.7130711555480957,0.7460825771093369,0.266796875,0.451433390378952,0.5938900232315063,0.03137257695198059,0.032898709550499915,0.6837691366672516,0.6989875227212906,-0.014083632826805137,0.16632988750934596,nan,0.0,nan,0.0,0
27,160,9312,0.04731060606060607,2560,1.135945475101471,0.54609375,0.7086462408304215,0.7574831873178482,0.28671875,0.4496123567223549,0.5883158594369888,0.03137257695198059,0.033307327330112456,0.6842209964990615,0.6989875227212906,-0.009658718109130882,0.16632988750934596,nan,0.0,nan,0.0,0
27,180,9332,0.04655303030303029,2560,1.1541072607040406,0.553125,0.6949488997459412,0.7480920374393463,0.27109375,0.4459805876016617,0.5954488307237625,0.03137257695198059,0.03247679257765412,0.682756993174553,0.7069762468338012,0.012027347087860019,0.16632988750934596,nan,0.0,nan,0.0,0
27,200,9352,0.045795454545454556,2560,1.1494441270828246,0.55546875,0.7008757948875427,0.7441723078489304,0.28515625,0.4438924670219421,0.5871545314788819,0.03137257695198059,0.033020544424653055,0.6860200047492981,0.6989875227212906,-0.0018882721662520918,0.16632988750934596,nan,0.0,nan,0.0,0
27,220,9372,0.04503787878787877,2560,1.144221979379654,0.549609375,0.7038765668869018,0.7500388085842132,0.27265625,0.46106304973363876,0.5871996730566025,0.03137257695198059,0.032080977223813534,0.6818713366985321,0.7008757948875427,-0.0030007719993591087,0.16632988750934596,nan,0.0,nan,0.0,0
27,240,9392,0.04428030303030304,2560,1.14911607503891,0.558984375,0.7021795600652695,0.749544033408165,0.259765625,0.45081990361213686,0.5873596400022507,0.03137257695198059,0.0345876757055521,0.6897988468408585,0.7038765668869018,0.0016970068216323186,0.16632988750934596,nan,0.0,nan,0.0,0
27,260,9412,0.04352272727272726,2560,1.1423397600650786,0.55625,0.6908057779073715,0.7461301386356354,0.260546875,0.4528292819857597,0.5870769679546356,0.03137257695198059,0.034541739895939824,0.6897183984518052,0.7021795600652695,0.011373782157897971,0.16632988750934596,nan,0.0,nan,0.0,0
27,280,9432,0.04276515151515153,2560,1.1482489854097366,0.553125,0.6957164078950882,0.7430785089731217,0.269140625,0.4477814793586731,0.5951712489128113,0.03137257695198059,0.03101416090503335,0.678266492486,0.7008757948875427,0.005159386992454551,0.16632988750934596,nan,0.0,nan,0.0,0
27,300,9452,0.042007575757575744,2560,1.1655221045017243,0.545703125,0.6943466246128083,0.7492659449577331,0.28515625,0.4650684595108032,0.5844766139984131,0.03137257695198059,0.033402323722839355,0.6860545635223388,0.7008757948875427,0.0065291702747344305,0.16632988750934596,nan,0.0,nan,0.0,0
27,320,9472,0.04125000000000001,2560,1.1500122547149658,0.5578125,0.696874538064003,0.7436238884925842,0.266796875,0.45434731990098953,0.5861957728862762,0.03137257695198059,0.03472166638821363,0.6888903677463531,0.6957164078950882,-0.0011581301689148615,0.16632988750934596,nan,0.0,nan,0.0,0
27,340,9492,0.04049242424242423,2560,1.1504522025585175,0.55703125,0.6920322299003601,0.7403615444898606,0.27421875,0.4544760823249817,0.5925075829029083,0.03137257695198059,0.03312614075839519,0.6846462696790695,0.6957164078950882,0.0036841779947280884,0.16632988750934596,nan,0.0,nan,0.0,0
27,352,9504,0.04003787878787879,1480,1.1442692440909308,0.5790540556649904,0.6974124512156925,0.7542401539312826,0.24932432384104342,0.44346016291025525,0.5936143117981988,0.03137257695198059,0.03242169945828013,0.6821041258605751,0.6943466246128083,-0.0030658266028842363,0.16632988750934596,nan,0.0,nan,0.0,0
28,20,9524,0.03928030303030301,2560,1.080979722738266,0.589453125,0.7081188231706619,0.7490864008665085,0.258203125,0.434900127351284,0.5826547175645829,0.03137257695198059,0.031999205239117146,0.6810566663742066,0.6957164078950882,-0.01240241527557373,0.16632988750934596,nan,0.0,nan,0.0,0
28,40,9544,0.03852272727272728,2560,1.07478010058403,0.58515625,0.7049908459186554,0.7545518338680267,0.257421875,0.44372005462646485,0.592902135848999,0.03137257695198059,0.03195389360189438,0.6802939116954804,0.696874538064003,-0.008116307854652338,0.16632988750934596,nan,0.0,nan,0.0,0
28,60,9564,0.0377651515151515,2560,1.0866992801427842,0.573046875,0.70129214823246,0.7470030635595322,0.261328125,0.4410839393734932,0.5854642421007157,0.03137257695198059,0.03303287457674742,0.6838832974433899,0.6974124512156925,-0.0038796970167674916,0.16632988750934596,nan,0.0,nan,0.0,0
28,80,9584,0.03700757575757576,2560,1.1014906644821167,0.57265625,0.6860055446624755,0.7508967280387878,0.263671875,0.4561785772442818,0.5909291833639145,0.03137257695198059,0.03274427196010947,0.683469346165657,0.70129214823246,0.015286603569984458,0.16632988750934596,nan,0.0,nan,0.0,0
28,100,9604,0.036249999999999984,2560,1.0675241202116013,0.58125,0.691345351934433,0.7408699184656143,0.274609375,0.44150919169187547,0.5978622615337372,0.03137257695198059,0.03214028142392635,0.6802783340215683,0.70129214823246,0.009946796298026972,0.16632988750934596,nan,0.0,nan,0.0,0
28,120,9624,0.03549242424242425,2560,1.0858452677726746,0.571484375,0.680232560634613,0.7406465113162994,0.25859375,0.4440566420555115,0.5865234524011612,0.03137257695198059,0.033418851997703315,0.6841288089752198,0.70129214823246,0.021059587597846985,0.16632988750934596,nan,0.0,nan,0.0,0
28,140,9644,0.03473484848484847,2560,1.0835803747177124,0.578125,0.6934701889753342,0.7499730616807938,0.273828125,0.4475961595773697,0.5897860407829285,0.03137257695198059,0.03185819536447525,0.6788680791854859,0.691345351934433,-0.002124837040901162,0.16632988750934596,nan,0.0,nan,0.0,0
28,160,9664,0.03397727272727274,2560,1.0830320358276366,0.568359375,0.6849693477153778,0.7454343318939209,0.268359375,0.4486436009407043,0.5944100856781006,0.03137257695198059,0.03299015359953046,0.685256427526474,0.691345351934433,0.006376004219055265,0.16632988750934596,nan,0.0,nan,0.0,0
28,180,9684,0.033219696969696955,2560,1.0780977129936218,0.580078125,0.6876828104257584,0.7333804041147232,0.265234375,0.4496364966034889,0.5921352565288543,0.03137257695198059,0.032509867660701276,0.6814843744039536,0.6860055446624755,-0.0016772657632828647,0.16632988750934596,nan,0.0,nan,0.0,0
28,200,9704,0.03246212121212122,2560,1.1074123293161393,0.56015625,0.6831530183553696,0.7455181390047073,0.27890625,0.4512000769376755,0.5914200007915497,0.03137257695198059,0.032040586788207294,0.6812087893486023,0.6876828104257584,0.004529792070388838,0.16632988750934596,nan,0.0,nan,0.0,0
28,220,9724,0.031704545454545444,2560,1.096971908211708,0.57265625,0.6967731833457946,0.741438576579094,0.2578125,0.4439178451895714,0.5893090784549713,0.03137257695198059,0.033408455271273854,0.6856991440057755,0.6849693477153778,-0.01180383563041687,0.16632988750934596,nan,0.0,nan,0.0,0
28,240,9744,0.03094696969696971,2560,1.0602106690406798,0.5859375,0.6960250645875931,0.7406470119953156,0.260546875,0.43314230293035505,0.5908536463975906,0.03137257695198059,0.03204921279102564,0.6796894043684005,0.6876828104257584,-0.00834225416183465,0.16632988750934596,nan,0.0,nan,0.0,0
28,260,9764,0.03018939393939393,2560,1.0601462483406068,0.5921875,0.6851650357246399,0.7394007593393326,0.251953125,0.44373364746570587,0.5872903436422348,0.03137257695198059,0.03156184013932943,0.6783062368631363,0.6876828104257584,0.0025177747011184692,0.16632988750934596,nan,0.0,nan,0.0,0
28,280,9784,0.029431818181818194,2560,1.0493765711784362,0.580078125,0.6620435059070587,0.7339148432016372,0.263671875,0.4300900936126709,0.5894888788461685,0.03137257695198059,0.03295033667236567,0.683914241194725,0.6876828104257584,0.025639304518699668,0.16632988750934596,nan,0.0,nan,0.0,0
28,300,9804,0.028674242424242415,2560,1.0799405217170714,0.575,0.678839135169983,0.7376913815736771,0.268359375,0.4516040876507759,0.5877104580402375,0.03137257695198059,0.033348704874515536,0.6856252878904343,0.6851650357246399,0.006325900554656982,0.16632988750934596,nan,0.0,nan,0.0,0
28,320,9824,0.02791666666666668,2560,1.0749832838773727,0.576171875,0.6773703902959823,0.7445845514535904,0.265625,0.447588412463665,0.5918525874614715,0.03137257695198059,0.032919824589043856,0.6826229453086853,0.6851650357246399,0.007794645428657598,0.16632988750934596,nan,0.0,nan,0.0,0
28,340,9844,0.0271590909090909,2560,1.074380013346672,0.580078125,0.6795543193817138,0.7383904933929444,0.2671875,0.45144658386707304,0.5913051784038543,0.03137257695198059,0.03149596182629466,0.677758127450943,0.678839135169983,-0.0007151842117308904,0.16632988750934596,nan,0.0,nan,0.0,0
28,352,9856,0.02670454545454546,1480,1.0839956663750314,0.5736486492930232,0.6645313527133013,0.7279569780504381,0.2641891890280956,0.44144687717025344,0.5920249800424318,0.03137257695198059,0.03157776026306926,0.6781461834907532,0.678839135169983,0.014307782456681628,0.16632988750934596,nan,0.0,nan,0.0,0
29,20,9876,0.02594696969696968,2560,1.0380105882883073,0.598046875,0.6948522806167603,0.7375752866268158,0.264453125,0.4379112720489502,0.5843844294548035,0.03137257695198059,0.031551962811499835,0.679056704044342,0.6773703902959823,-0.01748189032077796,0.16632988750934596,nan,0.0,nan,0.0,0
29,40,9896,0.025189393939393945,2560,1.0009187936782837,0.615234375,0.6830874681472778,0.7380165308713913,0.250390625,0.41517009139060973,0.5911341547966004,0.03137257695198059,0.03197764465585351,0.6811729788780212,0.678839135169983,-0.0042483329772948775,0.16632988750934596,nan,0.0,nan,0.0,0
29,60,9916,0.024431818181818166,2560,1.0076439261436463,0.60078125,0.6753532767295838,0.729356536269188,0.25859375,0.4314631804823875,0.5898206263780594,0.03137257695198059,0.034258443489670755,0.6870215952396392,0.6795543193817138,0.00420104265213006,0.16632988750934596,nan,0.0,nan,0.0,0
29,80,9936,0.02367424242424243,2560,0.9886891484260559,0.598828125,0.6840923070907593,0.735562664270401,0.267578125,0.41922528445720675,0.5908572137355804,0.03137257695198059,0.0320305953733623,0.6806445628404617,0.6795543193817138,-0.0045379877090454546,0.16632988750934596,nan,0.0,nan,0.0,0
29,100,9956,0.022916666666666655,2560,0.992877522110939,0.607421875,0.6670347452163696,0.7303318232297897,0.253515625,0.4303369536995888,0.5894491970539093,0.03137257695198059,0.030350410472601654,0.6752211481332779,0.6830874681472778,0.016052722930908203,0.16632988750934596,nan,0.0,nan,0.0,0
29,120,9976,0.02215909090909092,2560,1.0133604049682616,0.59453125,0.6704533487558365,0.7369128108024597,0.26796875,0.44055404514074326,0.5912445247173309,0.03137257695198059,0.03160750605165959,0.6791041553020477,0.6830874681472778,0.012634119391441323,0.16632988750934596,nan,0.0,nan,0.0,0
29,140,9996,0.02140151515151514,2560,0.9745837867259979,0.6171875,0.6777141600847244,0.7307066798210144,0.253515625,0.4246746122837067,0.5908516138792038,0.03137257695198059,0.03231768496334553,0.6809292823076248,0.6753532767295838,-0.0023608833551406194,0.16632988750934596,nan,0.0,nan,0.0,0
29,160,10016,0.020643939393939405,2560,1.0015451848506927,0.60703125,0.6530375868082047,0.7229576259851456,0.26328125,0.4428080812096596,0.5831457942724227,0.03137257695198059,0.03209305014461279,0.6808991193771362,0.6753532767295838,0.02231568992137911,0.16632988750934596,nan,0.0,nan,0.0,0
29,180,10036,0.019886363636363626,2560,0.9814545333385467,0.6078125,0.6721442192792892,0.7314303308725357,0.252734375,0.4294275432825089,0.5909534662961959,0.03137257695198059,0.03280421188101172,0.6821908324956893,0.6704533487558365,-0.0016908705234527366,0.16632988750934596,nan,0.0,nan,0.0,0
29,200,10056,0.01912878787878789,2560,0.9992458611726761,0.601953125,0.6625762522220612,0.730200219154358,0.260546875,0.4435354217886925,0.5852045893669129,0.03137257695198059,0.03253713268786669,0.6804860919713974,0.6704533487558365,0.00787709653377533,0.16632988750934596,nan,0.0,nan,0.0,0
29,220,10076,0.01837121212121211,2560,1.0053135216236115,0.5953125,0.6696293532848359,0.7221051722764968,0.262109375,0.4388785570859909,0.5892133235931396,0.03137257695198059,0.031927329022437334,0.6785273075103759,0.6704533487558365,0.0008239954710006492,0.16632988750934596,nan,0.0,nan,0.0,0
29,240,10096,0.017613636363636376,2560,0.988858824968338,0.60703125,0.667969924211502,0.7304533839225769,0.26640625,0.43451397866010666,0.5829439967870712,0.03137257695198059,0.03076720768585801,0.6747995674610138,0.6696293532848359,0.001659429073333829,0.16632988750934596,nan,0.0,nan,0.0,0
29,260,10116,0.016856060606060597,2560,0.98439162671566,0.6125,0.6521113127470016,0.7286959588527679,0.259765625,0.4354468435049057,0.5894577264785766,0.03137257695198059,0.030305652227252722,0.6732514053583145,0.667969924211502,0.015858611464500405,0.16632988750934596,nan,0.0,nan,0.0,0
29,280,10136,0.016098484848484862,2560,1.0224380016326904,0.60859375,0.6606113463640213,0.7276566982269287,0.24453125,0.4462496727705002,0.5874900966882706,0.03137257695198059,0.033105305023491384,0.6844525605440139,0.667969924211502,0.0073585778474807295,0.16632988750934596,nan,0.0,nan,0.0,0
29,300,10156,0.015340909090909084,2560,1.0141293048858642,0.601953125,0.672295543551445,0.7278274834156037,0.251953125,0.44050050973892213,0.5942348688840866,0.03137257695198059,0.03273147437721491,0.6823692440986633,0.6625762522220612,-0.009719291329383872,0.16632988750934596,nan,0.0,nan,0.0,0
29,320,10176,0.01458333333333335,2560,1.0026088386774064,0.604296875,0.6610516726970672,0.7277074456214905,0.255859375,0.4309424966573715,0.5883840084075928,0.03137257695198059,0.030060835648328066,0.6736017674207687,0.667969924211502,0.0069182515144348145,0.16632988750934596,nan,0.0,nan,0.0,0
29,340,10196,0.01382575757575757,2560,1.0193712830543518,0.60390625,0.665781757235527,0.7314778804779053,0.256640625,0.44141162633895875,0.5857733607292175,0.03137257695198059,0.031131150759756566,0.6765703976154327,0.6610516726970672,-0.0047300845384598,0.16632988750934596,nan,0.0,nan,0.0,0
29,352,10208,0.01337121212121213,1480,1.0141177467397742,0.5959459472346951,0.6590368048564808,0.724474573135376,0.2682432438876178,0.42938186767938974,0.5724950510102349,0.03137257695198059,0.031501857110777416,0.6796758822492651,0.6610516726970672,0.002014867840586465,0.16632988750934596,nan,0.0,nan,0.0,0
30,20,10228,0.01261363636363635,2560,0.9445853888988495,0.626171875,0.6823640704154968,0.7278371334075928,0.2484375,0.40401740968227384,0.5841987788677215,0.03137257695198059,0.03196732588112354,0.6805381745100021,0.6610516726970672,-0.021312397718429632,0.16632988750934596,nan,0.0,nan,0.0,0
30,40,10248,0.011856060606060615,2560,0.9596520483493804,0.628515625,0.6691050618886948,0.7250632166862487,0.24765625,0.42456171065568926,0.5847788721323013,0.03137257695198059,0.03200272200629115,0.6797256678342819,0.665781757235527,-0.003323304653167769,0.16632988750934596,nan,0.0,nan,0.0,0
30,60,10268,0.011098484848484837,2560,0.9578559666872024,0.628125,0.6501459151506424,0.7168626338243484,0.245703125,0.43451348692178726,0.5811381220817566,0.03137257695198059,0.03190298713743687,0.6800117194652557,0.665781757235527,0.015635842084884666,0.16632988750934596,nan,0.0,nan,0.0,0
30,80,10288,0.010340909090909102,2560,0.9345735102891922,0.631640625,0.6695734560489655,0.7268238246440888,0.244921875,0.41124406903982164,0.5833810359239578,0.03137257695198059,0.0315308659337461,0.6771750599145889,0.665781757235527,-0.0037916988134384377,0.16632988750934596,nan,0.0,nan,0.0,0
30,100,10308,0.009583333333333322,2560,0.9392265290021896,0.63984375,0.6792321354150772,0.7314598232507705,0.242578125,0.41876825988292693,0.5879270106554031,0.03137257695198059,0.03260375540703535,0.6819373697042466,0.6691050618886948,-0.010127073526382424,0.16632988750934596,nan,0.0,nan,0.0,0
30,120,10328,0.008825757575757587,2560,0.9056894600391387,0.640625,0.6628131926059723,0.7218274563550949,0.251953125,0.4136481761932373,0.58020059466362,0.03137257695198059,0.0317256192676723,0.6801592230796814,0.6695734560489655,0.006760263442993186,0.16632988750934596,nan,0.0,nan,0.0,0
30,140,10348,0.008068181818181808,2560,0.9179638952016831,0.636328125,0.6450492918491364,0.7192037105560303,0.248046875,0.41612472385168076,0.5798014581203461,0.03137257695198059,0.03177662845700979,0.6791991710662841,0.6691050618886948,0.02405577003955839,0.16632988750934596,nan,0.0,nan,0.0,0
30,160,10368,0.007310606060606073,2560,0.9068748205900192,0.64296875,0.66385797560215,0.7227707147598267,0.24140625,0.4153064861893654,0.5895740747451782,0.03137257695198059,0.031048196274787186,0.6774027019739151,0.6628131926059723,-0.0010447829961777177,0.16632988750934596,nan,0.0,nan,0.0,0
30,180,10388,0.006553030303030294,2560,0.904732832312584,0.646484375,0.6745954364538193,0.7264285057783126,0.223828125,0.4054564401507378,0.5847040951251984,0.03137257695198059,0.03209231058135629,0.6798689544200898,0.66385797560215,-0.010737460851669267,0.16632988750934596,nan,0.0,nan,0.0,0
30,200,10408,0.005795454545454559,2560,0.9078901827335357,0.641796875,0.6624627470970154,0.7216625422239303,0.246875,0.4158137783408165,0.5901517450809479,0.03137257695198059,0.03193504745140672,0.6795504659414291,0.66385797560215,0.001395228505134627,0.16632988750934596,nan,0.0,nan,0.0,0
30,220,10428,0.00503787878787878,2560,0.9031969666481018,0.640234375,0.6481424808502197,0.7179153621196747,0.23828125,0.4077079102396965,0.5848912745714188,0.03137257695198059,0.03179727755486965,0.6791578203439712,0.6628131926059723,0.014670711755752519,0.16632988750934596,nan,0.0,nan,0.0,0
30,240,10448,0.004280303030303046,2560,0.9095036596059799,0.641015625,0.6495668888092041,0.7125852137804032,0.244921875,0.4148078501224518,0.581844100356102,0.03137257695198059,0.03185631250962615,0.6798602551221847,0.6624627470970154,0.012895858287811257,0.16632988750934596,nan,0.0,nan,0.0,0
30,260,10468,0.0035227272727272664,2560,0.9210986584424973,0.63046875,0.6428854495286942,0.7224758416414261,0.249609375,0.4178484931588173,0.5836773067712784,0.03137257695198059,0.03265350190922618,0.6798464179039001,0.6624627470970154,0.01957729756832116,0.16632988750934596,nan,0.0,nan,0.0,0
30,280,10488,0.0027651515151515317,2560,0.8774343878030777,0.659765625,0.6585361540317536,0.7161005884408951,0.2359375,0.4056241065263748,0.582972863316536,0.03137257695198059,0.03203224772587419,0.678778350353241,0.6495668888092041,-0.008969265222549483,0.16632988750934596,nan,0.0,nan,0.0,0
30,300,10508,0.0020075757575757527,2560,0.9144544661045074,0.643359375,0.6353339791297913,0.7142196834087372,0.2375,0.4212354704737663,0.593755480647087,0.03137257695198059,0.031130590196698903,0.677617746591568,0.6495668888092041,0.01423290967941282,0.16632988750934596,nan,0.0,nan,0.0,0
30,320,10528,0.0012500000000000178,2560,0.9182390928268432,0.633984375,0.6484264701604843,0.7184730738401413,0.25078125,0.4166426658630371,0.5821198940277099,0.03137257695198059,0.03178040646016598,0.6782967895269394,0.6481424808502197,-0.0002839893102645208,0.16632988750934596,nan,0.0,nan,0.0,0
30,340,10548,0.0004924242424242387,2560,0.870626100897789,0.64296875,0.6598822414875031,0.7166801661252975,0.2421875,0.3925453945994377,0.5824831813573838,0.03137257695198059,0.03143258774653077,0.6785231053829193,0.6484264701604843,-0.011455771327018804,0.16632988750934596,nan,0.0,nan,0.0,0
30,352,10560,3.787878787879784e-05,1480,0.8565873381253836,0.670270269948083,0.6603040505099941,0.7253481913257289,0.2263513519957259,0.3896703199760334,0.5873616750175888,0.03137257695198059,0.03160978349278102,0.6789282901867016,0.6484264701604843,-0.011877580349509809,0.16632988750934596,nan,0.0,nan,0.0,0
