epoch,batch,global_step,lr,window_samples,train_adv_loss,train_adv_acc,free_gradient_cosine,free_gradient_sign_agreement,free_prediction_disagreement,free_attack_loss_gain,free_boundary_fraction,free_delta_linf,control_gradient_participation_ratio,control_gradient_entropy,detector_baseline,detector_score,detector_threshold,detector_pgd10_acc,detector_seconds,observer_pgd10_acc,observer_pgd10_seconds,intervention_triggered
1,20,20,0.0007196969696969698,2560,3.1489715576171875,0.0,0.000173707639623899,0.49591688215732577,0.37734375,0.8120723456144333,0.6010629236698151,0.03137257695198059,0.24197340235114098,0.8833095729351044,nan,nan,0.16632988750934596,nan,0.0,nan,0.0,0
1,40,40,0.0014772727272727272,2560,2.971949005126953,0.0,-0.0008329093630891294,0.4962271451950073,0.49140625,0.7202756375074386,0.6004752069711685,0.03137257695198059,0.23997044563293457,0.8826378762722016,nan,nan,0.16632988750934596,nan,0.0,nan,0.0,0
1,60,60,0.002234848484848485,2560,2.752000427246094,0.000390625,-0.0002608909097034484,0.49689154177904127,0.425390625,0.5654305785894393,0.600560399889946,0.03137257695198059,0.23234618753194808,0.8801177978515625,nan,nan,0.16632988750934596,nan,0.0,nan,0.0,0
1,80,80,0.0029924242424242426,2560,2.5553640007972716,0.01953125,0.0022246391512453557,0.49984399378299715,0.319140625,0.4150283679366112,0.6007271021604538,0.03137257695198059,0.21598613038659095,0.8742337137460708,-0.0002608909097034484,-0.0024855300609488043,0.16632988750934596,nan,0.0,nan,0.0,0
1,100,100,0.00375,2560,2.368637752532959,0.075390625,0.007939349475782365,0.5049676477909089,0.238671875,0.2687498450279236,0.600998830795288,0.03137257695198059,0.19205909818410874,0.864194655418396,-4.359163503977471e-05,-0.00798294111082214,0.16632988750934596,nan,0.0,0.0078125,0.3920692000101553,0
1,120,120,0.004507575757575758,2560,2.2610681533813475,0.09140625,0.017181356740184128,0.5116952449083328,0.26796875,0.21154521703720092,0.6020661860704422,0.03137257695198059,0.16008332148194312,0.8465531259775162,0.000173707639623899,-0.01700764910056023,0.16632988750934596,nan,0.0,nan,0.0,0
1,140,140,0.005265151515151515,2560,2.2197193622589113,0.116015625,0.026004039822146295,0.5182134240865708,0.262109375,0.18340122997760772,0.6014316737651825,0.03137257695198059,0.12833330146968364,0.8217337757349015,0.0022246391512453557,-0.023779400670900938,0.16632988750934596,nan,0.0,nan,0.0,0
1,160,160,0.006022727272727273,2560,2.17484849691391,0.17578125,0.03760159085504711,0.5254000514745713,0.21328125,0.1612391985952854,0.6012516230344772,0.03137257695198059,0.10711658671498299,0.7982419043779373,0.007939349475782365,-0.029662241379264744,0.16632988750934596,nan,0.0,nan,0.0,0
1,180,180,0.0067803030303030315,2560,2.176498460769653,0.169921875,0.05014929138123989,0.5330650448799134,0.21796875,0.1608554046601057,0.601178503036499,0.03137257695198059,0.09639200940728188,0.7824391037225723,0.017181356740184128,-0.03296793464105577,0.16632988750934596,nan,0.0,nan,0.0,0
1,200,200,0.007537878787878788,2560,2.128566122055054,0.198046875,0.06008469834923744,0.5376892328262329,0.2109375,0.16043141782283782,0.6014264583587646,0.03137257695198059,0.09039084799587727,0.7717570811510086,0.026004039822146295,-0.03408065852709115,0.16632988750934596,nan,0.0,0.078125,0.377980999997817,0
1,220,220,0.008295454545454547,2560,2.099397611618042,0.201953125,0.06989140566438437,0.5486932307481766,0.208203125,0.16614337638020515,0.601208770275116,0.03137257695198059,0.0857302512973547,0.7620085328817368,0.03760159085504711,-0.032289814809337264,0.16632988750934596,nan,0.0,nan,0.0,0
1,240,240,0.009053030303030304,2560,2.09195761680603,0.215234375,0.07715338580310345,0.5521827906370163,0.180859375,0.15643948167562485,0.6009357661008835,0.03137257695198059,0.08224355913698674,0.754783621430397,0.05014929138123989,-0.027004094421863557,0.16632988750934596,nan,0.0,nan,0.0,0
1,260,260,0.009810606060606061,2560,2.066576611995697,0.2140625,0.09076282009482384,0.5617574244737625,0.19921875,0.1638552539050579,0.6015794336795807,0.03137257695198059,0.08121216669678688,0.7522594660520554,0.06008469834923744,-0.030678121745586394,0.16632988750934596,nan,0.0,nan,0.0,0
1,280,280,0.010568181818181819,2560,2.06587975025177,0.226953125,0.08503085784614087,0.5664366632699966,0.1765625,0.1629828881472349,0.6013459771871567,0.03137257695198059,0.07808520495891572,0.7461158901453018,0.06989140566438437,-0.015139452181756496,0.16632988750934596,nan,0.0,nan,0.0,0
1,300,300,0.011325757575757576,2560,1.9971057891845703,0.25546875,0.08005422540009022,0.5696797907352448,0.16796875,0.15527481883764266,0.6012342065572739,0.03137257695198059,0.07646065913140773,0.7408292144536972,0.07715338580310345,-0.002900839596986768,0.16632988750934596,nan,0.0,0.0859375,0.37549679999938235,0
1,320,320,0.012083333333333335,2560,1.9592421293258666,0.258984375,0.10869863480329514,0.5790446162223816,0.175390625,0.16218679919838905,0.6023472070693969,0.03137257695198059,0.07650092765688896,0.7416914671659469,0.08005422540009022,-0.028644409403204923,0.16632988750934596,nan,0.0,nan,0.0,0
1,340,340,0.012840909090909092,2560,1.9931939601898194,0.236328125,0.11411793418228626,0.5848316341638565,0.193359375,0.16828438639640808,0.6028797328472137,0.03137257695198059,0.07535270787775517,0.7395418554544448,0.08503085784614087,-0.029087076336145393,0.16632988750934596,nan,0.0,nan,0.0,0
1,352,352,0.013295454545454548,1480,1.9473525575689368,0.26013513521568193,0.09891588357654778,0.586329684064195,0.18175675707894404,0.1578425514536935,0.6020668487291079,0.03137257695198059,0.0750097445136792,0.7353148241300841,0.09076282009482384,-0.00815306348172394,0.16632988750934596,nan,0.0,nan,0.0,0
2,20,372,0.014053030303030303,2560,1.94358229637146,0.270703125,0.11820941865444183,0.5965725123882294,0.17109375,0.16570240259170532,0.6040844202041626,0.03137257695198059,0.07368086166679859,0.7341350227594375,0.09891588357654778,-0.019293535077894053,0.16632988750934596,nan,0.0,nan,0.0,0
2,40,392,0.01481060606060606,2560,1.9477667331695556,0.26953125,0.12020941078662872,0.6006452143192291,0.17109375,0.1573604941368103,0.603120955824852,0.03137257695198059,0.07461463399231434,0.7351053684949875,0.10869863480329514,-0.011510775983333582,0.16632988750934596,nan,0.0,0.1328125,0.381038500010618,0
2,60,412,0.015568181818181818,2560,1.928807508945465,0.26484375,0.13727524690330029,0.6041642755270005,0.18359375,0.17694633156061174,0.6042728662490845,0.03137257695198059,0.0770970605313778,0.7380840808153153,0.11411793418228626,-0.023157312721014026,0.16632988750934596,nan,0.0,nan,0.0,0
2,80,432,0.016325757575757577,2560,1.944445753097534,0.25625,0.11852299384772777,0.5991690486669541,0.1546875,0.16555042341351509,0.6041438043117523,0.03137257695198059,0.07761322557926179,0.7403034895658493,0.11820941865444183,-0.0003135751932859393,0.16632988750934596,nan,0.0,nan,0.0,0
2,100,452,0.017083333333333336,2560,1.9333873748779298,0.2796875,0.12543693408370019,0.6009770959615708,0.173046875,0.17545451559126377,0.6049310237169265,0.03137257695198059,0.0792999267578125,0.7423536658287049,0.11852299384772777,-0.006913940235972416,0.16632988750934596,nan,0.0,nan,0.0,0
2,120,472,0.01784090909090909,2560,1.8891377687454223,0.277734375,0.13526566475629806,0.6115572780370713,0.1671875,0.17693307027220725,0.6049853175878525,0.03137257695198059,0.08161987289786339,0.7453589618206025,0.12020941078662872,-0.015056253969669336,0.16632988750934596,nan,0.0,nan,0.0,0
2,140,492,0.018598484848484847,2560,1.8965331077575684,0.283203125,0.1384814793244004,0.6043029963970185,0.1609375,0.1604209750890732,0.6038153558969498,0.03137257695198059,0.08084220923483372,0.7453711360692978,0.12543693408370019,-0.013044545240700228,0.16632988750934596,nan,0.0,0.078125,0.37525519999326207,0
2,160,512,0.01935606060606061,2560,1.9149685502052307,0.280078125,0.13460941649973393,0.6005340814590454,0.1375,0.14828333966434,0.6035719752311707,0.03137257695198059,0.08047994635999203,0.745080628991127,0.13526566475629806,0.0006562482565641292,0.16632988750934596,nan,0.0,nan,0.0,0
2,180,532,0.020113636363636365,2560,1.8890087604522705,0.297265625,0.14134269785135983,0.6062397181987762,0.155859375,0.16154500506818295,0.6023976832628251,0.03137257695198059,0.08252128176391124,0.747815516591072,0.13460941649973393,-0.006733281351625903,0.16632988750934596,nan,0.0,nan,0.0,0
2,200,552,0.020871212121212124,2560,1.8479171752929688,0.301171875,0.1607446063309908,0.611612981557846,0.14296875,0.1679398760199547,0.6034965753555298,0.03137257695198059,0.08405603542923927,0.7523749053478241,0.13526566475629806,-0.025478941574692743,0.16632988750934596,nan,0.0,nan,0.0,0
2,220,572,0.02162878787878788,2560,1.9031133890151977,0.282421875,0.1567048765718937,0.6146663904190064,0.16015625,0.15584290958940983,0.6065264612436294,0.03137257695198059,0.08363056592643262,0.7504706799983978,0.1384814793244004,-0.018223397247493278,0.16632988750934596,nan,0.0,nan,0.0,0
2,240,592,0.02238636363636364,2560,1.8722187459468842,0.28359375,0.15746379643678665,0.6118376553058624,0.1515625,0.1625843398272991,0.6051203548908234,0.03137257695198059,0.08467188663780689,0.7520208358764648,0.14134269785135983,-0.01612109858542682,0.16632988750934596,nan,0.0,0.09375,0.373500800007605,0
2,260,612,0.023143939393939397,2560,1.8572085618972778,0.303515625,0.14255861453711988,0.6254666835069657,0.1515625,0.17890402674674988,0.6073294520378113,0.03137257695198059,0.08705614246428013,0.7543178915977478,0.1567048765718937,0.014146262034773815,0.16632988750934596,nan,0.0,nan,0.0,0
2,280,632,0.023901515151515153,2560,1.8446684300899505,0.29921875,0.12676187194883823,0.5918701410293579,0.166015625,0.1429357599467039,0.6038635402917862,0.03137257695198059,0.08499068431556225,0.7545530676841736,0.1567048765718937,0.029943004623055464,0.16632988750934596,nan,0.0,nan,0.0,0
2,300,652,0.02465909090909091,2560,1.8129791736602783,0.30390625,0.11082205772399903,0.5976809412240982,0.1640625,0.15257469862699508,0.6048807948827744,0.03137257695198059,0.08520007058978081,0.7563138335943222,0.1567048765718937,0.04588281884789466,0.16632988750934596,nan,0.0,nan,0.0,0
2,320,672,0.025416666666666667,2560,1.8093630015850066,0.2984375,0.10959054734557867,0.6136398464441299,0.19765625,0.16365367993712426,0.6042962580919266,0.03137257695198059,0.08267091922461986,0.7505365014076233,0.14255861453711988,0.0329680671915412,0.16632988750934596,nan,0.0,nan,0.0,0
2,340,692,0.026174242424242423,2560,1.819854164123535,0.313671875,0.1266314985230565,0.6288510829210281,0.170703125,0.15884235203266145,0.605758684873581,0.03137257695198059,0.08411282524466515,0.7491214215755463,0.12676187194883823,0.0001303734257817324,0.16632988750934596,nan,0.0,0.140625,0.37547289999201894,0
2,352,704,0.02662878787878788,1480,1.7964885402370143,0.3236486486486487,0.11712128866363217,0.6205685319127263,0.16283783759619738,0.16122397643488806,0.6059161379530623,0.03137257695198059,0.08363556869932123,0.7475190549283415,0.1266314985230565,0.009510209859424329,0.16632988750934596,nan,0.0,nan,0.0,0
3,20,724,0.02738636363636364,2560,1.8070626497268676,0.31953125,0.0885631957091391,0.5732255458831788,0.1546875,0.15391419008374213,0.6031528681516647,0.03137257695198059,0.09400274716317654,0.7697048306465148,0.11712128866363217,0.02855809295449306,0.16632988750934596,nan,0.0,nan,0.0,0
3,40,744,0.028143939393939395,2560,1.7897338330745698,0.313671875,0.07812789967283607,0.5947497189044952,0.18984375,0.14596763178706168,0.6033973842859268,0.03137257695198059,0.0870219361037016,0.7576128274202347,0.11082205772399903,0.032694158051162964,0.16632988750934596,nan,0.0,nan,0.0,0
3,60,764,0.02890151515151515,2560,1.8117463529109954,0.306640625,0.07440533018670976,0.6022626459598541,0.1609375,0.1671396739780903,0.6058417201042176,0.03137257695198059,0.08740502037107944,0.7549327492713929,0.10959054734557867,0.03518521715886891,0.16632988750934596,nan,0.0,nan,0.0,0
3,80,784,0.02965909090909091,2560,1.7610282182693482,0.334765625,0.04470610315911472,0.5901898860931396,0.1671875,0.1263028707355261,0.6055544763803482,0.03137257695198059,0.08371743708848953,0.7511858016252517,0.0885631957091391,0.04385709255002439,0.16632988750934596,nan,0.0,0.1484375,0.37655570000060834,0
3,100,804,0.030416666666666665,2560,1.7291843891143799,0.333984375,0.07167249927297234,0.5850063532590866,0.18359375,0.11821171529591083,0.6030218958854675,0.03137257695198059,0.08409085124731064,0.7515997380018234,0.07812789967283607,0.0064554003998637255,0.16632988750934596,nan,0.0,nan,0.0,0
3,120,824,0.031174242424242427,2560,1.7162692427635193,0.345703125,0.019963240437209605,0.5679238826036453,0.171875,0.09340695347636938,0.6022715479135513,0.03137257695198059,0.08172843754291534,0.7479916661977768,0.07440533018670976,0.054442089749500155,0.16632988750934596,nan,0.0,nan,0.0,0
3,140,844,0.031931818181818186,2560,1.7283998489379884,0.359375,0.02970695556141436,0.5623297601938247,0.197265625,0.10388019606471062,0.6002117365598678,0.03137257695198059,0.08322699666023255,0.7540933847427368,0.07167249927297234,0.04196554371155798,0.16632988750934596,nan,0.0,nan,0.0,0
3,160,864,0.03268939393939394,2560,1.695417010784149,0.36171875,0.07377001382410527,0.5818131983280181,0.206640625,0.07448509405367076,0.6006508111953736,0.03137257695198059,0.08033931516110897,0.7459974259138107,0.04470610315911472,-0.029063910664990547,0.16632988750934596,nan,0.0,nan,0.0,0
3,180,884,0.0334469696969697,2560,1.6367433190345764,0.40625,0.03459059614688158,0.5656215816736221,0.21015625,0.05180139094591141,0.602330419421196,0.03137257695198059,0.07838326506316662,0.7422240078449249,0.04470610315911472,0.01011550701223314,0.16632988750934596,nan,0.0,0.1015625,0.37142039999889676,0
3,200,904,0.03420454545454545,2560,1.629736638069153,0.396875,0.03703393936157227,0.5627646416425705,0.22265625,0.04452973953448236,0.6020089685916901,0.03137257695198059,0.07877376601099968,0.7421340703964233,0.03459059614688158,-0.0024433432146906894,0.16632988750934596,nan,0.0,nan,0.0,0
3,220,924,0.034962121212121215,2560,1.6469605028629304,0.387890625,0.057653446681797504,0.543069863319397,0.277734375,-0.004710036446340382,0.5990937709808349,0.03137257695198059,0.07741367369890213,0.7406182825565338,0.03459059614688158,-0.023062850534915927,0.16632988750934596,nan,0.0,nan,0.0,0
3,240,944,0.03571969696969697,2560,1.5431459367275238,0.4265625,0.06171608506701887,0.5348040431737899,0.283984375,-0.03469928107224405,0.5994520992040634,0.03137257695198059,0.0812731396406889,0.7462746232748032,0.03703393936157227,-0.0246821457054466,0.16632988750934596,nan,0.0,nan,0.0,0
3,260,964,0.036477272727272726,2560,1.6285341203212738,0.395703125,0.06141196652315557,0.5305573999881744,0.27734375,0.02111043194308877,0.5989448696374893,0.03137257695198059,0.07637481950223446,0.7447410732507705,0.057653446681797504,-0.0037585198413580684,0.16632988750934596,nan,0.0,nan,0.0,0
3,280,984,0.03723484848484849,2560,1.6209630727767945,0.401171875,0.0467577850446105,0.5481750696897507,0.19765625,0.08242620192468167,0.6006370782852173,0.03137257695198059,0.07872501686215401,0.7454634934663773,0.057653446681797504,0.010895661637187005,0.16632988750934596,nan,0.0,0.125,0.3765706999984104,0
3,300,1004,0.037992424242424244,2560,1.434281086921692,0.458984375,0.05970002356916666,0.5182244777679443,0.348828125,-0.16642432939261198,0.5957907527685166,0.03137257695198059,0.0779583640396595,0.7412122100591659,0.057653446681797504,-0.0020465768873691587,0.16632988750934596,nan,0.0,nan,0.0,0
3,320,1024,0.03875000000000001,2560,1.6056742012500762,0.408984375,0.032834030548110606,0.5521698206663131,0.27109375,0.06597725097090006,0.6010507136583328,0.03137257695198059,0.07278862036764622,0.7334659367799758,0.05970002356916666,0.026865993021056057,0.16632988750934596,nan,0.0,nan,0.0,0
3,340,1044,0.03950757575757576,2560,1.5871831476688385,0.4234375,0.03671506340615451,0.5493332117795944,0.20859375,0.12412391565740108,0.6021635890007019,0.03137257695198059,0.07293374501168728,0.7367342114448547,0.05970002356916666,0.02298496016301215,0.16632988750934596,nan,0.0,nan,0.0,0
3,352,1056,0.03996212121212121,1480,1.4954562941113034,0.45202702767140157,0.060036981025257626,0.5399948658169926,0.2317567565151163,0.03979553648748913,0.6042590598802309,0.03137257695198059,0.07140203251226528,0.7320241506035263,0.0467577850446105,-0.013279195980647127,0.16632988750934596,nan,0.0,nan,0.0,0
4,20,1076,0.040719696969696975,2560,1.5736490666866303,0.411328125,0.033119808742776514,0.5358541071414947,0.24140625,0.09551212675869465,0.5998350977897644,0.03137257695198059,0.06907332167029381,0.7320528954267502,0.0467577850446105,0.013637976301833984,0.16632988750934596,nan,0.0,0.1328125,0.38008990000525955,0
4,40,1096,0.04147727272727273,2560,1.461335587501526,0.458984375,0.06727090384811163,0.5409874141216278,0.261328125,-0.01212234003469348,0.5982199549674988,0.03137257695198059,0.0734205637127161,0.7354526191949844,0.03671506340615451,-0.030555840441957118,0.16632988750934596,nan,0.0,nan,0.0,0
4,60,1116,0.042234848484848486,2560,1.4152036011219025,0.4734375,0.06665542777627706,0.5148365214467049,0.346875,-0.13695323690772057,0.594246181845665,0.03137257695198059,0.0699424460530281,0.7283350706100464,0.03671506340615451,-0.029940364370122548,0.16632988750934596,nan,0.0,nan,0.0,0
4,80,1136,0.04299242424242425,2560,1.3620925784111022,0.5078125,0.058735758252441886,0.5230042919516563,0.341796875,-0.13882019501179457,0.5992833614349365,0.03137257695198059,0.07326615639030934,0.7305928111076355,0.060036981025257626,0.0013012227728157397,0.16632988750934596,nan,0.0,nan,0.0,0
4,100,1156,0.043750000000000004,2560,1.4384470582008362,0.475390625,0.06662058304063975,0.514228968322277,0.359765625,-0.10746917463839054,0.5975961267948151,0.03137257695198059,0.0703463764861226,0.7288561284542083,0.060036981025257626,-0.006583602015382127,0.16632988750934596,nan,0.0,nan,0.0,0
4,120,1176,0.04450757575757576,2560,1.5551875233650208,0.43046875,0.03958845054730773,0.546507665514946,0.193359375,0.12989080995321273,0.6016431331634522,0.03137257695198059,0.06807865910232067,0.7287272065877914,0.06662058304063975,0.02703213249333202,0.16632988750934596,nan,0.0,0.1015625,0.372517700001481,0
4,140,1196,0.045265151515151515,2560,1.338704240322113,0.52421875,0.06942418590188026,0.5261501520872116,0.327734375,-0.12163778664544225,0.5984230220317841,0.03137257695198059,0.06487023178488016,0.7183504462242126,0.06662058304063975,-0.0028036028612405117,0.16632988750934596,nan,0.0,nan,0.0,0
4,160,1216,0.04602272727272727,2560,1.5475114643573762,0.441015625,0.036068221228197216,0.5358621209859848,0.225,0.09759607925079763,0.5994512170553208,0.03137257695198059,0.06626016926020384,0.7293716490268707,0.06662058304063975,0.030552361812442537,0.16632988750934596,nan,0.0,nan,0.0,0
4,180,1236,0.04678030303030303,2560,1.5029004096984864,0.433984375,0.03636813820339739,0.5359742671251297,0.165234375,0.13963588029146196,0.6024666011333466,0.03137257695198059,0.07273809909820557,0.7423513352870941,0.058735758252441886,0.022367620049044495,0.16632988750934596,nan,0.0,nan,0.0,0
4,200,1256,0.047537878787878796,2560,1.417661476135254,0.484375,0.033671655738726256,0.5422196894884109,0.162109375,0.1363504647742957,0.599999389052391,0.03137257695198059,0.07051762714982032,0.7378781139850616,0.03958845054730773,0.005916794808581476,0.16632988750934596,nan,0.0,nan,0.0,0
4,220,1276,0.04829545454545455,2560,1.4951345384120942,0.452734375,0.055843529850244523,0.5514211177825927,0.14453125,0.15735169537365437,0.602579516172409,0.03137257695198059,0.0693601904436946,0.7358242273330688,0.03636813820339739,-0.019475391646847133,0.16632988750934596,nan,0.0,0.1796875,0.3753108000091743,0
4,240,1296,0.04905303030303031,2560,1.3926293849945068,0.491015625,0.03420683960430324,0.540135595202446,0.17578125,0.10147346667945385,0.6031790643930435,0.03137257695198059,0.06773076988756657,0.7328174918889999,0.03636813820339739,0.0021612985990941483,0.16632988750934596,nan,0.0,nan,0.0,0
4,260,1316,0.04981060606060606,2560,1.4177934885025025,0.476171875,0.025920304702594876,0.5332041651010513,0.198828125,0.1232426910661161,0.6006740808486939,0.03137257695198059,0.06835924629122019,0.7351512432098388,0.036068221228197216,0.01014791652560234,0.16632988750934596,nan,0.0,nan,0.0,0
4,280,1336,0.050568181818181825,2560,1.381823980808258,0.4921875,0.03711319086141884,0.5381539836525917,0.178515625,0.11948679145425559,0.600569686293602,0.03137257695198059,0.06236185971647501,0.7229291886091233,0.03420683960430324,-0.002906351257115601,0.16632988750934596,nan,0.0,nan,0.0,0
4,300,1356,0.05132575757575758,2560,1.2389694690704345,0.5546875,0.07714836709201336,0.5212171092629433,0.28359375,-0.07095990600064397,0.5973405450582504,0.03137257695198059,0.060116029158234593,0.715044704079628,0.03420683960430324,-0.04294152748771012,0.16632988750934596,nan,0.0,nan,0.0,0
4,320,1376,0.05208333333333334,2560,1.2275670170783997,0.562890625,0.0838348020799458,0.5270640224218368,0.310546875,-0.17410799227654933,0.5978271663188934,0.03137257695198059,0.06118540745228529,0.7191685140132904,0.03711319086141884,-0.04672161121852696,0.16632988750934596,nan,0.0,0.0078125,0.37919769999280106,0
4,340,1396,0.0528409090909091,2560,1.2310232728719712,0.575390625,0.06834613615646959,0.5189436763525009,0.33359375,-0.21860342305153607,0.6006890833377838,0.03137257695198059,0.05746882203966379,0.7150866448879242,0.03711319086141884,-0.031232945295050746,0.16632988750934596,nan,0.0,nan,0.0,0
4,352,1408,0.05329545454545455,1480,1.2679361601133605,0.5540540546984286,0.052508763989081254,0.5246916468079026,0.29189189173079827,-0.13635039152325812,0.6000811799152478,0.03137257695198059,0.053569136237775955,0.7091364009960278,0.06834613615646959,0.015837372167388335,0.16632988750934596,nan,0.0,nan,0.0,0
5,20,1428,0.054053030303030304,2560,1.4559426426887512,0.476171875,0.05040523547213525,0.5374544978141784,0.239453125,0.09121975810267031,0.6009094446897507,0.03137257695198059,0.04768172912299633,0.6979022562503815,0.06834613615646959,0.017940900684334342,0.16632988750934596,nan,0.0,nan,0.0,0
5,40,1448,0.05481060606060606,2560,1.3936773538589478,0.476171875,0.04490955090150237,0.5219954371452331,0.175,0.117262240126729,0.6004055231809616,0.03137257695198059,0.05402650516480208,0.7142554312944412,0.06834613615646959,0.023436585254967217,0.16632988750934596,nan,0.0,nan,0.0,0
5,60,1468,0.05556818181818182,2560,1.2789524614810943,0.534765625,0.05435721105895937,0.5109071239829064,0.22734375,0.049389463197439906,0.5978236079216004,0.03137257695198059,0.0436382120475173,0.6907621949911118,0.052508763989081254,-0.0018484470698781133,0.16632988750934596,nan,0.0,0.03125,0.37105139999766834,0
5,80,1488,0.05632575757575758,2560,1.429001408815384,0.480078125,0.06949411109089851,0.5312674388289451,0.16640625,0.20406386964023113,0.6009964227676392,0.03137257695198059,0.061857953667640686,0.7431060016155243,0.052508763989081254,-0.016985347101817254,0.16632988750934596,nan,0.0,nan,0.0,0
5,100,1508,0.05708333333333333,2560,1.281210720539093,0.521875,0.03673077174462378,0.5172667428851128,0.149609375,0.1126320542767644,0.6013468623161315,0.03137257695198059,0.06242554560303688,0.7420542001724243,0.052508763989081254,0.015777992244457473,0.16632988750934596,nan,0.0,nan,0.0,0
5,120,1528,0.05784090909090909,2560,1.2193699479103088,0.565234375,0.051589981210418044,0.5092982113361358,0.18671875,0.04534277427010238,0.5986168175935745,0.03137257695198059,0.054607965238392356,0.7235548347234726,0.05040523547213525,-0.001184745738282797,0.16632988750934596,nan,0.0,nan,0.0,0
5,140,1548,0.058598484848484844,2560,1.2501515328884125,0.549609375,0.06021209824830294,0.5172162592411041,0.1765625,0.05854297382757068,0.5996630519628525,0.03137257695198059,0.052336844801902774,0.720095905661583,0.051589981210418044,-0.008622117037884895,0.16632988750934596,nan,0.0,nan,0.0,0
5,160,1568,0.05935606060606061,2560,1.1763592064380646,0.5796875,0.061321967048570514,0.5129656597971917,0.175390625,0.06748254019767046,0.5984523981809616,0.03137257695198059,0.05012210384011269,0.7148518055677414,0.05435721105895937,-0.006964755989611146,0.16632988750934596,nan,0.0,0.0625,0.37355570000363514,0
5,180,1588,0.06011363636363637,2560,1.2276269316673278,0.5546875,0.04899892600951716,0.5183129742741585,0.1953125,0.08882254008203745,0.5998746424913406,0.03137257695198059,0.047326702438294885,0.7091875165700913,0.06021209824830294,0.011213172238785776,0.16632988750934596,nan,0.0,nan,0.0,0
5,200,1608,0.06087121212121213,2560,1.1648160994052887,0.58515625,0.047556407283991575,0.5177203014492988,0.173046875,0.04859291594475508,0.5981865167617798,0.03137257695198059,0.047240754775702956,0.7084042996168136,0.051589981210418044,0.004033573926426469,0.16632988750934596,nan,0.0,nan,0.0,0
5,220,1628,0.06162878787878789,2560,1.0924505591392517,0.61328125,0.048536398960277435,0.5021845623850822,0.2453125,-0.0333874677773565,0.5980770289897919,0.03137257695198059,0.041889026388525964,0.6954105377197266,0.051589981210418044,0.0030535822501406087,0.16632988750934596,nan,0.0,nan,0.0,0
5,240,1648,0.06238636363636364,2560,1.1762485742568969,0.583984375,0.03362534869229421,0.5127489864826202,0.2140625,0.016303705680184067,0.5979725062847138,0.03137257695198059,0.04604536257684231,0.7093179941177368,0.04899892600951716,0.015373577317222956,0.16632988750934596,nan,0.0,nan,0.0,0
5,260,1668,0.0631439393939394,2560,1.175013494491577,0.584375,0.05934351780451834,0.5073332622647285,0.183984375,0.032859844900667665,0.5987090051174164,0.03137257695198059,0.04989168401807546,0.7190487444400787,0.048536398960277435,-0.010807118844240904,0.16632988750934596,nan,0.0,0.0625,0.374235299997963,0
5,280,1688,0.06390151515151515,2560,1.284063732624054,0.534375,0.064419284183532,0.5141149088740349,0.183203125,0.11107836784794926,0.5987416803836823,0.03137257695198059,0.04349580630660057,0.7072633802890778,0.048536398960277435,-0.015882885223254567,0.16632988750934596,nan,0.0,nan,0.0,0
5,300,1708,0.06465909090909092,2560,1.2243389725685119,0.566796875,0.05980202842038125,0.5154668316245079,0.15,0.07741567185148597,0.5993236780166626,0.03137257695198059,0.040191653184592724,0.700643315911293,0.048536398960277435,-0.011265629460103815,0.16632988750934596,nan,0.0,nan,0.0,0
5,320,1728,0.06541666666666666,2560,1.0551191449165345,0.621484375,0.07519024284556508,0.5156181484460831,0.197265625,-0.025007522944360972,0.5990121364593506,0.03137257695198059,0.03468534406274557,0.6824486434459687,0.05934351780451834,-0.01584672504104674,0.16632988750934596,nan,0.0,nan,0.0,0
5,340,1748,0.06617424242424243,2560,1.160163441300392,0.59296875,0.06914035403169691,0.5233735531568527,0.19765625,0.02020668867044151,0.5983736783266067,0.03137257695198059,0.03465314107015729,0.6892632126808167,0.05980202842038125,-0.00933832561131566,0.16632988750934596,nan,0.0,nan,0.0,0
5,352,1760,0.06662878787878788,1480,1.0206580986847749,0.6385135135135135,0.05937004811256318,0.4900549092808285,0.2594594602649276,-0.14985084354474737,0.5984183765746451,0.03137257695198059,0.026173826216443166,0.6564598331580291,0.064419284183532,0.00504923607096882,0.16632988750934596,nan,0.0,0.046875,0.3802517000003718,0
6,20,1780,0.06738636363636363,2560,0.9595794826745987,0.66875,0.06529718986712396,0.5144588619470596,0.26328125,-0.14508850052952765,0.5980528652667999,0.03137257695198059,0.023541763331741093,0.6450634658336639,0.064419284183532,-0.0008779056835919591,0.16632988750934596,nan,0.0,nan,0.0,0
6,40,1800,0.0681439393939394,2560,1.039629828929901,0.63671875,0.05611355798318982,0.5089617595076561,0.28671875,-0.14722074689343573,0.5988664150238037,0.03137257695198059,0.022667006775736808,0.6392756342887879,0.06529718986712396,0.009183631883934139,0.16632988750934596,nan,0.0,nan,0.0,0
6,60,1820,0.06890151515151514,2560,1.0440553337335587,0.63515625,0.07336058608489111,0.5101460933685302,0.2765625,-0.18214607127010823,0.5978074610233307,0.03137257695198059,0.023620821163058282,0.650299534201622,0.06529718986712396,-0.008063396217767152,0.16632988750934596,nan,0.0,nan,0.0,0
6,80,1840,0.0696590909090909,2560,1.0602975100278855,0.634375,0.06388154868036508,0.5146509990096092,0.248046875,-0.09576188223436474,0.5976433008909225,0.03137257695198059,0.025204210169613363,0.6597171932458877,0.06529718986712396,0.0014156411867588814,0.16632988750934596,nan,0.0,nan,0.0,0
6,100,1860,0.07041666666666667,2560,0.882783767580986,0.686328125,0.059444287419319154,0.5153769299387931,0.277734375,-0.20486655160784722,0.5974743098020554,0.03137257695198059,0.024456356838345527,0.6560268253087997,0.06388154868036508,0.004437261261045926,0.16632988750934596,nan,0.0,0.0078125,0.37762620000285096,0
6,120,1880,0.07117424242424243,2560,0.9875280141830445,0.657421875,0.06960893543437123,0.5007789745926857,0.259375,-0.1842968437820673,0.5971092402935028,0.03137257695198059,0.028039546869695186,0.6716372728347778,0.06388154868036508,-0.00572738675400615,0.16632988750934596,nan,0.0,nan,0.0,0
6,140,1900,0.0719318181818182,2560,0.8850581586360932,0.696875,0.04517872012220323,0.5077877193689346,0.2921875,-0.30601551160216334,0.5990045130252838,0.03137257695198059,0.023571152426302432,0.6501444041728973,0.06388154868036508,0.018702828558161848,0.16632988750934596,nan,0.0,nan,0.0,0
6,160,1920,0.07268939393939394,2560,1.1494752883911132,0.608203125,0.06290465891361237,0.5178330957889556,0.300390625,-0.14120663460344077,0.5973592311143875,0.03137257695198059,0.0256924401037395,0.661748293042183,0.06388154868036508,0.0009768897667527116,0.16632988750934596,nan,0.0,nan,0.0,0
6,180,1940,0.0734469696969697,2560,1.0914080679416656,0.62109375,0.07107655741274357,0.5138960719108582,0.2484375,-0.1425639440305531,0.6005705684423447,0.03137257695198059,0.028213932644575834,0.6674758404493332,0.06290465891361237,-0.008171898499131205,0.16632988750934596,nan,0.0,nan,0.0,0
6,200,1960,0.07420454545454545,2560,0.8012651830911637,0.719140625,0.05636689281091094,0.49240190237760545,0.2984375,-0.37769547775387763,0.5982605218887329,0.03137257695198059,0.022300134412944317,0.6403394788503647,0.06290465891361237,0.006537766102701431,0.16632988750934596,nan,0.0,0.0,0.37257490000047255,0
6,220,1980,0.07496212121212122,2560,0.7663998186588288,0.7359375,0.05107793528586626,0.5061629116535187,0.310546875,-0.4683758929371834,0.5995076656341553,0.03137257695198059,0.02071816734969616,0.630240622162819,0.06290465891361237,0.01182672362774611,0.16632988750934596,nan,0.0,nan,0.0,0
6,240,2000,0.07571969696969698,2560,0.880548968911171,0.69375,0.03842554129660129,0.49690845757722857,0.305859375,-0.3146841250360012,0.5989465206861496,0.03137257695198059,0.019749151915311812,0.626695242524147,0.05636689281091094,0.017941351514309645,0.16632988750934596,nan,0.0,nan,0.0,0
6,260,2020,0.07647727272727273,2560,0.9133756518363952,0.690625,0.0366546930745244,0.5207046627998352,0.3140625,-0.36414872854948044,0.6010997951030731,0.03137257695198059,0.0183490208350122,0.6155406266450882,0.05636689281091094,0.019712199736386535,0.16632988750934596,nan,0.0,nan,0.0,0
6,280,2040,0.07723484848484849,2560,0.88535977602005,0.6921875,0.028031853772699834,0.5078187480568885,0.326953125,-0.38813921213150027,0.5981907069683075,0.03137257695198059,0.015415143221616745,0.5943785429000854,0.05107793528586626,0.023046081513166426,0.16632988750934596,nan,0.0,nan,0.0,0
6,300,2060,0.07799242424242425,2560,0.8866824477910995,0.68046875,0.03206384235527367,0.5002132534980774,0.3390625,-0.34820685014128683,0.5980067163705826,0.03137257695198059,0.015228776820003986,0.5936801016330719,0.03842554129660129,0.006361698941327626,0.16632988750934596,nan,0.0,0.03125,0.3764082999987295,0
6,320,2080,0.07875,2560,0.8312860757112503,0.707421875,0.055145124346017836,0.5188883602619171,0.307421875,-0.3582869552075863,0.5966964870691299,0.03137257695198059,0.014740169094875456,0.5909132421016693,0.0366546930745244,-0.018490431271493434,0.16632988750934596,nan,0.0,nan,0.0,0
6,340,2100,0.07950757575757576,2560,0.8205686450004578,0.73046875,0.04570788433775306,0.5073501721024514,0.307421875,-0.37632147669792176,0.6013686120510101,0.03137257695198059,0.014580989070236684,0.5880020231008529,0.0366546930745244,-0.009053191263228656,0.16632988750934596,nan,0.0,nan,0.0,0
6,352,2112,0.0799621212121212,1480,0.7803768686346105,0.7249999996778127,0.04126411430739068,0.5142930246688224,0.32094594594594594,-0.49302040805687775,0.6009466770532969,0.03137257695198059,0.01505338780179217,0.5933824606843897,0.0366546930745244,-0.004609421232866277,0.16632988750934596,nan,0.0,nan,0.0,0
7,20,2132,0.08071969696969698,2560,0.8350671350955963,0.7078125,0.038786111678928134,0.5051127284765243,0.312890625,-0.3855627000331879,0.5989531427621841,0.03137257695198059,0.01384996371343732,0.5810777932405472,0.04126411430739068,0.002478002628462546,0.16632988750934596,nan,0.0,nan,0.0,0
7,40,2152,0.08147727272727273,2560,0.7658406794071198,0.735546875,0.03790598060004413,0.5139172971248627,0.331640625,-0.5322874322533607,0.5969154506921768,0.03137257695198059,0.013791831256821752,0.5773258656263351,0.04126411430739068,0.0033581337073465486,0.16632988750934596,nan,0.0,0.015625,0.3827651000028709,0
7,60,2172,0.0822348484848485,2560,0.8131568491458893,0.72265625,nan,0.5013814494013786,0.3140625,-0.37536818310618403,0.6034699946641922,0.03137257695198059,0.012938820291310549,0.5788864344358444,0.04126411430739068,nan,0.16632988750934596,nan,0.0,nan,0.0,0
7,80,2192,0.08299242424242426,2560,0.8357846528291702,0.714453125,nan,0.5023325756192207,0.287109375,-0.28165318369865416,0.5968024134635925,0.03137257695198059,0.012453260878100992,0.5721008986234665,nan,nan,0.16632988750934596,nan,0.0,nan,0.0,0
7,100,2212,0.08375,2560,0.9051333695650101,0.68984375,0.047826075181365016,0.5075364574790001,0.26015625,-0.175559258274734,0.6014769434928894,0.03137257695198059,0.013524728268384934,0.5804770320653916,nan,nan,0.16632988750934596,nan,0.0,nan,0.0,0
7,120,2232,0.08450757575757577,2560,0.8603393316268921,0.696484375,nan,0.5121663555502891,0.283203125,-0.3019483722746372,0.5998331904411316,0.03137257695198059,0.011634458508342504,0.5588053941726685,nan,nan,0.16632988750934596,nan,0.0,nan,0.0,0
7,140,2252,0.08526515151515152,2560,0.8021048247814179,0.7203125,0.04828234687447548,0.5036496579647064,0.293359375,-0.3615549184381962,0.5985695153474808,0.03137257695198059,0.012511433381587268,0.5696561753749847,nan,nan,0.16632988750934596,nan,0.0,0.0,0.37245290000282694,0
7,160,2272,0.08602272727272728,2560,0.8652055710554123,0.7078125,0.0458268609829247,0.5079047024250031,0.284765625,-0.29266218170523645,0.6017481714487076,0.03137257695198059,0.011696719145402313,0.5581090718507766,nan,nan,0.16632988750934596,nan,0.0,nan,0.0,0
7,180,2292,0.08678030303030304,2560,0.7904587239027023,0.744921875,0.031534946500323714,0.5034187436103821,0.292578125,-0.40433240979909896,0.6013940393924713,0.03137257695198059,0.011048833513632417,0.55012027323246,nan,nan,0.16632988750934596,nan,0.0,nan,0.0,0
7,200,2312,0.08753787878787879,2560,0.856578278541565,0.70078125,nan,0.506090047955513,0.25078125,-0.16997193871065974,0.6012448847293854,0.03137257695198059,0.01508897552266717,0.5942944824695587,nan,nan,0.16632988750934596,nan,0.0,nan,0.0,0
7,220,2332,0.08829545454545455,2560,0.7271145910024643,0.75078125,0.027992087113671005,0.50543113052845,0.21640625,-0.2225954420864582,0.600350844860077,0.03137257695198059,0.023258098401129246,0.6468524754047393,nan,nan,0.16632988750934596,nan,0.0,nan,0.0,0
7,240,2352,0.0890530303030303,2560,0.722040930390358,0.755859375,0.02352030104957521,0.5019804790616036,0.218359375,-0.21951953172683716,0.6016797602176667,0.03137257695198059,0.03174314135685563,0.6768949568271637,nan,nan,0.16632988750934596,nan,0.0,0.0,0.37266739999176934,0
7,260,2372,0.08981060606060606,2560,0.7636136025190353,0.739453125,0.0337744444841519,0.5146352350711823,0.217578125,-0.21472313143312932,0.6009076654911041,0.03137257695198059,0.037774061784148216,0.7046655982732772,nan,nan,0.16632988750934596,nan,0.0,nan,0.0,0
7,280,2392,0.09056818181818183,2560,0.7419262647628784,0.74296875,0.01337037564953789,0.49480846971273423,0.23125,-0.24291310124099255,0.6011629939079285,0.03137257695198059,0.05277099628001451,0.7437213897705078,nan,nan,0.16632988750934596,nan,0.0,nan,0.0,0
7,300,2412,0.09132575757575757,2560,0.708801931142807,0.76015625,0.014107833593152463,0.5039086773991585,0.259375,-0.3646520234644413,0.599202623963356,0.03137257695198059,0.05091947037726641,0.7415082007646561,nan,nan,0.16632988750934596,nan,0.0,nan,0.0,0
7,320,2432,0.09208333333333334,2560,0.7664735019207001,0.730859375,0.020999480923637747,0.5071421444416047,0.22421875,-0.266243851929903,0.6011865168809891,0.03137257695198059,0.050963398069143295,0.7431469172239303,0.02352030104957521,0.002520820125937462,0.16632988750934596,nan,0.0,nan,0.0,0
7,340,2452,0.0928409090909091,2560,0.7380102068185806,0.747265625,0.01349654671503231,0.5027169689536095,0.212890625,-0.242102912068367,0.600069323182106,0.03137257695198059,0.053844846040010455,0.7486026287078857,0.020999480923637747,0.007502934208605438,0.16632988750934596,nan,0.0,0.0,0.37382539999089204,0
7,352,2464,0.09329545454545456,1480,0.7122587052551476,0.7608108111329981,0.022053623420966638,0.5076220525277627,0.2513513514318982,-0.30083813151797734,0.6011666198034544,0.031372576770750255,0.05119591468089336,0.7440911164154878,0.014107833593152463,-0.007945789827814175,0.16632988750934596,nan,0.0,nan,0.0,0
8,20,2484,0.0940530303030303,2560,0.8412986874580384,0.715234375,0.028133992571383715,0.5095090389251709,0.2140625,-0.16403411217033864,0.5983525812625885,0.03137257695198059,0.05134687293320894,0.7451330155134201,0.014107833593152463,-0.014026158978231252,0.16632988750934596,nan,0.0,nan,0.0,0
8,40,2504,0.09481060606060607,2560,0.8095835864543914,0.71484375,0.021817140013445167,0.5109301403164863,0.1890625,-0.12485132636502386,0.6010552853345871,0.03137257695198059,0.04627073537558317,0.7349113076925278,0.020999480923637747,-0.0008176590898074203,0.16632988750934596,nan,0.0,nan,0.0,0
8,60,2524,0.09556818181818183,2560,0.6974209696054459,0.760546875,0.023201707913540304,0.5019247844815254,0.1875,-0.16469938904047013,0.5992002010345459,0.03137257695198059,0.0492295790463686,0.7412264168262481,0.021817140013445167,-0.001384567900095137,0.16632988750934596,nan,0.0,nan,0.0,0
8,80,2544,0.09632575757575758,2560,0.7400726288557052,0.742578125,0.01737844702147413,0.5055740550160408,0.209375,-0.229184677824378,0.6014765620231628,0.03137257695198059,0.045694078877568246,0.733956691622734,0.022053623420966638,0.004675176399492508,0.16632988750934596,nan,0.0,0.0,0.3733907999994699,0
8,100,2564,0.09708333333333334,2560,0.7858707457780838,0.7296875,0.02927612643688917,0.5051464259624481,0.2234375,-0.18827986288815737,0.6007304131984711,0.03137257695198059,0.04309283886104822,0.7276353985071182,0.022053623420966638,-0.007222503015922532,0.16632988750934596,nan,0.0,nan,0.0,0
8,120,2584,0.09784090909090909,2560,0.8078543066978454,0.73125,0.03630560296587646,0.5048885554075241,0.217578125,-0.178355672955513,0.6008173793554306,0.03137257695198059,0.037984471023082736,0.7168281644582748,0.023201707913540304,-0.013103895052336157,0.16632988750934596,nan,0.0,nan,0.0,0
8,140,2604,0.09859848484848485,2560,0.6806388854980469,0.769140625,0.03728631064295769,0.5096228465437889,0.233203125,-0.2777718883007765,0.6005246669054032,0.03137257695198059,0.03300998769700527,0.7007359296083451,0.023201707913540304,-0.014084602729417386,0.16632988750934596,nan,0.0,nan,0.0,0
8,160,2624,0.09935606060606061,2560,0.7073455572128295,0.766015625,0.03411664557643235,0.4992057949304581,0.235546875,-0.2769187122583389,0.598785799741745,0.03137257695198059,0.03356462549418211,0.7033714532852173,0.02927612643688917,-0.004840519139543177,0.16632988750934596,nan,0.0,nan,0.0,0
8,180,2644,0.10011363636363638,2560,0.75273497402668,0.73359375,0.04527957141399384,0.5170579522848129,0.215234375,-0.2010845433920622,0.6010556727647781,0.03137257695198059,0.030787616316229106,0.6918968230485916,0.03411664557643235,-0.01116292583756149,0.16632988750934596,nan,0.0,0.0,0.3775599000073271,0
8,200,2664,0.10087121212121214,2560,0.7958696991205215,0.727734375,0.031347503792494534,0.49697826206684115,0.226171875,-0.1947344344109297,0.6011001765727997,0.03137257695198059,0.032275292370468375,0.6981267660856247,0.03630560296587646,0.004958099173381927,0.16632988750934596,nan,0.0,nan,0.0,0
8,220,2684,0.10162878787878789,2560,0.6559016034007072,0.782421875,0.04339723605662584,0.5152398630976677,0.23125,-0.29043184369802477,0.6002160608768463,0.03137257695198059,0.03236392559483647,0.6987548887729644,0.03630560296587646,-0.00709163309074938,0.16632988750934596,nan,0.0,nan,0.0,0
8,240,2704,0.10238636363636365,2560,0.6968588411808014,0.769140625,0.030507563473656775,0.5080702617764473,0.2328125,-0.26404153406620023,0.5991733759641648,0.03137257695198059,0.033945527486503126,0.7038476496934891,0.03728631064295769,0.006778747169300915,0.16632988750934596,nan,0.0,nan,0.0,0
8,260,2724,0.1031439393939394,2560,0.7228620260953903,0.75390625,0.02719777065794915,0.5029705300927162,0.215234375,-0.23820911757647992,0.5991078913211823,0.03137257695198059,0.034177600592374804,0.7074616551399231,0.03411664557643235,0.006918874918483198,0.16632988750934596,nan,0.0,nan,0.0,0
8,280,2744,0.10390151515151516,2560,0.6814634665846825,0.766015625,0.034963338635861874,0.5070476680994034,0.23125,-0.27653985247015955,0.5982387751340866,0.03137257695198059,0.03582798112183809,0.7103189170360565,0.031347503792494534,-0.0036158348433673396,0.16632988750934596,nan,0.0,0.0,0.3766257000097539,0
8,300,2764,0.10465909090909092,2560,0.696410471200943,0.7625,0.028897208394482732,0.498124834895134,0.227734375,-0.25038179755210876,0.5996703028678894,0.03137257695198059,0.034562329202890395,0.7055271238088607,0.031347503792494534,0.0024502953980118022,0.16632988750934596,nan,0.0,nan,0.0,0
8,320,2784,0.10541666666666667,2560,0.5848332509398461,0.8078125,0.030008087679743767,0.5129572704434395,0.2453125,-0.3287566311657429,0.6020553797483444,0.03137257695198059,0.03369209263473749,0.7025902718305588,0.030507563473656775,0.0004994757939130075,0.16632988750934596,nan,0.0,nan,0.0,0
8,340,2804,0.10617424242424243,2560,0.7622476488351821,0.75,0.03317550906213,0.5014969035983086,0.2359375,-0.23660397287458182,0.5987578213214875,0.03137257695198059,0.035115421563386914,0.709746128320694,0.030008087679743767,-0.003167421382386234,0.16632988750934596,nan,0.0,nan,0.0,0
8,352,2816,0.10662878787878789,1480,0.6914194168271245,0.7621621615177876,0.03281751664204372,0.5098597748859509,0.2121621623232558,-0.2289223635518873,0.6000497270274807,0.03137257695198059,0.03509416825867988,0.709211857576628,0.030008087679743767,-0.0028094289622999542,0.16632988750934596,nan,0.0,nan,0.0,0
9,20,2836,0.10738636363636365,2560,0.7015738099813461,0.754296875,0.03574250284582377,0.5083591610193252,0.22890625,-0.2558134004473686,0.6000096768140792,0.03137257695198059,0.035945530794560906,0.7119171142578125,0.03281751664204372,-0.002924986203780046,0.16632988750934596,nan,0.0,0.0,0.3783063000009861,0
9,40,2856,0.1081439393939394,2560,0.683591103553772,0.78046875,0.024909903947263955,0.5016873836517334,0.231640625,-0.28760002218186853,0.59919193983078,0.03137257695198059,0.03899646736681461,0.7199320316314697,0.03281751664204372,0.007907612694779766,0.16632988750934596,nan,0.0,nan,0.0,0
9,60,2876,0.10890151515151517,2560,0.6642328113317489,0.772265625,0.0254696095129475,0.5020162120461464,0.224609375,-0.28586539514362813,0.5998255580663681,0.03137257695198059,0.03884555883705616,0.717178812623024,0.03281751664204372,0.007347907129096221,0.16632988750934596,nan,0.0,nan,0.0,0
9,80,2896,0.10965909090909093,2560,0.6373739138245582,0.777734375,0.02811515056528151,0.508081704378128,0.22734375,-0.30125691220164297,0.6005165308713913,0.03137257695198059,0.03880488239228726,0.7182143270969391,0.03281751664204372,0.004702366076762211,0.16632988750934596,nan,0.0,nan,0.0,0
9,100,2916,0.11041666666666668,2560,0.6299524828791618,0.7859375,0.026716460194438695,0.504382973909378,0.24453125,-0.29091930463910104,0.5997001856565476,0.03137257695198059,0.03521939069032669,0.7079566806554795,0.02811515056528151,0.0013986903708428158,0.16632988750934596,nan,0.0,nan,0.0,0
9,120,2936,0.11117424242424244,2560,0.7423516273498535,0.748046875,0.022362412489019334,0.5037768200039864,0.246875,-0.2569734748452902,0.6012550532817841,0.03137257695198059,0.03836813513189554,0.7164302349090577,0.026716460194438695,0.004354047705419362,0.16632988750934596,nan,0.0,0.0,0.38422380000702105,0
9,140,2956,0.11193181818181819,2560,0.6176713243126869,0.791796875,0.030271511524915695,0.5141674235463143,0.243359375,-0.32590300068259237,0.6001738429069519,0.03137257695198059,0.03742881529033184,0.7114639490842819,0.0254696095129475,-0.004801902011968194,0.16632988750934596,nan,0.0,nan,0.0,0
9,160,2976,0.11268939393939395,2560,0.7034461379051209,0.765625,0.024068823887500913,0.496532079577446,0.236328125,-0.27690316587686536,0.5987208336591721,0.03137257695198059,0.041740954481065275,0.7232843548059463,0.026716460194438695,0.0026476363069377826,0.16632988750934596,nan,0.0,nan,0.0,0
9,180,2996,0.11344696969696971,2560,0.6439847782254219,0.784375,0.023915082588791846,0.5031874477863312,0.23203125,-0.2795516923069954,0.6004660457372666,0.03137257695198059,0.042316711694002154,0.724692040681839,0.026716460194438695,0.0028013776056468494,0.16632988750934596,nan,0.0,nan,0.0,0
9,200,3016,0.11420454545454546,2560,0.6797397434711456,0.77109375,0.02892974796704948,0.5070324137806892,0.226171875,-0.27702715918421744,0.6007394313812255,0.03137257695198059,0.03956480175256729,0.7185992330312729,0.024068823887500913,-0.004860924079548568,0.16632988750934596,nan,0.0,nan,0.0,0
9,220,3036,0.11496212121212122,2560,0.648933282494545,0.783984375,0.02134811894502491,0.502132685482502,0.25234375,-0.325321539491415,0.6003861963748932,0.03137257695198059,0.03890126645565033,0.7160100251436233,0.024068823887500913,0.0027207049424760044,0.16632988750934596,nan,0.0,0.0,0.3755332000000635,0
9,240,3056,0.11571969696969697,2560,0.6237433969974517,0.7875,0.02127290627686307,0.503878290951252,0.241796875,-0.31042262092232703,0.600991714000702,0.03137257695198059,0.04137898851186037,0.7233249366283416,0.024068823887500913,0.0027959176106378443,0.16632988750934596,nan,0.0,nan,0.0,0
9,260,3076,0.11647727272727273,2560,0.6496816873550415,0.7796875,0.013958047976484523,0.5038751095533371,0.245703125,-0.3017031572759151,0.5984813928604126,0.03137257695198059,0.04099913984537125,0.7218676060438156,0.023915082588791846,0.009957034612307323,0.16632988750934596,nan,0.0,nan,0.0,0
9,280,3096,0.1172348484848485,2560,0.6383991733193397,0.79375,0.02239174383576028,0.5039673045277595,0.240234375,-0.31854110285639764,0.5996704250574112,0.03137257695198059,0.043854817003011706,0.7269920706748962,0.02134811894502491,-0.0010436248907353708,0.16632988750934596,nan,0.0,nan,0.0,0
9,300,3116,0.11799242424242425,2560,0.6325938165187835,0.78125,0.02728487483691424,0.5054668575525284,0.24921875,-0.30108665600419043,0.6003194332122803,0.03137257695198059,0.040090357698500154,0.7180367469787597,0.02134811894502491,-0.005936755891889332,0.16632988750934596,nan,0.0,nan,0.0,0
9,320,3136,0.11875000000000001,2560,0.5961059331893921,0.792578125,0.023274450609460474,0.5056324169039726,0.241796875,-0.3160620301961899,0.6005808800458908,0.03137257695198059,0.04217473100870848,0.7218647688627243,0.02134811894502491,-0.0019263316644355655,0.16632988750934596,nan,0.0,0.0,0.3763745000032941,0
9,340,3156,0.11950757575757576,2560,0.6034521192312241,0.796484375,0.014445517782587559,0.4961943507194519,0.225,-0.3336766079068184,0.6008985161781311,0.03137257695198059,0.043664655461907384,0.7271866649389267,0.02239174383576028,0.00794622605317272,0.16632988750934596,nan,0.0,nan,0.0,0
9,352,3168,0.11996212121212123,1480,0.668183953697617,0.77770270302489,0.0317601640180156,0.5047242394975714,0.24324324316269644,-0.32613887649935647,0.5995634246516872,0.03137257695198059,0.04377648868673557,0.7276639010455157,0.02239174383576028,-0.009368420182255324,0.16632988750934596,nan,0.0,nan,0.0,0
10,20,3188,0.12071969696969698,2560,0.6102183178067208,0.796875,0.022299224231392144,0.5081691890954971,0.24375,-0.30489025712013246,0.5995390802621842,0.03137257695198059,0.04340571835637093,0.7265914738178253,0.023274450609460474,0.0009752263780683293,0.16632988750934596,nan,0.0,nan,0.0,0
10,40,3208,0.12147727272727274,2560,0.5681704744696617,0.804296875,0.02143224881729111,0.50103380382061,0.26484375,-0.4281514659523964,0.5989472895860672,0.03137257695198059,0.0422996474429965,0.7235234498977661,0.023274450609460474,0.001842201792169363,0.16632988750934596,nan,0.0,nan,0.0,0
10,60,3228,0.1222348484848485,2560,0.5985129401087761,0.80078125,0.023863950255326928,0.5050647914409637,0.245703125,-0.35900787860155103,0.5994454920291901,0.03137257695198059,0.042423912324011326,0.7250537782907486,0.022299224231392144,-0.0015647260239347836,0.16632988750934596,nan,0.0,0.0,0.3678912000032142,0
10,80,3248,0.12299242424242425,2560,0.6659363597631455,0.779296875,0.02156562330201268,0.5032781094312668,0.252734375,-0.35193598121404646,0.5983761072158813,0.03137257695198059,0.044149506650865075,0.7299499452114105,0.022299224231392144,0.0007336009293794632,0.16632988750934596,nan,0.0,nan,0.0,0
10,100,3268,0.12375000000000001,2560,0.6507484912872314,0.7859375,0.018892187136225404,0.501599894464016,0.241015625,-0.3032748579978943,0.5999397486448288,0.03137257695198059,0.04265332091599703,0.7262848258018494,0.022299224231392144,0.0034070370951667407,0.16632988750934596,nan,0.0,nan,0.0,0
10,120,3288,0.12450757575757576,2560,0.6302090764045716,0.785546875,0.013191513600759208,0.498377625644207,0.220703125,-0.30204619467258453,0.5994473904371261,0.03137257695198059,0.04689285699278116,0.7351506054401398,0.02156562330201268,0.008374109701253473,0.16632988750934596,nan,0.0,nan,0.0,0
10,140,3308,0.12526515151515152,2560,0.5981468141078949,0.79921875,0.014078573859296738,0.5079546794295311,0.231640625,-0.30786298364400866,0.6008604884147644,0.03137257695198059,0.04501953292638063,0.7289848119020462,0.02143224881729111,0.007353674957994372,0.16632988750934596,nan,0.0,nan,0.0,0
10,160,3328,0.1260227272727273,2560,0.6387077331542969,0.7828125,0.01572798111010343,0.4975135952234268,0.232421875,-0.31286934614181516,0.6012320458889008,0.03137257695198059,0.048006588220596315,0.7351765632629395,0.018892187136225404,0.0031642060261219754,0.16632988750934596,nan,0.0,0.0,0.3710259999934351,0
10,180,3348,0.12678030303030305,2560,0.6121266528964042,0.788671875,0.00931586609221995,0.4993635967373848,0.244921875,-0.33766395002603533,0.5997571468353271,0.03137257695198059,0.045690189115703106,0.7307588964700699,0.01572798111010343,0.006412115017883479,0.16632988750934596,nan,0.0,nan,0.0,0
10,200,3368,0.12753787878787878,2560,0.5636029705405236,0.8109375,0.0130216522840783,0.5024823650717736,0.234765625,-0.34190256595611573,0.5996462732553482,0.03137257695198059,0.04723343625664711,0.7344625771045685,0.014078573859296738,0.0010569215752184377,0.16632988750934596,nan,0.0,nan,0.0,0
10,220,3388,0.12829545454545455,2560,0.5764931619167328,0.805859375,0.011756035790313035,0.5022520899772644,0.27265625,-0.42643421739339826,0.6009591668844223,0.03137257695198059,0.04511005710810423,0.7295735210180283,0.013191513600759208,0.001435477810446173,0.16632988750934596,nan,0.0,nan,0.0,0
10,240,3408,0.1290530303030303,2560,0.6084257632493972,0.79375,0.013742667029146106,0.5019998103380203,0.25859375,-0.39656752794981004,0.5998082607984543,0.03137257695198059,0.047529857605695724,0.7347183883190155,0.0130216522840783,-0.000721014745067805,0.16632988750934596,nan,0.0,nan,0.0,0
10,260,3428,0.12981060606060607,2560,0.5639365077018738,0.810546875,0.012688330293167382,0.4980545178055763,0.25625,-0.370660200715065,0.6011155664920806,0.03137257695198059,0.047126577235758305,0.73397196829319,0.0130216522840783,0.00033332199091091856,0.16632988750934596,nan,0.0,0.0,0.37540879999869503,0
10,280,3448,0.13056818181818183,2560,0.5893657401204109,0.8078125,0.015203849948011338,0.5044938638806343,0.2453125,-0.3625464916229248,0.5994930535554885,0.03137257695198059,0.04664047099649906,0.7344071447849274,0.012688330293167382,-0.002515519654843956,0.16632988750934596,nan,0.0,nan,0.0,0
10,300,3468,0.13132575757575757,2560,0.5437103152275086,0.8203125,0.011699280625907704,0.5041350200772285,0.236328125,-0.3228016160428524,0.6008434474468232,0.03137257695198059,0.04635398872196674,0.7328251302242279,0.0130216522840783,0.0013223716581705972,0.16632988750934596,nan,0.0,nan,0.0,0
10,320,3488,0.13208333333333333,2560,0.5859196081757545,0.805078125,0.013027716288343072,0.5016524106264114,0.241015625,-0.33329700753092767,0.6009070307016373,0.03137257695198059,0.04654082208871842,0.732795923948288,0.012688330293167382,-0.00033938599517568946,0.16632988750934596,nan,0.0,nan,0.0,0
10,340,3508,0.1328409090909091,2560,0.6427795708179473,0.780078125,0.018595025164540858,0.5034389674663544,0.245703125,-0.30264937952160836,0.6011543512344361,0.03137257695198059,0.04544076845049858,0.7324280619621277,0.013027716288343072,-0.005567308876197786,0.16632988750934596,nan,0.0,nan,0.0,0
10,352,3520,0.13329545454545455,1480,0.6275660141094311,0.7932432435654305,0.007542125508189201,0.5016907414874515,0.22364864897083592,-0.29246323680555497,0.6006578844946784,0.03137257695198059,0.046813579870236884,0.7355328888506503,0.013027716288343072,0.005485590780153871,0.16632988750934596,nan,0.0,0.0,0.38226250000298023,0
11,20,3540,0.1340530303030303,2560,0.6020128652453423,0.796484375,0.006950342177879066,0.49386877566576004,0.245703125,-0.31203440204262733,0.6014553278684616,0.03137257695198059,0.04359286781400442,0.7276393383741379,0.013027716288343072,0.006077374110464006,0.16632988750934596,nan,0.0,nan,0.0,0
11,40,3560,0.13481060606060608,2560,0.5414593607187271,0.810546875,0.011193417332833633,0.5023558422923088,0.2546875,-0.3999714717268944,0.6006085932254791,0.03137257695198059,0.04495787229388952,0.7301337748765946,0.011699280625907704,0.0005058632930740707,0.16632988750934596,nan,0.0,nan,0.0,0
11,60,3580,0.13556818181818184,2560,0.5621785238385201,0.803515625,0.011471204715780914,0.500265134871006,0.254296875,-0.3947178229689598,0.6001973628997803,0.03137257695198059,0.04510222654789686,0.7299801051616669,0.011193417332833633,-0.00027778738294728135,0.16632988750934596,nan,0.0,nan,0.0,0
11,80,3600,0.13632575757575757,2560,0.5205756664276123,0.829296875,0.013207158399745822,0.503577184677124,0.256640625,-0.40852877497673035,0.6001465052366257,0.03137257695198059,0.045454774238169196,0.7305797755718231,0.011193417332833633,-0.0020137410669121888,0.16632988750934596,nan,0.0,nan,0.0,0
11,100,3620,0.13708333333333333,2560,0.5744909524917603,0.798828125,0.012641396786784753,0.502660770714283,0.2609375,-0.4208277016878128,0.6016578823328018,0.03137257695198059,0.04469239115715027,0.7299869120121002,0.011193417332833633,-0.00144797945395112,0.16632988750934596,nan,0.0,0.0,0.37722710000525694,0
11,120,3640,0.1378409090909091,2560,0.5623023226857186,0.8109375,0.014600699348375202,0.5001751124858856,0.264453125,-0.44455011039972303,0.5996381402015686,0.03137257695198059,0.04371629785746336,0.7257445752620697,0.011471204715780914,-0.0031294946325942877,0.16632988750934596,nan,0.0,nan,0.0,0
11,140,3660,0.13859848484848486,2560,0.556960828602314,0.814453125,0.006041735783219338,0.49700242578983306,0.2640625,-0.42603663429617883,0.6023815333843231,0.03137257695198059,0.04534233808517456,0.7287386357784271,0.012641396786784753,0.006599661003565415,0.16632988750934596,nan,0.0,nan,0.0,0
11,160,3680,0.13935606060606062,2560,0.5345833227038383,0.81796875,0.008225540537387133,0.5034337520599366,0.26171875,-0.4690468057990074,0.6009015560150146,0.03137257695198059,0.04481472577899694,0.7297145158052445,0.012641396786784753,0.00441585624939762,0.16632988750934596,nan,0.0,nan,0.0,0
11,180,3700,0.14011363636363636,2560,0.5954195141792298,0.805859375,0.0129847846692428,0.5028036922216416,0.28203125,-0.4627752870321274,0.6006839960813523,0.03137257695198059,0.040458915196359156,0.7185289323329925,0.012641396786784753,-0.0003433878824580464,0.16632988750934596,nan,0.0,nan,0.0,0
11,200,3720,0.14087121212121212,2560,0.5443918362259865,0.831640625,0.010451222595293075,0.5052626460790635,0.2828125,-0.4913444727659225,0.5997212886810303,0.03137257695198059,0.043837770074605945,0.7287331908941269,0.012641396786784753,0.002190174191491678,0.16632988750934596,nan,0.0,0.0,0.3697894999932032,0
11,220,3740,0.14162878787878788,2560,0.4778122201561928,0.836328125,0.009332243516109884,0.5021412089467049,0.26640625,-0.45513619780540465,0.5996386379003524,0.03137257695198059,0.04466291852295399,0.730991318821907,0.010451222595293075,0.0011189790791831904,0.16632988750934596,nan,0.0,nan,0.0,0
11,240,3760,0.14238636363636364,2560,0.5755889847874641,0.809375,0.000526442239060998,0.48884037137031555,0.269921875,-0.44957566559314727,0.6007672876119614,0.03137257695198059,0.046538583002984524,0.7342179358005524,0.009332243516109884,0.008805801277048886,0.16632988750934596,nan,0.0,nan,0.0,0
11,260,3780,0.1431439393939394,2560,0.5542894139885902,0.820703125,0.00900104848551564,0.5070205852389336,0.2734375,-0.43923804312944414,0.6016489863395691,0.03137257695198059,0.04253222290426493,0.7241101354360581,0.009332243516109884,0.0003311950305942453,0.16632988750934596,nan,0.0,nan,0.0,0
11,280,3800,0.14390151515151514,2560,0.6038506746292114,0.80234375,0.006675777002237737,0.49788578003644945,0.28046875,-0.40763928443193437,0.5998492121696473,0.03137257695198059,0.04204783104360103,0.7243004739284515,0.009332243516109884,0.0026564665138721476,0.16632988750934596,nan,0.0,nan,0.0,0
11,300,3820,0.1446590909090909,2560,0.6261543244123459,0.78828125,0.008425384107977153,0.5028160288929939,0.2546875,-0.41382473334670067,0.6007474452257157,0.03137257695198059,0.04392853137105703,0.7261479556560516,0.00900104848551564,0.0005756643775384866,0.16632988750934596,nan,0.0,0.0,0.38336330000311136,0
11,320,3840,0.14541666666666667,2560,0.63072439879179,0.788671875,0.00496256168698892,0.5007534131407738,0.278125,-0.4043560832738876,0.6008129239082336,0.03137257695198059,0.042292817309498784,0.7229016840457916,0.008425384107977153,0.003462822420988233,0.16632988750934596,nan,0.0,nan,0.0,0
11,340,3860,0.14617424242424243,2560,0.6329605787992477,0.7890625,0.005483921070117503,0.4994101315736771,0.2578125,-0.355756726115942,0.6008575648069382,0.03137257695198059,0.042779641784727575,0.7247505456209182,0.006675777002237737,0.0011918559321202338,0.16632988750934596,nan,0.0,nan,0.0,0
11,352,3872,0.1466287878787879,1480,0.5463794543936445,0.8222972976194846,0.005614327636824267,0.4965371785937129,0.24121621605512258,-0.38445406040629826,0.599608076907493,0.031372576770750255,0.040498306300189045,0.720652073138469,0.006675777002237737,0.0010614493654134702,0.16632988750934596,nan,0.0,nan,0.0,0
12,20,3892,0.14738636363636365,2560,0.536917133629322,0.822265625,0.005736970214638859,0.5001250147819519,0.263671875,-0.3963261529803276,0.6009981989860534,0.03137257695198059,0.04190346114337444,0.721653139591217,0.005614327636824267,-0.00012264257781459224,0.16632988750934596,nan,0.0,nan,0.0,0
12,40,3912,0.1481439393939394,2560,0.5981137558817864,0.809765625,0.00795557772507891,0.5025768458843232,0.24453125,-0.3758936434984207,0.6013318568468093,0.03137257695198059,0.04000564254820347,0.7179348945617676,0.005614327636824267,-0.0023412500882546436,0.16632988750934596,nan,0.0,0.0,0.3883649999916088,0
12,60,3932,0.14890151515151515,2560,0.5311166614294052,0.8109375,0.011921999510377645,0.503692127764225,0.258203125,-0.3873849868774414,0.601022481918335,0.03137257695198059,0.04093547090888024,0.7216561168432236,0.005614327636824267,-0.006307671873553379,0.16632988750934596,nan,0.0,nan,0.0,0
12,80,3952,0.1496590909090909,2560,0.5926375553011894,0.793359375,0.00929947352851741,0.5034939005970955,0.2578125,-0.4045669354498386,0.6015737116336822,0.03137257695198059,0.03896898217499256,0.716772049665451,0.005736970214638859,-0.0035625033138785506,0.16632988750934596,nan,0.0,nan,0.0,0
12,100,3972,0.15041666666666667,2560,0.6084769785404205,0.787109375,0.006075087655335665,0.5019981607794761,0.26015625,-0.36032387167215346,0.6014256924390793,0.03137257695198059,0.04233625885099172,0.7251842588186264,0.00795557772507891,0.0018804900697432453,0.16632988750934596,nan,0.0,nan,0.0,0
12,120,3992,0.15117424242424243,2560,0.6076128035783768,0.798828125,0.006878215752658434,0.49815930128097535,0.265234375,-0.41833633109927176,0.6002027094364166,0.03137257695198059,0.0415270933881402,0.7224146991968154,0.00795557772507891,0.0010773619724204764,0.16632988750934596,nan,0.0,nan,0.0,0
12,140,4012,0.1519318181818182,2560,0.5721470877528191,0.80703125,0.0077575803734362125,0.49793918877840043,0.258984375,-0.40924366265535356,0.6015402674674988,0.03137257695198059,0.03841114342212677,0.7155502915382386,0.00795557772507891,0.0001979973516426977,0.16632988750934596,nan,0.0,0.0,0.3814096999994945,0
12,160,4032,0.15268939393939396,2560,0.6003035426139831,0.8,0.010734512493945659,0.5060399547219276,0.250390625,-0.4218757897615433,0.6017489343881607,0.03137257695198059,0.040749667957425115,0.7204740464687347,0.0077575803734362125,-0.002976932120509446,0.16632988750934596,nan,0.0,nan,0.0,0
12,180,4052,0.1534469696969697,2560,0.5524225011467934,0.816015625,0.006064932339359075,0.5000203549861908,0.27578125,-0.4442298173904419,0.6032615840435028,0.03137257695198059,0.043088134936988355,0.7262371629476547,0.0077575803734362125,0.0016926480340771375,0.16632988750934596,nan,0.0,nan,0.0,0
12,200,4072,0.15420454545454546,2560,0.5680823564529419,0.81875,0.001152090250980109,0.49813233613967894,0.279296875,-0.46537004709243773,0.6006983637809753,0.03137257695198059,0.039461151137948035,0.7173047244548798,0.006878215752658434,0.005726125501678325,0.16632988750934596,nan,0.0,nan,0.0,0
12,220,4092,0.15496212121212122,2560,0.631705567240715,0.78515625,0.005363794602453708,0.4983534634113312,0.2671875,-0.418961613625288,0.6023814082145691,0.03137257695198059,0.04153139814734459,0.7215760469436645,0.006878215752658434,0.0015144211502047256,0.16632988750934596,nan,0.0,nan,0.0,0
12,240,4112,0.15571969696969698,2560,0.6070014864206315,0.7890625,0.0114227979676798,0.5083283916115761,0.262890625,-0.39215585589408875,0.600453332066536,0.03137257695198059,0.03858846705406904,0.7135391294956207,0.006064932339359075,-0.005357865628320724,0.16632988750934596,nan,0.0,0.0,0.37640039999678265,0
12,260,4132,0.15647727272727274,2560,0.5421672955155372,0.816015625,0.0017331079114228487,0.4934428006410599,0.284375,-0.4526194140315056,0.6009695887565613,0.03137257695198059,0.04004119019955397,0.7182586133480072,0.006064932339359075,0.004331824427936226,0.16632988750934596,nan,0.0,nan,0.0,0
12,280,4152,0.15723484848484848,2560,0.654243779182434,0.783984375,0.00853771950933151,0.5059275478124619,0.2796875,-0.42208737283945086,0.6001344293355941,0.03137257695198059,0.04079657234251499,0.7210464119911194,0.005363794602453708,-0.003173924906877802,0.16632988750934596,nan,0.0,nan,0.0,0
12,300,4172,0.15799242424242424,2560,0.6440017119050025,0.78984375,0.011855675966944545,0.5042577296495437,0.2484375,-0.3471392050385475,0.6015931636095047,0.03137257695198059,0.03870905265212059,0.7171794205904007,0.005363794602453708,-0.0064918813644908365,0.16632988750934596,nan,0.0,nan,0.0,0
12,320,4192,0.15875,2560,0.6155105262994767,0.790625,0.005414423579350114,0.49490382671356203,0.25078125,-0.3456225924193859,0.6019605278968811,0.03137257695198059,0.03906818889081478,0.7176184356212616,0.00853771950933151,0.0031232959299813965,0.16632988750934596,nan,0.0,nan,0.0,0
12,340,4212,0.15950757575757576,2560,0.625747625529766,0.790625,0.003568254841957241,0.4963426128029823,0.280859375,-0.4063417911529541,0.6005640864372254,0.03137257695198059,0.036082309857010844,0.7093320339918137,0.00853771950933151,0.0049694646673742685,0.16632988750934596,nan,0.0,0.0,0.37499620000016876,0
12,352,4224,0.15996212121212122,1480,0.47995852167541914,0.8527027039914518,0.010026471034900562,0.5167216671479715,0.2567567565151163,-0.43979618066066023,0.6016656711294844,0.03137257695198059,0.03681636112364563,0.7109423814593134,0.005414423579350114,-0.004612047455550448,0.16632988750934596,nan,0.0,nan,0.0,0
13,20,4244,0.16071969696969698,2560,0.5497387036681175,0.8109375,0.002326672384515405,0.49979936331510544,0.28671875,-0.47593103647232055,0.6020162165164947,0.03137257695198059,0.037538215331733224,0.7139254599809647,0.00853771950933151,0.006211047124816105,0.16632988750934596,nan,0.0,nan,0.0,0
13,40,4264,0.16147727272727275,2560,0.5255029380321503,0.829296875,0.0011163268296513706,0.500753803551197,0.27734375,-0.5085153400897979,0.602213180065155,0.03137257695198059,0.037016868218779565,0.714310297369957,0.005414423579350114,0.004298096749698744,0.16632988750934596,nan,0.0,nan,0.0,0
13,60,4284,0.16223484848484848,2560,0.6415777921676635,0.796875,0.002929242531536147,0.5046341076493264,0.2859375,-0.4408785715699196,0.6011590540409089,0.03137257695198059,0.036687378957867625,0.7126535892486572,0.003568254841957241,0.0006390123104210942,0.16632988750934596,nan,0.0,nan,0.0,0
13,80,4304,0.16299242424242424,2560,0.6259499430656433,0.79453125,0.006598867796128616,0.5042076304554939,0.2796875,-0.44632708877325056,0.6003950953483581,0.03137257695198059,0.03640708737075329,0.7129566669464111,0.002929242531536147,-0.0036696252645924687,0.16632988750934596,nan,0.0,0.0,0.373081199999433,0
13,100,4324,0.16375,2560,0.6067421332001686,0.79296875,0.007233328363508917,0.501129038631916,0.273046875,-0.39451469108462334,0.5997811824083328,0.03137257695198059,0.03388999924063683,0.7073568791151047,0.002929242531536147,-0.00430408583197277,0.16632988750934596,nan,0.0,nan,0.0,0
13,120,4344,0.16450757575757577,2560,0.6383228659629822,0.7921875,0.0017234038736205549,0.4993625834584236,0.265234375,-0.4065432116389275,0.6010636866092682,0.03137257695198059,0.03369879685342312,0.7052373200654983,0.002929242531536147,0.001205838657915592,0.16632988750934596,nan,0.0,nan,0.0,0
13,140,4364,0.16526515151515153,2560,0.6462961465120316,0.792578125,0.0018502947059459984,0.5001049190759659,0.264453125,-0.41412256360054017,0.6007020562887192,0.03137257695198059,0.03467172551900148,0.7072562009096146,0.002929242531536147,0.0010789478255901486,0.16632988750934596,nan,0.0,nan,0.0,0
13,160,4384,0.16602272727272727,2560,0.5501760736107826,0.8140625,0.007223519601393491,0.506008793413639,0.26796875,-0.4055676758289337,0.6006575405597687,0.03137257695198059,0.03762536570429802,0.71500845849514,0.002929242531536147,-0.004294277069857344,0.16632988750934596,nan,0.0,nan,0.0,0
13,180,4404,0.16678030303030303,2560,0.5628329277038574,0.80703125,0.009586968034273013,0.5042512431740761,0.276171875,-0.402943854033947,0.6012240290641785,0.03137257695198059,0.03677480388432741,0.7123686730861664,0.006598867796128616,-0.002988100238144397,0.16632988750934596,nan,0.0,0.0,0.37524959999427665,0
13,200,4424,0.1675378787878788,2560,0.573897086083889,0.80859375,nan,0.502226909995079,0.2734375,-0.465161194652319,0.5997490108013153,0.03137257695198059,0.03515885137021542,0.7098695456981658,0.007223519601393491,nan,0.16632988750934596,nan,0.0,nan,0.0,0
13,220,4444,0.16829545454545455,2560,0.5684665024280549,0.81640625,0.0033188939618412406,0.498530849814415,0.284765625,-0.47355436384677885,0.5994789361953735,0.03137257695198059,0.0367556206882,0.7135196328163147,nan,nan,0.16632988750934596,nan,0.0,nan,0.0,0
13,240,4464,0.16905303030303032,2560,0.6405661940574646,0.789453125,0.008363352797459811,0.5006887003779411,0.27890625,-0.437767481803894,0.6011119991540909,0.03137257695198059,0.037210478261113164,0.712711700797081,nan,nan,0.16632988750934596,nan,0.0,nan,0.0,0
13,260,4484,0.16981060606060605,2560,0.5957865014672279,0.800390625,0.011582784942584112,0.5010547801852226,0.254296875,-0.3752516806125641,0.6013836115598679,0.03137257695198059,0.03769289758056402,0.7142272233963013,nan,nan,0.16632988750934596,nan,0.0,nan,0.0,0
13,280,4504,0.1705681818181818,2560,0.5924278795719147,0.80390625,nan,0.5033792018890381,0.2796875,-0.4647188186645508,0.6009709924459458,0.03137257695198059,0.03711430653929711,0.7123078167438507,nan,nan,0.16632988750934596,nan,0.0,0.0,0.37547870000707917,0
13,300,4524,0.1713257575757576,2560,0.5967893555760384,0.805078125,0.009758548764511942,0.5064543545246124,0.2578125,-0.35178007259964944,0.6007939845323562,0.03137257695198059,0.03445187658071518,0.7058749437332154,nan,nan,0.16632988750934596,nan,0.0,nan,0.0,0
13,320,4544,0.17208333333333337,2560,0.5956447005271912,0.805859375,0.009769570158096031,0.5013140514492989,0.279296875,-0.43474999219179156,0.6019767969846725,0.03137257695198059,0.0359940392896533,0.7112323701381683,nan,nan,0.16632988750934596,nan,0.0,nan,0.0,0
13,340,4564,0.1728409090909091,2560,0.6102137237787246,0.79375,-7.272569637279957e-05,0.49873010367155074,0.28828125,-0.4390146344900131,0.60079245865345,0.03137257695198059,0.036675937473773956,0.7115483850240707,nan,nan,0.16632988750934596,nan,0.0,nan,0.0,0
13,352,4576,0.17329545454545456,1480,0.6005724423640483,0.7966216212994344,0.004683005177994837,0.5023265990051063,0.28513513553786923,-0.4138004125775518,0.6027047034856435,0.03137257695198059,0.03611749795240325,0.7111101881877796,nan,nan,0.16632988750934596,nan,0.0,nan,0.0,0
14,20,4596,0.17405303030303032,2560,0.573628044128418,0.8046875,0.010579255467746407,0.5028282299637794,0.26796875,-0.3922537088394165,0.6020691096782684,0.03137257695198059,0.038229390420019625,0.7192108064889908,nan,nan,0.16632988750934596,nan,0.0,0.0,0.3714493000006769,0
14,40,4616,0.17481060606060606,2560,0.5678255438804627,0.8109375,0.005521454988047481,0.5023756787180901,0.260546875,-0.44606853276491165,0.6010835200548172,0.03137257695198059,0.038916298374533656,0.7192625939846039,0.009758548764511942,0.004237093776464461,0.16632988750934596,nan,0.0,nan,0.0,0
14,60,4636,0.17556818181818182,2560,0.622917540371418,0.78984375,0.008209266141057015,0.5035372570157051,0.255859375,-0.3578428626060486,0.5994540095329285,0.03137257695198059,0.03517637923359871,0.709494000673294,0.005521454988047481,-0.002687811153009534,0.16632988750934596,nan,0.0,nan,0.0,0
14,80,4656,0.17632575757575758,2560,0.6192916378378868,0.79296875,0.007057706115301698,0.5002653926610947,0.24765625,-0.3464007511734962,0.600664034485817,0.03137257695198059,0.03599273636937141,0.7115360885858536,0.005521454988047481,-0.0015362511272542173,0.16632988750934596,nan,0.0,nan,0.0,0
14,100,4676,0.17708333333333334,2560,0.6171826899051667,0.78515625,0.0016884452779777348,0.49888408929109573,0.281640625,-0.4207219272851944,0.6020151913166046,0.03137257695198059,0.03808102551847696,0.7156483083963394,0.007057706115301698,0.0053692608373239635,0.16632988750934596,nan,0.0,nan,0.0,0
14,120,4696,0.1778409090909091,2560,0.6015087276697159,0.80390625,0.007236491166986525,0.502079913020134,0.248046875,-0.38128149062395095,0.6008190363645554,0.03137257695198059,0.035697310045361516,0.7110535711050033,0.007057706115301698,-0.00017878505168482644,0.16632988750934596,nan,0.0,0.0,0.375761400006013,0
14,140,4716,0.17859848484848484,2560,0.6154298424720764,0.790234375,0.00895459950552322,0.49766872376203536,0.226953125,-0.3375528670847416,0.6019266963005065,0.03137257695198059,0.037200247123837474,0.7135949105024337,0.007057706115301698,-0.001896893390221521,0.16632988750934596,nan,0.0,nan,0.0,0
14,160,4736,0.1793560606060606,2560,0.5906048700213432,0.801171875,0.003252726816572249,0.4957945644855499,0.262890625,-0.40806549191474917,0.5996372431516648,0.03137257695198059,0.0383601788431406,0.7166352480649948,0.007236491166986525,0.003983764350414276,0.16632988750934596,nan,0.0,nan,0.0,0
14,180,4756,0.18011363636363636,2560,0.6115283280611038,0.8,0.007178948016371578,0.5037647381424903,0.273828125,-0.4348469406366348,0.6008664697408677,0.03137257695198059,0.0388640308752656,0.7178295850753784,0.007057706115301698,-0.00012124190106987953,0.16632988750934596,nan,0.0,nan,0.0,0
14,200,4776,0.18087121212121213,2560,0.6251101732254029,0.80234375,0.00826525161974132,0.5063560649752616,0.259765625,-0.38012307733297346,0.6018685817718505,0.03137257695198059,0.0377087764441967,0.7149769783020019,0.007178948016371578,-0.0010863036033697425,0.16632988750934596,nan,0.0,nan,0.0,0
14,220,4796,0.1816287878787879,2560,0.5843941181898117,0.79921875,0.002519176650093868,0.49910978972911835,0.26875,-0.46412406042218207,0.6022354304790497,0.03137257695198059,0.03914039358496666,0.7174870848655701,0.007236491166986525,0.0047173145168926565,0.16632988750934596,nan,0.0,0.0,0.3794904999958817,0
14,240,4816,0.18238636363636365,2560,0.6082832619547844,0.805078125,0.00836661244975403,0.4974625989794731,0.27265625,-0.42839853167533876,0.6015706598758698,0.03137257695198059,0.03911763019859791,0.7189313858747483,0.007178948016371578,-0.001187664433382452,0.16632988750934596,nan,0.0,nan,0.0,0
14,260,4836,0.18314393939393941,2560,0.5798755049705505,0.807421875,0.00538185874465853,0.5043829724192619,0.266015625,-0.4279597207903862,0.6015464961528778,0.03137257695198059,0.03665561992675066,0.7123195320367813,0.007178948016371578,0.0017970892717130479,0.16632988750934596,nan,0.0,nan,0.0,0
14,280,4856,0.18390151515151518,2560,0.6091984748840332,0.79765625,0.013011671823915095,0.5079340800642967,0.3015625,-0.5011410966515542,0.60047647356987,0.03137257695198059,0.037137543223798274,0.7157423168420791,0.007178948016371578,-0.005832723807543517,0.16632988750934596,nan,0.0,nan,0.0,0
14,300,4876,0.18465909090909094,2560,0.5829221621155739,0.818359375,0.001660650980193168,0.49653118550777436,0.26640625,-0.3911097012460232,0.5999117732048035,0.03137257695198059,0.03534703683108091,0.712423586845398,0.00826525161974132,0.006604600639548153,0.16632988750934596,nan,0.0,nan,0.0,0
14,320,4896,0.18541666666666667,2560,0.5696417808532714,0.814453125,0.004210917674936354,0.5045613780617714,0.294140625,-0.4608097791671753,0.6003303736448288,0.03137257695198059,0.035594118759036064,0.711676624417305,0.00538185874465853,0.001170941069722176,0.16632988750934596,nan,0.0,0.0,0.3778225999994902,0
14,340,4916,0.18617424242424244,2560,0.5540811344981194,0.819921875,0.0016363097587600351,0.4999326214194298,0.293359375,-0.48073924630880355,0.5995208859443665,0.03137257695198059,0.033773984760046005,0.7091630548238754,0.00538185874465853,0.003745548985898495,0.16632988750934596,nan,0.0,nan,0.0,0
14,352,4928,0.1866287878787879,1480,0.6157000235609106,0.7932432432432432,-0.005322454157411246,0.4874643825195931,0.2831081076248272,-0.4329230514732567,0.6009167497222488,0.03137257695198059,0.036533225589507334,0.7153985097601607,0.004210917674936354,0.0095333718323476,0.16632988750934596,nan,0.0,nan,0.0,0
15,20,4948,0.18738636363636363,2560,0.611126360297203,0.797265625,0.010359403304755687,0.5083627194166184,0.28828125,-0.4429605036973953,0.5999531000852585,0.03137257695198059,0.03681680858135224,0.7145639181137085,0.001660650980193168,-0.00869875232456252,0.16632988750934596,nan,0.0,nan,0.0,0
15,40,4968,0.1881439393939394,2560,0.5749022409319877,0.8171875,0.0021069596346933394,0.49775265008211134,0.285546875,-0.47571904510259627,0.6012855768203735,0.03137257695198059,0.03651306126266718,0.7138449817895889,0.001660650980193168,-0.00044630865450017137,0.16632988750934596,nan,0.0,nan,0.0,0
15,60,4988,0.18890151515151515,2560,0.5874636575579644,0.8078125,0.007177060819230974,0.5012202069163323,0.271875,-0.4292773313820362,0.6016614437103271,0.03137257695198059,0.03713370263576508,0.7162904471158982,0.0021069596346933394,-0.005070101184537634,0.16632988750934596,nan,0.0,0.0,0.36768619999929797,0
15,80,5008,0.18965909090909092,2560,0.6276649057865142,0.7953125,0.0014142625092063098,0.5012678936123848,0.29296875,-0.4675459161400795,0.6009878993034363,0.03137257695198059,0.036637575924396516,0.712910783290863,0.0021069596346933394,0.0006926971254870296,0.16632988750934596,nan,0.0,nan,0.0,0
15,100,5028,0.19041666666666668,2560,0.5882214546203614,0.8125,0.006467604299541563,0.5005406856536865,0.28515625,-0.4337349385023117,0.6006809443235397,0.03137257695198059,0.036784020438790324,0.7141115605831146,0.0021069596346933394,-0.004360644664848224,0.16632988750934596,nan,0.0,nan,0.0,0
15,120,5048,0.1911742424242424,2560,0.5604922652244568,0.8234375,0.00809899037121795,0.5014783352613449,0.279296875,-0.47123247683048247,0.6006483942270279,0.03137257695198059,0.036953117698431015,0.7158992379903794,0.006467604299541563,-0.0016313860716763882,0.16632988750934596,nan,0.0,nan,0.0,0
15,140,5068,0.1919318181818182,2560,0.605430793762207,0.7953125,0.008130030799657106,0.5032763317227363,0.294140625,-0.4632481038570404,0.6014304041862488,0.03137257695198059,0.03583004679530859,0.7141439974308014,0.006467604299541563,-0.0016624265001155434,0.16632988750934596,nan,0.0,nan,0.0,0
15,160,5088,0.19268939393939397,2560,0.6825231537222862,0.780078125,0.012992747337557375,0.5018582835793495,0.2359375,-0.3143748715519905,0.6007621914148331,0.03137257695198059,0.034817817993462084,0.7123905807733536,0.007177060819230974,-0.005815686518326401,0.16632988750934596,nan,0.0,0.0,0.3734561000019312,0
15,180,5108,0.19344696969696973,2560,0.588532879948616,0.808203125,0.008839751861523837,0.5001161128282547,0.253125,-0.35678621381521225,0.6006631404161453,0.03137257695198059,0.03443321529775858,0.7089592009782791,0.00809899037121795,-0.0007407614903058857,0.16632988750934596,nan,0.0,nan,0.0,0
15,200,5128,0.19420454545454546,2560,0.5966252341866494,0.79453125,0.004654772079084069,0.49945082813501357,0.29296875,-0.4692279055714607,0.600174218416214,0.03137257695198059,0.03595191761851311,0.710615587234497,0.008130030799657106,0.003475258720573037,0.16632988750934596,nan,0.0,nan,0.0,0
15,220,5148,0.19496212121212123,2560,0.5980429366230965,0.803515625,0.0046834541950374845,0.5014653667807579,0.298046875,-0.5239789769053459,0.6011053919792175,0.03137257695198059,0.0359907241538167,0.711257004737854,0.008130030799657106,0.0034465766046196215,0.16632988750934596,nan,0.0,nan,0.0,0
15,240,5168,0.195719696969697,2560,0.5792165294289588,0.80859375,0.003845397726399824,0.5011186137795448,0.294921875,-0.47389652132987975,0.601346218585968,0.03137257695198059,0.03848672565072775,0.7204551428556443,0.008130030799657106,0.004284633073257282,0.16632988750934596,nan,0.0,nan,0.0,0
15,260,5188,0.19647727272727275,2560,0.6093142986297607,0.803515625,0.008958521240856498,0.5044490963220596,0.27109375,-0.44837846904993056,0.6014480769634247,0.03137257695198059,0.037669471278786656,0.7163445979356766,0.0046834541950374845,-0.004275067045819014,0.16632988750934596,nan,0.0,0.0,0.3727950000029523,0
15,280,5208,0.1972348484848485,2560,0.507435417175293,0.83359375,0.0002904893655795604,0.5002807766199112,0.29140625,-0.5681208118796348,0.5994002193212509,0.03137257695198059,0.035973199643194675,0.7131520330905914,0.0046834541950374845,0.004392964829457924,0.16632988750934596,nan,0.0,nan,0.0,0
15,300,5228,0.19799242424242425,2560,0.5204770267009735,0.82421875,0.0011591164278797806,0.4973378598690033,0.32265625,-0.6209406197071076,0.601048931479454,0.03137257695198059,0.034845135547220706,0.7103645205497742,0.004654772079084069,0.0034956556512042883,0.16632988750934596,nan,0.0,nan,0.0,0
15,320,5248,0.19875,2560,0.5866994008421897,0.81015625,0.0007091850275173783,0.4994298413395882,0.297265625,-0.5171426475048065,0.6007878810167313,0.03137257695198059,0.03633239157497883,0.714453998208046,0.003845397726399824,0.0031362126988824456,0.16632988750934596,nan,0.0,nan,0.0,0
15,340,5268,0.19950757575757577,2560,0.5809043526649476,0.8,0.003725548752117902,0.49973476529121397,0.293359375,-0.4694263592362404,0.6012942165136337,0.03137257695198059,0.03464336674660444,0.7096630543470382,0.0011591164278797806,-0.0025664323242381216,0.16632988750934596,nan,0.0,nan,0.0,0
15,352,5280,0.1999621212121212,1480,0.5965135281150405,0.8108108124217471,0.013883593524932056,0.5094236296576422,0.262162162242709,-0.3946453476274336,0.6007212174905313,0.03137257695198059,0.03572112037926107,0.7132672238994289,0.0011591164278797806,-0.012724477097052276,0.16632988750934596,nan,0.0,0.0,0.3819459999940591,0
16,20,5300,0.19928030303030303,2560,0.5894157603383064,0.80546875,0.0041216864250600335,0.49979745149612426,0.28359375,-0.4581459254026413,0.6004808008670807,0.03137257695198059,0.03738171961158514,0.7154457867145538,0.0011591164278797806,-0.002962569997180253,0.16632988750934596,nan,0.0,nan,0.0,0
16,40,5320,0.1985227272727273,2560,0.6243735805153847,0.79765625,0.005752747436054051,0.4999422818422318,0.262109375,-0.4025684155523777,0.60181365609169,0.03137257695198059,0.03640587385743856,0.713218954205513,0.003725548752117902,-0.002027198683936149,0.16632988750934596,nan,0.0,nan,0.0,0
16,60,5340,0.1977651515151515,2560,0.6354371473193169,0.78671875,0.010014508766471409,0.5039516553282738,0.2515625,-0.3303612355142832,0.6015529811382294,0.03137257695198059,0.03444242160767317,0.7103999704122543,0.0041216864250600335,-0.0058928223414113756,0.16632988750934596,nan,0.0,nan,0.0,0
16,80,5360,0.19700757575757577,2560,0.6699264466762542,0.773828125,0.0055399055825546386,0.5041474863886833,0.24609375,-0.3338203579187393,0.5998329371213913,0.03137257695198059,0.03591646887362003,0.7116903007030487,0.005752747436054051,0.0002128418534994127,0.16632988750934596,nan,0.0,nan,0.0,0
16,100,5380,0.19625,2560,0.5863027393817901,0.80546875,0.0044383805594407025,0.5011659130454064,0.28359375,-0.4591536059975624,0.6014609217643738,0.03137257695198059,0.03328414605930448,0.7033992022275924,0.005752747436054051,0.0013143668766133487,0.16632988750934596,nan,0.0,0.0,0.38190389999363106,0
16,120,5400,0.19549242424242427,2560,0.6425708487629891,0.794921875,0.006195750483311713,0.5073059275746346,0.2765625,-0.43090716898441317,0.6018011897802353,0.03137257695198059,0.03481992408633232,0.7079602628946304,0.0055399055825546386,-0.000655844900757074,0.16632988750934596,nan,0.0,nan,0.0,0
16,140,5420,0.19473484848484848,2560,0.5687378421425819,0.8125,0.003536290192278102,0.49735681116580965,0.2546875,-0.40282425582408904,0.6006126582622529,0.03137257695198059,0.03586052730679512,0.7120728969573975,0.005752747436054051,0.0022164572437759493,0.16632988750934596,nan,0.0,nan,0.0,0
16,160,5440,0.19397727272727275,2560,0.553647692501545,0.812109375,0.010533679998479784,0.5069194942712784,0.259375,-0.470027257502079,0.6015889674425126,0.03137257695198059,0.03694343622773886,0.7131946951150894,0.0055399055825546386,-0.004993774415925145,0.16632988750934596,nan,0.0,nan,0.0,0
16,180,5460,0.19321969696969699,2560,0.5647036135196686,0.813671875,0.001929135451791808,0.4958174526691437,0.269921875,-0.4921095624566078,0.6009740471839905,0.03137257695198059,0.03473978918045759,0.7100541412830352,0.0055399055825546386,0.0036107701307628304,0.16632988750934596,nan,0.0,nan,0.0,0
16,200,5480,0.19246212121212125,2560,0.5492638945579529,0.819140625,0.004091106227133423,0.49893494993448256,0.318359375,-0.5470459714531899,0.5993777096271515,0.03137257695198059,0.03521631034091115,0.7133326888084411,0.0044383805594407025,0.00034727433230727963,0.16632988750934596,nan,0.0,0.0,0.3780989000078989,0
16,220,5500,0.19170454545454546,2560,0.5590587258338928,0.810546875,0.006151900338591076,0.5019959911704064,0.276171875,-0.5024061352014542,0.6016295254230499,0.03137257695198059,0.035079367272555825,0.710995402932167,0.004091106227133423,-0.0020607941114576533,0.16632988750934596,nan,0.0,nan,0.0,0
16,240,5520,0.19094696969696973,2560,0.5587725341320038,0.8125,0.007423345046117902,0.5039656430482864,0.278125,-0.4754331260919571,0.6001522243022919,0.03137257695198059,0.033597119711339475,0.705942577123642,0.004091106227133423,-0.0033322388189844787,0.16632988750934596,nan,0.0,nan,0.0,0
16,260,5540,0.19018939393939394,2560,0.5156156569719315,0.8296875,0.0053483227267861365,0.4993602901697159,0.285546875,-0.5327285721898078,0.6019484400749207,0.03137257695198059,0.033575895428657535,0.70495964884758,0.006151900338591076,0.0008035776118049398,0.16632988750934596,nan,0.0,nan,0.0,0
16,280,5560,0.1894318181818182,2560,0.6205065995454788,0.79296875,0.008880671916995198,0.5022373363375664,0.26171875,-0.39664715975522996,0.599888625741005,0.03137257695198059,0.03565807640552521,0.7118293166160583,0.0053483227267861365,-0.0035323491902090618,0.16632988750934596,nan,0.0,nan,0.0,0
16,300,5580,0.18867424242424244,2560,0.5795903772115707,0.810546875,0.005696075671585277,0.49568444341421125,0.279296875,-0.413229401409626,0.6004532039165497,0.03137257695198059,0.03527978882193565,0.7122268557548523,0.006151900338591076,0.0004558246670057992,0.16632988750934596,nan,0.0,0.0,0.3807600000000093,0
16,320,5600,0.1879166666666667,2560,0.5324844971299172,0.826953125,0.008233055751770735,0.511235186457634,0.27734375,-0.5069441482424736,0.6001988917589187,0.03137257695198059,0.03524825870990753,0.7110522806644439,0.006151900338591076,-0.0020811554131796592,0.16632988750934596,nan,0.0,nan,0.0,0
16,340,5620,0.1871590909090909,2560,0.5771371588110924,0.803125,4.356535500846803e-05,0.49757386595010755,0.31015625,-0.5414705619215965,0.6017048060894012,0.03137257695198059,0.033263237401843074,0.707641276717186,0.007423345046117902,0.007379779691109434,0.16632988750934596,nan,0.0,nan,0.0,0
16,352,5632,0.18670454545454548,1480,0.6236214715081292,0.7864864868086737,0.009693983076391993,0.4967646028544452,0.2959459456237587,-0.39599289491369916,0.6018216223330111,0.03137257695198059,0.032547041793932786,0.7041505617064399,0.005696075671585277,-0.003997907404806716,0.16632988750934596,nan,0.0,nan,0.0,0
17,20,5652,0.1859469696969697,2560,0.5290069282054901,0.822265625,0.013197277230210603,0.5030758067965507,0.26796875,-0.4687033787369728,0.6013220727443696,0.03137257695198059,0.032835903391242025,0.70409294962883,0.008233055751770735,-0.004964221478439867,0.16632988750934596,nan,0.0,nan,0.0,0
17,40,5672,0.18518939393939396,2560,0.5664286062121391,0.815234375,0.010057070548646152,0.506415317952633,0.278515625,-0.4814407408237457,0.6009477198123931,0.03137257695198059,0.03506805058568716,0.7098605334758759,0.008233055751770735,-0.0018240147968754169,0.16632988750934596,nan,0.0,0.0,0.38311930000782013,0
17,60,5692,0.1844318181818182,2560,0.5304696172475815,0.826171875,0.006669932359363884,0.49993910938501357,0.28203125,-0.4847766250371933,0.6007997095584869,0.03137257695198059,0.038879289478063586,0.7208492547273636,0.009693983076391993,0.003024050717028109,0.16632988750934596,nan,0.0,nan,0.0,0
17,80,5712,0.18367424242424246,2560,0.5415666669607162,0.821875,0.007461495930328965,0.5031989023089409,0.247265625,-0.43714677542448044,0.6005525231361389,0.03137257695198059,0.03613217752426863,0.7123733818531036,0.009693983076391993,0.002232487146063028,0.16632988750934596,nan,0.0,nan,0.0,0
17,100,5732,0.18291666666666667,2560,0.6099202707409859,0.80546875,0.003801985632162541,0.5051390513777733,0.26015625,-0.4353769555687904,0.6001504480838775,0.03137257695198059,0.03601368311792612,0.7101110965013504,0.009693983076391993,0.005891997444229452,0.16632988750934596,nan,0.0,nan,0.0,0
17,120,5752,0.18215909090909094,2560,0.5630202680826187,0.8171875,0.006454638903960586,0.5062095820903778,0.280859375,-0.4313815623521805,0.6011286616325379,0.03137257695198059,0.03596129808574915,0.7105767101049423,0.007461495930328965,0.0010068570263683796,0.16632988750934596,nan,0.0,nan,0.0,0
17,140,5772,0.18140151515151515,2560,0.5380619585514068,0.8265625,nan,0.5012004971504211,0.275390625,-0.4481949806213379,0.5992682337760925,0.03137257695198059,0.0366124851629138,0.7134513765573501,0.006669932359363884,nan,0.16632988750934596,nan,0.0,0.0,0.3708085999969626,0
17,160,5792,0.1806439393939394,2560,0.5401796475052834,0.822265625,0.005507994332583621,0.5015415295958519,0.290234375,-0.5199457079172134,0.6000380337238311,0.03137257695198059,0.03663458153605461,0.71414635181427,nan,nan,0.16632988750934596,nan,0.0,nan,0.0,0
17,180,5812,0.17988636363636365,2560,0.5176020368933678,0.8265625,0.006432921881787479,0.5078562587499619,0.2640625,-0.48250204175710676,0.601533654332161,0.03137257695198059,0.03537623640149832,0.7108695328235626,nan,nan,0.16632988750934596,nan,0.0,nan,0.0,0
17,200,5832,0.17912878787878792,2560,0.5378728017210961,0.822265625,-0.0008503115619532764,0.49337389022111894,0.26796875,-0.43225710541009904,0.6010887354612351,0.03137257695198059,0.03541234526783228,0.7115224301815033,nan,nan,0.16632988750934596,nan,0.0,nan,0.0,0
17,220,5852,0.17837121212121212,2560,0.5434552595019341,0.811328125,0.010266205543302931,0.5084179118275642,0.284375,-0.48639091551303865,0.6015035182237625,0.03137257695198059,0.03484778478741646,0.7086797416210174,nan,nan,0.16632988750934596,nan,0.0,nan,0.0,0
17,240,5872,0.1776136363636364,2560,0.5337115332484246,0.829296875,nan,0.4997565120458603,0.29609375,-0.5631321027874947,0.6005398005247116,0.03137257695198059,0.03424984011799097,0.7072004824876785,nan,nan,0.16632988750934596,nan,0.0,0.0,0.3762187999964226,0
17,260,5892,0.17685606060606063,2560,0.5495960086584091,0.819921875,0.005036112864036113,0.5045477718114852,0.281640625,-0.4573982313275337,0.6011694848537446,0.03137257695198059,0.03676737938076258,0.7153645485639573,nan,nan,0.16632988750934596,nan,0.0,nan,0.0,0
17,280,5912,0.17609848484848484,2560,0.5275545567274094,0.829296875,0.006113192511838861,0.5005155071616173,0.28671875,-0.5066840544342994,0.6002983242273331,0.03137257695198059,0.038707715831696986,0.7196265906095505,nan,nan,0.16632988750934596,nan,0.0,nan,0.0,0
17,300,5932,0.1753409090909091,2560,0.5021479576826096,0.841015625,0.0036732443084474655,0.5017749920487404,0.2671875,-0.5449134409427643,0.5997398525476456,0.03137257695198059,0.037620387971401215,0.7168937057256699,nan,nan,0.16632988750934596,nan,0.0,nan,0.0,0
17,320,5952,0.1745833333333333,2560,0.565391144156456,0.817578125,nan,0.5007034406065941,0.283984375,-0.4612136363983154,0.6006585657596588,0.03137257695198059,0.04008671343326568,0.7192747175693512,nan,nan,0.16632988750934596,nan,0.0,nan,0.0,0
17,340,5972,0.17382575757575758,2560,0.6185248598456383,0.794921875,0.00813696082914248,0.5043644115328789,0.259765625,-0.40186425894498823,0.6004754632711411,0.03137257695198059,0.03990963660180569,0.7205029547214508,nan,nan,0.16632988750934596,nan,0.0,0.0,0.3773343000066234,0
17,352,5984,0.17337121212121215,1480,0.5600134619184443,0.8195945936280328,0.008201640330859133,0.49750516317986154,0.2472972977000314,-0.4015984267801852,0.6026547741245579,0.03137257695198059,0.0330673224619917,0.7002876616813041,nan,nan,0.16632988750934596,nan,0.0,nan,0.0,0
18,20,6004,0.17261363636363636,2560,0.5665650740265846,0.8140625,nan,0.49610380828380585,0.2640625,-0.41926629692316053,0.6003775507211685,0.03137257695198059,0.03641646094620228,0.7114933848381042,nan,nan,0.16632988750934596,nan,0.0,nan,0.0,0
18,40,6024,0.17185606060606062,2560,0.47962496876716615,0.846875,0.0019954745075665414,0.5018311992287636,0.29140625,-0.5339673385024071,0.60110704600811,0.03137257695198059,0.03697423618286848,0.7129210889339447,nan,nan,0.16632988750934596,nan,0.0,nan,0.0,0
18,60,6044,0.17109848484848486,2560,0.5263927713036537,0.82421875,0.011782641807803884,0.5042999416589737,0.300390625,-0.5663355112075805,0.6016096889972686,0.03137257695198059,0.03645135145634413,0.7120259702205658,nan,nan,0.16632988750934596,nan,0.0,nan,0.0,0
18,80,6064,0.17034090909090913,2560,0.5369236066937446,0.822265625,0.004257017729105428,0.5025543361902237,0.29296875,-0.5444166675209999,0.6005921870470047,0.03137257695198059,0.037328699789941314,0.7139016538858414,nan,nan,0.16632988750934596,nan,0.0,0.0,0.37084309999772813,0
18,100,6084,0.16958333333333334,2560,0.523151583969593,0.834765625,0.0022501739440485835,0.5022160992026329,0.266796875,-0.5044208243489265,0.6002496182918549,0.03137257695198059,0.03790476508438587,0.7183582097291946,nan,nan,0.16632988750934596,nan,0.0,nan,0.0,0
18,120,6104,0.1688257575757576,2560,0.5593790143728257,0.81484375,nan,0.4934536039829254,0.26796875,-0.3986306622624397,0.6024424463510514,0.03137257695198059,0.039453772641718385,0.72109335064888,nan,nan,0.16632988750934596,nan,0.0,nan,0.0,0
18,140,6124,0.16806818181818184,2560,0.6045709475874901,0.798828125,0.009680314292199909,0.5009690761566162,0.241796875,-0.4094575360417366,0.6002191096544266,0.03137257695198059,0.037715133279561996,0.71626415848732,nan,nan,0.16632988750934596,nan,0.0,nan,0.0,0
18,160,6144,0.1673106060606061,2560,0.542790538072586,0.825390625,0.004001189378323033,0.5016447857022286,0.270703125,-0.42020672261714936,0.6003597557544709,0.03137257695198059,0.0357431860640645,0.7099902987480163,nan,nan,0.16632988750934596,nan,0.0,nan,0.0,0
18,180,6164,0.1665530303030303,2560,0.5322662800550461,0.8234375,0.009248468026635237,0.5027088314294815,0.257421875,-0.44927710965275763,0.600232082605362,0.03137257695198059,0.03433613274246454,0.7062501072883606,nan,nan,0.16632988750934596,nan,0.0,0.0,0.37730819999706,0
18,200,6184,0.16579545454545452,2560,0.549557089805603,0.811328125,0.007680725946556777,0.5014933362603188,0.277734375,-0.47505937814712523,0.6010788142681122,0.03137257695198059,0.03601921778172255,0.7125650316476821,nan,nan,0.16632988750934596,nan,0.0,nan,0.0,0
18,220,6204,0.1650378787878788,2560,0.5693390309810639,0.816015625,4.165441496297717e-05,0.5021662592887879,0.302734375,-0.5160965040326119,0.6018305629491806,0.03137257695198059,0.03683506771922111,0.7164446026086807,nan,nan,0.16632988750934596,nan,0.0,nan,0.0,0
18,240,6224,0.16428030303030303,2560,0.49895737916231153,0.833203125,0.0024407661287114022,0.5026540294289589,0.26484375,-0.4529398769140244,0.6009924829006195,0.03137257695198059,0.036489212140440944,0.7141899734735488,0.007680725946556777,0.0052399598178453745,0.16632988750934596,nan,0.0,nan,0.0,0
18,260,6244,0.1635227272727273,2560,0.5516238257288932,0.819140625,0.005553700070595369,0.5043213054537773,0.291015625,-0.5407536193728447,0.6009904414415359,0.03137257695198059,0.036463605053722856,0.7133403509855271,0.004001189378323033,-0.0015525106922723358,0.16632988750934596,nan,0.0,nan,0.0,0
18,280,6264,0.1627651515151515,2560,0.4872247830033302,0.8328125,0.000879400986013934,0.4991960048675537,0.2671875,-0.4605116665363312,0.6006884455680848,0.03137257695198059,0.03551310375332832,0.7088699042797089,0.005553700070595369,0.0046742990845814346,0.16632988750934596,nan,0.0,0.0,0.3786009000032209,0
18,300,6284,0.16200757575757577,2560,0.46444401293993,0.84296875,0.005462551309028641,0.5014718547463417,0.26640625,-0.5054908037185669,0.6011075526475906,0.03137257695198059,0.03489209804683924,0.7101906538009644,0.0024407661287114022,-0.0030217851803172385,0.16632988750934596,nan,0.0,nan,0.0,0
18,320,6304,0.16125,2560,0.4737025827169418,0.844921875,-0.0003135112812742591,0.49853733479976653,0.28359375,-0.5341992422938346,0.6008860468864441,0.03137257695198059,0.03468728326261043,0.71077820956707,0.0024407661287114022,0.002754277409985661,0.16632988750934596,nan,0.0,nan,0.0,0
18,340,6324,0.16049242424242427,2560,0.4559430927038193,0.854296875,0.009932402684353293,0.5071182414889336,0.266796875,-0.5011888593435287,0.5991067469120026,0.03137257695198059,0.03592052590101957,0.713785070180893,0.0024407661287114022,-0.0074916365556418904,0.16632988750934596,nan,0.0,nan,0.0,0
18,352,6336,0.1600378787878788,1480,0.4977203498015533,0.8358108124217472,0.005407477844808553,0.49926164794612576,0.326351351512445,-0.6816944650701574,0.6018559285112329,0.031372576770750255,0.03623832715926944,0.7131324094695014,0.005462551309028641,5.507346422008782e-05,0.16632988750934596,nan,0.0,nan,0.0,0
19,20,6356,0.15928030303030305,2560,0.543928399682045,0.812890625,nan,0.5056851893663407,0.279296875,-0.4802877739071846,0.6014450311660766,0.03137257695198059,0.034301252104341984,0.7090259492397308,0.005407477844808553,nan,0.16632988750934596,nan,0.0,0.0,0.3797404000069946,0
19,40,6376,0.15852272727272732,2560,0.5505576506257057,0.81796875,nan,0.49438197910785675,0.266015625,-0.4043374478816986,0.5995657801628113,0.03137257695198059,0.0359095249325037,0.7107349634170532,nan,nan,0.16632988750934596,nan,0.0,nan,0.0,0
19,60,6396,0.15776515151515152,2560,0.47436644583940507,0.83984375,0.003285787254571915,0.5045739650726319,0.2765625,-0.5323269635438919,0.5998620510101318,0.03137257695198059,0.03333688760176301,0.7047774851322174,nan,nan,0.16632988750934596,nan,0.0,nan,0.0,0
19,80,6416,0.1570075757575758,2560,0.48651231825351715,0.835546875,-0.003657051466871053,0.4946537181735039,0.2984375,-0.6335314601659775,0.6004613399505615,0.03137257695198059,0.03322254717350006,0.7052295178174972,nan,nan,0.16632988750934596,nan,0.0,nan,0.0,0
19,100,6436,0.15625,2560,0.523699676990509,0.83203125,0.0006765589001588524,0.5033123150467873,0.29453125,-0.5315642833709717,0.5993835687637329,0.03137257695198059,0.03420344516634941,0.7088748276233673,nan,nan,0.16632988750934596,nan,0.0,nan,0.0,0
19,120,6456,0.15549242424242424,2560,0.49484250545501707,0.836328125,0.004422713149688206,0.5046384319663048,0.268359375,-0.473470002412796,0.601893761754036,0.03137257695198059,0.035541433840990067,0.7107555329799652,nan,nan,0.16632988750934596,nan,0.0,0.0,0.37662719999207184,0
19,140,6476,0.1547348484848485,2560,0.4715303838253021,0.8421875,-0.0010651126503944397,0.4952608898282051,0.271875,-0.49086510241031645,0.6004333674907685,0.03137257695198059,0.03655015267431736,0.7153280049562454,nan,nan,0.16632988750934596,nan,0.0,nan,0.0,0
19,160,6496,0.1539772727272727,2560,0.4495131365954876,0.858984375,0.004463845840655267,0.5063361033797265,0.28203125,-0.5665454968810082,0.5996148616075516,0.03137257695198059,0.03476039301604032,0.7111350119113922,0.0006765589001588524,-0.0037872869404964146,0.16632988750934596,nan,0.0,nan,0.0,0
19,180,6516,0.15321969696969698,2560,0.4785242334008217,0.83359375,0.007381845061900094,0.49924698919057847,0.277734375,-0.5157082095742226,0.6006055325269699,0.03137257695198059,0.035832992382347585,0.7154573678970337,0.0006765589001588524,-0.0067052861617412415,0.16632988750934596,nan,0.0,nan,0.0,0
19,200,6536,0.15246212121212122,2560,0.49662205427885053,0.8328125,0.0015802384121343493,0.49777515828609464,0.267578125,-0.47606576383113863,0.6008379876613616,0.03137257695198059,0.035262081399559976,0.7118254959583282,0.004422713149688206,0.0028424747375538567,0.16632988750934596,nan,0.0,nan,0.0,0
19,220,6556,0.15170454545454548,2560,0.49157726764678955,0.834765625,0.004855207609944045,0.5044091731309891,0.29765625,-0.5378098845481872,0.5996022820472717,0.03137257695198059,0.03600156102329492,0.714504212141037,0.004422713149688206,-0.00043249446025583893,0.16632988750934596,nan,0.0,0.0,0.3747238999931142,0
19,240,6576,0.1509469696969697,2560,0.4312820240855217,0.863671875,0.008894531379337423,0.5053473249077797,0.298046875,-0.5678919136524201,0.6009781122207641,0.03137257695198059,0.03500225450843573,0.710552966594696,0.004463845840655267,-0.004430685538682156,0.16632988750934596,nan,0.0,nan,0.0,0
19,260,6596,0.15018939393939396,2560,0.4745997294783592,0.84765625,3.325563156977296e-05,0.5006272733211518,0.294921875,-0.594797819852829,0.6004722833633422,0.03137257695198059,0.03701136186718941,0.7144635111093521,0.004855207609944045,0.004821951978374272,0.16632988750934596,nan,0.0,nan,0.0,0
19,280,6616,0.14943181818181817,2560,0.4790805965662003,0.85078125,0.005510737115400843,0.5037895411252975,0.287109375,-0.5523473948240281,0.6001837641000748,0.03137257695198059,0.03721836395561695,0.7160046964883804,0.004855207609944045,-0.0006555295054567981,0.16632988750934596,nan,0.0,nan,0.0,0
19,300,6636,0.14867424242424243,2560,0.4874668657779694,0.8375,0.0010924360365606844,0.49788209795951843,0.2921875,-0.5456135272979736,0.6017565578222275,0.03137257695198059,0.0356896435841918,0.7105809688568115,0.004855207609944045,0.0037627715733833606,0.16632988750934596,nan,0.0,nan,0.0,0
19,320,6656,0.14791666666666667,2560,0.5178561851382255,0.82890625,0.001083117094822228,0.4937300503253937,0.26328125,-0.4616116136312485,0.5996654719114304,0.03137257695198059,0.036108553595840934,0.7120686739683151,0.004855207609944045,0.0037720905151218172,0.16632988750934596,nan,0.0,0.0,0.3740602000034414,0
19,340,6676,0.14715909090909093,2560,0.536642937362194,0.825,0.0033621736685745416,0.5102663815021515,0.274609375,-0.4889467880129814,0.6009411036968231,0.03137257695198059,0.035024672746658325,0.7090716093778611,0.0010924360365606844,-0.002269737632013857,0.16632988750934596,nan,0.0,nan,0.0,0
19,352,6688,0.14670454545454548,1480,0.5591584379608566,0.8222972976194846,0.003847485956912105,0.4939077145344502,0.28851351367460715,-0.5315375398945164,0.6016036449251948,0.03137257695198059,0.035782784404786855,0.7135277264827007,0.0010924360365606844,-0.002755049920351421,0.16632988750934596,nan,0.0,nan,0.0,0
20,20,6708,0.14594696969696971,2560,0.5331566825509071,0.821875,0.002997687831521034,0.4988707318902016,0.292578125,-0.49210586696863173,0.6012298732995986,0.03137257695198059,0.03477525934576988,0.709834098815918,0.0033621736685745416,0.00036448583705350757,0.16632988750934596,nan,0.0,nan,0.0,0
20,40,6728,0.14518939393939392,2560,0.4570045471191406,0.859375,0.004784919135272503,0.5008996456861496,0.254296875,-0.4470986947417259,0.6018614679574966,0.03137257695198059,0.03553653303533792,0.7114285796880722,0.002997687831521034,-0.0017872313037514687,0.16632988750934596,nan,0.0,nan,0.0,0
20,60,6748,0.1444318181818182,2560,0.4887878388166428,0.83984375,0.006754322344204411,0.49969051480293275,0.25859375,-0.4574590340256691,0.6005868494510651,0.03137257695198059,0.035894251242280004,0.7126193076372147,0.0033621736685745416,-0.003392148675629869,0.16632988750934596,nan,0.0,0.0,0.3708307000051718,0
20,80,6768,0.1436742424242424,2560,0.4422451674938202,0.8578125,0.00303539608430583,0.5006892085075378,0.28125,-0.5165412664413452,0.5999096035957336,0.03137257695198059,0.034371948800981045,0.7095014691352844,0.003847485956912105,0.0008120898726062748,0.16632988750934596,nan,0.0,nan,0.0,0
20,100,6788,0.14291666666666666,2560,0.384776183962822,0.866796875,0.006449274509213865,0.5000516384840011,0.262109375,-0.5581841826438904,0.5993871241807938,0.03137257695198059,0.03728291466832161,0.7166596561670303,0.003847485956912105,-0.00260178855230176,0.16632988750934596,nan,0.0,nan,0.0,0
20,120,6808,0.1421590909090909,2560,0.4802377313375473,0.845703125,0.004702671815175563,0.5026935741305352,0.291796875,-0.6046760559082032,0.6004973322153091,0.03137257695198059,0.03578608874231577,0.7125955402851105,0.004784919135272503,8.224732009693998e-05,0.16632988750934596,nan,0.0,nan,0.0,0
20,140,6828,0.14140151515151517,2560,0.4472258284687996,0.85390625,0.0028294311719946562,0.496268604695797,0.29140625,-0.5971719175577164,0.6019350916147232,0.03137257695198059,0.03438071738928557,0.7102906882762909,0.004784919135272503,0.0019554879632778465,0.16632988750934596,nan,0.0,nan,0.0,0
20,160,6848,0.14064393939393938,2560,0.4934809967875481,0.8359375,0.008192277362104506,0.500844843685627,0.284765625,-0.526718357205391,0.6003812402486801,0.03137257695198059,0.03505734670907259,0.7093971759080887,0.004702671815175563,-0.003489605546928943,0.16632988750934596,nan,0.0,0.0,0.3798657000006642,0
20,180,6868,0.13988636363636364,2560,0.4468583807349205,0.857421875,0.003942450750037097,0.507442481815815,0.278125,-0.5688873261213303,0.6012267023324966,0.03137257695198059,0.03492901343852282,0.7108083546161652,0.004702671815175563,0.000760221065138466,0.16632988750934596,nan,0.0,nan,0.0,0
20,200,6888,0.13912878787878788,2560,0.510017666220665,0.8328125,0.0016677952371537685,0.5029617488384247,0.312109375,-0.6045988142490387,0.6013623744249343,0.03137257695198059,0.035735282301902774,0.7151976466178894,0.004702671815175563,0.003034876578021794,0.16632988750934596,nan,0.0,nan,0.0,0
20,220,6908,0.13837121212121214,2560,0.42644297182559965,0.867578125,0.0023843766772188245,0.49724326431751253,0.283203125,-0.5562426716089248,0.6017423182725906,0.03137257695198059,0.03496983423829079,0.7144186675548554,0.003942450750037097,0.0015580740728182722,0.16632988750934596,nan,0.0,nan,0.0,0
20,240,6928,0.13761363636363635,2560,0.4668635830283165,0.844140625,0.004912323295138776,0.5006967067718506,0.2625,-0.4929777055978775,0.6009013056755066,0.03137257695198059,0.03680004309862852,0.7189075708389282,0.0028294311719946562,-0.0020828921231441197,0.16632988750934596,nan,0.0,nan,0.0,0
20,260,6948,0.13685606060606062,2560,0.5396366313099861,0.818359375,0.00630205802153796,0.4987971141934395,0.229296875,-0.3529398277401924,0.6008873224258423,0.03137257695198059,0.033435094729065896,0.7056172132492066,0.003942450750037097,-0.002359607271500863,0.16632988750934596,nan,0.0,0.0,0.3698918000009144,0
20,280,6968,0.13609848484848483,2560,0.5094625741243363,0.840234375,0.008860866987379267,0.5020575359463691,0.241796875,-0.38566352650523184,0.6005615442991257,0.03137257695198059,0.03319936860352755,0.7051429599523544,0.003942450750037097,-0.00491841623734217,0.16632988750934596,nan,0.0,nan,0.0,0
20,300,6988,0.1353409090909091,2560,0.5089784547686577,0.83125,0.012991317606065422,0.5027078106999397,0.217578125,-0.35151538997888565,0.6007381588220596,0.03137257695198059,0.03411836102604866,0.7087224006652832,0.004912323295138776,-0.008078994310926646,0.16632988750934596,nan,0.0,nan,0.0,0
20,320,7008,0.13458333333333333,2560,0.5176959127187729,0.8296875,0.0037806281819939614,0.49922906905412673,0.283203125,-0.5265784293413163,0.6014057338237763,0.03137257695198059,0.03465439975261688,0.7088746756315232,0.00630205802153796,0.0025214298395439985,0.16632988750934596,nan,0.0,nan,0.0,0
20,340,7028,0.1338257575757576,2560,0.43784700334072113,0.859765625,0.007430135260801762,0.5051076442003251,0.278125,-0.5285792633891105,0.6018030971288681,0.03137257695198059,0.034855407662689686,0.7105922877788544,0.00630205802153796,-0.0011280772392638022,0.16632988750934596,nan,0.0,nan,0.0,0
20,352,7040,0.1333712121212121,1480,0.4092986153589713,0.8763513519957259,-0.004890173009118519,0.4924958728455208,0.27972973037410426,-0.5380118453824843,0.601077757332776,0.03137257695198059,0.0344136021024472,0.7114308080157719,0.007430135260801762,0.012320308269920281,0.16632988750934596,nan,0.0,0.0,0.3809633000055328,0
21,20,7060,0.13261363636363638,2560,0.46483167707920076,0.847265625,0.009818862361134962,0.5044225171208382,0.284765625,-0.5339295655488968,0.6012769252061844,0.03137257695198059,0.037464159168303014,0.7183503746986389,0.007430135260801762,-0.0023887271003331994,0.16632988750934596,nan,0.0,nan,0.0,0
21,40,7080,0.1318560606060606,2560,0.4053780660033226,0.87421875,0.004421740653924644,0.5028567165136337,0.274609375,-0.5193064033985137,0.5998362392187119,0.03137257695198059,0.03762057237327099,0.7194496065378189,0.007430135260801762,0.003008394606877118,0.16632988750934596,nan,0.0,nan,0.0,0
21,60,7100,0.13109848484848485,2560,0.4217720091342926,0.86015625,0.007838537637144326,0.5026041820645333,0.291796875,-0.6089757353067398,0.6007919490337372,0.03137257695198059,0.04002528265118599,0.7257738143205643,0.004421740653924644,-0.0034167969832196825,0.16632988750934596,nan,0.0,nan,0.0,0
21,80,7120,0.1303409090909091,2560,0.4502017706632614,0.855078125,nan,0.4984862133860588,0.2875,-0.6096740201115608,0.6013118982315063,0.03137257695198059,0.03661594595760107,0.7177195757627487,0.007430135260801762,nan,0.16632988750934596,nan,0.0,nan,0.0,0
21,100,7140,0.12958333333333336,2560,0.4889638304710388,0.842578125,0.005274638329865411,0.5057352840900421,0.285546875,-0.5656840771436691,0.6010107934474945,0.03137257695198059,0.03572050034999848,0.7134338349103928,nan,nan,0.16632988750934596,nan,0.0,0.0,0.3781659999949625,0
21,120,7160,0.12882575757575757,2560,0.4374683856964111,0.857421875,0.008775350858923048,0.5060409709811211,0.26796875,-0.5054646670818329,0.6008201777935028,0.03137257695198059,0.03322674790397286,0.7058203101158143,nan,nan,0.16632988750934596,nan,0.0,nan,0.0,0
21,140,7180,0.12806818181818183,2560,0.42745132744312286,0.86328125,0.0014208141365088522,0.5005197063088417,0.273828125,-0.5440216690301896,0.6020060420036316,0.03137257695198059,0.03564096707850695,0.7128188341856003,nan,nan,0.16632988750934596,nan,0.0,nan,0.0,0
21,160,7200,0.12731060606060604,2560,0.48700290024280546,0.839453125,-0.0003844340739306062,0.4988848477602005,0.26640625,-0.4812259256839752,0.6006557613611221,0.03137257695198059,0.03737499210983515,0.7164952307939529,nan,nan,0.16632988750934596,nan,0.0,nan,0.0,0
21,180,7220,0.1265530303030303,2560,0.4391481325030327,0.859765625,0.0009524284687358886,0.49797848165035247,0.281640625,-0.5270055055618286,0.6009175837039947,0.03137257695198059,0.03627106305211782,0.7135790377855301,nan,nan,0.16632988750934596,nan,0.0,nan,0.0,0
21,200,7240,0.12579545454545454,2560,0.38163747563958167,0.87890625,0.001601975690573454,0.5031598538160325,0.28828125,-0.6200454145669937,0.6010514795780182,0.03137257695198059,0.03485176358371973,0.7103640228509903,0.0014208141365088522,-0.0001811615540646017,0.16632988750934596,nan,0.0,0.0,0.37257510000199545,0
21,220,7260,0.1250378787878788,2560,0.3969641253352165,0.87578125,0.004367651854408905,0.5009315639734269,0.266015625,-0.48334456980228424,0.6009926080703736,0.03137257695198059,0.036245463974773885,0.717597582936287,0.0014208141365088522,-0.0029468377179000527,0.16632988750934596,nan,0.0,nan,0.0,0
21,240,7280,0.12428030303030302,2560,0.41720364689826966,0.853515625,0.006314840409322642,0.5028400585055351,0.2859375,-0.5928680539131165,0.6019625633955001,0.03137257695198059,0.03693383373320103,0.7166654855012894,0.0014208141365088522,-0.00489402627281379,0.16632988750934596,nan,0.0,nan,0.0,0
21,260,7300,0.12352272727272728,2560,0.40691189020872115,0.86875,nan,0.5039297878742218,0.275,-0.5740972518920898,0.5990871608257293,0.03137257695198059,0.03188878493383527,0.7028926074504852,0.001601975690573454,nan,0.16632988750934596,nan,0.0,nan,0.0,0
21,280,7320,0.12276515151515151,2560,0.46826534271240233,0.8515625,0.0002646431152243167,0.498099784553051,0.267578125,-0.47498665750026703,0.5996115535497666,0.03137257695198059,0.03253517905250192,0.7047170966863632,nan,nan,0.16632988750934596,nan,0.0,nan,0.0,0
21,300,7340,0.12200757575757577,2560,0.40997539460659027,0.8640625,-0.0019691215944476425,0.496419920027256,0.27734375,-0.5634724363684654,0.5998838007450104,0.03137257695198059,0.03299457356333733,0.7042022168636322,nan,nan,0.16632988750934596,nan,0.0,0.0,0.37409490000572987,0
21,320,7360,0.12125,2560,0.3985725626349449,0.878125,0.0072454341221600774,0.507064451277256,0.2765625,-0.5463100031018258,0.6008564203977584,0.03137257695198059,0.03486817348748446,0.7108953058719635,nan,nan,0.16632988750934596,nan,0.0,nan,0.0,0
21,340,7380,0.12049242424242426,2560,0.4780342996120453,0.84375,0.0017868666152935475,0.4936999186873436,0.278125,-0.5490691542625428,0.6018359124660492,0.03137257695198059,0.036793969199061395,0.7158112734556198,nan,nan,0.16632988750934596,nan,0.0,nan,0.0,0
21,352,7392,0.12003787878787878,1480,0.4083724998139046,0.863513514157888,0.01291810724179487,0.5077946997977592,0.2695945952389691,-0.5086549439945737,0.5986372309762078,0.03137257695198059,0.0353859105021567,0.7124916891793946,nan,nan,0.16632988750934596,nan,0.0,nan,0.0,0
22,20,7412,0.11928030303030304,2560,0.4053494155406952,0.871484375,-0.001567006332334131,0.49331094324588776,0.27109375,-0.48331193923950194,0.6019734919071198,0.03137257695198059,0.03721073567867279,0.7169930815696717,0.0017868666152935475,0.0033538729476276785,0.16632988750934596,nan,0.0,nan,0.0,0
22,40,7432,0.11852272727272727,2560,0.34647938460111616,0.8875,0.0062260338570922615,0.5028497204184532,0.283203125,-0.5728600114583969,0.6012508571147919,0.03137257695198059,0.03602169435471296,0.7135568648576737,0.0017868666152935475,-0.004439167241798714,0.16632988750934596,nan,0.0,0.0,0.38332949999312405,0
22,60,7452,0.11776515151515153,2560,0.38335407748818395,0.876953125,0.00390363906044513,0.5050590693950653,0.250390625,-0.5028544843196869,0.6009377986192703,0.03137257695198059,0.034649434871971606,0.7122786313295364,0.0062260338570922615,0.0023223947966471317,0.16632988750934596,nan,0.0,nan,0.0,0
22,80,7472,0.11700757575757575,2560,0.4322527557611465,0.8609375,0.0031693840224761515,0.4997694790363312,0.284375,-0.5811793118715286,0.6005366235971451,0.03137257695198059,0.036296626552939415,0.7166492819786072,0.00390363906044513,0.0007342550379689783,0.16632988750934596,nan,0.0,nan,0.0,0
22,100,7492,0.11625000000000002,2560,0.41094805151224134,0.859765625,-0.006807140371529385,0.495172393321991,0.2921875,-0.5811296656727791,0.6006846249103546,0.03137257695198059,0.03533494547009468,0.7121055066585541,0.00390363906044513,0.010710779431974515,0.16632988750934596,nan,0.0,nan,0.0,0
22,120,7512,0.11549242424242423,2560,0.39954619109630585,0.8734375,0.005148751137312502,0.5086364910006523,0.28828125,-0.651070499420166,0.600441500544548,0.03137257695198059,0.036635459028184415,0.7156097084283829,0.0031693840224761515,-0.00197936711483635,0.16632988750934596,nan,0.0,nan,0.0,0
22,140,7532,0.1147348484848485,2560,0.4176862627267838,0.868359375,nan,0.49758772552013397,0.26171875,-0.5390884399414062,0.6007162958383561,0.03137257695198059,0.03522679638117552,0.7124102115631104,0.00390363906044513,nan,0.16632988750934596,nan,0.0,0.0,0.3705843000061577,0
22,160,7552,0.11397727272727272,2560,0.41511635929346086,0.865234375,0.0016285064280964433,0.5014415860176087,0.29296875,-0.5789893686771392,0.6019902676343918,0.03137257695198059,0.036301367171108725,0.7120249271392822,nan,nan,0.16632988750934596,nan,0.0,nan,0.0,0
22,180,7572,0.11321969696969698,2560,0.3667301833629608,0.880078125,0.003357394930208102,0.49993211179971697,0.3203125,-0.7337314754724502,0.6008228480815887,0.03137257695198059,0.03675206676125527,0.7158578008413314,nan,nan,0.16632988750934596,nan,0.0,nan,0.0,0
22,200,7592,0.11246212121212121,2560,0.3439089685678482,0.88828125,0.005931321496609599,0.5068815961480141,0.280078125,-0.665663531422615,0.6008824855089188,0.03137257695198059,0.037936084903776646,0.7198246777057647,nan,nan,0.16632988750934596,nan,0.0,nan,0.0,0
22,220,7612,0.11170454545454547,2560,0.41819320768117907,0.86484375,0.0058896046539302915,0.4994306072592735,0.283203125,-0.6027845561504364,0.601372292637825,0.03137257695198059,0.035810784250497815,0.7137820392847061,nan,nan,0.16632988750934596,nan,0.0,nan,0.0,0
22,240,7632,0.1109469696969697,2560,0.3498929738998413,0.887890625,0.0012062925670761615,0.5013988673686981,0.262109375,-0.5280918151140213,0.5998099207878113,0.03137257695198059,0.03225006302818656,0.7045261949300766,nan,nan,0.16632988750934596,nan,0.0,0.0,0.37531139999919105,0
22,260,7652,0.11018939393939396,2560,0.3894765391945839,0.870703125,0.004026588564738631,0.4989011317491531,0.2625,-0.5194053694605827,0.5999211847782135,0.03137257695198059,0.03437469787895679,0.711435878276825,0.003357394930208102,-0.000669193634530529,0.16632988750934596,nan,0.0,nan,0.0,0
22,280,7672,0.10943181818181819,2560,0.3675268813967705,0.883203125,0.00954208611510694,0.5044619381427765,0.26484375,-0.5773559212684631,0.6009554743766785,0.03137257695198059,0.03505241582170129,0.7114917904138565,0.004026588564738631,-0.0055154975503683085,0.16632988750934596,nan,0.0,nan,0.0,0
22,300,7692,0.10867424242424245,2560,0.41187804490327834,0.86015625,0.005404603492934257,0.5057864040136337,0.2625,-0.572923868894577,0.601533904671669,0.03137257695198059,0.03274921337142587,0.7046252220869065,0.0058896046539302915,0.00048500116099603474,0.16632988750934596,nan,0.0,nan,0.0,0
22,320,7712,0.10791666666666666,2560,0.40543447956442835,0.86328125,0.0026940341922454536,0.49326109886169434,0.259375,-0.4972029909491539,0.6007736414670944,0.03137257695198059,0.03200356988236308,0.7018314808607101,0.005404603492934257,0.002710569300688803,0.16632988750934596,nan,0.0,nan,0.0,0
22,340,7732,0.10715909090909093,2560,0.4235653817653656,0.863671875,0.00680382726714015,0.5026568293571472,0.253515625,-0.4995145171880722,0.6001799464225769,0.03137257695198059,0.030963074415922165,0.6972079575061798,0.004026588564738631,-0.0027772387024015193,0.16632988750934596,nan,0.0,0.0,0.38038529999903403,0
22,352,7744,0.10670454545454544,1480,0.4831454438132209,0.8439189195632935,nan,0.5065352831337903,0.2756756763200502,-0.5462624991262282,0.6022892223822104,0.03137257695198059,0.0331689370040958,0.7048640586234428,0.005404603492934257,nan,0.16632988750934596,nan,0.0,nan,0.0,0
23,20,7764,0.1059469696969697,2560,0.36215218901634216,0.881640625,0.012509514740668238,0.5016011685132981,0.2734375,-0.5280281558632851,0.6000199824571609,0.03137257695198059,0.033387872762978076,0.7055972158908844,nan,nan,0.16632988750934596,nan,0.0,nan,0.0,0
23,40,7784,0.10518939393939393,2560,0.37216557636857034,0.876953125,0.006403375917579978,0.4984209850430489,0.25078125,-0.4644927725195885,0.6005986720323563,0.03137257695198059,0.03376065194606781,0.7069073170423508,nan,nan,0.16632988750934596,nan,0.0,nan,0.0,0
23,60,7804,0.1044318181818182,2560,0.39040606245398524,0.86796875,0.00962402691366151,0.5054146006703377,0.264453125,-0.5590224906802177,0.6015120357275009,0.03137257695198059,0.032373955100774766,0.7026808530092239,nan,nan,0.16632988750934596,nan,0.0,nan,0.0,0
23,80,7824,0.10367424242424242,2560,0.43091701418161393,0.857421875,0.005589177436195314,0.5042230173945427,0.26640625,-0.5281102955341339,0.5992266595363617,0.03137257695198059,0.035801015049219134,0.7105343848466873,nan,nan,0.16632988750934596,nan,0.0,0.0,0.3835216000006767,0
23,100,7844,0.10291666666666668,2560,0.37394294142723083,0.8765625,0.005627269973047078,0.49989206045866014,0.286328125,-0.6168055400252342,0.6014271020889282,0.03137257695198059,0.035286570712924,0.7110495448112488,nan,nan,0.16632988750934596,nan,0.0,nan,0.0,0
23,120,7864,0.10215909090909091,2560,0.34472074136137965,0.891015625,0.006941431941231713,0.4993805080652237,0.27265625,-0.5507473185658455,0.6009589165449143,0.03137257695198059,0.03649143520742655,0.716090053319931,0.006403375917579978,-0.0005380560236517345,0.16632988750934596,nan,0.0,nan,0.0,0
23,140,7884,0.10140151515151517,2560,0.3509918637573719,0.886328125,0.011194313445594161,0.5110823437571526,0.273828125,-0.613723661005497,0.601399639248848,0.03137257695198059,0.03780486527830362,0.7169604301452637,0.006403375917579978,-0.004790937528014183,0.16632988750934596,nan,0.0,nan,0.0,0
23,160,7904,0.1006439393939394,2560,0.38977977707982064,0.875390625,nan,0.5017435848712921,0.269140625,-0.5403748884797096,0.6015388697385788,0.03137257695198059,0.03425612896680832,0.7096554338932037,0.006941431941231713,nan,0.16632988750934596,nan,0.0,nan,0.0,0
23,180,7924,0.09988636363636366,2560,0.4324289560317993,0.859375,0.006350858887890354,0.500864428281784,0.236328125,-0.4592072293162346,0.6001570641994476,0.03137257695198059,0.03646460957825184,0.7147673070430756,nan,nan,0.16632988750934596,nan,0.0,0.0,0.36974320000445005,0
23,200,7944,0.09912878787878787,2560,0.4277187272906303,0.86015625,0.010040717135416344,0.5017924174666405,0.271875,-0.501228067278862,0.6006686061620712,0.03137257695198059,0.03678845819085837,0.7176033407449722,nan,nan,0.16632988750934596,nan,0.0,nan,0.0,0
23,220,7964,0.09837121212121214,2560,0.41414851546287534,0.861328125,0.002215532981790602,0.49699797183275224,0.259375,-0.4675625666975975,0.6013928979635239,0.03137257695198059,0.03699254896491766,0.71857068836689,nan,nan,0.16632988750934596,nan,0.0,nan,0.0,0
23,240,7984,0.09761363636363636,2560,0.3986105591058731,0.8765625,0.015099597600055858,0.5084429547190666,0.266796875,-0.5060040324926376,0.5998628199100494,0.03137257695198059,0.03387368302792311,0.7100921243429184,nan,nan,0.16632988750934596,nan,0.0,nan,0.0,0
23,260,8004,0.09685606060606063,2560,0.34680908769369123,0.88359375,nan,0.5062056422233582,0.272265625,-0.5457402616739273,0.6017186671495438,0.03137257695198059,0.03502009175717831,0.7125225722789764,nan,nan,0.16632988750934596,nan,0.0,nan,0.0,0
23,280,8024,0.09609848484848485,2560,0.42616839706897736,0.86875,nan,0.49521918445825575,0.264453125,-0.5706029012799263,0.6021194666624069,0.03137257695198059,0.03679083716124296,0.716388326883316,nan,nan,0.16632988750934596,nan,0.0,0.0,0.3718845999974292,0
23,300,8044,0.09534090909090912,2560,0.37020534574985503,0.885546875,0.006234130420489236,0.505022956430912,0.271875,-0.5376656547188758,0.6001695215702056,0.03137257695198059,0.034460000973194835,0.7121573984622955,nan,nan,0.16632988750934596,nan,0.0,nan,0.0,0
23,320,8064,0.09458333333333334,2560,0.35039963126182555,0.884375,-0.0003352257306687534,0.4964021220803261,0.258984375,-0.5494814231991768,0.5998507410287857,0.03137257695198059,0.034987773187458514,0.7119895219802856,nan,nan,0.16632988750934596,nan,0.0,nan,0.0,0
23,340,8084,0.0938257575757576,2560,0.34000409841537477,0.88984375,0.010491395962890237,0.5074000224471092,0.257421875,-0.5086896240711212,0.5992485225200653,0.03137257695198059,0.03575431890785694,0.7151698172092438,nan,nan,0.16632988750934596,nan,0.0,nan,0.0,0
23,352,8096,0.09337121212121212,1480,0.4068775571681358,0.8635135138357007,nan,0.4960075504071004,0.21554054062108735,-0.42224925563142107,0.5982905987146738,0.03137257695198059,0.03553853262517903,0.7140671256426219,nan,nan,0.16632988750934596,nan,0.0,nan,0.0,0
24,20,8116,0.09261363636363638,2560,0.3660444676876068,0.871484375,0.011373002140317112,0.505206187069416,0.242578125,-0.5120685130357743,0.5994470179080963,0.03137257695198059,0.03590238429605961,0.7152466505765915,nan,nan,0.16632988750934596,nan,0.0,0.0,0.3682886000024155,0
24,40,8136,0.09185606060606061,2560,0.3646510884165764,0.88359375,0.0025832517829257997,0.4973087474703789,0.251171875,-0.5303333178162575,0.6008953273296356,0.03137257695198059,0.035171708837151525,0.7123973608016968,nan,nan,0.16632988750934596,nan,0.0,nan,0.0,0
24,60,8156,0.09109848484848487,2560,0.30771596655249595,0.89453125,0.008549828207469546,0.5039652705192565,0.225,-0.4578767314553261,0.6015096247196198,0.03137257695198059,0.035487623699009416,0.71304652094841,nan,nan,0.16632988750934596,nan,0.0,nan,0.0,0
24,80,8176,0.09034090909090908,2560,0.42709491699934005,0.858984375,0.009282649453962222,0.502102929353714,0.24921875,-0.5016087561845779,0.6005216211080551,0.03137257695198059,0.03711568582803011,0.7169926464557648,nan,nan,0.16632988750934596,nan,0.0,nan,0.0,0
24,100,8196,0.08958333333333335,2560,0.3982340857386589,0.87421875,nan,0.49757425040006636,0.2359375,-0.4406181752681732,0.60150326192379,0.03137257695198059,0.03574840277433396,0.7131278693675995,nan,nan,0.16632988750934596,nan,0.0,nan,0.0,0
24,120,8216,0.08882575757575757,2560,0.3737797126173973,0.876953125,0.007355130522046238,0.5031807079911232,0.279296875,-0.5649020910263062,0.5998657464981079,0.03137257695198059,0.03572442326694727,0.7137591689825058,nan,nan,0.16632988750934596,nan,0.0,0.0,0.3710505000053672,0
24,140,8236,0.08806818181818184,2560,0.32391020879149435,0.89765625,0.0075911143503617495,0.5077247723937035,0.24296875,-0.5100253149867058,0.6002189874649048,0.03137257695198059,0.0374842569231987,0.7169028699398041,nan,nan,0.16632988750934596,nan,0.0,nan,0.0,0
24,160,8256,0.08731060606060606,2560,0.3591939851641655,0.88125,-0.0018303224584087729,0.49306502044200895,0.25078125,-0.5111067727208137,0.6017694056034089,0.03137257695198059,0.03874524589627981,0.7207646101713181,nan,nan,0.16632988750934596,nan,0.0,nan,0.0,0
24,180,8276,0.08655303030303033,2560,0.34819272384047506,0.883984375,0.004480921570211649,0.5026161327958107,0.247265625,-0.555023904144764,0.598488250374794,0.03137257695198059,0.03665370456874371,0.7151057004928589,nan,nan,0.16632988750934596,nan,0.0,nan,0.0,0
24,200,8296,0.08579545454545455,2560,0.3499776735901833,0.8859375,nan,0.5050734370946884,0.28203125,-0.6039582937955856,0.6010722100734711,0.03137257695198059,0.03595859352499246,0.7131770342588425,nan,nan,0.16632988750934596,nan,0.0,nan,0.0,0
24,220,8316,0.08503787878787882,2560,0.3623643293976784,0.885546875,0.0017577263060957193,0.49379935264587405,0.255078125,-0.5412628024816513,0.600438329577446,0.03137257695198059,0.0348243847489357,0.7103172838687897,nan,nan,0.16632988750934596,nan,0.0,0.0,0.37581309999222867,0
24,240,8336,0.08428030303030304,2560,0.37460466027259826,0.878125,nan,0.5031367152929306,0.27578125,-0.597332987189293,0.6019395411014556,0.03137257695198059,0.035590866953134535,0.7136430948972702,nan,nan,0.16632988750934596,nan,0.0,nan,0.0,0
24,260,8356,0.0835227272727273,2560,0.3356825813651085,0.89453125,0.00579504823544994,0.5026162579655647,0.25546875,-0.57662453353405,0.60081687271595,0.03137257695198059,0.03485670182853937,0.7102271974086761,nan,nan,0.16632988750934596,nan,0.0,nan,0.0,0
24,280,8376,0.08276515151515151,2560,0.37424517795443535,0.88046875,nan,0.4949258342385292,0.249609375,-0.4465361416339874,0.600611013174057,0.03137257695198059,0.03463319074362516,0.710396209359169,nan,nan,0.16632988750934596,nan,0.0,nan,0.0,0
24,300,8396,0.08200757575757578,2560,0.37308534383773806,0.88515625,nan,0.5011515468358994,0.246875,-0.4531526818871498,0.6003083825111389,0.03137257695198059,0.03436922077089548,0.7110065281391144,nan,nan,0.16632988750934596,nan,0.0,nan,0.0,0
24,320,8416,0.08125,2560,0.37668603733181955,0.872265625,nan,0.4951824352145195,0.263671875,-0.5662842720746994,0.6008688747882843,0.03137257695198059,0.036620539426803586,0.7169695436954499,nan,nan,0.16632988750934596,nan,0.0,0.0,0.37265420000767335,0
24,340,8436,0.08049242424242423,2560,0.2904289498925209,0.90078125,0.011948267766274511,0.5077743664383888,0.25546875,-0.5047926515340805,0.6012039363384247,0.03137257695198059,0.03437392022460699,0.7111033350229263,nan,nan,0.16632988750934596,nan,0.0,nan,0.0,0
24,352,8448,0.08003787878787878,1480,0.34260634457742845,0.8871621637730985,0.003037836795320382,0.49963687932169115,0.25202702710757385,-0.5242017633206135,0.5983605410601641,0.03137257695198059,0.035810456727002116,0.7141554339511974,nan,nan,0.16632988750934596,nan,0.0,nan,0.0,0
25,20,8468,0.07928030303030305,2560,0.29048906415700915,0.910546875,0.002753509726608172,0.5034931391477585,0.23671875,-0.4909383222460747,0.6019480615854264,0.03137257695198059,0.03445336148142815,0.7120172083377838,nan,nan,0.16632988750934596,nan,0.0,nan,0.0,0
25,40,8488,0.07852272727272727,2560,0.3923307105898857,0.877734375,0.006860558805055916,0.5038222163915634,0.2453125,-0.48018801510334014,0.6015386193990707,0.03137257695198059,0.03548479676246643,0.7119082152843476,nan,nan,0.16632988750934596,nan,0.0,nan,0.0,0
25,60,8508,0.07776515151515154,2560,0.36193876937031744,0.876953125,0.001987873448524624,0.4954459011554718,0.240625,-0.5380837574601174,0.6000502467155456,0.03137257695198059,0.037153880670666696,0.7176458895206451,nan,nan,0.16632988750934596,nan,0.0,0.0,0.369308400011505,0
25,80,8528,0.07700757575757576,2560,0.35695490911602973,0.881640625,0.004534119990421459,0.5013052821159363,0.27265625,-0.5984955236315728,0.6001541316509247,0.03137257695198059,0.03556037805974484,0.7129131704568863,0.003037836795320382,-0.001496283195101077,0.16632988750934596,nan,0.0,nan,0.0,0
25,100,8548,0.07625000000000003,2560,0.29892040565609934,0.900390625,nan,0.5058050945401191,0.24921875,-0.4992888331413269,0.6015958368778229,0.03137257695198059,0.03837265837937594,0.7203403264284134,0.003037836795320382,nan,0.16632988750934596,nan,0.0,nan,0.0,0
25,120,8568,0.07549242424242425,2560,0.3463153265416622,0.883203125,0.009655398206086829,0.5026541575789452,0.245703125,-0.4953969016671181,0.6021365016698838,0.03137257695198059,0.03764835335314274,0.71682069003582,nan,nan,0.16632988750934596,nan,0.0,nan,0.0,0
25,140,8588,0.0747348484848485,2560,0.302752248942852,0.896875,nan,0.5012553036212921,0.24921875,-0.5547488734126091,0.5995914757251739,0.03137257695198059,0.0356456246227026,0.7123950690031051,nan,nan,0.16632988750934596,nan,0.0,nan,0.0,0
25,160,8608,0.07397727272727272,2560,0.3361116036772728,0.884375,0.004609152744524181,0.5044110789895058,0.232421875,-0.46853471994400026,0.6000038355588913,0.03137257695198059,0.037801519967615604,0.7180886298418045,nan,nan,0.16632988750934596,nan,0.0,0.0,0.3817925000039395,0
25,180,8628,0.07321969696969699,2560,0.30182099565863607,0.90703125,-0.0033093180856667457,0.4995193690061569,0.219921875,-0.45790069103240966,0.6010269343852996,0.03137257695198059,0.03746244721114635,0.7184022098779679,nan,nan,0.16632988750934596,nan,0.0,nan,0.0,0
25,200,8648,0.07246212121212121,2560,0.29640110954642296,0.903515625,0.002687953948043287,0.49940759539604185,0.234765625,-0.5313686951994896,0.6027480006217957,0.03137257695198059,0.036499548517167565,0.7162470936775207,nan,nan,0.16632988750934596,nan,0.0,nan,0.0,0
25,220,8668,0.07170454545454548,2560,0.3575448401272297,0.8859375,0.004136302345432341,0.5019728541374207,0.256640625,-0.5355931013822556,0.6014040917158127,0.03137257695198059,0.03613874129951,0.7151232182979583,nan,nan,0.16632988750934596,nan,0.0,nan,0.0,0
25,240,8688,0.0709469696969697,2560,0.3213434785604477,0.897265625,0.0015684050566051155,0.4992623791098595,0.24375,-0.5051899775862694,0.6020070612430573,0.03137257695198059,0.03748633824288845,0.718670642375946,nan,nan,0.16632988750934596,nan,0.0,nan,0.0,0
25,260,8708,0.07018939393939393,2560,0.3224559247493744,0.891015625,0.013042931770905852,0.5104094341397285,0.223828125,-0.45349224507808683,0.6007947444915771,0.03137257695198059,0.03821141291409731,0.7204367995262146,0.002687953948043287,-0.010354977822862564,0.16632988750934596,nan,0.0,0.0,0.3817136000143364,0
25,280,8728,0.06943181818181819,2560,0.3149795487523079,0.901953125,0.0029976370977237822,0.503502032160759,0.244921875,-0.49833622872829436,0.6003463983535766,0.03137257695198059,0.03571390528231859,0.7127261996269226,0.002687953948043287,-0.00030968314968049526,0.16632988750934596,nan,0.0,nan,0.0,0
25,300,8748,0.0686742424242424,2560,0.27455572709441184,0.905078125,-0.002481988299405202,0.4955708935856819,0.25625,-0.5446518674492836,0.602055498957634,0.03137257695198059,0.03516917359083891,0.7105091452598572,0.0029976370977237822,0.005479625397128984,0.16632988750934596,nan,0.0,nan,0.0,0
25,320,8768,0.06791666666666667,2560,0.34010259062051773,0.887890625,0.0064156693406403065,0.4994669735431671,0.246875,-0.534939843416214,0.6023548305034637,0.03137257695198059,0.03548229392617941,0.7117214113473892,0.0029976370977237822,-0.0034180322429165242,0.16632988750934596,nan,0.0,nan,0.0,0
25,340,8788,0.06715909090909089,2560,0.2974198222160339,0.904296875,0.0024027561186812816,0.5035923182964325,0.245703125,-0.5625697284936905,0.600655135512352,0.03137257695198059,0.03418913632631302,0.7097154676914215,0.0029976370977237822,0.0005948809790425006,0.16632988750934596,nan,0.0,nan,0.0,0
25,352,8800,0.06670454545454545,1480,0.30905614398621223,0.9006756766422375,-0.000888175648209211,0.49497511709058606,0.2425675677286612,-0.49388853585397874,0.6001608030216113,0.03137257695198059,0.03669117834116962,0.7151832599897643,0.0029976370977237822,0.003885812745932993,0.16632988750934596,nan,0.0,0.0,0.38257940000039525,0
26,20,8820,0.06594696969696971,2560,0.3317416287958622,0.89453125,0.007868262461852283,0.5031786739826203,0.226171875,-0.5162124410271645,0.6006899684667587,0.03137257695198059,0.035946487076580526,0.712698957324028,0.0024027561186812816,-0.005465506343171001,0.16632988750934596,nan,0.0,nan,0.0,0
26,40,8840,0.06518939393939394,2560,0.29978705272078515,0.896484375,5.0220446428284046e-05,0.4996240124106407,0.2375,-0.5040393203496933,0.6007138758897781,0.03137257695198059,0.03604383673518896,0.7146870881319046,0.0024027561186812816,0.0023525356722529974,0.16632988750934596,nan,0.0,nan,0.0,0
26,60,8860,0.0644318181818182,2560,0.2850201137363911,0.9109375,0.003145739866886288,0.4994808346033096,0.230078125,-0.532351391017437,0.6003764033317566,0.03137257695198059,0.03594703301787376,0.7148919582366944,0.0024027561186812816,-0.0007429837482050062,0.16632988750934596,nan,0.0,nan,0.0,0
26,80,8880,0.06367424242424242,2560,0.3003086268901825,0.89609375,0.0015661583514884115,0.5008786678314209,0.243359375,-0.5306851208209992,0.5990724086761474,0.03137257695198059,0.03498693369328976,0.7113735914230347,0.0024027561186812816,0.0008365977671928701,0.16632988750934596,nan,0.0,nan,0.0,0
26,100,8900,0.06291666666666669,2560,0.3127980202436447,0.89609375,0.005094961338909343,0.4978761151432991,0.24609375,-0.5234902247786521,0.6021919488906861,0.03137257695198059,0.03570890482515097,0.7147245734930039,0.0015661583514884115,-0.003528802987420931,0.16632988750934596,nan,0.0,0.0,0.3772878000017954,0
26,120,8920,0.062159090909090914,2560,0.2993696048855782,0.896484375,0.008187447383534163,0.5054151117801666,0.216796875,-0.4414919838309288,0.6014339685440063,0.03137257695198059,0.03520168773829937,0.7128707379102707,0.003145739866886288,-0.005041707516647875,0.16632988750934596,nan,0.0,nan,0.0,0
26,140,8940,0.06140151515151518,2560,0.33319117277860644,0.891015625,0.005576718307565898,0.5030468106269836,0.23125,-0.4822451040148735,0.6002608180046082,0.03137257695198059,0.03619790021330118,0.7156364023685455,0.003145739866886288,-0.00243097844067961,0.16632988750934596,nan,0.0,nan,0.0,0
26,160,8960,0.060643939393939396,2560,0.32122921720147135,0.888671875,nan,0.4956909313797951,0.23203125,-0.4670844003558159,0.6009812891483307,0.03137257695198059,0.03884494863450527,0.723186531662941,0.005094961338909343,nan,0.16632988750934596,nan,0.0,nan,0.0,0
26,180,8980,0.05988636363636362,2560,0.3177512861788273,0.890234375,0.0038538972148671746,0.5024513438344002,0.228515625,-0.483372388780117,0.599411541223526,0.03137257695198059,0.03720529563724995,0.7167901873588562,nan,nan,0.16632988750934596,nan,0.0,nan,0.0,0
26,200,9000,0.059128787878787885,2560,0.27294791862368584,0.910546875,0.0031547748832963405,0.5000446543097496,0.223828125,-0.5116913244128227,0.6009645015001297,0.03137257695198059,0.03669552821666002,0.7169004440307617,nan,nan,0.16632988750934596,nan,0.0,0.0,0.3774030000058701,0
26,220,9020,0.0583712121212121,2560,0.2848974779248238,0.903515625,0.0021753197535872458,0.49731179922819135,0.219921875,-0.4379276342689991,0.6011566370725632,0.03137257695198059,0.036526247300207614,0.7165090203285217,nan,nan,0.16632988750934596,nan,0.0,nan,0.0,0
26,240,9040,0.05761363636363637,2560,0.2732385233044624,0.909765625,0.011287559234187939,0.5049891278147698,0.2046875,-0.4617822080850601,0.6020655483007431,0.03137257695198059,0.03617852982133627,0.7153891861438751,nan,nan,0.16632988750934596,nan,0.0,nan,0.0,0
26,260,9060,0.05685606060606059,2560,0.2664715513586998,0.912109375,0.005185624747537076,0.49991532862186433,0.2171875,-0.4785782262682915,0.60048448741436,0.03137257695198059,0.03681399896740913,0.7156822085380554,nan,nan,0.16632988750934596,nan,0.0,nan,0.0,0
26,280,9080,0.056098484848484856,2560,0.2681139767169952,0.914453125,-0.00201092092320323,0.49754703640937803,0.22890625,-0.4946814522147179,0.6009058773517608,0.03137257695198059,0.03685940727591515,0.7183595210313797,0.0038538972148671746,0.005864818138070405,0.16632988750934596,nan,0.0,nan,0.0,0
26,300,9100,0.05534090909090908,2560,0.24184964932501316,0.919921875,0.0057897447870345784,0.5030018031597138,0.22578125,-0.49897665083408355,0.599790969491005,0.03137257695198059,0.03654870763421059,0.7179156363010406,0.0031547748832963405,-0.002634969903738238,0.16632988750934596,nan,0.0,0.0,0.3727243000030285,0
26,320,9120,0.054583333333333345,2560,0.20739379972219468,0.93828125,0.004768952331505716,0.504385395348072,0.20625,-0.4751854747533798,0.6012152552604675,0.03137257695198059,0.03609328363090754,0.7171172618865966,0.005185624747537076,0.0004166724160313603,0.16632988750934596,nan,0.0,nan,0.0,0
26,340,9140,0.05382575757575756,2560,0.2561267025768757,0.916796875,0.006878374016378075,0.5034338802099227,0.2265625,-0.5618625864386558,0.6014516383409501,0.03137257695198059,0.03651666045188904,0.7166287988424301,0.005185624747537076,-0.0016927492688409984,0.16632988750934596,nan,0.0,nan,0.0,0
26,352,9152,0.053371212121212125,1480,0.2599079341501803,0.9182432438876178,-0.0054001874617628145,0.49576912409550433,0.22837837853947202,-0.5238172294320287,0.6007515701087746,0.03137257695198059,0.03429899696965475,0.709927972265192,0.005185624747537076,0.01058581220929989,0.16632988750934596,nan,0.0,nan,0.0,0
27,20,9172,0.05261363636363639,2560,0.26201692298054696,0.913671875,0.009295831876806914,0.5002099499106407,0.240234375,-0.5155849456787109,0.5997861444950103,0.03137257695198059,0.035089763812720776,0.7128635317087173,0.004768952331505716,-0.0045268795453011984,0.16632988750934596,nan,0.0,nan,0.0,0
27,40,9192,0.05185606060606061,2560,0.2842473931610584,0.91171875,0.0005707728210836649,0.4997574031352997,0.241015625,-0.542701056599617,0.6014412134885788,0.03137257695198059,0.03640386685729027,0.7150189280509949,0.0057897447870345784,0.005218971965950913,0.16632988750934596,nan,0.0,0.0,0.38235240000358317,0
27,60,9212,0.05109848484848483,2560,0.26527709513902664,0.915625,0.002989054808858782,0.5008550122380256,0.21953125,-0.5245125412940979,0.5999557673931122,0.03137257695198059,0.03644814398139715,0.7165264755487442,0.004768952331505716,0.0017798975226469339,0.16632988750934596,nan,0.0,nan,0.0,0
27,80,9232,0.050340909090909096,2560,0.29614593237638476,0.903515625,nan,0.4988922253251076,0.2421875,-0.53084676861763,0.601521584391594,0.03137257695198059,0.03731443099677563,0.7178340643644333,0.002989054808858782,nan,0.16632988750934596,nan,0.0,nan,0.0,0
27,100,9252,0.04958333333333331,2560,0.22750317826867103,0.926953125,nan,0.49222070127725603,0.211328125,-0.47587982565164566,0.5999792963266373,0.03137257695198059,0.035070694983005524,0.7119441598653793,nan,nan,0.16632988750934596,nan,0.0,nan,0.0,0
27,120,9272,0.04882575757575758,2560,0.25539757683873177,0.9171875,0.009846124961040915,0.5125872448086739,0.22265625,-0.5026837982237339,0.599974837899208,0.03137257695198059,0.03531679287552834,0.7141721934080124,nan,nan,0.16632988750934596,nan,0.0,nan,0.0,0
27,140,9292,0.0480681818181818,2560,0.25428882129490377,0.920703125,nan,0.4942409634590149,0.225,-0.48930597454309466,0.6016140192747116,0.03137257695198059,0.0365029850974679,0.7161575794219971,nan,nan,0.16632988750934596,nan,0.0,0.0,0.37201099999947473,0
27,160,9312,0.04731060606060607,2560,0.24012605473399162,0.921875,nan,0.5046567425131798,0.23515625,-0.5222048580646514,0.6019371181726456,0.03137257695198059,0.036152313463389874,0.7148152172565461,nan,nan,0.16632988750934596,nan,0.0,nan,0.0,0
27,180,9332,0.04655303030303029,2560,0.2816374942660332,0.9046875,0.004710897928453051,0.5038779139518738,0.236328125,-0.5945794716477394,0.6007770776748658,0.03137257695198059,0.03701050914824009,0.7161723971366882,nan,nan,0.16632988750934596,nan,0.0,nan,0.0,0
27,200,9352,0.045795454545454556,2560,0.26659256890416144,0.912109375,0.009169842605479062,0.4985749736428261,0.217578125,-0.47466209828853606,0.6005207300186157,0.03137257695198059,0.039216230437159535,0.722972857952118,nan,nan,0.16632988750934596,nan,0.0,nan,0.0,0
27,220,9372,0.04503787878787877,2560,0.2573505688458681,0.91171875,0.008442371583078057,0.5033134564757347,0.2125,-0.4590350896120071,0.6035316705703735,0.03137257695198059,0.036022815853357315,0.7149563640356064,nan,nan,0.16632988750934596,nan,0.0,nan,0.0,0
27,240,9392,0.04428030303030304,2560,0.2188142530620098,0.928125,-0.005246377806179226,0.4976323589682579,0.20703125,-0.46572934091091156,0.6006257623434067,0.03137257695198059,0.03510011453181505,0.7124238312244415,nan,nan,0.16632988750934596,nan,0.0,0.0,0.37974129999929573,0
27,260,9412,0.04352272727272726,2560,0.20507956743240358,0.932421875,0.009362443711142986,0.50902419090271,0.209375,-0.46519647985696794,0.6020126581192017,0.03137257695198059,0.03688787873834372,0.7177906930446625,nan,nan,0.16632988750934596,nan,0.0,nan,0.0,0
27,280,9432,0.04276515151515153,2560,0.2009026437997818,0.936328125,-0.0014888951554894447,0.49320298433303833,0.19140625,-0.46221450716257095,0.6007568567991257,0.03137257695198059,0.03643878009170294,0.7177745550870895,0.008442371583078057,0.009931266738567502,0.16632988750934596,nan,0.0,nan,0.0,0
27,300,9452,0.042007575757575744,2560,0.23918657153844833,0.919921875,nan,0.49989918172359465,0.19765625,-0.4355889730155468,0.6011112421751023,0.03137257695198059,0.03702010307461023,0.7190509587526321,0.008442371583078057,nan,0.16632988750934596,nan,0.0,nan,0.0,0
27,320,9472,0.04125000000000001,2560,0.23609996512532233,0.926953125,0.004674921504920349,0.5039459377527237,0.187109375,-0.465962615609169,0.6019138514995575,0.03137257695198059,0.03757215663790703,0.719891682267189,nan,nan,0.16632988750934596,nan,0.0,nan,0.0,0
27,340,9492,0.04049242424242423,2560,0.21844739392399787,0.9296875,0.014272751845419407,0.5074502483010292,0.208203125,-0.47881011217832564,0.6016821712255478,0.03137257695198059,0.03794996216893196,0.7195124059915543,nan,nan,0.16632988750934596,nan,0.0,0.0,0.37146939999365713,0
27,352,9504,0.04003787878787879,1480,0.20718349878852432,0.9310810807588938,nan,0.4943478241160109,0.20472972997137018,-0.4642134486018,0.5999118231438302,0.03137257695198059,0.03708280848490225,0.7175670910525966,nan,nan,0.16632988750934596,nan,0.0,nan,0.0,0
28,20,9524,0.03928030303030301,2560,0.19793691486120224,0.93359375,-0.0012223205878399313,0.5011804074048996,0.19296875,-0.4660514146089554,0.600251916050911,0.03137257695198059,0.036196991056203845,0.7147026598453522,nan,nan,0.16632988750934596,nan,0.0,nan,0.0,0
28,40,9544,0.03852272727272728,2560,0.19924343712627887,0.935546875,nan,0.5067569881677627,0.194921875,-0.45797677934169767,0.6018236994743347,0.03137257695198059,0.03978664390742779,0.7231360495090484,nan,nan,0.16632988750934596,nan,0.0,nan,0.0,0
28,60,9564,0.0377651515151515,2560,0.21671209409832953,0.926171875,0.0025195254129357636,0.49899751543998716,0.19921875,-0.4788218945264816,0.6000653773546218,0.03137257695198059,0.03696311637759209,0.7157598853111267,nan,nan,0.16632988750934596,nan,0.0,nan,0.0,0
28,80,9584,0.03700757575757576,2560,0.2226812869310379,0.928515625,0.010478313697967678,0.50536779910326,0.203515625,-0.44796228855848313,0.6003411829471588,0.03137257695198059,0.03619495835155249,0.7142442435026168,nan,nan,0.16632988750934596,nan,0.0,0.0,0.38401219999650493,0
28,100,9604,0.036249999999999984,2560,0.22776145599782466,0.92578125,nan,0.4924251765012741,0.18359375,-0.42270792201161383,0.5996002346277237,0.03137257695198059,0.03669166993349791,0.716890525817871,nan,nan,0.16632988750934596,nan,0.0,nan,0.0,0
28,120,9624,0.03549242424242425,2560,0.20791707634925843,0.93359375,nan,0.5047023937106132,0.209375,-0.5036269932985306,0.6019237697124481,0.03137257695198059,0.03519103843718767,0.7132592409849167,nan,nan,0.16632988750934596,nan,0.0,nan,0.0,0
28,140,9644,0.03473484848484847,2560,0.21672954112291337,0.93046875,0.01436537408735603,0.5112653225660324,0.208984375,-0.48684829771518706,0.6030065149068833,0.03137257695198059,0.036690853722393516,0.715559783577919,nan,nan,0.16632988750934596,nan,0.0,nan,0.0,0
28,160,9664,0.03397727272727274,2560,0.2236950181424618,0.922265625,-0.0017794169893022628,0.4957047924399376,0.20625,-0.485127691924572,0.6010749995708465,0.03137257695198059,0.03863034788519144,0.7213714897632599,nan,nan,0.16632988750934596,nan,0.0,nan,0.0,0
28,180,9684,0.033219696969696955,2560,0.18677416443824768,0.943359375,0.008263161242939531,0.5024370968341827,0.18671875,-0.4194463148713112,0.6008756190538407,0.03137257695198059,0.03856492228806019,0.7211298674345017,nan,nan,0.16632988750934596,nan,0.0,0.0,0.37661399999342393,0
28,200,9704,0.03246212121212122,2560,0.17342902570962906,0.94296875,0.0008694808813743294,0.49551698565483093,0.191796875,-0.4631518594920635,0.6002876430749893,0.03137257695198059,0.039357815310359,0.7231143623590469,nan,nan,0.16632988750934596,nan,0.0,nan,0.0,0
28,220,9724,0.031704545454545444,2560,0.16825132817029953,0.941796875,-0.0012235626694746316,0.49492048770189284,0.190234375,-0.4300255559384823,0.6004883050918579,0.03137257695198059,0.03813393749296665,0.7210635423660279,nan,nan,0.16632988750934596,nan,0.0,nan,0.0,0
28,240,9744,0.03094696969696971,2560,0.18544536978006362,0.9359375,0.00794426656793803,0.5089377239346504,0.190234375,-0.4054722711443901,0.60113565325737,0.03137257695198059,0.03836944755166769,0.721265509724617,0.0008694808813743294,-0.007074785686563701,0.16632988750934596,nan,0.0,nan,0.0,0
28,260,9764,0.03018939393939393,2560,0.20456577390432357,0.9328125,-0.009734133305028082,0.4881121426820755,0.204296875,-0.47928362935781477,0.6001039028167725,0.03137257695198059,0.03975891247391701,0.7246487498283386,0.0008694808813743294,0.010603614186402412,0.16632988750934596,nan,0.0,nan,0.0,0
28,280,9784,0.029431818181818194,2560,0.20387810096144676,0.931640625,0.007629560097120703,0.5088207468390464,0.196484375,-0.4639804244041443,0.600751519203186,0.03137257695198059,0.04009328652173281,0.7252852708101273,0.0008694808813743294,-0.0067600792157463735,0.16632988750934596,nan,0.0,0.0,0.3739337000006344,0
28,300,9804,0.028674242424242415,2560,0.196712763980031,0.933203125,0.0019178717746399343,0.49951236695051193,0.184765625,-0.4592502608895302,0.6018781274557113,0.03137257695198059,0.039239428378641604,0.7239701956510544,0.0008694808813743294,-0.0010483908932656049,0.16632988750934596,nan,0.0,nan,0.0,0
28,320,9824,0.02791666666666668,2560,0.18850091993808746,0.9375,0.011018112034071237,0.5047917887568474,0.191796875,-0.4701346144080162,0.6012161493301391,0.03137257695198059,0.03841172643005848,0.7218306630849838,0.0019178717746399343,-0.009100240259431304,0.16632988750934596,nan,0.0,nan,0.0,0
28,340,9844,0.0271590909090909,2560,0.18075311817228795,0.943359375,nan,0.49972484856843946,0.192578125,-0.4604596868157387,0.6007999628782272,0.03137257695198059,0.0392276456579566,0.7243319869041442,0.007629560097120703,nan,0.16632988750934596,nan,0.0,nan,0.0,0
28,352,9856,0.02670454545454546,1480,0.21472915338503348,0.9297297294075425,nan,0.4969003103874825,0.2108108112135449,-0.4616139669676085,0.5997842508393365,0.03137257695198059,0.04004253320194579,0.7254578880361608,nan,nan,0.16632988750934596,nan,0.0,nan,0.0,0
29,20,9876,0.02594696969696968,2560,0.2062084123492241,0.93125,nan,0.5070301204919815,0.19140625,-0.44487428441643717,0.5992363154888153,0.03137257695198059,0.040284290164709094,0.7261249959468842,nan,nan,0.16632988750934596,nan,0.0,0.0,0.37698280000768136,0
29,40,9896,0.025189393939393945,2560,0.21490660309791565,0.925390625,0.0033779765013605355,0.49497211575508115,0.2046875,-0.47691484838724135,0.6015406519174575,0.03137257695198059,0.04029251728206873,0.7250277578830719,nan,nan,0.16632988750934596,nan,0.0,nan,0.0,0
29,60,9916,0.024431818181818166,2560,0.18856333754956722,0.937890625,0.002525402675382793,0.4990829601883888,0.18203125,-0.3839435115456581,0.6027940303087235,0.03137257695198059,0.0395259365439415,0.7235304325819015,nan,nan,0.16632988750934596,nan,0.0,nan,0.0,0
29,80,9936,0.02367424242424243,2560,0.19501946158707142,0.937890625,0.004748251440469175,0.500575652718544,0.173046875,-0.3691499032080173,0.6023951411247254,0.03137257695198059,0.03890752345323563,0.7224219828844071,nan,nan,0.16632988750934596,nan,0.0,nan,0.0,0
29,100,9956,0.022916666666666655,2560,0.17340174093842506,0.9421875,0.006442142312880606,0.5032907068729401,0.180078125,-0.3829861983656883,0.6017444789409637,0.03137257695198059,0.03985595516860485,0.7244256913661957,nan,nan,0.16632988750934596,nan,0.0,nan,0.0,0
29,120,9976,0.02215909090909092,2560,0.1591525137424469,0.948828125,nan,0.5056352153420448,0.167578125,-0.4025464944541454,0.6004079431295395,0.03137257695198059,0.039461811818182466,0.7227957576513291,nan,nan,0.16632988750934596,nan,0.0,0.0,0.3791625000012573,0
29,140,9996,0.02140151515151514,2560,0.16647186353802682,0.944921875,-0.0010489129577763378,0.4941237300634384,0.177734375,-0.4196287512779236,0.6007591515779496,0.03137257695198059,0.038278555311262605,0.7213214993476867,nan,nan,0.16632988750934596,nan,0.0,nan,0.0,0
29,160,10016,0.020643939393939405,2560,0.18439160622656345,0.9421875,nan,0.4954225033521652,0.176171875,-0.4193022072315216,0.6000461786985397,0.03137257695198059,0.03776214700192213,0.7202795207500458,nan,nan,0.16632988750934596,nan,0.0,nan,0.0,0
29,180,10036,0.019886363636363626,2560,0.14657629169523717,0.953515625,nan,0.4999024823307991,0.17109375,-0.4017370894551277,0.6010780513286591,0.03137257695198059,0.03761300686746836,0.7202253967523575,nan,nan,0.16632988750934596,nan,0.0,nan,0.0,0
29,200,10056,0.01912878787878789,2560,0.15421727560460569,0.950390625,nan,0.49596710950136186,0.18125,-0.4428095921874046,0.6012216091156006,0.03137257695198059,0.037661111913621426,0.7195566743612289,nan,nan,0.16632988750934596,nan,0.0,nan,0.0,0
29,220,10076,0.01837121212121211,2560,0.13850605376064778,0.951171875,nan,0.5022172376513481,0.155078125,-0.37756394743919375,0.6028469204902649,0.03137257695198059,0.03847565408796072,0.7213533520698547,nan,nan,0.16632988750934596,nan,0.0,0.0,0.3801264999929117,0
29,240,10096,0.017613636363636376,2560,0.15164528526365756,0.953515625,nan,0.5085202753543854,0.151953125,-0.332408544421196,0.6019094020128251,0.03137257695198059,0.039497544057667255,0.7232521444559097,nan,nan,0.16632988750934596,nan,0.0,nan,0.0,0
29,260,10116,0.016856060606060597,2560,0.15911503992974757,0.95,nan,0.5025481060147285,0.16875,-0.38078979328274726,0.6014105647802352,0.03137257695198059,0.03830046560615301,0.7205063074827194,nan,nan,0.16632988750934596,nan,0.0,nan,0.0,0
29,280,10136,0.016098484848484862,2560,0.158852394297719,0.94609375,0.006697197241010144,0.5033611476421356,0.16484375,-0.3976945511996746,0.6015350550413132,0.03137257695198059,0.03838626127690077,0.7218525916337967,nan,nan,0.16632988750934596,nan,0.0,nan,0.0,0
29,300,10156,0.015340909090909084,2560,0.16583274565637113,0.947265625,-0.003799697943031788,0.49407553523778913,0.15859375,-0.38328929543495177,0.5994344264268875,0.03137257695198059,0.03769257646054029,0.7203133583068848,nan,nan,0.16632988750934596,nan,0.0,nan,0.0,0
29,320,10176,0.01458333333333335,2560,0.1848451763391495,0.937890625,0.006526977760950103,0.5023934870958329,0.176953125,-0.42434229180216787,0.6006340205669403,0.03137257695198059,0.03826684858649969,0.7224599480628967,nan,nan,0.16632988750934596,nan,0.0,0.0,0.3819438999926206,0
29,340,10196,0.01382575757575757,2560,0.16497452333569526,0.946484375,nan,0.4959734708070755,0.166796875,-0.39305856376886367,0.5998424738645554,0.03137257695198059,0.03911907095462084,0.7233324348926544,nan,nan,0.16632988750934596,nan,0.0,nan,0.0,0
29,352,10208,0.01337121212121213,1480,0.17156951185819266,0.9452702702702702,0.011556403202986395,0.5118905434737334,0.1749999995167191,-0.41629264193612175,0.6023996349927542,0.03137257695198059,0.03748399689793587,0.7203051615405727,nan,nan,0.16632988750934596,nan,0.0,nan,0.0,0
30,20,10228,0.01261363636363635,2560,0.1327069081366062,0.95546875,-0.010259433719329535,0.4857863217592239,0.16171875,-0.39820069894194604,0.6011680692434311,0.03137257695198059,0.038936843164265156,0.7239747494459152,nan,nan,0.16632988750934596,nan,0.0,nan,0.0,0
30,40,10248,0.011856060606060615,2560,0.1601356565952301,0.94765625,0.018452635529683903,0.5145407542586327,0.171484375,-0.3892176538705826,0.6013097316026688,0.03137257695198059,0.03949529677629471,0.7243505567312241,nan,nan,0.16632988750934596,nan,0.0,nan,0.0,0
30,60,10268,0.011098484848484837,2560,0.15314537901431322,0.95390625,-0.0047764218354132025,0.4907278805971146,0.150390625,-0.33202830255031585,0.6009549647569656,0.03137257695198059,0.04143935795873403,0.7298422276973724,nan,nan,0.16632988750934596,nan,0.0,0.0,0.3683605999976862,0
30,80,10288,0.010340909090909102,2560,0.1523012774065137,0.951953125,0.004824031889438629,0.49947562217712405,0.16484375,-0.3804489776492119,0.6019797176122665,0.03137257695198059,0.04041317403316498,0.7287026077508927,nan,nan,0.16632988750934596,nan,0.0,nan,0.0,0
30,100,10308,0.009583333333333322,2560,0.12541054897010326,0.961328125,0.004481802205555141,0.4976182445883751,0.15859375,-0.39087760671973226,0.6000241786241531,0.03137257695198059,0.04087917841970921,0.7296391904354096,0.004824031889438629,0.00034222968388348835,0.16632988750934596,nan,0.0,nan,0.0,0
30,120,10328,0.008825757575757587,2560,0.1185591071844101,0.9640625,0.005759668594691902,0.4995301753282547,0.161328125,-0.3819119781255722,0.600796777009964,0.03137257695198059,0.04062613137066364,0.728216215968132,0.004481802205555141,-0.0012778663891367618,0.16632988750934596,nan,0.0,nan,0.0,0
30,140,10348,0.008068181818181808,2560,0.12499008364975453,0.9578125,0.00256083314307034,0.4987610012292862,0.16484375,-0.38335917964577676,0.6012252986431121,0.03137257695198059,0.039796189218759534,0.7265632897615433,0.004824031889438629,0.002263198746368289,0.16632988750934596,nan,0.0,nan,0.0,0
30,160,10368,0.007310606060606073,2560,0.11799248233437538,0.9640625,0.004175548173952848,0.49948820620775225,0.15,-0.3566937819123268,0.6008835047483444,0.03137257695198059,0.04000201653689146,0.7265910357236862,0.004481802205555141,0.00030625403160229256,0.16632988750934596,nan,0.0,0.0,0.37315610000223387,0
30,180,10388,0.006553030303030294,2560,0.10944081693887711,0.963671875,-0.0010943875182420014,0.4980016216635704,0.15,-0.3403944283723831,0.6023772150278092,0.03137257695198059,0.03972385488450527,0.7259827435016633,0.004481802205555141,0.0055761897237971425,0.16632988750934596,nan,0.0,nan,0.0,0
30,200,10408,0.005795454545454559,2560,0.11654860563576222,0.962890625,0.002804117393679917,0.5011292919516563,0.143359375,-0.32870518416166306,0.6007279962301254,0.03137257695198059,0.0394877465441823,0.7254965037107468,0.004175548173952848,0.0013714307802729312,0.16632988750934596,nan,0.0,nan,0.0,0
30,220,10428,0.00503787878787878,2560,0.09930530935525894,0.968359375,0.006621910072863102,0.5030908092856408,0.13515625,-0.34879104495048524,0.6027795374393463,0.03137257695198059,0.03891883622854948,0.7235731571912766,0.002804117393679917,-0.003817792679183185,0.16632988750934596,nan,0.0,nan,0.0,0
30,240,10448,0.004280303030303046,2560,0.11361681371927261,0.965234375,0.0019351172493770718,0.5012795969843864,0.14921875,-0.37012163922190666,0.6028029292821884,0.03137257695198059,0.039009293913841246,0.7241551041603088,0.002804117393679917,0.000869000144302845,0.16632988750934596,nan,0.0,nan,0.0,0
30,260,10468,0.0035227272727272664,2560,0.10878849998116494,0.965234375,-0.0038250039506237954,0.4939268887042999,0.1578125,-0.3762286834418774,0.6039618402719498,0.03137257695198059,0.039236651919782164,0.7251591771841049,0.002804117393679917,0.006629121344303712,0.16632988750934596,nan,0.0,0.0,0.3791466999973636,0
30,280,10488,0.0027651515151515317,2560,0.10954079255461693,0.964453125,-0.00235386147396639,0.49282977879047396,0.151171875,-0.3689682461321354,0.6006683528423309,0.03137257695198059,0.038902667537331584,0.7244158565998078,0.0019351172493770718,0.004288978723343462,0.16632988750934596,nan,0.0,nan,0.0,0
30,300,10508,0.0020075757575757527,2560,0.1116521468386054,0.96328125,0.016304177953861652,0.5138795360922813,0.146875,-0.3581573210656643,0.6023956507444381,0.03137257695198059,0.03866111245006323,0.724080690741539,0.0019351172493770718,-0.014369060704484581,0.16632988750934596,nan,0.0,nan,0.0,0
30,320,10528,0.0012500000000000178,2560,0.11333950180560351,0.965234375,0.00541456111241132,0.5051081463694572,0.15,-0.3461913846433163,0.6017542749643325,0.03137257695198059,0.03918789848685265,0.7250419199466706,0.0019351172493770718,-0.003479443863034248,0.16632988750934596,nan,0.0,nan,0.0,0
30,340,10548,0.0004924242424242387,2560,0.12498801704496146,0.9578125,-0.003056270070374012,0.4917556956410408,0.15859375,-0.3891225829720497,0.6014896631240845,0.03137257695198059,0.039290367625653744,0.7252498537302017,0.0019351172493770718,0.004991387319751084,0.16632988750934596,nan,0.0,nan,0.0,0
30,352,10560,3.787878787879784e-05,1480,0.11158120326093725,0.9601351367460714,0.0016365013412527136,0.4944303085675111,0.14999999991945318,-0.3592099603768942,0.602188042692236,0.03137257695198059,0.039950182832576134,0.7266865337217177,-0.00235386147396639,-0.003990362815219104,0.16632988750934596,nan,0.0,0.0,0.380874299997231,0
