epoch,batch,global_step,lr,window_samples,train_adv_loss,train_adv_acc,free_gradient_cosine,free_gradient_sign_agreement,free_prediction_disagreement,free_attack_loss_gain,free_boundary_fraction,free_delta_linf,control_gradient_participation_ratio,control_gradient_entropy,detector_baseline,detector_score,detector_threshold,detector_pgd10_acc,detector_seconds,observer_pgd10_acc,observer_pgd10_seconds,intervention_triggered
1,20,20,0.0007196969696969698,2560,3.202764129638672,0.0,0.014141465537250042,0.4993731290102005,0.395703125,0.8743264615535736,0.6013249903917313,0.03137257695198059,0.24189309924840927,0.8837873786687851,nan,nan,0.16632988750934596,nan,0.0,nan,0.0,0
1,40,40,0.0014772727272727272,2560,3.047930908203125,0.0,0.017592230765148997,0.5004771083593369,0.39765625,0.7737382531166077,0.5999522089958191,0.03137257695198059,0.24202969968318938,0.8836129784584046,nan,nan,0.16632988750934596,nan,0.0,nan,0.0,0
1,60,60,0.002234848484848485,2560,2.8105167388916015,0.000390625,0.029760195501148702,0.5037689447402954,0.381640625,0.5913429901003837,0.6000338464975357,0.03137257695198059,0.23995015099644662,0.8830050647258758,nan,nan,0.16632988750934596,nan,0.0,nan,0.0,0
1,80,80,0.0029924242424242426,2560,2.5921958684921265,0.015234375,0.06956811770796775,0.5140645533800126,0.29453125,0.41568913012743,0.6012058436870575,0.03137257695198059,0.23638285845518112,0.8818600386381149,0.017592230765148997,-0.05197588694281875,0.16632988750934596,nan,0.0,nan,0.0,0
1,100,100,0.00375,2560,2.449003791809082,0.033203125,0.14756505861878394,0.5359104335308075,0.26484375,0.28766119480133057,0.601143154501915,0.03137257695198059,0.2300213098526001,0.8796485543251038,0.023676213133148848,-0.12388884548563509,0.16632988750934596,nan,0.0,0.015625,0.38430150000203867,0
1,120,120,0.004507575757575758,2560,2.3296724557876587,0.04140625,0.26930553540587426,0.5718115717172623,0.308984375,0.2246895834803581,0.6000244319438934,0.03137257695198059,0.22087894454598428,0.8751551240682602,0.029760195501148702,-0.23954533990472557,0.16632988750934596,nan,0.0,nan,0.0,0
1,140,140,0.005265151515151515,2560,2.294747018814087,0.11171875,0.40613438487052916,0.6122093379497529,0.24140625,0.19827737659215927,0.6014215081930161,0.03137257695198059,0.21007006913423537,0.8692731708288193,0.06956811770796775,-0.33656626716256144,0.16632988750934596,nan,0.0,nan,0.0,0
1,160,160,0.006022727272727273,2560,2.2652894496917724,0.148046875,0.50946324467659,0.6446060329675675,0.215234375,0.18451453894376754,0.6011757165193558,0.03137257695198059,0.19883911684155464,0.8615345895290375,0.14756505861878394,-0.36189818605780605,0.16632988750934596,nan,0.0,nan,0.0,0
1,180,180,0.0067803030303030315,2560,2.213931655883789,0.133984375,0.5661076456308365,0.6657903254032135,0.265234375,0.17528053969144822,0.6003163874149322,0.03137257695198059,0.19018805995583535,0.8567255795001983,0.26930553540587426,-0.2968021102249622,0.16632988750934596,nan,0.0,nan,0.0,0
1,200,200,0.007537878787878788,2560,2.2457103729248047,0.161328125,0.6427836626768112,0.6896527796983719,0.178515625,0.17933244183659552,0.6018636256456376,0.03137257695198059,0.17717044278979302,0.8475746601819992,0.40613438487052916,-0.23664927780628203,0.16632988750934596,nan,0.0,0.1640625,0.3792582999885781,0
1,220,220,0.008295454545454547,2560,2.2250022411346437,0.17578125,0.6798816740512847,0.7069022059440613,0.224609375,0.17096173614263535,0.6005184352397919,0.03137257695198059,0.17359704077243804,0.8446475207805634,0.50946324467659,-0.17041842937469476,0.16632988750934596,nan,0.0,nan,0.0,0
1,240,240,0.009053030303030304,2560,2.1875341057777407,0.17265625,0.7042140334844589,0.7196238338947296,0.238671875,0.16985453814268112,0.6008727014064789,0.03137257695198059,0.16574769839644432,0.8393244475126267,0.5661076456308365,-0.1381063878536224,0.16632988750934596,nan,0.0,nan,0.0,0
1,260,260,0.009810606060606061,2560,2.194439101219177,0.183984375,0.7372420907020569,0.7325765073299408,0.2,0.17155665755271912,0.5991620630025863,0.03137257695198059,0.15574253126978874,0.8331047147512436,0.6427836626768112,-0.09445842802524573,0.16632988750934596,nan,0.0,nan,0.0,0
1,280,280,0.010568181818181819,2560,2.1684938311576842,0.1953125,0.763664698600769,0.7467404872179031,0.184375,0.1825208283960819,0.5993905663490295,0.03137257695198059,0.14954505860805511,0.8295870274305344,0.6798816740512847,-0.08378302454948428,0.16632988750934596,nan,0.0,nan,0.0,0
1,300,300,0.011325757575757576,2560,2.1177975654602053,0.208984375,0.7763354659080506,0.7516460627317428,0.203125,0.1733122043311596,0.5992307215929031,0.03137257695198059,0.13883230090141296,0.8219366163015366,0.7042140334844589,-0.0721214324235917,0.16632988750934596,nan,0.0,0.203125,0.3775928999966709,0
1,320,320,0.012083333333333335,2560,2.1332865238189695,0.188671875,0.797168356180191,0.7630189418792724,0.1953125,0.19947702884674073,0.5994576990604401,0.03137257695198059,0.13222602680325507,0.8166227102279663,0.7372420907020569,-0.059926265478134066,0.16632988750934596,nan,0.0,nan,0.0,0
1,340,340,0.012840909090909092,2560,2.140393328666687,0.18671875,0.8081272512674331,0.7706816554069519,0.19765625,0.19833676069974898,0.5993510097265243,0.03137257695198059,0.1259446796029806,0.8116056144237518,0.763664698600769,-0.0444625526666641,0.16632988750934596,nan,0.0,nan,0.0,0
1,352,352,0.013295454545454548,1480,2.1327491360741693,0.1898648646232244,0.8301313284281138,0.7742047016685073,0.18175675667620994,0.1921122007273339,0.6006138885343397,0.03137257695198059,0.11923118362555633,0.8055144184344524,0.7763354659080506,-0.05379586252006319,0.16632988750934596,nan,0.0,nan,0.0,0
2,20,372,0.014053030303030303,2560,2.123140048980713,0.2015625,0.8268021047115326,0.7807321071624755,0.18359375,0.19929058626294135,0.6004505395889282,0.03137257695198059,0.11898045167326927,0.805139884352684,0.797168356180191,-0.029633748531341597,0.16632988750934596,nan,0.0,nan,0.0,0
2,40,392,0.01481060606060606,2560,2.098140811920166,0.21015625,0.8337053686380387,0.7856554836034775,0.207421875,0.1995704874396324,0.6021620631217957,0.03137257695198059,0.11647881008684635,0.8027340203523636,0.8081272512674331,-0.025578117370605558,0.16632988750934596,nan,0.0,0.203125,0.38605840000673197,0
2,60,412,0.015568181818181818,2560,2.1044232130050657,0.20234375,0.8450942099094391,0.7936243891716004,0.194921875,0.21571093127131463,0.60207140147686,0.03137257695198059,0.11287030428647996,0.7998768240213394,0.8268021047115326,-0.018292105197906472,0.16632988750934596,nan,0.0,nan,0.0,0
2,80,432,0.016325757575757577,2560,2.081641912460327,0.21484375,0.8437549412250519,0.7949802666902542,0.208984375,0.2041074052453041,0.6019190639257431,0.03137257695198059,0.1102799754589796,0.7976993173360825,0.8301313284281138,-0.013623612796938134,0.16632988750934596,nan,0.0,nan,0.0,0
2,100,452,0.017083333333333336,2560,2.1032478332519533,0.1984375,0.8500727415084839,0.80043705701828,0.19765625,0.2140653371810913,0.6020604580640793,0.03137257695198059,0.10660549737513066,0.7927111655473709,0.8337053686380387,-0.016367372870445207,0.16632988750934596,nan,0.0,nan,0.0,0
2,120,472,0.01784090909090909,2560,2.0568957686424256,0.231640625,0.8542282968759537,0.8016887813806534,0.203515625,0.21051746010780334,0.6010864466428757,0.03137257695198059,0.10446315072476864,0.7933778971433639,0.8437549412250519,-0.010473355650901794,0.16632988750934596,nan,0.0,nan,0.0,0
2,140,492,0.018598484848484847,2560,2.0773716449737547,0.216796875,0.8528375625610352,0.804419094324112,0.208984375,0.22915259897708892,0.6028258204460144,0.03137257695198059,0.10695453584194184,0.7936933636665344,0.8450942099094391,-0.0077433526515960915,0.16632988750934596,nan,0.0,0.203125,0.38051350000023376,0
2,160,512,0.01935606060606061,2560,2.078874921798706,0.225,0.8585574328899384,0.8093357264995575,0.196484375,0.21763285398483276,0.6042516201734542,0.03137257695198059,0.10397934541106224,0.7918667197227478,0.8500727415084839,-0.008484691381454468,0.16632988750934596,nan,0.0,nan,0.0,0
2,180,532,0.020113636363636365,2560,2.0414660453796385,0.218359375,0.8599626958370209,0.8107848048210144,0.19765625,0.21224223375320433,0.6030592769384384,0.03137257695198059,0.09944309294223785,0.7879275441169739,0.8528375625610352,-0.00712513327598574,0.16632988750934596,nan,0.0,nan,0.0,0
2,200,552,0.020871212121212124,2560,2.04647136926651,0.216796875,0.8639192253351211,0.811120119690895,0.18125,0.2142571948468685,0.6044646203517914,0.03137257695198059,0.09470349550247192,0.779927921295166,0.8542282968759537,-0.009690928459167414,0.16632988750934596,nan,0.0,nan,0.0,0
2,220,572,0.02162878787878788,2560,2.0299961447715758,0.2328125,0.8718525737524032,0.8166645228862762,0.173046875,0.21324887350201607,0.6040881007909775,0.03137257695198059,0.09349900409579277,0.7803641855716705,0.8585574328899384,-0.01329514086246486,0.16632988750934596,nan,0.0,nan,0.0,0
2,240,592,0.02238636363636364,2560,2.0281911849975587,0.24296875,0.8682765811681747,0.8153195917606354,0.212109375,0.22482218071818352,0.6030754178762436,0.03137257695198059,0.09196054190397263,0.7784345239400864,0.8599626958370209,-0.008313885331153847,0.16632988750934596,nan,0.0,0.2734375,0.3791866999963531,0
2,260,612,0.023143939393939397,2560,2.0362911462783813,0.237890625,0.866618013381958,0.8195490717887879,0.206640625,0.2254050277173519,0.6055666774511337,0.03137257695198059,0.09298376515507698,0.7788784295320511,0.8639192253351211,-0.0026987880468368752,0.16632988750934596,nan,0.0,nan,0.0,0
2,280,632,0.023901515151515153,2560,1.9977060317993165,0.24921875,0.8802866071462632,0.8213618159294128,0.20703125,0.22055161669850348,0.6044900476932525,0.03137257695198059,0.08877161368727685,0.7761401414871216,0.866618013381958,-0.013668593764305181,0.16632988750934596,nan,0.0,nan,0.0,0
2,300,652,0.02465909090909091,2560,1.9858007431030273,0.2578125,0.878106078505516,0.8210635125637055,0.197265625,0.2396763764321804,0.6033813655376434,0.03137257695198059,0.08520081825554371,0.7698330968618393,0.8682765811681747,-0.009829497337341286,0.16632988750934596,nan,0.0,nan,0.0,0
2,320,672,0.025416666666666667,2560,2.0400798320770264,0.244140625,0.879143038392067,0.8195942103862762,0.171484375,0.22308271005749702,0.6046694636344909,0.03137257695198059,0.08217578232288361,0.7646166563034058,0.8718525737524032,-0.007290464639663763,0.16632988750934596,nan,0.0,nan,0.0,0
2,340,692,0.026174242424242423,2560,1.9918231964111328,0.24140625,0.8809318274259568,0.8210024684667587,0.18515625,0.21799355000257492,0.6023094415664673,0.03137257695198059,0.08255247995257378,0.7636770814657211,0.878106078505516,-0.0028257489204407404,0.16632988750934596,nan,0.0,0.2578125,0.3819031000020914,0
2,352,704,0.02662878787878788,1480,1.9784275589762508,0.24054054054054055,0.8854523777961731,0.8256840544777948,0.2209459456237587,0.22727909990259118,0.6073781322788547,0.031372576770750255,0.08778390199751468,0.7729603841498092,0.879143038392067,-0.006309339404106162,0.16632988750934596,nan,0.0,nan,0.0,0
3,20,724,0.02738636363636364,2560,2.0051230669021605,0.2515625,0.886752524971962,0.8316223353147507,0.20390625,0.24141094014048575,0.6041736871004104,0.03137257695198059,0.08769729509949684,0.7732903480529785,0.8802866071462632,-0.00646591782569883,0.16632988750934596,nan,0.0,nan,0.0,0
3,40,744,0.028143939393939395,2560,2.014188289642334,0.23125,0.8823990911245346,0.8297329187393189,0.211328125,0.22056767493486404,0.6043473750352859,0.03137257695198059,0.08184373043477536,0.7635640889406204,0.8809318274259568,-0.0014672636985778587,0.16632988750934596,nan,0.0,nan,0.0,0
3,60,764,0.02890151515151515,2560,1.9657956540584565,0.255859375,0.880540668964386,0.8233299493789673,0.19765625,0.24388043507933616,0.6043848872184754,0.03137257695198059,0.08157439827919007,0.7644490361213684,0.8823990911245346,0.0018584221601486428,0.16632988750934596,nan,0.0,nan,0.0,0
3,80,784,0.02965909090909091,2560,1.9902310371398926,0.254296875,0.8867522358894349,0.8336057215929031,0.19609375,0.23794546574354172,0.605719268321991,0.03137257695198059,0.08311006762087345,0.765689468383789,0.8823990911245346,-0.00435314476490023,0.16632988750934596,nan,0.0,0.2578125,0.3849406999943312,0
3,100,804,0.030416666666666665,2560,1.9976324558258056,0.25078125,0.8898391366004944,0.8325176447629928,0.19296875,0.23017767518758775,0.6031578272581101,0.03137257695198059,0.08072680905461312,0.761774817109108,0.8854523777961731,-0.004386758804321267,0.16632988750934596,nan,0.0,nan,0.0,0
3,120,824,0.031174242424242427,2560,1.9760050296783447,0.249609375,0.886148926615715,0.8336867213249206,0.2234375,0.23400350362062455,0.6061147272586822,0.03137257695198059,0.07881645821034908,0.7619306296110153,0.8867522358894349,0.0006033092737198764,0.16632988750934596,nan,0.0,nan,0.0,0
3,140,844,0.031931818181818186,2560,1.9608612060546875,0.244921875,0.882547527551651,0.832298931479454,0.199609375,0.24747424498200415,0.6049575984477997,0.03137257695198059,0.0792582631111145,0.7604708850383759,0.886148926615715,0.0036013990640639815,0.16632988750934596,nan,0.0,nan,0.0,0
3,160,864,0.03268939393939394,2560,1.9590664029121398,0.254296875,0.8874059915542603,0.8342717707157135,0.183203125,0.23586372435092925,0.6058845728635788,0.03137257695198059,0.0774855725467205,0.757811325788498,0.886148926615715,-0.0012570649385452715,0.16632988750934596,nan,0.0,nan,0.0,0
3,180,884,0.0334469696969697,2560,1.9545773029327393,0.248046875,0.8860970854759216,0.8362321466207504,0.2109375,0.23715187683701516,0.6057639062404633,0.03137257695198059,0.07897203937172889,0.7605737179517746,0.8867522358894349,0.0006551504135132724,0.16632988750934596,nan,0.0,0.25,0.3742789999960223,0
3,200,904,0.03420454545454545,2560,1.9577476739883424,0.253125,0.8845100790262223,0.8327303767204285,0.211328125,0.25838903784751893,0.6063881039619445,0.03137257695198059,0.07599740102887154,0.7556732475757599,0.886148926615715,0.0016388475894927312,0.16632988750934596,nan,0.0,nan,0.0,0
3,220,924,0.034962121212121215,2560,1.945197343826294,0.261328125,0.8996300637722016,0.8401024013757705,0.1890625,0.23163142651319504,0.6061499416828156,0.03137257695198059,0.07631559893488885,0.7577693104743958,0.8860970854759216,-0.013532978296279974,0.16632988750934596,nan,0.0,nan,0.0,0
3,240,944,0.03571969696969697,2560,1.976582670211792,0.244140625,0.896835345029831,0.835182723402977,0.2078125,0.24113476499915124,0.6074452906847,0.03137257695198059,0.07169458158314228,0.749199378490448,0.8860970854759216,-0.01073825955390939,0.16632988750934596,nan,0.0,nan,0.0,0
3,260,964,0.036477272727272726,2560,1.9497254610061645,0.263671875,0.896989768743515,0.838037633895874,0.2140625,0.23731749802827834,0.6047722041606903,0.03137257695198059,0.07335893101990223,0.7535680174827576,0.8874059915542603,-0.009583777189254739,0.16632988750934596,nan,0.0,nan,0.0,0
3,280,984,0.03723484848484849,2560,1.9527265071868896,0.25,0.894367790222168,0.8401362329721451,0.186328125,0.23920115903019906,0.60652976334095,0.03137257695198059,0.07225632779300213,0.7496332824230194,0.896835345029831,0.0024675548076630305,0.16632988750934596,nan,0.0,0.3046875,0.3786854000063613,0
3,300,1004,0.037992424242424244,2560,1.9200458765029906,0.284375,0.8889516800642013,0.8355788052082062,0.200390625,0.2564376391470432,0.6062968105077744,0.03137257695198059,0.07544446215033532,0.7577761322259903,0.896835345029831,0.007883664965629644,0.16632988750934596,nan,0.0,nan,0.0,0
3,320,1024,0.03875000000000001,2560,1.911574912071228,0.285546875,0.8864980787038803,0.8393791377544403,0.2,0.26893488243222236,0.6063467860221863,0.03137257695198059,0.07468326352536678,0.7571638017892838,0.896835345029831,0.010337266325950667,0.16632988750934596,nan,0.0,nan,0.0,0
3,340,1044,0.03950757575757576,2560,1.9150439023971557,0.268359375,0.8914374023675918,0.8401635736227036,0.201953125,0.2598099149763584,0.6055067867040634,0.03137257695198059,0.07557862922549248,0.7595479041337967,0.894367790222168,0.002930387854576111,0.16632988750934596,nan,0.0,nan,0.0,0
3,352,1056,0.03996212121212121,1480,1.9329694580387424,0.2668918918918919,0.8832206684189874,0.838175916671753,0.2128378376767442,0.26685784926285616,0.5990333528132052,0.031372576770750255,0.07648109572159277,0.7596805717494036,0.8914374023675918,0.008216733948604449,0.16632988750934596,nan,0.0,nan,0.0,0
4,20,1076,0.040719696969696975,2560,1.9206604838371277,0.27578125,0.8987363934516907,0.8461247950792312,0.19609375,0.25033491402864455,0.6029808223247528,0.03137257695198059,0.06969876512885094,0.7473646104335785,0.8889516800642013,-0.009784713387489319,0.16632988750934596,nan,0.0,0.3046875,0.3794349000090733,0
4,40,1096,0.04147727272727273,2560,1.9303662300109863,0.269140625,0.8968710660934448,0.846716457605362,0.218359375,0.2558761566877365,0.606688329577446,0.03137257695198059,0.07502391748130322,0.7572054445743561,0.8889516800642013,-0.00791938602924347,0.16632988750934596,nan,0.0,nan,0.0,0
4,60,1116,0.042234848484848486,2560,1.9517208576202392,0.258203125,0.8930317908525467,0.8439338892698288,0.2046875,0.25883604139089583,0.6061823695898056,0.03137257695198059,0.07577880024909973,0.758041450381279,0.8914374023675918,-0.0015943884849548562,0.16632988750934596,nan,0.0,nan,0.0,0
4,80,1136,0.04299242424242425,2560,1.8812926769256593,0.284375,0.8969161957502365,0.8477010279893875,0.212890625,0.2624763913452625,0.604931527376175,0.03137257695198059,0.07437542527914047,0.7549690037965775,0.8930317908525467,-0.0038844048976898193,0.16632988750934596,nan,0.0,nan,0.0,0
4,100,1156,0.043750000000000004,2560,1.898070764541626,0.282421875,0.9002279937267303,0.8493651270866394,0.190234375,0.2560713320970535,0.6054055750370025,0.03137257695198059,0.07540766000747681,0.7553616136312484,0.8968710660934448,-0.0033569276332855447,0.16632988750934596,nan,0.0,nan,0.0,0
4,120,1176,0.04450757575757576,2560,1.907639455795288,0.281640625,0.8949990540742874,0.8486044704914093,0.218359375,0.2555165268480778,0.6055394679307937,0.03137257695198059,0.08111710697412491,0.7651304721832275,0.8969161957502365,0.001917141675949141,0.16632988750934596,nan,0.0,0.328125,0.37993209999694955,0
4,140,1196,0.045265151515151515,2560,1.8924230098724366,0.290234375,0.8921337723731995,0.8456165462732315,0.21171875,0.28043473288416865,0.6054610073566437,0.03137257695198059,0.07532176934182644,0.757160073518753,0.8968710660934448,0.004737293720245339,0.16632988750934596,nan,0.0,nan,0.0,0
4,160,1216,0.04602272727272727,2560,1.8957289218902589,0.2828125,0.8981213480234146,0.8474197566509247,0.2,0.2730266317725182,0.605438631772995,0.03137257695198059,0.07185237258672714,0.752880671620369,0.8949990540742874,-0.0031222939491272195,0.16632988750934596,nan,0.0,nan,0.0,0
4,180,1236,0.04678030303030303,2560,1.8821479320526122,0.287109375,0.8957538366317749,0.8481426417827607,0.21484375,0.28307137414813044,0.6044555902481079,0.03137257695198059,0.0749552845954895,0.757774418592453,0.8969161957502365,0.001162359118461631,0.16632988750934596,nan,0.0,nan,0.0,0
4,200,1256,0.047537878787878796,2560,1.8932007551193237,0.272265625,0.8915635943412781,0.8473930507898331,0.2296875,0.2713234104216099,0.6022776573896408,0.03137257695198059,0.0766443781554699,0.7570565551519394,0.8957538366317749,0.004190242290496804,0.16632988750934596,nan,0.0,nan,0.0,0
4,220,1276,0.04829545454545455,2560,1.9032302856445313,0.28515625,0.8990691602230072,0.8501242518424987,0.20234375,0.26708903461694716,0.6047603785991669,0.03137257695198059,0.07700101956725121,0.7589139968156815,0.8949990540742874,-0.004070106148719832,0.16632988750934596,nan,0.0,0.296875,0.3803180999966571,0
4,240,1296,0.04905303030303031,2560,1.9013588905334473,0.271484375,0.892189884185791,0.8438217341899872,0.217578125,0.276137875020504,0.6071232050657273,0.03137257695198059,0.07690411098301411,0.760855746269226,0.8957538366317749,0.0035639524459838423,0.16632988750934596,nan,0.0,nan,0.0,0
4,260,1316,0.04981060606060606,2560,1.898378849029541,0.27421875,0.8949805676937104,0.8483251124620438,0.220703125,0.27849755361676215,0.6037093043327332,0.03137257695198059,0.07513301111757756,0.7592719078063965,0.8957538366317749,0.0007732689380645086,0.16632988750934596,nan,0.0,nan,0.0,0
4,280,1336,0.050568181818181825,2560,1.8781283855438233,0.2859375,0.8925315797328949,0.8489881068468094,0.227734375,0.2778844781219959,0.6056766659021378,0.03137257695198059,0.08050482124090194,0.766704985499382,0.8949805676937104,0.0024489879608154963,0.16632988750934596,nan,0.0,nan,0.0,0
4,300,1356,0.05132575757575758,2560,1.8906481742858887,0.276953125,0.8928534775972367,0.8505169183015824,0.22578125,0.2797326184809208,0.6040896296501159,0.03137257695198059,0.0764333676546812,0.7619300097227096,0.8925315797328949,-0.00032189786434178025,0.16632988750934596,nan,0.0,nan,0.0,0
4,320,1376,0.05208333333333334,2560,1.8552947998046876,0.28828125,0.8917587786912918,0.851548022031784,0.221875,0.282852303981781,0.6049569636583328,0.03137257695198059,0.07505574822425842,0.7575669199228287,0.8928534775972367,0.0010946989059448242,0.16632988750934596,nan,0.0,0.2890625,0.37510789999214467,0
4,340,1396,0.0528409090909091,2560,1.8783795833587646,0.2890625,0.8948896944522857,0.8473346948623657,0.227734375,0.28675325140357016,0.6041404932737351,0.03137257695198059,0.07338222041726113,0.7569724351167679,0.8925315797328949,-0.002358114719390847,0.16632988750934596,nan,0.0,nan,0.0,0
4,352,1408,0.05329545454545455,1480,1.8647037009935121,0.27702702670483975,0.8883512316523372,0.8441283271119401,0.21689189213353235,0.2903263435170457,0.6031813267115,0.03137257695198059,0.07284107667368811,0.7538012430474564,0.8928534775972367,0.004502245944899452,0.16632988750934596,nan,0.0,nan,0.0,0
5,20,1428,0.054053030303030304,2560,1.855380129814148,0.291796875,0.8940578669309616,0.8493545681238175,0.226953125,0.28672650679945944,0.60195492208004,0.03137257695198059,0.0741407111287117,0.7583427727222443,0.8925315797328949,-0.0015262871980666892,0.16632988750934596,nan,0.0,nan,0.0,0
5,40,1448,0.05481060606060606,2560,1.8278786182403564,0.30390625,0.8907007873058319,0.847743245959282,0.240234375,0.30331413000822066,0.6038120418787003,0.03137257695198059,0.07177720181643962,0.75365349650383,0.8928534775972367,0.0021526902914047463,0.16632988750934596,nan,0.0,nan,0.0,0
5,60,1468,0.05556818181818182,2560,1.8452156782150269,0.3078125,0.8957177013158798,0.8513193935155868,0.212890625,0.2993688404560089,0.6073784053325653,0.03137257695198059,0.07392563223838806,0.7566087752580642,0.8917587786912918,-0.003958922624587968,0.16632988750934596,nan,0.0,0.25,0.37156830000458285,0
5,80,1488,0.05632575757575758,2560,1.8536766052246094,0.303125,0.8887962967157363,0.850612536072731,0.209765625,0.30603540390729905,0.601645165681839,0.03137257695198059,0.07665937095880508,0.7614870816469193,0.8940578669309616,0.00526157021522522,0.16632988750934596,nan,0.0,nan,0.0,0
5,100,1508,0.05708333333333333,2560,1.8361486911773681,0.30546875,0.8948418349027634,0.8491142451763153,0.23515625,0.29499751776456834,0.6036922693252563,0.03137257695198059,0.07295176759362221,0.7564643859863281,0.8907007873058319,-0.0041410475969314575,0.16632988750934596,nan,0.0,nan,0.0,0
5,120,1528,0.05784090909090909,2560,1.8578806161880492,0.301171875,0.8964771538972854,0.8540723383426666,0.216015625,0.2966390520334244,0.6028588801622391,0.03137257695198059,0.07430210821330548,0.7582949250936508,0.8940578669309616,-0.0024192869663238747,0.16632988750934596,nan,0.0,nan,0.0,0
5,140,1548,0.058598484848484844,2560,1.8059921979904174,0.3078125,0.8950437724590301,0.8522744715213776,0.23125,0.30813984721899035,0.6027647882699967,0.03137257695198059,0.07270314767956734,0.756126981973648,0.8948418349027634,-0.00020193755626674026,0.16632988750934596,nan,0.0,nan,0.0,0
5,160,1568,0.05935606060606061,2560,1.8756702423095704,0.292578125,0.8913739740848541,0.8477517664432526,0.212890625,0.29467122405767443,0.6065808832645416,0.03137257695198059,0.07202999629080295,0.7563642203807831,0.8950437724590301,0.0036697983741760254,0.16632988750934596,nan,0.0,0.2578125,0.37465480000537354,0
5,180,1588,0.06011363636363637,2560,1.853548789024353,0.288671875,0.8918528348207474,0.8489006251096726,0.225,0.2969499461352825,0.6047116756439209,0.03137257695198059,0.0728049635887146,0.7556146651506424,0.8948418349027634,0.002989000082015969,0.16632988750934596,nan,0.0,nan,0.0,0
5,200,1608,0.06087121212121213,2560,1.8655086278915405,0.2859375,0.8892765134572983,0.8466714382171631,0.228125,0.28101532608270646,0.6056364923715591,0.03137257695198059,0.07113781720399856,0.7526272594928741,0.8948418349027634,0.005565321445465066,0.16632988750934596,nan,0.0,nan,0.0,0
5,220,1628,0.06162878787878789,2560,1.845653200149536,0.2953125,0.8912938177585602,0.8457013577222824,0.239453125,0.31690863221883775,0.6096017301082611,0.03137257695198059,0.07407267317175865,0.7587605059146881,0.8918528348207474,0.0005590170621871948,0.16632988750934596,nan,0.0,nan,0.0,0
5,240,1648,0.06238636363636364,2560,1.825886034965515,0.3125,0.888200917840004,0.8475342005491256,0.21796875,0.30315091013908385,0.6027848780155182,0.03137257695198059,0.07335318773984909,0.7584157705307006,0.8913739740848541,0.003173056244850092,0.16632988750934596,nan,0.0,nan,0.0,0
5,260,1668,0.0631439393939394,2560,1.8063428401947021,0.309765625,0.890307542681694,0.8465711146593093,0.234375,0.3076243922114372,0.6098324030637741,0.03137257695198059,0.07432241477072239,0.7585807114839553,0.8912938177585602,0.0009862750768662165,0.16632988750934596,nan,0.0,0.3046875,0.37682309999945574,0
5,280,1688,0.06390151515151515,2560,1.8126980185508728,0.30859375,0.8874213337898255,0.8446153163909912,0.222265625,0.3063476517796516,0.6016636103391647,0.03137257695198059,0.0705508254468441,0.7535941004753113,0.890307542681694,0.0028862088918685247,0.16632988750934596,nan,0.0,nan,0.0,0
5,300,1708,0.06465909090909092,2560,1.8285115957260132,0.30859375,0.8846194088459015,0.8447808742523193,0.23046875,0.3144440218806267,0.6059290766716003,0.03137257695198059,0.07004760690033436,0.7525201618671418,0.8892765134572983,0.0046571046113967896,0.16632988750934596,nan,0.0,nan,0.0,0
5,320,1728,0.06541666666666666,2560,1.7803981184959412,0.317578125,0.8905770599842071,0.8458610713481903,0.228125,0.31633899062871934,0.6052046686410903,0.03137257695198059,0.07166101746261119,0.7584250837564468,0.888200917840004,-0.0023761421442031194,0.16632988750934596,nan,0.0,nan,0.0,0
5,340,1748,0.06617424242424243,2560,1.8360692262649536,0.299609375,0.889646252989769,0.8463841944932937,0.236328125,0.307316979765892,0.6068001061677932,0.03137257695198059,0.0681912925094366,0.749616926908493,0.888200917840004,-0.0014453351497649702,0.16632988750934596,nan,0.0,nan,0.0,0
5,352,1760,0.06662878787878788,1480,1.827547637836353,0.2979729730535198,0.8823374026530498,0.8370445154808663,0.25472972997137017,0.3150353355987652,0.6088898117477829,0.03137257695198059,0.0723267222175727,0.7577513301694715,0.889646252989769,0.00730885033671913,0.16632988750934596,nan,0.0,0.265625,0.3814012999937404,0
6,20,1780,0.06738636363636363,2560,1.8002402544021607,0.3203125,0.8882754117250442,0.8486338526010513,0.22890625,0.31025014743208884,0.6041652858257294,0.03137257695198059,0.0745264070108533,0.7617678552865982,0.8874213337898255,-0.0008540779352187444,0.16632988750934596,nan,0.0,nan,0.0,0
6,40,1800,0.0681439393939394,2560,1.7815539836883545,0.31015625,0.8783909261226654,0.8409153193235397,0.24609375,0.31360615119338037,0.6033772975206375,0.03137257695198059,0.07232284471392632,0.7580706864595413,0.8882754117250442,0.009884485602378756,0.16632988750934596,nan,0.0,nan,0.0,0
6,60,1820,0.06890151515151514,2560,1.8112099111080169,0.2984375,0.8858715891838074,0.8437778651714325,0.248828125,0.3274704024195671,0.6090572565793991,0.03137257695198059,0.07050554305315018,0.7554969161748886,0.8882754117250442,0.002403822541236833,0.16632988750934596,nan,0.0,nan,0.0,0
6,80,1840,0.0696590909090909,2560,1.7667849659919739,0.347265625,0.8868153005838394,0.83955397605896,0.235546875,0.3233193293213844,0.6071861475706101,0.03137257695198059,0.07267890498042107,0.7591309279203415,0.8858715891838074,-0.0009437114000320213,0.16632988750934596,nan,0.0,nan,0.0,0
6,100,1860,0.07041666666666667,2560,1.793811821937561,0.323828125,0.8884654879570008,0.8469533503055573,0.23359375,0.32077696919441223,0.6069126278162003,0.03137257695198059,0.06895169876515865,0.7539686977863311,0.8858715891838074,-0.0025938987731933816,0.16632988750934596,nan,0.0,0.3203125,0.3778344000020297,0
6,120,1880,0.07117424242424243,2560,1.7797546803951263,0.329296875,0.8812234401702881,0.8412435054779053,0.225390625,0.32917828410863875,0.6049809992313385,0.03137257695198059,0.07243522033095359,0.7591666996479034,0.8868153005838394,0.005591860413551308,0.16632988750934596,nan,0.0,nan,0.0,0
6,140,1900,0.0719318181818182,2560,1.790804350376129,0.32578125,0.8887166678905487,0.8450705349445343,0.234765625,0.33277805894613266,0.6041593074798584,0.03137257695198059,0.06948736850172281,0.7539509356021881,0.8858715891838074,-0.002845078706741333,0.16632988750934596,nan,0.0,nan,0.0,0
6,160,1920,0.07268939393939394,2560,1.8104512214660644,0.315234375,0.8840722650289535,0.8413512110710144,0.252734375,0.3272531047463417,0.605684807896614,0.03137257695198059,0.06988257821649313,0.7557131141424179,0.8868153005838394,0.0027430355548858643,0.16632988750934596,nan,0.0,nan,0.0,0
6,180,1940,0.0734469696969697,2560,1.7612667202949523,0.3359375,0.8765369385480881,0.8374035000801087,0.239453125,0.3422589436173439,0.6113010615110397,0.03137257695198059,0.06897128894925117,0.753467857837677,0.8868153005838394,0.010278362035751276,0.16632988750934596,nan,0.0,nan,0.0,0
6,200,1960,0.07420454545454545,2560,1.7652780652046203,0.328515625,0.8893025577068329,0.8463816493749619,0.236328125,0.3312854066491127,0.6050375819206237,0.03137257695198059,0.07275730445981025,0.7602405697107315,0.8840722650289535,-0.0052302926778793335,0.16632988750934596,nan,0.0,0.328125,0.3816688999941107,0
6,220,1980,0.07496212121212122,2560,1.7703302502632141,0.332421875,0.8815227389335633,0.8353823542594909,0.2390625,0.334717358648777,0.6075148493051529,0.03137257695198059,0.07363083735108375,0.7613614976406098,0.8840722650289535,0.0025495260953902754,0.16632988750934596,nan,0.0,nan,0.0,0
6,240,2000,0.07571969696969698,2560,1.8068451642990113,0.315234375,0.8747557997703552,0.8393748104572296,0.2515625,0.3432756423950195,0.6029442012310028,0.03137257695198059,0.07162783443927764,0.7582896679639817,0.8840722650289535,0.009316465258598305,0.16632988750934596,nan,0.0,nan,0.0,0
6,260,2020,0.07647727272727273,2560,1.7896807789802551,0.33515625,0.8830809861421585,0.8443472802639007,0.2296875,0.32631330043077467,0.6032754421234131,0.03137257695198059,0.07464400380849838,0.7657337874174118,0.8815227389335633,-0.0015582472085952093,0.16632988750934596,nan,0.0,nan,0.0,0
6,280,2040,0.07723484848484849,2560,1.757509171962738,0.3421875,0.8853845059871673,0.8414558589458465,0.23046875,0.35170541554689405,0.6079217493534088,0.03137257695198059,0.07119885850697756,0.7575629860162735,0.8815227389335633,-0.0038617670536040816,0.16632988750934596,nan,0.0,nan,0.0,0
6,300,2060,0.07799242424242425,2560,1.7336477398872376,0.362109375,0.8832919061183929,0.8410502374172211,0.2265625,0.34395498037338257,0.6039236903190612,0.03137257695198059,0.07137346379458905,0.7590914964675903,0.8830809861421585,-0.00021091997623445824,0.16632988750934596,nan,0.0,0.2890625,0.38168320000113454,0
6,320,2080,0.07875,2560,1.7574894785881043,0.33203125,0.8832911163568496,0.8429475396871566,0.247265625,0.3405102387070656,0.6083643853664398,0.03137257695198059,0.07218001261353493,0.7599719792604447,0.8830809861421585,-0.00021013021469118431,0.16632988750934596,nan,0.0,nan,0.0,0
6,340,2100,0.07950757575757576,2560,1.7341104805469514,0.346484375,0.8813446879386901,0.8381450831890106,0.242578125,0.3383612111210823,0.6059856683015823,0.03137257695198059,0.0657070918008685,0.7474565267562866,0.8832911163568496,0.001946428418159507,0.16632988750934596,nan,0.0,nan,0.0,0
6,352,2112,0.0799621212121212,1480,1.7157059733932083,0.3520270273492143,0.8793808150935818,0.8379975428452363,0.23108108083944062,0.3670465036018475,0.6072199769922205,0.031372576770750255,0.07147346626262407,0.7588821494901502,0.8832911163568496,0.003910301263267857,0.16632988750934596,nan,0.0,nan,0.0,0
7,20,2132,0.08071969696969698,2560,1.7481899976730346,0.344140625,0.8773464411497116,0.839130038022995,0.2515625,0.3452978655695915,0.6044006556272506,0.03137257695198059,0.06749015040695668,0.7535545051097869,0.8832911163568496,0.005944675207138039,0.16632988750934596,nan,0.0,nan,0.0,0
7,40,2152,0.08147727272727273,2560,1.7500727653503418,0.339453125,0.8764436453580856,0.8410493463277817,0.24453125,0.35176781564950943,0.6097315728664399,0.03137257695198059,0.06789499670267105,0.7533852636814118,0.8813446879386901,0.004901042580604531,0.16632988750934596,nan,0.0,0.328125,0.3875923000014154,0
7,60,2172,0.0822348484848485,2560,1.7626665115356446,0.340234375,0.8770199924707412,0.8363988488912583,0.2484375,0.3527222126722336,0.6054636836051941,0.03137257695198059,0.06559963934123517,0.7494110196828843,0.8793808150935818,0.0023608226228405416,0.16632988750934596,nan,0.0,nan,0.0,0
7,80,2192,0.08299242424242426,2560,1.774882447719574,0.316796875,0.8751898914575577,0.8355606317520141,0.2375,0.3358043238520622,0.6004183650016784,0.03137257695198059,0.06692217513918877,0.7543419003486633,0.8773464411497116,0.002156549692153953,0.16632988750934596,nan,0.0,nan,0.0,0
7,100,2212,0.08375,2560,1.7099655747413636,0.3484375,0.8819045841693878,0.8395057916641235,0.231640625,0.34314331561326983,0.6068803369998932,0.03137257695198059,0.06744760740548372,0.7522852420806885,0.8770199924707412,-0.004884591698646523,0.16632988750934596,nan,0.0,nan,0.0,0
7,120,2232,0.08450757575757577,2560,1.7221474647521973,0.344921875,0.8682142704725265,0.8332955867052079,0.255078125,0.35229810476303103,0.603181603550911,0.03137257695198059,0.06859367191791535,0.756511116027832,0.8770199924707412,0.008805721998214722,0.16632988750934596,nan,0.0,nan,0.0,0
7,140,2252,0.08526515151515152,2560,1.7346256792545318,0.337890625,0.8786217600107193,0.8386778712272644,0.26015625,0.3527804628014565,0.6108602046966553,0.03137257695198059,0.0713392149657011,0.7581070631742477,0.8764436453580856,-0.0021781146526337336,0.16632988750934596,nan,0.0,0.28125,0.3846908999985317,0
7,160,2272,0.08602272727272728,2560,1.6973777413368225,0.355078125,0.8688587814569473,0.8325332820415496,0.261328125,0.35826733857393267,0.6003601253032684,0.03137257695198059,0.06927120462059974,0.7569442927837372,0.8770199924707412,0.008161211013793968,0.16632988750934596,nan,0.0,nan,0.0,0
7,180,2292,0.08678030303030304,2560,1.6800419211387634,0.371875,0.8788418769836426,0.8395803004503251,0.241015625,0.3681970998644829,0.6056689202785492,0.03137257695198059,0.06680430471897125,0.751672911643982,0.8751898914575577,-0.003651985526084922,0.16632988750934596,nan,0.0,nan,0.0,0
7,200,2312,0.08753787878787879,2560,1.7350717663764954,0.348828125,0.8718079954385758,0.8322807490825653,0.239453125,0.3604924812912941,0.6091705471277237,0.03137257695198059,0.06679255403578281,0.7541821897029877,0.8786217600107193,0.006813764572143555,0.16632988750934596,nan,0.0,nan,0.0,0
7,220,2332,0.08829545454545455,2560,1.7210466384887695,0.34296875,0.8681197971105575,0.8251095056533814,0.236328125,0.3559185728430748,0.6028691738843918,0.03137257695198059,0.06302636973559857,0.7461232513189315,0.8718079954385758,0.003688198328018255,0.16632988750934596,nan,0.0,nan,0.0,0
7,240,2352,0.0890530303030303,2560,1.726997482776642,0.347265625,0.8642407476902008,0.8282664209604264,0.23984375,0.3602020859718323,0.6043679773807525,0.03137257695198059,0.06591241117566823,0.7508382260799408,0.8718079954385758,0.007567247748375028,0.16632988750934596,nan,0.0,0.2890625,0.38183360001130495,0
7,260,2372,0.08981060606060606,2560,1.7553863644599914,0.330859375,0.8716662466526032,0.8404703974723816,0.251953125,0.3535011187195778,0.6011827141046524,0.03137257695198059,0.06993776299059391,0.7576948314905166,0.8688587814569473,-0.0028074651956558894,0.16632988750934596,nan,0.0,nan,0.0,0
7,280,2392,0.09056818181818183,2560,1.699955153465271,0.359375,0.8691566228866577,0.8350869715213776,0.255859375,0.3770038798451424,0.6000352412462234,0.03137257695198059,0.06505965609103441,0.7507668107748031,0.8716662466526032,0.0025096237659454346,0.16632988750934596,nan,0.0,nan,0.0,0
7,300,2412,0.09132575757575757,2560,1.7120108366012574,0.3359375,0.8691402733325958,0.8347989618778229,0.269921875,0.3732223227620125,0.6044485926628113,0.03137257695198059,0.06420902609825134,0.7479325592517853,0.8691566228866577,1.6349554061934057e-05,0.16632988750934596,nan,0.0,nan,0.0,0
7,320,2432,0.09208333333333334,2560,1.6745866060256958,0.35546875,0.8786942571401596,0.8382679224014282,0.2453125,0.3695531502366066,0.602310961484909,0.03137257695198059,0.06699627619236707,0.7515269756317139,0.8691402733325958,-0.009553983807563782,0.16632988750934596,nan,0.0,nan,0.0,0
7,340,2452,0.0928409090909091,2560,1.6991375744342805,0.362109375,0.8634236603975296,0.8316070735454559,0.236328125,0.3571598559617996,0.6022728115320206,0.03137257695198059,0.06748642101883888,0.7535299718379974,0.8691566228866577,0.005732962489128135,0.16632988750934596,nan,0.0,0.328125,0.38136889999441337,0
7,352,2464,0.09329545454545456,1480,1.6915997505187987,0.3628378382405719,0.8774905562400818,0.8348340504878277,0.24932432432432433,0.3685075548855034,0.6028173150242986,0.03137257695198059,0.06618547628860216,0.7514976765658404,0.8691566228866577,-0.008333933353424028,0.16632988750934596,nan,0.0,nan,0.0,0
8,20,2484,0.0940530303030303,2560,1.673550581932068,0.36953125,0.8656507670879364,0.8323738276958466,0.26015625,0.37852613925933837,0.6085628718137741,0.03137257695198059,0.06865131743252277,0.7555936634540558,0.8691566228866577,0.0035058557987213135,0.16632988750934596,nan,0.0,nan,0.0,0
8,40,2504,0.09481060606060607,2560,1.666176587343216,0.3640625,0.8642370790243149,0.8281573176383972,0.25078125,0.3837128922343254,0.6038290947675705,0.03137257695198059,0.06516543384641409,0.7499855250120163,0.8691402733325958,0.0049031943082809,0.16632988750934596,nan,0.0,nan,0.0,0
8,60,2524,0.09556818181818183,2560,1.7151927292346953,0.355078125,0.866845914721489,0.8337274134159088,0.255859375,0.37523210048675537,0.6037099450826645,0.03137257695198059,0.06595286279916764,0.7535465151071549,0.8656507670879364,-0.0011951476335525513,0.16632988750934596,nan,0.0,nan,0.0,0
8,80,2544,0.09632575757575758,2560,1.6550631523132324,0.367578125,0.8647291719913482,0.8329785853624344,0.26171875,0.375637423992157,0.6048471063375473,0.03137257695198059,0.06823347844183444,0.7556767225265503,0.8656507670879364,0.0009215950965881792,0.16632988750934596,nan,0.0,0.390625,0.3895350000093458,0
8,100,2564,0.09708333333333334,2560,1.6542100191116333,0.37890625,0.8715424627065659,0.8289025783538818,0.269140625,0.37919105738401415,0.605406203866005,0.03137257695198059,0.06289553996175527,0.7484320610761642,0.8656507670879364,-0.005891695618629456,0.16632988750934596,nan,0.0,nan,0.0,0
8,120,2584,0.09784090909090909,2560,1.6817903518676758,0.35234375,0.8665512949228287,0.8325636774301529,0.2546875,0.3738905295729637,0.6000179588794708,0.03137257695198059,0.0643566520884633,0.7496372044086457,0.8656507670879364,-0.0009005278348922507,0.16632988750934596,nan,0.0,nan,0.0,0
8,140,2604,0.09859848484848485,2560,1.686484706401825,0.36796875,0.8727604418992996,0.8368140071630478,0.248046875,0.3800107344985008,0.6076749444007874,0.03137257695198059,0.06502993684262037,0.7488883107900619,0.8665512949228287,-0.006209146976470903,0.16632988750934596,nan,0.0,nan,0.0,0
8,160,2624,0.09935606060606061,2560,1.6810652136802673,0.350390625,0.851684159040451,0.8307495296001435,0.26484375,0.38134999126195906,0.6081189632415771,0.03137257695198059,0.059366500563919546,0.7421260386705398,0.866845914721489,0.015161755681037947,0.16632988750934596,nan,0.0,nan,0.0,0
8,180,2644,0.10011363636363638,2560,1.6521980583667755,0.378515625,0.8536636650562286,0.813801845908165,0.26171875,0.3972980618476868,0.6093790888786316,0.03137257695198059,0.06613939236849546,0.7534605890512467,0.8665512949228287,0.012887629866600081,0.16632988750934596,nan,0.0,0.34375,0.3808738999941852,0
8,200,2664,0.10087121212121214,2560,1.6760972738265991,0.3734375,0.862039378285408,0.8293140560388566,0.25546875,0.3785816118121147,0.6009330928325654,0.03137257695198059,0.07012883238494397,0.7600952833890915,0.8665512949228287,0.0045119166374206765,0.16632988750934596,nan,0.0,nan,0.0,0
8,220,2684,0.10162878787878789,2560,1.69075448513031,0.367578125,0.8728996276855469,0.8355667293071747,0.2515625,0.3750453755259514,0.6047508448362351,0.03137257695198059,0.06386562585830688,0.7494488000869751,0.862039378285408,-0.010860249400138855,0.16632988750934596,nan,0.0,nan,0.0,0
8,240,2704,0.10238636363636365,2560,1.6759450912475586,0.370703125,0.8609741121530533,0.8227218806743621,0.233984375,0.38495100289583206,0.608525487780571,0.03137257695198059,0.06134158708155155,0.7456738024950027,0.862039378285408,0.001065266132354692,0.16632988750934596,nan,0.0,nan,0.0,0
8,260,2724,0.1031439393939394,2560,1.6427192211151123,0.38671875,0.8574957937002182,0.8219590693712234,0.25546875,0.38899346590042116,0.6020032495260239,0.03137257695198059,0.061544993333518504,0.7434326976537704,0.8609741121530533,0.003478318452835083,0.16632988750934596,nan,0.0,nan,0.0,0
8,280,2744,0.10390151515151516,2560,1.663871419429779,0.37734375,0.8629555940628052,0.829816073179245,0.26328125,0.38005133122205736,0.6006729245185852,0.03137257695198059,0.0633478133007884,0.7478804916143418,0.8609741121530533,-0.001981481909751892,0.16632988750934596,nan,0.0,0.375,0.3737894000078086,0
8,300,2764,0.10465909090909092,2560,1.658916997909546,0.356640625,0.8524918168783188,0.8249903559684754,0.264453125,0.4003298178315163,0.6032445460557938,0.03137257695198059,0.06259530838578939,0.7469565540552139,0.862039378285408,0.009547561407089233,0.16632988750934596,nan,0.0,nan,0.0,0
8,320,2784,0.10541666666666667,2560,1.6551302134990693,0.373046875,0.8611009865999222,0.8222323298454285,0.248046875,0.38839162290096285,0.6063713282346725,0.03137257695198059,0.062468113750219344,0.7471414566040039,0.8609741121530533,-0.00012687444686887428,0.16632988750934596,nan,0.0,nan,0.0,0
8,340,2804,0.10617424242424243,2560,1.632539314031601,0.374609375,0.8580453306436538,0.8291059046983719,0.2609375,0.39753189533948896,0.6023695826530456,0.03137257695198059,0.061660183034837245,0.7444444209337234,0.8609741121530533,0.0029287815093994585,0.16632988750934596,nan,0.0,nan,0.0,0
8,352,2816,0.10662878787878789,1480,1.6875131574836937,0.3520270265437461,0.852458706095412,0.8178561603700792,0.25675675675675674,0.37706422113083504,0.5971508332200952,0.03137257695198059,0.06462915966639647,0.7509260535240173,0.8580453306436538,0.005586624548241881,0.16632988750934596,nan,0.0,nan,0.0,0
9,20,2836,0.10738636363636365,2560,1.6662287533283233,0.35859375,0.8608675688505173,0.8267964869737625,0.253125,0.37633040696382525,0.6021374017000198,0.03137257695198059,0.06545521486550569,0.7524926215410233,0.8580453306436538,-0.0028222382068634477,0.16632988750934596,nan,0.0,0.3515625,0.3791520000086166,0
9,40,2856,0.1081439393939394,2560,1.6391765236854554,0.375,0.8500556200742722,0.8163185328245163,0.268359375,0.39376297146081923,0.6052569270133972,0.03137257695198059,0.060522951744496824,0.74517020881176,0.8580453306436538,0.007989710569381692,0.16632988750934596,nan,0.0,nan,0.0,0
9,60,2876,0.10890151515151517,2560,1.593629276752472,0.38515625,0.8577549606561661,0.8231013208627701,0.243359375,0.3735452651977539,0.6048570215702057,0.03137257695198059,0.060029036924242975,0.7419271856546402,0.8580453306436538,0.00029036998748777076,0.16632988750934596,nan,0.0,nan,0.0,0
9,80,2896,0.10965909090909093,2560,1.632212859392166,0.3828125,0.8527342736721039,0.8253819972276688,0.2671875,0.3975978448987007,0.6027565211057663,0.03137257695198059,0.06470947451889515,0.7506059348583222,0.8577549606561661,0.005020686984062217,0.16632988750934596,nan,0.0,nan,0.0,0
9,100,2916,0.11041666666666668,2560,1.6249264359474183,0.384375,0.8493225306272507,0.8211867153644562,0.2734375,0.407136557996273,0.5969687342643738,0.03137257695198059,0.06052200142294169,0.7423797428607941,0.8527342736721039,0.003411743044853144,0.16632988750934596,nan,0.0,nan,0.0,0
9,120,2936,0.11117424242424244,2560,1.6436528265476227,0.38125,0.8501001507043838,0.8210607081651687,0.261328125,0.402907694876194,0.6050805598497391,0.03137257695198059,0.06014729216694832,0.743802398443222,0.8527342736721039,0.0026341229677200317,0.16632988750934596,nan,0.0,0.3671875,0.3839773000072455,0
9,140,2956,0.11193181818181819,2560,1.6399754464626313,0.383984375,0.8455715358257294,0.8185068964958191,0.26796875,0.4024250790476799,0.6040467768907547,0.03137257695198059,0.060025171004235746,0.7420903861522674,0.8501001507043838,0.004528614878654413,0.16632988750934596,nan,0.0,nan,0.0,0
9,160,2976,0.11268939393939395,2560,1.6476420521736146,0.3609375,0.8474194377660751,0.8245384395122528,0.281640625,0.40463603734970094,0.6034178644418716,0.03137257695198059,0.06355330441147089,0.749564853310585,0.8501001507043838,0.002680712938308738,0.16632988750934596,nan,0.0,nan,0.0,0
9,180,2996,0.11344696969696971,2560,1.6136800587177276,0.390234375,0.8551091372966766,0.82586010992527,0.25390625,0.39410062730312345,0.5992517054080964,0.03137257695198059,0.0626786470413208,0.7484301626682281,0.8493225306272507,-0.0057866066694258755,0.16632988750934596,nan,0.0,nan,0.0,0
9,200,3016,0.11420454545454546,2560,1.6378343284130097,0.390625,0.8489943087100983,0.8170428186655044,0.24921875,0.4031849458813667,0.6035022914409638,0.03137257695198059,0.06110238190740347,0.7449986040592194,0.8493225306272507,0.000328221917152427,0.16632988750934596,nan,0.0,nan,0.0,0
9,220,3036,0.11496212121212122,2560,1.5963925480842591,0.391796875,0.8500733107328415,0.8206803798675537,0.2640625,0.4225964516401291,0.6027579218149185,0.03137257695198059,0.059253350272774695,0.740503603219986,0.8489943087100983,-0.0010790020227432473,0.16632988750934596,nan,0.0,0.3359375,0.380818099991302,0
9,240,3056,0.11571969696969697,2560,1.625464177131653,0.384375,0.8483891695737839,0.8272303462028503,0.27109375,0.4073970392346382,0.6091570764780044,0.03137257695198059,0.059272896870970725,0.7437633514404297,0.8489943087100983,0.0006051391363144365,0.16632988750934596,nan,0.0,nan,0.0,0
9,260,3076,0.11647727272727273,2560,1.6473658382892609,0.373828125,0.8553236961364746,0.8248787164688111,0.275390625,0.37717294692993164,0.5975410580635071,0.03137257695198059,0.05774253476411104,0.739982795715332,0.8489943087100983,-0.006329387426376343,0.16632988750934596,nan,0.0,nan,0.0,0
9,280,3096,0.1172348484848485,2560,1.6302728474140167,0.372265625,0.8510999828577042,0.8232465386390686,0.273828125,0.3987154260277748,0.6042783290147782,0.03137257695198059,0.057647948153316975,0.7403201311826706,0.8500733107328415,-0.0010266721248626265,0.16632988750934596,nan,0.0,nan,0.0,0
9,300,3116,0.11799242424242425,2560,1.6001103103160859,0.399609375,0.8358021885156631,0.8133449763059616,0.265234375,0.40355134904384615,0.6058390498161316,0.03137257695198059,0.05751707013696432,0.7410174489021302,0.8500733107328415,0.014271122217178411,0.16632988750934596,nan,0.0,nan,0.0,0
9,320,3136,0.11875000000000001,2560,1.6308679223060607,0.387890625,0.8427751809358597,0.8223339289426803,0.269140625,0.42218039482831954,0.6004177272319794,0.03137257695198059,0.05807188935577869,0.7411848574876785,0.8500733107328415,0.007298129796981856,0.16632988750934596,nan,0.0,0.375,0.37407799999346025,0
9,340,3156,0.11950757575757576,2560,1.5962940096855163,0.39375,0.8546197056770325,0.8288219660520554,0.260546875,0.39367334693670275,0.603874483704567,0.03137257695198059,0.05980674438178539,0.7446278035640717,0.8483891695737839,-0.006230536103248641,0.16632988750934596,nan,0.0,nan,0.0,0
9,352,3168,0.11996212121212123,1480,1.5897441967113597,0.38783783735455696,0.8518881540040713,0.825914997990067,0.25405405405405407,0.3963278670568724,0.6006889027518195,0.03137257695198059,0.06075047284767435,0.7441962290454556,0.8510999828577042,-0.0007881711463670893,0.16632988750934596,nan,0.0,nan,0.0,0
10,20,3188,0.12071969696969698,2560,1.58515664935112,0.405078125,0.837242591381073,0.8164915889501572,0.266796875,0.41301864236593244,0.6039767175912857,0.03137257695198059,0.058446488343179226,0.7416985213756562,0.8510999828577042,0.01385739147663112,0.16632988750934596,nan,0.0,nan,0.0,0
10,40,3208,0.12147727272727274,2560,1.6041878521442414,0.38046875,0.8403896778821945,0.8148789942264557,0.26640625,0.3885676071047783,0.6092161983251572,0.03137257695198059,0.05538830813020468,0.7350307792425156,0.8427751809358597,0.002385503053665139,0.16632988750934596,nan,0.0,nan,0.0,0
10,60,3228,0.1222348484848485,2560,1.5971384227275849,0.38515625,0.8343999773263931,0.8101031154394149,0.2859375,0.4262141928076744,0.6022264003753662,0.03137257695198059,0.05612750519067049,0.7375829458236695,0.8427751809358597,0.00837520360946653,0.16632988750934596,nan,0.0,0.328125,0.3677676999941468,0
10,80,3248,0.12299242424242425,2560,1.6003433883190155,0.39140625,0.851933878660202,0.8286391198635101,0.260546875,0.39191066324710844,0.5978209406137467,0.03137257695198059,0.05506907310336828,0.7345552206039428,0.8403896778821945,-0.01154420077800744,0.16632988750934596,nan,0.0,nan,0.0,0
10,100,3268,0.12375000000000001,2560,1.5725206136703491,0.4046875,0.8434714406728745,0.8226135432720184,0.2578125,0.4054213687777519,0.6042530298233032,0.03137257695198059,0.057609785720705985,0.7389092147350311,0.8403896778821945,-0.003081762790679954,0.16632988750934596,nan,0.0,nan,0.0,0
10,120,3288,0.12450757575757576,2560,1.6172071754932404,0.38359375,0.838634318113327,0.8193062007427215,0.271875,0.4041318163275719,0.606200048327446,0.03137257695198059,0.05576822254806757,0.7373692333698273,0.8403896778821945,0.001755359768867537,0.16632988750934596,nan,0.0,nan,0.0,0
10,140,3308,0.12526515151515152,2560,1.5895473778247833,0.402734375,0.8431249737739563,0.8221417963504791,0.2546875,0.41300763338804247,0.604151040315628,0.03137257695198059,0.058769652619957924,0.7398345232009887,0.8403896778821945,-0.002735295891761802,0.16632988750934596,nan,0.0,nan,0.0,0
10,160,3328,0.1260227272727273,2560,1.570586585998535,0.403515625,0.8416159600019455,0.8153432488441468,0.265625,0.41143826246261594,0.6027974665164948,0.03137257695198059,0.05519957523792982,0.7351005703210831,0.8431249737739563,0.0015090137720108476,0.16632988750934596,nan,0.0,0.3359375,0.37710869999136776,0
10,180,3348,0.12678030303030305,2560,1.6103277444839477,0.38046875,0.8303316295146942,0.8131768703460693,0.2703125,0.4055387690663338,0.5992092341184616,0.03137257695198059,0.057662852108478546,0.7392768234014511,0.8431249737739563,0.012793344259262152,0.16632988750934596,nan,0.0,nan,0.0,0
10,200,3368,0.12753787878787878,2560,1.5992829859256745,0.3859375,0.8445341795682907,0.8177449733018876,0.26953125,0.39410814344882966,0.5983289331197739,0.03137257695198059,0.055291580781340596,0.7349216669797898,0.8416159600019455,-0.0029182195663451926,0.16632988750934596,nan,0.0,nan,0.0,0
10,220,3388,0.12829545454545455,2560,1.57524476647377,0.404296875,0.8343076407909393,0.8140950679779053,0.274609375,0.4161481887102127,0.6035513788461685,0.03137257695198059,0.05246943924576044,0.7279230773448944,0.8416159600019455,0.0073083192110061646,0.16632988750934596,nan,0.0,nan,0.0,0
10,240,3408,0.1290530303030303,2560,1.587850683927536,0.397265625,0.8436789274215698,0.8205812066793442,0.26171875,0.40227441787719725,0.6032716274261475,0.03137257695198059,0.05498137231916189,0.7343727797269821,0.8416159600019455,-0.0020629674196243064,0.16632988750934596,nan,0.0,nan,0.0,0
10,260,3428,0.12981060606060607,2560,1.554433125257492,0.390625,0.8271185994148255,0.8079804956912995,0.2734375,0.4053291156888008,0.5982662439346313,0.03137257695198059,0.05559339690953493,0.7350746065378189,0.8416159600019455,0.014497360587120034,0.16632988750934596,nan,0.0,0.34375,0.3776073000044562,0
10,280,3448,0.13056818181818183,2560,1.592536848783493,0.391015625,0.8289971321821212,0.8130448818206787,0.270703125,0.40565539747476576,0.6041849941015244,0.03137257695198059,0.0513727156445384,0.7269189208745956,0.8343076407909393,0.005310508608818099,0.16632988750934596,nan,0.0,nan,0.0,0
10,300,3468,0.13132575757575757,2560,1.607862502336502,0.39453125,0.8306967914104462,0.8089401483535766,0.259375,0.4033677116036415,0.6023927241563797,0.03137257695198059,0.05826076902449131,0.7416250497102738,0.8343076407909393,0.003610849380493164,0.16632988750934596,nan,0.0,nan,0.0,0
10,320,3488,0.13208333333333333,2560,1.5486960232257843,0.40234375,0.8362670809030532,0.8135854363441467,0.284375,0.4292685866355896,0.5992383509874344,0.03137257695198059,0.05683500282466412,0.738252916932106,0.8306967914104462,-0.005570289492607072,0.16632988750934596,nan,0.0,nan,0.0,0
10,340,3508,0.1328409090909091,2560,1.5546453654766084,0.415625,0.8297561883926392,0.8082008540630341,0.266796875,0.41625315248966216,0.6092814356088638,0.03137257695198059,0.05213205199688673,0.7311031460762024,0.8306967914104462,0.0009406030178069624,0.16632988750934596,nan,0.0,nan,0.0,0
10,352,3520,0.13329545454545455,1480,1.6061878500757991,0.41081081161627897,0.8362755588583044,0.8157730415060713,0.24729729745839094,0.41289258905359216,0.6028087358216981,0.03137257695198059,0.05640281692549989,0.7390662985879022,0.8297561883926392,-0.006519370465665197,0.16632988750934596,nan,0.0,0.3671875,0.3810693999985233,0
11,20,3540,0.1340530303030303,2560,1.5881861090660094,0.3921875,0.8371721804141998,0.8142552882432937,0.265625,0.40618845224380495,0.6018692225217819,0.03137257695198059,0.05482948571443558,0.7344689965248108,0.8306967914104462,-0.006475389003753662,0.16632988750934596,nan,0.0,nan,0.0,0
11,40,3560,0.13481060606060608,2560,1.5854044258594513,0.403125,0.8281776219606399,0.8144054591655732,0.27421875,0.42487973570823667,0.6011904567480088,0.03137257695198059,0.054755130968987945,0.7351885288953781,0.8362670809030532,0.008089458942413308,0.16632988750934596,nan,0.0,nan,0.0,0
11,60,3580,0.13556818181818184,2560,1.5497075259685515,0.41015625,0.8218425035476684,0.8107611566781998,0.2671875,0.3915280133485794,0.6050647914409637,0.03137257695198059,0.0530195452272892,0.7308300554752349,0.8362670809030532,0.014424577355384827,0.16632988750934596,nan,0.0,nan,0.0,0
11,80,3600,0.13632575757575757,2560,1.5639259219169617,0.403515625,0.8302610605955124,0.8159903407096862,0.272265625,0.41375318020582197,0.6026864558458328,0.03137257695198059,0.05392052922397852,0.7350307464599609,0.8297561883926392,-0.0005048722028732078,0.16632988750934596,nan,0.0,nan,0.0,0
11,100,3620,0.13708333333333333,2560,1.5571962356567384,0.405078125,0.8322487145662307,0.8104320645332337,0.263671875,0.4037778690457344,0.6079701960086823,0.03137257695198059,0.0529075475409627,0.730130872130394,0.8302610605955124,-0.001987653970718317,0.16632988750934596,nan,0.0,0.3984375,0.37773209999431856,0
11,120,3640,0.1378409090909091,2560,1.5548766553401947,0.410546875,0.8165277391672134,0.8023260951042175,0.261328125,0.4203542500734329,0.6024906307458877,0.03137257695198059,0.05141967907547951,0.729440513253212,0.8302610605955124,0.013733321428298972,0.16632988750934596,nan,0.0,nan,0.0,0
11,140,3660,0.13859848484848486,2560,1.5569468438625336,0.414453125,0.8302404016256333,0.818066930770874,0.2671875,0.4132898300886154,0.5997511804103851,0.03137257695198059,0.05615435671061277,0.737732720375061,0.8281776219606399,-0.0020627796649933527,0.16632988750934596,nan,0.0,nan,0.0,0
11,160,3680,0.13935606060606062,2560,1.5372053623199462,0.43046875,0.8221415907144547,0.8092927455902099,0.25390625,0.4114957943558693,0.5974562525749206,0.03137257695198059,0.050941703468561174,0.7278185695409775,0.8302404016256333,0.008098810911178589,0.16632988750934596,nan,0.0,nan,0.0,0
11,180,3700,0.14011363636363636,2560,1.5590736031532288,0.409765625,0.8179226070642471,0.8074254542589188,0.275,0.4160608693957329,0.6065061181783676,0.03137257695198059,0.05286219790577888,0.7305242747068406,0.8302404016256333,0.012317794561386153,0.16632988750934596,nan,0.0,nan,0.0,0
11,200,3720,0.14087121212121212,2560,1.5326917231082917,0.4171875,0.8302117317914963,0.8132914453744888,0.26796875,0.40877324193716047,0.6048544764518737,0.03137257695198059,0.05193158611655235,0.7306837350130081,0.8221415907144547,-0.008070141077041626,0.16632988750934596,nan,0.0,0.34375,0.3720284000009997,0
11,220,3740,0.14162878787878788,2560,1.5552005648612977,0.413671875,0.8327774405479431,0.8139508813619614,0.282421875,0.42105866223573685,0.6021436274051666,0.03137257695198059,0.04875511582940817,0.7241276264190674,0.8221415907144547,-0.01063584983348842,0.16632988750934596,nan,0.0,nan,0.0,0
11,240,3760,0.14238636363636364,2560,1.6009731709957122,0.38046875,0.8293679416179657,0.8111675441265106,0.28984375,0.4157575860619545,0.6050069361925126,0.03137257695198059,0.053162421099841595,0.730586364865303,0.8302117317914963,0.0008437901735306452,0.16632988750934596,nan,0.0,nan,0.0,0
11,260,3780,0.1431439393939394,2560,1.538935697078705,0.41328125,0.8219325631856919,0.8102833002805709,0.26796875,0.39896159172058104,0.6032964259386062,0.03137257695198059,0.05657661519944668,0.7391706675291061,0.8293679416179657,0.00743537843227382,0.16632988750934596,nan,0.0,nan,0.0,0
11,280,3800,0.14390151515151514,2560,1.5639462411403655,0.396875,0.8296381533145905,0.8123175501823425,0.27734375,0.4079159513115883,0.6013032495975494,0.03137257695198059,0.05394296646118164,0.7318866640329361,0.8293679416179657,-0.00027021169662477806,0.16632988750934596,nan,0.0,nan,0.0,0
11,300,3820,0.1446590909090909,2560,1.5444017946720123,0.40234375,0.8227988749742507,0.811699566245079,0.28359375,0.41010552644729614,0.5972646236419678,0.03137257695198059,0.053935309313237666,0.7338364779949188,0.8296381533145905,0.006839278340339705,0.16632988750934596,nan,0.0,0.4140625,0.3823551000095904,0
11,320,3840,0.14541666666666667,2560,1.5737510025501251,0.394140625,0.8150570750236511,0.8075340569019318,0.273046875,0.413282111287117,0.5998185604810715,0.03137257695198059,0.05118501298129559,0.7292120814323425,0.8293679416179657,0.014310866594314575,0.16632988750934596,nan,0.0,nan,0.0,0
11,340,3860,0.14617424242424243,2560,1.5225936591625213,0.41953125,0.8223543047904969,0.8043412685394287,0.2734375,0.40809411108493804,0.6058456599712372,0.03137257695198059,0.0506832767277956,0.7270746678113937,0.8227988749742507,0.00044457018375387847,0.16632988750934596,nan,0.0,nan,0.0,0
11,352,3872,0.1466287878787879,1480,1.52032358388643,0.40540540540540543,0.8278509400986337,0.8104472650064004,0.27635135135135136,0.43177066074835285,0.6031157844775432,0.03137257695198059,0.051144176258428674,0.7287816643714905,0.8223543047904969,-0.005496635308136821,0.16632988750934596,nan,0.0,nan,0.0,0
12,20,3892,0.14738636363636365,2560,1.5120560646057128,0.424609375,0.8185972601175309,0.8067204982042313,0.2671875,0.40845958739519117,0.6022869259119034,0.03137257695198059,0.048319960944354534,0.7224784970283509,0.8227988749742507,0.004201614856719882,0.16632988750934596,nan,0.0,nan,0.0,0
12,40,3912,0.1481439393939394,2560,1.5146671950817108,0.41796875,0.8263588726520539,0.81304971575737,0.281640625,0.4024976998567581,0.6001611292362213,0.03137257695198059,0.0516245398670435,0.7291878879070282,0.8223543047904969,-0.004004567861557007,0.16632988750934596,nan,0.0,0.3828125,0.38774400000693277,0
12,60,3932,0.14890151515151515,2560,1.5257812023162842,0.42109375,0.8216080337762832,0.8069593012332916,0.255859375,0.4116406261920929,0.5993873804807663,0.03137257695198059,0.04828188419342041,0.7236530125141144,0.8223543047904969,0.0007462710142136508,0.16632988750934596,nan,0.0,nan,0.0,0
12,80,3952,0.1496590909090909,2560,1.4938419163227081,0.42734375,0.8090278565883636,0.802495214343071,0.2890625,0.4158079341053963,0.6019302546977997,0.03137257695198059,0.05016704648733139,0.727187767624855,0.8223543047904969,0.013326448202133245,0.16632988750934596,nan,0.0,nan,0.0,0
12,100,3972,0.15041666666666667,2560,1.5183847069740295,0.412109375,0.8164316087961196,0.8054579645395279,0.285546875,0.4276242658495903,0.6021201014518738,0.03137257695198059,0.052153346687555314,0.7308168143033982,0.8216080337762832,0.005176424980163574,0.16632988750934596,nan,0.0,nan,0.0,0
12,120,3992,0.15117424242424243,2560,1.5456931233406066,0.4171875,0.8238802373409271,0.8094751000404358,0.275,0.4153269469738007,0.6047344416379928,0.03137257695198059,0.05020809434354305,0.7270961999893188,0.8185972601175309,-0.0052829772233962125,0.16632988750934596,nan,0.0,nan,0.0,0
12,140,4012,0.1519318181818182,2560,1.5245185494422913,0.42109375,0.8149006187915802,0.8062019526958466,0.278125,0.4172694146633148,0.6006480097770691,0.03137257695198059,0.047217685543000695,0.720821562409401,0.8216080337762832,0.006707414984703064,0.16632988750934596,nan,0.0,0.375,0.37157980000483803,0
12,160,4032,0.15268939393939396,2560,1.5595464408397675,0.4078125,0.8132685750722886,0.8084704279899597,0.283984375,0.4152279943227768,0.6008969873189927,0.03137257695198059,0.05095664858818054,0.7299446165561676,0.8164316087961196,0.003163033723831088,0.16632988750934596,nan,0.0,nan,0.0,0
12,180,4052,0.1534469696969697,2560,1.55699103474617,0.406640625,0.8190893918275833,0.8019579768180847,0.2515625,0.4044949099421501,0.6011778682470321,0.03137257695198059,0.04973875600844622,0.7248862653970718,0.8149006187915802,-0.004188773036003179,0.16632988750934596,nan,0.0,nan,0.0,0
12,200,4072,0.15420454545454546,2560,1.540914911031723,0.424609375,0.8290309727191925,0.8126025050878525,0.25625,0.39196677058935164,0.6057422876358032,0.03137257695198059,0.04834815971553326,0.7236455380916595,0.8164316087961196,-0.012599363923072815,0.16632988750934596,nan,0.0,nan,0.0,0
12,220,4092,0.15496212121212122,2560,1.5357315719127655,0.43515625,0.8065590530633926,0.8043249934911728,0.25859375,0.4234765931963921,0.6000326991081237,0.03137257695198059,0.04714420977979898,0.7198926389217377,0.8190893918275833,0.01253033876419074,0.16632988750934596,nan,0.0,nan,0.0,0
12,240,4112,0.15571969696969698,2560,1.5801497519016265,0.4015625,0.8240984916687012,0.8080386042594909,0.28984375,0.4306062266230583,0.6033091455698013,0.03137257695198059,0.047873738780617715,0.7233618050813675,0.8149006187915802,-0.009197872877121038,0.16632988750934596,nan,0.0,0.328125,0.3713285999983782,0
12,260,4132,0.15647727272727274,2560,1.545131754875183,0.41953125,0.823142945766449,0.8070082575082779,0.259375,0.3993110194802284,0.6030258387327194,0.03137257695198059,0.04743966199457646,0.7216971457004547,0.8190893918275833,-0.004053553938865639,0.16632988750934596,nan,0.0,nan,0.0,0
12,280,4152,0.15723484848484848,2560,1.5264879047870636,0.425,0.8205427020788193,0.809417998790741,0.265625,0.41078280955553054,0.603874358534813,0.03137257695198059,0.05109103918075562,0.7297421157360077,0.823142945766449,0.0026002436876296775,0.16632988750934596,nan,0.0,nan,0.0,0
12,300,4172,0.15799242424242424,2560,1.5630062103271485,0.40546875,0.8228116542100906,0.8057361781597138,0.271875,0.4231665015220642,0.6039980769157409,0.03137257695198059,0.04914338644593954,0.7233771562576294,0.823142945766449,0.0003312915563583596,0.16632988750934596,nan,0.0,nan,0.0,0
12,320,4192,0.15875,2560,1.5452214241027833,0.4109375,0.8111810982227325,0.808484035730362,0.287109375,0.41642620116472245,0.6037803888320923,0.03137257695198059,0.0507133474573493,0.7273948639631271,0.8228116542100906,0.011630555987358071,0.16632988750934596,nan,0.0,nan,0.0,0
12,340,4212,0.15950757575757576,2560,1.556353348493576,0.395703125,0.8172806024551391,0.8027622401714325,0.271484375,0.4113514870405197,0.6003499567508698,0.03137257695198059,0.046487035043537614,0.7190673023462295,0.8228116542100906,0.005531051754951499,0.16632988750934596,nan,0.0,0.3984375,0.3760364000045229,0
12,352,4224,0.15996212121212122,1480,1.5173766161944415,0.41351351367460715,0.801261374112722,0.8031021459682568,0.26756756708428664,0.4092698490297472,0.6044433796727979,0.03137257695198059,0.04411770276523925,0.7140488038191924,0.8205427020788193,0.019281327966097273,0.16632988750934596,nan,0.0,nan,0.0,0
13,20,4244,0.16071969696969698,2560,1.4890558958053588,0.43515625,0.7922055155038834,0.801480633020401,0.272265625,0.4174233689904213,0.6034323632717132,0.03137257695198059,0.048263782635331154,0.7229101240634919,0.8172806024551391,0.02507508695125571,0.16632988750934596,nan,0.0,nan,0.0,0
13,40,4264,0.16147727272727275,2560,1.5220773816108704,0.42421875,0.810616061091423,0.8077113032341003,0.27109375,0.4157909229397774,0.6018788874149322,0.03137257695198059,0.04856144562363625,0.7229922205209732,0.8111810982227325,0.0005650371313095093,0.16632988750934596,nan,0.0,nan,0.0,0
13,60,4284,0.16223484848484848,2560,1.5427937090396882,0.4078125,0.8119498074054718,0.8079857051372528,0.291015625,0.4124606430530548,0.6029915094375611,0.03137257695198059,0.05107907168567181,0.7266304403543472,0.810616061091423,-0.0013337463140488115,0.16632988750934596,nan,0.0,nan,0.0,0
13,80,4304,0.16299242424242424,2560,1.4931214690208434,0.431640625,0.8097707748413085,0.804021218419075,0.28515625,0.4203845366835594,0.6031948328018188,0.03137257695198059,0.04920341465622187,0.7254404038190841,0.810616061091423,0.0008452862501144853,0.16632988750934596,nan,0.0,0.328125,0.381193399996846,0
13,100,4324,0.16375,2560,1.537425148487091,0.4203125,0.8103093087673188,0.8027987331151962,0.28515625,0.43415182679891584,0.6039058864116669,0.03137257695198059,0.04865538012236357,0.7247637867927551,0.8097707748413085,-0.0005385339260102207,0.16632988750934596,nan,0.0,nan,0.0,0
13,120,4344,0.16450757575757577,2560,1.5207561254501343,0.418359375,0.8133555173873901,0.8032858729362488,0.27109375,0.41486774384975433,0.5991462886333465,0.03137257695198059,0.045680300518870356,0.7176971793174743,0.8103093087673188,-0.0030462086200713223,0.16632988750934596,nan,0.0,nan,0.0,0
13,140,4364,0.16526515151515153,2560,1.4896871626377106,0.4359375,0.8099041104316711,0.80383760035038,0.277734375,0.4235886588692665,0.6007112056016922,0.03137257695198059,0.04706537146121263,0.7197263032197952,0.810616061091423,0.0007119506597519365,0.16632988750934596,nan,0.0,nan,0.0,0
13,160,4384,0.16602272727272727,2560,1.532010120153427,0.4,0.8107781618833542,0.8074306786060333,0.29765625,0.43131066411733626,0.5982600152492523,0.03137257695198059,0.04905787315219641,0.7272423088550568,0.8103093087673188,-0.0004688531160353948,0.16632988750934596,nan,0.0,nan,0.0,0
13,180,4404,0.16678030303030303,2560,1.5334680020809173,0.42421875,0.8023918628692627,0.804002657532692,0.287890625,0.41701937913894654,0.6045332759618759,0.03137257695198059,0.049987241998314856,0.7270502656698227,0.8103093087673188,0.007917445898056097,0.16632988750934596,nan,0.0,0.3359375,0.37331039999844506,0
13,200,4424,0.1675378787878788,2560,1.522715699672699,0.41953125,0.8124108344316483,0.8075646877288818,0.27734375,0.420312462747097,0.6042006313800812,0.03137257695198059,0.04797332361340523,0.7228971362113953,0.8103093087673188,-0.002101525664329529,0.16632988750934596,nan,0.0,nan,0.0,0
13,220,4444,0.16829545454545455,2560,1.5618213951587676,0.40546875,0.8123901605606079,0.8045457363128662,0.27578125,0.4200149402022362,0.604622420668602,0.03137257695198059,0.04414166528731585,0.7147079885005951,0.8107781618833542,-0.001611998677253701,0.16632988750934596,nan,0.0,nan,0.0,0
13,240,4464,0.16905303030303032,2560,1.4940448701381683,0.425,0.8138765454292297,0.8008645623922348,0.28359375,0.4041130140423775,0.6008754909038544,0.03137257695198059,0.046204214170575145,0.719964000582695,0.8107781618833542,-0.0030983835458755493,0.16632988750934596,nan,0.0,nan,0.0,0
13,260,4484,0.16981060606060605,2560,1.508616328239441,0.421484375,0.7882309079170227,0.7900205165147781,0.293359375,0.44353513717651366,0.6013374507427216,0.03137257695198059,0.04473903384059667,0.7158469498157501,0.8123901605606079,0.024159252643585205,0.16632988750934596,nan,0.0,nan,0.0,0
13,280,4504,0.1705681818181818,2560,1.5336561799049377,0.415234375,0.8127455800771713,0.805995836853981,0.273828125,0.4084257736802101,0.6002624720335007,0.03137257695198059,0.04517552964389324,0.7159816265106201,0.8123901605606079,-0.00035541951656348214,0.16632988750934596,nan,0.0,0.3359375,0.375313600001391,0
13,300,4524,0.1713257575757576,2560,1.5184140920639038,0.423046875,0.8149265944957733,0.8074180841445923,0.2640625,0.4139915809035301,0.6054522335529328,0.03137257695198059,0.04487371556460858,0.7164708316326142,0.8124108344316483,-0.0025157600641250166,0.16632988750934596,nan,0.0,nan,0.0,0
13,320,4544,0.17208333333333337,2560,1.5755292296409606,0.396875,0.8148712694644928,0.8023778438568115,0.27421875,0.4047833666205406,0.6031685054302216,0.03137257695198059,0.04663646537810564,0.7176697134971619,0.8127455800771713,-0.0021256893873214944,0.16632988750934596,nan,0.0,nan,0.0,0
13,340,4564,0.1728409090909091,2560,1.5550936818122865,0.41171875,0.8222750425338745,0.8102695614099502,0.2734375,0.4074461594223976,0.6040713161230087,0.03137257695198059,0.046972379088401794,0.7194501787424088,0.8138765454292297,-0.008398497104644798,0.16632988750934596,nan,0.0,nan,0.0,0
13,352,4576,0.17329545454545456,1480,1.5212728577691155,0.41216216248434945,0.8018595573064443,0.7968950371484499,0.2750000004832809,0.4195187997173619,0.6048777709136138,0.03137257695198059,0.042335451776916916,0.7097957292118589,0.8148712694644928,0.013011712158048527,0.16632988750934596,nan,0.0,nan,0.0,0
14,20,4596,0.17405303030303032,2560,1.5153186082839967,0.416015625,0.8142051309347152,0.803032711148262,0.28515625,0.4067911565303802,0.6026766687631607,0.03137257695198059,0.046603170596063136,0.7192855596542358,0.8148712694644928,0.0006661385297775935,0.16632988750934596,nan,0.0,0.40625,0.37236829999892507,0
14,40,4616,0.17481060606060606,2560,1.472281777858734,0.44140625,0.7937659084796905,0.7980908930301667,0.289453125,0.4298161014914513,0.6036522179841995,0.03137257695198059,0.044850561395287515,0.7168161571025848,0.8148712694644928,0.021105360984802313,0.16632988750934596,nan,0.0,nan,0.0,0
14,60,4636,0.17556818181818182,2560,1.4957453787326813,0.4234375,0.8057175993919372,0.8051148921251297,0.27109375,0.42125317752361296,0.6004120081663131,0.03137257695198059,0.04429192002862692,0.7152332395315171,0.8142051309347152,0.008487531542778037,0.16632988750934596,nan,0.0,nan,0.0,0
14,80,4656,0.17632575757575758,2560,1.4705673635005951,0.423046875,0.8046368837356568,0.8003020197153091,0.285546875,0.42289078533649443,0.6022771388292313,0.03137257695198059,0.04718977641314268,0.7210334718227387,0.8057175993919372,0.0010807156562804288,0.16632988750934596,nan,0.0,nan,0.0,0
14,100,4676,0.17708333333333334,2560,1.5115089237689971,0.42890625,0.8068347662687302,0.8098536342382431,0.2625,0.41810591518878937,0.5987915188074112,0.03137257695198059,0.0437386529520154,0.7131359487771988,0.8046368837356568,-0.002197882533073403,0.16632988750934596,nan,0.0,nan,0.0,0
14,120,4696,0.1778409090909091,2560,1.4953166246414185,0.419921875,0.8018227577209472,0.8053973078727722,0.291796875,0.4246972128748894,0.5998761713504791,0.03137257695198059,0.04440121352672577,0.7142022401094437,0.8057175993919372,0.003894841670989968,0.16632988750934596,nan,0.0,0.265625,0.3758098999969661,0
14,140,4716,0.17859848484848484,2560,1.53222758769989,0.428125,0.8108056485652924,0.8027321040630341,0.264453125,0.42804860323667526,0.6043729335069656,0.03137257695198059,0.04640556331723929,0.7194982022047043,0.8046368837356568,-0.006168764829635576,0.16632988750934596,nan,0.0,nan,0.0,0
14,160,4736,0.1793560606060606,2560,1.5164327561855315,0.44375,0.8127430588006973,0.8097374141216278,0.264453125,0.43046837747097016,0.5997267544269562,0.03137257695198059,0.04464823044836521,0.7149577617645264,0.8057175993919372,-0.007025459408760093,0.16632988750934596,nan,0.0,nan,0.0,0
14,180,4756,0.18011363636363636,2560,1.5363008975982666,0.423828125,0.8097623020410538,0.8020183712244033,0.26015625,0.4082047000527382,0.6012219995260238,0.03137257695198059,0.04752591270953417,0.7226137429475784,0.8068347662687302,-0.0029275357723236306,0.16632988750934596,nan,0.0,nan,0.0,0
14,200,4776,0.18087121212121213,2560,1.5443469703197479,0.40625,0.8082393616437912,0.8047536492347718,0.28359375,0.42358210533857343,0.6083675622940063,0.03137257695198059,0.041809605062007905,0.7097982257604599,0.8097623020410538,0.0015229403972626399,0.16632988750934596,nan,0.0,nan,0.0,0
14,220,4796,0.1816287878787879,2560,1.5568993151187898,0.40234375,0.8040267765522003,0.8030974298715592,0.276953125,0.4197181299328804,0.6049870997667313,0.03137257695198059,0.04599827639758587,0.7204399585723877,0.8097623020410538,0.005735525488853477,0.16632988750934596,nan,0.0,0.375,0.371661099998164,0
14,240,4816,0.18238636363636365,2560,1.5351729333400725,0.429296875,0.8094506949186325,0.8079460352659226,0.26484375,0.4098148182034492,0.598729595541954,0.03137257695198059,0.043670300580561164,0.7140449017286301,0.8097623020410538,0.00031160712242128685,0.16632988750934596,nan,0.0,nan,0.0,0
14,260,4836,0.18314393939393941,2560,1.5140807926654816,0.42109375,0.7966832309961319,0.7978663295507431,0.28125,0.4331503614783287,0.6069750636816025,0.03137257695198059,0.04221988581120968,0.7092128217220306,0.8094506949186325,0.01276746392250061,0.16632988750934596,nan,0.0,nan,0.0,0
14,280,4856,0.18390151515151518,2560,1.5306797862052917,0.422265625,0.8029003530740738,0.8066406488418579,0.266796875,0.40896030962467195,0.5981079310178756,0.03137257695198059,0.04395881649106741,0.7130838125944138,0.8082393616437912,0.005339008569717363,0.16632988750934596,nan,0.0,nan,0.0,0
14,300,4876,0.18465909090909094,2560,1.5348886609077455,0.41953125,0.8125512480735779,0.800652077794075,0.288671875,0.4377499297261238,0.6027510523796081,0.03137257695198059,0.04852763619273901,0.7235639542341232,0.8040267765522003,-0.008524471521377586,0.16632988750934596,nan,0.0,nan,0.0,0
14,320,4896,0.18541666666666667,2560,1.5362586796283721,0.413671875,0.808073890209198,0.8079600214958191,0.291015625,0.41350573003292085,0.6074966579675675,0.03137257695198059,0.04128074888139963,0.7073130816221237,0.8040267765522003,-0.004047113656997614,0.16632988750934596,nan,0.0,0.34375,0.37946029999875464,0
14,340,4916,0.18617424242424244,2560,1.5373827457427978,0.42109375,0.8027110159397125,0.8037656337022782,0.26796875,0.4094092920422554,0.6027427822351455,0.03137257695198059,0.044170049391686915,0.7137280464172363,0.808073890209198,0.005362874269485451,0.16632988750934596,nan,0.0,nan,0.0,0
14,352,4928,0.1866287878787879,1480,1.4979820908726873,0.4249999995167191,0.7834903671934798,0.8007007743861224,0.2777027023805154,0.43540913317654584,0.6057729646966264,0.03137257695198059,0.04474068404854955,0.7146967253169498,0.8029003530740738,0.01940998588059406,0.16632988750934596,nan,0.0,nan,0.0,0
15,20,4948,0.18738636363636363,2560,1.5383955001831056,0.416796875,0.8080622792243958,0.7979791164398193,0.273046875,0.42394929081201554,0.6029288172721863,0.03137257695198059,0.04524245001375675,0.7190045148134232,0.8029003530740738,-0.0051619261503219604,0.16632988750934596,nan,0.0,nan,0.0,0
15,40,4968,0.1881439393939394,2560,1.5210347294807434,0.423828125,0.8084655404090881,0.8106654107570648,0.27734375,0.4246518433094025,0.6034115016460418,0.03137257695198059,0.043423771485686304,0.7160875678062439,0.8080622792243958,-0.0004032611846923606,0.16632988750934596,nan,0.0,nan,0.0,0
15,60,4988,0.18890151515151515,2560,1.5284147560596466,0.421484375,0.8076848387718201,0.8045982539653778,0.264453125,0.41951799392700195,0.6058811455965042,0.03137257695198059,0.04446629360318184,0.7158779740333557,0.8080622792243958,0.0003774404525757058,0.16632988750934596,nan,0.0,0.3671875,0.37189010001020506,0
15,80,5008,0.18965909090909092,2560,1.5486186146736145,0.401171875,0.8134306907653809,0.8049296230077744,0.285546875,0.41700941026210786,0.6017360836267471,0.03137257695198059,0.04984936770051718,0.7266674727201462,0.8076848387718201,-0.005745851993560813,0.16632988750934596,nan,0.0,nan,0.0,0
15,100,5028,0.19041666666666668,2560,1.5139435231685638,0.41015625,0.8060006558895111,0.8013492822647095,0.29765625,0.4346690088510513,0.6009105831384659,0.03137257695198059,0.045707409270107746,0.7188746422529221,0.8080622792243958,0.002061623334884688,0.16632988750934596,nan,0.0,nan,0.0,0
15,120,5048,0.1911742424242424,2560,1.4825451910495757,0.442578125,0.8070557922124862,0.7988591730594635,0.254296875,0.4107647478580475,0.6046580284833908,0.03137257695198059,0.04506170693784952,0.7170860469341278,0.8080622792243958,0.0010064870119095293,0.16632988750934596,nan,0.0,nan,0.0,0
15,140,5068,0.1919318181818182,2560,1.5126919329166413,0.430078125,0.7916074514389038,0.7956512689590454,0.2671875,0.42386548817157743,0.5978887110948563,0.03137257695198059,0.045102907717227934,0.7154480576515198,0.8076848387718201,0.016077387332916304,0.16632988750934596,nan,0.0,nan,0.0,0
15,160,5088,0.19268939393939397,2560,1.508786380290985,0.41171875,0.7961142778396606,0.7970999628305435,0.278515625,0.41585250198841095,0.6019208461046219,0.03137257695198059,0.045512602850794795,0.7184948980808258,0.8070557922124862,0.010941514372825645,0.16632988750934596,nan,0.0,0.4140625,0.3707620999921346,0
15,180,5108,0.19344696969696973,2560,1.5138077199459077,0.411328125,0.8077558219432831,0.8071960628032684,0.29609375,0.43286247700452807,0.6057065576314926,0.03137257695198059,0.04637441579252481,0.7195413053035736,0.8060006558895111,-0.001755166053772017,0.16632988750934596,nan,0.0,nan,0.0,0
15,200,5128,0.19420454545454546,2560,1.525222247838974,0.423046875,0.7999968588352203,0.7971954494714737,0.264453125,0.41592965126037595,0.5995292901992798,0.03137257695198059,0.04357511755079031,0.7132263273000717,0.8060006558895111,0.0060037970542907715,0.16632988750934596,nan,0.0,nan,0.0,0
15,220,5148,0.19496212121212123,2560,1.5122728049755096,0.421484375,0.7979751795530319,0.8007565975189209,0.27265625,0.4144831448793411,0.6011205226182937,0.03137257695198059,0.04313069153577089,0.7141118377447129,0.7999968588352203,0.0020216792821884377,0.16632988750934596,nan,0.0,nan,0.0,0
15,240,5168,0.195719696969697,2560,1.5490476071834565,0.412890625,0.7936358004808426,0.7960671931505203,0.280859375,0.4256860464811325,0.6038598597049714,0.03137257695198059,0.043089767917990685,0.709446981549263,0.7979751795530319,0.004339379072189287,0.16632988750934596,nan,0.0,nan,0.0,0
15,260,5188,0.19647727272727275,2560,1.5111071348190308,0.417578125,0.7975079983472824,0.8046517908573151,0.293359375,0.43517627716064455,0.5990577876567841,0.03137257695198059,0.03984269741922617,0.7029566109180451,0.7979751795530319,0.0004671812057495117,0.16632988750934596,nan,0.0,0.3828125,0.37271520000649616,0
15,280,5208,0.1972348484848485,2560,1.5291976571083068,0.406640625,0.8091920018196106,0.808725756406784,0.2796875,0.41996227353811266,0.6026629269123077,0.03137257695198059,0.042011693492531775,0.7094429939985275,0.7979751795530319,-0.011216822266578719,0.16632988750934596,nan,0.0,nan,0.0,0
15,300,5228,0.19799242424242425,2560,1.5456047356128693,0.42890625,0.8110750943422318,0.8020680904388428,0.274609375,0.41611008942127226,0.6011132746934891,0.03137257695198059,0.044601722806692126,0.7180639445781708,0.7979751795530319,-0.013099914789199918,0.16632988750934596,nan,0.0,nan,0.0,0
15,320,5248,0.19875,2560,1.5045239508152009,0.441015625,0.8023270756006241,0.8053671687841415,0.258984375,0.41336519718170167,0.5977323055267334,0.03137257695198059,0.043447372317314145,0.7147516459226608,0.7979751795530319,-0.00435189604759223,0.16632988750934596,nan,0.0,nan,0.0,0
15,340,5268,0.19950757575757577,2560,1.522019910812378,0.408984375,0.8034555286169052,0.8017807215452194,0.2984375,0.429430191218853,0.6064518183469773,0.03137257695198059,0.04732499644160271,0.7237255990505218,0.8023270756006241,-0.0011284530162810613,0.16632988750934596,nan,0.0,nan,0.0,0
15,352,5280,0.1999621212121212,1480,1.4987527306015427,0.42837837870056567,0.7927239347148586,0.7987071746104473,0.2581081082692017,0.41474140044805163,0.5962211241593232,0.03137257695198059,0.043085946605817695,0.7137590504981376,0.8034555286169052,0.010731593902046588,0.16632988750934596,nan,0.0,0.3984375,0.3800020000053337,0
16,20,5300,0.19928030303030303,2560,1.4679344594478607,0.448828125,0.7884305596351624,0.7906889736652374,0.25859375,0.4165193423628807,0.6031165033578872,0.03137257695198059,0.042205171473324296,0.707072839140892,0.8034555286169052,0.01502496898174277,0.16632988750934596,nan,0.0,nan,0.0,0
16,40,5320,0.1985227272727273,2560,1.5014208555221558,0.426953125,0.7974647134542465,0.7972070276737213,0.28203125,0.42364407777786256,0.6043079555034637,0.03137257695198059,0.046449594758450986,0.7181714624166489,0.8023270756006241,0.004862362146377586,0.16632988750934596,nan,0.0,nan,0.0,0
16,60,5340,0.1977651515151515,2560,1.518834298849106,0.42109375,0.7976927876472473,0.8011320918798447,0.28828125,0.4302581787109375,0.6034713923931122,0.03137257695198059,0.04401802234351635,0.7141076475381851,0.7974647134542465,-0.00022807419300074905,0.16632988750934596,nan,0.0,nan,0.0,0
16,80,5360,0.19700757575757577,2560,1.5382877349853517,0.40859375,0.7985218673944473,0.8010189235210419,0.28828125,0.42637123316526415,0.6072986841201782,0.03137257695198059,0.04618692751973867,0.718518728017807,0.7974647134542465,-0.0010571539402007835,0.16632988750934596,nan,0.0,nan,0.0,0
16,100,5380,0.19625,2560,1.50869819521904,0.4375,0.8131692618131637,0.8057738155126571,0.2546875,0.4129171699285507,0.6029117792844773,0.03137257695198059,0.04342642482370138,0.7129574447870255,0.7974647134542465,-0.015704548358917214,0.16632988750934596,nan,0.0,0.4140625,0.37556640000548214,0
16,120,5400,0.19549242424242427,2560,1.5279884338378906,0.428125,0.8072494387626648,0.8024889826774597,0.25859375,0.429140605032444,0.6046639919281006,0.03137257695198059,0.04773402959108353,0.7219721615314484,0.7976927876472473,-0.00955665111541748,0.16632988750934596,nan,0.0,nan,0.0,0
16,140,5420,0.19473484848484848,2560,1.487911093235016,0.423046875,0.8080008119344712,0.8063389033079147,0.298828125,0.421334607899189,0.6002189844846726,0.03137257695198059,0.043171665631234646,0.7118736028671264,0.7985218673944473,-0.009478944540023848,0.16632988750934596,nan,0.0,nan,0.0,0
16,160,5440,0.19397727272727275,2560,1.5135600924491883,0.416015625,0.7995026171207428,0.8050031185150146,0.28046875,0.43364754766225816,0.603395864367485,0.03137257695198059,0.04836331102997064,0.7244926720857621,0.8072494387626648,0.007746821641921975,0.16632988750934596,nan,0.0,nan,0.0,0
16,180,5460,0.19321969696969699,2560,1.5091132938861846,0.4265625,0.8060553938150405,0.7967946588993072,0.26796875,0.40285527855157854,0.5986188411712646,0.03137257695198059,0.04304843712598085,0.7118651270866394,0.8072494387626648,0.0011940449476242065,0.16632988750934596,nan,0.0,nan,0.0,0
16,200,5480,0.19246212121212125,2560,1.5033554017543793,0.4359375,0.7921848684549332,0.8049124598503112,0.28203125,0.4500910103321075,0.6065342098474502,0.03137257695198059,0.041226927377283576,0.7087613880634308,0.8072494387626648,0.015064570307731562,0.16632988750934596,nan,0.0,0.390625,0.3720322000008309,0
16,220,5500,0.19170454545454546,2560,1.5212868452072144,0.434765625,0.807641452550888,0.8011851161718369,0.265234375,0.42104448229074476,0.6069225549697876,0.03137257695198059,0.042865194380283356,0.7106943637132644,0.8060553938150405,-0.0015860587358474953,0.16632988750934596,nan,0.0,nan,0.0,0
16,240,5520,0.19094696969696973,2560,1.4987109303474426,0.425,0.7984170466661453,0.7998701989650726,0.28515625,0.42717837542295456,0.5996536493301392,0.03137257695198059,0.04048558324575424,0.7061005979776382,0.8060553938150405,0.007638347148895219,0.16632988750934596,nan,0.0,nan,0.0,0
16,260,5540,0.19018939393939394,2560,1.5054608702659606,0.436328125,0.7962200969457627,0.795064952969551,0.280078125,0.42377573549747466,0.608733132481575,0.03137257695198059,0.04259125664830208,0.711097139120102,0.7995026171207428,0.003282520174980097,0.16632988750934596,nan,0.0,nan,0.0,0
16,280,5560,0.1894318181818182,2560,1.4852039813995361,0.435546875,0.7801689088344574,0.7939099788665771,0.269140625,0.4207287132740021,0.6006946802139282,0.03137257695198059,0.04227202776819468,0.7097132593393326,0.7984170466661453,0.018248137831687883,0.16632988750934596,nan,0.0,nan,0.0,0
16,300,5580,0.18867424242424244,2560,1.5154586136341095,0.42734375,0.796248483657837,0.8021728724241257,0.2734375,0.43230644017457964,0.601270443201065,0.03137257695198059,0.04063409548252821,0.7069370836019516,0.7962200969457627,-2.8386712074279785e-05,0.16632988750934596,nan,0.0,0.34375,0.37547679999261163,0
16,320,5600,0.1879166666666667,2560,1.5096539795398711,0.419140625,0.7973699688911438,0.8012091487646102,0.279296875,0.41551354676485064,0.6041515499353409,0.03137257695198059,0.03968835175037384,0.7044837027788162,0.796248483657837,-0.001121485233306796,0.16632988750934596,nan,0.0,nan,0.0,0
16,340,5620,0.1871590909090909,2560,1.5129051387310029,0.423046875,0.7933311522006988,0.7958737939596177,0.258984375,0.4260419473052025,0.6030464410781861,0.03137257695198059,0.03858943078666925,0.6993405997753144,0.796248483657837,0.002917331457138128,0.16632988750934596,nan,0.0,nan,0.0,0
16,352,5632,0.18670454545454548,1480,1.4937985162477236,0.3993243251297925,0.7912210554689975,0.7923878962929184,0.3006756758367693,0.41555359572977635,0.605415546249699,0.031372576770750255,0.04332769605759028,0.7111458127563064,0.7962200969457627,0.00499904147676522,0.16632988750934596,nan,0.0,nan,0.0,0
17,20,5652,0.1859469696969697,2560,1.5038668930530548,0.420703125,0.7961466103792191,0.8020336359739304,0.284375,0.42925334721803665,0.604852694272995,0.03137257695198059,0.04200224727392197,0.7088009357452393,0.7933311522006988,-0.002815458178520247,0.16632988750934596,nan,0.0,nan,0.0,0
17,40,5672,0.18518939393939396,2560,1.4726176798343658,0.42109375,0.7918611168861389,0.7986113458871842,0.278515625,0.42843367606401445,0.6050890803337097,0.03137257695198059,0.045005948096513745,0.717141580581665,0.7961466103792191,0.004285493493080161,0.16632988750934596,nan,0.0,0.3046875,0.3887629999953788,0
17,60,5692,0.1844318181818182,2560,1.4848034262657166,0.423046875,0.7839188694953918,0.7955305963754654,0.283984375,0.41532659381628034,0.603958660364151,0.03137257695198059,0.04289864990860224,0.7121563851833344,0.7933311522006988,0.009412282705307029,0.16632988750934596,nan,0.0,nan,0.0,0
17,80,5712,0.18367424242424246,2560,1.465035355091095,0.448828125,0.7923176705837249,0.792143777012825,0.264453125,0.4264539286494255,0.5976126492023468,0.03137257695198059,0.041514691337943076,0.7074448227882385,0.7918611168861389,-0.00045655369758601516,0.16632988750934596,nan,0.0,nan,0.0,0
17,100,5732,0.18291666666666667,2560,1.4886486887931825,0.4328125,0.7929088413715363,0.7976553827524185,0.26640625,0.4165916219353676,0.6045620232820511,0.03137257695198059,0.0492015428841114,0.7258651465177536,0.7918611168861389,-0.001047724485397361,0.16632988750934596,nan,0.0,nan,0.0,0
17,120,5752,0.18215909090909094,2560,1.4762613594532012,0.438671875,0.7840719491243362,0.7902399957180023,0.28671875,0.44272336065769197,0.6029824852943421,0.03137257695198059,0.043045942671597004,0.7120506852865219,0.7923176705837249,0.008245721459388733,0.16632988750934596,nan,0.0,nan,0.0,0
17,140,5772,0.18140151515151515,2560,1.4812471270561218,0.441796875,0.7864686667919158,0.7935417324304581,0.284765625,0.4435240879654884,0.6012854486703872,0.03137257695198059,0.04274216294288635,0.7116306751966477,0.7918611168861389,0.005392450094223067,0.16632988750934596,nan,0.0,0.34375,0.37930660000711214,0
17,160,5792,0.1806439393939394,2560,1.494033682346344,0.41875,0.7932500571012497,0.796846917271614,0.275,0.4150242105126381,0.6009519100189209,0.03137257695198059,0.039566878043115136,0.7042354047298431,0.7864686667919158,-0.00678139030933389,0.16632988750934596,nan,0.0,nan,0.0,0
17,180,5812,0.17988636363636365,2560,1.440655529499054,0.45390625,0.7869098126888275,0.8025947779417038,0.272265625,0.4232655420899391,0.5989160120487214,0.03137257695198059,0.0406047897413373,0.7069653928279876,0.7923176705837249,0.005407857894897394,0.16632988750934596,nan,0.0,nan,0.0,0
17,200,5832,0.17912878787878792,2560,1.4832939028739929,0.4359375,0.7706596434116364,0.7821021020412445,0.266015625,0.4352634012699127,0.6057867914438247,0.03137257695198059,0.03997158110141754,0.7021927118301392,0.7869098126888275,0.01625016927719114,0.16632988750934596,nan,0.0,nan,0.0,0
17,220,5852,0.17837121212121212,2560,1.499336802959442,0.419921875,0.7989725798368454,0.7974787592887879,0.28046875,0.42068159729242327,0.5947651147842408,0.03137257695198059,0.04366042893379927,0.7132147490978241,0.7864686667919158,-0.012503913044929593,0.16632988750934596,nan,0.0,nan,0.0,0
17,240,5872,0.1776136363636364,2560,1.5251190781593322,0.4203125,0.7889549672603607,0.8105864435434341,0.286328125,0.42600739002227783,0.5973671108484269,0.03137257695198059,0.04115753564983606,0.7072314381599426,0.7869098126888275,-0.002045154571533203,0.16632988750934596,nan,0.0,0.3515625,0.37730579999333713,0
17,260,5892,0.17685606060606063,2560,1.487486344575882,0.450390625,0.7849276512861252,0.7995901972055435,0.26015625,0.4284112140536308,0.6085211634635925,0.03137257695198059,0.04324772097170353,0.7122355371713638,0.7889549672603607,0.004027315974235557,0.16632988750934596,nan,0.0,nan,0.0,0
17,280,5912,0.17609848484848484,2560,1.4509371161460876,0.425390625,0.7858870089054107,0.7917890071868896,0.3015625,0.43003986328840255,0.6030212640762329,0.03137257695198059,0.04121508579701185,0.7069400936365128,0.7869098126888275,0.0010228037834167925,0.16632988750934596,nan,0.0,nan,0.0,0
17,300,5932,0.1753409090909091,2560,1.490668910741806,0.42734375,0.8002988815307617,0.8039598047733307,0.280859375,0.4478861853480339,0.6010552912950515,0.03137257695198059,0.0417745653539896,0.7090471744537353,0.7858870089054107,-0.01441187262535093,0.16632988750934596,nan,0.0,nan,0.0,0
17,320,5952,0.1745833333333333,2560,1.4577298164367676,0.443359375,0.7990110605955124,0.8006853938102723,0.28203125,0.42622820734977723,0.6034997522830963,0.03137257695198059,0.044981984235346315,0.7164876103401184,0.7889549672603607,-0.010056093335151672,0.16632988750934596,nan,0.0,nan,0.0,0
17,340,5972,0.17382575757575758,2560,1.5048488259315491,0.4296875,0.7932475060224533,0.7960825830698013,0.266015625,0.4344920814037323,0.6093987971544266,0.03137257695198059,0.045240356028079985,0.7169969648122787,0.7889549672603607,-0.004292538762092568,0.16632988750934596,nan,0.0,0.34375,0.37877429999934975,0
17,352,5984,0.17337121212121215,1480,1.510632512376115,0.4344594599427404,0.7781498203406463,0.8013678657042014,0.2722972972972973,0.45238894675229047,0.6070594136779373,0.03137257695198059,0.03868756497631202,0.7002046423989373,0.7932475060224533,0.015097685681807027,0.16632988750934596,nan,0.0,nan,0.0,0
18,20,6004,0.17261363636363636,2560,1.4410430669784546,0.4578125,0.7843470752239228,0.7923259943723678,0.2640625,0.4078944355249405,0.6020398676395416,0.03137257695198059,0.04293970391154289,0.7127079963684082,0.7932475060224533,0.008900430798530534,0.16632988750934596,nan,0.0,nan,0.0,0
18,40,6024,0.17185606060606062,2560,1.4409105062484742,0.45078125,0.7715334594249725,0.783375695347786,0.287109375,0.44617638885974886,0.6060655117034912,0.03137257695198059,0.03981726877391338,0.7040953397750854,0.7932475060224533,0.021714046597480774,0.16632988750934596,nan,0.0,nan,0.0,0
18,60,6044,0.17109848484848486,2560,1.4834351181983947,0.442578125,0.7838710814714431,0.8014536798000336,0.272265625,0.42645942568778994,0.5985214471817016,0.03137257695198059,0.042169252038002016,0.7110296249389648,0.7843470752239228,0.00047599375247964204,0.16632988750934596,nan,0.0,nan,0.0,0
18,80,6064,0.17034090909090913,2560,1.4369348347187043,0.45546875,0.7719583868980407,0.7932969570159912,0.283984375,0.4399084523320198,0.6022597104310989,0.03137257695198059,0.042790519259870055,0.7102025598287582,0.7838710814714431,0.011912694573402383,0.16632988750934596,nan,0.0,0.375,0.3741101999912644,0
18,100,6084,0.16958333333333334,2560,1.4719532489776612,0.43671875,0.7863350629806518,0.7996499598026275,0.28046875,0.4421113461256027,0.6013163387775421,0.03137257695198059,0.041247563809156416,0.7064691126346588,0.7781498203406463,-0.00818524264000553,0.16632988750934596,nan,0.0,nan,0.0,0
18,120,6104,0.1688257575757576,2560,1.48175847530365,0.4328125,0.7828287214040757,0.7932509362697602,0.282421875,0.4428307950496674,0.608037331700325,0.03137257695198059,0.037566396035254,0.6971351832151413,0.7838710814714431,0.001042360067367465,0.16632988750934596,nan,0.0,nan,0.0,0
18,140,6124,0.16806818181818184,2560,1.4426659286022185,0.44375,0.7806630671024323,0.7899046808481216,0.27421875,0.42106608748435975,0.6019269526004791,0.03137257695198059,0.03965628724545241,0.7039083003997803,0.7828287214040757,0.002165654301643394,0.16632988750934596,nan,0.0,nan,0.0,0
18,160,6144,0.1673106060606061,2560,1.4802780985832213,0.4328125,0.7741018772125244,0.7941532343626022,0.2703125,0.4307281941175461,0.606885802745819,0.03137257695198059,0.03923104200512171,0.7024582892656326,0.7828287214040757,0.00872684419155123,0.16632988750934596,nan,0.0,nan,0.0,0
18,180,6164,0.1665530303030303,2560,1.5017104983329772,0.427734375,0.7783252716064453,0.7879755824804306,0.282421875,0.4227654352784157,0.598792290687561,0.03137257695198059,0.03941126745194197,0.7029829382896423,0.7806630671024323,0.002337795495987005,0.16632988750934596,nan,0.0,0.3984375,0.37273889999778476,0
18,200,6184,0.16579545454545452,2560,1.4641553938388825,0.452734375,0.7865747511386871,0.7961539179086685,0.2578125,0.428062404692173,0.6011947870254517,0.03137257695198059,0.04105796832591295,0.7070153236389161,0.7806630671024323,-0.005911684036254861,0.16632988750934596,nan,0.0,nan,0.0,0
18,220,6204,0.1650378787878788,2560,1.448728746175766,0.44921875,0.7960737615823745,0.7987906336784363,0.259375,0.4130420595407486,0.602197915315628,0.03137257695198059,0.040533765591681,0.7066218733787537,0.7806630671024323,-0.015410694479942255,0.16632988750934596,nan,0.0,nan,0.0,0
18,240,6224,0.16428030303030303,2560,1.463169914484024,0.43984375,0.7864505887031555,0.7894148707389832,0.269140625,0.4308337584137917,0.6037321925163269,0.03137257695198059,0.03754295911639929,0.6995508760213852,0.7806630671024323,-0.005787521600723267,0.16632988750934596,nan,0.0,nan,0.0,0
18,260,6244,0.1635227272727273,2560,1.4666629612445832,0.425390625,0.7735678374767303,0.7909247219562531,0.285546875,0.4348596096038818,0.595581328868866,0.03137257695198059,0.03786026276648045,0.6988802492618561,0.7864505887031555,0.012882751226425238,0.16632988750934596,nan,0.0,nan,0.0,0
18,280,6264,0.1627651515151515,2560,1.4511241376399995,0.454296875,0.7768358498811722,0.7867468684911728,0.269140625,0.432232192158699,0.6033406794071198,0.03137257695198059,0.036576866451650855,0.6984654068946838,0.7864505887031555,0.009614738821983382,0.16632988750934596,nan,0.0,0.3359375,0.37345189999905415,0
18,300,6284,0.16200757575757577,2560,1.4573940575122832,0.435546875,0.7714163035154342,0.7888186305761338,0.295703125,0.43759399056434634,0.610402700304985,0.03137257695198059,0.04068548157811165,0.708244851231575,0.7864505887031555,0.015034285187721319,0.16632988750934596,nan,0.0,nan,0.0,0
18,320,6304,0.16125,2560,1.4203295290470124,0.462890625,0.7698161184787751,0.7926385432481766,0.30390625,0.4416361302137375,0.6040802150964737,0.03137257695198059,0.03630060711875558,0.6937829941511154,0.7768358498811722,0.007019731402397089,0.16632988750934596,nan,0.0,nan,0.0,0
18,340,6324,0.16049242424242427,2560,1.4166326761245727,0.463671875,0.774525836110115,0.7894202142953872,0.26640625,0.4325477972626686,0.608845791220665,0.03137257695198059,0.037009841203689574,0.6978269785642623,0.7735678374767303,-0.000957998633384749,0.16632988750934596,nan,0.0,nan,0.0,0
18,352,6336,0.1600378787878788,1480,1.410723710704494,0.44797297377844114,0.7512790244978828,0.7773719236657426,0.2898648649454117,0.44604487161378603,0.6025989058855418,0.031372576770750255,0.03751683817119212,0.6985574274449735,0.7735678374767303,0.02228881297884755,0.16632988750934596,nan,0.0,nan,0.0,0
19,20,6356,0.15928030303030305,2560,1.4009952306747437,0.461328125,0.7586686193943024,0.784894335269928,0.27734375,0.4199879586696625,0.5957935512065887,0.03137257695198059,0.03774507772177458,0.6994524002075195,0.7714163035154342,0.012747684121131808,0.16632988750934596,nan,0.0,0.40625,0.37625080000725575,0
19,40,6376,0.15852272727272732,2560,1.451960039138794,0.4359375,0.7898331344127655,0.7943875759840011,0.287109375,0.42529609203338625,0.5987393915653229,0.03137257695198059,0.043003111332654956,0.712402057647705,0.7698161184787751,-0.020017015933990412,0.16632988750934596,nan,0.0,nan,0.0,0
19,60,6396,0.15776515151515152,2560,1.4389751255512238,0.446875,0.7664900928735733,0.786012151837349,0.269921875,0.42960443198680875,0.6027040004730224,0.03137257695198059,0.03703472558408975,0.6976615428924561,0.7698161184787751,0.003326025605201788,0.16632988750934596,nan,0.0,nan,0.0,0
19,80,6416,0.1570075757575758,2560,1.404938566684723,0.466796875,0.7773729234933853,0.7890402704477311,0.275390625,0.428969132900238,0.6045096248388291,0.03137257695198059,0.04224732741713524,0.7107147783041,0.7664900928735733,-0.01088283061981199,0.16632988750934596,nan,0.0,nan,0.0,0
19,100,6436,0.15625,2560,1.414904648065567,0.45625,0.7812933504581452,0.7951536983251571,0.26953125,0.4460753068327904,0.6010411739349365,0.03137257695198059,0.04006804618984461,0.7052403599023819,0.7664900928735733,-0.014803257584571905,0.16632988750934596,nan,0.0,nan,0.0,0
19,120,6456,0.15549242424242424,2560,1.427314430475235,0.45859375,0.7638118952512741,0.7876487910747528,0.279296875,0.444590637087822,0.605053848028183,0.03137257695198059,0.040378952771425246,0.7046587914228439,0.7773729234933853,0.01356102824211114,0.16632988750934596,nan,0.0,0.3828125,0.3691370000015013,0
19,140,6476,0.1547348484848485,2560,1.4366698503494262,0.466796875,0.7828844666481019,0.799968346953392,0.280078125,0.44007861614227295,0.5981282740831375,0.03137257695198059,0.03819909319281578,0.7008470714092254,0.7773729234933853,-0.0055115431547165805,0.16632988750934596,nan,0.0,nan,0.0,0
19,160,6496,0.1539772727272727,2560,1.4736583590507508,0.44609375,0.7867114871740342,0.7917593866586685,0.2703125,0.44067915976047517,0.6110838741064072,0.03137257695198059,0.03980006631463766,0.7010233581066132,0.7773729234933853,-0.009338563680648893,0.16632988750934596,nan,0.0,nan,0.0,0
19,180,6516,0.15321969696969698,2560,1.4488220036029815,0.444140625,0.7707732021808624,0.7855181604623794,0.281640625,0.418428435921669,0.6053240686655045,0.03137257695198059,0.0400476099923253,0.7040003180503845,0.7812933504581452,0.01052014827728276,0.16632988750934596,nan,0.0,nan,0.0,0
19,200,6536,0.15246212121212122,2560,1.4252239108085631,0.44453125,0.7818216413259507,0.7940061181783676,0.288671875,0.4243571743369102,0.6041245937347413,0.03137257695198059,0.04228131603449583,0.7126083463430405,0.7812933504581452,-0.000528290867805481,0.16632988750934596,nan,0.0,nan,0.0,0
19,220,6556,0.15170454545454548,2560,1.4343109607696534,0.45390625,0.783309006690979,0.7963787257671356,0.293359375,0.44262954145669936,0.6047733455896378,0.03137257695198059,0.038354316353797914,0.6989609837532044,0.7818216413259507,-0.0014873653650283591,0.16632988750934596,nan,0.0,0.3828125,0.37755589999142103,0
19,240,6576,0.1509469696969697,2560,1.4238308489322662,0.453125,0.7639447242021561,0.7878837794065475,0.283203125,0.44274566024541856,0.6035146266222,0.03137257695198059,0.037978027015924454,0.6998633444309235,0.7828844666481019,0.018939742445945762,0.16632988750934596,nan,0.0,nan,0.0,0
19,260,6596,0.15018939393939396,2560,1.4678742051124574,0.442578125,0.78315090239048,0.7945935785770416,0.28203125,0.44131914228200914,0.5999950587749481,0.03137257695198059,0.0383238784968853,0.70095174908638,0.7818216413259507,-0.0013292610645293523,0.16632988750934596,nan,0.0,nan,0.0,0
19,280,6616,0.14943181818181817,2560,1.4201235473155975,0.46171875,0.7654839128255844,0.7863341212272644,0.2609375,0.43041832000017166,0.6024989068508149,0.03137257695198059,0.03821632526814937,0.6989626228809357,0.7818216413259507,0.0163377285003663,0.16632988750934596,nan,0.0,nan,0.0,0
19,300,6636,0.14867424242424243,2560,1.4437357604503631,0.452734375,0.7708189725875855,0.7860303461551666,0.28203125,0.44240673184394835,0.6078744471073151,0.03137257695198059,0.03506225207820535,0.6935830354690552,0.7818216413259507,0.011002668738365196,0.16632988750934596,nan,0.0,nan,0.0,0
19,320,6656,0.14791666666666667,2560,1.4490939497947692,0.446875,0.7717479914426804,0.7906786859035492,0.285546875,0.43489490300416944,0.603198903799057,0.03137257695198059,0.03981560617685318,0.70638387799263,0.7708189725875855,-0.0009290188550948875,0.16632988750934596,nan,0.0,0.4140625,0.3800747000059346,0
19,340,6676,0.14715909090909093,2560,1.4070496022701264,0.46328125,0.7556240677833557,0.7814434200525284,0.26875,0.4310410752892494,0.6067723780870438,0.03137257695198059,0.038391406461596486,0.7006629198789597,0.7708189725875855,0.015194904804229803,0.16632988750934596,nan,0.0,nan,0.0,0
19,352,6688,0.14670454545454548,1480,1.414554422610515,0.45878378346159654,0.7588834698135788,0.7847049342619407,0.27905405445678816,0.43626869095338355,0.5946179341625523,0.03137257695198059,0.03969546065137193,0.7041418336533212,0.7708189725875855,0.011935502774006679,0.16632988750934596,nan,0.0,nan,0.0,0
20,20,6708,0.14594696969696971,2560,1.425325584411621,0.459375,0.7703363120555877,0.7858291834592819,0.28125,0.44613077491521835,0.6072033047676086,0.03137257695198059,0.03940258789807558,0.7032410830259324,0.7654839128255844,-0.004852399230003357,0.16632988750934596,nan,0.0,nan,0.0,0
20,40,6728,0.14518939393939392,2560,1.4000303149223328,0.45859375,0.7774991899728775,0.7880554348230362,0.2796875,0.42905734181404115,0.6066033840179443,0.03137257695198059,0.04130477569997311,0.7079370468854904,0.7703363120555877,-0.007162877917289756,0.16632988750934596,nan,0.0,nan,0.0,0
20,60,6748,0.1444318181818182,2560,1.3894425451755523,0.478515625,0.7637045919895172,0.7852376520633697,0.260546875,0.44228366315364837,0.6005594998598098,0.03137257695198059,0.0366968372836709,0.6951380372047424,0.7703363120555877,0.00663172006607049,0.16632988750934596,nan,0.0,0.3828125,0.3632810999988578,0
20,80,6768,0.1436742424242424,2560,1.4242253363132478,0.4625,0.766373360157013,0.7841140925884247,0.2734375,0.4362358495593071,0.6052428096532821,0.03137257695198059,0.039979556761682036,0.7050610899925231,0.7637045919895172,-0.0026687681674957275,0.16632988750934596,nan,0.0,nan,0.0,0
20,100,6788,0.14291666666666666,2560,1.4017275273799896,0.45625,0.7542360186576843,0.7816857874393464,0.2734375,0.4237869560718536,0.6048101007938385,0.03137257695198059,0.036961720883846284,0.69568130671978,0.766373360157013,0.012137341499328658,0.16632988750934596,nan,0.0,nan,0.0,0
20,120,6808,0.1421590909090909,2560,1.4239646017551422,0.458203125,0.779849711060524,0.7892887383699417,0.269140625,0.4283380717039108,0.6027277797460556,0.03137257695198059,0.03744363998994231,0.6969704955816269,0.766373360157013,-0.01347635090351107,0.16632988750934596,nan,0.0,nan,0.0,0
20,140,6828,0.14140151515151517,2560,1.4221457242965698,0.4609375,0.761432483792305,0.7806428402662278,0.273828125,0.43927125483751295,0.6070504724979401,0.03137257695198059,0.03836739379912615,0.6986974358558655,0.766373360157013,0.004940876364707969,0.16632988750934596,nan,0.0,nan,0.0,0
20,160,6848,0.14064393939393938,2560,1.3979664325714112,0.46015625,0.7696758389472962,0.7904084742069244,0.283984375,0.4354354068636894,0.6061335533857346,0.03137257695198059,0.038748181983828546,0.7013855367898941,0.7637045919895172,-0.005971246957778953,0.16632988750934596,nan,0.0,0.4296875,0.37354200000118,0
20,180,6868,0.13988636363636364,2560,1.4041857898235321,0.4640625,0.7596899300813675,0.7785351008176804,0.282421875,0.4428205624222755,0.6051922023296357,0.03137257695198059,0.0392294267192483,0.7023641407489777,0.766373360157013,0.006683430075645425,0.16632988750934596,nan,0.0,nan,0.0,0
20,200,6888,0.13912878787878788,2560,1.3969627141952514,0.467578125,0.751070985198021,0.7777473628520966,0.269921875,0.4409619227051735,0.5995328545570373,0.03137257695198059,0.0380150081589818,0.7002886235713959,0.761432483792305,0.010361498594284035,0.16632988750934596,nan,0.0,nan,0.0,0
20,220,6908,0.13837121212121214,2560,1.399663507938385,0.458203125,0.7676090747117996,0.7848805993795395,0.2828125,0.43641515374183654,0.6029588252305984,0.03137257695198059,0.04125057086348534,0.7078214168548584,0.761432483792305,-0.006176590919494629,0.16632988750934596,nan,0.0,nan,0.0,0
20,240,6928,0.13761363636363635,2560,1.3962195336818695,0.4625,0.7560777544975281,0.7793178737163544,0.28125,0.43460172414779663,0.6004635065793991,0.03137257695198059,0.037175487540662286,0.6979234278202057,0.761432483792305,0.005354729294776872,0.16632988750934596,nan,0.0,nan,0.0,0
20,260,6948,0.13685606060606062,2560,1.4052176356315613,0.462890625,0.7632416039705276,0.7894704431295395,0.283203125,0.447781203687191,0.6034403681755066,0.03137257695198059,0.036639504134655,0.6951643824577332,0.7596899300813675,-0.003551673889160112,0.16632988750934596,nan,0.0,0.3984375,0.37290040000516456,0
20,280,6968,0.13609848484848483,2560,1.39857160449028,0.45546875,0.7570682406425476,0.786328274011612,0.28984375,0.44036385267972944,0.6034378290176392,0.03137257695198059,0.03697160258889198,0.6965322047472,0.7596899300813675,0.0026216894388199075,0.16632988750934596,nan,0.0,nan,0.0,0
20,300,6988,0.1353409090909091,2560,1.4153754353523254,0.453515625,0.7682972878217698,0.7962708979845047,0.277734375,0.4379568099975586,0.605969762802124,0.03137257695198059,0.03746008174493909,0.6961652606725692,0.7570682406425476,-0.01122904717922213,0.16632988750934596,nan,0.0,nan,0.0,0
20,320,7008,0.13458333333333333,2560,1.4076360046863556,0.461328125,0.75262051820755,0.7858445644378662,0.273828125,0.4438325077295303,0.6044438809156418,0.03137257695198059,0.03811826277524233,0.6989990234375,0.7632416039705276,0.0106210857629776,0.16632988750934596,nan,0.0,nan,0.0,0
20,340,7028,0.1338257575757576,2560,1.4180994391441346,0.4609375,0.769018429517746,0.7888986200094223,0.279296875,0.43626551032066346,0.6002085596323014,0.03137257695198059,0.038577739149332047,0.7022561222314835,0.7570682406425476,-0.011950188875198386,0.16632988750934596,nan,0.0,nan,0.0,0
20,352,7040,0.1333712121212121,1480,1.4163036597741616,0.4662162168605908,0.7632025406167314,0.7858339242033057,0.2756756751923948,0.4486361268404368,0.6107092096998885,0.03137257695198059,0.03660429454333074,0.6977958334458841,0.7632416039705276,3.906335379622039e-05,0.16632988750934596,nan,0.0,0.4296875,0.3809646000008797,0
21,20,7060,0.13261363636363638,2560,1.359620839357376,0.47890625,0.7670592695474625,0.7863950282335281,0.262109375,0.41866701692342756,0.6001775324344635,0.03137257695198059,0.034262475278228524,0.687554332613945,0.7632025406167314,-0.0038567289307310793,0.16632988750934596,nan,0.0,nan,0.0,0
21,40,7080,0.1318560606060606,2560,1.3826100707054139,0.463671875,0.7548538416624069,0.7834683954715729,0.28828125,0.4458841264247894,0.6005015313625336,0.03137257695198059,0.03411461319774389,0.6868090569972992,0.7670592695474625,0.01220542788505563,0.16632988750934596,nan,0.0,nan,0.0,0
21,60,7100,0.13109848484848485,2560,1.3439186751842498,0.487109375,0.7681383848190307,0.7866104245185852,0.28046875,0.4215457633137703,0.5978692591190338,0.03137257695198059,0.03565974663943052,0.6918414175510407,0.7632025406167314,-0.004935844202299311,0.16632988750934596,nan,0.0,nan,0.0,0
21,80,7120,0.1303409090909091,2560,1.3573564529418944,0.47265625,0.7472361564636231,0.7862983882427216,0.28125,0.4547159805893898,0.6037628322839736,0.03137257695198059,0.0376300310716033,0.697578427195549,0.7670592695474625,0.01982311308383944,0.16632988750934596,nan,0.0,nan,0.0,0
21,100,7140,0.12958333333333336,2560,1.3828577935695647,0.47421875,0.7548225224018097,0.7786097317934036,0.271484375,0.4257832705974579,0.6053730249404907,0.03137257695198059,0.03755177780985832,0.6988965630531311,0.7632025406167314,0.008380018214921736,0.16632988750934596,nan,0.0,0.4296875,0.3784793999948306,0
21,120,7160,0.12882575757575757,2560,1.3496308028697968,0.48125,0.75997693836689,0.7877879053354263,0.2859375,0.4440708100795746,0.604587197303772,0.03137257695198059,0.03839434236288071,0.7011423796415329,0.7548538416624069,-0.005123096704483077,0.16632988750934596,nan,0.0,nan,0.0,0
21,140,7180,0.12806818181818183,2560,1.3736294507980347,0.464453125,0.7567884683609009,0.7805745631456376,0.303125,0.46206468492746355,0.602816155552864,0.03137257695198059,0.03946939818561077,0.702219769358635,0.7548538416624069,-0.0019346266984939797,0.16632988750934596,nan,0.0,nan,0.0,0
21,160,7200,0.12731060606060604,2560,1.3314985990524293,0.484765625,0.7422859907150269,0.7709929406642914,0.273046875,0.4327530935406685,0.6068336725234985,0.03137257695198059,0.03738636001944542,0.6961080223321915,0.7567884683609009,0.014502477645873979,0.16632988750934596,nan,0.0,nan,0.0,0
21,180,7220,0.1265530303030303,2560,1.402312594652176,0.466796875,0.7581933081150055,0.7787231594324112,0.277734375,0.43621338307857516,0.6018336206674576,0.03137257695198059,0.03816133867949247,0.7011578798294067,0.7548225224018097,-0.003370785713195823,0.16632988750934596,nan,0.0,nan,0.0,0
21,200,7240,0.12579545454545454,2560,1.389924830198288,0.465625,0.7508021086454392,0.7833723932504654,0.27578125,0.44986793845891954,0.6010987848043442,0.03137257695198059,0.037917035073041915,0.6988373249769211,0.7567884683609009,0.0059863597154616865,0.16632988750934596,nan,0.0,0.40625,0.37391809999826364,0
21,220,7260,0.1250378787878788,2560,1.4211617767810822,0.455859375,0.7638321787118911,0.7887492030858994,0.282421875,0.4386854723095894,0.6071393549442291,0.03137257695198059,0.04028125610202551,0.703556802868843,0.7567884683609009,-0.007043710350990273,0.16632988750934596,nan,0.0,nan,0.0,0
21,240,7280,0.12428030303030302,2560,1.3869113445281982,0.476953125,0.7661862760782242,0.7827397882938385,0.273046875,0.4308293670415878,0.605966717004776,0.03137257695198059,0.039236294105648994,0.7016267389059067,0.7567884683609009,-0.009397807717323348,0.16632988750934596,nan,0.0,nan,0.0,0
21,260,7300,0.12352272727272728,2560,1.3807888627052307,0.460546875,0.7364709287881851,0.7726959377527237,0.291796875,0.44326438903808596,0.6052220940589905,0.03137257695198059,0.03619006909430027,0.6922780990600585,0.7581933081150055,0.021722379326820418,0.16632988750934596,nan,0.0,nan,0.0,0
21,280,7320,0.12276515151515151,2560,1.37276748418808,0.469921875,0.7578759998083114,0.7801203608512879,0.2734375,0.43089463114738463,0.5997760951519012,0.03137257695198059,0.03599359057843685,0.6919662386178971,0.7581933081150055,0.00031730830669407517,0.16632988750934596,nan,0.0,nan,0.0,0
21,300,7340,0.12200757575757577,2560,1.38007333278656,0.4703125,0.7542911678552627,0.7828515529632568,0.27890625,0.44211671203374864,0.5998665064573288,0.03137257695198059,0.03704693429172039,0.6974398076534272,0.7578759998083114,0.003584831953048706,0.16632988750934596,nan,0.0,0.421875,0.37332480000623036,0
21,320,7360,0.12125,2560,1.3754729330539703,0.47265625,0.7423821300268173,0.7803175777196885,0.28359375,0.444994592666626,0.5948196649551392,0.03137257695198059,0.03605071026831865,0.6926069796085358,0.7578759998083114,0.01549386978149414,0.16632988750934596,nan,0.0,nan,0.0,0
21,340,7380,0.12049242424242426,2560,1.3750527501106262,0.469140625,0.7548835426568985,0.7793459743261337,0.272265625,0.4397710844874382,0.6087748408317566,0.03137257695198059,0.03633730635046959,0.6948650985956192,0.7542911678552627,-0.0005923748016357644,0.16632988750934596,nan,0.0,nan,0.0,0
21,352,7392,0.12003787878787878,1480,1.3732702242361532,0.47635135086807046,0.7556146624925975,0.7781487654995274,0.2804054049221245,0.457664505049989,0.5908911518148474,0.03137257695198059,0.03762005255431742,0.6992832351375271,0.7542911678552627,-0.0013234946373347212,0.16632988750934596,nan,0.0,nan,0.0,0
22,20,7412,0.11928030303030304,2560,1.3260730803012848,0.491796875,0.743925878405571,0.7737960994243622,0.270703125,0.43229147493839265,0.6073243707418442,0.03137257695198059,0.034923203848302366,0.6891508817672729,0.7548835426568985,0.010957664251327492,0.16632988750934596,nan,0.0,nan,0.0,0
22,40,7432,0.11852272727272727,2560,1.3799588143825532,0.466015625,0.7551234811544418,0.7801155328750611,0.28203125,0.4521436467766762,0.5978678643703461,0.03137257695198059,0.03569588176906109,0.6942805260419845,0.7542911678552627,-0.0008323132991790994,0.16632988750934596,nan,0.0,0.390625,0.3837492000020575,0
22,60,7452,0.11776515151515153,2560,1.3471353709697724,0.4765625,0.7568586587905883,0.774874261021614,0.288671875,0.4475142121315002,0.6014381617307663,0.03137257695198059,0.03820960782468319,0.6998386800289154,0.7548835426568985,-0.001975116133689836,0.16632988750934596,nan,0.0,nan,0.0,0
22,80,7472,0.11700757575757575,2560,1.3490179181098938,0.49453125,0.757588791847229,0.7836695581674575,0.26328125,0.4428353890776634,0.5998751580715179,0.03137257695198059,0.03484037425369024,0.6896801739931107,0.7551234811544418,-0.002465310692787215,0.16632988750934596,nan,0.0,nan,0.0,0
22,100,7492,0.11625000000000002,2560,1.3481901288032532,0.483984375,0.7574020802974701,0.774904015660286,0.2734375,0.44741739630699157,0.6012844294309616,0.03137257695198059,0.03632664885371924,0.6951280564069748,0.7556146624925975,-0.0017874178048726819,0.16632988750934596,nan,0.0,nan,0.0,0
22,120,7512,0.11549242424242423,2560,1.3422443926334382,0.48359375,0.7411455512046814,0.7792835414409638,0.27734375,0.44497779160737994,0.6021620601415634,0.03137257695198059,0.034924814198166135,0.6890701323747634,0.7568586587905883,0.015713107585906938,0.16632988750934596,nan,0.0,nan,0.0,0
22,140,7532,0.1147348484848485,2560,1.3130186855793,0.494921875,0.7543013513088226,0.7786527156829834,0.283203125,0.4443782776594162,0.605469024181366,0.03137257695198059,0.03572750519961119,0.6926085650920868,0.7568586587905883,0.002557307481765747,0.16632988750934596,nan,0.0,0.4296875,0.3746285000088392,0
22,160,7552,0.11397727272727272,2560,1.3901225745677948,0.46875,0.7489254981279373,0.776770681142807,0.280859375,0.4516332969069481,0.6059473812580108,0.03137257695198059,0.038196834921836856,0.7007687896490097,0.7568586587905883,0.00793316066265104,0.16632988750934596,nan,0.0,nan,0.0,0
22,180,7572,0.11321969696969698,2560,1.3589204728603363,0.47890625,0.7612768769264221,0.7779646784067153,0.276171875,0.43113417327404024,0.6014619410037995,0.03137257695198059,0.034916401468217374,0.6890800625085831,0.7543013513088226,-0.0069755256175995095,0.16632988750934596,nan,0.0,nan,0.0,0
22,200,7592,0.11246212121212121,2560,1.3419402897357942,0.49375,0.7467322379350663,0.7757451504468917,0.27109375,0.4587002620100975,0.6057336330413818,0.03137257695198059,0.036791807133704425,0.6964419305324554,0.7543013513088226,0.00756911337375632,0.16632988750934596,nan,0.0,nan,0.0,0
22,220,7612,0.11170454545454547,2560,1.35800239443779,0.48046875,0.7546378761529923,0.7781087517738342,0.283203125,0.43023110628128053,0.6077242702245712,0.03137257695198059,0.034653809294104575,0.686403626203537,0.7489254981279373,-0.005712378025054976,0.16632988750934596,nan,0.0,nan,0.0,0
22,240,7632,0.1109469696969697,2560,1.3478842377662659,0.482421875,0.7437619984149932,0.7851785182952881,0.278125,0.4380935937166214,0.6032315790653229,0.03137257695198059,0.033978653512895106,0.6874273538589477,0.7543013513088226,0.010539352893829346,0.16632988750934596,nan,0.0,0.4375,0.37843359999533277,0
22,260,7652,0.11018939393939396,2560,1.3325441241264344,0.487890625,0.7551959991455078,0.772240599989891,0.276953125,0.44435918629169463,0.6045218348503113,0.03137257695198059,0.03836260754615069,0.6998321741819382,0.7489254981279373,-0.00627050101757054,0.16632988750934596,nan,0.0,nan,0.0,0
22,280,7672,0.10943181818181819,2560,1.3725664615631104,0.48359375,0.7434604227542877,0.7795383632183075,0.279296875,0.44985336512327195,0.6015876978635788,0.03137257695198059,0.03552896250039339,0.6922912657260895,0.7546378761529923,0.011177453398704573,0.16632988750934596,nan,0.0,nan,0.0,0
22,300,7692,0.10867424242424245,2560,1.3683135390281678,0.471875,0.7427876383066178,0.7801719903945923,0.280078125,0.43870585709810256,0.6085801631212234,0.03137257695198059,0.034883893094956875,0.6900033473968505,0.7467322379350663,0.0039445996284485085,0.16632988750934596,nan,0.0,nan,0.0,0
22,320,7712,0.10791666666666666,2560,1.362688571214676,0.484375,0.747538936138153,0.7806390255689621,0.28046875,0.44801401942968366,0.5954380244016647,0.03137257695198059,0.03642555251717568,0.6948248624801636,0.7437619984149932,-0.00377693772315979,0.16632988750934596,nan,0.0,nan,0.0,0
22,340,7732,0.10715909090909093,2560,1.35328665971756,0.48125,0.7455705493688584,0.780530822277069,0.276171875,0.43832213133573533,0.6067547082901001,0.03137257695198059,0.03576340302824974,0.6939742952585221,0.7437619984149932,-0.0018085509538651179,0.16632988750934596,nan,0.0,0.4609375,0.37499829998705536,0
22,352,7744,0.10670454545454544,1480,1.370540410119134,0.4885135133524199,0.7582500589860453,0.79006283830952,0.2513513516735386,0.44154331651893824,0.6044823137489526,0.03137257695198059,0.039131072646862754,0.7022694104426616,0.7455705493688584,-0.01267950961718689,0.16632988750934596,nan,0.0,nan,0.0,0
23,20,7764,0.1059469696969697,2560,1.2770670473575592,0.51484375,0.741235226392746,0.770958223938942,0.27734375,0.4217812269926071,0.5955761164426804,0.03137257695198059,0.03492198763415218,0.6904228061437607,0.7455705493688584,0.004335322976112388,0.16632988750934596,nan,0.0,nan,0.0,0
23,40,7784,0.10518939393939393,2560,1.2890706181526184,0.494921875,0.7270955294370651,0.7678667962551117,0.283984375,0.45820093601942063,0.5953716486692429,0.03137257695198059,0.03595330156385899,0.6932318121194839,0.7455705493688584,0.018475019931793235,0.16632988750934596,nan,0.0,nan,0.0,0
23,60,7804,0.1044318181818182,2560,1.335980522632599,0.4953125,0.7404064953327179,0.7777631342411041,0.276171875,0.45212365239858626,0.600079494714737,0.03137257695198059,0.03680277969688177,0.697660717368126,0.7455705493688584,0.0051640540361405085,0.16632988750934596,nan,0.0,nan,0.0,0
23,80,7824,0.10367424242424242,2560,1.2998594045639038,0.50546875,0.7265544444322586,0.7672926753759384,0.276953125,0.4519321620464325,0.6044511467218399,0.03137257695198059,0.040631731413304804,0.706875067949295,0.741235226392746,0.014680781960487388,0.16632988750934596,nan,0.0,0.46875,0.3705991000024369,0
23,100,7844,0.10291666666666668,2560,1.3119960188865663,0.494921875,0.7616588145494461,0.7817800134420395,0.273046875,0.4458084300160408,0.6051899164915084,0.03137257695198059,0.03553930893540382,0.6906474977731705,0.7404064953327179,-0.02125231921672821,0.16632988750934596,nan,0.0,nan,0.0,0
23,120,7864,0.10215909090909091,2560,1.324081790447235,0.487890625,0.727201583981514,0.7678010433912277,0.271875,0.4467458873987198,0.6013132899999618,0.03137257695198059,0.037100909370929004,0.6962067544460296,0.7404064953327179,0.01320491135120383,0.16632988750934596,nan,0.0,nan,0.0,0
23,140,7884,0.10140151515151517,2560,1.3309553623199464,0.49609375,0.7373903721570969,0.7738202601671219,0.267578125,0.4390420883893967,0.5981121271848678,0.03137257695198059,0.03377946643158793,0.6838692963123322,0.727201583981514,-0.010188788175582886,0.16632988750934596,nan,0.0,nan,0.0,0
23,160,7904,0.1006439393939394,2560,1.3454265356063844,0.50390625,0.7475320309400558,0.7705172419548034,0.259375,0.4487957090139389,0.6032942682504654,0.03137257695198059,0.036306504346430304,0.6934247434139251,0.7373903721570969,-0.010141658782958918,0.16632988750934596,nan,0.0,nan,0.0,0
23,180,7924,0.09988636363636366,2560,1.307393455505371,0.499609375,0.7582158416509628,0.7822596430778503,0.258203125,0.4322130188345909,0.6042887538671493,0.03137257695198059,0.03776904931291938,0.6987098336219788,0.7373903721570969,-0.020825469493865878,0.16632988750934596,nan,0.0,0.40625,0.3704647999984445,0
23,200,7944,0.09912878787878787,2560,1.2883627891540528,0.500390625,0.7410995811223984,0.7721088618040085,0.275,0.4372309699654579,0.6030549585819245,0.03137257695198059,0.03259394643828273,0.6834837585687638,0.7475320309400558,0.0064324498176574485,0.16632988750934596,nan,0.0,nan,0.0,0
23,220,7964,0.09837121212121214,2560,1.3501459240913392,0.485546875,0.7290979951620102,0.7724511653184891,0.27421875,0.45898766070604324,0.5942812740802765,0.03137257695198059,0.032996980007737875,0.6852437764406204,0.7410995811223984,0.01200158596038814,0.16632988750934596,nan,0.0,nan,0.0,0
23,240,7984,0.09761363636363636,2560,1.3246597826480866,0.479296875,0.7410708129405975,0.7755958676338196,0.29453125,0.4370899826288223,0.6058409541845322,0.03137257695198059,0.03476613033562899,0.690766516327858,0.7410995811223984,2.876818180086449e-05,0.16632988750934596,nan,0.0,nan,0.0,0
23,260,8004,0.09685606060606063,2560,1.3097389936447144,0.49609375,0.7389005661010742,0.7696102321147918,0.27421875,0.4379441633820534,0.6052542567253113,0.03137257695198059,0.03320392770692706,0.6866897583007813,0.7410995811223984,0.0021990150213241355,0.16632988750934596,nan,0.0,nan,0.0,0
23,280,8024,0.09609848484848485,2560,1.3099434196949005,0.481640625,0.7266835808753968,0.7709636896848678,0.288671875,0.45038304179906846,0.601166170835495,0.03137257695198059,0.03216781225055456,0.683704349398613,0.7410708129405975,0.014387232065200761,0.16632988750934596,nan,0.0,0.4453125,0.370797900002799,0
23,300,8044,0.09534090909090912,2560,1.2902293741703033,0.504296875,0.7404213130474091,0.77128946185112,0.271484375,0.4481146290898323,0.6093006312847138,0.03137257695198059,0.03333810493350029,0.6855529487133026,0.7389005661010742,-0.001520746946334861,0.16632988750934596,nan,0.0,nan,0.0,0
23,320,8064,0.09458333333333334,2560,1.338528048992157,0.487890625,0.7305928111076355,0.7775696039199829,0.287890625,0.46878053694963456,0.6039851158857346,0.03137257695198059,0.03385519180446863,0.686943119764328,0.7389005661010742,0.00830775499343872,0.16632988750934596,nan,0.0,nan,0.0,0
23,340,8084,0.0938257575757576,2560,1.3478840231895446,0.4859375,0.7487716287374496,0.7851144343614578,0.278515625,0.45373043417930603,0.6074739009141922,0.03137257695198059,0.03604534585028887,0.6945415824651718,0.7389005661010742,-0.009871062636375383,0.16632988750934596,nan,0.0,nan,0.0,0
23,352,8096,0.09337121212121212,1480,1.3471081192429002,0.5020270270270271,0.7477534645312541,0.7809585851591987,0.27094594570430547,0.43999441314387966,0.6034597783475308,0.03137257695198059,0.03381833661649678,0.6881997936480754,0.7389005661010742,-0.00885289843017989,0.16632988750934596,nan,0.0,nan,0.0,0
24,20,8116,0.09261363636363638,2560,1.2565958857536317,0.51796875,0.7279802173376083,0.7688890039920807,0.276953125,0.4368518337607384,0.6012132167816162,0.03137257695198059,0.034083340875804426,0.6890603303909302,0.7404213130474091,0.012441095709800787,0.16632988750934596,nan,0.0,0.453125,0.36774859999422915,0
24,40,8136,0.09185606060606061,2560,1.2948936104774476,0.50078125,0.7352006077766419,0.7710563838481903,0.28125,0.45942563116550444,0.6020646631717682,0.03137257695198059,0.032493408489972356,0.682636970281601,0.7404213130474091,0.005220705270767234,0.16632988750934596,nan,0.0,nan,0.0,0
24,60,8156,0.09109848484848487,2560,1.3113797783851624,0.495703125,0.7394349783658981,0.7682805627584457,0.283203125,0.4561755329370499,0.6012208551168442,0.03137257695198059,0.03438555831089616,0.6882104337215423,0.7352006077766419,-0.004234370589256242,0.16632988750934596,nan,0.0,nan,0.0,0
24,80,8176,0.09034090909090908,2560,1.3124995172023772,0.49375,0.7247033029794693,0.7687483668327332,0.27890625,0.4522577539086342,0.6053473323583602,0.03137257695198059,0.03287102188915014,0.6830390959978103,0.7394349783658981,0.014731675386428833,0.16632988750934596,nan,0.0,nan,0.0,0
24,100,8196,0.08958333333333335,2560,1.2564308881759643,0.51484375,0.7304102420806885,0.7700674831867218,0.26640625,0.4316297098994255,0.6049558222293854,0.03137257695198059,0.03334652753546834,0.6847904294729232,0.7352006077766419,0.004790365695953369,0.16632988750934596,nan,0.0,nan,0.0,0
24,120,8216,0.08882575757575757,2560,1.2930053770542145,0.498046875,0.7188239216804504,0.7637115687131881,0.282421875,0.4529873415827751,0.5985719263553619,0.03137257695198059,0.0329307516105473,0.6851110875606536,0.7304102420806885,0.011586320400238104,0.16632988750934596,nan,0.0,0.390625,0.37001820000295993,0
24,140,8236,0.08806818181818184,2560,1.2821300625801086,0.51015625,0.7428770065307617,0.7724264979362487,0.283203125,0.440638592839241,0.6010973781347275,0.03137257695198059,0.03483594693243504,0.6895285040140152,0.7304102420806885,-0.01246676445007322,0.16632988750934596,nan,0.0,nan,0.0,0
24,160,8256,0.08731060606060606,2560,1.2884917497634887,0.494921875,0.717141079902649,0.7643308252096176,0.2875,0.43885291218757627,0.5937252223491669,0.03137257695198059,0.03144226176664233,0.6799909830093384,0.7304102420806885,0.013269162178039529,0.16632988750934596,nan,0.0,nan,0.0,0
24,180,8276,0.08655303030303033,2560,1.304321104288101,0.49609375,0.7419413387775421,0.7594393640756607,0.283984375,0.4439155995845795,0.5999284327030182,0.03137257695198059,0.03459895513951779,0.6908202171325684,0.7247033029794693,-0.017238035798072815,0.16632988750934596,nan,0.0,nan,0.0,0
24,200,8296,0.08579545454545455,2560,1.290999186038971,0.49140625,0.7400012314319611,0.77218057513237,0.2890625,0.44347048699855807,0.6018561244010925,0.03137257695198059,0.03662603013217449,0.6958809107542038,0.7304102420806885,-0.00959098935127256,0.16632988750934596,nan,0.0,nan,0.0,0
24,220,8316,0.08503787878787882,2560,1.308782410621643,0.49609375,0.7253557354211807,0.7676096796989441,0.271875,0.45158607959747316,0.6042592555284501,0.03137257695198059,0.03688647765666246,0.6948558270931244,0.7400012314319611,0.014645496010780357,0.16632988750934596,nan,0.0,0.4296875,0.3728980000014417,0
24,240,8336,0.08428030303030304,2560,1.2683273315429688,0.5,0.7184487253427505,0.7639223903417587,0.29375,0.4533404365181923,0.6042569637298584,0.03137257695198059,0.03533107060939074,0.689665362238884,0.7400012314319611,0.021552506089210555,0.16632988750934596,nan,0.0,nan,0.0,0
24,260,8356,0.0835227272727273,2560,1.3225594937801362,0.489453125,0.717197835445404,0.7681681543588639,0.28203125,0.4604297801852226,0.602257815003395,0.03137257695198059,0.03495234288275242,0.6908203035593032,0.7253557354211807,0.00815789997577665,0.16632988750934596,nan,0.0,nan,0.0,0
24,280,8376,0.08276515151515151,2560,1.2374210238456727,0.523046875,0.7231819182634354,0.7656143397092819,0.26328125,0.4237043112516403,0.5992424219846726,0.03137257695198059,0.03566613309085369,0.6912092119455338,0.7253557354211807,0.002173817157745339,0.16632988750934596,nan,0.0,nan,0.0,0
24,300,8396,0.08200757575757578,2560,1.285239613056183,0.515625,0.7337996274232864,0.7732621699571609,0.255078125,0.4502295419573784,0.6029453486204147,0.03137257695198059,0.03611201997846365,0.6941407263278961,0.7231819182634354,-0.010617709159851052,0.16632988750934596,nan,0.0,nan,0.0,0
24,320,8416,0.08125,2560,1.2390086114406587,0.531640625,0.7249421417713166,0.7707690089941025,0.2578125,0.44224271923303604,0.5989228785037994,0.03137257695198059,0.032306034956127404,0.6830633908510209,0.7231819182634354,-0.0017602235078811868,0.16632988750934596,nan,0.0,0.3984375,0.3705076999904122,0
24,340,8436,0.08049242424242423,2560,1.2515697360038758,0.512890625,0.7193104892969131,0.7672615289688111,0.27421875,0.4559141770005226,0.6050930261611939,0.03137257695198059,0.03565237168222666,0.692295253276825,0.7231819182634354,0.003871428966522261,0.16632988750934596,nan,0.0,nan,0.0,0
24,352,8448,0.08003787878787878,1480,1.2713737893748929,0.511486487130861,0.7326870937605162,0.7705362013868383,0.2601351346518542,0.44301148443608673,0.5980873668516005,0.03137257695198059,0.03240932451712119,0.6814620920129725,0.7231819182634354,-0.009505175497080853,0.16632988750934596,nan,0.0,nan,0.0,0
25,20,8468,0.07928030303030305,2560,1.2283189654350282,0.525390625,0.7274953663349152,0.7745469629764556,0.275,0.4460750326514244,0.5989855617284775,0.03137257695198059,0.03290476370602846,0.6870281040668488,0.7249421417713166,-0.002553224563598633,0.16632988750934596,nan,0.0,nan,0.0,0
25,40,8488,0.07852272727272727,2560,1.264500379562378,0.52421875,0.7276688724756241,0.7685445278882981,0.271484375,0.43964083641767504,0.6016736537218094,0.03137257695198059,0.033799395244568584,0.6881799638271332,0.7274953663349152,-0.00017350614070887893,0.16632988750934596,nan,0.0,nan,0.0,0
25,60,8508,0.07776515151515154,2560,1.2263739705085754,0.5234375,0.719070303440094,0.7619290858507156,0.2734375,0.45047266185283663,0.6045101314783097,0.03137257695198059,0.035409969929605725,0.6909589648246766,0.7274953663349152,0.008425062894821145,0.16632988750934596,nan,0.0,0.421875,0.367550900002243,0
25,80,8528,0.07700757575757576,2560,1.2250065207481384,0.523828125,0.7156179815530777,0.7647979944944382,0.278125,0.44364301711320875,0.5994484186172485,0.03137257695198059,0.03380946554243565,0.6881834656000138,0.7274953663349152,0.01187738478183753,0.16632988750934596,nan,0.0,nan,0.0,0
25,100,8548,0.07625000000000003,2560,1.251467615365982,0.505078125,0.7127367407083511,0.7574760675430298,0.27421875,0.4461204171180725,0.601209020614624,0.03137257695198059,0.03272942258045077,0.6828362196683884,0.7274953663349152,0.014758625626564048,0.16632988750934596,nan,0.0,nan,0.0,0
25,120,8568,0.07549242424242425,2560,1.2281011819839478,0.53359375,0.726741635799408,0.7628943264484406,0.280859375,0.4489824056625366,0.6038652032613754,0.03137257695198059,0.03388016736134887,0.6864668726921082,0.719070303440094,-0.007671332359313943,0.16632988750934596,nan,0.0,nan,0.0,0
25,140,8588,0.0747348484848485,2560,1.2866978406906129,0.494921875,0.7170911371707916,0.7637170374393463,0.282421875,0.45688974261283877,0.5922200739383697,0.03137257695198059,0.03612687271088362,0.69468192756176,0.719070303440094,0.0019791662693023904,0.16632988750934596,nan,0.0,nan,0.0,0
25,160,8608,0.07397727272727272,2560,1.2389544248580933,0.51171875,0.7241978257894516,0.7608609706163406,0.285546875,0.4389400020241737,0.6020769953727723,0.03137257695198059,0.03327290741726756,0.6865206211805344,0.7170911371707916,-0.007106688618659929,0.16632988750934596,nan,0.0,0.453125,0.37310789999901317,0
25,180,8628,0.07321969696969699,2560,1.2606111526489259,0.509765625,0.7128923326730728,0.7572517573833466,0.284765625,0.4589302659034729,0.5977254390716553,0.03137257695198059,0.032864773832261565,0.6841832965612411,0.7170911371707916,0.004198804497718811,0.16632988750934596,nan,0.0,nan,0.0,0
25,200,8648,0.07246212121212121,2560,1.291606217622757,0.497265625,0.7166913986206055,0.7706880182027817,0.28125,0.4437508299946785,0.5952847957611084,0.03137257695198059,0.03295660363510251,0.6850274413824081,0.7170911371707916,0.0003997385501861572,0.16632988750934596,nan,0.0,nan,0.0,0
25,220,8668,0.07170454545454548,2560,1.3038227558135986,0.501171875,0.724727138876915,0.7726590692996979,0.27421875,0.45282739996910093,0.6020878046751023,0.03137257695198059,0.035800172947347164,0.6932509452104568,0.7170911371707916,-0.00763600170612333,0.16632988750934596,nan,0.0,nan,0.0,0
25,240,8688,0.0709469696969697,2560,1.241023850440979,0.51796875,0.7101908832788467,0.7574647456407547,0.279296875,0.43899811059236526,0.6030731350183487,0.03137257695198059,0.032245052978396416,0.6822620213031769,0.7170911371707916,0.00690025389194493,0.16632988750934596,nan,0.0,nan,0.0,0
25,260,8708,0.07018939393939393,2560,1.2400421977043152,0.53125,0.7218685030937195,0.7629048854112626,0.2625,0.45584178566932676,0.6019127100706101,0.03137257695198059,0.03422957994043827,0.6885382413864136,0.7166913986206055,-0.005177104473114036,0.16632988750934596,nan,0.0,0.46875,0.37014800000179093,0
25,280,8728,0.06943181818181819,2560,1.2550781965255737,0.5140625,0.7132818162441253,0.7573628932237625,0.26953125,0.4463726878166199,0.5968753963708877,0.03137257695198059,0.033666963968425986,0.6862850606441497,0.7166913986206055,0.003409582376480147,0.16632988750934596,nan,0.0,nan,0.0,0
25,300,8748,0.0686742424242424,2560,1.282134974002838,0.503515625,0.7123131722211837,0.7591132014989853,0.277734375,0.46023266315460204,0.5975195795297623,0.03137257695198059,0.03252806821838021,0.6830989241600036,0.7166913986206055,0.0043782263994217585,0.16632988750934596,nan,0.0,nan,0.0,0
25,320,8768,0.06791666666666667,2560,1.2520153880119325,0.516015625,0.7246146202087402,0.7654405146837234,0.2734375,0.43760429322719574,0.6063957393169404,0.03137257695198059,0.03416856229305267,0.6868182301521302,0.7132818162441253,-0.01133280396461489,0.16632988750934596,nan,0.0,nan,0.0,0
25,340,8788,0.06715909090909089,2560,1.222480410337448,0.532421875,0.7240914970636367,0.7665672451257706,0.273046875,0.4444024622440338,0.6004794001579284,0.03137257695198059,0.03343747407197952,0.6874070644378663,0.7132818162441253,-0.010809680819511391,0.16632988750934596,nan,0.0,nan,0.0,0
25,352,8800,0.06670454545454545,1480,1.2263357052931914,0.5256756756756756,0.7230386215287286,0.7709257335276217,0.2689189189189189,0.45448688929145403,0.597105966065381,0.03137257695198059,0.03025675113942172,0.6748504542015694,0.7218685030937195,-0.0011701184350090266,0.16632988750934596,nan,0.0,0.46875,0.38116140000056475,0
26,20,8820,0.06594696969696971,2560,1.2023267984390258,0.5328125,0.7222373008728027,0.7681011408567429,0.267578125,0.4369921192526817,0.5973690181970597,0.03137257695198059,0.033256296347826717,0.6857429534196854,0.7230386215287286,0.0008013206559258634,0.16632988750934596,nan,0.0,nan,0.0,0
26,40,8840,0.06518939393939394,2560,1.1685414612293243,0.550390625,0.7082180649042129,0.7522982478141784,0.274609375,0.44475011974573136,0.592659392952919,0.03137257695198059,0.03139290949329734,0.6795361936092377,0.7230386215287286,0.014820556624515646,0.16632988750934596,nan,0.0,nan,0.0,0
26,60,8860,0.0644318181818182,2560,1.2124584496021271,0.52890625,0.719356369972229,0.7563877284526825,0.27890625,0.45654245018959044,0.6019469141960144,0.03137257695198059,0.033349623717367646,0.6850463598966599,0.7230386215287286,0.003682251556499594,0.16632988750934596,nan,0.0,nan,0.0,0
26,80,8880,0.06367424242424242,2560,1.2136070609092713,0.534375,0.6919203788042069,0.7546707361936569,0.272265625,0.4634908318519592,0.6072919398546219,0.03137257695198059,0.033349461015313865,0.6846784472465515,0.7222373008728027,0.03031692206859582,0.16632988750934596,nan,0.0,nan,0.0,0
26,100,8900,0.06291666666666669,2560,1.1982598304748535,0.53125,0.709325236082077,0.7639389246702194,0.272265625,0.4411404624581337,0.6019364923238755,0.03137257695198059,0.03281402476131916,0.6844669669866562,0.719356369972229,0.010031133890151978,0.16632988750934596,nan,0.0,0.453125,0.3730255999980727,0
26,120,8920,0.062159090909090914,2560,1.216318315267563,0.525,0.696786493062973,0.7515800714492797,0.277734375,0.4608488067984581,0.5982854396104813,0.03137257695198059,0.031809122487902644,0.6801844775676728,0.709325236082077,0.01253874301910396,0.16632988750934596,nan,0.0,nan,0.0,0
26,140,8940,0.06140151515151518,2560,1.1838033974170685,0.55078125,0.7274850636720658,0.765895101428032,0.2578125,0.4380757689476013,0.6005001276731491,0.03137257695198059,0.03192532835528254,0.6795999825000762,0.7082180649042129,-0.019266998767852872,0.16632988750934596,nan,0.0,nan,0.0,0
26,160,8960,0.060643939393939396,2560,1.2060650289058685,0.529296875,0.7009783565998078,0.7501681178808213,0.273046875,0.45240038484334943,0.5959593683481217,0.03137257695198059,0.03490614676848054,0.6905083894729614,0.709325236082077,0.008346879482269198,0.16632988750934596,nan,0.0,nan,0.0,0
26,180,8980,0.05988636363636362,2560,1.2191230297088622,0.525,0.7002696841955185,0.7598163813352585,0.27421875,0.4492297485470772,0.5982232600450516,0.03137257695198059,0.03200859082862735,0.6808586269617081,0.7009783565998078,0.00070867240428929,0.16632988750934596,nan,0.0,nan,0.0,0
26,200,9000,0.059128787878787885,2560,1.186744487285614,0.54140625,0.7206677943468094,0.7609451502561569,0.26953125,0.4414003625512123,0.5972081750631333,0.03137257695198059,0.033564655017107724,0.6868975937366486,0.7009783565998078,-0.019689437747001604,0.16632988750934596,nan,0.0,0.4609375,0.3728207000094699,0
26,220,9020,0.0583712121212121,2560,1.1840832352638244,0.5390625,0.69913709461689,0.7560568630695343,0.278125,0.4472657412290573,0.6027677088975907,0.03137257695198059,0.03115459093824029,0.6772955656051636,0.7009783565998078,0.0018412619829177856,0.16632988750934596,nan,0.0,nan,0.0,0
26,240,9040,0.05761363636363637,2560,1.2103897154331207,0.541015625,0.683660238981247,0.7547093898057937,0.260546875,0.4561141312122345,0.5906626611948014,0.03137257695198059,0.031279653683304785,0.6804633796215057,0.7009783565998078,0.017318117618560835,0.16632988750934596,nan,0.0,nan,0.0,0
26,260,9060,0.05685606060606059,2560,1.1941956102848053,0.52890625,0.7032340288162231,0.7640495419502258,0.287890625,0.4430243268609047,0.6033130854368209,0.03137257695198059,0.031108676083385946,0.6762580454349518,0.7002696841955185,-0.0029643446207046065,0.16632988750934596,nan,0.0,nan,0.0,0
26,280,9080,0.056098484848484856,2560,1.246718269586563,0.522265625,0.7129963338375092,0.7494405239820481,0.2625,0.45593015253543856,0.6014064937829972,0.03137257695198059,0.03256339896470308,0.6827797621488572,0.7002696841955185,-0.012726649641990662,0.16632988750934596,nan,0.0,nan,0.0,0
26,300,9100,0.05534090909090908,2560,1.1874001383781434,0.5515625,0.7027736902236938,0.75359206199646,0.2640625,0.445879240334034,0.5988706111907959,0.03137257695198059,0.032626593858003615,0.6830594539642334,0.7032340288162231,0.00046033859252925247,0.16632988750934596,nan,0.0,0.453125,0.3718659000005573,0
26,320,9120,0.054583333333333345,2560,1.224301129579544,0.53515625,0.7003579497337341,0.7571163386106491,0.274609375,0.4500486746430397,0.5923436641693115,0.03137257695198059,0.03386799851432443,0.6871897339820862,0.7027736902236938,0.002415740489959739,0.16632988750934596,nan,0.0,nan,0.0,0
26,340,9140,0.05382575757575756,2560,1.1985974788665772,0.53125,0.6988434135913849,0.7613008111715317,0.277734375,0.4468159511685371,0.6046360164880753,0.03137257695198059,0.03115262845531106,0.6765530109405518,0.7027736902236938,0.003930276632308938,0.16632988750934596,nan,0.0,nan,0.0,0
26,352,9152,0.053371212121212125,1480,1.2275761623640318,0.515540539896166,0.6942176255019935,0.7587950313413465,0.2790540541346009,0.4561871475464589,0.5944461490656878,0.03137257695198059,0.03254527761726766,0.6829185228090029,0.7027736902236938,0.00855606472170034,0.16632988750934596,nan,0.0,nan,0.0,0
27,20,9172,0.05261363636363639,2560,1.165112030506134,0.548046875,0.721271950006485,0.7635635614395142,0.265625,0.4205063313245773,0.6002938747406006,0.03137257695198059,0.032142520882189274,0.6796203434467316,0.7003579497337341,-0.02091400027275092,0.16632988750934596,nan,0.0,nan,0.0,0
27,40,9192,0.05185606060606061,2560,1.1415421962738037,0.5578125,0.6847445517778397,0.7469483911991119,0.25703125,0.43944387286901476,0.593884938955307,0.03137257695198059,0.03221295913681388,0.6814995169639587,0.7003579497337341,0.015613397955894448,0.16632988750934596,nan,0.0,0.453125,0.38441290000628214,0
27,60,9212,0.05109848484848483,2560,1.1833150207996368,0.5234375,0.7077825874090194,0.761826467514038,0.300390625,0.4617068752646446,0.6010481685400009,0.03137257695198059,0.03340269643813372,0.6857540071010589,0.6988434135913849,-0.008939173817634538,0.16632988750934596,nan,0.0,nan,0.0,0
27,80,9232,0.050340909090909096,2560,1.1942283511161804,0.5328125,0.6978308320045471,0.7485799312591552,0.288671875,0.44612023830413816,0.5947565913200379,0.03137257695198059,0.03212609523907304,0.6821409702301026,0.6988434135913849,0.001012581586837813,0.16632988750934596,nan,0.0,nan,0.0,0
27,100,9252,0.04958333333333331,2560,1.1344460189342498,0.550390625,0.6983166307210922,0.7445917963981629,0.278515625,0.4362411186099052,0.6010906368494033,0.03137257695198059,0.034166079573333265,0.6880472123622894,0.6978308320045471,-0.0004857987165450828,0.16632988750934596,nan,0.0,nan,0.0,0
27,120,9272,0.04882575757575758,2560,1.143969577550888,0.55,0.7010613560676575,0.7554477870464325,0.26875,0.4416194424033165,0.5920416653156281,0.03137257695198059,0.03340788362547755,0.6854760378599167,0.6983166307210922,-0.0027447253465653354,0.16632988750934596,nan,0.0,nan,0.0,0
27,140,9292,0.0480681818181818,2560,1.1941480100154878,0.53125,0.675395929813385,0.7505456537008286,0.27890625,0.46915681660175323,0.6015400171279908,0.03137257695198059,0.03233208544552326,0.6843022912740707,0.6983166307210922,0.022920700907707148,0.16632988750934596,nan,0.0,0.4765625,0.37979449999693315,0
27,160,9312,0.04731060606060607,2560,1.1372215807437898,0.56796875,0.6990767627954483,0.7503013879060745,0.2609375,0.42903740257024764,0.600166967511177,0.03137257695198059,0.030763652361929416,0.6766074925661087,0.6983166307210922,-0.0007601320743561013,0.16632988750934596,nan,0.0,nan,0.0,0
27,180,9332,0.04655303030303029,2560,1.1278823971748353,0.5765625,0.6926503121852875,0.7488568782806396,0.24140625,0.42935709059238436,0.5991042017936706,0.03137257695198059,0.030532385502010585,0.6769171088933945,0.6983166307210922,0.005666318535804682,0.16632988750934596,nan,0.0,nan,0.0,0
27,200,9352,0.045795454545454556,2560,1.15951726436615,0.548828125,0.6893345028162002,0.7502770960330963,0.265234375,0.4551789566874504,0.5957107812166214,0.03137257695198059,0.031265100743621585,0.6782027244567871,0.6983166307210922,0.008982127904891946,0.16632988750934596,nan,0.0,nan,0.0,0
27,220,9372,0.04503787878787877,2560,1.1435765743255615,0.554296875,0.7026258528232574,0.752205166220665,0.26796875,0.4373610407114029,0.6028310328722,0.03137257695198059,0.030733345448970793,0.6768716752529145,0.6926503121852875,-0.009975540637969904,0.16632988750934596,nan,0.0,nan,0.0,0
27,240,9392,0.04428030303030304,2560,1.1531055927276612,0.549609375,0.6877130478620529,0.7527037560939789,0.276953125,0.4458268105983734,0.5996148645877838,0.03137257695198059,0.032631384395062926,0.6827568858861923,0.6926503121852875,0.0049372643232346025,0.16632988750934596,nan,0.0,0.4609375,0.37749519999488257,0
27,260,9412,0.04352272727272726,2560,1.1178875803947448,0.56796875,0.6844709634780883,0.7368693232536316,0.265625,0.43590958416461945,0.598184734582901,0.03137257695198059,0.031266684643924236,0.6765847712755203,0.6926503121852875,0.008179348707199163,0.16632988750934596,nan,0.0,nan,0.0,0
27,280,9432,0.04276515151515153,2560,1.1509125530719757,0.546875,0.677765741944313,0.7454909205436706,0.28125,0.45823018103837965,0.6027092099189758,0.03137257695198059,0.03095690133050084,0.6773353904485703,0.6893345028162002,0.011568760871887185,0.16632988750934596,nan,0.0,nan,0.0,0
27,300,9452,0.042007575757575744,2560,1.128586906194687,0.5671875,0.7071330428123475,0.7563984155654907,0.249609375,0.440036503970623,0.5977773249149323,0.03137257695198059,0.030559546872973443,0.672302657365799,0.6877130478620529,-0.01941999495029456,0.16632988750934596,nan,0.0,nan,0.0,0
27,320,9472,0.04125000000000001,2560,1.1478946924209594,0.54765625,0.6806879669427872,0.7460366755723953,0.269921875,0.4536767199635506,0.5964580804109574,0.03137257695198059,0.0328449048101902,0.6822455018758774,0.6877130478620529,0.0070250809192656805,0.16632988750934596,nan,0.0,nan,0.0,0
27,340,9492,0.04049242424242423,2560,1.1417235016822815,0.551953125,0.692595049738884,0.7511476069688797,0.28515625,0.43958962708711624,0.5953247249126434,0.03137257695198059,0.03326561469584703,0.6859916985034943,0.6844709634780883,-0.008124086260795638,0.16632988750934596,nan,0.0,0.5,0.3746785999974236,0
27,352,9504,0.04003787878787879,1480,1.1485299606580992,0.5479729723285984,0.6868294158497372,0.7536885219651299,0.26486486470377124,0.4391817975688625,0.5913605193834047,0.03137257695198059,0.033640581147896274,0.6871082673201689,0.6844709634780883,-0.002358452371648889,0.16632988750934596,nan,0.0,nan,0.0,0
28,20,9524,0.03928030303030301,2560,1.1015787899494172,0.56484375,0.6918024390935897,0.7444394618272782,0.275,0.4409209296107292,0.5959477990865707,0.03137257695198059,0.03283215379342437,0.684861347079277,0.6868294158497372,-0.004973023243852515,0.16632988750934596,nan,0.0,nan,0.0,0
28,40,9544,0.03852272727272728,2560,1.0827935189008713,0.570703125,0.6941477537155152,0.7530154168605805,0.28203125,0.4323797166347504,0.5955378383398056,0.03137257695198059,0.0326654433272779,0.6836541563272476,0.6918024390935897,-0.002345314621925443,0.16632988750934596,nan,0.0,nan,0.0,0
28,60,9564,0.0377651515151515,2560,1.0772055208683013,0.5734375,0.6640936106443405,0.7365675777196884,0.27890625,0.4369970500469208,0.5955162227153779,0.03137257695198059,0.031712690368294716,0.6787616640329361,0.6918024390935897,0.027708828449249268,0.16632988750934596,nan,0.0,nan,0.0,0
28,80,9584,0.03700757575757576,2560,1.0947981834411622,0.561328125,0.6823010385036469,0.7403141260147095,0.279296875,0.4423140585422516,0.5919784724712371,0.03137257695198059,0.03251864491030574,0.6835849642753601,0.6918024390935897,0.009501400589942866,0.16632988750934596,nan,0.0,0.515625,0.3727778999891598,0
28,100,9604,0.036249999999999984,2560,1.1028746008872985,0.563671875,0.6765338987112045,0.7406055688858032,0.258203125,0.4361129730939865,0.5948122829198838,0.03137257695198059,0.03177858861163259,0.6805035978555679,0.6868294158497372,0.010295517138532717,0.16632988750934596,nan,0.0,nan,0.0,0
28,120,9624,0.03549242424242425,2560,1.1032801479101182,0.5640625,0.6877294719219208,0.7422255367040634,0.28125,0.4557397127151489,0.5995951622724534,0.03137257695198059,0.0306525113992393,0.6759443998336792,0.6823010385036469,-0.005428433418273926,0.16632988750934596,nan,0.0,nan,0.0,0
28,140,9644,0.03473484848484847,2560,1.1206458389759064,0.565625,0.669083696603775,0.7432570368051529,0.26171875,0.4398160338401794,0.5951488763093948,0.03137257695198059,0.028669998981058598,0.6699565917253494,0.6823010385036469,0.013217341899871893,0.16632988750934596,nan,0.0,nan,0.0,0
28,160,9664,0.03397727272727274,2560,1.0756333827972413,0.58671875,0.6867485195398331,0.7425846338272095,0.259765625,0.433292655646801,0.6044393062591553,0.03137257695198059,0.029594668839126825,0.6733453840017318,0.6765338987112045,-0.010214620828628562,0.16632988750934596,nan,0.0,nan,0.0,0
28,180,9684,0.033219696969696955,2560,1.0633201330900193,0.580859375,0.6843049883842468,0.7407084375619888,0.25390625,0.4276693657040596,0.5978168606758117,0.03137257695198059,0.03171497480943799,0.6806565344333648,0.6823010385036469,-0.002003949880599931,0.16632988750934596,nan,0.0,0.484375,0.3705770999949891,0
28,200,9704,0.03246212121212122,2560,1.1183756917715073,0.562890625,0.6645582526922226,0.7391023218631745,0.269140625,0.45783604979515075,0.5953796565532684,0.03137257695198059,0.03173258360475302,0.6783803880214692,0.6843049883842468,0.01974673569202423,0.16632988750934596,nan,0.0,nan,0.0,0
28,220,9724,0.031704545454545444,2560,1.102523037791252,0.562890625,0.6706846505403519,0.7344539761543274,0.270703125,0.42909846752882,0.5987784266471863,0.03137257695198059,0.030385394860059024,0.6740782111883163,0.6843049883842468,0.013620337843894936,0.16632988750934596,nan,0.0,nan,0.0,0
28,240,9744,0.03094696969696971,2560,1.0883119851350784,0.55859375,0.6701124221086502,0.7462881922721862,0.27265625,0.43376227766275405,0.6019313961267472,0.03137257695198059,0.0308176483027637,0.6762583166360855,0.6706846505403519,0.0005722284317016824,0.16632988750934596,nan,0.0,nan,0.0,0
28,260,9764,0.03018939393939393,2560,1.0759842187166213,0.580859375,0.6602673619985581,0.7321822106838226,0.266796875,0.44361319690942763,0.5903310418128968,0.03137257695198059,0.03139639711007476,0.6787228405475616,0.6706846505403519,0.010417288541793801,0.16632988750934596,nan,0.0,nan,0.0,0
28,280,9784,0.029431818181818194,2560,1.1035090804100036,0.569921875,0.650997206568718,0.7366372644901276,0.262890625,0.4602372795343399,0.5950247645378113,0.03137257695198059,0.031049298774451017,0.6760495096445084,0.6701124221086502,0.01911521553993223,0.16632988750934596,nan,0.0,0.5625,0.3738984999945387,0
28,300,9804,0.028674242424242415,2560,1.086557000875473,0.584765625,0.673163914680481,0.7365731805562973,0.262109375,0.4368567392230034,0.5940426111221313,0.03137257695198059,0.03138982821255922,0.6777351319789886,0.6645582526922226,-0.008605661988258406,0.16632988750934596,nan,0.0,nan,0.0,0
28,320,9824,0.02791666666666668,2560,1.0607252359390258,0.58671875,0.6821935176849365,0.7399372309446335,0.256640625,0.431774827837944,0.6027421534061432,0.03137257695198059,0.03157406384125352,0.6787851721048355,0.6701124221086502,-0.012081095576286338,0.16632988750934596,nan,0.0,nan,0.0,0
28,340,9844,0.0271590909090909,2560,1.0879881054162979,0.573046875,0.6754099279642105,0.7364937037229538,0.26484375,0.4415426954627037,0.5995350033044815,0.03137257695198059,0.03375471429899335,0.6863388568162918,0.6701124221086502,-0.005297505855560325,0.16632988750934596,nan,0.0,nan,0.0,0
28,352,9856,0.02670454545454546,1480,1.0728974355233682,0.579729728763168,0.67617322818653,0.7452051845756738,0.27972972924644884,0.4496424128880372,0.6008886076308585,0.03137257695198059,0.03287451814960789,0.6828892211656312,0.673163914680481,-0.0030093135060490495,0.16632988750934596,nan,0.0,nan,0.0,0
29,20,9876,0.02594696969696968,2560,1.0210614025592804,0.583984375,0.6859790444374084,0.7402800440788269,0.27109375,0.41455549746751785,0.5895541042089463,0.03137257695198059,0.029612561315298082,0.6728714585304261,0.6754099279642105,-0.010569116473197915,0.16632988750934596,nan,0.0,0.4921875,0.36870430000999477,0
29,40,9896,0.025189393939393945,2560,1.0229210078716278,0.601171875,0.6768635660409927,0.7292559534311295,0.25,0.4306710258126259,0.5973781794309616,0.03137257695198059,0.02892760168761015,0.67010398209095,0.67617322818653,-0.0006903378544627081,0.16632988750934596,nan,0.0,nan,0.0,0
29,60,9916,0.024431818181818166,2560,1.050174930691719,0.605078125,0.6732452929019928,0.7406808376312256,0.24453125,0.44150699079036715,0.5999552607536316,0.03137257695198059,0.031308614928275344,0.6776193499565124,0.6768635660409927,0.0036182731389999834,0.16632988750934596,nan,0.0,nan,0.0,0
29,80,9936,0.02367424242424243,2560,1.0312443137168885,0.59296875,0.6565679103136063,0.73137386739254,0.251953125,0.43364398628473283,0.5992377191781998,0.03137257695198059,0.03052325462922454,0.6752524822950363,0.67617322818653,0.019605317872923744,0.16632988750934596,nan,0.0,nan,0.0,0
29,100,9956,0.022916666666666655,2560,1.0216567248106003,0.592578125,0.6739929288625717,0.7427453607320785,0.256640625,0.4297325611114502,0.5927234828472138,0.03137257695198059,0.031142680253833533,0.6758796364068985,0.67617322818653,0.002180299323958357,0.16632988750934596,nan,0.0,nan,0.0,0
29,120,9976,0.02215909090909092,2560,1.0188236504793167,0.59609375,0.6642487406730652,0.7292886346578598,0.256640625,0.43946422040462496,0.5943321406841278,0.03137257695198059,0.030385513324290514,0.6736244887113572,0.6739929288625717,0.009744188189506509,0.16632988750934596,nan,0.0,0.53125,0.3683963999937987,0
29,140,9996,0.02140151515151514,2560,1.00849130153656,0.603125,0.6600889176130295,0.7351275324821472,0.2578125,0.43559724986553194,0.6029954522848129,0.03137257695198059,0.030330318305641413,0.6750410735607147,0.6732452929019928,0.013156375288963296,0.16632988750934596,nan,0.0,nan,0.0,0
29,160,10016,0.020643939393939405,2560,1.0373124182224274,0.587109375,0.6459172248840332,0.7231158167123795,0.26640625,0.4455385610461235,0.5936751246452332,0.03137257695198059,0.03046102011576295,0.6743290990591049,0.6642487406730652,0.018331515789031916,0.16632988750934596,nan,0.0,nan,0.0,0
29,180,10036,0.019886363636363626,2560,1.0155108213424682,0.594921875,0.675379091501236,0.7359243035316467,0.266015625,0.42922332137823105,0.5940408289432526,0.03137257695198059,0.030806189216673375,0.677331268787384,0.6600889176130295,-0.015290173888206526,0.16632988750934596,nan,0.0,nan,0.0,0
29,200,10056,0.01912878787878789,2560,1.0143408805131913,0.596875,0.6558411538600921,0.7199989467859268,0.250390625,0.43675425052642824,0.5983965694904327,0.03137257695198059,0.0300959968008101,0.6733950614929199,0.6642487406730652,0.008407586812973045,0.16632988750934596,nan,0.0,nan,0.0,0
29,220,10076,0.01837121212121211,2560,1.0213420242071152,0.595703125,0.6534789562225342,0.7391554713249207,0.25703125,0.43439554125070573,0.6023555964231491,0.03137257695198059,0.02974443193525076,0.6724632054567337,0.6600889176130295,0.0066099613904953,0.16632988750934596,nan,0.0,0.5,0.3727634999959264,0
29,240,10096,0.017613636363636376,2560,1.0246982157230378,0.587890625,0.6729243099689484,0.7351698786020279,0.271484375,0.4380771264433861,0.5989895015954971,0.03137257695198059,0.030045047961175443,0.6731662720441818,0.6558411538600921,-0.017083156108856246,0.16632988750934596,nan,0.0,nan,0.0,0
29,260,10116,0.016856060606060597,2560,1.0095845252275466,0.5859375,0.6381913781166076,0.7237330317497254,0.26796875,0.43932888060808184,0.5961977899074554,0.03137257695198059,0.029444864206016063,0.6715451061725617,0.6558411538600921,0.017649775743484475,0.16632988750934596,nan,0.0,nan,0.0,0
29,280,10136,0.016098484848484862,2560,0.9846603304147721,0.6171875,0.671938294172287,0.7368245661258698,0.256640625,0.41749358773231504,0.5932050257921219,0.03137257695198059,0.030235058907419444,0.6745767086744309,0.6558411538600921,-0.01609714031219489,0.16632988750934596,nan,0.0,nan,0.0,0
29,300,10156,0.015340909090909084,2560,1.0183147728443145,0.60234375,0.635985255241394,0.7211762964725494,0.251953125,0.42903768867254255,0.5902848750352859,0.03137257695198059,0.029856185615062713,0.6735745310783386,0.6558411538600921,0.019855898618698076,0.16632988750934596,nan,0.0,nan,0.0,0
29,320,10176,0.01458333333333335,2560,1.025431951880455,0.595703125,0.6543762952089309,0.7247159510850907,0.26171875,0.43584674000740053,0.5927046716213227,0.03137257695198059,0.030496552493423222,0.674111059308052,0.6534789562225342,-0.0008973389863967673,0.16632988750934596,nan,0.0,0.515625,0.3717717000108678,0
29,340,10196,0.01382575757575757,2560,0.9816868007183075,0.598828125,0.657075947523117,0.7297664821147919,0.26328125,0.426431742310524,0.5978065669536591,0.03137257695198059,0.030488526914268732,0.6744954377412796,0.6543762952089309,-0.0026996523141861184,0.16632988750934596,nan,0.0,nan,0.0,0
29,352,10208,0.01337121212121213,1480,0.9960252027253846,0.6108108124217472,0.6481499961904578,0.7261538631207234,0.24594594594594596,0.4377359931533401,0.5962288128363119,0.03137257695198059,0.030752772435143187,0.6746035031370214,0.6543762952089309,0.006226299018473158,0.16632988750934596,nan,0.0,nan,0.0,0
30,20,10228,0.01261363636363635,2560,0.9833262801170349,0.608203125,0.656111428141594,0.7316730707883835,0.252734375,0.41427801698446276,0.5952101558446884,0.03137257695198059,0.030466470029205085,0.676216134428978,0.6543762952089309,-0.0017351329326630305,0.16632988750934596,nan,0.0,nan,0.0,0
30,40,10248,0.011856060606060615,2560,0.929462343454361,0.634765625,0.657435554265976,0.7236259669065476,0.240234375,0.40488786399364474,0.591205233335495,0.03137257695198059,0.02997814491391182,0.6726875334978104,0.6543762952089309,-0.0030592590570450717,0.16632988750934596,nan,0.0,nan,0.0,0
30,60,10268,0.011098484848484837,2560,0.951818311214447,0.612109375,0.6463116139173508,0.7191005825996399,0.2546875,0.42266665697097777,0.599322783946991,0.03137257695198059,0.028668208792805672,0.6680005818605423,0.656111428141594,0.009799814224243142,0.16632988750934596,nan,0.0,0.4921875,0.3667758999945363,0
30,80,10288,0.010340909090909102,2560,0.9307386219501496,0.6234375,0.6689783751964569,0.7361596643924713,0.26171875,0.40874417275190356,0.5917564541101455,0.03137257695198059,0.030015548039227725,0.6724560678005218,0.656111428141594,-0.01286694705486291,0.16632988750934596,nan,0.0,nan,0.0,0
30,100,10308,0.009583333333333322,2560,0.9565711140632629,0.6234375,0.6408583253622055,0.717839452624321,0.244921875,0.4197773814201355,0.593966057896614,0.03137257695198059,0.03052245397120714,0.6759312272071838,0.656111428141594,0.015253102779388406,0.16632988750934596,nan,0.0,nan,0.0,0
30,120,10328,0.008825757575757587,2560,0.9009383291006088,0.633984375,0.6505000978708267,0.7235195368528367,0.239453125,0.39298534393310547,0.5928712457418441,0.03137257695198059,0.030977233964949846,0.6755663573741912,0.656111428141594,0.005611330270767212,0.16632988750934596,nan,0.0,nan,0.0,0
30,140,10348,0.008068181818181808,2560,0.942796140909195,0.626171875,0.6405348896980285,0.7203706324100494,0.24375,0.4195098400115967,0.6016703456640243,0.03137257695198059,0.030259604379534722,0.6731877624988556,0.6505000978708267,0.009965208172798223,0.16632988750934596,nan,0.0,nan,0.0,0
30,160,10368,0.007310606060606073,2560,0.9238035649061203,0.624609375,0.6436970621347428,0.725325420498848,0.245703125,0.40769670307636263,0.5958440393209458,0.03137257695198059,0.029798384476453065,0.67373685836792,0.6463116139173508,0.0026145517826080544,0.16632988750934596,nan,0.0,0.53125,0.3723143999959575,0
30,180,10388,0.006553030303030294,2560,0.925451985001564,0.63046875,0.6495842516422272,0.721224358677864,0.246484375,0.4086447492241859,0.5952424556016922,0.03137257695198059,0.02995100598782301,0.6735989302396774,0.6436970621347428,-0.005887189507484458,0.16632988750934596,nan,0.0,nan,0.0,0
30,200,10408,0.005795454545454559,2560,0.9465588003396987,0.617578125,0.6632163971662521,0.7336063593626022,0.262109375,0.4250090539455414,0.5891995966434479,0.03137257695198059,0.029448864236474036,0.6716112047433853,0.6436970621347428,-0.019519335031509377,0.16632988750934596,nan,0.0,nan,0.0,0
30,220,10428,0.00503787878787878,2560,0.9164844244718552,0.638671875,0.6481679201126098,0.7165671199560165,0.2484375,0.41117205172777177,0.597324013710022,0.03137257695198059,0.029330806434154512,0.6708607614040375,0.6495842516422272,0.0014163315296173984,0.16632988750934596,nan,0.0,nan,0.0,0
30,240,10448,0.004280303030303046,2560,0.9302916198968887,0.629296875,0.6494685649871826,0.7153267085552215,0.244921875,0.4105333209037781,0.5850670069456101,0.03137257695198059,0.02875148495659232,0.6698624283075333,0.6481679201126098,-0.0013006448745728205,0.16632988750934596,nan,0.0,nan,0.0,0
30,260,10468,0.0035227272727272664,2560,0.9088900357484817,0.639453125,0.639940881729126,0.7182558923959732,0.238671875,0.4049734711647034,0.5959114223718643,0.03137257695198059,0.028972067032009365,0.6694727569818497,0.6494685649871826,0.00952768325805664,0.16632988750934596,nan,0.0,0.5234375,0.37370369999553077,0
30,280,10488,0.0027651515151515317,2560,0.8850815206766128,0.65703125,0.6408976465463638,0.7132292598485946,0.22578125,0.39588060677051545,0.6043964594602584,0.03137257695198059,0.028850127570331098,0.6700866490602493,0.6494685649871826,0.008570918440818809,0.16632988750934596,nan,0.0,nan,0.0,0
30,300,10508,0.0020075757575757527,2560,0.9144397377967834,0.63671875,0.6278599888086319,0.7147580683231354,0.23515625,0.4083060443401337,0.5956810206174851,0.03137257695198059,0.028852342534810303,0.6697216540575027,0.6481679201126098,0.0203079313039779,0.16632988750934596,nan,0.0,nan,0.0,0
30,320,10528,0.0012500000000000178,2560,0.9282859414815903,0.63984375,0.6173416674137115,0.7043454676866532,0.23671875,0.41865739077329633,0.5901205867528916,0.03137257695198059,0.0288084433414042,0.6694858789443969,0.6408976465463638,0.023555979132652283,0.16632988750934596,nan,0.0,nan,0.0,0
30,340,10548,0.0004924242424242387,2560,0.8900473147630692,0.6453125,0.6505836486816406,0.7253856897354126,0.23828125,0.4000948995351791,0.5966926783323288,0.03137257695198059,0.028964709024876356,0.6693891406059265,0.639940881729126,-0.010642766952514648,0.16632988750934596,nan,0.0,nan,0.0,0
30,352,10560,3.787878787879784e-05,1480,0.8928839135814357,0.6493243243243243,0.6440027948972341,0.7132715837375537,0.2324324328351665,0.3970685082512933,0.5944993814906558,0.03137257695198059,0.029400013739595544,0.67239360358264,0.639940881729126,-0.004061913168108111,0.16632988750934596,nan,0.0,0.546875,0.3783268999977736,0
