epoch,batch,global_step,lr,window_samples,train_adv_loss,train_adv_acc,free_gradient_cosine,free_gradient_sign_agreement,free_prediction_disagreement,free_attack_loss_gain,free_boundary_fraction,free_delta_linf,control_gradient_participation_ratio,control_gradient_entropy,detector_baseline,detector_score,detector_threshold,detector_pgd10_acc,detector_seconds,observer_pgd10_acc,observer_pgd10_seconds,intervention_triggered
1,20,20,0.0010795454545454546,2560,2.894062042236328,0.0,0.023704009037464856,0.4999168589711189,0.42734375,0.5911054939031601,0.9162208765745163,0.03137257695198059,0.2502940960228443,0.8862719297409057,nan,nan,0.16632988750934596,nan,0.0,nan,0.0,0
1,40,40,0.002215909090909091,2560,2.6615150451660154,0.001171875,0.07173062479123474,0.5132656306028366,0.301953125,0.4364558145403862,0.91535404920578,0.03137257695198059,0.2401338167488575,0.8830688506364822,nan,nan,0.16632988750934596,nan,0.0,nan,0.0,0
1,60,60,0.0033522727272727276,2560,2.38579740524292,0.044140625,0.285866529494524,0.5687441736459732,0.237109375,0.1950436919927597,0.9146600306034088,0.03137257695198059,0.20833332985639572,0.86959008872509,nan,nan,0.16632988750934596,nan,0.0,nan,0.0,0
1,80,80,0.004488636363636363,2560,2.2706137895584106,0.1296875,0.5699047118425369,0.6457576930522919,0.214453125,0.11492572464048863,0.9130851954221726,0.03137257695198059,0.15762415602803231,0.8348969578742981,0.07173062479123474,-0.4981740870513022,0.16632988750934596,nan,0.0,nan,0.0,0
1,100,100,0.005625,2560,2.228795576095581,0.14609375,0.6981276631355285,0.6942821711301803,0.210546875,0.11522929780185223,0.9154323846101761,0.03137257695198059,0.1383970260620117,0.8165350556373596,0.1787985771428794,-0.5193290859926492,0.16632988750934596,nan,0.0,nan,0.0,0
1,120,120,0.006761363636363636,2560,2.1980518341064452,0.175390625,0.7603411942720413,0.7247841119766235,0.23203125,0.13520291075110435,0.914607647061348,0.03137257695198059,0.11996074728667735,0.7992171049118042,0.285866529494524,-0.47447466477751726,0.16632988750934596,nan,0.0,nan,0.0,0
1,140,140,0.007897727272727272,2560,2.1869169235229493,0.169140625,0.8000941157341004,0.7395758509635926,0.187109375,0.12988566607236862,0.9167909175157547,0.03137257695198059,0.10378328077495098,0.7783304452896118,0.5699047118425369,-0.2301894038915635,0.16632988750934596,nan,0.0,nan,0.0,0
1,160,160,0.009034090909090908,2560,2.169406604766846,0.187109375,0.8354126632213592,0.7630097895860672,0.180859375,0.13002686873078345,0.913277068734169,0.03137257695198059,0.09864516854286194,0.7744046062231064,0.6981276631355285,-0.13728500008583067,0.16632988750934596,nan,0.0,nan,0.0,0
1,180,180,0.010170454545454547,2560,2.1558382987976072,0.18671875,0.8449476510286331,0.7777781367301941,0.203125,0.15725382417440414,0.913611364364624,0.03137257695198059,0.09556510634720325,0.7697100758552551,0.7603411942720413,-0.08460645675659184,0.16632988750934596,nan,0.0,nan,0.0,0
1,200,200,0.011306818181818182,2560,2.121732234954834,0.202734375,0.865460991859436,0.7932037532329559,0.195703125,0.17989952936768533,0.9146432489156723,0.03137257695198059,0.08832696601748466,0.7623201906681061,0.8000941157341004,-0.06536687612533565,0.16632988750934596,nan,0.0,nan,0.0,0
1,220,220,0.012443181818181819,2560,2.0920517444610596,0.207421875,0.8745658725500107,0.8074883997440339,0.185546875,0.19031294211745262,0.9136210352182388,0.03137257695198059,0.08786960653960704,0.7666877061128616,0.8354126632213592,-0.03915320932865152,0.16632988750934596,nan,0.0,nan,0.0,0
1,240,240,0.013579545454545454,2560,2.0828014731407167,0.205859375,0.8708503663539886,0.8134314447641373,0.209375,0.2023928038775921,0.9149729609489441,0.03137257695198059,0.08364507593214512,0.7631280660629273,0.8449476510286331,-0.025902715325355485,0.16632988750934596,nan,0.0,nan,0.0,0
1,260,260,0.014715909090909089,2560,2.079159450531006,0.21484375,0.8952341347932815,0.8303650110960007,0.221484375,0.1938033528625965,0.9127103358507156,0.03137257695198059,0.07993077971041203,0.7545919358730316,0.865460991859436,-0.029773142933845476,0.16632988750934596,nan,0.0,nan,0.0,0
1,280,280,0.015852272727272725,2560,2.082795429229736,0.20390625,0.8927902221679688,0.8327956110239029,0.21484375,0.21250049844384195,0.9185273677110672,0.03137257695198059,0.08223239406943321,0.7638629138469696,0.8708503663539886,-0.02193985581398017,0.16632988750934596,nan,0.0,nan,0.0,0
1,300,300,0.016988636363636362,2560,2.0563806295394897,0.22578125,0.8844224333763122,0.8271536707878113,0.19609375,0.20789634957909583,0.9163331538438797,0.03137257695198059,0.07785751782357693,0.7553285598754883,0.8745658725500107,-0.009856560826301486,0.16632988750934596,nan,0.0,nan,0.0,0
1,320,320,0.018125,2560,2.062692928314209,0.23203125,0.8945707827806473,0.83078233897686,0.2,0.22331200093030928,0.916753152012825,0.03137257695198059,0.07136152423918248,0.7461849689483643,0.8844224333763122,-0.010148349404335066,0.16632988750934596,nan,0.0,nan,0.0,0
1,340,340,0.019261363636363635,2560,2.014003801345825,0.239453125,0.8936045557260514,0.8323092341423035,0.2046875,0.23514858558773993,0.9166117519140243,0.03137257695198059,0.07078001052141189,0.7468266397714615,0.8927902221679688,-0.0008143335580825806,0.16632988750934596,nan,0.0,nan,0.0,0
1,352,352,0.019943181818181818,1480,2.0471616203720506,0.22567567599786295,0.8924826795990403,0.8317794274639438,0.23040540556649905,0.22368260283727903,0.9196067143130947,0.03137257695198059,0.07116777546502448,0.7477404739405658,0.8936045557260514,0.00112187612701109,0.16632988750934596,nan,0.0,nan,0.0,0
2,20,372,0.021079545454545455,2560,1.9812445163726806,0.263671875,0.8860390961170197,0.8290669947862626,0.20703125,0.22628577500581742,0.9209104090929031,0.03137257695198059,0.07347304970026017,0.7502893686294556,0.8927902221679688,0.0067511260509490745,0.16632988750934596,nan,0.0,nan,0.0,0
2,40,392,0.022215909090909088,2560,2.015985345840454,0.232421875,0.88795685172081,0.8335370630025863,0.21640625,0.2557221308350563,0.9212239772081375,0.03137257695198059,0.07766692414879799,0.7608137160539628,0.8924826795990403,0.004525827878230304,0.16632988750934596,nan,0.0,nan,0.0,0
2,60,412,0.023352272727272725,2560,2.003670358657837,0.233984375,0.8932371139526367,0.8304563075304031,0.22421875,0.24810717329382898,0.9218406945466995,0.03137257695198059,0.06641719918698072,0.7412112772464752,0.8924826795990403,-0.0007544343535964559,0.16632988750934596,nan,0.0,nan,0.0,0
2,80,432,0.024488636363636365,2560,2.018076705932617,0.227734375,0.8972352176904679,0.8386075526475907,0.22421875,0.24854749962687492,0.9187481135129929,0.03137257695198059,0.06931062266230584,0.7494585990905762,0.8924826795990403,-0.004752538091427616,0.16632988750934596,nan,0.0,nan,0.0,0
2,100,452,0.025625,2560,2.001203680038452,0.22578125,0.8984897911548615,0.8437491297721863,0.233203125,0.24475735127925874,0.9187196314334869,0.03137257695198059,0.06874305363744497,0.7480616748332978,0.8924826795990403,-0.006007111555821232,0.16632988750934596,nan,0.0,nan,0.0,0
2,120,472,0.026761363636363635,2560,1.9906251430511475,0.23671875,0.8974635660648346,0.8366118371486664,0.2296875,0.24368042945861818,0.923441082239151,0.03137257695198059,0.06414242535829544,0.7351988971233367,0.8932371139526367,-0.004226452112197854,0.16632988750934596,nan,0.0,nan,0.0,0
2,140,492,0.027897727272727272,2560,1.9936663627624511,0.246875,0.9010326951742172,0.8431162685155869,0.218359375,0.25269627198576927,0.9199118494987488,0.03137257695198059,0.06794044971466065,0.7471386134624481,0.8972352176904679,-0.0037974774837493674,0.16632988750934596,nan,0.0,nan,0.0,0
2,160,512,0.02903409090909091,2560,2.0063148021697996,0.23046875,0.9001617878675461,0.8423576533794404,0.212890625,0.2507785387337208,0.9216316491365433,0.03137257695198059,0.06431864276528358,0.736539626121521,0.8974635660648346,-0.002698221802711509,0.16632988750934596,nan,0.0,nan,0.0,0
2,180,532,0.030170454545454545,2560,1.9800253868103028,0.24921875,0.9029472231864929,0.8437381893396377,0.223828125,0.26890423968434335,0.9195961207151413,0.03137257695198059,0.06995884329080582,0.7513330429792404,0.8984897911548615,-0.004457432031631403,0.16632988750934596,nan,0.0,nan,0.0,0
2,200,552,0.03130681818181818,2560,1.9896543502807618,0.24609375,0.9100455492734909,0.8469899654388428,0.185546875,0.24533620104193687,0.9172331720590592,0.03137257695198059,0.06527457553893327,0.7409366577863693,0.9001617878675461,-0.009883761405944824,0.16632988750934596,nan,0.0,nan,0.0,0
2,220,572,0.032443181818181815,2560,1.9687346935272216,0.266015625,0.9055622935295105,0.8493784815073013,0.2015625,0.2648156598210335,0.9172926813364028,0.03137257695198059,0.06382366213947535,0.7419574558734894,0.9010326951742172,-0.004529598355293207,0.16632988750934596,nan,0.0,nan,0.0,0
2,240,592,0.03357954545454545,2560,1.9756362438201904,0.25625,0.9027281433343888,0.8489605188369751,0.228125,0.2658300243318081,0.9175054103136062,0.03137257695198059,0.06733415964990855,0.745918157696724,0.9029472231864929,0.0002190798521041204,0.16632988750934596,nan,0.0,nan,0.0,0
2,260,612,0.03471590909090909,2560,1.991232419013977,0.233203125,0.9090629875659942,0.8480304896831512,0.205078125,0.266260776668787,0.9213658779859543,0.03137257695198059,0.06527533456683159,0.739570701122284,0.9029472231864929,-0.006115764379501343,0.16632988750934596,nan,0.0,nan,0.0,0
2,280,632,0.035852272727272726,2560,1.957062876224518,0.266015625,0.8988233268260956,0.844602856040001,0.212109375,0.27833368480205534,0.9194301843643189,0.03137257695198059,0.06229797974228859,0.7389683276414871,0.9055622935295105,0.006738966703414895,0.16632988750934596,nan,0.0,nan,0.0,0
2,300,652,0.03698863636363636,2560,1.957565176486969,0.25625,0.9018445372581482,0.8488771051168442,0.22890625,0.2830487176775932,0.9219683527946472,0.03137257695198059,0.06416757144033909,0.7397337466478348,0.9055622935295105,0.0037177562713622825,0.16632988750934596,nan,0.0,nan,0.0,0
2,320,672,0.038125,2560,1.9708111882209778,0.256640625,0.9028482466936112,0.8433742761611939,0.220703125,0.26724744513630866,0.9189152032136917,0.03137257695198059,0.059943321719765665,0.7337276875972748,0.9027281433343888,-0.00012010335922241211,0.16632988750934596,nan,0.0,nan,0.0,0
2,340,692,0.03926136363636363,2560,1.936231756210327,0.26796875,0.9034784585237503,0.8505540400743484,0.204296875,0.27645057886838914,0.921757024526596,0.03137257695198059,0.06464042291045188,0.7445628196001053,0.9027281433343888,-0.0007503151893615279,0.16632988750934596,nan,0.0,nan,0.0,0
2,352,704,0.039943181818181815,1480,2.0115186530190545,0.24729729794167182,0.9063776135444641,0.8450439697987324,0.21216216224270898,0.2854219385095545,0.9186534685057562,0.03137257695198059,0.061897476943763526,0.7364303704854605,0.9028482466936112,-0.003529366850852922,0.16632988750934596,nan,0.0,nan,0.0,0
3,20,724,0.04107954545454545,2560,1.955373477935791,0.261328125,0.9044839143753052,0.8450288325548172,0.203515625,0.27359248548746107,0.9220179438591003,0.03137257695198059,0.056763479672372344,0.7248354911804199,0.9028482466936112,-0.0016356676816939864,0.16632988750934596,nan,0.0,nan,0.0,0
3,40,744,0.04221590909090909,2560,1.9647356510162353,0.255078125,0.9031109690666199,0.8457367151975632,0.215625,0.2878787651658058,0.9157769709825516,0.03137257695198059,0.06122563276439905,0.7387631684541702,0.9034784585237503,0.0003674894571303877,0.16632988750934596,nan,0.0,nan,0.0,0
3,60,764,0.043352272727272725,2560,1.9598175525665282,0.2609375,0.903108361363411,0.8460927605628967,0.232421875,0.2917533352971077,0.9228949427604676,0.03137257695198059,0.06090301889926195,0.7383501023054123,0.9034784585237503,0.00037009716033931106,0.16632988750934596,nan,0.0,nan,0.0,0
3,80,784,0.04448863636363636,2560,1.9327927708625794,0.26171875,0.9066221565008163,0.8512817591428756,0.198828125,0.283366496860981,0.9199318140745163,0.03137257695198059,0.06000284664332867,0.7342708766460418,0.9034784585237503,-0.00314369797706604,0.16632988750934596,nan,0.0,nan,0.0,0
3,100,804,0.04562499999999999,2560,1.9274181604385376,0.272265625,0.8984914928674698,0.8445551753044128,0.2109375,0.2857218995690346,0.9239219814538956,0.03137257695198059,0.06147059015929699,0.7401699453592301,0.9044839143753052,0.00599242150783541,0.16632988750934596,nan,0.0,nan,0.0,0
3,120,824,0.046761363636363636,2560,1.9221333980560302,0.26015625,0.8995986759662629,0.8439315974712371,0.225,0.2928950175642967,0.9223479181528091,0.03137257695198059,0.05727502591907978,0.7299724221229553,0.9031109690666199,0.0035122931003570557,0.16632988750934596,nan,0.0,nan,0.0,0
3,140,844,0.04789772727272727,2560,1.8735246658325195,0.29140625,0.9041933387517929,0.8473298579454422,0.21796875,0.2802849501371384,0.9200838953256607,0.03137257695198059,0.055211246386170386,0.7251002073287964,0.903108361363411,-0.0010849773883818692,0.16632988750934596,nan,0.0,nan,0.0,0
3,160,864,0.04903409090909091,2560,1.9460546016693114,0.276171875,0.9025615304708481,0.8501117885112762,0.22109375,0.3030543804168701,0.9223709255456924,0.03137257695198059,0.06180582381784916,0.7389280200004578,0.903108361363411,0.0005468308925629106,0.16632988750934596,nan,0.0,nan,0.0,0
3,180,884,0.050170454545454546,2560,1.914261245727539,0.272265625,0.8956380128860474,0.8475828915834427,0.223828125,0.28172561526298523,0.9191941797733307,0.03137257695198059,0.05331011153757572,0.7227443307638168,0.9025615304708481,0.006923517584800698,0.16632988750934596,nan,0.0,nan,0.0,0
3,200,904,0.05130681818181818,2560,1.9209043979644775,0.28671875,0.892009761929512,0.8457676142454147,0.2296875,0.29084370881319044,0.922966918349266,0.03137257695198059,0.05620554219931364,0.729505968093872,0.8995986759662629,0.007588914036750882,0.16632988750934596,nan,0.0,nan,0.0,0
3,220,924,0.05244318181818181,2560,1.9022546768188477,0.2765625,0.8995489627122879,0.8455445855855942,0.240625,0.3062875375151634,0.9189192682504654,0.03137257695198059,0.05770715549588203,0.7314657390117645,0.8995986759662629,4.971325397495896e-05,0.16632988750934596,nan,0.0,nan,0.0,0
3,240,944,0.05357954545454545,2560,1.8917437553405763,0.283984375,0.8995945781469346,0.8450430750846862,0.230859375,0.30102301612496374,0.9184375911951065,0.03137257695198059,0.05692825857549906,0.7309639066457748,0.8995489627122879,-4.5615434646650854e-05,0.16632988750934596,nan,0.0,nan,0.0,0
3,260,964,0.054715909090909086,2560,1.8774319648742677,0.28515625,0.8882149457931519,0.8388001948595047,0.242578125,0.3166287556290627,0.918628203868866,0.03137257695198059,0.05976108852773905,0.7373747557401658,0.8995489627122879,0.011334016919136047,0.16632988750934596,nan,0.0,nan,0.0,0
3,280,984,0.05585227272727273,2560,1.887176513671875,0.284765625,0.9011285454034805,0.8471878290176391,0.240234375,0.31196548491716386,0.92058285176754,0.03137257695198059,0.05884201303124428,0.7358755618333817,0.8956380128860474,-0.005490532517433144,0.16632988750934596,nan,0.0,nan,0.0,0
3,300,1004,0.056988636363636366,2560,1.8268597602844239,0.309765625,0.8970254838466645,0.8440769433975219,0.246484375,0.3156792908906937,0.9178662836551666,0.03137257695198059,0.06228250563144684,0.7410303056240082,0.8995489627122879,0.0025234788656234297,0.16632988750934596,nan,0.0,nan,0.0,0
3,320,1024,0.058124999999999996,2560,1.9128031253814697,0.275390625,0.8995189994573594,0.8444440454244614,0.237890625,0.3158335998654366,0.9154988795518875,0.03137257695198059,0.06063034348189831,0.7390001118183136,0.8995489627122879,2.9963254928544458e-05,0.16632988750934596,nan,0.0,nan,0.0,0
3,340,1044,0.05926136363636363,2560,1.8941426992416381,0.28125,0.8908100008964539,0.8421071588993072,0.23203125,0.30335596948862076,0.9229095697402954,0.03137257695198059,0.056139530055224894,0.730739825963974,0.8995189994573594,0.008708998560905457,0.16632988750934596,nan,0.0,nan,0.0,0
3,352,1056,0.05994318181818181,1480,1.8755964929993088,0.29662162113834073,0.8975015446946427,0.8440588277739447,0.2567567565956631,0.31585858721990845,0.9206987432531408,0.03137257695198059,0.05763616366563617,0.7340129971504211,0.8970254838466645,-0.00047606084797824355,0.16632988750934596,nan,0.0,nan,0.0,0
4,20,1076,0.061079545454545456,2560,1.844589638710022,0.28671875,0.8942055374383926,0.8438203394412994,0.261328125,0.3268938332796097,0.9196104913949966,0.03137257695198059,0.058349842205643654,0.7358349353075028,0.8975015446946427,0.003296007256250122,0.16632988750934596,nan,0.0,nan,0.0,0
4,40,1096,0.06221590909090909,2560,1.8872018098831176,0.2875,0.8892556697130203,0.8383461207151413,0.228125,0.31306484043598176,0.9238023310899734,0.03137257695198059,0.05525449812412262,0.7304025173187256,0.8970254838466645,0.007769814133644193,0.16632988750934596,nan,0.0,nan,0.0,0
4,60,1116,0.06335227272727273,2560,1.8619905233383178,0.287890625,0.8914808630943298,0.8419362664222717,0.22734375,0.3158262655138969,0.9213142573833466,0.03137257695198059,0.05905416440218687,0.738043662905693,0.8942055374383926,0.0027246743440627608,0.16632988750934596,nan,0.0,nan,0.0,0
4,80,1136,0.06448863636363636,2560,1.849109160900116,0.297265625,0.8932634383440018,0.8425144404172897,0.254296875,0.3266565203666687,0.9190422266721725,0.03137257695198059,0.05700732134282589,0.7331652998924255,0.8914808630943298,-0.0017825752496719582,0.16632988750934596,nan,0.0,nan,0.0,0
4,100,1156,0.065625,2560,1.8794291019439697,0.2796875,0.890099236369133,0.8428037226200104,0.259375,0.3343567907810211,0.9180417656898499,0.03137257695198059,0.05895613320171833,0.7396916091442108,0.8932634383440018,0.0031642019748687744,0.16632988750934596,nan,0.0,nan,0.0,0
4,120,1176,0.06676136363636363,2560,1.8506160259246827,0.304296875,0.891906613111496,0.839713054895401,0.235546875,0.32012185603380205,0.9180161893367768,0.03137257695198059,0.05017970390617847,0.7177056699991227,0.8914808630943298,-0.0004257500171661599,0.16632988750934596,nan,0.0,nan,0.0,0
4,140,1196,0.06789772727272726,2560,1.8078959703445434,0.31015625,0.8895787239074707,0.8396446526050567,0.240625,0.32078268826007844,0.9176663905382156,0.03137257695198059,0.05443954169750213,0.7274253696203232,0.8914808630943298,0.0019021391868591087,0.16632988750934596,nan,0.0,nan,0.0,0
4,160,1216,0.0690340909090909,2560,1.8340693712234497,0.29765625,0.8854457110166549,0.8409370601177215,0.236328125,0.3340270444750786,0.9169553309679032,0.03137257695198059,0.05982861574739218,0.7384126484394073,0.8914808630943298,0.00603515207767491,0.16632988750934596,nan,0.0,nan,0.0,0
4,180,1236,0.07017045454545454,2560,1.822053074836731,0.3125,0.8919657409191132,0.8437216609716416,0.25703125,0.3463012263178825,0.9195476710796356,0.03137257695198059,0.055330950766801834,0.7309853196144104,0.890099236369133,-0.0018665045499801636,0.16632988750934596,nan,0.0,nan,0.0,0
4,200,1256,0.07130681818181818,2560,1.8278821468353272,0.309375,0.885997188091278,0.841962194442749,0.26171875,0.3287145346403122,0.9163274377584457,0.03137257695198059,0.05593508314341307,0.7319889664649963,0.890099236369133,0.004102048277854986,0.16632988750934596,nan,0.0,nan,0.0,0
4,220,1276,0.07244318181818182,2560,1.8368070900440217,0.312109375,0.8899754077196121,0.8439455896615982,0.2453125,0.3439813137054443,0.9178914576768875,0.03137257695198059,0.057936489768326285,0.7358765870332717,0.8895787239074707,-0.00039668381214141846,0.16632988750934596,nan,0.0,nan,0.0,0
4,240,1296,0.07357954545454545,2560,1.7934319019317626,0.30078125,0.8774523377418518,0.8376402705907822,0.267578125,0.3350049093365669,0.9200240015983582,0.03137257695198059,0.05789477080106735,0.7369250655174255,0.8895787239074707,0.012126386165618896,0.16632988750934596,nan,0.0,nan,0.0,0
4,260,1316,0.07471590909090908,2560,1.7971845865249634,0.32265625,0.8840582817792892,0.842105507850647,0.25625,0.34041240215301516,0.9150283962488175,0.03137257695198059,0.05688530318439007,0.7331250518560409,0.885997188091278,0.0019389063119887862,0.16632988750934596,nan,0.0,nan,0.0,0
4,280,1336,0.07585227272727273,2560,1.8073923587799072,0.31171875,0.8801368594169616,0.8351669490337372,0.2296875,0.34649619162082673,0.9206059992313385,0.03137257695198059,0.05558564253151417,0.7336994528770446,0.885997188091278,0.005860328674316406,0.16632988750934596,nan,0.0,nan,0.0,0
4,300,1356,0.07698863636363637,2560,1.807880735397339,0.3234375,0.8740396142005921,0.8349033504724502,0.2203125,0.33000643402338026,0.9158425837755203,0.03137257695198059,0.056672042794525625,0.7364406108856201,0.8840582817792892,0.010018667578697182,0.16632988750934596,nan,0.0,nan,0.0,0
4,320,1376,0.078125,2560,1.7926877617836,0.32578125,0.8757584154605865,0.830274349451065,0.245703125,0.353199402987957,0.9175903499126434,0.03137257695198059,0.05427842680364847,0.7296239048242569,0.8801368594169616,0.0043784439563751,0.16632988750934596,nan,0.0,nan,0.0,0
4,340,1396,0.07926136363636364,2560,1.7857298374176025,0.318359375,0.8850560039281845,0.8378845393657685,0.2671875,0.34631912857294084,0.9177232295274734,0.03137257695198059,0.056560910865664484,0.7343223720788956,0.8774523377418518,-0.00760366618633268,0.16632988750934596,nan,0.0,nan,0.0,0
4,352,1408,0.07994318181818182,1480,1.7882869514259132,0.32162162170216846,0.8798145358626906,0.8344834537119479,0.2716216213799812,0.35679448859111684,0.9154923941638019,0.03137257695198059,0.05510947617727357,0.7319060618812974,0.8801368594169616,0.0003223235542709757,0.16632988750934596,nan,0.0,nan,0.0,0
5,20,1428,0.08107954545454545,2560,1.7654788494110107,0.33125,0.8877433657646179,0.8417214930057526,0.24609375,0.3458241060376167,0.9169750392436982,0.03137257695198059,0.05445863492786884,0.7323732793331146,0.8798145358626906,-0.007928829901927226,0.16632988750934596,nan,0.0,nan,0.0,0
5,40,1448,0.08221590909090909,2560,1.7877597570419312,0.312890625,0.879677551984787,0.8361970454454422,0.25859375,0.34958410561084746,0.9163765162229538,0.03137257695198059,0.05599239319562912,0.7328349620103836,0.8798145358626906,0.0001369838779036181,0.16632988750934596,nan,0.0,nan,0.0,0
5,60,1468,0.08335227272727272,2560,1.770757019519806,0.318359375,0.8807790488004684,0.8317023128271103,0.257421875,0.3345351696014404,0.9183408319950104,0.03137257695198059,0.05455417167395353,0.7296351194381714,0.8798145358626906,-0.0009645129377777728,0.16632988750934596,nan,0.0,nan,0.0,0
5,80,1488,0.08448863636363636,2560,1.8116066098213195,0.2953125,0.8776000171899796,0.8374430567026139,0.283203125,0.3713586270809174,0.9155091851949692,0.03137257695198059,0.05868672486394644,0.7396141678094864,0.8807790488004684,0.003179031610488825,0.16632988750934596,nan,0.0,nan,0.0,0
5,100,1508,0.08562499999999999,2560,1.7973348140716552,0.312109375,0.8774113327264785,0.838368883728981,0.263671875,0.34093516916036604,0.9163391292095184,0.03137257695198059,0.05898537058383226,0.7408278614282608,0.8798145358626906,0.0024032031362121176,0.16632988750934596,nan,0.0,nan,0.0,0
5,120,1528,0.08676136363636362,2560,1.759054183959961,0.320703125,0.8726485997438431,0.8348762691020966,0.290234375,0.36378009170293807,0.914474880695343,0.03137257695198059,0.052707213722169396,0.7263807475566864,0.879677551984787,0.007028952240943909,0.16632988750934596,nan,0.0,nan,0.0,0
5,140,1548,0.08789772727272727,2560,1.7983031630516053,0.31015625,0.8749554872512817,0.8296303033828736,0.247265625,0.3583210170269012,0.9196131616830826,0.03137257695198059,0.062192996591329576,0.7457361608743668,0.8776000171899796,0.0026445299386979038,0.16632988750934596,nan,0.0,nan,0.0,0
5,160,1568,0.0890340909090909,2560,1.7631531357765198,0.33203125,0.8697628945112228,0.8314708918333054,0.275390625,0.37112860530614855,0.91701420545578,0.03137257695198059,0.05923711340874434,0.7392391592264176,0.8774113327264785,0.007648438215255737,0.16632988750934596,nan,0.0,nan,0.0,0
5,180,1588,0.09017045454545455,2560,1.7647436618804933,0.329296875,0.8735415458679199,0.8290799707174301,0.27109375,0.3432492733001709,0.9176438808441162,0.03137257695198059,0.05869932770729065,0.7401662200689316,0.8749554872512817,0.0014139413833618164,0.16632988750934596,nan,0.0,nan,0.0,0
5,200,1608,0.09130681818181818,2560,1.7424498498439789,0.3375,0.8691780596971512,0.830468264222145,0.254296875,0.3788967177271843,0.9180880457162857,0.03137257695198059,0.0559146361425519,0.7349430799484253,0.8735415458679199,0.004363486170768649,0.16632988750934596,nan,0.0,nan,0.0,0
5,220,1628,0.09244318181818183,2560,1.7464392542839051,0.346875,0.8713113844394684,0.830572658777237,0.249609375,0.3571653082966805,0.9145903378725052,0.03137257695198059,0.056337677501142026,0.7365022420883178,0.8726485997438431,0.0013372153043746948,0.16632988750934596,nan,0.0,nan,0.0,0
5,240,1648,0.09357954545454546,2560,1.7578740239143371,0.319921875,0.8706681668758393,0.8312417566776276,0.265625,0.3527983918786049,0.9189930140972138,0.03137257695198059,0.0527946911752224,0.7273363977670669,0.8713113844394684,0.0006432175636291726,0.16632988750934596,nan,0.0,nan,0.0,0
5,260,1668,0.09471590909090909,2560,1.7339045345783233,0.3390625,0.8663859069347382,0.8253204524517059,0.28828125,0.36555648446083067,0.9168278008699418,0.03137257695198059,0.05399182364344597,0.7323317170143128,0.8706681668758393,0.004282259941101096,0.16632988750934596,nan,0.0,nan,0.0,0
5,280,1688,0.09585227272727273,2560,1.7503503262996674,0.352734375,0.8614416927099228,0.8277507930994034,0.253125,0.3713051676750183,0.9144709438085556,0.03137257695198059,0.05463791973888874,0.7325405538082123,0.8706681668758393,0.009226474165916487,0.16632988750934596,nan,0.0,nan,0.0,0
5,300,1708,0.09698863636363636,2560,1.7568232417106628,0.32421875,0.8687938094139099,0.8304079860448838,0.273828125,0.37448970377445223,0.9114340722560883,0.03137257695198059,0.05551898628473282,0.7327982217073441,0.8691780596971512,0.0003842502832412942,0.16632988750934596,nan,0.0,nan,0.0,0
5,320,1728,0.098125,2560,1.7528436779975891,0.33671875,0.8735202699899673,0.8325507074594498,0.263671875,0.3556064009666443,0.9162264734506607,0.03137257695198059,0.05507070086896419,0.7315276771783829,0.8687938094139099,-0.004726460576057412,0.16632988750934596,nan,0.0,nan,0.0,0
5,340,1748,0.09926136363636363,2560,1.732501482963562,0.333984375,0.8637462228536605,0.8263844907283783,0.2921875,0.38053179532289505,0.9158732295036316,0.03137257695198059,0.0588581133633852,0.7416353672742844,0.8687938094139099,0.005047586560249395,0.16632988750934596,nan,0.0,nan,0.0,0
5,352,1760,0.0999431818181818,1480,1.7418486917341078,0.34256756837303576,0.8751920345667247,0.8310245752334595,0.26756756788975483,0.3649756842368358,0.9202808560551824,0.03137257695198059,0.056228478192477616,0.736267069545952,0.8663859069347382,-0.008806127631986516,0.16632988750934596,nan,0.0,nan,0.0,0
6,20,1780,0.10107954545454545,2560,1.7140812695026397,0.3515625,0.8567701578140259,0.820684066414833,0.2625,0.38721254765987395,0.9149596095085144,0.03137257695198059,0.05601942017674446,0.7353890806436538,0.8687938094139099,0.012023651599884055,0.16632988750934596,nan,0.0,nan,0.0,0
6,40,1800,0.10221590909090908,2560,1.7148911595344543,0.344921875,0.8656137853860855,0.8229318141937256,0.2609375,0.3686545893549919,0.9164154231548309,0.03137257695198059,0.05664991773664951,0.7363029599189759,0.8687938094139099,0.0031800240278244685,0.16632988750934596,nan,0.0,nan,0.0,0
6,60,1820,0.10335227272727272,2560,1.7218457877635955,0.344921875,0.8561534583568573,0.8240825831890106,0.277734375,0.3990440249443054,0.9171210169792176,0.03137257695198059,0.05566616263240576,0.735588812828064,0.8656137853860855,0.009460327029228166,0.16632988750934596,nan,0.0,nan,0.0,0
6,80,1840,0.10448863636363635,2560,1.7160646498203278,0.358203125,0.8640636593103409,0.8216967463493348,0.25859375,0.38214895129203796,0.9138552427291871,0.03137257695198059,0.05599312782287598,0.7353262335062027,0.8637462228536605,-0.00031743645668036446,0.16632988750934596,nan,0.0,nan,0.0,0
6,100,1860,0.10562500000000001,2560,1.6987183570861817,0.35390625,0.8609281092882156,0.8268546044826508,0.271875,0.3806807637214661,0.9140713006258011,0.03137257695198059,0.05341828092932701,0.7322024554014206,0.8640636593103409,0.0031355500221252885,0.16632988750934596,nan,0.0,nan,0.0,0
6,120,1880,0.10676136363636364,2560,1.6843114137649535,0.3546875,0.8616688668727874,0.82226742208004,0.27421875,0.3738099932670593,0.9166046351194381,0.03137257695198059,0.05905609186738729,0.7401748567819595,0.8609281092882156,-0.0007407575845718162,0.16632988750934596,nan,0.0,nan,0.0,0
6,140,1900,0.10789772727272727,2560,1.723276436328888,0.344921875,0.8564540475606919,0.822563573718071,0.282421875,0.38513871729373933,0.9145116358995438,0.03137257695198059,0.05445794556289911,0.7338028907775879,0.8616688668727874,0.005214819312095553,0.16632988750934596,nan,0.0,nan,0.0,0
6,160,1920,0.10903409090909091,2560,1.7145021855831146,0.323046875,0.8659258633852005,0.827474108338356,0.286328125,0.37025012671947477,0.912027895450592,0.03137257695198059,0.050707561522722246,0.7249925971031189,0.8609281092882156,-0.0049977540969848855,0.16632988750934596,nan,0.0,nan,0.0,0
6,180,1940,0.11017045454545454,2560,1.7381728529930114,0.328515625,0.8667311698198319,0.8280240625143052,0.266796875,0.38068008720874785,0.9158814936876297,0.03137257695198059,0.06003369595855475,0.7432235389947891,0.8616688668727874,-0.005062302947044461,0.16632988750934596,nan,0.0,nan,0.0,0
6,200,1960,0.11130681818181819,2560,1.7197960317134857,0.3484375,0.8632519483566284,0.824541112780571,0.2703125,0.36717371046543124,0.9167391687631607,0.03137257695198059,0.05112471673637629,0.7252866894006729,0.8616688668727874,-0.001583081483841009,0.16632988750934596,nan,0.0,nan,0.0,0
6,220,1980,0.11244318181818182,2560,1.6775327146053314,0.34140625,0.8550165623426438,0.8237327814102173,0.29453125,0.38969883769750596,0.9126533657312393,0.03137257695198059,0.053091309033334255,0.731593856215477,0.8632519483566284,0.008235386013984658,0.16632988750934596,nan,0.0,nan,0.0,0
6,240,2000,0.11357954545454545,2560,1.742075353860855,0.334375,0.8662436097860337,0.82614506483078,0.278515625,0.3789840191602707,0.9169091701507568,0.03137257695198059,0.05228646285831928,0.7274940490722657,0.8632519483566284,-0.0029916614294052124,0.16632988750934596,nan,0.0,nan,0.0,0
6,260,2020,0.11471590909090909,2560,1.7057173371315002,0.348046875,0.8525733232498169,0.8228458613157272,0.276953125,0.3825830787420273,0.9116892665624619,0.03137257695198059,0.05737127009779215,0.7393138498067856,0.8659258633852005,0.013352540135383562,0.16632988750934596,nan,0.0,nan,0.0,0
6,280,2040,0.11585227272727272,2560,1.7288883745670318,0.34765625,0.8555045127868652,0.8232418268918991,0.279296875,0.38226241767406466,0.9152959406375885,0.03137257695198059,0.05389266069978475,0.732760164141655,0.8632519483566284,0.007747435569763206,0.16632988750934596,nan,0.0,nan,0.0,0
6,300,2060,0.11698863636363635,2560,1.685093915462494,0.349609375,0.8568705558776856,0.8206980556249619,0.28828125,0.3704129919409752,0.9140126794576645,0.03137257695198059,0.051420073583722116,0.7275279074907303,0.8555045127868652,-0.0013660430908203347,0.16632988750934596,nan,0.0,nan,0.0,0
6,320,2080,0.118125,2560,1.6989932537078858,0.34765625,0.8504835039377212,0.8162225365638733,0.285546875,0.38077026009559634,0.9092108637094498,0.03137257695198059,0.05505550783127546,0.73420270383358,0.8555045127868652,0.005021008849144026,0.16632988750934596,nan,0.0,nan,0.0,0
6,340,2100,0.11926136363636362,2560,1.6810303449630737,0.35703125,0.8499283462762832,0.8188273340463639,0.273828125,0.3996357128024101,0.9163729548454285,0.03137257695198059,0.05260868798941374,0.731299102306366,0.8555045127868652,0.005576166510582015,0.16632988750934596,nan,0.0,nan,0.0,0
6,352,2112,0.11994318181818181,1480,1.7082025289535523,0.3506756753534884,0.8583919225512324,0.8197208572078396,0.2655405407016342,0.37073675055761596,0.9141685353743063,0.03137257695198059,0.049119083180620866,0.7195957293381562,0.8525733232498169,-0.0058185993014154835,0.16632988750934596,nan,0.0,nan,0.0,0
7,20,2132,0.12107954545454545,2560,1.693798702955246,0.353515625,0.8475433856248855,0.8166393518447876,0.28359375,0.3886545479297638,0.9145410180091857,0.03137257695198059,0.052514168061316015,0.7286961644887924,0.8555045127868652,0.00796112716197972,0.16632988750934596,nan,0.0,nan,0.0,0
7,40,2152,0.1222159090909091,2560,1.6592711806297302,0.36328125,0.8469405710697174,0.8191715449094772,0.28671875,0.38386945575475695,0.9106093347072601,0.03137257695198059,0.055070580542087556,0.7344224900007248,0.8504835039377212,0.0035429328680037786,0.16632988750934596,nan,0.0,nan,0.0,0
7,60,2172,0.12335227272727273,2560,1.6715043425559997,0.35234375,0.8543567270040512,0.8217979609966278,0.279296875,0.3755290061235428,0.9097496211528778,0.03137257695198059,0.05364115610718727,0.733028456568718,0.8499283462762832,-0.0044283807277679665,0.16632988750934596,nan,0.0,nan,0.0,0
7,80,2192,0.12448863636363636,2560,1.6640648365020752,0.35546875,0.8492087900638581,0.8182373285293579,0.283203125,0.38484917879104613,0.9127054989337922,0.03137257695198059,0.048230858892202376,0.7216420531272888,0.8499283462762832,0.0007195562124251431,0.16632988750934596,nan,0.0,nan,0.0,0
7,100,2212,0.125625,2560,1.652911651134491,0.373828125,0.8473527818918228,0.8197021663188935,0.2890625,0.4043624058365822,0.9117948114871979,0.03137257695198059,0.0521273510530591,0.7291278183460236,0.8492087900638581,0.0018560081720352395,0.16632988750934596,nan,0.0,nan,0.0,0
7,120,2232,0.12676136363636364,2560,1.6601316332817078,0.36328125,0.8424887269735336,0.8182168543338776,0.27578125,0.3838775634765625,0.9097878962755204,0.03137257695198059,0.048005663231015204,0.7189482599496841,0.8475433856248855,0.0050546586513519065,0.16632988750934596,nan,0.0,nan,0.0,0
7,140,2252,0.12789772727272727,2560,1.6909717917442322,0.352734375,0.8524811893701554,0.816756334900856,0.27890625,0.38962420225143435,0.9181479305028916,0.03137257695198059,0.05171738136559725,0.726962199807167,0.8473527818918228,-0.005128407478332542,0.16632988750934596,nan,0.0,nan,0.0,0
7,160,2272,0.1290340909090909,2560,1.6567940354347228,0.364453125,0.8424335986375808,0.8168469965457916,0.2828125,0.38069459050893784,0.9134625941514969,0.03137257695198059,0.05253156069666147,0.7293934226036072,0.8492087900638581,0.0067751914262772495,0.16632988750934596,nan,0.0,nan,0.0,0
7,180,2292,0.13017045454545453,2560,1.6685584843158723,0.359765625,0.843885138630867,0.8189326137304306,0.2734375,0.38762525767087935,0.9139222711324692,0.03137257695198059,0.050561885349452496,0.7256627023220062,0.8473527818918228,0.0034676432609558328,0.16632988750934596,nan,0.0,nan,0.0,0
7,200,2312,0.13130681818181816,2560,1.645989191532135,0.370703125,0.8331035733222961,0.8073773890733719,0.276171875,0.4027671113610268,0.9106961846351623,0.03137257695198059,0.05143984816968441,0.7248233914375305,0.843885138630867,0.010781565308570884,0.16632988750934596,nan,0.0,nan,0.0,0
7,220,2332,0.13244318181818182,2560,1.6869323551654816,0.3640625,0.8383220940828323,0.8118263453245163,0.29296875,0.40431174635887146,0.9106750756502151,0.03137257695198059,0.04915468730032444,0.7225623935461044,0.8424887269735336,0.004166632890701294,0.16632988750934596,nan,0.0,nan,0.0,0
7,240,2352,0.13357954545454545,2560,1.6696686804294587,0.3546875,0.842208930850029,0.8176386713981628,0.290625,0.3922827929258347,0.913713476061821,0.03137257695198059,0.05025846380740404,0.7255119740962982,0.8424335986375808,0.00022466778755181327,0.16632988750934596,nan,0.0,nan,0.0,0
7,260,2372,0.13471590909090908,2560,1.674886518716812,0.36796875,0.8493887841701507,0.8196485131978989,0.278125,0.3914817214012146,0.9205302119255065,0.03137257695198059,0.05180081706494093,0.7286861509084701,0.842208930850029,-0.007179853320121721,0.16632988750934596,nan,0.0,nan,0.0,0
7,280,2392,0.1358522727272727,2560,1.6599418222904205,0.369140625,0.8330357700586319,0.813582256436348,0.2875,0.39855350404977796,0.9118941217660904,0.03137257695198059,0.04965141620486975,0.7238095074892044,0.842208930850029,0.009173160791397073,0.16632988750934596,nan,0.0,nan,0.0,0
7,300,2412,0.13698863636363634,2560,1.6657094955444336,0.36328125,0.8447589188814163,0.8190888941287995,0.273046875,0.39173636883497237,0.9132094264030457,0.03137257695198059,0.05067106764763594,0.7264248371124268,0.8383220940828323,-0.006436824798583984,0.16632988750934596,nan,0.0,nan,0.0,0
7,320,2432,0.138125,2560,1.6287984788417815,0.36953125,0.8486290156841279,0.81681507229805,0.292578125,0.3890713781118393,0.911147466301918,0.03137257695198059,0.05005462039262056,0.724666178226471,0.842208930850029,-0.006420084834098838,0.16632988750934596,nan,0.0,nan,0.0,0
7,340,2452,0.13926136363636363,2560,1.6440618753433227,0.37890625,0.8397393137216568,0.8159006983041763,0.269921875,0.39073390066623687,0.9144279718399048,0.03137257695198059,0.050252352841198444,0.7237350672483445,0.8447589188814163,0.0050196051597595215,0.16632988750934596,nan,0.0,nan,0.0,0
7,352,2464,0.13994318181818183,1480,1.6903277036306021,0.3506756753534884,0.846826243722761,0.8218387329900587,0.2756756757562225,0.3980552720056998,0.9038477659225463,0.03137257695198059,0.04727020406642476,0.7185295591483245,0.8447589188814163,-0.002067324841344753,0.16632988750934596,nan,0.0,nan,0.0,0
8,20,2484,0.14107954545454546,2560,1.623859888315201,0.371484375,0.8383000791072845,0.8139526575803757,0.2890625,0.38567833304405214,0.9086822658777237,0.03137257695198059,0.051508566923439504,0.7258454412221909,0.8447589188814163,0.006458839774131753,0.16632988750934596,nan,0.0,nan,0.0,0
8,40,2504,0.1422159090909091,2560,1.650916826725006,0.368359375,0.8375481814146042,0.8124491661787033,0.290234375,0.4024702161550522,0.9174373775720597,0.03137257695198059,0.04923214614391327,0.7233213216066361,0.8447589188814163,0.007210737466812112,0.16632988750934596,nan,0.0,nan,0.0,0
8,60,2524,0.14335227272727272,2560,1.6601054668426514,0.369140625,0.8328408390283585,0.8100665003061295,0.27890625,0.4055092051625252,0.9145291835069657,0.03137257695198059,0.04733939152210951,0.7187559574842453,0.8397393137216568,0.0068984746932982954,0.16632988750934596,nan,0.0,nan,0.0,0
8,80,2544,0.14448863636363635,2560,1.6270717620849608,0.377734375,0.8464076846837998,0.8198968410491944,0.273828125,0.3923680305480957,0.9136558771133423,0.03137257695198059,0.0500147232785821,0.7242417871952057,0.8383000791072845,-0.008107605576515242,0.16632988750934596,nan,0.0,nan,0.0,0
8,100,2564,0.145625,2560,1.680001574754715,0.365625,0.8281884104013443,0.812238073348999,0.287890625,0.4143341600894928,0.9091959893703461,0.03137257695198059,0.05206008143723011,0.7297501534223556,0.8383000791072845,0.010111668705940269,0.16632988750934596,nan,0.0,nan,0.0,0
8,120,2584,0.14676136363636363,2560,1.6231469690799714,0.371484375,0.8459887623786926,0.8226893246173859,0.294921875,0.3914739295840263,0.9066696316003799,0.03137257695198059,0.04978899769484997,0.7232757806777954,0.8375481814146042,-0.008440580964088396,0.16632988750934596,nan,0.0,nan,0.0,0
8,140,2604,0.14789772727272726,2560,1.657239204645157,0.370703125,0.8243319183588028,0.8120352625846863,0.296484375,0.4313861683011055,0.9141759425401688,0.03137257695198059,0.049614935740828515,0.7226083159446717,0.8375481814146042,0.01321626305580137,0.16632988750934596,nan,0.0,nan,0.0,0
8,160,2624,0.1490340909090909,2560,1.6363033294677733,0.374609375,0.8346359193325043,0.8183392971754074,0.286328125,0.3876092150807381,0.9153113275766372,0.03137257695198059,0.0510228656232357,0.7250271141529083,0.8328408390283585,-0.0017950803041457686,0.16632988750934596,nan,0.0,nan,0.0,0
8,180,2644,0.15017045454545455,2560,1.6592028141021729,0.370703125,0.834624645113945,0.8131356805562973,0.294140625,0.3982557877898216,0.9090437769889832,0.03137257695198059,0.04806842356920242,0.7204443007707596,0.8346359193325043,1.1274218559287341e-05,0.16632988750934596,nan,0.0,nan,0.0,0
8,200,2664,0.15130681818181818,2560,1.6386381566524506,0.371875,0.827569204568863,0.8133421838283539,0.296484375,0.4074705451726913,0.9114088892936707,0.03137257695198059,0.0500141367316246,0.7255155265331268,0.834624645113945,0.0070554405450820035,0.16632988750934596,nan,0.0,nan,0.0,0
8,220,2684,0.1524431818181818,2560,1.6146640956401825,0.3765625,0.8334286689758301,0.81063272356987,0.292578125,0.4013286754488945,0.9113142877817154,0.03137257695198059,0.04588965903967619,0.7156606018543243,0.834624645113945,0.0011959761381148404,0.16632988750934596,nan,0.0,nan,0.0,0
8,240,2704,0.15357954545454547,2560,1.6535636603832244,0.38125,0.8264669269323349,0.8076886683702469,0.260546875,0.4123013600707054,0.9128547877073288,0.03137257695198059,0.04867916442453861,0.7226482659578324,0.8334286689758301,0.0069617420434952,0.16632988750934596,nan,0.0,nan,0.0,0
8,260,2724,0.1547159090909091,2560,1.6321654915809631,0.37890625,0.8412815898656845,0.8160136103630066,0.272265625,0.3796323090791702,0.9127481043338775,0.03137257695198059,0.04997017290443182,0.7252160161733627,0.8334286689758301,-0.007852920889854342,0.16632988750934596,nan,0.0,nan,0.0,0
8,280,2744,0.15585227272727273,2560,1.6576445937156676,0.34765625,0.829940727353096,0.8124085992574692,0.303515625,0.4036234989762306,0.9131321132183075,0.03137257695198059,0.04538303166627884,0.7153389692306519,0.8334286689758301,0.0034879416227341364,0.16632988750934596,nan,0.0,nan,0.0,0
8,300,2764,0.15698863636363636,2560,1.6775655448436737,0.36953125,0.824483209848404,0.8097716182470321,0.28515625,0.4067879244685173,0.90777208507061,0.03137257695198059,0.045719492807984353,0.714429771900177,0.829940727353096,0.005457517504692033,0.16632988750934596,nan,0.0,nan,0.0,0
8,320,2784,0.158125,2560,1.6051642298698425,0.390625,0.8384440779685974,0.8145981073379517,0.28984375,0.3992787301540375,0.9108394801616668,0.03137257695198059,0.04823580831289291,0.7192892760038376,0.829940727353096,-0.008503350615501448,0.16632988750934596,nan,0.0,nan,0.0,0
8,340,2804,0.15926136363636365,2560,1.6250570356845855,0.374609375,0.8196317791938782,0.8050090968608856,0.275390625,0.39994383603334427,0.9154795557260513,0.03137257695198059,0.04361493606120348,0.7107452511787414,0.829940727353096,0.01030894815921779,0.16632988750934596,nan,0.0,nan,0.0,0
8,352,2816,0.15994318181818182,1480,1.6485318055024019,0.36621621605512256,0.8237827787528167,0.8062170305767575,0.2824324328351665,0.4157114051483773,0.9124606577125756,0.03137257695198059,0.04294184093942513,0.7082368654173774,0.829940727353096,0.006157948600279295,0.16632988750934596,nan,0.0,nan,0.0,0
9,20,2836,0.16107954545454548,2560,1.581317126750946,0.387890625,0.8389160513877869,0.820151025056839,0.28359375,0.39029451161623,0.9039613336324692,0.03137257695198059,0.04915947318077087,0.7216012954711915,0.824483209848404,-0.014432841539382957,0.16632988750934596,nan,0.0,nan,0.0,0
9,40,2856,0.1622159090909091,2560,1.6413522005081176,0.362890625,0.8324068158864975,0.8164011836051941,0.274609375,0.4034485086798668,0.9112329035997391,0.03137257695198059,0.045636250823736194,0.7157041549682617,0.824483209848404,-0.0079236060380935,0.16632988750934596,nan,0.0,nan,0.0,0
9,60,2876,0.16335227272727273,2560,1.622347903251648,0.381640625,0.8202924311161042,0.8028984308242798,0.283203125,0.4051951691508293,0.910037887096405,0.03137257695198059,0.045264939218759535,0.7138194262981414,0.8324068158864975,0.012114384770393283,0.16632988750934596,nan,0.0,nan,0.0,0
9,80,2896,0.16448863636363636,2560,1.6293494999408722,0.373046875,0.81137835085392,0.8051147609949112,0.27734375,0.3924711480736732,0.9098040461540222,0.03137257695198059,0.04174714963883162,0.7065669983625412,0.8237827787528167,0.01240442789889673,0.16632988750934596,nan,0.0,nan,0.0,0
9,100,2916,0.165625,2560,1.6300445318222045,0.3765625,0.8289537847042083,0.8092965692281723,0.286328125,0.3966787695884705,0.9110941737890244,0.03137257695198059,0.05075834412127733,0.726381054520607,0.8237827787528167,-0.005171005951391638,0.16632988750934596,nan,0.0,nan,0.0,0
9,120,2936,0.16676136363636365,2560,1.6086745262145996,0.37734375,0.8063806533813477,0.800972518324852,0.3109375,0.42014349102973936,0.9105121821165085,0.03137257695198059,0.04970878157764673,0.7241903394460678,0.8289537847042083,0.02257313132286065,0.16632988750934596,nan,0.0,nan,0.0,0
9,140,2956,0.16789772727272728,2560,1.6386582136154175,0.37421875,0.8272241830825806,0.8111709773540496,0.284765625,0.40672720670700074,0.9105241358280182,0.03137257695198059,0.046593635343015194,0.7156340599060058,0.8202924311161042,-0.00693175196647644,0.16632988750934596,nan,0.0,nan,0.0,0
9,160,2976,0.1690340909090909,2560,1.628348433971405,0.379296875,0.8210572212934494,0.8129801660776138,0.28671875,0.41118461936712264,0.9091441005468368,0.03137257695198059,0.05132366511970758,0.727626845240593,0.8202924311161042,-0.0007647901773452093,0.16632988750934596,nan,0.0,nan,0.0,0
9,180,2996,0.17017045454545454,2560,1.6370752930641175,0.366796875,0.8202323138713836,0.8088368892669677,0.297265625,0.42396373897790907,0.9062090754508972,0.03137257695198059,0.047149135172367095,0.719182500243187,0.8210572212934494,0.0008249074220657571,0.16632988750934596,nan,0.0,nan,0.0,0
9,200,3016,0.17130681818181817,2560,1.6011452615261077,0.38984375,0.8175737679004669,0.806650561094284,0.301953125,0.40975288301706314,0.9053937494754791,0.03137257695198059,0.047371861152350904,0.7189450204372406,0.8210572212934494,0.003483453392982505,0.16632988750934596,nan,0.0,nan,0.0,0
9,220,3036,0.17244318181818183,2560,1.6343034148216247,0.37421875,0.8205538809299469,0.8061426997184753,0.28828125,0.41711308658123014,0.9107929468154907,0.03137257695198059,0.04415083508938551,0.712668189406395,0.8202323138713836,-0.0003215670585632324,0.16632988750934596,nan,0.0,nan,0.0,0
9,240,3056,0.17357954545454546,2560,1.6408629238605499,0.37109375,0.8200107097625733,0.8045039027929306,0.288671875,0.4058083400130272,0.9081920862197876,0.03137257695198059,0.044262152351439,0.7104435861110687,0.8205538809299469,0.0005431711673735684,0.16632988750934596,nan,0.0,nan,0.0,0
9,260,3076,0.1747159090909091,2560,1.6161385476589203,0.37890625,0.8212176263332367,0.8046603083610535,0.28203125,0.3978775888681412,0.9081633448600769,0.03137257695198059,0.04335780944675207,0.7118833184242248,0.8202323138713836,-0.0009853124618530718,0.16632988750934596,nan,0.0,nan,0.0,0
9,280,3096,0.17585227272727272,2560,1.6572263717651368,0.3734375,0.8237866401672364,0.8079179286956787,0.283984375,0.4180821865797043,0.9172696650028229,0.03137257695198059,0.04666903372853994,0.7174934297800064,0.8202323138713836,-0.0035543262958527277,0.16632988750934596,nan,0.0,nan,0.0,0
9,300,3116,0.17698863636363635,2560,1.5929961383342743,0.3890625,0.8157273828983307,0.8066205531358719,0.2765625,0.38763199299573897,0.9086748927831649,0.03137257695198059,0.042837966606020926,0.7088452577590942,0.8205538809299469,0.0048264980316161665,0.16632988750934596,nan,0.0,nan,0.0,0
9,320,3136,0.178125,2560,1.5965820252895355,0.39140625,0.804086658358574,0.7969930231571197,0.3109375,0.4213135987520218,0.9056751489639282,0.03137257695198059,0.04232618398964405,0.7077100366353989,0.8205538809299469,0.016467222571372897,0.16632988750934596,nan,0.0,nan,0.0,0
9,340,3156,0.17926136363636364,2560,1.5952421724796295,0.385546875,0.8057064414024353,0.8017774164676666,0.293359375,0.4131359040737152,0.9122313410043716,0.03137257695198059,0.042295098677277564,0.7098034501075745,0.8200107097625733,0.014304268360137984,0.16632988750934596,nan,0.0,nan,0.0,0
9,352,3168,0.17994318181818184,1480,1.6287659812617947,0.3864864869697674,0.8283513404227592,0.8072661641481761,0.27364864832646135,0.4188926519574346,0.9122695156045862,0.03137257695198059,0.04195623693836702,0.707020548227671,0.8157273828983307,-0.012623957524428464,0.16632988750934596,nan,0.0,nan,0.0,0
10,20,3188,0.18107954545454547,2560,1.5731898307800294,0.3875,0.8127740681171417,0.8063275843858719,0.284765625,0.4012693420052528,0.9097056210041046,0.03137257695198059,0.043924140930175784,0.7126212745904923,0.8157273828983307,0.002953314781188987,0.16632988750934596,nan,0.0,nan,0.0,0
10,40,3208,0.1822159090909091,2560,1.5971520602703095,0.39765625,0.807141837477684,0.8039798945188522,0.303125,0.4334709942340851,0.9059695124626159,0.03137257695198059,0.043204074166715144,0.7086445182561875,0.8127740681171417,0.005632230639457725,0.16632988750934596,nan,0.0,nan,0.0,0
10,60,3228,0.18335227272727272,2560,1.6487370014190674,0.3765625,0.8233482390642166,0.8134207546710968,0.277734375,0.41606392413377763,0.9147008419036865,0.03137257695198059,0.04516535643488169,0.7152256518602371,0.807141837477684,-0.016206401586532637,0.16632988750934596,nan,0.0,nan,0.0,0
10,80,3248,0.18448863636363635,2560,1.6289300858974456,0.374609375,0.8263497740030289,0.8156248897314071,0.28359375,0.39360450208187103,0.911893230676651,0.03137257695198059,0.044510974735021594,0.7111308872699738,0.8127740681171417,-0.01357570588588719,0.16632988750934596,nan,0.0,nan,0.0,0
10,100,3268,0.185625,2560,1.5962002456188202,0.398828125,0.8134478986263275,0.80343197286129,0.274609375,0.4178436905145645,0.9073216944932938,0.03137257695198059,0.042147351801395415,0.7066968023777008,0.8233482390642166,0.009900340437889121,0.16632988750934596,nan,0.0,nan,0.0,0
10,120,3288,0.18676136363636364,2560,1.6320390105247498,0.378515625,0.8154387682676315,0.8092098414897919,0.28984375,0.4199060335755348,0.9137804925441741,0.03137257695198059,0.04536915421485901,0.7155602514743805,0.8134478986263275,-0.001990869641304016,0.16632988750934596,nan,0.0,nan,0.0,0
10,140,3308,0.18789772727272727,2560,1.604555332660675,0.39296875,0.812272384762764,0.8096219569444656,0.287109375,0.4065220683813095,0.9111797481775283,0.03137257695198059,0.04358385093510151,0.7110175013542175,0.8154387682676315,0.0031663835048675315,0.16632988750934596,nan,0.0,nan,0.0,0
10,160,3328,0.1890340909090909,2560,1.6320900321006775,0.3875,0.7988455951213836,0.7986199915409088,0.296484375,0.4185588821768761,0.9092983484268189,0.03137257695198059,0.04421803280711174,0.7122675389051437,0.8154387682676315,0.016593173146247864,0.16632988750934596,nan,0.0,nan,0.0,0
10,180,3348,0.19017045454545453,2560,1.6377738416194916,0.375390625,0.8121802300214768,0.8102459132671356,0.28671875,0.42300272583961485,0.9088704645633697,0.03137257695198059,0.04833903554826975,0.7234011560678482,0.8134478986263275,0.0012676686048507246,0.16632988750934596,nan,0.0,nan,0.0,0
10,200,3368,0.1913068181818182,2560,1.5836705327033997,0.40234375,0.8052765697240829,0.8025057673454284,0.283203125,0.4085216253995895,0.9074124842882156,0.03137257695198059,0.042774135060608384,0.7091966658830643,0.812272384762764,0.006995815038681075,0.16632988750934596,nan,0.0,nan,0.0,0
10,220,3388,0.19244318181818182,2560,1.6062680184841156,0.382421875,0.805850726366043,0.8050426602363586,0.303125,0.4180709570646286,0.9042521357536316,0.03137257695198059,0.043637486174702644,0.7116657108068466,0.8121802300214768,0.006329503655433721,0.16632988750934596,nan,0.0,nan,0.0,0
10,240,3408,0.19357954545454545,2560,1.5820110380649566,0.4125,0.8127903550863266,0.8040052026510238,0.286328125,0.4211920440196991,0.9065479457378387,0.03137257695198059,0.04782565291970968,0.7225706279277802,0.805850726366043,-0.0069396287202835305,0.16632988750934596,nan,0.0,nan,0.0,0
10,260,3428,0.19471590909090908,2560,1.6203577399253846,0.3703125,0.8115497648715972,0.8061214655637741,0.30703125,0.4223442956805229,0.9118807673454284,0.03137257695198059,0.04289101734757424,0.7096074908971787,0.805850726366043,-0.005699038505554199,0.16632988750934596,nan,0.0,nan,0.0,0
10,280,3448,0.1958522727272727,2560,1.6257953941822052,0.383984375,0.7988091975450515,0.7969786524772644,0.28984375,0.4223186060786247,0.9107278406620025,0.03137257695198059,0.04260915368795395,0.7084469974040986,0.8115497648715972,0.012740567326545715,0.16632988750934596,nan,0.0,nan,0.0,0
10,300,3468,0.19698863636363637,2560,1.645180094242096,0.372265625,0.817127013206482,0.808561971783638,0.28671875,0.41599163711071013,0.9149542689323426,0.03137257695198059,0.04462818596512079,0.7132934510707856,0.805850726366043,-0.01127628684043891,0.16632988750934596,nan,0.0,nan,0.0,0
10,320,3488,0.198125,2560,1.6326667070388794,0.37421875,0.814096137881279,0.8061311215162277,0.290234375,0.41217403262853625,0.9039774775505066,0.03137257695198059,0.04297648668289185,0.7099630415439606,0.8115497648715972,-0.002546373009681746,0.16632988750934596,nan,0.0,nan,0.0,0
10,340,3508,0.19926136363636363,2560,1.6575214207172393,0.36484375,0.8082701206207276,0.8008599787950516,0.2828125,0.4156972050666809,0.9071674466133117,0.03137257695198059,0.042628726549446584,0.710984268784523,0.8127903550863266,0.004520234465599016,0.16632988750934596,nan,0.0,nan,0.0,0
10,352,3520,0.19994318181818183,1480,1.614180260735589,0.3891891890280956,0.8073534172934455,0.8057124730702993,0.28986486486486485,0.3909154764703802,0.9086991294010266,0.03137257695198059,0.03993197822490254,0.7036102594556035,0.8115497648715972,0.004196347578151793,0.16632988750934596,nan,0.0,nan,0.0,0
11,20,3540,0.20107954545454546,2560,1.579049575328827,0.390625,0.7952686280012131,0.7944545924663544,0.297265625,0.4138838440179825,0.9094027370214463,0.03137257695198059,0.03957920297980309,0.7009462416172028,0.8082701206207276,0.013001492619514443,0.16632988750934596,nan,0.0,nan,0.0,0
11,40,3560,0.20221590909090909,2560,1.6180551409721375,0.38125,0.819407457113266,0.8093499660491943,0.269921875,0.4026677519083023,0.9051301509141922,0.03137257695198059,0.0445647019892931,0.7155063420534133,0.8082701206207276,-0.011137336492538452,0.16632988750934596,nan,0.0,nan,0.0,0
11,60,3580,0.20335227272727271,2560,1.5888241469860076,0.398046875,0.8030994147062301,0.8025319695472717,0.280859375,0.40202508121728897,0.9127839595079422,0.03137257695198059,0.042329125478863715,0.7087939709424973,0.8082701206207276,0.00517070591449742,0.16632988750934596,nan,0.0,nan,0.0,0
11,80,3600,0.20448863636363637,2560,1.6201134324073792,0.383203125,0.7935762375593185,0.7969708919525147,0.284375,0.41333395689725877,0.9071989893913269,0.03137257695198059,0.04176217671483755,0.7040126711130142,0.8073534172934455,0.013777179734126954,0.16632988750934596,nan,0.0,nan,0.0,0
11,100,3620,0.205625,2560,1.6176938176155091,0.37265625,0.8030993580818176,0.8028906732797623,0.298046875,0.4084558680653572,0.9074260890483856,0.03137257695198059,0.039000057615339756,0.7020783364772797,0.8030994147062301,5.662441249221217e-08,0.16632988750934596,nan,0.0,nan,0.0,0
11,120,3640,0.20676136363636363,2560,1.6230185389518739,0.37265625,0.8013823717832566,0.7992750972509384,0.287109375,0.4101480647921562,0.9086066097021103,0.03137257695198059,0.041607683338224885,0.7046718329191208,0.8030993580818176,0.0017169862985610962,0.16632988750934596,nan,0.0,nan,0.0,0
11,140,3660,0.20789772727272726,2560,1.6029671013355256,0.3890625,0.8032178014516831,0.8044614374637604,0.2921875,0.4096264973282814,0.909548208117485,0.03137257695198059,0.04391815159469843,0.7120520740747451,0.8030993580818176,-0.00011844336986543968,0.16632988750934596,nan,0.0,nan,0.0,0
11,160,3680,0.2090340909090909,2560,1.5930844783782958,0.400390625,0.8060723662376403,0.805601778626442,0.2703125,0.4098295122385025,0.9073664575815201,0.03137257695198059,0.0429100165143609,0.7099516123533249,0.8030993580818176,-0.0029730081558226873,0.16632988750934596,nan,0.0,nan,0.0,0
11,180,3700,0.21017045454545455,2560,1.6081029415130614,0.398828125,0.801118117570877,0.7979823023080825,0.28828125,0.41979229599237444,0.9082929164171218,0.03137257695198059,0.04279735926538706,0.7104098290205002,0.8030993580818176,0.0019812405109406184,0.16632988750934596,nan,0.0,nan,0.0,0
11,200,3720,0.21130681818181818,2560,1.6052148520946503,0.39609375,0.8023745268583298,0.7988589137792588,0.269140625,0.41355041712522506,0.9090634852647781,0.03137257695198059,0.04029978290200233,0.7046863436698914,0.8030993580818176,0.0007248312234878762,0.16632988750934596,nan,0.0,nan,0.0,0
11,220,3740,0.2124431818181818,2560,1.6050988852977752,0.38359375,0.7994245082139969,0.8021473079919815,0.290234375,0.4259193897247314,0.9064804285764694,0.03137257695198059,0.04180926848202944,0.7064530044794083,0.8023745268583298,0.0029500186443328635,0.16632988750934596,nan,0.0,nan,0.0,0
11,240,3760,0.21357954545454544,2560,1.653236323595047,0.3765625,0.8024952620267868,0.8036063075065613,0.28671875,0.41494237184524535,0.9055862605571747,0.03137257695198059,0.04093737304210663,0.7044067263603211,0.8023745268583298,-0.00012073516845700905,0.16632988750934596,nan,0.0,nan,0.0,0
11,260,3780,0.21471590909090907,2560,1.635380208492279,0.369921875,0.8080292344093323,0.8069937586784363,0.310546875,0.40084501802921296,0.9088779658079147,0.03137257695198059,0.041628926433622836,0.7086331367492675,0.8023745268583298,-0.0056547075510025024,0.16632988750934596,nan,0.0,nan,0.0,0
11,280,3800,0.21585227272727273,2560,1.5934315145015716,0.388671875,0.8050407856702805,0.8015674769878387,0.3,0.4219571858644485,0.903729647397995,0.03137257695198059,0.04038140662014485,0.7027026891708374,0.8023745268583298,-0.002666258811950706,0.16632988750934596,nan,0.0,nan,0.0,0
11,300,3820,0.21698863636363636,2560,1.5796044647693634,0.39140625,0.7921320497989655,0.7965071558952331,0.30546875,0.4229907125234604,0.9068551570177078,0.03137257695198059,0.043161255307495594,0.7115185558795929,0.8024952620267868,0.010363212227821328,0.16632988750934596,nan,0.0,nan,0.0,0
11,320,3840,0.21812499999999999,2560,1.6315539240837098,0.37734375,0.8076247334480285,0.8031690180301666,0.28125,0.42144984304904937,0.9070986628532409,0.03137257695198059,0.03814595770090819,0.6968555867671966,0.8024952620267868,-0.00512947142124176,0.16632988750934596,nan,0.0,nan,0.0,0
11,340,3860,0.21926136363636362,2560,1.6067530393600464,0.388671875,0.7896107047796249,0.7994139552116394,0.287109375,0.4130686342716217,0.9080346614122391,0.03137257695198059,0.0390625137835741,0.6996936976909638,0.8050407856702805,0.015430080890655562,0.16632988750934596,nan,0.0,nan,0.0,0
11,352,3872,0.21994318181818182,1480,1.6050237526764741,0.3777027028637963,0.8161631087999086,0.8058888696335458,0.29324324372652416,0.3996147249196027,0.9088713410738353,0.03137257695198059,0.04522987342364079,0.7164393702068844,0.8050407856702805,-0.011122323129628131,0.16632988750934596,nan,0.0,nan,0.0,0
12,20,3892,0.22107954545454545,2560,1.6247663795948029,0.383984375,0.7920041054487228,0.7993620753288269,0.29921875,0.42938956171274184,0.9102442622184753,0.03137257695198059,0.04552463702857494,0.7180015206336975,0.8050407856702805,0.013036680221557684,0.16632988750934596,nan,0.0,nan,0.0,0
12,40,3912,0.22221590909090908,2560,1.5905976295471191,0.396484375,0.8067084908485412,0.8047274470329284,0.28671875,0.4180737376213074,0.9095376521348953,0.03137257695198059,0.03951585702598095,0.7025353312492371,0.7921320497989655,-0.014576441049575783,0.16632988750934596,nan,0.0,nan,0.0,0
12,60,3932,0.22335227272727273,2560,1.6409218251705169,0.366015625,0.8077607542276383,0.8098518550395966,0.296875,0.4198484688997269,0.906751525402069,0.03137257695198059,0.041116570867598054,0.7063267707824707,0.8067084908485412,-0.0010522633790970293,0.16632988750934596,nan,0.0,nan,0.0,0
12,80,3952,0.22448863636363636,2560,1.598776400089264,0.397265625,0.8124863684177399,0.8085373103618622,0.263671875,0.4036880791187286,0.9044174373149871,0.03137257695198059,0.042095102928578855,0.7074093163013458,0.8067084908485412,-0.005777877569198675,0.16632988750934596,nan,0.0,nan,0.0,0
12,100,3972,0.225625,2560,1.6196105360984803,0.376953125,0.8000141441822052,0.8028835415840149,0.291015625,0.39981366097927096,0.912867882847786,0.03137257695198059,0.042982850968837735,0.7110467463731766,0.8077607542276383,0.007746610045433089,0.16632988750934596,nan,0.0,nan,0.0,0
12,120,3992,0.22676136363636362,2560,1.6284900546073913,0.377734375,0.7961062371730805,0.8022070854902268,0.275390625,0.3949460282921791,0.912854278087616,0.03137257695198059,0.039327120035886766,0.7004327774047852,0.8067084908485412,0.010602253675460749,0.16632988750934596,nan,0.0,nan,0.0,0
12,140,4012,0.22789772727272725,2560,1.6251049995422364,0.385546875,0.8026430606842041,0.8069089472293853,0.3015625,0.42484310269355774,0.9048356533050537,0.03137257695198059,0.040269740112125876,0.7042291104793549,0.8067084908485412,0.004065430164337136,0.16632988750934596,nan,0.0,nan,0.0,0
12,160,4032,0.22903409090909088,2560,1.6076160073280334,0.3765625,0.7981932520866394,0.7969419032335281,0.2875,0.4076645657420158,0.9041877925395966,0.03137257695198059,0.0400832187384367,0.7025459051132202,0.8026430606842041,0.0044498085975647195,0.16632988750934596,nan,0.0,nan,0.0,0
12,180,4052,0.23017045454545454,2560,1.6237999737262725,0.383984375,0.7941640049219132,0.8013960719108582,0.295703125,0.42884869426488875,0.9021498531103134,0.03137257695198059,0.0392627963796258,0.7004218578338623,0.8000141441822052,0.005850139260291987,0.16632988750934596,nan,0.0,nan,0.0,0
12,200,4072,0.23130681818181817,2560,1.6317737221717834,0.35859375,0.7931279540061951,0.7980027705430984,0.30234375,0.4093562617897987,0.9058296382427216,0.03137257695198059,0.03648366956040263,0.6919569462537766,0.7981932520866394,0.005065298080444314,0.16632988750934596,nan,0.0,nan,0.0,0
12,220,4092,0.2324431818181818,2560,1.6411791443824768,0.376953125,0.8072010070085526,0.8071270197629928,0.29140625,0.4140793964266777,0.9113779872655868,0.03137257695198059,0.04093900714069605,0.7052275538444519,0.7961062371730805,-0.011094769835472085,0.16632988750934596,nan,0.0,nan,0.0,0
12,240,4112,0.23357954545454543,2560,1.5757191002368927,0.3921875,0.8026416659355163,0.8053033351898193,0.28984375,0.4150376781821251,0.9086924493312836,0.03137257695198059,0.038180524669587615,0.6972427636384964,0.7981932520866394,-0.004448413848876953,0.16632988750934596,nan,0.0,nan,0.0,0
12,260,4132,0.23471590909090906,2560,1.620389062166214,0.37890625,0.7960825860500336,0.7999828517436981,0.2859375,0.4230723276734352,0.9056565761566162,0.03137257695198059,0.04389271326363087,0.7135919988155365,0.7981932520866394,0.0021106660366058128,0.16632988750934596,nan,0.0,nan,0.0,0
12,280,4152,0.23585227272727272,2560,1.6293146908283234,0.381640625,0.8047317445278168,0.8049129664897918,0.27578125,0.39807079285383223,0.9088763117790222,0.03137257695198059,0.04017110224813223,0.705643218755722,0.7960825860500336,-0.008649158477783248,0.16632988750934596,nan,0.0,nan,0.0,0
12,300,4172,0.23698863636363635,2560,1.6288206994533538,0.3765625,0.7949673444032669,0.8045737177133561,0.279296875,0.4015497475862503,0.9116980373859406,0.03137257695198059,0.036097046360373496,0.692267507314682,0.8026416659355163,0.007674321532249451,0.16632988750934596,nan,0.0,nan,0.0,0
12,320,4192,0.23812499999999998,2560,1.6223339200019837,0.38203125,0.7788023293018341,0.790777736902237,0.298828125,0.41996203511953356,0.9070329189300537,0.03137257695198059,0.037222779169678685,0.6972898870706559,0.8026416659355163,0.023839336633682207,0.16632988750934596,nan,0.0,nan,0.0,0
12,340,4212,0.2392613636363636,2560,1.6464275956153869,0.37265625,0.7909508258104324,0.7987027615308762,0.28203125,0.4144511312246323,0.905952724814415,0.03137257695198059,0.0402146527543664,0.7038376659154892,0.7960825860500336,0.0051317602396011575,0.16632988750934596,nan,0.0,nan,0.0,0
12,352,4224,0.2399431818181818,1480,1.6031069684673,0.3844594599427404,0.7702675142803708,0.7939789823583654,0.2885135143189817,0.41185178498964053,0.9093604996397688,0.03137257695198059,0.036734878996739516,0.6961910060934118,0.7949673444032669,0.024699830122896116,0.16632988750934596,nan,0.0,nan,0.0,0
13,20,4244,0.24107954545454544,2560,1.626775598526001,0.381640625,0.7840720057487488,0.7986950099468231,0.289453125,0.41483875662088393,0.9044381618499756,0.03137257695198059,0.03658394142985344,0.6947551429271698,0.7909508258104324,0.00687882006168361,0.16632988750934596,nan,0.0,nan,0.0,0
13,40,4264,0.24221590909090907,2560,1.6425057709217072,0.374609375,0.7855983436107635,0.8023759394884109,0.283203125,0.4201126337051392,0.9074529200792313,0.03137257695198059,0.03605306930840015,0.6919441521167755,0.7840720057487488,-0.001526337862014726,0.16632988750934596,nan,0.0,nan,0.0,0
13,60,4284,0.24335227272727272,2560,1.594742476940155,0.389453125,0.7957912266254425,0.8028384029865265,0.280859375,0.40214968621730807,0.9022873163223266,0.03137257695198059,0.03927144948393106,0.7009789615869522,0.7840720057487488,-0.011719220876693748,0.16632988750934596,nan,0.0,nan,0.0,0
13,80,4304,0.24448863636363635,2560,1.62423432469368,0.396484375,0.7953610688447952,0.8031790643930435,0.294140625,0.4146950215101242,0.9074850976467133,0.03137257695198059,0.041495404299348594,0.7053552329540252,0.7855983436107635,-0.009762725234031655,0.16632988750934596,nan,0.0,nan,0.0,0
13,100,4324,0.24562499999999998,2560,1.5969027876853943,0.390625,0.7811098724603653,0.7924260675907135,0.2875,0.4252080723643303,0.9086446315050125,0.03137257695198059,0.03858023472130299,0.6997554957866668,0.7855983436107635,0.004488471150398188,0.16632988750934596,nan,0.0,nan,0.0,0
13,120,4344,0.2467613636363636,2560,1.6532403886318208,0.36953125,0.7968521654605866,0.8020370692014694,0.301171875,0.4216534450650215,0.9070771783590317,0.03137257695198059,0.038301898073405026,0.6988039582967758,0.7855983436107635,-0.011253821849823042,0.16632988750934596,nan,0.0,nan,0.0,0
13,140,4364,0.24789772727272724,2560,1.6076661705970765,0.38203125,0.7793079614639282,0.8021620631217956,0.296875,0.4274313345551491,0.9135865718126297,0.03137257695198059,0.03636676706373691,0.6946759074926376,0.7953610688447952,0.01605310738086696,0.16632988750934596,nan,0.0,nan,0.0,0
13,160,4384,0.2490340909090909,2560,1.5950301885604858,0.38515625,0.7543079614639282,0.791064977645874,0.2796875,0.40780316293239594,0.9119669765233993,0.03137257695198059,0.0346341579221189,0.6918896973133087,0.7953610688447952,0.04105310738086698,0.16632988750934596,nan,0.0,nan,0.0,0
13,180,4404,0.2501704545454545,2560,1.5931666195392609,0.3828125,0.6941462278366088,0.7857966333627701,0.27265625,0.38947292864322663,0.9056846916675567,0.03137257695198059,0.028519337344914675,0.6673142582178115,0.7811098724603653,0.0869636446237565,0.16632988750934596,nan,0.0,nan,0.0,0
13,200,4424,0.25130681818181816,2560,1.6255510091781615,0.367578125,0.7223021626472473,0.7914636194705963,0.30546875,0.42447597086429595,0.9109274774789811,0.03137257695198059,0.036114941071718934,0.6922431915998459,0.7793079614639282,0.057005798816680886,0.16632988750934596,nan,0.0,nan,0.0,0
13,220,4444,0.2524431818181818,2560,1.574943631887436,0.40390625,0.712738984823227,0.7821700006723404,0.260546875,0.40311366468667986,0.9112467646598816,0.03137257695198059,0.03400739384815097,0.6833868891000747,0.7543079614639282,0.04156897664070125,0.16632988750934596,nan,0.0,nan,0.0,0
13,240,4464,0.2535795454545454,2560,1.6162175297737122,0.3984375,0.6837963193655014,0.7789903193712234,0.2671875,0.40579982548952104,0.9137148767709732,0.03137257695198059,0.031226208712905646,0.6768029302358627,0.7223021626472473,0.03850584328174589,0.16632988750934596,nan,0.0,nan,0.0,0
13,260,4484,0.2547159090909091,2560,1.5831140756607056,0.3921875,0.7510567456483841,0.7905366480350494,0.295703125,0.4210590898990631,0.9020694881677628,0.03137257695198059,0.03810493787750602,0.700656509399414,0.712738984823227,-0.03831776082515714,0.16632988750934596,nan,0.0,nan,0.0,0
13,280,4504,0.2558522727272727,2560,1.623755306005478,0.394921875,0.5866544246673584,0.7641938686370849,0.256640625,0.37610792815685273,0.9089220851659775,0.03137257695198059,0.027255672961473465,0.657698804140091,0.712738984823227,0.12608456015586855,0.16632988750934596,nan,0.0,nan,0.0,0
13,300,4524,0.2569886363636364,2560,1.5361562013626098,0.41328125,0.3625669129192829,0.7121330469846725,0.25546875,0.3387377142906189,0.9129247277975082,0.03137257695198059,0.02589667495340109,0.6518421798944474,0.712738984823227,0.35017207190394406,0.16632988750934596,nan,0.0,nan,0.0,0
13,320,4544,0.258125,2560,1.5133626639842988,0.436328125,0.262846483848989,0.6755710780620575,0.255078125,0.4249137729406357,0.9155025690793991,0.03137257695198059,0.035576975997537376,0.667471781373024,0.6837963193655014,0.42094983551651244,0.16632988750934596,nan,0.0,nan,0.0,0
13,340,4564,0.25926136363636365,2560,1.7192592322826385,0.340625,0.8068132162094116,0.80962755382061,0.285546875,0.3770523265004158,0.9151414453983306,0.03137257695198059,0.05293451603502035,0.7331628322601318,0.5866544246673584,-0.2201587915420532,0.16632988750934596,nan,0.0,nan,0.0,0
13,352,4576,0.2599431818181818,1480,1.6930096297650723,0.3425675674064739,0.8126159010706722,0.8145180241481678,0.3270270265437461,0.3971865273810722,0.9145934762181462,0.03137257695198059,0.052790556989006095,0.7315694554432018,0.5866544246673584,-0.22596147640331377,0.16632988750934596,nan,0.0,nan,0.0,0
14,20,4596,0.2610795454545454,2560,1.6303865313529968,0.37890625,0.8203946262598037,0.8122528254985809,0.29765625,0.3935139611363411,0.9082449793815612,0.03137257695198059,0.04622271321713924,0.7178923517465592,0.5866544246673584,-0.23374020159244535,0.16632988750934596,nan,0.0,nan,0.0,0
14,40,4616,0.2622159090909091,2560,1.5790865540504455,0.398046875,0.8108826220035553,0.8076512843370438,0.2703125,0.42853805273771284,0.9127325892448426,0.03137257695198059,0.05283215772360563,0.7319555014371872,0.8068132162094116,-0.004069405794143721,0.16632988750934596,nan,0.0,nan,0.0,0
14,60,4636,0.2633522727272727,2560,1.657807743549347,0.366796875,0.8041782200336456,0.8020037531852722,0.3046875,0.42800603359937667,0.9116857081651688,0.03137257695198059,0.0487693915143609,0.7238570570945739,0.8108826220035553,0.006704401969909735,0.16632988750934596,nan,0.0,nan,0.0,0
14,80,4656,0.26448863636363634,2560,1.6395086109638215,0.37890625,0.8018783986568451,0.8096946895122528,0.275,0.4044798672199249,0.9082382410764694,0.03137257695198059,0.04509670864790678,0.714385810494423,0.8108826220035553,0.00900422334671025,0.16632988750934596,nan,0.0,nan,0.0,0
14,100,4676,0.265625,2560,1.607235836982727,0.390234375,0.796739375591278,0.7992913782596588,0.301953125,0.42309035658836364,0.9074652552604675,0.03137257695198059,0.0464868089184165,0.7184826284646988,0.8108826220035553,0.014143246412277266,0.16632988750934596,nan,0.0,nan,0.0,0
14,120,4696,0.2667613636363636,2560,1.6488949298858642,0.359375,0.8030163228511811,0.7991515040397644,0.30625,0.41252206861972807,0.9036541163921357,0.03137257695198059,0.04234527368098497,0.7104804158210755,0.8041782200336456,0.0011618971824645108,0.16632988750934596,nan,0.0,nan,0.0,0
14,140,4716,0.26789772727272726,2560,1.6432019889354705,0.38359375,0.796463331580162,0.7970873653888703,0.308203125,0.4294281482696533,0.9064618647098541,0.03137257695198059,0.04575435761362314,0.717502948641777,0.8030163228511811,0.0065529912710190485,0.16632988750934596,nan,0.0,nan,0.0,0
14,160,4736,0.26903409090909086,2560,1.5891388297080993,0.400390625,0.804569861292839,0.7981158196926117,0.278515625,0.40699622631072996,0.8998194575309754,0.03137257695198059,0.04370280299335718,0.7101966232061386,0.8018783986568451,-0.0026914626359939575,0.16632988750934596,nan,0.0,nan,0.0,0
14,180,4756,0.2701704545454545,2560,1.6319098949432373,0.369140625,0.7924153625965118,0.7975790798664093,0.2875,0.4297720238566399,0.9050026118755341,0.03137257695198059,0.043635700829327106,0.7110838323831559,0.8018783986568451,0.009463036060333274,0.16632988750934596,nan,0.0,nan,0.0,0
14,200,4776,0.2713068181818182,2560,1.648737508058548,0.36875,0.7938933402299881,0.8015805810689927,0.307421875,0.4151342883706093,0.9082573115825653,0.03137257695198059,0.048194132000207904,0.721587312221527,0.796739375591278,0.0028460353612899114,0.16632988750934596,nan,0.0,nan,0.0,0
14,220,4796,0.27244318181818183,2560,1.649039191007614,0.370703125,0.808294278383255,0.8013853877782822,0.295703125,0.41875123977661133,0.9079181909561157,0.03137257695198059,0.04802490752190351,0.7225335836410522,0.796463331580162,-0.011830946803092934,0.16632988750934596,nan,0.0,nan,0.0,0
14,240,4816,0.27357954545454544,2560,1.6141053915023804,0.376953125,0.8067282706499099,0.8021872401237488,0.29375,0.4144174411892891,0.9148240596055984,0.03137257695198059,0.042453421652317046,0.7091658025979996,0.796463331580162,-0.010264939069747903,0.16632988750934596,nan,0.0,nan,0.0,0
14,260,4836,0.2747159090909091,2560,1.6213209927082062,0.38046875,0.8002437561750412,0.802630889415741,0.29375,0.4178271576762199,0.9029380977153778,0.03137257695198059,0.042827625013887885,0.7079877555370331,0.804569861292839,0.0043261051177978516,0.16632988750934596,nan,0.0,nan,0.0,0
14,280,4856,0.27585227272727275,2560,1.6174467384815217,0.376171875,0.808827382326126,0.8050375819206238,0.291015625,0.4174072876572609,0.9037025600671769,0.03137257695198059,0.042838072031736375,0.7090817242860794,0.8002437561750412,-0.008583626151084878,0.16632988750934596,nan,0.0,nan,0.0,0
14,300,4876,0.27698863636363635,2560,1.60757856965065,0.384375,0.7965839922428131,0.8008986353874207,0.296875,0.42901209741830826,0.9066211879253387,0.03137257695198059,0.046723398566246035,0.7198821246623993,0.8067282706499099,0.010144278407096863,0.16632988750934596,nan,0.0,nan,0.0,0
14,320,4896,0.278125,2560,1.6537189245224,0.380859375,0.8000507950782776,0.7995202571153641,0.273046875,0.4197894483804703,0.9098003566265106,0.03137257695198059,0.046119147725403306,0.7173109799623489,0.8067282706499099,0.006677475571632341,0.16632988750934596,nan,0.0,nan,0.0,0
14,340,4916,0.2792613636363636,2560,1.6432332217693328,0.36953125,0.801597511768341,0.8054176509380341,0.29140625,0.41428674310445784,0.9114681482315063,0.03137257695198059,0.04599030911922455,0.7179927945137023,0.8002437561750412,-0.0013537555932998657,0.16632988750934596,nan,0.0,nan,0.0,0
14,352,4928,0.2799431818181818,1480,1.658845810632448,0.3601351359406033,0.8105456464999431,0.8149513292956997,0.2648648650259585,0.3872868017570392,0.9020767534101332,0.03137257695198059,0.04834862619235709,0.7232592392612148,0.8002437561750412,-0.010301890324901919,0.16632988750934596,nan,0.0,nan,0.0,0
15,20,4948,0.28107954545454544,2560,1.6433320462703704,0.3765625,0.7926532447338104,0.7977830529212951,0.29375,0.42546331882476807,0.9066686242818832,0.03137257695198059,0.04467746298760176,0.7152473360300065,0.801597511768341,0.008944267034530662,0.16632988750934596,nan,0.0,nan,0.0,0
15,40,4968,0.28221590909090905,2560,1.6106039941310883,0.38515625,0.8030414521694184,0.8051599025726318,0.28828125,0.42237947285175326,0.9128714442253113,0.03137257695198059,0.04542654026299715,0.7153786718845367,0.8000507950782776,-0.0029906570911407693,0.16632988750934596,nan,0.0,nan,0.0,0
15,60,4988,0.2833522727272727,2560,1.6120360434055327,0.38828125,0.7984518617391586,0.8007749140262603,0.292578125,0.4114077761769295,0.9116162836551667,0.03137257695198059,0.043148215673863885,0.7098876625299454,0.801597511768341,0.003145650029182434,0.16632988750934596,nan,0.0,nan,0.0,0
15,80,5008,0.28448863636363636,2560,1.628335279226303,0.38046875,0.80538489818573,0.8029253870248795,0.2921875,0.41902178078889846,0.9098953485488892,0.03137257695198059,0.04892145916819572,0.7220220148563385,0.801597511768341,-0.0037873864173889604,0.16632988750934596,nan,0.0,nan,0.0,0
15,100,5028,0.28562499999999996,2560,1.6190240025520324,0.37734375,0.7860567808151245,0.7968397945165634,0.30390625,0.43275936543941496,0.9103482723236084,0.03137257695198059,0.04255598466843367,0.7094685852527618,0.8030414521694184,0.016984671354293823,0.16632988750934596,nan,0.0,nan,0.0,0
15,120,5048,0.2867613636363636,2560,1.6334783434867859,0.373046875,0.80681092441082,0.8028933465480804,0.29921875,0.40927112847566605,0.9051178216934204,0.03137257695198059,0.041472187452018264,0.7062804728746415,0.7984518617391586,-0.008359062671661421,0.16632988750934596,nan,0.0,nan,0.0,0
15,140,5068,0.2878977272727273,2560,1.6429797291755677,0.379296875,0.8035133481025696,0.8041966915130615,0.29765625,0.41994054019451144,0.9098811119794845,0.03137257695198059,0.04533920530229807,0.716246920824051,0.8030414521694184,-0.0004718959331512229,0.16632988750934596,nan,0.0,nan,0.0,0
15,160,5088,0.28903409090909093,2560,1.613950002193451,0.378515625,0.8003056585788727,0.8021616816520691,0.2859375,0.4106582090258598,0.9031246453523636,0.03137257695198059,0.043537153489887716,0.7117122262716293,0.8035133481025696,0.003207689523696877,0.16632988750934596,nan,0.0,nan,0.0,0
15,180,5108,0.29017045454545454,2560,1.638606059551239,0.365234375,0.7909154504537582,0.7966992884874344,0.29921875,0.4255468025803566,0.9034411311149597,0.03137257695198059,0.03922624718397856,0.7000395029783248,0.8035133481025696,0.012597897648811363,0.16632988750934596,nan,0.0,nan,0.0,0
15,200,5128,0.2913068181818182,2560,1.615643137693405,0.38984375,0.7976840287446976,0.7944648921489715,0.291015625,0.4120089143514633,0.9102962672710418,0.03137257695198059,0.04188502337783575,0.7045347571372986,0.8003056585788727,0.002621629834175132,0.16632988750934596,nan,0.0,nan,0.0,0
15,220,5148,0.2924431818181818,2560,1.6569479763507844,0.365234375,0.7801479607820511,0.7965903162956238,0.305859375,0.4156064555048943,0.9073846399784088,0.03137257695198059,0.03923617321997881,0.7002454727888108,0.8003056585788727,0.02015769779682164,0.16632988750934596,nan,0.0,nan,0.0,0
15,240,5168,0.29357954545454545,2560,1.6700374603271484,0.361328125,0.8014249473810195,0.810385274887085,0.289453125,0.39946900606155394,0.910565584897995,0.03137257695198059,0.04080197438597679,0.7050372272729873,0.7976840287446976,-0.003740918636321977,0.16632988750934596,nan,0.0,nan,0.0,0
15,260,5188,0.2947159090909091,2560,1.6329412817955018,0.369140625,0.7867521554231643,0.7950596064329147,0.290625,0.41005805432796477,0.9079456478357315,0.03137257695198059,0.03933687470853329,0.7022368848323822,0.7976840287446976,0.010931873321533225,0.16632988750934596,nan,0.0,nan,0.0,0
15,280,5208,0.2958522727272727,2560,1.638588583469391,0.371875,0.7960072934627533,0.8020223140716553,0.291796875,0.41587833762168885,0.9033654749393463,0.03137257695198059,0.04267747830599546,0.7107046455144882,0.7909154504537582,-0.005091843008995123,0.16632988750934596,nan,0.0,nan,0.0,0
15,300,5228,0.29698863636363637,2560,1.6231868982315063,0.3890625,0.8014982908964157,0.8025584071874619,0.264453125,0.4048908084630966,0.9109338313341141,0.03137257695198059,0.0436074385419488,0.712856462597847,0.7960072934627533,-0.005490997433662326,0.16632988750934596,nan,0.0,nan,0.0,0
15,320,5248,0.298125,2560,1.656541121006012,0.37578125,0.7868283003568649,0.7986872494220734,0.282421875,0.40933318585157397,0.9077030420303345,0.03137257695198059,0.041982087306678295,0.7085376799106597,0.7960072934627533,0.009178993105888433,0.16632988750934596,nan,0.0,nan,0.0,0
15,340,5268,0.29926136363636363,2560,1.611846572160721,0.381640625,0.8050966918468475,0.8027823328971863,0.284765625,0.41804913282394407,0.9093101710081101,0.03137257695198059,0.04061236176639795,0.7060443550348282,0.7960072934627533,-0.009089398384094172,0.16632988750934596,nan,0.0,nan,0.0,0
15,352,5280,0.2999431818181818,1480,1.6634286835386947,0.37702702767140156,0.7985372478897507,0.8038444618921022,0.30067567599786293,0.4229426508014267,0.9050359107352591,0.03137257695198059,0.05154169699227488,0.7301279142096236,0.7960072934627533,-0.0025299544269973273,0.16632988750934596,nan,0.0,nan,0.0,0
16,20,5300,0.2989204545454545,2560,1.603594332933426,0.388671875,0.7812752723693848,0.793777734041214,0.274609375,0.40573340058326723,0.9020463496446609,0.03137257695198059,0.03929884470999241,0.701460388302803,0.7985372478897507,0.017261975520365902,0.16632988750934596,nan,0.0,nan,0.0,0
16,40,5320,0.2977840909090909,2560,1.6588523149490357,0.3671875,0.8027115345001221,0.7990106105804443,0.2984375,0.4227161884307861,0.9031842768192291,0.03137257695198059,0.04301513731479645,0.7115022122859955,0.7985372478897507,-0.004174286610371447,0.16632988750934596,nan,0.0,nan,0.0,0
16,60,5340,0.29664772727272726,2560,1.6146112263202668,0.387109375,0.7984527260065079,0.7998652338981629,0.2828125,0.4034256264567375,0.9100508570671082,0.03137257695198059,0.04273502994328737,0.7108283758163452,0.7985372478897507,8.452188324281629e-05,0.16632988750934596,nan,0.0,nan,0.0,0
16,80,5360,0.29551136363636366,2560,1.6470319271087646,0.38359375,0.7727309972047806,0.7912222743034363,0.2984375,0.4307089790701866,0.9109080165624619,0.03137257695198059,0.036152126640081404,0.6921701073646546,0.7985372478897507,0.02580625068497011,0.16632988750934596,nan,0.0,nan,0.0,0
16,100,5380,0.294375,2560,1.655659794807434,0.37265625,0.8121408969163895,0.8086281090974807,0.283203125,0.40135161876678466,0.903766393661499,0.03137257695198059,0.042340635880827905,0.7091977804899215,0.7984527260065079,-0.013688170909881614,0.16632988750934596,nan,0.0,nan,0.0,0
16,120,5400,0.2932386363636364,2560,1.6238339066505432,0.3765625,0.7896266907453537,0.7954457819461822,0.302734375,0.4298927277326584,0.9119498133659363,0.03137257695198059,0.0396205235272646,0.7002394914627075,0.7984527260065079,0.008826035261154108,0.16632988750934596,nan,0.0,nan,0.0,0
16,140,5420,0.2921022727272727,2560,1.6145244002342225,0.38125,0.7901332169771195,0.7948532313108444,0.292578125,0.41646493673324586,0.9062298029661179,0.03137257695198059,0.03702229205518961,0.6948069751262664,0.7984527260065079,0.008319509029388383,0.16632988750934596,nan,0.0,nan,0.0,0
16,160,5440,0.2909659090909091,2560,1.6312659323215484,0.37109375,0.7881037294864655,0.8025741785764694,0.305078125,0.41808380037546156,0.9058024287223816,0.03137257695198059,0.042873302847146987,0.7105998992919922,0.7901332169771195,0.002029487490654014,0.16632988750934596,nan,0.0,nan,0.0,0
16,180,5460,0.2898295454545454,2560,1.6085214257240295,0.384765625,0.7700390875339508,0.7823882043361664,0.296484375,0.4204909712076187,0.9008017480373383,0.03137257695198059,0.03893332947045565,0.700778242945671,0.7896266907453537,0.01958760321140296,0.16632988750934596,nan,0.0,nan,0.0,0
16,200,5480,0.2886931818181818,2560,1.6096603393554687,0.3953125,0.7881199508905411,0.7967270106077194,0.2765625,0.40896738022565843,0.9104253351688385,0.03137257695198059,0.041136568784713744,0.7068412482738495,0.7896266907453537,0.0015067398548126443,0.16632988750934596,nan,0.0,nan,0.0,0
16,220,5500,0.28755681818181816,2560,1.6094384431838988,0.38828125,0.8061165541410447,0.8064347773790359,0.2890625,0.4154678001999855,0.909680837392807,0.03137257695198059,0.04722838420420885,0.7194899767637253,0.7881199508905411,-0.017996603250503562,0.16632988750934596,nan,0.0,nan,0.0,0
16,240,5520,0.28642045454545456,2560,1.61805539727211,0.36796875,0.7815538555383682,0.7976317256689072,0.290625,0.40875728577375414,0.9034230798482895,0.03137257695198059,0.0373230361379683,0.6940374463796616,0.7881199508905411,0.006566095352172896,0.16632988750934596,nan,0.0,nan,0.0,0
16,260,5540,0.2852840909090909,2560,1.6578923642635346,0.384375,0.7949495851993561,0.8029598444700241,0.27109375,0.4141530871391296,0.9118836939334869,0.03137257695198059,0.04348071813583374,0.7130727231502533,0.7881037294864655,-0.006845855712890647,0.16632988750934596,nan,0.0,nan,0.0,0
16,280,5560,0.2841477272727273,2560,1.6244264364242553,0.380078125,0.7939380377531051,0.79910509288311,0.26015625,0.40604693740606307,0.908923614025116,0.03137257695198059,0.040734877809882164,0.7052929192781449,0.7881199508905411,-0.00581808686256402,0.16632988750934596,nan,0.0,nan,0.0,0
16,300,5580,0.28301136363636364,2560,1.661357480287552,0.3828125,0.7985302180051803,0.8044970393180847,0.2703125,0.41386373043060304,0.9107677668333054,0.03137257695198059,0.040071396809071305,0.7026257514953613,0.7939380377531051,-0.004592180252075195,0.16632988750934596,nan,0.0,nan,0.0,0
16,320,5600,0.28187500000000004,2560,1.618624085187912,0.380078125,0.7958782345056534,0.7917687922716141,0.29921875,0.4224632665514946,0.909294655919075,0.03137257695198059,0.04146889094263315,0.7070646435022354,0.7949495851993561,-0.0009286493062973245,0.16632988750934596,nan,0.0,nan,0.0,0
16,340,5620,0.28073863636363633,2560,1.6180339515209199,0.396875,0.7861560910940171,0.7975873559713363,0.259765625,0.42891902327537534,0.9154565393924713,0.03137257695198059,0.03994199987500906,0.7027481734752655,0.7949495851993561,0.008793494105339028,0.16632988750934596,nan,0.0,nan,0.0,0
16,352,5632,0.2800568181818182,1480,1.6620775712502969,0.3695945942724073,0.8072795465185836,0.8097319934819196,0.28716216248434945,0.4157154337779896,0.9144084894979322,0.03137257695198059,0.039253391124106744,0.7026225109358092,0.7949495851993561,-0.012329961319227478,0.16632988750934596,nan,0.0,nan,0.0,0
17,20,5652,0.2789204545454545,2560,1.5869993329048158,0.401953125,0.7870751440525054,0.798051980137825,0.293359375,0.4056119978427887,0.903753811120987,0.03137257695198059,0.03954878021031618,0.7019567608833313,0.7958782345056534,0.008803090453147977,0.16632988750934596,nan,0.0,nan,0.0,0
17,40,5672,0.2777840909090909,2560,1.598705178499222,0.37421875,0.7658156007528305,0.7890827387571335,0.299609375,0.43599190562963486,0.9050661981105804,0.03137257695198059,0.03765185605734587,0.6950387746095658,0.7958782345056534,0.03006263375282292,0.16632988750934596,nan,0.0,nan,0.0,0
17,60,5692,0.27664772727272724,2560,1.582388311624527,0.4015625,0.7722893178462982,0.7932724207639694,0.288671875,0.4174250170588493,0.9112115442752838,0.03137257695198059,0.03795795179903507,0.6987311601638794,0.7870751440525054,0.014785826206207275,0.16632988750934596,nan,0.0,nan,0.0,0
17,80,5712,0.27551136363636364,2560,1.6189859449863433,0.385546875,0.7919725269079209,0.7927533626556397,0.279296875,0.42160682678222655,0.9015250146389008,0.03137257695198059,0.042212340794503686,0.7077078372240067,0.7861560910940171,-0.005816435813903786,0.16632988750934596,nan,0.0,nan,0.0,0
17,100,5732,0.274375,2560,1.651497834920883,0.36953125,0.8040245920419693,0.8059659481048584,0.285546875,0.4020424857735634,0.9075758814811706,0.03137257695198059,0.03817679323256016,0.6984451234340667,0.7870751440525054,-0.01694944798946385,0.16632988750934596,nan,0.0,nan,0.0,0
17,120,5752,0.2732386363636364,2560,1.5785227298736573,0.3828125,0.777075257897377,0.7909403651952743,0.308984375,0.42783302068710327,0.9084024041891098,0.03137257695198059,0.035960433539003134,0.6941989630460739,0.7870751440525054,0.009999886155128479,0.16632988750934596,nan,0.0,nan,0.0,0
17,140,5772,0.2721022727272727,2560,1.5959054112434388,0.388671875,0.7866084396839141,0.8025526851415634,0.28125,0.41738778054714204,0.9054282069206238,0.03137257695198059,0.03683631159365177,0.6941781550645828,0.777075257897377,-0.00953318178653717,0.16632988750934596,nan,0.0,nan,0.0,0
17,160,5792,0.2709659090909091,2560,1.6092207372188567,0.384375,0.7775956153869629,0.7867798060178757,0.28671875,0.409800785779953,0.9074126124382019,0.03137257695198059,0.034631472826004026,0.6887319028377533,0.7866084396839141,0.009012824296951272,0.16632988750934596,nan,0.0,nan,0.0,0
17,180,5812,0.26982954545454546,2560,1.647674947977066,0.362109375,0.7780171602964401,0.7941967189311981,0.2921875,0.40796835720539093,0.9078122645616531,0.03137257695198059,0.03761454774066806,0.6957281053066253,0.7866084396839141,0.00859127938747406,0.16632988750934596,nan,0.0,nan,0.0,0
17,200,5832,0.26869318181818186,2560,1.624769687652588,0.387890625,0.779470905661583,0.7922435969114303,0.2953125,0.4321320906281471,0.9044117152690887,0.03137257695198059,0.037834597006440165,0.6981433361768723,0.7780171602964401,-0.0014537453651428667,0.16632988750934596,nan,0.0,nan,0.0,0
17,220,5852,0.26755681818181815,2560,1.6172779619693756,0.393359375,0.782178083062172,0.7936779230833053,0.27109375,0.42539519965648653,0.9146356135606766,0.03137257695198059,0.03869167976081371,0.7009851634502411,0.7780171602964401,-0.004160922765731878,0.16632988750934596,nan,0.0,nan,0.0,0
17,240,5872,0.26642045454545454,2560,1.5879243910312653,0.40078125,0.7769667148590088,0.7923167109489441,0.26484375,0.4138833746314049,0.8964653164148331,0.03137257695198059,0.0367408262565732,0.6921826243400574,0.779470905661583,0.0025041908025741355,0.16632988750934596,nan,0.0,nan,0.0,0
17,260,5892,0.2652840909090909,2560,1.5743030548095702,0.394140625,0.7594303786754608,0.7919297695159913,0.2984375,0.4208540007472038,0.9096889674663544,0.03137257695198059,0.03471651999279857,0.6900447905063629,0.7780171602964401,0.018586781620979265,0.16632988750934596,nan,0.0,nan,0.0,0
17,280,5912,0.26414772727272723,2560,1.5707954347133637,0.3984375,0.7651521503925324,0.7877985835075378,0.281640625,0.4275248020887375,0.9117883235216141,0.03137257695198059,0.0398520864546299,0.7030089974403382,0.7780171602964401,0.01286500990390771,0.16632988750934596,nan,0.0,nan,0.0,0
17,300,5932,0.2630113636363636,2560,1.584540218114853,0.4015625,0.7637404382228852,0.789143517613411,0.275,0.4166164368391037,0.9086174219846725,0.03137257695198059,0.03648837376385927,0.6925733685493469,0.7769667148590088,0.013226276636123635,0.16632988750934596,nan,0.0,nan,0.0,0
17,320,5952,0.26187499999999997,2560,1.5886430978775024,0.400390625,0.7671908438205719,0.7822579920291901,0.301171875,0.435976006090641,0.9128764003515244,0.03137257695198059,0.03846946712583303,0.7015536695718765,0.7651521503925324,-0.0020386934280395286,0.16632988750934596,nan,0.0,nan,0.0,0
17,340,5972,0.26073863636363637,2560,1.6191541850566864,0.38359375,0.7737252950668335,0.7876617610454559,0.296875,0.4175771251320839,0.9063363552093506,0.03137257695198059,0.03721519410610199,0.6963387042284012,0.7651521503925324,-0.008573144674301147,0.16632988750934596,nan,0.0,nan,0.0,0
17,352,5984,0.2600568181818182,1480,1.5870083357836748,0.4013513519957259,0.7674115061759949,0.7796103148847013,0.29999999983890635,0.432303642582249,0.9122404839541461,0.03137257695198059,0.037641909557419855,0.6984526002729261,0.7651521503925324,-0.00225935578346248,0.16632988750934596,nan,0.0,nan,0.0,0
18,20,6004,0.25892045454545454,2560,1.5650269448757173,0.41328125,0.7665284782648086,0.7926887720823288,0.258984375,0.40385972857475283,0.9075795710086823,0.03137257695198059,0.036779485456645486,0.6966133713722229,0.7671908438205719,0.0006623655557632668,0.16632988750934596,nan,0.0,nan,0.0,0
18,40,6024,0.25778409090909093,2560,1.5679047107696533,0.398046875,0.7639042228460312,0.7901823848485947,0.27890625,0.43018412590026855,0.9050917476415634,0.03137257695198059,0.03507378846406937,0.6903578907251358,0.7671908438205719,0.0032866209745406882,0.16632988750934596,nan,0.0,nan,0.0,0
18,60,6044,0.2566477272727273,2560,1.6309034883975984,0.373046875,0.7498326808214187,0.7839805752038955,0.298828125,0.4222165524959564,0.9104054987430572,0.03137257695198059,0.03273399407044053,0.6813364386558532,0.7671908438205719,0.01735816299915316,0.16632988750934596,nan,0.0,nan,0.0,0
18,80,6064,0.2555113636363637,2560,1.5756496965885163,0.4046875,0.7625392645597457,0.7950102657079696,0.286328125,0.41175665706396103,0.9032959192991257,0.03137257695198059,0.03696643821895122,0.6975294589996338,0.7665284782648086,0.003989213705062888,0.16632988750934596,nan,0.0,nan,0.0,0
18,100,6084,0.25437499999999996,2560,1.5353464841842652,0.41171875,0.7170966982841491,0.7736098170280457,0.28671875,0.4266986235976219,0.9097258448600769,0.03137257695198059,0.03304550228640437,0.6821818262338638,0.7639042228460312,0.046807524561882086,0.16632988750934596,nan,0.0,nan,0.0,0
18,120,6104,0.25323863636363636,2560,1.5901166677474976,0.397265625,0.7300504177808762,0.7840149104595184,0.2859375,0.42620513439178465,0.9091715723276138,0.03137257695198059,0.032133204862475395,0.6831033200025558,0.7625392645597457,0.03248884677886954,0.16632988750934596,nan,0.0,nan,0.0,0
18,140,6124,0.2521022727272727,2560,1.5446219980716704,0.4078125,0.7141145467758179,0.7821655482053756,0.25390625,0.3925531193614006,0.9082211941480637,0.03137257695198059,0.03281049430370331,0.6849867105484009,0.7498326808214187,0.03571813404560087,0.16632988750934596,nan,0.0,nan,0.0,0
18,160,6144,0.2509659090909091,2560,1.525523978471756,0.4109375,0.6803267210721969,0.759436058998108,0.2796875,0.4235092043876648,0.91178680062294,0.03137257695198059,0.031227102782577277,0.681695282459259,0.7300504177808762,0.049723696708679266,0.16632988750934596,nan,0.0,nan,0.0,0
18,180,6164,0.24982954545454544,2560,1.5213768780231476,0.415234375,0.4836437121033669,0.7260812371969223,0.267578125,0.36756219863891604,0.9064617395401001,0.03137257695198059,0.02349835876375437,0.6534886568784714,0.7170966982841491,0.23345298618078225,0.16632988750934596,nan,0.0,nan,0.0,0
18,200,6184,0.24869318181818179,2560,1.4541722297668458,0.447265625,0.3440030187368393,0.697404757142067,0.24375,0.3611403316259384,0.9068660914897919,0.03137257695198059,0.019654448237270118,0.6260211527347564,0.7141145467758179,0.37011152803897857,0.16632988750934596,nan,0.0,nan,0.0,0
18,220,6204,0.24755681818181818,2560,1.3137928664684295,0.51640625,0.09433051142841578,0.6074670374393463,0.193359375,0.2826946139335632,0.9113408505916596,0.03137257695198059,0.025633922219276427,0.6494189232587815,0.6803267210721969,0.5859962096437812,0.16632988750934596,nan,0.0,nan,0.0,0
18,240,6224,0.2464204545454545,2560,1.1873039543628692,0.571875,0.04690762578975409,0.5596555233001709,0.139453125,0.1742137361317873,0.9153235286474228,0.03137257695198059,0.036901347991079095,0.6831803351640702,0.4836437121033669,0.43673608631361277,0.16632988750934596,nan,0.0,nan,0.0,0
18,260,6244,0.2452840909090909,2560,1.2928683310747147,0.53359375,0.030519706744235008,0.5654496729373932,0.148046875,0.22816500142216684,0.9158600032329559,0.03137257695198059,0.03269459865987301,0.6728650003671646,0.3440030187368393,0.3134833119926043,0.16632988750934596,nan,0.0,nan,0.0,0
18,280,6264,0.24414772727272724,2560,1.212009572982788,0.55625,0.037017036229372025,0.5593308985233307,0.1671875,0.17107573561370373,0.9191838830709458,0.03137257695198059,0.03219502568244934,0.6745211184024811,0.09433051142841578,0.057313475199043756,0.16632988750934596,nan,0.0,nan,0.0,0
18,300,6284,0.24301136363636364,2560,1.0777876913547515,0.602734375,0.024714071443304418,0.528649415075779,0.191015625,0.04169339537620544,0.9163048028945923,0.03137257695198059,0.033455440495163205,0.6813290625810623,0.04690762578975409,0.022193554346449672,0.16632988750934596,nan,0.0,nan,0.0,0
18,320,6304,0.24187499999999995,2560,1.0509231746196748,0.62578125,0.027883252373430877,0.5161501750349998,0.170703125,0.020469831582158805,0.9154378443956375,0.03137257695198059,0.028915834985673426,0.6650733143091202,0.037017036229372025,0.009133783855941147,0.16632988750934596,nan,0.0,nan,0.0,0
18,340,6324,0.24073863636363635,2560,1.0102318614721297,0.6453125,0.019554904592223466,0.5150050044059753,0.161328125,-0.019059028988704086,0.9124796777963639,0.03137257695198059,0.028076193388551475,0.6553013920783997,0.030519706744235008,0.010964802152011541,0.16632988750934596,nan,0.0,nan,0.0,0
18,352,6336,0.2400568181818182,1480,0.9033464116019172,0.6831081090746699,0.04355782440083252,0.5099195995846311,0.21148648600320558,-0.08466899773559054,0.913320864857854,0.03137257695198059,0.027189630743216824,0.650866607073191,0.027883252373430877,-0.015674572027401645,0.16632988750934596,nan,0.0,nan,0.0,0
19,20,6356,0.23892045454545452,2560,0.9604327291250229,0.68046875,0.030009996658191086,0.5170819744467735,0.242578125,-0.0985842284746468,0.9134767085313797,0.03137257695198059,0.02455169828608632,0.6435718268156052,0.027883252373430877,-0.0021267442847602083,0.16632988750934596,nan,0.0,nan,0.0,0
19,40,6376,0.23778409090909092,2560,0.8110057860612869,0.733203125,0.027949381386861205,0.5030826777219772,0.2328125,-0.2040949920192361,0.9138523280620575,0.03137257695198059,0.023149049002677204,0.6419816225767135,0.027883252373430877,-6.612901343032787e-05,0.16632988750934596,nan,0.0,nan,0.0,0
19,60,6396,0.23664772727272726,2560,0.7531397670507431,0.75546875,0.026160998828709127,0.5115832149982452,0.267578125,-0.3419655852019787,0.9161368310451508,0.03137257695198059,0.02556738955900073,0.6555810093879699,0.027949381386861205,0.0017883825581520782,0.16632988750934596,nan,0.0,nan,0.0,0
19,80,6416,0.23551136363636366,2560,0.7270395919680596,0.76796875,0.027574862306937575,0.5194501429796219,0.262109375,-0.35618351250886915,0.9134873926639557,0.03137257695198059,0.022142165526747703,0.6432148456573487,0.027949381386861205,0.00037451907992363045,0.16632988750934596,nan,0.0,nan,0.0,0
19,100,6436,0.234375,2560,0.7101819962263107,0.76875,0.02567381989210844,0.5027142971754074,0.3375,-0.5548506632447243,0.9111013025045395,0.03137257695198059,0.024907797016203402,0.6554834991693497,0.027949381386861205,0.0022755614947527654,0.16632988750934596,nan,0.0,nan,0.0,0
19,120,6456,0.23323863636363631,2560,0.6325377583503723,0.7890625,0.02667667643399909,0.5086128413677216,0.352734375,-0.6507798209786415,0.9115682184696198,0.03137257695198059,0.02387299630790949,0.6530462950468063,0.027574862306937575,0.0008981858729384846,0.16632988750934596,nan,0.0,nan,0.0,0
19,140,6476,0.2321022727272727,2560,0.5625985324382782,0.82265625,0.02180265635251999,0.5024620220065117,0.36171875,-0.7497590154409408,0.9149517238140106,0.03137257695198059,0.023419551271945237,0.6589354664087296,0.02667667643399909,0.004874020081479101,0.16632988750934596,nan,0.0,nan,0.0,0
19,160,6496,0.23096590909090906,2560,0.5119625329971313,0.8390625,0.00377938449382782,0.5021736279129982,0.344140625,-0.6534252658486366,0.9106506526470184,0.03137257695198059,0.02274929527193308,0.6508198976516724,0.026160998828709127,0.022381614334881308,0.16632988750934596,nan,0.0,nan,0.0,0
19,180,6516,0.22982954545454545,2560,0.5023728623986244,0.83671875,0.028363232442643493,0.5105874523520469,0.398828125,-0.9281579434871674,0.9155354976654053,0.03137257695198059,0.02757454803213477,0.6769478440284729,0.02567381989210844,-0.0026894125505350537,0.16632988750934596,nan,0.0,nan,0.0,0
19,200,6536,0.22869318181818177,2560,0.5327776834368706,0.83828125,0.01374806563835591,0.49881377071142197,0.395703125,-0.9273864179849625,0.9137673884630203,0.03137257695198059,0.023409356269985436,0.6589093327522277,0.02567381989210844,0.01192575425375253,0.16632988750934596,nan,0.0,nan,0.0,0
19,220,6556,0.22755681818181817,2560,0.4926255434751511,0.844921875,0.011455796752125024,0.5129533261060715,0.371875,-0.8781463891267777,0.913621923327446,0.03137257695198059,0.0268094452098012,0.673938000202179,0.02180265635251999,0.010346859600394965,0.16632988750934596,nan,0.0,nan,0.0,0
19,240,6576,0.2264204545454545,2560,0.511134359240532,0.834765625,0.008417021529749037,0.49807232320308686,0.4265625,-1.0676404327154159,0.9115585505962371,0.03137257695198059,0.024791079759597778,0.663390651345253,0.01374806563835591,0.0053310441086068736,0.16632988750934596,nan,0.0,nan,0.0,0
19,260,6596,0.2252840909090909,2560,0.45501435101032256,0.84921875,0.01219181155320257,0.5090615764260292,0.41328125,-1.0061162292957306,0.9132850795984269,0.03137257695198059,0.025332136638462545,0.6616703659296036,0.011455796752125024,-0.0007360148010775447,0.16632988750934596,nan,0.0,nan,0.0,0
19,280,6616,0.22414772727272725,2560,0.46937513202428816,0.847265625,0.021878859482239933,0.5100689098238945,0.396484375,-1.0122405737638474,0.9136346340179443,0.03137257695198059,0.02768628615885973,0.6777713686227799,0.01219181155320257,-0.009687047929037363,0.16632988750934596,nan,0.0,nan,0.0,0
19,300,6636,0.22301136363636365,2560,0.449057312309742,0.85234375,0.012889519007876516,0.49943950921297076,0.409765625,-1.042962881922722,0.9137214779853821,0.03137257695198059,0.0259854381904006,0.6715891987085343,0.01219181155320257,-0.0006977074546739466,0.16632988750934596,nan,0.0,nan,0.0,0
19,320,6656,0.22187499999999996,2560,0.43528674393892286,0.859375,0.014371396531350911,0.5073340281844139,0.377734375,-0.9010601133108139,0.9131430506706237,0.03137257695198059,0.027661041542887687,0.6788442999124527,0.01219181155320257,-0.002179584978148342,0.16632988750934596,nan,0.0,nan,0.0,0
19,340,6676,0.22073863636363636,2560,0.45625677406787873,0.8578125,0.00858244108967483,0.5009360134601593,0.440625,-1.1218557715415955,0.913561400771141,0.03137257695198059,0.028137531224638225,0.6806877285242081,0.012889519007876516,0.004307077918201686,0.16632988750934596,nan,0.0,nan,0.0,0
19,352,6688,0.22005681818181821,1480,0.4133617001610833,0.8702702693037084,0.014663089892348727,0.505849274912396,0.39189189221407916,-0.9811371484318295,0.914786362325823,0.03137257695198059,0.030931260215269554,0.6940911431570311,0.012889519007876516,-0.001773570884472211,0.16632988750934596,nan,0.0,nan,0.0,0
20,20,6708,0.21892045454545453,2560,0.38890816569328307,0.876953125,0.0005754452664405108,0.500861243903637,0.349609375,-0.8682522624731064,0.9159289270639419,0.03137257695198059,0.02866012863814831,0.6891846209764481,0.014371396531350911,0.0137959512649104,0.16632988750934596,nan,0.0,nan,0.0,0
20,40,6728,0.21778409090909087,2560,0.43728458881378174,0.85078125,0.008078915072837844,0.5048627376556396,0.388671875,-0.9371296793222428,0.9133607417345047,0.03137257695198059,0.027268127351999284,0.6834096938371659,0.012889519007876516,0.004810603935038672,0.16632988750934596,nan,0.0,nan,0.0,0
20,60,6748,0.21664772727272727,2560,0.3595546752214432,0.88046875,-0.001803125167498365,0.4977025493979454,0.390234375,-1.0381142437458037,0.9159451931715011,0.03137257695198059,0.02711739521473646,0.6780803978443146,0.00858244108967483,0.010385566257173195,0.16632988750934596,nan,0.0,nan,0.0,0
20,80,6768,0.2155113636363636,2560,0.4295973487198353,0.8609375,-0.010867303423583507,0.49637439996004107,0.409375,-1.1005482435226441,0.9143144130706787,0.03137257695198059,0.027262982353568076,0.6818462312221527,0.008078915072837844,0.01894621849642135,0.16632988750934596,nan,0.0,nan,0.0,0
20,100,6788,0.214375,2560,0.3706308200955391,0.880859375,0.010960329673253,0.5058998242020607,0.441015625,-1.2596975028514863,0.9121868312358856,0.03137257695198059,0.03072635056450963,0.6929755330085754,0.0005754452664405108,-0.010384884406812489,0.16632988750934596,nan,0.0,nan,0.0,0
20,120,6808,0.21323863636363632,2560,0.4123064160346985,0.87265625,0.009756821300834417,0.5022982448339463,0.412890625,-1.161032459139824,0.915283477306366,0.03137257695198059,0.02709004795178771,0.6752578556537628,0.0005754452664405108,-0.009181376034393906,0.16632988750934596,nan,0.0,nan,0.0,0
20,140,6828,0.21210227272727272,2560,0.44574143886566164,0.85703125,0.011700787488371134,0.5029639080166817,0.4734375,-1.2878231883049012,0.9150361567735672,0.03137257695198059,0.02389952717348933,0.6592949211597443,0.008078915072837844,-0.00362187241553329,0.16632988750934596,nan,0.0,nan,0.0,0
20,160,6848,0.21096590909090907,2560,0.3034764014184475,0.906640625,-0.006079858541488648,0.4933785855770111,0.410546875,-1.087468323111534,0.9138500481843949,0.03137257695198059,0.02668093852698803,0.6758445411920547,0.009756821300834417,0.015836679842323065,0.16632988750934596,nan,0.0,nan,0.0,0
20,180,6868,0.20982954545454546,2560,0.34653966724872587,0.88359375,0.01362540633417666,0.5087867930531502,0.44921875,-1.345930129289627,0.9159989863634109,0.03137257695198059,0.02479334771633148,0.6687352567911148,0.009756821300834417,-0.003868585033342243,0.16632988750934596,nan,0.0,nan,0.0,0
20,200,6888,0.20869318181818178,2560,0.3373810738325119,0.887890625,0.003790795954409987,0.4999092221260071,0.438671875,-1.2281912803649901,0.91455779671669,0.03137257695198059,0.02638490656390786,0.6774722427129746,0.010960329673253,0.007169533718843013,0.16632988750934596,nan,0.0,nan,0.0,0
20,220,6908,0.20755681818181818,2560,0.3986340746283531,0.869140625,-0.001574201585026458,0.4988164439797401,0.37265625,-0.8864298939704895,0.9132906764745712,0.03137257695198059,0.02397042131051421,0.6784871280193329,0.009756821300834417,0.011331022885860876,0.16632988750934596,nan,0.0,nan,0.0,0
20,240,6928,0.20642045454545452,2560,0.435529488325119,0.86171875,-0.0022457616403698923,0.5036126613616944,0.39765625,-1.0254123479127883,0.9150189936161042,0.03137257695198059,0.01928514293394983,0.6508877784013748,0.003790795954409987,0.0060365575947798795,0.16632988750934596,nan,0.0,nan,0.0,0
20,260,6948,0.20528409090909092,2560,0.440125872194767,0.86015625,-0.00838308702223003,0.4954616665840149,0.405078125,-0.9766958832740784,0.9141099512577057,0.03137257695198059,0.01717068743892014,0.6393995851278305,-0.001574201585026458,0.006808885437203572,0.16632988750934596,nan,0.0,nan,0.0,0
20,280,6968,0.20414772727272726,2560,0.4497487410902977,0.85625,0.0039032047614455225,0.5115041255950927,0.386328125,-0.9348917245864868,0.9137971460819244,0.03137257695198059,0.02007322311401367,0.6630647301673889,-0.001574201585026458,-0.00547740634647198,0.16632988750934596,nan,0.0,nan,0.0,0
20,300,6988,0.20301136363636366,2560,0.6660320311784744,0.784765625,-0.004055286780931056,0.5086494669318199,0.371484375,-0.6449797585606575,0.915219384431839,0.03137257695198059,0.016783632012084125,0.6366221100091934,-0.001574201585026458,0.002481085195904598,0.16632988750934596,nan,0.0,nan,0.0,0
20,320,7008,0.20187499999999997,2560,1.251730728149414,0.58046875,0.002081690507475287,0.5212954327464103,0.26953125,0.15379541404545308,0.9138068109750748,0.03137257695198059,0.01895150067284703,0.6405022263526916,-0.0022457616403698923,-0.0043274521478451795,0.16632988750934596,nan,0.0,nan,0.0,0
20,340,7028,0.20073863636363637,2560,1.5132871985435485,0.482421875,0.09390755784697831,0.5933679163455963,0.359375,0.3822905321139842,0.9152570277452469,0.03137257695198059,0.019782109744846822,0.624805149435997,-0.0022457616403698923,-0.0961533194873482,0.16632988750934596,nan,0.0,nan,0.0,0
20,352,7040,0.20005681818181814,1480,1.9038096982079584,0.2817567572400377,0.5833720481073534,0.7428546180596223,0.303378378539472,0.39895468708631154,0.9150043287792722,0.03137257695198059,0.04304878617057929,0.7239289725149,0.002081690507475287,-0.5812903575998781,0.16632988750934596,nan,0.0,nan,0.0,0
