epoch,batch,global_step,lr,window_samples,train_adv_loss,train_adv_acc,free_gradient_cosine,free_gradient_sign_agreement,free_prediction_disagreement,free_attack_loss_gain,free_boundary_fraction,free_delta_linf,control_gradient_participation_ratio,control_gradient_entropy,detector_baseline,detector_score,detector_threshold,detector_pgd10_acc,detector_seconds,observer_pgd10_acc,observer_pgd10_seconds,intervention_triggered
1,20,20,0.0010795454545454546,2560,2.8462310791015626,0.0,0.06651394721120596,0.5149653345346451,0.30703125,0.5533948004245758,0.6012348353862762,0.03137257695198059,0.23799740448594092,0.8824027806520462,nan,nan,0.16632988750934596,nan,0.0,nan,0.0,0
1,40,40,0.002215909090909091,2560,2.5778645515441894,0.009375,0.2030893884599209,0.5537048578262329,0.30625,0.3625685840845108,0.6007487207651139,0.03137257695198059,0.21600935310125352,0.8743157655000686,nan,nan,0.16632988750934596,nan,0.0,nan,0.0,0
1,60,60,0.0033522727272727276,2560,2.331851673126221,0.087109375,0.5195572435855865,0.6483417809009552,0.189453125,0.1485955111682415,0.6002021968364716,0.03137257695198059,0.1699375994503498,0.847975242137909,nan,nan,0.16632988750934596,nan,0.0,nan,0.0,0
1,80,80,0.004488636363636363,2560,2.243183422088623,0.15546875,0.7147080808877945,0.7158261805772781,0.162109375,0.11065267324447632,0.60207559466362,0.03137257695198059,0.13684875145554543,0.8181538939476013,0.2030893884599209,-0.5116186924278736,0.16632988750934596,nan,0.0,nan,0.0,0
1,100,100,0.005625,2560,2.194812774658203,0.16328125,0.7809811919927597,0.7427852898836136,0.203125,0.12187994755804539,0.6042855739593506,0.03137257695198059,0.12254398800432682,0.8034725368022919,0.3613233160227537,-0.41965787597000603,0.16632988750934596,nan,0.0,0.203125,0.37090660000103526,0
1,120,120,0.006761363636363636,2560,2.1877630233764647,0.179296875,0.8283518403768539,0.7647744655609131,0.185546875,0.11790090873837471,0.6046417415142059,0.03137257695198059,0.10608807988464833,0.7833166003227234,0.5195572435855865,-0.3087945967912674,0.16632988750934596,nan,0.0,nan,0.0,0
1,140,140,0.007897727272727272,2560,2.1354391813278197,0.196875,0.8571550905704498,0.782565838098526,0.189453125,0.13323209173977374,0.6020885705947876,0.03137257695198059,0.1023964211344719,0.778686785697937,0.7147080808877945,-0.14244700968265533,0.16632988750934596,nan,0.0,nan,0.0,0
1,160,160,0.009034090909090908,2560,2.1196945905685425,0.2,0.8731501072645187,0.7942060023546219,0.192578125,0.1501718483865261,0.6010074824094772,0.03137257695198059,0.09103430397808551,0.7616353511810303,0.7809811919927597,-0.09216891527175897,0.16632988750934596,nan,0.0,nan,0.0,0
1,180,180,0.010170454545454547,2560,2.1257254600524904,0.2109375,0.876581409573555,0.8076838374137878,0.190625,0.15760580077767372,0.6019713282585144,0.03137257695198059,0.08892076574265957,0.7616458684206009,0.8283518403768539,-0.04822956919670107,0.16632988750934596,nan,0.0,nan,0.0,0
1,200,200,0.011306818181818182,2560,2.115435314178467,0.199609375,0.8906866908073425,0.8175316005945206,0.19296875,0.16815946847200394,0.6020196408033371,0.03137257695198059,0.08681002818048,0.7576644808053971,0.8571550905704498,-0.03353160023689272,0.16632988750934596,nan,0.0,0.2578125,0.3688683999935165,0
1,220,220,0.012443181818181819,2560,2.0595884799957274,0.228125,0.9012983620166779,0.8254664331674576,0.192578125,0.17699576094746589,0.6034507989883423,0.03137257695198059,0.08442600965499877,0.7580180168151855,0.8731501072645187,-0.028148254752159207,0.16632988750934596,nan,0.0,nan,0.0,0
1,240,240,0.013579545454545454,2560,2.058504319190979,0.22734375,0.8927871376276016,0.8278395533561707,0.198046875,0.2080385997891426,0.6020556390285492,0.03137257695198059,0.08502155207097531,0.7618127763271332,0.876581409573555,-0.01620572805404663,0.16632988750934596,nan,0.0,nan,0.0,0
1,260,260,0.014715909090909089,2560,2.0593567371368406,0.225390625,0.9042081028223038,0.8360721796751023,0.1953125,0.19606308788061141,0.6055131465196609,0.03137257695198059,0.08231926970183849,0.7602527379989624,0.8906866908073425,-0.013521412014961265,0.16632988750934596,nan,0.0,nan,0.0,0
1,280,280,0.015852272727272725,2560,2.03985710144043,0.225,0.9130822777748108,0.8462632715702056,0.216015625,0.20676674470305442,0.6041139215230942,0.03137257695198059,0.08280636221170426,0.7632133573293686,0.8927871376276016,-0.020295140147209123,0.16632988750934596,nan,0.0,nan,0.0,0
1,300,300,0.016988636363636362,2560,2.0352040767669677,0.244921875,0.9111152946949005,0.8468221306800843,0.193359375,0.2159151777625084,0.6044714838266373,0.03137257695198059,0.08172174580395222,0.7628096401691437,0.9012983620166779,-0.00981693267822259,0.16632988750934596,nan,0.0,0.2578125,0.3706952999928035,0
1,320,320,0.018125,2560,1.9962525844573975,0.248046875,0.9100336074829102,0.8428010523319245,0.1859375,0.22023939713835716,0.6070602715015412,0.03137257695198059,0.08105638027191162,0.7624662518501282,0.9042081028223038,-0.005825504660606384,0.16632988750934596,nan,0.0,nan,0.0,0
1,340,340,0.019261363636363635,2560,2.0153308868408204,0.234765625,0.9135660827159882,0.8515729486942292,0.205078125,0.21798984706401825,0.603725579380989,0.03137257695198059,0.08018615134060383,0.7612177163362503,0.9100336074829102,-0.0035324752330779807,0.16632988750934596,nan,0.0,nan,0.0,0
1,352,352,0.019943181818181818,1480,1.998148655247044,0.23851351327187306,0.9144296443140184,0.8498409880174173,0.2013513511097109,0.2222631928888527,0.601539430747161,0.031372576770750255,0.07841424801059671,0.759037298447377,0.9111152946949005,-0.003314349619117918,0.16632988750934596,nan,0.0,nan,0.0,0
2,20,372,0.021079545454545455,2560,1.9703278541564941,0.262109375,0.9141040235757828,0.849632415175438,0.19375,0.23280232176184654,0.606047835946083,0.03137257695198059,0.07772937938570976,0.7578598827123642,0.9130822777748108,-0.0010217458009720293,0.16632988750934596,nan,0.0,nan,0.0,0
2,40,392,0.022215909090909088,2560,1.9977027893066406,0.24453125,0.9216491490602493,0.8568658381700516,0.180078125,0.23002847656607628,0.6061474114656449,0.03137257695198059,0.0760006383061409,0.7550460696220398,0.9135660827159882,-0.008083066344261147,0.16632988750934596,nan,0.0,0.2421875,0.3802610000129789,0
2,60,412,0.023352272727272725,2560,2.016127681732178,0.2375,0.918954399228096,0.8560311913490295,0.190625,0.23692682906985282,0.6045640558004379,0.03137257695198059,0.07561334520578385,0.7564187616109848,0.9141040235757828,-0.004850375652313166,0.16632988750934596,nan,0.0,nan,0.0,0
2,80,432,0.024488636363636365,2560,1.9616697311401368,0.256640625,0.9222025543451309,0.8596791744232177,0.18828125,0.23336103111505507,0.6031519770622253,0.03137257695198059,0.073588627576828,0.753110072016716,0.9144296443140184,-0.007772910031112468,0.16632988750934596,nan,0.0,nan,0.0,0
2,100,452,0.025625,2560,1.956859040260315,0.27109375,0.913531270623207,0.8541729182004929,0.201171875,0.2466013066470623,0.6049250423908233,0.03137257695198059,0.07136852294206619,0.7514042615890503,0.918954399228096,0.005423128604888916,0.16632988750934596,nan,0.0,nan,0.0,0
2,120,472,0.026761363636363635,2560,1.9361535549163817,0.275,0.9167991489171982,0.8603528499603271,0.197265625,0.2540736846625805,0.6043740808963776,0.03137257695198059,0.07608637176454067,0.7590028762817382,0.918954399228096,0.002155250310897805,0.16632988750934596,nan,0.0,nan,0.0,0
2,140,492,0.027897727272727272,2560,1.9658329010009765,0.255078125,0.9172109574079513,0.8592607051134109,0.18515625,0.2532710313796997,0.6080302178859711,0.03137257695198059,0.07287421561777592,0.7520907193422317,0.918954399228096,0.0017434418201446311,0.16632988750934596,nan,0.0,0.265625,0.37282089999644086,0
2,160,512,0.02903409090909091,2560,1.9886168003082276,0.24609375,0.9109766393899917,0.8559627741575241,0.212890625,0.2558311767876148,0.6040187984704971,0.03137257695198059,0.07250137850642205,0.7564980745315552,0.9172109574079513,0.006234318017959595,0.16632988750934596,nan,0.0,nan,0.0,0
2,180,532,0.030170454545454545,2560,1.966111660003662,0.259375,0.9223887354135514,0.8651291102170944,0.203125,0.24616583064198494,0.602684161067009,0.03137257695198059,0.07393507696688176,0.7567652255296707,0.9167991489171982,-0.005589586496353216,0.16632988750934596,nan,0.0,nan,0.0,0
2,200,552,0.03130681818181818,2560,1.92595431804657,0.285546875,0.9183950126171112,0.86241355240345,0.196875,0.2593053698539734,0.6065679073333741,0.03137257695198059,0.0707363709807396,0.752537164092064,0.9167991489171982,-0.001595863699913047,0.16632988750934596,nan,0.0,nan,0.0,0
2,220,572,0.032443181818181815,2560,1.9513246536254882,0.260546875,0.9191443264484406,0.8646825402975082,0.209375,0.26232174411416054,0.603385055065155,0.03137257695198059,0.07201620377600193,0.7556412041187286,0.9172109574079513,-0.0019333690404892412,0.16632988750934596,nan,0.0,nan,0.0,0
2,240,592,0.03357954545454545,2560,1.904832649230957,0.27109375,0.9216488420963287,0.865685299038887,0.191796875,0.25892575457692146,0.6050739496946335,0.03137257695198059,0.06961032524704933,0.7528996855020523,0.9183950126171112,-0.003253829479217485,0.16632988750934596,nan,0.0,0.296875,0.37373230000957847,0
2,260,612,0.03471590909090909,2560,1.9189862251281737,0.269140625,0.9141995489597321,0.8616272062063217,0.244140625,0.2945073671638966,0.6048362970352172,0.03137257695198059,0.06524151153862476,0.7439145475625992,0.9191443264484406,0.004944777488708474,0.16632988750934596,nan,0.0,nan,0.0,0
2,280,632,0.035852272727272726,2560,1.8998538494110107,0.27578125,0.9228788942098618,0.8695842981338501,0.202734375,0.2575743801891804,0.6026230096817017,0.03137257695198059,0.07273510321974755,0.7566916853189468,0.9191443264484406,-0.003734567761421226,0.16632988750934596,nan,0.0,nan,0.0,0
2,300,652,0.03698863636363636,2560,1.884141731262207,0.26953125,0.9132995218038559,0.8596520900726319,0.205078125,0.28473806753754616,0.6052688777446746,0.03137257695198059,0.06828398052603006,0.7485883146524429,0.9191443264484406,0.0058448046445847,0.16632988750934596,nan,0.0,nan,0.0,0
2,320,672,0.038125,2560,1.8958503007888794,0.266796875,0.919415745139122,0.866029879450798,0.1984375,0.2677394263446331,0.6052349239587784,0.03137257695198059,0.0737078171223402,0.7570642322301865,0.9191443264484406,-0.0002714186906814797,0.16632988750934596,nan,0.0,nan,0.0,0
2,340,692,0.03926136363636363,2560,1.8968725442886352,0.274609375,0.9162979066371918,0.8668299525976181,0.215234375,0.28917118459939956,0.6063195705413819,0.03137257695198059,0.07224712260067463,0.7588219225406647,0.919415745139122,0.003117838501930259,0.16632988750934596,nan,0.0,0.234375,0.3723835999844596,0
2,352,704,0.039943181818181815,1480,1.8956444018595928,0.2885135138357008,0.9265742073187957,0.8705617105638659,0.19729729794167183,0.27683216349498646,0.5993806526467607,0.03137257695198059,0.06357304765968709,0.7408535822017773,0.9162979066371918,-0.0102763006816039,0.16632988750934596,nan,0.0,nan,0.0,0
3,20,724,0.04107954545454545,2560,1.8921773195266725,0.2953125,0.9219009697437286,0.871420431137085,0.215625,0.2932384476065636,0.6049556940793991,0.03137257695198059,0.0668822081759572,0.7494340628385544,0.919415745139122,-0.0024852246046065396,0.16632988750934596,nan,0.0,nan,0.0,0
3,40,744,0.04221590909090909,2560,1.9147878229618072,0.295703125,0.9139327973127365,0.864423269033432,0.185546875,0.2887681066989899,0.6066632807254791,0.03137257695198059,0.069755544885993,0.7550235986709595,0.919415745139122,0.005482947826385587,0.16632988750934596,nan,0.0,nan,0.0,0
3,60,764,0.043352272727272725,2560,1.9348334789276123,0.266015625,0.9284125804901123,0.8727379024028779,0.2046875,0.2868588238954544,0.6054725855588913,0.03137257695198059,0.0667505230754614,0.7489150047302247,0.919415745139122,-0.008996835350990273,0.16632988750934596,nan,0.0,nan,0.0,0
3,80,784,0.04448863636363636,2560,1.8789265632629395,0.280859375,0.9194828569889069,0.8686532557010651,0.210546875,0.2767236538231373,0.6051320612430573,0.03137257695198059,0.06450186669826508,0.7442511886358261,0.9219009697437286,0.002418112754821733,0.16632988750934596,nan,0.0,0.265625,0.3701508999802172,0
3,100,804,0.04562499999999999,2560,1.9133979082107544,0.275,0.9187011927366256,0.867623022198677,0.216796875,0.2982049137353897,0.6018795192241668,0.03137257695198059,0.06605976913124323,0.7498744934797287,0.9219009697437286,0.003199777007102944,0.16632988750934596,nan,0.0,nan,0.0,0
3,120,824,0.046761363636363636,2560,1.9100770473480224,0.274609375,0.91578968167305,0.8638792872428894,0.19375,0.2842039726674557,0.6034043848514556,0.03137257695198059,0.06536443214863538,0.7458449333906174,0.9194828569889069,0.003693175315856889,0.16632988750934596,nan,0.0,nan,0.0,0
3,140,844,0.04789772727272727,2560,1.849387526512146,0.302734375,0.9117461204528808,0.8611470699310303,0.2203125,0.3005156621336937,0.6018997400999069,0.03137257695198059,0.06476251855492592,0.7463100999593735,0.9187011927366256,0.006955072283744812,0.16632988750934596,nan,0.0,nan,0.0,0
3,160,864,0.04903409090909091,2560,1.8375524401664733,0.298046875,0.9179595500230789,0.8657698541879654,0.226953125,0.289115409553051,0.6022424280643464,0.03137257695198059,0.06647038608789443,0.7495156168937683,0.9187011927366256,0.0007416427135467085,0.16632988750934596,nan,0.0,nan,0.0,0
3,180,884,0.050170454545454546,2560,1.8214336276054381,0.312109375,0.9145384550094604,0.8595376551151276,0.2046875,0.2986490100622177,0.6063835382461548,0.03137257695198059,0.06606638077646494,0.7491006165742874,0.9179595500230789,0.003421095013618536,0.16632988750934596,nan,0.0,0.3125,0.37222739998833276,0
3,200,904,0.05130681818181818,2560,1.8097985506057739,0.319921875,0.9082142025232315,0.8559102594852448,0.230078125,0.3177989959716797,0.6036204159259796,0.03137257695198059,0.060707201436162,0.7413969069719315,0.91578968167305,0.007575479149818487,0.16632988750934596,nan,0.0,nan,0.0,0
3,220,924,0.05244318181818181,2560,1.8888728857040404,0.28515625,0.9180494099855423,0.8643048852682114,0.216796875,0.2925858832895756,0.6012219995260238,0.03137257695198059,0.06039769928902387,0.738706636428833,0.9145384550094604,-0.0035109549760818926,0.16632988750934596,nan,0.0,nan,0.0,0
3,240,944,0.05357954545454545,2560,1.798794198036194,0.323828125,0.9082813888788224,0.8610330104827881,0.208984375,0.30050341933965685,0.6017365962266922,0.03137257695198059,0.06478258706629277,0.7487465739250183,0.9145384550094604,0.006257066130638034,0.16632988750934596,nan,0.0,nan,0.0,0
3,260,964,0.054715909090909086,2560,1.826699471473694,0.310546875,0.9052643865346909,0.856965908408165,0.19375,0.31240103095769883,0.6025580286979675,0.03137257695198059,0.062061273492872715,0.7439961850643158,0.9145384550094604,0.009274068474769526,0.16632988750934596,nan,0.0,nan,0.0,0
3,280,984,0.05585227272727273,2560,1.8394063234329223,0.30546875,0.9086818188428879,0.8618187129497528,0.22890625,0.3161780446767807,0.5990412592887878,0.03137257695198059,0.0661584148183465,0.7544315695762634,0.9082813888788224,-0.00040042996406552955,0.16632988750934596,nan,0.0,0.2421875,0.3686310000193771,0
3,300,1004,0.056988636363636366,2560,1.805495512485504,0.318359375,0.911764121055603,0.8612304925918579,0.228125,0.3086372435092926,0.6034739404916764,0.03137257695198059,0.06512154135853052,0.7475718438625336,0.9082813888788224,-0.003482732176780634,0.16632988750934596,nan,0.0,nan,0.0,0
3,320,1024,0.058124999999999996,2560,1.8119602084159852,0.312890625,0.8976125538349151,0.8525451838970184,0.230859375,0.33245095014572146,0.6035560756921768,0.03137257695198059,0.06368256900459528,0.7476972937583923,0.9086818188428879,0.011069265007972784,0.16632988750934596,nan,0.0,nan,0.0,0
3,340,1044,0.05926136363636363,2560,1.7953927278518678,0.308984375,0.9087752521038055,0.859216958284378,0.2421875,0.30794583559036254,0.6050898462533951,0.03137257695198059,0.06317009273916482,0.7476990133523941,0.9082813888788224,-0.0004938632249831265,0.16632988750934596,nan,0.0,nan,0.0,0
3,352,1056,0.05994318181818181,1480,1.8282041826763669,0.2790540538929604,0.9021683309529279,0.8547427203204181,0.2459459462681332,0.34251882466110023,0.6050132558152482,0.03137257695198059,0.0622208959750227,0.7470354379834355,0.9086818188428879,0.006513487889959979,0.16632988750934596,nan,0.0,nan,0.0,0
4,20,1076,0.061079545454545456,2560,1.8247370958328246,0.30390625,0.9058035850524903,0.8541505366563797,0.24296875,0.3174568504095078,0.6011278986930847,0.03137257695198059,0.0600524777546525,0.7420945942401886,0.9086818188428879,0.002878233790397644,0.16632988750934596,nan,0.0,0.265625,0.37375579998479225,0
4,40,1096,0.06221590909090909,2560,1.762228286266327,0.326953125,0.9051433026790618,0.8561705470085144,0.25,0.32549821138381957,0.6029024958610535,0.03137257695198059,0.06119867581874132,0.7453547090291976,0.9058035850524903,0.0006602823734284113,0.16632988750934596,nan,0.0,nan,0.0,0
4,60,1116,0.06335227272727273,2560,1.754917997121811,0.328515625,0.9016071707010269,0.8539989680051804,0.233984375,0.3457189485430717,0.6020837306976319,0.03137257695198059,0.06391434632241726,0.7488622635602951,0.9051433026790618,0.0035361319780349287,0.16632988750934596,nan,0.0,nan,0.0,0
4,80,1136,0.06448863636363636,2560,1.7907352447509766,0.315625,0.901331701874733,0.854292693734169,0.239453125,0.3418309301137924,0.600150191783905,0.03137257695198059,0.06278984993696213,0.7489457815885544,0.9051433026790618,0.003811600804328852,0.16632988750934596,nan,0.0,nan,0.0,0
4,100,1156,0.065625,2560,1.7644930064678193,0.330859375,0.9002110987901688,0.851547259092331,0.248828125,0.3452081233263016,0.6003093957901001,0.03137257695198059,0.06604206580668688,0.7528320342302323,0.9021683309529279,0.001957232162759115,0.16632988750934596,nan,0.0,nan,0.0,0
4,120,1176,0.06676136363636363,2560,1.7983777403831482,0.32265625,0.9000510931015014,0.8565170496702195,0.233984375,0.33717488646507265,0.6030231684446334,0.03137257695198059,0.06455101650208235,0.7505938589572907,0.9016071707010269,0.0015560775995254739,0.16632988750934596,nan,0.0,0.2578125,0.36889030001475476,0
4,140,1196,0.06789772727272726,2560,1.7666214942932128,0.319140625,0.9006943225860595,0.8529155939817429,0.259765625,0.33729360848665235,0.6009775996208191,0.03137257695198059,0.0613660516217351,0.745690256357193,0.901331701874733,0.0006373792886734675,0.16632988750934596,nan,0.0,nan,0.0,0
4,160,1216,0.0690340909090909,2560,1.7534099876880647,0.334375,0.8981166273355484,0.8504305720329285,0.2390625,0.33402021378278735,0.5993647456169129,0.03137257695198059,0.06064297463744879,0.7461545258760452,0.9006943225860595,0.002577695250511103,0.16632988750934596,nan,0.0,nan,0.0,0
4,180,1236,0.07017045454545454,2560,1.7114895343780518,0.357421875,0.8980150312185288,0.8538599878549575,0.2359375,0.34904407560825346,0.5980479121208191,0.03137257695198059,0.05979960523545742,0.7434043049812317,0.9002110987901688,0.002196067571640037,0.16632988750934596,nan,0.0,nan,0.0,0
4,200,1256,0.07130681818181818,2560,1.719746470451355,0.34296875,0.8966719090938569,0.850023677945137,0.25546875,0.35981540828943254,0.6042078822851181,0.03137257695198059,0.06337981689721346,0.7493583768606186,0.9000510931015014,0.0033791840076445867,0.16632988750934596,nan,0.0,nan,0.0,0
4,220,1276,0.07244318181818182,2560,1.723943793773651,0.346875,0.8962744057178498,0.8538672387599945,0.23828125,0.3468164622783661,0.599818566441536,0.03137257695198059,0.06554556544870138,0.7532802760601044,0.8981166273355484,0.0018422216176986472,0.16632988750934596,nan,0.0,0.296875,0.3748904000094626,0
4,240,1296,0.07357954545454545,2560,1.771837329864502,0.333203125,0.8892244040966034,0.8465168207883835,0.23203125,0.34652444571256635,0.6015987545251846,0.03137257695198059,0.06085100211203098,0.7462904542684555,0.8980150312185288,0.008790627121925354,0.16632988750934596,nan,0.0,nan,0.0,0
4,260,1316,0.07471590909090908,2560,1.7531066060066223,0.331640625,0.8920151859521865,0.8483023554086685,0.229296875,0.3433869183063507,0.5996438533067703,0.03137257695198059,0.06202145125716925,0.7482150971889496,0.8966719090938569,0.004656723141670316,0.16632988750934596,nan,0.0,nan,0.0,0
4,280,1336,0.07585227272727273,2560,1.7430634498596191,0.33125,0.8945515751838684,0.8499764949083328,0.256640625,0.352363346517086,0.6022381037473679,0.03137257695198059,0.06251799147576094,0.748561829328537,0.8962744057178498,0.0017228305339813677,0.16632988750934596,nan,0.0,nan,0.0,0
4,300,1356,0.07698863636363637,2560,1.7405117571353912,0.328515625,0.8871928006410599,0.8475625544786454,0.240234375,0.34002323299646375,0.602138665318489,0.03137257695198059,0.059157034009695054,0.7444708555936813,0.8945515751838684,0.007358774542808533,0.16632988750934596,nan,0.0,nan,0.0,0
4,320,1376,0.078125,2560,1.744442594051361,0.332421875,0.8888915359973908,0.8489795893430709,0.24375,0.3476853609085083,0.6000521510839463,0.03137257695198059,0.05910002328455448,0.7427724987268448,0.8920151859521865,0.0031236499547957486,0.16632988750934596,nan,0.0,0.34375,0.37606310000410303,0
4,340,1396,0.07926136363636364,2560,1.7312601923942565,0.3515625,0.8934862941503525,0.8468985438346863,0.243359375,0.36056093126535416,0.6015485316514969,0.03137257695198059,0.06099503710865974,0.7447647720575332,0.8892244040966034,-0.004261890053749107,0.16632988750934596,nan,0.0,nan,0.0,0
4,352,1408,0.07994318181818182,1480,1.726949209135932,0.333108108591389,0.8844773582510046,0.8479382469847395,0.25608108083944064,0.36515045971483795,0.6039177069792876,0.03137257695198059,0.06526882867958095,0.7537826499423466,0.8920151859521865,0.007537827701181943,0.16632988750934596,nan,0.0,nan,0.0,0
5,20,1428,0.08107954545454545,2560,1.6996237635612488,0.351171875,0.8881902873516083,0.8460169672966004,0.246484375,0.3451268121600151,0.5976347833871841,0.03137257695198059,0.0601200582459569,0.7433054983615875,0.8888915359973908,0.0007012486457824707,0.16632988750934596,nan,0.0,nan,0.0,0
5,40,1448,0.08221590909090909,2560,1.6709654927253723,0.360546875,0.8862341612577438,0.844403475522995,0.258984375,0.369312547147274,0.603264769911766,0.03137257695198059,0.06386042907834052,0.7485611110925674,0.8881902873516083,0.0019561260938645297,0.16632988750934596,nan,0.0,nan,0.0,0
5,60,1468,0.08335227272727272,2560,1.731637293100357,0.3359375,0.881790429353714,0.8430156886577607,0.24375,0.36726046055555345,0.601547646522522,0.03137257695198059,0.05769022665917874,0.7395023137331009,0.8881902873516083,0.0063998579978943315,0.16632988750934596,nan,0.0,0.234375,0.36685309998574667,0
5,80,1488,0.08448863636363636,2560,1.6851525127887725,0.3640625,0.8878119975328446,0.8424587458372116,0.252734375,0.35449418276548383,0.5987547755241394,0.03137257695198059,0.05961212962865829,0.7439442932605743,0.8862341612577438,-0.0015778362751007746,0.16632988750934596,nan,0.0,nan,0.0,0
5,100,1508,0.08562499999999999,2560,1.7048580348491669,0.351953125,0.8848849475383759,0.8424161493778228,0.255859375,0.3646081417798996,0.5989041805267334,0.03137257695198059,0.056632856093347075,0.7372442752122879,0.8862341612577438,0.0013492137193679143,0.16632988750934596,nan,0.0,nan,0.0,0
5,120,1528,0.08676136363636362,2560,1.7097578287124633,0.348828125,0.8760175585746766,0.8362666010856629,0.2578125,0.38935031890869143,0.5997542202472687,0.03137257695198059,0.05722631271928549,0.7402256101369857,0.8862341612577438,0.010216602683067233,0.16632988750934596,nan,0.0,nan,0.0,0
5,140,1548,0.08789772727272727,2560,1.6854211568832398,0.365625,0.890072163939476,0.8470126062631607,0.243359375,0.35445732325315477,0.6003947138786316,0.03137257695198059,0.06275965981185436,0.7477611064910888,0.8848849475383759,-0.005187216401100092,0.16632988750934596,nan,0.0,nan,0.0,0
5,160,1568,0.0890340909090909,2560,1.6621905446052552,0.36328125,0.886802288889885,0.8411249995231629,0.255859375,0.3696196675300598,0.5996958553791046,0.03137257695198059,0.05894763376563787,0.7428853869438171,0.8848849475383759,-0.0019173413515091164,0.16632988750934596,nan,0.0,0.265625,0.3686294000071939,0
5,180,1588,0.09017045454545455,2560,1.6838111758232117,0.3609375,0.8814399093389511,0.8395111262798309,0.2453125,0.38171289265155794,0.598913723230362,0.03137257695198059,0.06299422029405832,0.7496012568473815,0.886802288889885,0.005362379550933882,0.16632988750934596,nan,0.0,nan,0.0,0
5,200,1608,0.09130681818181818,2560,1.6628414988517761,0.373046875,0.8740064144134522,0.834563472867012,0.241015625,0.3638093024492264,0.5947420924901963,0.03137257695198059,0.05889433454722166,0.7419986665248871,0.8848849475383759,0.010878533124923706,0.16632988750934596,nan,0.0,nan,0.0,0
5,220,1628,0.09244318181818183,2560,1.674316519498825,0.353515625,0.8865625947713852,0.8416970789432525,0.253125,0.3626210689544678,0.6008251368999481,0.03137257695198059,0.06166625265032053,0.7461238116025924,0.8814399093389511,-0.005122685432434104,0.16632988750934596,nan,0.0,nan,0.0,0
5,240,1648,0.09357954545454546,2560,1.6644488453865052,0.37109375,0.87376828789711,0.8369153529405594,0.2578125,0.37531722635030745,0.5985902369022369,0.03137257695198059,0.05637033134698868,0.7378445416688919,0.8865625947713852,0.012794306874275185,0.16632988750934596,nan,0.0,nan,0.0,0
5,260,1668,0.09471590909090909,2560,1.6663473904132844,0.352734375,0.8799858659505844,0.8401147425174713,0.27734375,0.3598861500620842,0.5985314935445786,0.03137257695198059,0.06084273532032967,0.7472432911396026,0.8814399093389511,0.0014540433883667436,0.16632988750934596,nan,0.0,0.2578125,0.37224730002344586,0
5,280,1688,0.09585227272727273,2560,1.6588031470775604,0.355859375,0.8761805683374405,0.8345960170030594,0.2734375,0.36422317773103713,0.6001168817281723,0.03137257695198059,0.058965970575809476,0.7419893682003021,0.8799858659505844,0.0038052976131438543,0.16632988750934596,nan,0.0,nan,0.0,0
5,300,1708,0.09698863636363636,2560,1.6522312581539154,0.36796875,0.8751587122678757,0.8405063837766648,0.264453125,0.39183129966259,0.5958083033561706,0.03137257695198059,0.058866709284484384,0.7430341571569443,0.8761805683374405,0.0010218560695648415,0.16632988750934596,nan,0.0,nan,0.0,0
5,320,1728,0.098125,2560,1.678268426656723,0.35625,0.879882401227951,0.8394792050123214,0.250390625,0.37873989045619966,0.604509499669075,0.03137257695198059,0.05809201877564192,0.7424324959516525,0.8761805683374405,-0.0037018328905105147,0.16632988750934596,nan,0.0,nan,0.0,0
5,340,1748,0.09926136363636363,2560,1.6559552788734435,0.3828125,0.8757825016975402,0.8378541529178619,0.254296875,0.3736886590719223,0.598347744345665,0.03137257695198059,0.06254659071564675,0.7498793423175811,0.8761805683374405,0.00039806663990027413,0.16632988750934596,nan,0.0,nan,0.0,0
5,352,1760,0.0999431818181818,1480,1.7052494139284702,0.34864864864864864,0.8779492068935085,0.8393079818906011,0.26486486518705216,0.3946147150284535,0.6080489661242511,0.03137257695198059,0.05963410402874689,0.7442405339833852,0.8761805683374405,-0.001768638556068014,0.16632988750934596,nan,0.0,0.3359375,0.379489899991313,0
6,20,1780,0.10107954545454545,2560,1.6394731760025025,0.385546875,0.872653791308403,0.8392115443944931,0.2375,0.35942955911159513,0.5978968411684036,0.03137257695198059,0.06199194770306349,0.7506739407777786,0.8761805683374405,0.0035267770290374756,0.16632988750934596,nan,0.0,nan,0.0,0
6,40,1800,0.10221590909090908,2560,1.6669455289840698,0.362890625,0.8763970226049423,0.8397803217172622,0.2484375,0.3743628695607185,0.5990457087755203,0.03137257695198059,0.05801646057516337,0.7414485931396484,0.8757825016975402,-0.0006145209074021052,0.16632988750934596,nan,0.0,nan,0.0,0
6,60,1820,0.10335227272727272,2560,1.6511536836624146,0.377734375,0.8699591815471649,0.8344533532857895,0.24921875,0.36666096150875094,0.6025603204965592,0.03137257695198059,0.06058138515800238,0.7468086183071136,0.8763970226049423,0.006437841057777449,0.16632988750934596,nan,0.0,nan,0.0,0
6,80,1840,0.10448863636363635,2560,1.6068240642547607,0.376953125,0.866964864730835,0.8342624872922897,0.271875,0.3762174263596535,0.5972024530172348,0.03137257695198059,0.05720030926167965,0.7396510303020477,0.8757825016975402,0.008817636966705233,0.16632988750934596,nan,0.0,nan,0.0,0
6,100,1860,0.10562500000000001,2560,1.6170643627643586,0.3953125,0.8633892148733139,0.8308858454227448,0.260546875,0.3966731086373329,0.6001555353403092,0.03137257695198059,0.055198080465197565,0.7365711659193039,0.872653791308403,0.009264576435089156,0.16632988750934596,nan,0.0,0.28125,0.3704420999856666,0
6,120,1880,0.10676136363636364,2560,1.6670090913772584,0.3671875,0.8755331009626388,0.8372918635606765,0.273046875,0.39042892009019853,0.5989083796739578,0.03137257695198059,0.060419049486517905,0.7448302388191224,0.8699591815471649,-0.005573919415473916,0.16632988750934596,nan,0.0,nan,0.0,0
6,140,1900,0.10789772727272727,2560,1.6260307908058167,0.383984375,0.8706484228372574,0.8333136439323425,0.25,0.3783694565296173,0.5959142297506332,0.03137257695198059,0.05523182172328234,0.7370324432849884,0.8699591815471649,-0.0006892412900925127,0.16632988750934596,nan,0.0,nan,0.0,0
6,160,1920,0.10903409090909091,2560,1.606042492389679,0.378515625,0.8719888806343079,0.8353939294815064,0.27734375,0.38468946516513824,0.5997797876596451,0.03137257695198059,0.05756387785077095,0.7398856788873672,0.8699591815471649,-0.002029699087143011,0.16632988750934596,nan,0.0,nan,0.0,0
6,180,1940,0.11017045454545454,2560,1.6050531029701234,0.3953125,0.8629719495773316,0.8284856379032135,0.255859375,0.38145376443862916,0.6010359644889831,0.03137257695198059,0.056803805753588676,0.7391816020011902,0.8706484228372574,0.00767647325992582,0.16632988750934596,nan,0.0,nan,0.0,0
6,200,1960,0.11130681818181819,2560,1.6479976952075959,0.365625,0.8656399548053741,0.8307513147592545,0.25546875,0.38395260721445085,0.5976440638303757,0.03137257695198059,0.05578583423048258,0.7376848876476287,0.8706484228372574,0.005008468031883262,0.16632988750934596,nan,0.0,0.28125,0.37240590000874363,0
6,220,1980,0.11244318181818182,2560,1.6209366500377655,0.383984375,0.8708988726139069,0.8339704066514969,0.262109375,0.3891823381185532,0.5968630641698838,0.03137257695198059,0.057384790293872355,0.7415610551834106,0.8706484228372574,-0.0002504497766494529,0.16632988750934596,nan,0.0,nan,0.0,0
6,240,2000,0.11357954545454545,2560,1.6089654624462129,0.388671875,0.8657661378383636,0.8302829891443253,0.25546875,0.38950430750846865,0.6030608057975769,0.03137257695198059,0.05626629032194615,0.7387137353420258,0.8706484228372574,0.00488228499889376,0.16632988750934596,nan,0.0,nan,0.0,0
6,260,2020,0.11471590909090909,2560,1.5990050971508025,0.38359375,0.8650964319705963,0.8322493493556976,0.270703125,0.3821598798036575,0.5956939935684205,0.03137257695198059,0.05569745693355799,0.7367868185043335,0.8657661378383636,0.0006697058677673784,0.16632988750934596,nan,0.0,nan,0.0,0
6,280,2040,0.11585227272727272,2560,1.5982397675514222,0.38359375,0.8607187271118164,0.8314802944660187,0.26484375,0.39172550439834597,0.5997086971998214,0.03137257695198059,0.05448061749339104,0.7356132596731186,0.8656399548053741,0.004921227693557739,0.16632988750934596,nan,0.0,nan,0.0,0
6,300,2060,0.11698863636363635,2560,1.6165916681289674,0.38046875,0.8548926651477814,0.8296770960092544,0.280078125,0.39732068926095965,0.5977030664682388,0.03137257695198059,0.058307730779051783,0.7421648353338242,0.8656399548053741,0.010747289657592751,0.16632988750934596,nan,0.0,0.28125,0.3741616999905091,0
6,320,2080,0.118125,2560,1.6187364876270294,0.3859375,0.8661018818616867,0.8359516382217407,0.2546875,0.39947275519371034,0.5970478266477585,0.03137257695198059,0.05819869339466095,0.7405202358961105,0.8650964319705963,-0.0010054498910904153,0.16632988750934596,nan,0.0,nan,0.0,0
6,340,2100,0.11926136363636362,2560,1.6237508296966552,0.384765625,0.867991703748703,0.8320078730583191,0.269140625,0.3993108183145523,0.5996095240116119,0.03137257695198059,0.05853816494345665,0.7429088592529297,0.8650964319705963,-0.0028952717781067783,0.16632988750934596,nan,0.0,nan,0.0,0
6,352,2112,0.11994318181818181,1480,1.5897631896508706,0.40000000032218724,0.8572445592364749,0.8313769363068245,0.2716216222659962,0.38705799595729723,0.5944982741330122,0.031372576770750255,0.05656191265663585,0.7384378326905741,0.8650964319705963,0.007851872734121357,0.16632988750934596,nan,0.0,nan,0.0,0
7,20,2132,0.12107954545454545,2560,1.5834342896938325,0.400390625,0.84946910738945,0.8248114436864853,0.2609375,0.38731207251548766,0.5934292018413544,0.03137257695198059,0.05582081004977226,0.7364624530076981,0.8607187271118164,0.011249619722366377,0.16632988750934596,nan,0.0,nan,0.0,0
7,40,2152,0.1222159090909091,2560,1.5907019078731537,0.394921875,0.8568234264850616,0.8278101831674576,0.2734375,0.4051189959049225,0.6014049738645554,0.03137257695198059,0.055246255546808246,0.7381321668624878,0.8572445592364749,0.0004211327514133112,0.16632988750934596,nan,0.0,0.3125,0.3867807000060566,0
7,60,2172,0.12335227272727273,2560,1.5697069704532622,0.3921875,0.8545076757669449,0.8254562616348267,0.287890625,0.3965299606323242,0.600726979970932,0.03137257695198059,0.05119442231953144,0.729784244298935,0.8572445592364749,0.0027368834695300492,0.16632988750934596,nan,0.0,nan,0.0,0
7,80,2192,0.12448863636363636,2560,1.5882608950138093,0.3921875,0.8468915760517121,0.8246350795030594,0.28515625,0.4125318184494972,0.5942053645849228,0.03137257695198059,0.055357495322823524,0.7370730340480804,0.8568234264850616,0.009931850433349543,0.16632988750934596,nan,0.0,nan,0.0,0
7,100,2212,0.125625,2560,1.5749530434608459,0.40078125,0.8722476363182068,0.8349139064550399,0.25703125,0.39051821678876875,0.5989652186632156,0.03137257695198059,0.05459119100123644,0.7346456378698349,0.8545076757669449,-0.017739960551261924,0.16632988750934596,nan,0.0,nan,0.0,0
7,120,2232,0.12676136363636364,2560,1.5947492837905883,0.38828125,0.8545029699802399,0.8266369104385376,0.28515625,0.41176948696374893,0.598680517077446,0.03137257695198059,0.05820813942700624,0.7407238155603408,0.8545076757669449,4.705786704972681e-06,0.16632988750934596,nan,0.0,nan,0.0,0
7,140,2252,0.12789772727272727,2560,1.579229724407196,0.391015625,0.8610285758972168,0.8315860867500305,0.267578125,0.3995488718152046,0.5937430322170257,0.03137257695198059,0.0540407121181488,0.7340666860342026,0.8545076757669449,-0.006520900130271956,0.16632988750934596,nan,0.0,0.328125,0.36787119999644347,0
7,160,2272,0.1290340909090909,2560,1.6074048638343812,0.392578125,0.8590401142835618,0.8279632747173309,0.267578125,0.39884043782949447,0.5953591912984848,0.03137257695198059,0.05212197601795197,0.7312340646982193,0.8545076757669449,-0.004532438516616888,0.16632988750934596,nan,0.0,nan,0.0,0
7,180,2292,0.13017045454545453,2560,1.6148536145687102,0.368359375,0.857073625922203,0.8290961176156998,0.290625,0.3918303444981575,0.5956024408340455,0.03137257695198059,0.05372310169041157,0.734339502453804,0.8590401142835618,0.001966488361358709,0.16632988750934596,nan,0.0,nan,0.0,0
7,200,2312,0.13130681818181816,2560,1.596461832523346,0.380078125,0.8587948679924011,0.8338731378316879,0.268359375,0.3946312114596367,0.6019986629486084,0.03137257695198059,0.05183005183935165,0.7277216196060181,0.8590401142835618,0.0002452462911606279,0.16632988750934596,nan,0.0,nan,0.0,0
7,220,2332,0.13244318181818182,2560,1.5450770258903503,0.414453125,0.8526432633399963,0.8273394405841827,0.264453125,0.38986962884664533,0.5960445523262023,0.03137257695198059,0.053952304646372795,0.7351705878973007,0.8587948679924011,0.0061516046524048296,0.16632988750934596,nan,0.0,nan,0.0,0
7,240,2352,0.13357954545454545,2560,1.5946834206581115,0.399609375,0.8552497684955597,0.8258612543344498,0.255859375,0.3969286516308784,0.5919249385595322,0.03137257695198059,0.05236291941255331,0.7327576905488968,0.8587948679924011,0.003545099496841453,0.16632988750934596,nan,0.0,0.2890625,0.3761311999987811,0
7,260,2372,0.13471590909090908,2560,1.5736778378486633,0.397265625,0.8472575843334198,0.8211526423692703,0.279296875,0.4055260717868805,0.5940314173698426,0.03137257695198059,0.05496665071696043,0.7359987080097199,0.857073625922203,0.009816041588783242,0.16632988750934596,nan,0.0,nan,0.0,0
7,280,2392,0.1358522727272727,2560,1.5906395018100739,0.400390625,0.855285906791687,0.8310842096805573,0.25703125,0.39802286922931673,0.5975637078285218,0.03137257695198059,0.05476591791957617,0.7373880535364151,0.8552497684955597,-3.6138296127363745e-05,0.16632988750934596,nan,0.0,nan,0.0,0
7,300,2412,0.13698863636363634,2560,1.554777354001999,0.406640625,0.844129455089569,0.8206085383892059,0.276171875,0.40421572476625445,0.5932168513536453,0.03137257695198059,0.05513818264007568,0.73525972366333,0.8552497684955597,0.011120313405990623,0.16632988750934596,nan,0.0,nan,0.0,0
7,320,2432,0.138125,2560,1.5844207465648652,0.39921875,0.8491294890642166,0.8244142085313797,0.26796875,0.392211078107357,0.5944137752056122,0.03137257695198059,0.05193077884614468,0.7300683587789536,0.8526432633399963,0.003513774275779702,0.16632988750934596,nan,0.0,nan,0.0,0
7,340,2452,0.13926136363636363,2560,1.551507192850113,0.4078125,0.8476242393255233,0.8211045771837234,0.282421875,0.40468923151493075,0.5985322535037995,0.03137257695198059,0.051469261199235915,0.729583403468132,0.8491294890642166,0.0015052497386932595,0.16632988750934596,nan,0.0,0.265625,0.37312089998158626,0
7,352,2464,0.13994318181818183,1480,1.5733569995777028,0.39054054005725963,0.8467031224353894,0.8290934482136288,0.2851351351351351,0.3998006962441109,0.5979729977813927,0.03137257695198059,0.05566675669035396,0.7373841788317707,0.8476242393255233,0.0009211168901339661,0.16632988750934596,nan,0.0,nan,0.0,0
8,20,2484,0.14107954545454546,2560,1.5412154018878936,0.414453125,0.8376284211874008,0.8205473780632019,0.271875,0.4029551550745964,0.596176677942276,0.03137257695198059,0.054464729689061644,0.735198438167572,0.8476242393255233,0.009995818138122559,0.16632988750934596,nan,0.0,nan,0.0,0
8,40,2504,0.1422159090909091,2560,1.5911315083503723,0.4046875,0.849274855852127,0.8236077845096588,0.271875,0.4161510646343231,0.5946866512298584,0.03137257695198059,0.05133932214230299,0.7291067957878112,0.8467031224353894,-0.002571733416737665,0.16632988750934596,nan,0.0,nan,0.0,0
8,60,2524,0.14335227272727272,2560,1.560052615404129,0.405078125,0.8490750283002854,0.8202785640954972,0.276171875,0.40220474600791933,0.5902093410491943,0.03137257695198059,0.05490774940699339,0.7346480846405029,0.8476242393255233,-0.0014507889747620295,0.16632988750934596,nan,0.0,nan,0.0,0
8,80,2544,0.14448863636363635,2560,1.5304032802581786,0.41875,0.8482505083084106,0.8258692651987076,0.2640625,0.4010964810848236,0.5923169732093811,0.03137257695198059,0.05485626682639122,0.7372632682323456,0.8476242393255233,-0.0006262689828873125,0.16632988750934596,nan,0.0,0.2890625,0.37198880000505596,0
8,100,2564,0.145625,2560,1.5433361113071442,0.411328125,0.8396022886037826,0.8178755640983582,0.271484375,0.41047450751066206,0.5970942407846451,0.03137257695198059,0.054756297171115874,0.7356857389211655,0.8482505083084106,0.008648219704628035,0.16632988750934596,nan,0.0,nan,0.0,0
8,120,2584,0.14676136363636363,2560,1.5683906853199006,0.390625,0.84962777197361,0.8265210688114166,0.277734375,0.40236119627952577,0.5979857265949249,0.03137257695198059,0.05207076128572226,0.730988335609436,0.8482505083084106,-0.001377263665199302,0.16632988750934596,nan,0.0,nan,0.0,0
8,140,2604,0.14789772727272726,2560,1.5578417003154754,0.397265625,0.8411781460046768,0.8187947779893875,0.2671875,0.40523721277713776,0.5955856502056122,0.03137257695198059,0.05230769440531731,0.7309481859207153,0.8490750283002854,0.007896882295608587,0.16632988750934596,nan,0.0,nan,0.0,0
8,160,2624,0.1490340909090909,2560,1.5698637425899507,0.404296875,0.8387626111507416,0.8203567713499069,0.2625,0.3962201327085495,0.5885710567235947,0.03137257695198059,0.05096734389662742,0.7285862833261489,0.8482505083084106,0.009487897157669067,0.16632988750934596,nan,0.0,nan,0.0,0
8,180,2644,0.15017045454545455,2560,1.548142099380493,0.404296875,0.8476253002882004,0.8215652614831924,0.276953125,0.39218067228794096,0.5969813197851181,0.03137257695198059,0.05407996773719788,0.7336766690015792,0.8411781460046768,-0.006447154283523604,0.16632988750934596,nan,0.0,0.3515625,0.3708430000115186,0
8,200,2664,0.15130681818181818,2560,1.543196201324463,0.415234375,0.8448847442865371,0.8227452784776688,0.262109375,0.3968191176652908,0.5932356655597687,0.03137257695198059,0.05026642605662346,0.7269530862569809,0.8411781460046768,-0.0037065982818603738,0.16632988750934596,nan,0.0,nan,0.0,0
8,220,2684,0.1524431818181818,2560,1.5128382325172425,0.432421875,0.8329480051994324,0.8172335535287857,0.266015625,0.42180864363908765,0.5921460628509522,0.03137257695198059,0.052500088885426524,0.7321728795766831,0.8448847442865371,0.011936739087104797,0.16632988750934596,nan,0.0,nan,0.0,0
8,240,2704,0.15357954545454547,2560,1.5541466772556305,0.41015625,0.8395294338464737,0.8197906643152237,0.27421875,0.42257065027952195,0.5931569635868073,0.03137257695198059,0.051530486159026626,0.7310760229825973,0.8411781460046768,0.0016487121582030584,0.16632988750934596,nan,0.0,nan,0.0,0
8,260,2724,0.1547159090909091,2560,1.5550670504570008,0.4078125,0.8369141906499863,0.8183296412229538,0.274609375,0.3984746366739273,0.5981876611709595,0.03137257695198059,0.04971427116543055,0.7259786456823349,0.8395294338464737,0.0026152431964874268,0.16632988750934596,nan,0.0,nan,0.0,0
8,280,2744,0.15585227272727273,2560,1.537030702829361,0.426171875,0.8437949776649475,0.8211558222770691,0.253125,0.3970473721623421,0.5894696772098541,0.03137257695198059,0.05013743136078119,0.7266748160123825,0.8395294338464737,-0.0042655438184737715,0.16632988750934596,nan,0.0,0.2578125,0.368603200011421,0
8,300,2764,0.15698863636363636,2560,1.5391225636005401,0.413671875,0.8328958749771118,0.8182624995708465,0.286328125,0.4264421507716179,0.5957079797983169,0.03137257695198059,0.05188208855688572,0.7316267997026443,0.8395294338464737,0.0066335588693619,0.16632988750934596,nan,0.0,nan,0.0,0
8,320,2784,0.158125,2560,1.6033715605735779,0.391796875,0.8430856734514236,0.8184388697147369,0.266015625,0.41859410405159,0.5947582423686981,0.03137257695198059,0.05310667045414448,0.7317080348730087,0.8369141906499863,-0.006171482801437311,0.16632988750934596,nan,0.0,nan,0.0,0
8,340,2804,0.15926136363636365,2560,1.5714481830596925,0.40625,0.843083781003952,0.8213752955198288,0.259765625,0.4033498018980026,0.5945186853408814,0.03137257695198059,0.05012170802801848,0.7247835487127304,0.8395294338464737,-0.003554347157478266,0.16632988750934596,nan,0.0,nan,0.0,0
8,352,2816,0.15994318181818182,1480,1.589080211922929,0.3770270273492143,0.8325606375127226,0.8199529096886918,0.2750000004832809,0.39517065254417627,0.5910448979687046,0.03137257695198059,0.04887224451915638,0.7234082180100518,0.843083781003952,0.010523143491229403,0.16632988750934596,nan,0.0,nan,0.0,0
9,20,2836,0.16107954545454548,2560,1.5451218128204345,0.409375,0.8383180648088455,0.8153673946857453,0.255859375,0.39794629961252215,0.5938083916902542,0.03137257695198059,0.055818188562989236,0.7384158402681351,0.843083781003952,0.004765716195106462,0.16632988750934596,nan,0.0,0.3359375,0.3699672000075225,0
9,40,2856,0.1622159090909091,2560,1.5289650738239289,0.42421875,0.8273553192615509,0.8167132318019867,0.264453125,0.4089024394750595,0.5908427089452744,0.03137257695198059,0.05458632707595825,0.7359399706125259,0.8383180648088455,0.010962745547294594,0.16632988750934596,nan,0.0,nan,0.0,0
9,60,2876,0.16335227272727273,2560,1.541830199956894,0.409375,0.8414543867111206,0.8245957881212235,0.267578125,0.4172426789999008,0.5915235072374344,0.03137257695198059,0.05283503644168377,0.7326862633228302,0.8383180648088455,-0.0031363219022750854,0.16632988750934596,nan,0.0,nan,0.0,0
9,80,2896,0.16448863636363636,2560,1.528618061542511,0.414453125,0.8259849697351456,0.816833770275116,0.266796875,0.40674891918897627,0.5932721704244613,0.03137257695198059,0.05143514033406973,0.7285286694765091,0.8383180648088455,0.012333095073699951,0.16632988750934596,nan,0.0,nan,0.0,0
9,100,2916,0.165625,2560,1.5410845100879669,0.4109375,0.8410898596048355,0.8192053645849228,0.275,0.4100077748298645,0.592430517077446,0.03137257695198059,0.04874534625560045,0.7236980736255646,0.8325606375127226,-0.008529222092112931,0.16632988750934596,nan,0.0,nan,0.0,0
9,120,2936,0.16676136363636365,2560,1.5134524703025818,0.433984375,0.8403038382530212,0.8208748072385788,0.262890625,0.40021165907382966,0.59788858294487,0.03137257695198059,0.048644634522497655,0.7218686908483505,0.8383180648088455,-0.00198577344417572,0.16632988750934596,nan,0.0,0.3203125,0.3775880000030156,0
9,140,2956,0.16789772727272728,2560,1.5336742997169495,0.419921875,0.8296689808368682,0.815652996301651,0.26796875,0.4181718066334724,0.5905268520116806,0.03137257695198059,0.05061599630862475,0.7271231532096862,0.8403038382530212,0.010634857416152999,0.16632988750934596,nan,0.0,nan,0.0,0
9,160,2976,0.1690340909090909,2560,1.5331972122192383,0.426953125,0.8279630929231644,0.8130542933940887,0.24765625,0.41293382495641706,0.5943156152963638,0.03137257695198059,0.04954235348850489,0.7272614270448685,0.8403038382530212,0.01234074532985685,0.16632988750934596,nan,0.0,nan,0.0,0
9,180,2996,0.17017045454545454,2560,1.5374749422073364,0.41640625,0.8343498826026916,0.8206781029701233,0.269921875,0.4084398791193962,0.591193151473999,0.03137257695198059,0.049619370698928834,0.7254653453826905,0.8296689808368682,-0.004680901765823364,0.16632988750934596,nan,0.0,nan,0.0,0
9,200,3016,0.17130681818181817,2560,1.5424888551235199,0.409765625,0.8301569223403931,0.812241381406784,0.278515625,0.41209037601947784,0.5917909145355225,0.03137257695198059,0.04921736028045416,0.7246159464120865,0.8343498826026916,0.00419296026229854,0.16632988750934596,nan,0.0,nan,0.0,0
9,220,3036,0.17244318181818183,2560,1.5548142433166503,0.41640625,0.835623848438263,0.8195540368556976,0.25390625,0.4114498749375343,0.5984666407108307,0.03137257695198059,0.05195331480354071,0.7295804649591446,0.8301569223403931,-0.0054669260978699175,0.16632988750934596,nan,0.0,0.3828125,0.3733363999926951,0
9,240,3056,0.17357954545454546,2560,1.5244739651679993,0.425,0.8238534659147263,0.8104395717382431,0.26875,0.40566183179616927,0.5950674891471863,0.03137257695198059,0.04556103777140379,0.7174799829721451,0.8301569223403931,0.006303456425666765,0.16632988750934596,nan,0.0,nan,0.0,0
9,260,3076,0.1747159090909091,2560,1.5480627536773681,0.414453125,0.8355836182832718,0.8153091639280319,0.276171875,0.4139581725001335,0.5937603205442429,0.03137257695198059,0.051193608343601225,0.727510204911232,0.8301569223403931,-0.005426695942878701,0.16632988750934596,nan,0.0,nan,0.0,0
9,280,3096,0.17585227272727272,2560,1.5664012849330902,0.401171875,0.8216160207986831,0.8114259302616119,0.276171875,0.4049979954957962,0.5879956722259522,0.03137257695198059,0.047715753130614755,0.7212705373764038,0.8343498826026916,0.012733861804008484,0.16632988750934596,nan,0.0,nan,0.0,0
9,300,3116,0.17698863636363635,2560,1.541406261920929,0.407421875,0.8277167469263077,0.8128051966428756,0.289453125,0.4318372577428818,0.5938450068235397,0.03137257695198059,0.04956331104040146,0.7256618410348892,0.8301569223403931,0.002440175414085366,0.16632988750934596,nan,0.0,nan,0.0,0
9,320,3136,0.178125,2560,1.5295063257217407,0.418359375,0.8309845685958862,0.8123395502567291,0.258984375,0.41046052426099777,0.5931499630212784,0.03137257695198059,0.04679941572248936,0.7196267038583756,0.8277167469263077,-0.003267821669578508,0.16632988750934596,nan,0.0,0.328125,0.37102789999335073,0
9,340,3156,0.17926136363636364,2560,1.5487179577350616,0.4109375,0.831232738494873,0.8174138605594635,0.2890625,0.4228322997689247,0.5961011499166489,0.03137257695198059,0.05243433751165867,0.7326682597398758,0.8277167469263077,-0.003515991568565302,0.16632988750934596,nan,0.0,nan,0.0,0
9,352,3168,0.17994318181818184,1480,1.5401824306797336,0.4108108103275299,0.8277957513525679,0.8151107781642192,0.26418918935028285,0.41349882644575997,0.5956967669564325,0.03137257695198059,0.04938002478432011,0.7267588186908412,0.8309845685958862,0.0031888172433183204,0.16632988750934596,nan,0.0,nan,0.0,0
10,20,3188,0.18107954545454547,2560,1.556846797466278,0.412109375,0.8303688108921051,0.8133519679307938,0.2671875,0.41570382118225097,0.5937030971050262,0.03137257695198059,0.051854513213038446,0.7303698658943176,0.8277957513525679,-0.002573059539537237,0.16632988750934596,nan,0.0,nan,0.0,0
10,40,3208,0.1822159090909091,2560,1.492450362443924,0.4359375,0.8302572458982468,0.8165010035037994,0.26484375,0.4017791420221329,0.5906749963760376,0.03137257695198059,0.04705182723701,0.7181954979896545,0.8303688108921051,0.0001115649938583374,0.16632988750934596,nan,0.0,nan,0.0,0
10,60,3228,0.18335227272727272,2560,1.5253953099250794,0.431640625,0.8215869516134262,0.8156393885612487,0.271484375,0.42831944972276687,0.5916223049163818,0.03137257695198059,0.052430664747953416,0.7323435246944427,0.8303688108921051,0.008781859278678916,0.16632988750934596,nan,0.0,0.3203125,0.3670473999809474,0
10,80,3248,0.18448863636363635,2560,1.533501499891281,0.4046875,0.8282826393842697,0.8119655817747116,0.281640625,0.4126232534646988,0.5928380578756333,0.03137257695198059,0.04858765415847301,0.7238618195056915,0.8302572458982468,0.001974606513977073,0.16632988750934596,nan,0.0,nan,0.0,0
10,100,3268,0.185625,2560,1.5489157497882844,0.40859375,0.8310642093420029,0.8123330622911453,0.27734375,0.42470391690731046,0.5913915246725082,0.03137257695198059,0.04962337352335453,0.7276150345802307,0.8282826393842697,-0.0027815699577331543,0.16632988750934596,nan,0.0,nan,0.0,0
10,120,3288,0.18676136363636364,2560,1.5312233865261078,0.423046875,0.823031947016716,0.808199456334114,0.280859375,0.4115446835756302,0.5894780665636062,0.03137257695198059,0.045821177773177624,0.7176289826631546,0.8302572458982468,0.007225298881530784,0.16632988750934596,nan,0.0,nan,0.0,0
10,140,3308,0.18789772727272727,2560,1.5295448362827302,0.419140625,0.8266553074121475,0.8140421777963638,0.25546875,0.40581524819135667,0.5914201259613037,0.03137257695198059,0.047911576740443704,0.723036351799965,0.8282826393842697,0.0016273319721221702,0.16632988750934596,nan,0.0,nan,0.0,0
10,160,3328,0.1890340909090909,2560,1.4975047409534454,0.433984375,0.8285779029130935,0.8150807946920395,0.2859375,0.4117328315973282,0.5961801111698151,0.03137257695198059,0.04917110148817301,0.7253099024295807,0.8266553074121475,-0.0019225955009459783,0.16632988750934596,nan,0.0,0.3046875,0.3701193000015337,0
10,180,3348,0.19017045454545453,2560,1.5279363751411439,0.421875,0.8161347508430481,0.8106075465679169,0.263671875,0.41601604521274566,0.5952886164188385,0.03137257695198059,0.0451261093840003,0.7140686511993408,0.8282826393842697,0.012147888541221619,0.16632988750934596,nan,0.0,nan,0.0,0
10,200,3368,0.1913068181818182,2560,1.5647983431816102,0.406640625,0.828616914153099,0.8180495172739028,0.266015625,0.40182318538427353,0.5905730128288269,0.03137257695198059,0.048375296965241434,0.7242330551147461,0.8266553074121475,-0.0019616067409514715,0.16632988750934596,nan,0.0,nan,0.0,0
10,220,3388,0.19244318181818182,2560,1.5220314919948579,0.426953125,0.8101192623376846,0.8070999294519424,0.26796875,0.4091672822833061,0.5905704706907272,0.03137257695198059,0.04828269761055708,0.7238243401050568,0.8266553074121475,0.016536045074462935,0.16632988750934596,nan,0.0,nan,0.0,0
10,240,3408,0.19357954545454545,2560,1.5005589187145234,0.418359375,0.8170185774564743,0.8086259305477143,0.292578125,0.42514050006866455,0.594630965590477,0.03137257695198059,0.04920580387115479,0.725408461689949,0.8266553074121475,0.009636729955673218,0.16632988750934596,nan,0.0,nan,0.0,0
10,260,3428,0.19471590909090908,2560,1.5455713450908661,0.407421875,0.8201532483100891,0.816243126988411,0.282421875,0.4105971738696098,0.5938933163881301,0.03137257695198059,0.048024284094572066,0.7216410279273987,0.8170185774564743,-0.0031346708536147405,0.16632988750934596,nan,0.0,0.3125,0.3777612999838311,0
10,280,3448,0.1958522727272727,2560,1.5660211324691773,0.38828125,0.8306961923837661,0.8162384241819381,0.291796875,0.42305744290351865,0.5925148159265519,0.03137257695198059,0.04771207422018051,0.7219166964292526,0.8170185774564743,-0.013677614927291804,0.16632988750934596,nan,0.0,nan,0.0,0
10,300,3468,0.19698863636363637,2560,1.5420007884502411,0.40546875,0.8218047589063644,0.8147153437137604,0.276953125,0.41225489526987075,0.5881637752056121,0.03137257695198059,0.050854767113924025,0.7296247601509094,0.8201532483100891,-0.0016515105962753296,0.16632988750934596,nan,0.0,nan,0.0,0
10,320,3488,0.198125,2560,1.5516066610813142,0.414453125,0.8133533358573913,0.8110870629549026,0.276953125,0.41703708469867706,0.595021715760231,0.03137257695198059,0.04732876941561699,0.7216003447771072,0.8201532483100891,0.006799912452697732,0.16632988750934596,nan,0.0,nan,0.0,0
10,340,3508,0.19926136363636363,2560,1.5285088539123535,0.41484375,0.8318266034126282,0.8177453577518463,0.282421875,0.4152851179242134,0.587331023812294,0.03137257695198059,0.05052570905536413,0.7279755115509033,0.8201532483100891,-0.011673355102539085,0.16632988750934596,nan,0.0,nan,0.0,0
10,352,3520,0.19994318181818183,1480,1.5550332056509482,0.4114864860032056,0.8366092588450458,0.8210669449857764,0.2628378375156506,0.4165848778711783,0.5857411104279595,0.03137257695198059,0.05150332865682808,0.7326712289372006,0.8218047589063644,-0.014804499938681381,0.16632988750934596,nan,0.0,0.3203125,0.3787155000027269,0
11,20,3540,0.20107954545454546,2560,1.5120400786399841,0.419921875,0.824831971526146,0.8114148616790772,0.264453125,0.41281781494617464,0.5937386989593506,0.03137257695198059,0.044532721303403376,0.7174161076545715,0.8306961923837661,0.005864220857620173,0.16632988750934596,nan,0.0,nan,0.0,0
11,40,3560,0.20221590909090909,2560,1.5094773173332214,0.4234375,0.8057464540004731,0.7982683956623078,0.2828125,0.4309255361557007,0.5875484645366669,0.03137257695198059,0.04750275667756796,0.7216228067874908,0.824831971526146,0.01908551752567289,0.16632988750934596,nan,0.0,nan,0.0,0
11,60,3580,0.20335227272727271,2560,1.5205958425998687,0.421875,0.8220078319311142,0.8191285699605941,0.269921875,0.40017691552639006,0.5951506465673446,0.03137257695198059,0.04645561296492815,0.7203346639871597,0.824831971526146,0.002824139595031805,0.16632988750934596,nan,0.0,nan,0.0,0
11,80,3600,0.20448863636363637,2560,1.5497970581054688,0.409375,0.8243382155895234,0.8118201076984406,0.276953125,0.4178053170442581,0.5905016779899597,0.03137257695198059,0.04658227246254683,0.7204391151666641,0.824831971526146,0.0004937559366225974,0.16632988750934596,nan,0.0,nan,0.0,0
11,100,3620,0.205625,2560,1.5028272211551665,0.42734375,0.8026588410139084,0.8099156886339187,0.28671875,0.42016771137714387,0.5923413723707199,0.03137257695198059,0.045307943411171434,0.7179829269647598,0.8243382155895234,0.021679374575614974,0.16632988750934596,nan,0.0,0.3203125,0.37282270001014695,0
11,120,3640,0.20676136363636363,2560,1.5633826434612275,0.401171875,0.8177809953689575,0.8130619287490845,0.2953125,0.4192507043480873,0.5973910242319107,0.03137257695198059,0.04381195437163114,0.7131441414356232,0.8220078319311142,0.004226836562156611,0.16632988750934596,nan,0.0,nan,0.0,0
11,140,3660,0.20789772727272726,2560,1.5285788595676422,0.4125,0.819629254937172,0.8103987544775009,0.28828125,0.42365083247423174,0.5907590389251709,0.03137257695198059,0.047663265652954576,0.7217030018568039,0.8177809953689575,-0.0018482595682144387,0.16632988750934596,nan,0.0,nan,0.0,0
11,160,3680,0.2090340909090909,2560,1.5546077907085418,0.41015625,0.8081619799137115,0.8078084468841553,0.27421875,0.4277959316968918,0.5922195672988891,0.03137257695198059,0.048250183649361136,0.7234404236078262,0.819629254937172,0.011467275023460455,0.16632988750934596,nan,0.0,nan,0.0,0
11,180,3700,0.21017045454545455,2560,1.4792327523231505,0.424609375,0.8186815023422241,0.8110862970352173,0.2921875,0.4221047669649124,0.5914961665868759,0.03137257695198059,0.049049367941915986,0.7229938447475434,0.8177809953689575,-0.0009005069732666016,0.16632988750934596,nan,0.0,nan,0.0,0
11,200,3720,0.21130681818181818,2560,1.5734881639480591,0.396484375,0.8103172391653061,0.810107696056366,0.290625,0.43508282005786897,0.5865900903940201,0.03137257695198059,0.046055498719215396,0.7216592818498612,0.8177809953689575,0.007463756203651473,0.16632988750934596,nan,0.0,0.296875,0.37113200000021607,0
11,220,3740,0.2124431818181818,2560,1.5905586183071136,0.38359375,0.8235983461141586,0.8162290185689927,0.291015625,0.4170573249459267,0.5946149349212646,0.03137257695198059,0.04448555894196034,0.7133521109819412,0.8177809953689575,-0.005817350745201066,0.16632988750934596,nan,0.0,nan,0.0,0
11,240,3760,0.21357954545454544,2560,1.5338299810886382,0.42734375,0.8175795137882232,0.8125018030405045,0.25625,0.402835077047348,0.5960629969835282,0.03137257695198059,0.04560397863388062,0.7159297078847885,0.8186815023422241,0.001101988554000899,0.16632988750934596,nan,0.0,nan,0.0,0
11,260,3780,0.21471590909090907,2560,1.5143582820892334,0.410546875,0.8078866183757782,0.8039626002311706,0.279296875,0.4276920795440674,0.5909178614616394,0.03137257695198059,0.047587711922824384,0.7226168304681778,0.8175795137882232,0.009692895412445002,0.16632988750934596,nan,0.0,nan,0.0,0
11,280,3800,0.21585227272727273,2560,1.5419707238674163,0.4046875,0.8157931864261627,0.8155746668577194,0.26171875,0.4086258441209793,0.5888159602880478,0.03137257695198059,0.04756903406232595,0.7223721206188202,0.8175795137882232,0.0017863273620605247,0.16632988750934596,nan,0.0,nan,0.0,0
11,300,3820,0.21698863636363636,2560,1.505192130804062,0.424609375,0.8111960977315903,0.8093890100717545,0.276171875,0.4061588227748871,0.5966722071170807,0.03137257695198059,0.04686634633690119,0.7185478538274765,0.8157931864261627,0.0045970886945724265,0.16632988750934596,nan,0.0,0.265625,0.37410559999989346,0
11,320,3840,0.21812499999999999,2560,1.5518297016620637,0.412109375,0.8155758410692215,0.8131172329187393,0.27734375,0.4254417777061462,0.5921983242034912,0.03137257695198059,0.04975226651877165,0.7250024616718292,0.8157931864261627,0.00021734535694117874,0.16632988750934596,nan,0.0,nan,0.0,0
11,340,3860,0.21926136363636362,2560,1.552819049358368,0.403515625,0.8173165827989578,0.8117931574583054,0.2765625,0.4061397507786751,0.5924587339162827,0.03137257695198059,0.049968954361975196,0.7261880457401275,0.8155758410692215,-0.0017407417297362615,0.16632988750934596,nan,0.0,nan,0.0,0
11,352,3872,0.21994318181818182,1480,1.5502412976445379,0.4060810814032684,0.8252500060442332,0.8141531451328381,0.2635135136746071,0.4189317601758081,0.5994906238607458,0.03137257695198059,0.04461272115240226,0.7150087469332927,0.8155758410692215,-0.009674164975011612,0.16632988750934596,nan,0.0,nan,0.0,0
12,20,3892,0.22107954545454545,2560,1.5410288870334625,0.405078125,0.8233046114444733,0.8176357477903367,0.28671875,0.4184758797287941,0.5906373560428619,0.03137257695198059,0.05018297266215086,0.7263488709926605,0.8157931864261627,-0.007511425018310591,0.16632988750934596,nan,0.0,nan,0.0,0
12,40,3912,0.22221590909090908,2560,1.5314312815666198,0.423828125,0.8248334467411041,0.8127678066492081,0.265625,0.43823217004537585,0.593156698346138,0.03137257695198059,0.04816441386938095,0.723789581656456,0.8173165827989578,-0.007516863942146346,0.16632988750934596,nan,0.0,0.328125,0.37846549999085255,0
12,60,3932,0.22335227272727273,2560,1.5503340065479279,0.420703125,0.8245197415351868,0.8139265924692154,0.264453125,0.40991847813129423,0.587625014781952,0.03137257695198059,0.04815924763679504,0.7241328895092011,0.8233046114444733,-0.001215130090713501,0.16632988750934596,nan,0.0,nan,0.0,0
12,80,3952,0.22448863636363636,2560,1.512745487689972,0.4234375,0.7932683616876602,0.8047709345817566,0.272265625,0.43044415563344957,0.595562008023262,0.03137257695198059,0.04641661383211613,0.7203180342912674,0.8245197415351868,0.03125137984752657,0.16632988750934596,nan,0.0,nan,0.0,0
12,100,3972,0.225625,2560,1.5374786972999572,0.41484375,0.8186374068260193,0.8111543208360672,0.274609375,0.4140365645289421,0.5925867944955826,0.03137257695198059,0.04689349066466093,0.7193242996931076,0.8245197415351868,0.005882334709167547,0.16632988750934596,nan,0.0,nan,0.0,0
12,120,3992,0.22676136363636362,2560,1.5290073215961457,0.4140625,0.8063509285449981,0.8116793513298035,0.272265625,0.41532955318689346,0.5980769038200379,0.03137257695198059,0.048851877078413965,0.723226198554039,0.8233046114444733,0.016953682899475186,0.16632988750934596,nan,0.0,nan,0.0,0
12,140,4012,0.22789772727272725,2560,1.5460535049438477,0.41328125,0.8136018842458725,0.8164954036474228,0.28046875,0.41586716175079347,0.591595607995987,0.03137257695198059,0.0444362485781312,0.7135753005743026,0.8186374068260193,0.005035522580146723,0.16632988750934596,nan,0.0,0.3359375,0.3743203000049107,0
12,160,4032,0.22903409090909088,2560,1.555813980102539,0.40390625,0.8268219888210296,0.81770059466362,0.276171875,0.4021743208169937,0.5914563655853271,0.03137257695198059,0.04680930506438017,0.7207776784896851,0.8136018842458725,-0.013220104575157099,0.16632988750934596,nan,0.0,nan,0.0,0
12,180,4052,0.23017045454545454,2560,1.5210453867912292,0.425,0.8116062998771667,0.8061050593852996,0.252734375,0.415148937702179,0.5965269893407822,0.03137257695198059,0.04781106822192669,0.7222778171300888,0.8136018842458725,0.0019955843687058383,0.16632988750934596,nan,0.0,nan,0.0,0
12,200,4072,0.23130681818181817,2560,1.5055918574333191,0.426953125,0.8047008007764817,0.8082819789648056,0.28125,0.427456796169281,0.5960773706436158,0.03137257695198059,0.04759784806519747,0.7214297443628311,0.8136018842458725,0.008901083469390891,0.16632988750934596,nan,0.0,nan,0.0,0
12,220,4092,0.2324431818181818,2560,1.518408191204071,0.41640625,0.8223361194133758,0.8156985193490982,0.276171875,0.4128844663500786,0.5961064875125885,0.03137257695198059,0.04671307019889355,0.7209456413984299,0.8116062998771667,-0.010729819536209106,0.16632988750934596,nan,0.0,nan,0.0,0
12,240,4112,0.23357954545454543,2560,1.5733758747577666,0.406640625,0.8251203328371048,0.8130503594875336,0.2734375,0.42406224757432937,0.597077077627182,0.03137257695198059,0.04826692473143339,0.7245721340179443,0.8136018842458725,-0.0115184485912323,0.16632988750934596,nan,0.0,0.375,0.37152399998740293,0
12,260,4132,0.23471590909090906,2560,1.539445686340332,0.415625,0.8087813556194305,0.8062498897314072,0.2671875,0.4081742584705353,0.5897264063358307,0.03137257695198059,0.04586790669709444,0.7196294009685517,0.8223361194133758,0.013554763793945268,0.16632988750934596,nan,0.0,nan,0.0,0
12,280,4152,0.23585227272727272,2560,1.518876951932907,0.4171875,0.8088512182235718,0.8090049862861634,0.2828125,0.4268913403153419,0.5903284937143326,0.03137257695198059,0.04409984610974789,0.714079686999321,0.8116062998771667,0.0027550816535949485,0.16632988750934596,nan,0.0,nan,0.0,0
12,300,4172,0.23698863636363635,2560,1.5542448043823243,0.412109375,0.8098032683134079,0.8089720636606217,0.2796875,0.4104879319667816,0.5914412349462509,0.03137257695198059,0.04696043711155653,0.7189993143081665,0.8088512182235718,-0.0009520500898361206,0.16632988750934596,nan,0.0,nan,0.0,0
12,320,4192,0.23812499999999998,2560,1.537898802757263,0.41328125,0.819398719072342,0.8183735102415085,0.28203125,0.41334340423345567,0.5881697446107864,0.03137257695198059,0.05096163433045149,0.7304936170578002,0.8098032683134079,-0.009595450758934088,0.16632988750934596,nan,0.0,nan,0.0,0
12,340,4212,0.2392613636363636,2560,1.5059268534183503,0.431640625,0.8141359716653824,0.805917888879776,0.278125,0.4329026862978935,0.5920509546995163,0.03137257695198059,0.05040606614202261,0.7275190711021423,0.8098032683134079,-0.004332703351974554,0.16632988750934596,nan,0.0,0.2890625,0.3733574000070803,0
12,352,4224,0.2399431818181818,1480,1.540347444044577,0.41216216216216217,0.8078275181151725,0.8152874015473031,0.2993243246465116,0.4439129860014529,0.5964909956261918,0.03137257695198059,0.051199536992085945,0.7283609374149426,0.8098032683134079,0.001975750198235371,0.16632988750934596,nan,0.0,nan,0.0,0
13,20,4244,0.24107954545454544,2560,1.5584756135940552,0.41328125,0.8201083064079284,0.8138213008642197,0.280859375,0.42350474298000335,0.5899049282073975,0.03137257695198059,0.046154301054775713,0.7192566156387329,0.8098032683134079,-0.010305038094520547,0.16632988750934596,nan,0.0,nan,0.0,0
13,40,4264,0.24221590909090907,2560,1.534263300895691,0.418359375,0.8199109941720962,0.8163997858762742,0.273046875,0.4197137877345085,0.5930679559707641,0.03137257695198059,0.0490729384124279,0.7245768517255783,0.8141359716653824,-0.005775022506713801,0.16632988750934596,nan,0.0,nan,0.0,0
13,60,4284,0.24335227272727272,2560,1.5680682003498077,0.40703125,0.8052097350358963,0.8043691188097,0.273828125,0.42577443867921827,0.5963393092155457,0.03137257695198059,0.04564885161817074,0.7195582777261734,0.819398719072342,0.01418898403644564,0.16632988750934596,nan,0.0,nan,0.0,0
13,80,4304,0.24448863636363635,2560,1.526829868555069,0.422265625,0.8187863171100617,0.8140711665153504,0.2859375,0.4305940613150597,0.5926873713731766,0.03137257695198059,0.05095983743667602,0.7279317855834961,0.8141359716653824,-0.004650345444679238,0.16632988750934596,nan,0.0,0.2578125,0.3666062999982387,0
13,100,4324,0.24562499999999998,2560,1.544114315509796,0.404296875,0.8269842833280563,0.8182106196880341,0.283984375,0.42469062358140947,0.5934845179319381,0.03137257695198059,0.046784769557416436,0.7182990610599518,0.8187863171100617,-0.008197966217994623,0.16632988750934596,nan,0.0,nan,0.0,0
13,120,4344,0.2467613636363636,2560,1.5369854807853698,0.4125,0.8220881462097168,0.8146012842655181,0.290234375,0.4199801191687584,0.5893159478902816,0.03137257695198059,0.047900912910699846,0.7223914742469788,0.8199109941720962,-0.002177152037620589,0.16632988750934596,nan,0.0,nan,0.0,0
13,140,4364,0.24789772727272724,2560,1.5277174055576324,0.41328125,0.8257928967475892,0.8179070979356766,0.291796875,0.4265530228614807,0.5917614132165909,0.03137257695198059,0.048891558311879635,0.7228076934814454,0.8199109941720962,-0.0058819025754929255,0.16632988750934596,nan,0.0,nan,0.0,0
13,160,4384,0.2490340909090909,2560,1.5357707679271697,0.4203125,0.811675226688385,0.8073377192020417,0.278515625,0.41814242154359815,0.5898767113685608,0.03137257695198059,0.0491916237398982,0.7254726678133011,0.8220881462097168,0.010412919521331832,0.16632988750934596,nan,0.0,nan,0.0,0
13,180,4404,0.2501704545454545,2560,1.532640093564987,0.41640625,0.820391845703125,0.8109422236680984,0.28046875,0.4070819616317749,0.592421492934227,0.03137257695198059,0.04835313819348812,0.7243917942047119,0.8220881462097168,0.0016963005065918635,0.16632988750934596,nan,0.0,0.328125,0.3678072999755386,0
13,200,4424,0.25130681818181816,2560,1.545920068025589,0.409375,0.8112549662590027,0.8105073481798172,0.28125,0.4261192321777344,0.5923394709825516,0.03137257695198059,0.04628069456666708,0.7195272475481034,0.8220881462097168,0.010833179950714089,0.16632988750934596,nan,0.0,nan,0.0,0
13,220,4444,0.2524431818181818,2560,1.5236249625682832,0.430859375,0.8138503283262253,0.8078943997621536,0.256640625,0.4117691650986671,0.592862468957901,0.03137257695198059,0.0465175025165081,0.7212039142847061,0.820391845703125,0.006541517376899675,0.16632988750934596,nan,0.0,nan,0.0,0
13,240,4464,0.2535795454545454,2560,1.5333356142044068,0.41171875,0.8111506193876267,0.8104123651981354,0.2828125,0.4284868136048317,0.5901926934719086,0.03137257695198059,0.046387238427996635,0.7200481086969376,0.8138503283262253,0.0026997089385986106,0.16632988750934596,nan,0.0,nan,0.0,0
13,260,4484,0.2547159090909091,2560,1.5862326979637147,0.398828125,0.8249377489089966,0.817423266172409,0.278125,0.40694363713264464,0.595438152551651,0.03137257695198059,0.04686409961432218,0.7210695624351502,0.811675226688385,-0.013262522220611639,0.16632988750934596,nan,0.0,nan,0.0,0
13,280,4504,0.2558522727272727,2560,1.526486325263977,0.416015625,0.8072623372077942,0.8080543667078018,0.28359375,0.41625411361455916,0.5986838221549988,0.03137257695198059,0.0461091585457325,0.7166827380657196,0.8138503283262253,0.0065879911184311135,0.16632988750934596,nan,0.0,0.3359375,0.37687730000470765,0
13,300,4524,0.2569886363636364,2560,1.5767097353935242,0.4046875,0.8237123966217041,0.8175019770860672,0.25625,0.40476253926753997,0.5931872248649597,0.03137257695198059,0.05008875019848347,0.7268396228551864,0.8112549662590027,-0.012457430362701416,0.16632988750934596,nan,0.0,nan,0.0,0
13,320,4544,0.258125,2560,1.5217192590236663,0.434375,0.8146776527166366,0.8114388942718506,0.2640625,0.4086646422743797,0.5953608393669129,0.03137257695198059,0.04879887644201517,0.7250950187444687,0.8138503283262253,-0.0008273243904113325,0.16632988750934596,nan,0.0,nan,0.0,0
13,340,4564,0.25926136363636365,2560,1.5402013540267945,0.41796875,0.8147411912679672,0.8086171686649323,0.26640625,0.4196650549769402,0.5976101100444794,0.03137257695198059,0.04656562246382236,0.7198469132184983,0.8146776527166366,-6.35385513305664e-05,0.16632988750934596,nan,0.0,nan,0.0,0
13,352,4576,0.2599431818181818,1480,1.5315647834056132,0.4168918925362664,0.8031509338198481,0.801768604162577,0.285135135618416,0.4293441769239065,0.5959800565564954,0.03137257695198059,0.04416215578849251,0.7146169401503898,0.8147411912679672,0.011590257448119035,0.16632988750934596,nan,0.0,nan,0.0,0
14,20,4596,0.2610795454545454,2560,1.5357569694519042,0.412890625,0.8132870376110077,0.8102033197879791,0.28125,0.4199644148349762,0.5920626521110535,0.03137257695198059,0.04591394979506731,0.7184804797172546,0.8146776527166366,0.0013906151056288785,0.16632988750934596,nan,0.0,0.328125,0.3701127000094857,0
14,40,4616,0.2622159090909091,2560,1.5556883931159973,0.3875,0.8125431448221206,0.8037170588970184,0.299609375,0.4184939831495285,0.5965768337249756,0.03137257695198059,0.0457364896312356,0.7166411072015763,0.8146776527166366,0.002134507894515969,0.16632988750934596,nan,0.0,nan,0.0,0
14,60,4636,0.2633522727272727,2560,1.5386914551258086,0.41015625,0.8026438772678375,0.807942345738411,0.28984375,0.43586450517177583,0.594410851597786,0.03137257695198059,0.04392979927361011,0.7136926621198654,0.8132870376110077,0.010643160343170255,0.16632988750934596,nan,0.0,nan,0.0,0
14,80,4656,0.26448863636363634,2560,1.5365154087543487,0.427734375,0.817273297905922,0.8084405422210693,0.26796875,0.4186354875564575,0.5910942316055298,0.03137257695198059,0.04521894622594118,0.7171051651239395,0.8125431448221206,-0.004730153083801314,0.16632988750934596,nan,0.0,nan,0.0,0
14,100,4676,0.265625,2560,1.503064090013504,0.4296875,0.8150360107421875,0.8113486051559449,0.269921875,0.41560757756233213,0.5942395687103271,0.03137257695198059,0.04475711937993765,0.7148322135210037,0.8125431448221206,-0.0024928659200668113,0.16632988750934596,nan,0.0,nan,0.0,0
14,120,4696,0.2667613636363636,2560,1.5242014944553375,0.4109375,0.8085266321897506,0.8084883570671082,0.278515625,0.43079646974802016,0.5931090295314789,0.03137257695198059,0.047164779342710975,0.7210162550210952,0.8132870376110077,0.004760405421257108,0.16632988750934596,nan,0.0,0.3125,0.36922980000963435,0
14,140,4716,0.26789772727272726,2560,1.5165223121643066,0.423046875,0.8069085717201233,0.8108160853385925,0.2796875,0.42298249155282974,0.5949081599712371,0.03137257695198059,0.04565647542476654,0.7175060212612152,0.8125431448221206,0.005634573101997331,0.16632988750934596,nan,0.0,nan,0.0,0
14,160,4736,0.26903409090909086,2560,1.5704230070114136,0.40625,0.8240161776542664,0.813809734582901,0.279296875,0.41206851601600647,0.6035367488861084,0.03137257695198059,0.04521385580301285,0.7169620871543885,0.8085266321897506,-0.015489545464515753,0.16632988750934596,nan,0.0,nan,0.0,0
14,180,4756,0.2701704545454545,2560,1.5518570959568023,0.403125,0.8228674560785294,0.814410924911499,0.28671875,0.4264238938689232,0.5937207758426666,0.03137257695198059,0.04280083905905485,0.7111895352602005,0.8150360107421875,-0.007831445336341947,0.16632988750934596,nan,0.0,nan,0.0,0
14,200,4776,0.2713068181818182,2560,1.5434116005897522,0.409375,0.8088344812393189,0.8079629451036453,0.277734375,0.4149158701300621,0.596283233165741,0.03137257695198059,0.04384523462504149,0.7146424531936646,0.8150360107421875,0.0062015295028685635,0.16632988750934596,nan,0.0,nan,0.0,0
14,220,4796,0.27244318181818183,2560,1.5732548236846924,0.406640625,0.8211128175258636,0.8103327602148056,0.26953125,0.41657349914312364,0.5918018519878387,0.03137257695198059,0.048186907358467576,0.725997456908226,0.8088344812393189,-0.012278336286544733,0.16632988750934596,nan,0.0,0.2734375,0.3648090999922715,0
14,240,4816,0.27357954545454544,2560,1.5482603073120118,0.405859375,0.80562943816185,0.811403802037239,0.266015625,0.4100688695907593,0.59063061773777,0.03137257695198059,0.045681281946599483,0.7183057576417923,0.8211128175258636,0.015483379364013672,0.16632988750934596,nan,0.0,nan,0.0,0
14,260,4836,0.2747159090909091,2560,1.5392327189445496,0.4203125,0.8144402027130127,0.8128779262304306,0.274609375,0.41298213303089143,0.5924176722764969,0.03137257695198059,0.045247527025640014,0.7174670934677124,0.8211128175258636,0.006672614812850974,0.16632988750934596,nan,0.0,nan,0.0,0
14,280,4856,0.27585227272727275,2560,1.5490825593471527,0.40625,0.8115475386381149,0.8081428736448288,0.293359375,0.42689024955034255,0.6011299401521683,0.03137257695198059,0.04788729883730412,0.7227336198091507,0.8144402027130127,0.002892664074897744,0.16632988750934596,nan,0.0,nan,0.0,0
14,300,4876,0.27698863636363635,2560,1.5670609176158905,0.4046875,0.8038511067628861,0.8131880640983582,0.265625,0.41276551485061647,0.5927103817462921,0.03137257695198059,0.049085074476897715,0.7250885128974914,0.8115475386381149,0.007696431875228837,0.16632988750934596,nan,0.0,nan,0.0,0
14,320,4896,0.278125,2560,1.5226116180419922,0.430078125,0.8129593461751938,0.8121836513280869,0.271875,0.41378868371248245,0.5951423823833466,0.03137257695198059,0.04456627294421196,0.7131237655878067,0.8115475386381149,-0.001411807537078924,0.16632988750934596,nan,0.0,0.3203125,0.37525169999571517,0
14,340,4916,0.2792613636363636,2560,1.5488205254077911,0.397265625,0.8090020626783371,0.8146062403917312,0.286328125,0.4150418058037758,0.5945937067270279,0.03137257695198059,0.04277707245200872,0.711050134897232,0.8115475386381149,0.002545475959777832,0.16632988750934596,nan,0.0,nan,0.0,0
14,352,4928,0.2799431818181818,1480,1.507768949302467,0.4101351349740415,0.8017102483156565,0.8097557506045779,0.283108108591389,0.4105190895699166,0.6023686225349839,0.031372576770750255,0.03964231604257146,0.7010844217764365,0.8115475386381149,0.009837290322458392,0.16632988750934596,nan,0.0,nan,0.0,0
15,20,4948,0.28107954545454544,2560,1.5616024076938628,0.413671875,0.8101107507944107,0.8084634333848953,0.2765625,0.44473788142204285,0.5959087580442428,0.03137257695198059,0.046019838005304334,0.7194834113121032,0.8090020626783371,-0.001108688116073675,0.16632988750934596,nan,0.0,nan,0.0,0
15,40,4968,0.28221590909090905,2560,1.5471973299980164,0.41875,0.8163376033306122,0.8134408503770828,0.269140625,0.41356784999370577,0.5967174679040909,0.03137257695198059,0.042150282114744184,0.7084886014461518,0.8090020626783371,-0.007335540652275152,0.16632988750934596,nan,0.0,nan,0.0,0
15,60,4988,0.2833522727272727,2560,1.5378954708576202,0.40625,0.8248005777597427,0.8184643000364303,0.26875,0.4086362808942795,0.5922858148813248,0.03137257695198059,0.04405024889856577,0.7140032440423966,0.8101107507944107,-0.014689826965331942,0.16632988750934596,nan,0.0,0.2890625,0.36987299998872913,0
15,80,5008,0.28448863636363636,2560,1.554159790277481,0.40078125,0.8058645099401474,0.8111114799976349,0.28359375,0.419465871155262,0.591177013516426,0.03137257695198059,0.0461045129224658,0.7186532884836196,0.8101107507944107,0.0042462408542633945,0.16632988750934596,nan,0.0,nan,0.0,0
15,100,5028,0.28562499999999996,2560,1.5159029185771942,0.423828125,0.8053862780332566,0.8085468500852585,0.278515625,0.4094697907567024,0.5843722283840179,0.03137257695198059,0.04669488370418549,0.7200668662786484,0.8101107507944107,0.004724472761154175,0.16632988750934596,nan,0.0,nan,0.0,0
15,120,5048,0.2867613636363636,2560,1.502932757139206,0.429296875,0.7937763661146164,0.805700707435608,0.28671875,0.44305288046598434,0.597727221250534,0.03137257695198059,0.045417085848748685,0.7171240597963333,0.8101107507944107,0.01633438467979431,0.16632988750934596,nan,0.0,nan,0.0,0
15,140,5068,0.2878977272727273,2560,1.5686647295951843,0.391015625,0.8166789680719375,0.8145373284816741,0.281640625,0.4191786125302315,0.5963231563568115,0.03137257695198059,0.04696761127561331,0.720985934138298,0.8058645099401474,-0.010814458131790161,0.16632988750934596,nan,0.0,nan,0.0,0
15,160,5088,0.28903409090909093,2560,1.5988618075847625,0.404296875,0.8168275982141495,0.8136000514030457,0.273046875,0.4074600026011467,0.5955752283334732,0.03137257695198059,0.043752594850957394,0.714741662144661,0.8058645099401474,-0.010963088274002164,0.16632988750934596,nan,0.0,0.3359375,0.3765109999803826,0
15,180,5108,0.29017045454545454,2560,1.5577008068561553,0.41484375,0.8094351410865783,0.8078739404678345,0.27734375,0.42306121736764907,0.591894805431366,0.03137257695198059,0.046817374788224696,0.7210924834012985,0.8058645099401474,-0.0035706311464309692,0.16632988750934596,nan,0.0,nan,0.0,0
15,200,5128,0.2913068181818182,2560,1.5421513319015503,0.407421875,0.818342000246048,0.8120879024267197,0.27578125,0.4269020289182663,0.5912697046995163,0.03137257695198059,0.045836469531059264,0.7165264368057251,0.8094351410865783,-0.008906859159469649,0.16632988750934596,nan,0.0,nan,0.0,0
15,220,5148,0.2924431818181818,2560,1.5662138223648072,0.416015625,0.8242691308259964,0.8180490046739578,0.2765625,0.42159930765628817,0.5941882044076919,0.03137257695198059,0.04615086615085602,0.71844462454319,0.8166789680719375,-0.007590162754058882,0.16632988750934596,nan,0.0,nan,0.0,0
15,240,5168,0.29357954545454545,2560,1.5694327235221863,0.396875,0.8143248677253723,0.8099287837743759,0.28203125,0.41277895867824554,0.5959699243307114,0.03137257695198059,0.045526559092104436,0.717135539650917,0.8168275982141495,0.0025027304887772495,0.16632988750934596,nan,0.0,nan,0.0,0
15,260,5188,0.2947159090909091,2560,1.5292147278785706,0.41796875,0.8075928539037704,0.8075760096311569,0.273046875,0.42594182640314104,0.5917710870504379,0.03137257695198059,0.045331809855997565,0.7162070721387863,0.8168275982141495,0.009234744310379073,0.16632988750934596,nan,0.0,0.2421875,0.3745749999943655,0
15,280,5208,0.2958522727272727,2560,1.5827749848365784,0.40625,0.8067528992891312,0.8072840601205826,0.269921875,0.41539233177900314,0.5967309564352036,0.03137257695198059,0.0455496683716774,0.7173825919628143,0.8143248677253723,0.007571968436241083,0.16632988750934596,nan,0.0,nan,0.0,0
15,300,5228,0.29698863636363637,2560,1.523940670490265,0.437109375,0.8039452463388443,0.8041767358779908,0.264453125,0.41137678176164627,0.5913980007171631,0.03137257695198059,0.04475243221968413,0.7179352968931199,0.8143248677253723,0.010379621386527926,0.16632988750934596,nan,0.0,nan,0.0,0
15,320,5248,0.298125,2560,1.563562124967575,0.3953125,0.8127398580312729,0.8142354488372803,0.2921875,0.43052999675273895,0.598387035727501,0.03137257695198059,0.04411912616342306,0.7130995601415634,0.8075928539037704,-0.005147004127502464,0.16632988750934596,nan,0.0,nan,0.0,0
15,340,5268,0.29926136363636363,2560,1.5725367665290833,0.405859375,0.8237808525562287,0.8172483026981354,0.276953125,0.4231411814689636,0.5922236353158951,0.03137257695198059,0.044970668479800226,0.7158499360084534,0.8075928539037704,-0.016187998652458235,0.16632988750934596,nan,0.0,nan,0.0,0
15,352,5280,0.2999431818181818,1480,1.5218147413150684,0.4290540546984286,0.8132158140878419,0.8145756541071711,0.26959459475568825,0.3976160896790994,0.5904789792524802,0.03137257695198059,0.046851682602553756,0.7229161639471312,0.8075928539037704,-0.0056229601840714905,0.16632988750934596,nan,0.0,0.3515625,0.37800850000348873,0
16,20,5300,0.2989204545454545,2560,1.5130996465682984,0.425,0.8095333576202393,0.8044292539358139,0.2875,0.435336197912693,0.5937913507223129,0.03137257695198059,0.046922277100384234,0.7214020758867263,0.8127398580312729,0.0032065004110336526,0.16632988750934596,nan,0.0,nan,0.0,0
16,40,5320,0.2977840909090909,2560,1.5425084352493286,0.415234375,0.8122935563325882,0.8124954491853714,0.28671875,0.4144566208124161,0.6014329493045807,0.03137257695198059,0.05052580963820219,0.7284982919692993,0.8127398580312729,0.000446301698684759,0.16632988750934596,nan,0.0,nan,0.0,0
16,60,5340,0.29664772727272726,2560,1.552797055244446,0.413671875,0.8140636295080185,0.8138864129781723,0.272265625,0.4294711574912071,0.5868121057748794,0.03137257695198059,0.04832516945898533,0.7234333723783493,0.8127398580312729,-0.001323771476745561,0.16632988750934596,nan,0.0,nan,0.0,0
16,80,5360,0.29551136363636366,2560,1.595129418373108,0.400390625,0.8079823344945908,0.8134253442287445,0.28046875,0.42668629437685013,0.5950915157794953,0.03137257695198059,0.04912025779485703,0.7274597615003586,0.8132158140878419,0.005233479593251156,0.16632988750934596,nan,0.0,nan,0.0,0
16,100,5380,0.294375,2560,1.5462366580963134,0.41015625,0.8013197630643845,0.8054465174674987,0.28828125,0.43162728399038314,0.5951367914676666,0.03137257695198059,0.046237765625119207,0.7218646258115768,0.8122935563325882,0.010973793268203691,0.16632988750934596,nan,0.0,0.2890625,0.37509899999713525,0
16,120,5400,0.2932386363636364,2560,1.5005456745624541,0.43828125,0.8059799581766128,0.811075609922409,0.2703125,0.40534173995256423,0.5956454187631607,0.03137257695198059,0.045301942713558675,0.7181300163269043,0.8095333576202393,0.003553399443626426,0.16632988750934596,nan,0.0,nan,0.0,0
16,140,5420,0.2921022727272727,2560,1.530450028181076,0.421484375,0.8165155738592148,0.8103416562080383,0.264453125,0.4211603745818138,0.5926962733268738,0.03137257695198059,0.04678299054503441,0.7207404434680938,0.8079823344945908,-0.008533239364624023,0.16632988750934596,nan,0.0,nan,0.0,0
16,160,5440,0.2909659090909091,2560,1.5200987815856934,0.4140625,0.8141049742698669,0.8157559961080552,0.268359375,0.4138215109705925,0.591226589679718,0.03137257695198059,0.0429512495175004,0.7117384284734726,0.8079823344945908,-0.006122639775276162,0.16632988750934596,nan,0.0,nan,0.0,0
16,180,5460,0.2898295454545454,2560,1.580880832672119,0.386328125,0.8158410936594009,0.8117225855588913,0.29296875,0.42507792413234713,0.5931369960308075,0.03137257695198059,0.04603090770542621,0.716981166601181,0.8079823344945908,-0.007858759164810158,0.16632988750934596,nan,0.0,nan,0.0,0
16,200,5480,0.2886931818181818,2560,1.5431684374809265,0.41953125,0.824212309718132,0.8117209374904633,0.26640625,0.40326438248157503,0.5986014246940613,0.03137257695198059,0.05923373736441136,0.7428204238414764,0.8141049742698669,-0.010107335448265031,0.16632988750934596,nan,0.0,0.2421875,0.369821200001752,0
16,220,5500,0.28755681818181816,2560,1.5284769058227539,0.421875,0.8023493200540542,0.8075829982757569,0.2625,0.41125590205192564,0.5925607293844223,0.03137257695198059,0.04257301650941372,0.7106070041656494,0.8158410936594009,0.013491773605346702,0.16632988750934596,nan,0.0,nan,0.0,0
16,240,5520,0.28642045454545456,2560,1.5752354621887208,0.402734375,0.803677287697792,0.8041258692741394,0.276953125,0.4225624054670334,0.5933433800935746,0.03137257695198059,0.0473875243216753,0.7220883190631866,0.8158410936594009,0.012163805961608931,0.16632988750934596,nan,0.0,nan,0.0,0
16,260,5540,0.2852840909090909,2560,1.584128874540329,0.391015625,0.8082712799310684,0.7988114863634109,0.27890625,0.41311286836862565,0.5870105922222137,0.03137257695198059,0.04430111106485128,0.7154349178075791,0.8141049742698669,0.005833694338798545,0.16632988750934596,nan,0.0,nan,0.0,0
16,280,5560,0.2841477272727273,2560,1.5227209627628326,0.4203125,0.7999539613723755,0.8045823633670807,0.28359375,0.4218883514404297,0.5910275965929032,0.03137257695198059,0.044138312339782715,0.7139837712049484,0.8082712799310684,0.008317318558692888,0.16632988750934596,nan,0.0,nan,0.0,0
16,300,5580,0.28301136363636364,2560,1.5721202552318574,0.410546875,0.8225971221923828,0.8124060511589051,0.269140625,0.4080373287200928,0.59046391248703,0.03137257695198059,0.04330461975187063,0.7115620911121369,0.803677287697792,-0.01891983449459078,0.16632988750934596,nan,0.0,0.3125,0.37152030001743697,0
16,320,5600,0.28187500000000004,2560,1.5217677116394044,0.426953125,0.7978528380393982,0.8008178889751434,0.281640625,0.43664237707853315,0.5963295221328735,0.03137257695198059,0.04463373795151711,0.7147050738334656,0.803677287697792,0.005824449658393793,0.16632988750934596,nan,0.0,nan,0.0,0
16,340,5620,0.28073863636363633,2560,1.512194812297821,0.4203125,0.7995675593614578,0.8036309778690338,0.27578125,0.4283426314592361,0.5969833552837371,0.03137257695198059,0.04306688439100981,0.711289256811142,0.803677287697792,0.004109728336334162,0.16632988750934596,nan,0.0,nan,0.0,0
16,352,5632,0.2800568181818182,1480,1.5536862534445686,0.4013513510291641,0.8093403175070479,0.8105308458611772,0.2756756751923948,0.4263612331570806,0.5967393121203861,0.03137257695198059,0.0445391063553256,0.7172398232124947,0.7999539613723755,-0.009386356134672424,0.16632988750934596,nan,0.0,nan,0.0,0
17,20,5652,0.2789204545454545,2560,1.4911195993423463,0.437890625,0.8057676792144776,0.8152557492256165,0.280859375,0.42855390906333923,0.5877268701791764,0.03137257695198059,0.04803855791687965,0.7236415863037109,0.7999539613723755,-0.005813717842102051,0.16632988750934596,nan,0.0,nan,0.0,0
17,40,5672,0.2777840909090909,2560,1.4918986856937408,0.434765625,0.8012076318264008,0.804927459359169,0.275390625,0.4204047217965126,0.5925539821386338,0.03137257695198059,0.04268810376524925,0.7114630609750747,0.8057676792144776,0.004560047388076804,0.16632988750934596,nan,0.0,0.375,0.38258390000555664,0
17,60,5692,0.27664772727272724,2560,1.5017855167388916,0.423046875,0.8003731697797776,0.804880678653717,0.274609375,0.4086928769946098,0.5956192195415497,0.03137257695198059,0.044260254316031936,0.714125218987465,0.8012076318264008,0.0008344620466231856,0.16632988750934596,nan,0.0,nan,0.0,0
17,80,5712,0.27551136363636364,2560,1.5283892750740051,0.42734375,0.8148048639297485,0.809851986169815,0.276953125,0.42705189287662504,0.5984488397836685,0.03137257695198059,0.04558114539831877,0.7176195502281189,0.8012076318264008,-0.013597232103347734,0.16632988750934596,nan,0.0,nan,0.0,0
17,100,5732,0.274375,2560,1.517856979370117,0.42890625,0.7863507002592087,0.8036555171012878,0.267578125,0.4322279006242752,0.5924062281847,0.03137257695198059,0.04675365760922432,0.7186409145593643,0.8057676792144776,0.019416978955268838,0.16632988750934596,nan,0.0,nan,0.0,0
17,120,5752,0.2732386363636364,2560,1.5416603684425354,0.4203125,0.8220028519630432,0.8127488613128662,0.287109375,0.43670187145471573,0.5906559228897095,0.03137257695198059,0.045214385725557804,0.7179513931274414,0.8012076318264008,-0.020795220136642478,0.16632988750934596,nan,0.0,nan,0.0,0
17,140,5772,0.2721022727272727,2560,1.5531389534473419,0.401171875,0.8177644789218903,0.81395024061203,0.2921875,0.43288485407829286,0.5942173182964325,0.03137257695198059,0.05099603198468685,0.7283021152019501,0.8012076318264008,-0.016556847095489546,0.16632988750934596,nan,0.0,0.3046875,0.37126569999963976,0
17,160,5792,0.2709659090909091,2560,1.5500120401382447,0.408203125,0.7935704916715622,0.8009100794792176,0.28203125,0.42742402851581573,0.5915797114372253,0.03137257695198059,0.0438783934339881,0.7140994548797608,0.8148048639297485,0.02123437225818625,0.16632988750934596,nan,0.0,nan,0.0,0
17,180,5812,0.26982954545454546,2560,1.5255269289016724,0.4125,0.8087118178606033,0.8128530085086823,0.291015625,0.43627508729696274,0.5919913113117218,0.03137257695198059,0.04650184661149979,0.7220185667276382,0.8148048639297485,0.00609304606914518,0.16632988750934596,nan,0.0,nan,0.0,0
17,200,5832,0.26869318181818186,2560,1.5624755263328551,0.408984375,0.8095255941152573,0.8074604153633118,0.273046875,0.4092737421393394,0.5916542291641236,0.03137257695198059,0.04888239558786154,0.7245845258235931,0.8087118178606033,-0.0008137762546539529,0.16632988750934596,nan,0.0,nan,0.0,0
17,220,5852,0.26755681818181815,2560,1.514248263835907,0.423828125,0.8013005524873733,0.806218859553337,0.295703125,0.4190713867545128,0.5912202447652817,0.03137257695198059,0.04235119614750147,0.7082329511642456,0.8095255941152573,0.008225041627883956,0.16632988750934596,nan,0.0,nan,0.0,0
17,240,5872,0.26642045454545454,2560,1.5590958833694457,0.391796875,0.8007918119430542,0.8047057062387466,0.28984375,0.44505085945129397,0.5898769587278366,0.03137257695198059,0.03912866357713938,0.7020373493432999,0.8087118178606033,0.007920005917549156,0.16632988750934596,nan,0.0,0.3359375,0.37628210001275875,0
17,260,5892,0.2652840909090909,2560,1.5521005988121033,0.415234375,0.8144794762134552,0.8119458764791488,0.263671875,0.41121592819690705,0.5915584713220596,0.03137257695198059,0.044266603887081146,0.7131677567958832,0.8013005524873733,-0.01317892372608187,0.16632988750934596,nan,0.0,nan,0.0,0
17,280,5912,0.26414772727272723,2560,1.5144503474235536,0.436328125,0.8076779335737229,0.8107923030853271,0.271875,0.4188887119293213,0.5973390102386474,0.03137257695198059,0.042023845575749876,0.7103648692369461,0.8087118178606033,0.0010338842868804488,0.16632988750934596,nan,0.0,nan,0.0,0
17,300,5932,0.2630113636363636,2560,1.5385341823101044,0.41875,0.7947468608617783,0.8011520564556122,0.273828125,0.43491052091121674,0.5935515254735947,0.03137257695198059,0.047199211083352566,0.7209767520427703,0.8076779335737229,0.012931072711944602,0.16632988750934596,nan,0.0,nan,0.0,0
17,320,5952,0.26187499999999997,2560,1.5445778250694275,0.409375,0.8181359320878983,0.8123904079198837,0.264453125,0.40351171642541883,0.5943130642175675,0.03137257695198059,0.04401325061917305,0.7141820132732392,0.8013005524873733,-0.016835379600524947,0.16632988750934596,nan,0.0,nan,0.0,0
17,340,5972,0.26073863636363637,2560,1.4693043410778046,0.433203125,0.7956650614738464,0.8018680691719056,0.2703125,0.4222895458340645,0.591780486702919,0.03137257695198059,0.04186656903475523,0.708571457862854,0.8076779335737229,0.012012872099876448,0.16632988750934596,nan,0.0,0.3125,0.3701070999959484,0
17,352,5984,0.2600568181818182,1480,1.5229769539188693,0.4094594597816467,0.7970758434888479,0.8026376221631024,0.29054054118491507,0.42873341521701297,0.5915488004684448,0.031372576770750255,0.04260778537875897,0.7092044060294692,0.8076779335737229,0.010602090084875004,0.16632988750934596,nan,0.0,nan,0.0,0
18,20,6004,0.25892045454545454,2560,1.4919879198074342,0.435546875,0.8000317960977554,0.8051694452762603,0.262890625,0.4140365198254585,0.5975195735692977,0.03137257695198059,0.04374073408544064,0.7144972085952759,0.7970758434888479,-0.002955952608907575,0.16632988750934596,nan,0.0,nan,0.0,0
18,40,6024,0.25778409090909093,2560,1.476751011610031,0.424609375,0.7896579712629318,0.7950952053070068,0.27578125,0.4209017589688301,0.5958454340696335,0.03137257695198059,0.03923956286162138,0.7016594648361206,0.7970758434888479,0.007417872225916056,0.16632988750934596,nan,0.0,nan,0.0,0
18,60,6044,0.2566477272727273,2560,1.487128609418869,0.4390625,0.8020549088716507,0.8055876612663269,0.283984375,0.43510293662548066,0.5871994227170945,0.03137257695198059,0.04663534425199032,0.7213132977485657,0.7970758434888479,-0.004979065382802794,0.16632988750934596,nan,0.0,nan,0.0,0
18,80,6064,0.2555113636363637,2560,1.493452912569046,0.43359375,0.7993546485900879,0.7988600641489029,0.291015625,0.4360811710357666,0.5942380517721176,0.03137257695198059,0.043570746667683125,0.7132283985614777,0.7970758434888479,-0.0022788051012400112,0.16632988750934596,nan,0.0,0.328125,0.3660115000093356,0
18,100,6084,0.25437499999999996,2560,1.500796240568161,0.431640625,0.7851624011993408,0.8020550012588501,0.279296875,0.4339557632803917,0.5952400386333465,0.03137257695198059,0.04831648860126734,0.7231097489595413,0.7993546485900879,0.014192247390747093,0.16632988750934596,nan,0.0,nan,0.0,0
18,120,6104,0.25323863636363636,2560,1.5109464347362518,0.4203125,0.7967482358217239,0.7949723660945892,0.27890625,0.4218014732003212,0.5915762811899186,0.03137257695198059,0.04322466626763344,0.7097443282604218,0.7993546485900879,0.0026064127683639304,0.16632988750934596,nan,0.0,nan,0.0,0
18,140,6124,0.2521022727272727,2560,1.5224736392498017,0.412890625,0.7997167587280274,0.8089369654655456,0.28203125,0.4117846742272377,0.5934528589248658,0.03137257695198059,0.044955643638968465,0.7161393851041794,0.7967482358217239,-0.00296852290630345,0.16632988750934596,nan,0.0,nan,0.0,0
18,160,6144,0.2509659090909091,2560,1.5101218521595001,0.426171875,0.8019587486982346,0.8012272089719772,0.27421875,0.421513032913208,0.5897641718387604,0.03137257695198059,0.04265767652541399,0.7088379561901093,0.7993546485900879,-0.002604100108146712,0.16632988750934596,nan,0.0,nan,0.0,0
18,180,6164,0.24982954545454544,2560,1.498650711774826,0.423828125,0.7958862245082855,0.8064452022314071,0.281640625,0.43480817377567293,0.5962906092405319,0.03137257695198059,0.04809598028659821,0.7234795331954956,0.7993546485900879,0.003468424081802368,0.16632988750934596,nan,0.0,0.328125,0.37034669998683967,0
18,200,6184,0.24869318181818179,2560,1.4912912964820861,0.4265625,0.7851803183555603,0.7947228938341141,0.291015625,0.42807482182979584,0.5938428461551666,0.03137257695198059,0.04341791030019522,0.713298323750496,0.7967482358217239,0.01156791746616359,0.16632988750934596,nan,0.0,nan,0.0,0
18,220,6204,0.24755681818181818,2560,1.5327749133110047,0.41796875,0.7927227824926376,0.8050611019134521,0.282421875,0.44757103472948073,0.5982970088720322,0.03137257695198059,0.045162986032664776,0.7172944396734238,0.7967482358217239,0.004025453329086326,0.16632988750934596,nan,0.0,nan,0.0,0
18,240,6224,0.2464204545454545,2560,1.5078007400035858,0.4296875,0.8085319846868515,0.8060939997434616,0.27734375,0.42019698321819304,0.5978720486164093,0.03137257695198059,0.04407633058726788,0.7146523565053939,0.7958862245082855,-0.012645760178566001,0.16632988750934596,nan,0.0,nan,0.0,0
18,260,6244,0.2452840909090909,2560,1.4763402581214904,0.425390625,0.7921511679887772,0.804527685046196,0.297265625,0.44060114324092864,0.5996925532817841,0.03137257695198059,0.046182178519666196,0.7164396077394486,0.7958862245082855,0.0037350565195083396,0.16632988750934596,nan,0.0,nan,0.0,0
18,280,6264,0.24414772727272724,2560,1.5048696637153625,0.416015625,0.8023282140493393,0.8035717189311982,0.28671875,0.4225290298461914,0.5951207667589188,0.03137257695198059,0.046361142210662364,0.719252946972847,0.7927227824926376,-0.009605431556701682,0.16632988750934596,nan,0.0,0.359375,0.36936620000051335,0
18,300,6284,0.24301136363636364,2560,1.493177741765976,0.430859375,0.7851716101169586,0.7932322442531585,0.265234375,0.422455033659935,0.5967174768447876,0.03137257695198059,0.04421867877244949,0.7143277198076248,0.7927227824926376,0.007551172375679038,0.16632988750934596,nan,0.0,nan,0.0,0
18,320,6304,0.24187499999999995,2560,1.5069081604480743,0.42109375,0.7838603019714355,0.7987018793821334,0.292578125,0.43070863634347917,0.5964518457651138,0.03137257695198059,0.04419531337916851,0.7146761476993561,0.7927227824926376,0.008862480521202087,0.16632988750934596,nan,0.0,nan,0.0,0
18,340,6324,0.24073863636363635,2560,1.511048024892807,0.42421875,0.786796435713768,0.7977657586336135,0.270703125,0.4333259850740433,0.5951155513525009,0.03137257695198059,0.0453935481607914,0.7164778292179108,0.7921511679887772,0.005354732275009155,0.16632988750934596,nan,0.0,nan,0.0,0
18,352,6336,0.2400568181818182,1480,1.4979598502855043,0.4236486483264614,0.7974860162348361,0.8076343578261298,0.2790540541346009,0.4148265877285519,0.5874168859945761,0.03137257695198059,0.040935924447871544,0.7065065992845071,0.786796435713768,-0.010689580521068054,0.16632988750934596,nan,0.0,nan,0.0,0
19,20,6356,0.23892045454545452,2560,1.504777854681015,0.42109375,0.785781642794609,0.8001040339469909,0.280078125,0.43276141583919525,0.6034102261066436,0.03137257695198059,0.04081264808773995,0.7059644848108292,0.786796435713768,0.0010147929191589578,0.16632988750934596,nan,0.0,0.359375,0.3688938999839593,0
19,40,6376,0.23778409090909092,2560,1.4776408672332764,0.439453125,0.7936699748039245,0.7975715786218643,0.280859375,0.42410827428102493,0.5883779048919677,0.03137257695198059,0.04536472801119089,0.7169591963291169,0.785781642794609,-0.00788833200931549,0.16632988750934596,nan,0.0,nan,0.0,0
19,60,6396,0.23664772727272726,2560,1.4656729519367218,0.428515625,0.7850520670413971,0.8008428126573562,0.280078125,0.4280117154121399,0.5951598048210144,0.03137257695198059,0.04081654269248247,0.7061859607696533,0.786796435713768,0.0017443686723709328,0.16632988750934596,nan,0.0,nan,0.0,0
19,80,6416,0.23551136363636366,2560,1.406345671415329,0.46484375,0.7849824965000153,0.7936447322368622,0.26875,0.4154755637049675,0.5974846065044404,0.03137257695198059,0.04144208077341318,0.7074687272310257,0.786796435713768,0.0018139392137527244,0.16632988750934596,nan,0.0,nan,0.0,0
19,100,6436,0.234375,2560,1.4635530769824983,0.44609375,0.7933217704296112,0.7994800746440888,0.283203125,0.46011956185102465,0.5913229882717133,0.03137257695198059,0.040630777925252916,0.7069325715303421,0.785781642794609,-0.007540127635002114,0.16632988750934596,nan,0.0,nan,0.0,0
19,120,6456,0.23323863636363631,2560,1.4920263469219208,0.421875,0.7964910000562668,0.8040069758892059,0.26875,0.4232213109731674,0.5992019861936569,0.03137257695198059,0.03994626626372337,0.7047572314739228,0.785781642794609,-0.010709357261657781,0.16632988750934596,nan,0.0,0.328125,0.36698429999523796,0
19,140,6476,0.2321022727272727,2560,1.4957364678382874,0.419921875,0.8019055455923081,0.7988706201314926,0.27734375,0.4305062457919121,0.5940893977880478,0.03137257695198059,0.04136470276862383,0.7079322397708893,0.7933217704296112,-0.008583775162696927,0.16632988750934596,nan,0.0,nan,0.0,0
19,160,6496,0.23096590909090906,2560,1.4823371589183807,0.440625,0.7745298951864242,0.7919347286224365,0.284765625,0.4353636592626572,0.5926782190799713,0.03137257695198059,0.04106039758771658,0.7072009652853012,0.7933217704296112,0.01879187524318693,0.16632988750934596,nan,0.0,nan,0.0,0
19,180,6516,0.22982954545454545,2560,1.4525479614734649,0.44453125,0.7880776524543762,0.793375414609909,0.284765625,0.4288375586271286,0.5992215633392334,0.03137257695198059,0.042411849834024906,0.7109935969114304,0.7933217704296112,0.005244117975234941,0.16632988750934596,nan,0.0,nan,0.0,0
19,200,6536,0.22869318181818177,2560,1.542118901014328,0.415625,0.8059797912836075,0.8128438502550125,0.279296875,0.4287769392132759,0.5916941553354264,0.03137257695198059,0.04312750119715929,0.7120880514383316,0.7933217704296112,-0.012658020853996366,0.16632988750934596,nan,0.0,nan,0.0,0
19,220,6556,0.22755681818181817,2560,1.4870676755905152,0.43359375,0.785885500907898,0.7937067896127701,0.271875,0.43300539404153826,0.5907151699066162,0.03137257695198059,0.04192422386258841,0.7076614409685135,0.7964910000562668,0.010605499148368835,0.16632988750934596,nan,0.0,0.3046875,0.3680715000082273,0
19,240,6576,0.2264204545454545,2560,1.4913671135902404,0.426171875,0.7806974202394485,0.7975865870714187,0.292578125,0.44608146846294405,0.5931713342666626,0.03137257695198059,0.044407908245921134,0.7152933835983276,0.7880776524543762,0.007380232214927673,0.16632988750934596,nan,0.0,nan,0.0,0
19,260,6596,0.2252840909090909,2560,1.4724353790283202,0.425,0.7827409565448761,0.8011008143424988,0.273828125,0.4277669906616211,0.5970530331134796,0.03137257695198059,0.041617944650352,0.7087263643741608,0.785885500907898,0.003144544363021917,0.16632988750934596,nan,0.0,nan,0.0,0
19,280,6616,0.22414772727272725,2560,1.4612969934940339,0.4375,0.7969173431396485,0.8051372736692428,0.283984375,0.4319767728447914,0.5903134852647781,0.03137257695198059,0.042818746715784076,0.7118935704231262,0.785885500907898,-0.011031842231750466,0.16632988750934596,nan,0.0,nan,0.0,0
19,300,6636,0.22301136363636365,2560,1.4903858065605164,0.431640625,0.798434567451477,0.7983520716428757,0.2828125,0.439836086332798,0.5947261959314346,0.03137257695198059,0.045092169940471646,0.7172880947589875,0.785885500907898,-0.012549066543579013,0.16632988750934596,nan,0.0,nan,0.0,0
19,320,6656,0.22187499999999996,2560,1.4593811333179474,0.440234375,0.7941824078559876,0.8012218654155732,0.27421875,0.43588696122169496,0.5918455958366394,0.03137257695198059,0.041611520759761336,0.7065077722072601,0.785885500907898,-0.0082969069480896,0.16632988750934596,nan,0.0,0.375,0.36916160001419485,0
19,340,6676,0.22073863636363636,2560,1.453138107061386,0.457421875,0.7875491201877594,0.7948279261589051,0.26875,0.4332268476486206,0.5901429623365402,0.03137257695198059,0.0444513576105237,0.7153785705566407,0.7941824078559876,0.006633287668228238,0.16632988750934596,nan,0.0,nan,0.0,0
19,352,6688,0.22005681818181821,1480,1.5328218595401661,0.41283783832111876,0.8019416203369966,0.8065636667045387,0.28445945986219356,0.42242124435063955,0.5799446447475537,0.03137257695198059,0.041075995202000073,0.7053971371135196,0.7941824078559876,-0.00775921248100897,0.16632988750934596,nan,0.0,nan,0.0,0
20,20,6708,0.21892045454545453,2560,1.4640192329883575,0.441015625,0.8001091003417968,0.8064904749393463,0.2828125,0.41801231652498244,0.5974810540676116,0.03137257695198059,0.04061714112758637,0.7058999240398407,0.7969173431396485,-0.003191757202148371,0.16632988750934596,nan,0.0,nan,0.0,0
20,40,6728,0.21778409090909087,2560,1.4567322194576264,0.43671875,0.7910542160272598,0.7978547662496567,0.276171875,0.43344820737838746,0.5864090204238892,0.03137257695198059,0.04396671634167433,0.7130336850881577,0.798434567451477,0.007380351424217224,0.16632988750934596,nan,0.0,nan,0.0,0
20,60,6748,0.21664772727272727,2560,1.4827145755290985,0.436328125,0.7878101915121078,0.7934007227420807,0.287890625,0.44765684902668,0.5975083887577057,0.03137257695198059,0.03917563650757074,0.702016007900238,0.7941824078559876,0.006372216343879744,0.16632988750934596,nan,0.0,0.3359375,0.3640610000002198,0
20,80,6768,0.2155113636363636,2560,1.4430381178855896,0.46015625,0.792521920800209,0.8015419185161591,0.271875,0.4309940323233604,0.5928432643413544,0.03137257695198059,0.040227842144668104,0.7037337094545364,0.7910542160272598,-0.0014677047729492188,0.16632988750934596,nan,0.0,nan,0.0,0
20,100,6788,0.214375,2560,1.4637390613555907,0.429296875,0.7968241780996322,0.7961760371923446,0.29296875,0.44100945740938186,0.5963477045297623,0.03137257695198059,0.04389634095132351,0.7140874236822128,0.792521920800209,-0.00430225729942324,0.16632988750934596,nan,0.0,nan,0.0,0
20,120,6808,0.21323863636363632,2560,1.442366123199463,0.442578125,0.7800592124462128,0.7977283656597137,0.282421875,0.4439975515007973,0.5941672205924988,0.03137257695198059,0.040203826315701005,0.7055696874856949,0.792521920800209,0.01246270835399621,0.16632988750934596,nan,0.0,nan,0.0,0
20,140,6828,0.21210227272727272,2560,1.457069504261017,0.44921875,0.7879518806934357,0.8010067105293274,0.2671875,0.4284833550453186,0.5968989253044128,0.03137257695198059,0.0434346079826355,0.7127580583095551,0.7910542160272598,0.003102335333824091,0.16632988750934596,nan,0.0,nan,0.0,0
20,160,6848,0.21096590909090907,2560,1.451466053724289,0.4453125,0.7825863182544708,0.7959176570177078,0.28671875,0.4303117454051971,0.5918047815561295,0.03137257695198059,0.042975499480962756,0.7127249807119369,0.7879518806934357,0.00536556243896491,0.16632988750934596,nan,0.0,0.34375,0.3780073000234552,0
20,180,6868,0.20982954545454546,2560,1.4283587872982024,0.459375,0.784063971042633,0.8023247003555298,0.271484375,0.4357056185603142,0.593149584531784,0.03137257695198059,0.04088687710464001,0.7072245150804519,0.7879518806934357,0.0038879096508026567,0.16632988750934596,nan,0.0,nan,0.0,0
20,200,6888,0.20869318181818178,2560,1.4182280361652375,0.4515625,0.7915261268615723,0.79594906270504,0.28046875,0.4327697679400444,0.5923080682754517,0.03137257695198059,0.041238261945545675,0.7075351804494858,0.784063971042633,-0.007462155818939276,0.16632988750934596,nan,0.0,nan,0.0,0
20,220,6908,0.20755681818181818,2560,1.468658459186554,0.44140625,0.7766582399606705,0.7911971002817154,0.280078125,0.44219931215047836,0.587811553478241,0.03137257695198059,0.04320531766861677,0.7124997168779373,0.784063971042633,0.007405731081962519,0.16632988750934596,nan,0.0,nan,0.0,0
20,240,6928,0.20642045454545452,2560,1.440769362449646,0.44765625,0.7842625498771667,0.794903963804245,0.287109375,0.4227683112025261,0.5915217280387879,0.03137257695198059,0.041936544515192506,0.7063130766153336,0.784063971042633,-0.0001985788345336692,0.16632988750934596,nan,0.0,nan,0.0,0
20,260,6948,0.20528409090909092,2560,1.4466224670410157,0.4484375,0.7857795387506485,0.7948051661252975,0.28359375,0.45398360639810564,0.5984297633171082,0.03137257695198059,0.046240335889160634,0.7191838830709457,0.784063971042633,-0.0017155677080155085,0.16632988750934596,nan,0.0,0.265625,0.37177060000249185,0
20,280,6968,0.20414772727272726,2560,1.4890720188617705,0.425,0.7989174872636795,0.8049495846033097,0.28125,0.42189591825008393,0.5916786402463913,0.03137257695198059,0.041267672553658485,0.7063843727111816,0.7842625498771667,-0.0146549373865128,0.16632988750934596,nan,0.0,nan,0.0,0
20,300,6988,0.20301136363636366,2560,1.489772194623947,0.434765625,0.7908852756023407,0.8027069240808486,0.2640625,0.43933574855327606,0.5911121487617492,0.03137257695198059,0.038457474857568744,0.7025033533573151,0.7857795387506485,-0.005105736851692133,0.16632988750934596,nan,0.0,nan,0.0,0
20,320,7008,0.20187499999999997,2560,1.4612631440162658,0.45,0.7842503994703293,0.798644146323204,0.271875,0.4274602696299553,0.5958179652690887,0.03137257695198059,0.043521749600768087,0.7124153196811676,0.7857795387506485,0.0015291392803192805,0.16632988750934596,nan,0.0,nan,0.0,0
20,340,7028,0.20073863636363637,2560,1.4829214572906495,0.43203125,0.7878809094429016,0.7940518915653229,0.284765625,0.43358106166124344,0.5953776210546493,0.03137257695198059,0.041246223263442516,0.7070652544498444,0.7857795387506485,-0.002101370692253024,0.16632988750934596,nan,0.0,nan,0.0,0
20,352,7040,0.20005681818181814,1480,1.4382782678346375,0.45540540508321814,0.7920314579396635,0.8019592958527643,0.2952702697869894,0.43633971391497434,0.5928005099296569,0.03137257695198059,0.04283796083685514,0.7110536330455058,0.7878809094429016,-0.0041505484967618855,0.16632988750934596,nan,0.0,0.3125,0.37793319998309016,0
21,20,7060,0.19892045454545454,2560,1.413327145576477,0.451171875,0.7865110903978347,0.7933429896831512,0.290625,0.4534190401434898,0.5954971551895142,0.03137257695198059,0.04357427060604095,0.7137916803359985,0.7908852756023407,0.004374185204505943,0.16632988750934596,nan,0.0,nan,0.0,0
21,40,7080,0.19778409090909088,2560,1.4285190403461456,0.4546875,0.7843162626028061,0.8010063469409943,0.28125,0.4494514063000679,0.5909682095050812,0.03137257695198059,0.04267677161842585,0.7095652461051941,0.7878809094429016,0.003564646840095498,0.16632988750934596,nan,0.0,nan,0.0,0
21,60,7100,0.19664772727272728,2560,1.4359644532203675,0.449609375,0.7849319666624069,0.7977787226438522,0.2859375,0.4466005638241768,0.5960422724485397,0.03137257695198059,0.043315309286117556,0.7132938712835312,0.7865110903978347,0.0015791237354277898,0.16632988750934596,nan,0.0,nan,0.0,0
21,80,7120,0.1955113636363636,2560,1.465874981880188,0.43671875,0.8030938029289245,0.8036014765501023,0.279296875,0.43156947642564775,0.5986923396587371,0.03137257695198059,0.0459150293841958,0.7174960672855377,0.7865110903978347,-0.016582712531089783,0.16632988750934596,nan,0.0,nan,0.0,0
21,100,7140,0.194375,2560,1.4702577769756318,0.43828125,0.7855475813150405,0.7956628322601318,0.278125,0.426277656853199,0.5852572292089462,0.03137257695198059,0.04101583212614059,0.7067886024713517,0.7865110903978347,0.0009635090827941895,0.16632988750934596,nan,0.0,0.3359375,0.37571689998731017,0
21,120,7160,0.19323863636363633,2560,1.4286832511425018,0.465625,0.7607515394687653,0.7808919459581375,0.25390625,0.4461597308516502,0.5856140285730362,0.03137257695198059,0.03868719581514597,0.7015172272920609,0.7855475813150405,0.024796041846275263,0.16632988750934596,nan,0.0,nan,0.0,0
21,140,7180,0.19210227272727273,2560,1.4297239243984223,0.44453125,0.7833245694637299,0.795714595913887,0.291796875,0.42379570156335833,0.5971018642187118,0.03137257695198059,0.04220488369464874,0.7085111767053605,0.7849319666624069,0.0016073971986770852,0.16632988750934596,nan,0.0,nan,0.0,0
21,160,7200,0.19096590909090908,2560,1.4038789033889771,0.462109375,0.7707019537687302,0.7961410731077194,0.27890625,0.4395302101969719,0.6000143855810165,0.03137257695198059,0.04013092815876007,0.7030879586935044,0.7849319666624069,0.014230012893676758,0.16632988750934596,nan,0.0,nan,0.0,0
21,180,7220,0.18982954545454547,2560,1.4631893038749695,0.43515625,0.7917620033025742,0.7918592005968094,0.291015625,0.43816632926464083,0.5930994838476181,0.03137257695198059,0.04099173229187727,0.7048969209194184,0.7833245694637299,-0.008437433838844322,0.16632988750934596,nan,0.0,nan,0.0,0
21,200,7240,0.1886931818181818,2560,1.4020718514919281,0.462890625,0.7593703657388687,0.7881120264530181,0.27890625,0.4253473401069641,0.5963696956634521,0.03137257695198059,0.042143152095377445,0.7105215191841125,0.7833245694637299,0.023954203724861123,0.16632988750934596,nan,0.0,0.3515625,0.37170619997777976,0
21,220,7260,0.18755681818181819,2560,1.4302658915519715,0.461328125,0.7789291709661483,0.7951109737157822,0.277734375,0.4475242555141449,0.5931275993585586,0.03137257695198059,0.04016831014305353,0.7043854087591171,0.7707019537687302,-0.008227217197418146,0.16632988750934596,nan,0.0,nan,0.0,0
21,240,7280,0.18642045454545453,2560,1.478349006175995,0.444921875,0.7739086031913758,0.7881223261356354,0.275390625,0.44718762785196303,0.5985297054052353,0.03137257695198059,0.04204603973776102,0.708533051609993,0.7789291709661483,0.005020567774772555,0.16632988750934596,nan,0.0,nan,0.0,0
21,260,7300,0.18528409090909093,2560,1.4726592004299164,0.440625,0.7948698371648788,0.8019155025482178,0.280859375,0.43757416903972624,0.5957126766443253,0.03137257695198059,0.041839690506458284,0.7091284722089768,0.7739086031913758,-0.020961233973503024,0.16632988750934596,nan,0.0,nan,0.0,0
21,280,7320,0.18414772727272724,2560,1.4184212327003478,0.46171875,0.7803425431251526,0.7938661098480224,0.2796875,0.43947839736938477,0.5924397975206375,0.03137257695198059,0.042773484624922274,0.7121184021234512,0.7789291709661483,-0.001413372159004278,0.16632988750934596,nan,0.0,nan,0.0,0
21,300,7340,0.18301136363636364,2560,1.4540007948875426,0.44921875,0.7834784835577011,0.7867965847253799,0.28203125,0.4353137329220772,0.5974402308464051,0.03137257695198059,0.04019545428454876,0.7056657642126083,0.7789291709661483,-0.004549312591552779,0.16632988750934596,nan,0.0,0.3046875,0.37618960000691004,0
21,320,7360,0.18187499999999998,2560,1.4349648237228394,0.4421875,0.7798193842172623,0.7968314021825791,0.2984375,0.44795530289411545,0.5939696282148361,0.03137257695198059,0.041297475807368755,0.7081069737672806,0.7803425431251526,0.000523158907890342,0.16632988750934596,nan,0.0,nan,0.0,0
21,340,7380,0.18073863636363638,2560,1.4300355911254883,0.456640625,0.7876947522163391,0.7960281610488892,0.284375,0.4339680939912796,0.5841198146343232,0.03137257695198059,0.03970249705016613,0.7026342034339905,0.7803425431251526,-0.007352209091186501,0.16632988750934596,nan,0.0,nan,0.0,0
21,352,7392,0.18005681818181815,1480,1.378540858062538,0.48310810859138903,0.7748428563813905,0.781881706134693,0.28040540540540543,0.42577616669036245,0.5931216275369798,0.03137257695198059,0.038963969293478375,0.7012709955911378,0.7834784835577011,0.008635627176310612,0.16632988750934596,nan,0.0,nan,0.0,0
22,20,7412,0.17892045454545455,2560,1.403392493724823,0.469921875,0.7664952874183655,0.7917626917362213,0.275390625,0.4541120320558548,0.5943192958831787,0.03137257695198059,0.03914943132549524,0.7018232375383378,0.7803425431251526,0.013847255706787132,0.16632988750934596,nan,0.0,nan,0.0,0
22,40,7432,0.1777840909090909,2560,1.4297869086265564,0.443359375,0.7725051432847977,0.7917405605316162,0.28203125,0.43423285633325576,0.5911201685667038,0.03137257695198059,0.03983439318835735,0.7036832571029663,0.7798193842172623,0.007314240932464577,0.16632988750934596,nan,0.0,0.359375,0.38036299997475,0
22,60,7452,0.1766477272727273,2560,1.3899074137210845,0.463671875,0.7911199331283569,0.8012863367795944,0.27734375,0.43915955126285555,0.5917565822601318,0.03137257695198059,0.0388837113045156,0.7006996184587478,0.7748428563813905,-0.016277076746966435,0.16632988750934596,nan,0.0,nan,0.0,0
22,80,7472,0.1755113636363636,2560,1.4095625102519989,0.46171875,0.7752901285886764,0.7902093440294266,0.2578125,0.43809112906455994,0.5853781551122665,0.03137257695198059,0.044389712251722814,0.7142188638448715,0.7748428563813905,-0.0004472722072859092,0.16632988750934596,nan,0.0,nan,0.0,0
22,100,7492,0.174375,2560,1.4105181515216827,0.46796875,0.7878597617149353,0.7979985743761062,0.271875,0.43514792025089266,0.5931497156620026,0.03137257695198059,0.03639125367626548,0.6938211292028427,0.7748428563813905,-0.013016905333544826,0.16632988750934596,nan,0.0,nan,0.0,0
22,120,7512,0.17323863636363634,2560,1.4281972885131835,0.44140625,0.7580384373664856,0.7875455409288407,0.2890625,0.445058973133564,0.5940845668315887,0.03137257695198059,0.039581394754350185,0.7023222625255585,0.7752901285886764,0.017251691222190835,0.16632988750934596,nan,0.0,nan,0.0,0
22,140,7532,0.17210227272727274,2560,1.4077206432819367,0.4609375,0.7657974183559417,0.7831244379281997,0.286328125,0.43287401348352433,0.5919646203517914,0.03137257695198059,0.03944969624280929,0.7027298480272293,0.7752901285886764,0.00949271023273468,0.16632988750934596,nan,0.0,0.3671875,0.3698826000036206,0
22,160,7552,0.17096590909090906,2560,1.3825548350811006,0.48203125,0.7660451114177704,0.7917476803064346,0.2640625,0.44302460104227065,0.5934275567531586,0.03137257695198059,0.040192407369613645,0.7053159058094025,0.7752901285886764,0.009245017170905978,0.16632988750934596,nan,0.0,nan,0.0,0
22,180,7572,0.16982954545454546,2560,1.4178761780261993,0.46796875,0.7670789927244186,0.7858604580163956,0.259375,0.44321571588516234,0.5988624811172485,0.03137257695198059,0.03987602442502976,0.7032556414604187,0.7660451114177704,-0.0010338813066481656,0.16632988750934596,nan,0.0,nan,0.0,0
22,200,7592,0.1686931818181818,2560,1.4034826576709747,0.466015625,0.7712048262357711,0.7916656732559204,0.288671875,0.4559615716338158,0.5917314022779465,0.03137257695198059,0.04047901052981615,0.7066306471824646,0.7660451114177704,-0.005159714818000705,0.16632988750934596,nan,0.0,nan,0.0,0
22,220,7612,0.1675568181818182,2560,1.4358557283878326,0.458203125,0.7841827005147934,0.796040615439415,0.279296875,0.44797900319099426,0.5908368587493896,0.03137257695198059,0.03818108737468719,0.6995770752429962,0.7660451114177704,-0.01813758909702301,0.16632988750934596,nan,0.0,nan,0.0,0
22,240,7632,0.16642045454545454,2560,1.4307019233703613,0.4375,0.7658835977315903,0.779157018661499,0.278515625,0.4300957813858986,0.5915658473968506,0.03137257695198059,0.04080607518553734,0.7067765206098556,0.7670789927244186,0.0011953949928282803,0.16632988750934596,nan,0.0,0.3203125,0.37010580001515336,0
22,260,7652,0.16528409090909094,2560,1.3692570686340333,0.480078125,0.765684711933136,0.7870749354362487,0.27578125,0.44207079112529757,0.5848385035991669,0.03137257695198059,0.03892633002251387,0.7009384125471115,0.7670789927244186,0.001394280791282565,0.16632988750934596,nan,0.0,nan,0.0,0
22,280,7672,0.16414772727272725,2560,1.4074432969093322,0.476953125,0.762771487236023,0.7899284571409225,0.2609375,0.4560452178120613,0.5869932979345321,0.03137257695198059,0.042953225411474706,0.7115563154220581,0.7670789927244186,0.0043075054883956465,0.16632988750934596,nan,0.0,nan,0.0,0
22,300,7692,0.16301136363636365,2560,1.4235835671424866,0.453125,0.7871247112751008,0.7928417354822159,0.284375,0.4327294886112213,0.589873269200325,0.03137257695198059,0.04002894628793001,0.7033603131771088,0.7658835977315903,-0.021241113543510437,0.16632988750934596,nan,0.0,nan,0.0,0
22,320,7712,0.161875,2560,1.414592844247818,0.467578125,0.7660459011793137,0.7855976313352585,0.285546875,0.4473871350288391,0.5957780420780182,0.03137257695198059,0.03986925147473812,0.7027092486619949,0.7658835977315903,-0.00016230344772338867,0.16632988750934596,nan,0.0,nan,0.0,0
22,340,7732,0.1607386363636364,2560,1.4172402024269104,0.456640625,0.755417424440384,0.7876264095306397,0.27578125,0.444823782145977,0.5952428340911865,0.03137257695198059,0.03667782563716173,0.6937732070684433,0.7658835977315903,0.01046617329120636,0.16632988750934596,nan,0.0,0.359375,0.37407240000902675,0
22,352,7744,0.16005681818181816,1480,1.3925883016070804,0.46351351335241986,0.7725779526942486,0.7922972766128746,0.2702702710757384,0.4263635374404289,0.596706104922939,0.03137257695198059,0.03959252250355643,0.7021349111118832,0.765684711933136,-0.006893240761112529,0.16632988750934596,nan,0.0,nan,0.0,0
23,20,7764,0.15892045454545456,2560,1.3536703944206239,0.48359375,0.7634536057710648,0.7903259426355362,0.268359375,0.43772016167640687,0.5959758967161178,0.03137257695198059,0.03977311458438635,0.7058193117380143,0.7660459011793137,0.0025922954082489014,0.16632988750934596,nan,0.0,nan,0.0,0
23,40,7784,0.15778409090909087,2560,1.396240270137787,0.472265625,0.7609736293554306,0.7866132259368896,0.263671875,0.4401912674307823,0.5949745446443557,0.03137257695198059,0.037944048270583154,0.6982039004564286,0.7660459011793137,0.0050722718238831455,0.16632988750934596,nan,0.0,nan,0.0,0
23,60,7804,0.15664772727272727,2560,1.3627826929092408,0.4765625,0.7630417436361313,0.7887099146842956,0.27734375,0.43433882892131803,0.5889510065317154,0.03137257695198059,0.037416094355285166,0.6983127236366272,0.7634536057710648,0.0004118621349334939,0.16632988750934596,nan,0.0,nan,0.0,0
23,80,7824,0.15551136363636361,2560,1.3607734203338624,0.475,0.7609548509120941,0.7823581874370575,0.275390625,0.45325140804052355,0.5914556056261062,0.03137257695198059,0.03897514548152685,0.7019032746553421,0.7630417436361313,0.0020868927240371704,0.16632988750934596,nan,0.0,0.3671875,0.36808190000010654,0
23,100,7844,0.154375,2560,1.384167104959488,0.474609375,0.7571712583303452,0.7883629024028778,0.287109375,0.4734712436795235,0.5929215908050537,0.03137257695198059,0.03948779460042715,0.7037318348884583,0.7630417436361313,0.005870485305786155,0.16632988750934596,nan,0.0,nan,0.0,0
23,120,7864,0.15323863636363635,2560,1.402968031167984,0.451171875,0.7754087179899216,0.7887153774499893,0.2953125,0.43840723782777785,0.5960835963487625,0.03137257695198059,0.04009092506021261,0.7048518627882003,0.7609736293554306,-0.014435088634491056,0.16632988750934596,nan,0.0,nan,0.0,0
23,140,7884,0.15210227272727275,2560,1.349559724330902,0.483203125,0.7518770575523377,0.7779570430517196,0.28359375,0.4369943648576736,0.5838198512792587,0.03137257695198059,0.04120081793516874,0.7063207030296326,0.7609736293554306,0.009096571803092868,0.16632988750934596,nan,0.0,nan,0.0,0
23,160,7904,0.15096590909090907,2560,1.383589005470276,0.46328125,0.7637740999460221,0.7852076411247253,0.292578125,0.4531415715813637,0.5891074061393737,0.03137257695198059,0.03715619631111622,0.6955255091190338,0.7609548509120941,-0.0028192490339279397,0.16632988750934596,nan,0.0,nan,0.0,0
23,180,7924,0.14982954545454547,2560,1.3928798496723176,0.48046875,0.7731932491064072,0.79004085958004,0.26171875,0.43984343856573105,0.5906902462244034,0.03137257695198059,0.040271176397800444,0.7045936673879624,0.7609548509120941,-0.01223839819431305,0.16632988750934596,nan,0.0,0.3515625,0.36693689998355694,0
23,200,7944,0.1486931818181818,2560,1.41255641579628,0.457421875,0.769719472527504,0.7819960474967956,0.283984375,0.4442375600337982,0.5951231777667999,0.03137257695198059,0.038941745087504386,0.700896629691124,0.7637740999460221,-0.005945372581481867,0.16632988750934596,nan,0.0,nan,0.0,0
23,220,7964,0.1475568181818182,2560,1.3895037531852723,0.4609375,0.7763205647468567,0.7872193843126297,0.28671875,0.4341346934437752,0.5944063991308213,0.03137257695198059,0.039545963332056996,0.7044371545314789,0.769719472527504,-0.006601092219352789,0.16632988750934596,nan,0.0,nan,0.0,0
23,240,7984,0.14642045454545452,2560,1.372502762079239,0.47734375,0.7481113046407699,0.7806364893913269,0.273828125,0.44452710151672364,0.5898366510868073,0.03137257695198059,0.03776685912162066,0.6977873086929322,0.769719472527504,0.02160816788673403,0.16632988750934596,nan,0.0,nan,0.0,0
23,260,8004,0.14528409090909092,2560,1.3828352212905883,0.464453125,0.7630227863788605,0.7881344020366668,0.2734375,0.4345657929778099,0.5974856227636337,0.03137257695198059,0.0371209854260087,0.6965747833251953,0.769719472527504,0.006696686148643494,0.16632988750934596,nan,0.0,nan,0.0,0
23,280,8024,0.14414772727272726,2560,1.376125341653824,0.479296875,0.762371614575386,0.7843174189329147,0.28125,0.4522015377879143,0.5910668939352035,0.03137257695198059,0.03862886428833008,0.7008568048477173,0.769719472527504,0.007347857952117898,0.16632988750934596,nan,0.0,0.40625,0.37256829999387264,0
23,300,8044,0.14301136363636366,2560,1.345921379327774,0.48359375,0.7491634517908097,0.7785726100206375,0.279296875,0.44135752469301226,0.5914957880973816,0.03137257695198059,0.03998746369034052,0.7051817625761032,0.7630227863788605,0.013859334588050776,0.16632988750934596,nan,0.0,nan,0.0,0
23,320,8064,0.141875,2560,1.4164878666400909,0.458203125,0.7530864298343658,0.7831212550401687,0.293359375,0.46758605241775514,0.5902450770139694,0.03137257695198059,0.04065958727151155,0.7037752121686935,0.762371614575386,0.009285184741020247,0.16632988750934596,nan,0.0,nan,0.0,0
23,340,8084,0.1407386363636364,2560,1.3281597793102264,0.480078125,0.7709486544132232,0.7889906764030457,0.2890625,0.43107971996068956,0.5979292780160904,0.03137257695198059,0.0387579545378685,0.7005620032548905,0.7530864298343658,-0.017862224578857444,0.16632988750934596,nan,0.0,nan,0.0,0
23,352,8096,0.14005681818181817,1480,1.3527123502782874,0.48851351319132624,0.732621541538754,0.7817134460887394,0.2743243246465116,0.458656826856974,0.5875305887815114,0.03137257695198059,0.036217540079677424,0.695575888736828,0.762371614575386,0.02975007303663202,0.16632988750934596,nan,0.0,nan,0.0,0
24,20,8116,0.13892045454545457,2560,1.3072142541408538,0.502734375,0.7591425120830536,0.7800467371940613,0.27890625,0.43641483336687087,0.5921589076519013,0.03137257695198059,0.039718379825353624,0.7030141621828079,0.7530864298343658,-0.006056082248687811,0.16632988750934596,nan,0.0,0.3984375,0.3735354000236839,0
24,40,8136,0.13778409090909088,2560,1.366908848285675,0.484765625,0.7521641999483109,0.7778050988912583,0.266015625,0.459279277920723,0.5961409449577332,0.03137257695198059,0.03611268606036901,0.6943619340658188,0.7530864298343658,0.0009222298860549483,0.16632988750934596,nan,0.0,nan,0.0,0
24,60,8156,0.13664772727272728,2560,1.3704101145267487,0.4890625,0.7606411755084992,0.7845296412706375,0.26875,0.4413308322429657,0.5895552515983582,0.03137257695198059,0.03922809604555368,0.7017758280038834,0.7530864298343658,-0.00755474567413339,0.16632988750934596,nan,0.0,nan,0.0,0
24,80,8176,0.13551136363636362,2560,1.3726464450359344,0.471484375,0.7593764215707779,0.787440887093544,0.269921875,0.44289725869894025,0.5924762845039367,0.03137257695198059,0.040291943587362766,0.706739017367363,0.7591425120830536,-0.000233909487724282,0.16632988750934596,nan,0.0,nan,0.0,0
24,100,8196,0.13437500000000002,2560,1.3169446408748626,0.489453125,0.7481291860342025,0.7752927273511887,0.273046875,0.4410993680357933,0.5911391139030456,0.03137257695198059,0.038543565198779106,0.7002434730529785,0.7591425120830536,0.01101332604885108,0.16632988750934596,nan,0.0,nan,0.0,0
24,120,8216,0.13323863636363634,2560,1.3229408621788026,0.5046875,0.7448610991239548,0.7760709285736084,0.26171875,0.4510283634066582,0.583066713809967,0.03137257695198059,0.03702020738273859,0.6962885856628418,0.7591425120830536,0.014281412959098794,0.16632988750934596,nan,0.0,0.40625,0.37378520000493154,0
24,140,8236,0.13210227272727273,2560,1.3679897427558898,0.480859375,0.7634371876716614,0.7776320308446885,0.2765625,0.4400152385234833,0.591683977842331,0.03137257695198059,0.03664401974529028,0.6967295140028,0.7521641999483109,-0.011272987723350503,0.16632988750934596,nan,0.0,nan,0.0,0
24,160,8256,0.13096590909090908,2560,1.3667258024215698,0.469140625,0.7465782076120376,0.7812135219573975,0.30078125,0.45472179651260375,0.5947642177343369,0.03137257695198059,0.036154485493898394,0.694189316034317,0.7593764215707779,0.012798213958740257,0.16632988750934596,nan,0.0,nan,0.0,0
24,180,8276,0.12982954545454548,2560,1.3232593476772307,0.47578125,0.7486810207366943,0.7748729914426804,0.28671875,0.433636811375618,0.5858936548233032,0.03137257695198059,0.03639511559158563,0.6925761640071869,0.7481291860342025,-0.0005518347024917603,0.16632988750934596,nan,0.0,nan,0.0,0
24,200,8296,0.12869318181818182,2560,1.3923969209194182,0.471484375,0.7415903568267822,0.776964071393013,0.278125,0.4706491380929947,0.5851633876562119,0.03137257695198059,0.03868907205760479,0.7008733540773392,0.7481291860342025,0.006538829207420327,0.16632988750934596,nan,0.0,nan,0.0,0
24,220,8316,0.12755681818181822,2560,1.3638612866401671,0.465234375,0.7678458780050278,0.7870868891477585,0.2890625,0.427606962621212,0.5925216883420944,0.03137257695198059,0.03795393537729978,0.6970568656921386,0.7465782076120376,-0.021267670392990157,0.16632988750934596,nan,0.0,0.3984375,0.37206460000015795,0
24,240,8336,0.12642045454545453,2560,1.350508028268814,0.478515625,0.7611533522605896,0.782915648818016,0.290625,0.4393984913825989,0.5945756524801254,0.03137257695198059,0.03663472980260849,0.6935408890247345,0.7486810207366943,-0.012472331523895264,0.16632988750934596,nan,0.0,nan,0.0,0
24,260,8356,0.12528409090909093,2560,1.3278184950351715,0.500390625,0.746155971288681,0.7733502864837647,0.266015625,0.43909080028533937,0.5889899104833602,0.03137257695198059,0.03668292313814163,0.6929089426994324,0.7486810207366943,0.002525049448013239,0.16632988750934596,nan,0.0,nan,0.0,0
24,280,8376,0.12414772727272727,2560,1.3433234870433808,0.4796875,0.7542083591222764,0.7879369258880615,0.276171875,0.4592128500342369,0.5892416834831238,0.03137257695198059,0.041140762716531755,0.7071098566055298,0.7486810207366943,-0.005527338385582059,0.16632988750934596,nan,0.0,nan,0.0,0
24,300,8396,0.12301136363636367,2560,1.356499969959259,0.476171875,0.738072082400322,0.775894695520401,0.2890625,0.4476874008774757,0.5931914210319519,0.03137257695198059,0.03925058674067259,0.701397281885147,0.7542083591222764,0.01613627672195439,0.16632988750934596,nan,0.0,nan,0.0,0
24,320,8416,0.121875,2560,1.324827891588211,0.489453125,0.7598039716482162,0.7849787563085556,0.279296875,0.4426044449210167,0.5926415950059891,0.03137257695198059,0.03929336331784725,0.70308877825737,0.7542083591222764,-0.005595612525939875,0.16632988750934596,nan,0.0,0.375,0.37017939999350347,0
24,340,8436,0.12073863636363633,2560,1.3363073289394378,0.490625,0.7382233768701554,0.7734757930040359,0.27265625,0.45536412447690966,0.5906781733036042,0.03137257695198059,0.0370705135166645,0.696970984339714,0.7542083591222764,0.01598498225212097,0.16632988750934596,nan,0.0,nan,0.0,0
24,352,8448,0.12005681818181817,1480,1.355368699898591,0.4790540534096795,0.7502572671787159,0.7915584638312056,0.26418918935028285,0.4344358341113941,0.583882344413448,0.03137257695198059,0.036145356559270134,0.6935287759110734,0.746155971288681,-0.004101295890034828,0.16632988750934596,nan,0.0,nan,0.0,0
25,20,8468,0.11892045454545457,2560,1.3355733692646026,0.4921875,0.7580437809228897,0.7820967555046081,0.26640625,0.4416145846247673,0.594763708114624,0.03137257695198059,0.03521018223837018,0.6892831683158874,0.7502572671787159,-0.007786513744173829,0.16632988750934596,nan,0.0,nan,0.0,0
25,40,8488,0.1177840909090909,2560,1.2650780498981475,0.5140625,0.7432429909706115,0.7771918118000031,0.276171875,0.4338096007704735,0.586223503947258,0.03137257695198059,0.03554533291608095,0.6923304915428161,0.7502572671787159,0.007014276208104353,0.16632988750934596,nan,0.0,nan,0.0,0
25,60,8508,0.11664772727272729,2560,1.3077329456806184,0.494140625,0.7429838329553604,0.778031051158905,0.2796875,0.45893561840057373,0.5906457424163818,0.03137257695198059,0.036920080333948134,0.6948713809251785,0.7502572671787159,0.007273434223355468,0.16632988750934596,nan,0.0,0.3046875,0.36456359998555854,0
25,80,8528,0.11551136363636362,2560,1.3633159935474395,0.483984375,0.7555498480796814,0.7827536404132843,0.274609375,0.4543326377868652,0.5894340664148331,0.03137257695198059,0.03576178140938282,0.693245655298233,0.7432429909706115,-0.012306857109069869,0.16632988750934596,nan,0.0,nan,0.0,0
25,100,8548,0.11437500000000002,2560,1.3372641563415528,0.49296875,0.7424878090620041,0.770597729086876,0.265625,0.4388840928673744,0.5953888177871705,0.03137257695198059,0.035621978156268594,0.693487137556076,0.7502572671787159,0.007769458116711814,0.16632988750934596,nan,0.0,nan,0.0,0
25,120,8568,0.11323863636363635,2560,1.314353883266449,0.507421875,0.7544346034526825,0.7774367332458496,0.273828125,0.45190135687589644,0.5907628566026688,0.03137257695198059,0.03736908733844757,0.6959868341684341,0.7432429909706115,-0.011191612482071012,0.16632988750934596,nan,0.0,nan,0.0,0
25,140,8588,0.11210227272727276,2560,1.33193097114563,0.503515625,0.7640339702367782,0.7766142725944519,0.266796875,0.46108189672231675,0.5940520137548446,0.03137257695198059,0.038724211230874064,0.7008399784564971,0.7432429909706115,-0.020790979266166687,0.16632988750934596,nan,0.0,nan,0.0,0
25,160,8608,0.11096590909090909,2560,1.2931000947952271,0.505859375,0.7495634138584137,0.7847039729356766,0.274609375,0.4532469466328621,0.5892622888088226,0.03137257695198059,0.03693583197891712,0.6956321775913239,0.7544346034526825,0.004871189594268799,0.16632988750934596,nan,0.0,0.3984375,0.3703240000177175,0
25,180,8628,0.10982954545454549,2560,1.3033795952796936,0.5015625,0.7342789232730865,0.7667573481798172,0.28125,0.45062819570302964,0.5873474329710007,0.03137257695198059,0.03576872330158949,0.6912493675947189,0.7544346034526825,0.020155680179596014,0.16632988750934596,nan,0.0,nan,0.0,0
25,200,8648,0.10869318181818181,2560,1.3274827897548676,0.491015625,0.7535213738679886,0.7798134058713913,0.28828125,0.4511985406279564,0.5875015467405319,0.03137257695198059,0.03735620267689228,0.6980485141277313,0.7495634138584137,-0.0039579600095748235,0.16632988750934596,nan,0.0,nan,0.0,0
25,220,8668,0.10755681818181821,2560,1.2875492691993713,0.496875,0.7609451949596405,0.7828891962766648,0.276171875,0.44086495488882066,0.5925027370452881,0.03137257695198059,0.03470363263040781,0.6907391995191574,0.7535213738679886,-0.007423821091651961,0.16632988750934596,nan,0.0,nan,0.0,0
25,240,8688,0.10642045454545454,2560,1.3311544120311738,0.491796875,0.7264667719602584,0.7736376613378525,0.282421875,0.4478877827525139,0.589759087562561,0.03137257695198059,0.03513719458132982,0.6891352564096451,0.7535213738679886,0.027054601907730125,0.16632988750934596,nan,0.0,nan,0.0,0
25,260,8708,0.10528409090909087,2560,1.320587509870529,0.494140625,0.7499224096536636,0.7777033656835556,0.26953125,0.44898942559957505,0.5912451595067978,0.03137257695198059,0.03602970903739333,0.6936833888292313,0.7495634138584137,-0.00035899579524989456,0.16632988750934596,nan,0.0,0.3984375,0.3719865999883041,0
25,280,8728,0.10414772727272727,2560,1.324643337726593,0.48828125,0.7463939845561981,0.777936315536499,0.28046875,0.44355053901672364,0.5887943357229233,0.03137257695198059,0.03787753600627184,0.6974019110202789,0.7499224096536636,0.0035284250974655373,0.16632988750934596,nan,0.0,nan,0.0,0
25,300,8748,0.10301136363636361,2560,1.334836721420288,0.485546875,0.7345871716737747,0.7740707576274872,0.292578125,0.455593903362751,0.5938016474246979,0.03137257695198059,0.03581690965220332,0.6932237714529037,0.7499224096536636,0.015335237979888894,0.16632988750934596,nan,0.0,nan,0.0,0
25,320,8768,0.10187500000000001,2560,1.2944148242473603,0.4953125,0.7625846803188324,0.7850522547960281,0.283984375,0.44629058986902237,0.5948133051395417,0.03137257695198059,0.038088532350957396,0.6985712826251984,0.7463939845561981,-0.016190695762634322,0.16632988750934596,nan,0.0,nan,0.0,0
25,340,8788,0.10073863636363634,2560,1.2547079384326936,0.53203125,0.7349039435386657,0.7699661403894424,0.258984375,0.44276576638221743,0.5941308557987213,0.03137257695198059,0.03399922102689743,0.6854082196950912,0.7463939845561981,0.01149004101753237,0.16632988750934596,nan,0.0,nan,0.0,0
25,352,8800,0.10005681818181818,1480,1.2873938360729733,0.4939189197243871,0.7084121942520142,0.7644773412395168,0.28783783832111876,0.47175162579562213,0.5866717016374743,0.031372576770750255,0.037004662788397556,0.6967551360259185,0.7463939845561981,0.037981790304183916,0.16632988750934596,nan,0.0,0.3515625,0.3744598999910522,0
26,20,8820,0.09892045454545458,2560,1.2947569072246552,0.498046875,0.7546791881322861,0.7784279018640519,0.280078125,0.44246992468833923,0.5958271235227585,0.03137257695198059,0.040085350163280964,0.7041341245174408,0.7349039435386657,-0.019775244593620345,0.16632988750934596,nan,0.0,nan,0.0,0
26,40,8840,0.0977840909090909,2560,1.2889103055000306,0.50703125,0.7375788450241089,0.7730947077274323,0.28046875,0.44845914393663405,0.5920449763536453,0.03137257695198059,0.03453648267313838,0.6885912269353867,0.7349039435386657,-0.0026749014854431374,0.16632988750934596,nan,0.0,nan,0.0,0
26,60,8860,0.0966477272727273,2560,1.2995260953903198,0.507421875,0.7362741112709046,0.765950283408165,0.27578125,0.4627979889512062,0.5903108149766922,0.03137257695198059,0.03670721016824245,0.6958852469921112,0.7375788450241089,0.001304733753204279,0.16632988750934596,nan,0.0,nan,0.0,0
26,80,8880,0.09551136363636363,2560,1.2836834073066712,0.501953125,0.7372176498174667,0.7753076106309891,0.268359375,0.45384233593940737,0.5955302119255066,0.03137257695198059,0.03543796334415674,0.6919533669948578,0.7362741112709046,-0.0009435385465621504,0.16632988750934596,nan,0.0,nan,0.0,0
26,100,8900,0.09437500000000003,2560,1.268303430080414,0.513671875,0.7438558727502823,0.776799663901329,0.274609375,0.4519699588418007,0.5898363947868347,0.03137257695198059,0.03582053799182176,0.6931732952594757,0.7372176498174667,-0.006638222932815574,0.16632988750934596,nan,0.0,0.3515625,0.3833784000016749,0
26,120,8920,0.09323863636363636,2560,1.2641583323478698,0.51484375,0.7375792831182479,0.7713501214981079,0.28046875,0.4618824362754822,0.5856989771127701,0.03137257695198059,0.03658923078328371,0.6961924731731415,0.7375788450241089,-4.3809413907691663e-07,0.16632988750934596,nan,0.0,nan,0.0,0
26,140,8940,0.09210227272727275,2560,1.2958913266658783,0.503125,0.7300862282514572,0.7634089380502701,0.281640625,0.4646265357732773,0.5895256221294403,0.03137257695198059,0.034294224716722964,0.6876025915145874,0.7375788450241089,0.007492616772651672,0.16632988750934596,nan,0.0,nan,0.0,0
26,160,8960,0.09096590909090908,2560,1.3008810102939605,0.49140625,0.7463570684194565,0.7775628566741943,0.28359375,0.44850650876760484,0.5906363368034363,0.03137257695198059,0.03585377130657434,0.6929088234901428,0.7372176498174667,-0.009139418601989746,0.16632988750934596,nan,0.0,nan,0.0,0
26,180,8980,0.08982954545454543,2560,1.2754578411579132,0.516015625,0.7417721629142762,0.7672449916601181,0.263671875,0.4404084712266922,0.5895305812358856,0.03137257695198059,0.03473997619003057,0.6900020867586136,0.7375792831182479,-0.004192879796028226,0.16632988750934596,nan,0.0,nan,0.0,0
26,200,9000,0.08869318181818182,2560,1.2767308592796325,0.5109375,0.7234197378158569,0.7586326837539673,0.283984375,0.4553561732172966,0.5984076410531998,0.03137257695198059,0.0338560582138598,0.6865946739912033,0.7417721629142762,0.01835242509841928,0.16632988750934596,nan,0.0,0.375,0.3718100999831222,0
26,220,9020,0.08755681818181815,2560,1.279126799106598,0.50390625,0.7322585463523865,0.7690841853618622,0.2796875,0.45164473056793214,0.5886451989412308,0.03137257695198059,0.034434087574481964,0.6886076390743255,0.7375792831182479,0.005320736765861422,0.16632988750934596,nan,0.0,nan,0.0,0
26,240,9040,0.08642045454545455,2560,1.3112462043762207,0.49296875,0.7317359954118728,0.7719497919082642,0.295703125,0.46784295290708544,0.5937352687120437,0.03137257695198059,0.03633263502269983,0.6942995727062226,0.7322585463523865,0.0005225509405136775,0.16632988750934596,nan,0.0,nan,0.0,0
26,260,9060,0.08528409090909088,2560,1.2449216365814209,0.528515625,0.7469074487686157,0.7764536738395691,0.26640625,0.42532762289047243,0.5926967799663544,0.03137257695198059,0.033487966284155846,0.6850556373596192,0.7322585463523865,-0.014648902416229181,0.16632988750934596,nan,0.0,nan,0.0,0
26,280,9080,0.08414772727272728,2560,1.2458276331424714,0.5203125,0.7272465199232101,0.7622364223003387,0.27265625,0.4583939850330353,0.5972594112157822,0.03137257695198059,0.03510738275945187,0.6900033861398697,0.7322585463523865,0.005012026429176419,0.16632988750934596,nan,0.0,nan,0.0,0
26,300,9100,0.0830113636363636,2560,1.223229330778122,0.537109375,0.7161515206098557,0.760345733165741,0.261328125,0.4415546417236328,0.592227828502655,0.03137257695198059,0.03450003918260336,0.687972903251648,0.7317359954118728,0.01558447480201719,0.16632988750934596,nan,0.0,0.4453125,0.3719792000192683,0
26,320,9120,0.081875,2560,1.2250208139419556,0.52109375,0.7349991947412491,0.7686162501573562,0.26875,0.43386689126491546,0.5886381953954697,0.03137257695198059,0.03682458978146315,0.694837161898613,0.7317359954118728,-0.003263199329376243,0.16632988750934596,nan,0.0,nan,0.0,0
26,340,9140,0.08073863636363633,2560,1.2200685679912566,0.52421875,0.7251583814620972,0.7717371821403504,0.2828125,0.43894875049591064,0.5925691157579422,0.03137257695198059,0.034696869924664496,0.6906423181295395,0.7317359954118728,0.006577613949775629,0.16632988750934596,nan,0.0,nan,0.0,0
26,352,9152,0.08005681818181817,1480,1.2716285067635613,0.507432433076807,0.7348177610216914,0.7615779957255802,0.28513513465185425,0.4634015260515986,0.5935360119149492,0.03137257695198059,0.03492350862235636,0.6897927996274588,0.7272465199232101,-0.007571241098481285,0.16632988750934596,nan,0.0,nan,0.0,0
27,20,9172,0.07892045454545457,2560,1.249746710062027,0.507421875,0.7285002440214157,0.7690709590911865,0.28515625,0.4553838387131691,0.5972163021564484,0.03137257695198059,0.03552299737930298,0.6903906911611557,0.7272465199232101,-0.0012537240982055664,0.16632988750934596,nan,0.0,nan,0.0,0
27,40,9192,0.0777840909090909,2560,1.2220031082630158,0.533984375,0.7450748533010483,0.7658357203006745,0.267578125,0.43871414512395857,0.5882005333900452,0.03137257695198059,0.033307367190718654,0.6857238173484802,0.7285002440214157,-0.016574609279632613,0.16632988750934596,nan,0.0,0.421875,0.38194819999625906,0
27,60,9212,0.07664772727272724,2560,1.2105824649333954,0.53984375,0.714059591293335,0.761620357632637,0.265625,0.4528516888618469,0.5877224117517471,0.03137257695198059,0.034454913809895515,0.6887413680553436,0.7348177610216914,0.020758169728356424,0.16632988750934596,nan,0.0,nan,0.0,0
27,80,9232,0.07551136363636364,2560,1.2239235162734985,0.522265625,0.7314132690429688,0.7646185785531998,0.290625,0.45161344259977343,0.593355455994606,0.03137257695198059,0.03667864315211773,0.695207366347313,0.7285002440214157,-0.002913025021553106,0.16632988750934596,nan,0.0,nan,0.0,0
27,100,9252,0.07437499999999997,2560,1.2453611135482787,0.519921875,0.7277056694030761,0.7633329004049301,0.275,0.45383005738258364,0.5996446162462234,0.03137257695198059,0.036494063399732116,0.6938701361417771,0.7314132690429688,0.0037075996398926447,0.16632988750934596,nan,0.0,nan,0.0,0
27,120,9272,0.07323863636363637,2560,1.2363256812095642,0.53359375,0.7201752543449402,0.7626654475927352,0.26015625,0.4389505088329315,0.5900323450565338,0.03137257695198059,0.035252532735466954,0.6909780830144883,0.7285002440214157,0.008324989676475436,0.16632988750934596,nan,0.0,nan,0.0,0
27,140,9292,0.0721022727272727,2560,1.2056066334247588,0.541015625,0.7410033792257309,0.7738832086324692,0.272265625,0.4585050165653229,0.5979548394680023,0.03137257695198059,0.03500836351886392,0.6908871918916702,0.7277056694030761,-0.013297709822654769,0.16632988750934596,nan,0.0,0.390625,0.37189629999920726,0
27,160,9312,0.0709659090909091,2560,1.238829606771469,0.5125,0.720457011461258,0.7621713191270828,0.289453125,0.467491552233696,0.5922617822885513,0.03137257695198059,0.03492252193391323,0.6898814409971237,0.7277056694030761,0.007248657941818171,0.16632988750934596,nan,0.0,nan,0.0,0
27,180,9332,0.06982954545454542,2560,1.2306302964687348,0.521875,0.7282622516155243,0.7655647486448288,0.2796875,0.45139610171318056,0.5903878748416901,0.03137257695198059,0.03392383744940162,0.6877603828907013,0.7277056694030761,-0.0005565822124481423,0.16632988750934596,nan,0.0,nan,0.0,0
27,200,9352,0.06869318181818182,2560,1.2021576821804048,0.531640625,0.729578149318695,0.7637392848730087,0.278515625,0.446158729493618,0.5911355465650558,0.03137257695198059,0.03383443858474493,0.6862392038106918,0.7277056694030761,-0.0018724799156188965,0.16632988750934596,nan,0.0,nan,0.0,0
27,220,9372,0.06755681818181815,2560,1.2153337061405183,0.530859375,0.7224883198738098,0.7618213862180709,0.283984375,0.4628105014562607,0.5976701319217682,0.03137257695198059,0.03575791697949171,0.6922515422105789,0.7282622516155243,0.0057739317417144775,0.16632988750934596,nan,0.0,nan,0.0,0
27,240,9392,0.06642045454545455,2560,1.197284883260727,0.5390625,0.7233600735664367,0.7664383113384247,0.260546875,0.4518452599644661,0.5910609185695648,0.03137257695198059,0.033860289864242075,0.6862507641315461,0.7282622516155243,0.004902178049087547,0.16632988750934596,nan,0.0,0.4453125,0.3688601999892853,0
27,260,9412,0.06528409090909089,2560,1.2263255357742309,0.524609375,0.715761023759842,0.7517087429761886,0.27734375,0.4563323393464088,0.5872557491064072,0.03137257695198059,0.03545007426291704,0.6908420950174332,0.7233600735664367,0.00759904980659476,0.16632988750934596,nan,0.0,nan,0.0,0
27,280,9432,0.06414772727272729,2560,1.2129476487636566,0.537109375,0.7335387855768204,0.7712642878293992,0.265625,0.45054279267787933,0.5936662226915359,0.03137257695198059,0.03539521358907223,0.6908022224903106,0.7233600735664367,-0.010178712010383673,0.16632988750934596,nan,0.0,nan,0.0,0
27,300,9452,0.06301136363636362,2560,1.2088282644748687,0.52421875,0.7091394007205963,0.7570006251335144,0.273046875,0.4531807854771614,0.5784870326519013,0.03137257695198059,0.03512476570904255,0.6907801777124405,0.7233600735664367,0.014220672845840387,0.16632988750934596,nan,0.0,nan,0.0,0
27,320,9472,0.06187500000000001,2560,1.202313494682312,0.526171875,0.7196089953184128,0.7578253626823426,0.284375,0.4505418300628662,0.5882182002067566,0.03137257695198059,0.034389215521514416,0.6881331145763397,0.7224883198738098,0.002879324555396967,0.16632988750934596,nan,0.0,nan,0.0,0
27,340,9492,0.06073863636363634,2560,1.233996844291687,0.51640625,0.7123699098825454,0.760848131775856,0.285546875,0.46346316635608675,0.5876623958349227,0.03137257695198059,0.0350358109921217,0.6892381310462952,0.7196089953184128,0.007239085435867376,0.16632988750934596,nan,0.0,0.4375,0.3710828000039328,0
27,352,9504,0.06005681818181818,1480,1.218010838611706,0.5310810820476429,0.6782825357205159,0.7409423934446798,0.2736486492930232,0.4425592989534945,0.5953743251594337,0.03137257695198059,0.03179331754107733,0.6795435583269274,0.715761023759842,0.037478488039326074,0.16632988750934596,nan,0.0,nan,0.0,0
28,20,9524,0.05892045454545451,2560,1.18600754737854,0.541015625,0.7287383198738098,0.764354732632637,0.284765625,0.4406762599945068,0.5837368249893189,0.03137257695198059,0.03513906989246607,0.6897939711809158,0.7123699098825454,-0.01636840999126432,0.16632988750934596,nan,0.0,nan,0.0,0
28,40,9544,0.05778409090909091,2560,1.1448838472366334,0.546875,0.6988286435604095,0.7408709436655044,0.276171875,0.44046016931533816,0.5933616876602172,0.03137257695198059,0.03318704077973962,0.6832283318042756,0.7123699098825454,0.013541266322135925,0.16632988750934596,nan,0.0,nan,0.0,0
28,60,9564,0.05664772727272724,2560,1.1772993862628938,0.5421875,0.7125362426042556,0.7590820491313934,0.27734375,0.45501695573329926,0.5874283015727997,0.03137257695198059,0.0322578139603138,0.680671575665474,0.7123699098825454,-0.00016633272171018287,0.16632988750934596,nan,0.0,nan,0.0,0
28,80,9584,0.05551136363636364,2560,1.133851408958435,0.552734375,0.7024273484945297,0.7551874965429306,0.2859375,0.45074360221624377,0.5895482569932937,0.03137257695198059,0.03504669237881899,0.6895314633846283,0.7123699098825454,0.009942561388015747,0.16632988750934596,nan,0.0,0.4765625,0.3722449000051711,0
28,100,9604,0.05437499999999997,2560,1.1679277002811432,0.543359375,0.6997495919466019,0.7543692409992218,0.2703125,0.46059196144342424,0.5936959743499756,0.03137257695198059,0.03473357940092683,0.6876090377569198,0.7024273484945297,0.00267775654792779,0.16632988750934596,nan,0.0,nan,0.0,0
28,120,9624,0.05323863636363637,2560,1.1678267300128937,0.5390625,0.7157327055931091,0.7589733332395554,0.283984375,0.4429908335208893,0.5935059994459152,0.03137257695198059,0.03373426888138056,0.6855989098548889,0.7024273484945297,-0.013305357098579385,0.16632988750934596,nan,0.0,nan,0.0,0
28,140,9644,0.0521022727272727,2560,1.1560316145420075,0.55,0.7101711064577103,0.7559585779905319,0.268359375,0.4469318091869354,0.5925828486680984,0.03137257695198059,0.034498472698032856,0.6873717069625854,0.7024273484945297,-0.007743757963180609,0.16632988750934596,nan,0.0,nan,0.0,0
28,160,9664,0.050965909090909096,2560,1.155930495262146,0.5453125,0.6965526103973388,0.7467773646116257,0.2796875,0.4560779303312302,0.5873722314834595,0.03137257695198059,0.03523307181894779,0.691586646437645,0.7101711064577103,0.013618496060371466,0.16632988750934596,nan,0.0,nan,0.0,0
28,180,9684,0.04982954545454543,2560,1.1633796453475953,0.561328125,0.7016137987375259,0.7451472103595733,0.2609375,0.4704570859670639,0.5889460414648056,0.03137257695198059,0.03401626897975803,0.6864237040281296,0.7024273484945297,0.000813549757003762,0.16632988750934596,nan,0.0,0.4140625,0.3704476999992039,0
28,200,9704,0.04869318181818183,2560,1.1798698842525481,0.551171875,0.7209900975227356,0.7612086266279221,0.262890625,0.4519973799586296,0.5952915400266647,0.03137257695198059,0.033121492620557545,0.6844014286994934,0.7016137987375259,-0.019376298785209634,0.16632988750934596,nan,0.0,nan,0.0,0
28,220,9724,0.04755681818181816,2560,1.1773069739341735,0.53828125,0.708225330710411,0.7539984524250031,0.278515625,0.4650899082422256,0.5869577020406723,0.03137257695198059,0.03249243395403027,0.680795431137085,0.7101711064577103,0.001945775747299261,0.16632988750934596,nan,0.0,nan,0.0,0
28,240,9744,0.046420454545454556,2560,1.1445711851119995,0.561328125,0.7089377015829086,0.7560000330209732,0.26015625,0.42893428951501844,0.5935545802116394,0.03137257695198059,0.032731986697763206,0.6814070850610733,0.708225330710411,-0.0007123708724975364,0.16632988750934596,nan,0.0,nan,0.0,0
28,260,9764,0.04528409090909089,2560,1.1439777433872222,0.553125,0.7063798874616622,0.747424840927124,0.2671875,0.4355441674590111,0.5943297266960144,0.03137257695198059,0.03613560814410448,0.6934019953012467,0.708225330710411,0.0018454432487488015,0.16632988750934596,nan,0.0,nan,0.0,0
28,280,9784,0.04414772727272729,2560,1.1201380431652068,0.557421875,0.704692405462265,0.7543065577745438,0.269921875,0.4381396621465683,0.587187984585762,0.03137257695198059,0.03377143098041415,0.6860735714435577,0.708225330710411,0.0035329252481460793,0.16632988750934596,nan,0.0,0.453125,0.3729977000039071,0
28,300,9804,0.04301136363636362,2560,1.1508817791938781,0.549609375,0.6852263391017914,0.744034343957901,0.28125,0.452107797563076,0.5911593288183212,0.03137257695198059,0.03274648962542415,0.6819500505924225,0.708225330710411,0.022998991608619623,0.16632988750934596,nan,0.0,nan,0.0,0
28,320,9824,0.041875000000000016,2560,1.1730126589536667,0.564453125,0.6943497627973556,0.7563528895378113,0.254296875,0.44464638233184817,0.592942190170288,0.03137257695198059,0.03350286623463035,0.6844744265079499,0.7063798874616622,0.01203012466430664,0.16632988750934596,nan,0.0,nan,0.0,0
28,340,9844,0.040738636363636345,2560,1.1481097102165223,0.544140625,0.6892787724733352,0.746248009800911,0.280078125,0.44312626868486404,0.5941904872655869,0.03137257695198059,0.03282671654596925,0.6835982471704483,0.704692405462265,0.015413632988929726,0.16632988750934596,nan,0.0,nan,0.0,0
28,352,9856,0.040056818181818186,1480,1.1606056187603924,0.5445945949167819,0.7013488772753123,0.7571678541802072,0.2783783790227529,0.4421667535562773,0.5954834216349834,0.03137257695198059,0.032481071111318226,0.6807366512917183,0.6943497627973556,-0.006999114477956647,0.16632988750934596,nan,0.0,nan,0.0,0
29,20,9876,0.038920454545454515,2560,1.0704475700855256,0.58828125,0.7129288405179978,0.7427145898342132,0.25859375,0.42762028723955153,0.592614260315895,0.03137257695198059,0.03514459542930126,0.6907242774963379,0.6943497627973556,-0.018579077720642156,0.16632988750934596,nan,0.0,0.4453125,0.36877289999392815,0
29,40,9896,0.03778409090909091,2560,1.0891366839408874,0.563671875,0.6915675401687622,0.7477995783090592,0.273046875,0.4373702764511108,0.590581527352333,0.03137257695198059,0.032471098378300665,0.6804060995578766,0.6943497627973556,0.0027822226285934004,0.16632988750934596,nan,0.0,nan,0.0,0
29,60,9916,0.03664772727272725,2560,1.1182842999696732,0.5625,0.690221694111824,0.7447874903678894,0.26484375,0.43685937523841856,0.589903149008751,0.03137257695198059,0.031169447302818298,0.6775249689817429,0.6943497627973556,0.004128068685531616,0.16632988750934596,nan,0.0,nan,0.0,0
29,80,9936,0.035511363636363646,2560,1.093830293416977,0.56484375,0.6906071066856384,0.7409417718648911,0.27734375,0.4500724717974663,0.5948203027248382,0.03137257695198059,0.03417676258832216,0.6865513324737549,0.6915675401687622,0.0009604334831238015,0.16632988750934596,nan,0.0,nan,0.0,0
29,100,9956,0.034374999999999975,2560,1.0819906532764434,0.57734375,0.7041113466024399,0.7492795497179031,0.266015625,0.4366436913609505,0.5919007778167724,0.03137257695198059,0.03268201807513833,0.6807142734527588,0.6915675401687622,-0.012543806433677696,0.16632988750934596,nan,0.0,nan,0.0,0
29,120,9976,0.03323863636363637,2560,1.0859610944986344,0.5671875,0.6694577693939209,0.7322642177343368,0.27265625,0.4543077602982521,0.5800873070955277,0.03137257695198059,0.032029197085648775,0.6786856681108475,0.6915675401687622,0.02210977077484133,0.16632988750934596,nan,0.0,0.4609375,0.37170280001009814,0
29,140,9996,0.03210227272727271,2560,1.1160153448581696,0.57109375,0.6774010926485061,0.7349991053342819,0.26796875,0.43868187814950943,0.5842952936887741,0.03137257695198059,0.03361591966822743,0.6847471565008163,0.6906071066856384,0.013206014037132285,0.16632988750934596,nan,0.0,nan,0.0,0
29,160,10016,0.030965909090909103,2560,1.083645498752594,0.581640625,0.6855857700109482,0.7503624141216279,0.2609375,0.4489108309149742,0.589189425110817,0.03137257695198059,0.035056940466165545,0.689557746052742,0.690221694111824,0.004635924100875766,0.16632988750934596,nan,0.0,nan,0.0,0
29,180,10036,0.029829545454545435,2560,1.0667061656713486,0.580859375,0.6847183525562286,0.743194979429245,0.26015625,0.4394308254122734,0.5932824701070786,0.03137257695198059,0.0318406836129725,0.6777912586927414,0.6855857700109482,0.0008674174547196323,0.16632988750934596,nan,0.0,nan,0.0,0
29,200,10056,0.028693181818181833,2560,1.06142515540123,0.5671875,0.6956077545881272,0.7461621761322021,0.282421875,0.44086676388978957,0.5921397149562836,0.03137257695198059,0.03141342606395483,0.6766891181468964,0.6847183525562286,-0.010889402031898587,0.16632988750934596,nan,0.0,nan,0.0,0
29,220,10076,0.027556818181818165,2560,1.0771257013082505,0.577734375,0.6842063635587692,0.7424114435911179,0.26875,0.4472180068492889,0.5957665979862213,0.03137257695198059,0.034076031483709815,0.6853439122438431,0.6847183525562286,0.0005119889974594116,0.16632988750934596,nan,0.0,0.4609375,0.3711880999908317,0
29,240,10096,0.026420454545454563,2560,1.0687277168035507,0.5875,0.6862070471048355,0.7416724115610123,0.246484375,0.43427191525697706,0.588144063949585,0.03137257695198059,0.031592901330441236,0.6782086670398713,0.6847183525562286,-0.0014886945486068948,0.16632988750934596,nan,0.0,nan,0.0,0
29,260,10116,0.025284090909090895,2560,1.058239820599556,0.581640625,0.6751165151596069,0.7368025630712509,0.26171875,0.4350872993469238,0.5921334773302078,0.03137257695198059,0.03174893092364073,0.6788387835025788,0.6855857700109482,0.010469254851341314,0.16632988750934596,nan,0.0,nan,0.0,0
29,280,10136,0.024147727272727293,2560,1.0594496458768845,0.575,0.6742195308208465,0.7342912226915359,0.2796875,0.44631783962249755,0.5935028284788132,0.03137257695198059,0.0335554457269609,0.6848876893520355,0.6847183525562286,0.01049882173538208,0.16632988750934596,nan,0.0,nan,0.0,0
29,300,10156,0.023011363636363625,2560,1.049565851688385,0.6015625,0.6826333671808242,0.7446576625108718,0.245703125,0.43113213777542114,0.5927064508199692,0.03137257695198059,0.03388098403811455,0.6845761328935623,0.6842063635587692,0.0015729963779449463,0.16632988750934596,nan,0.0,nan,0.0,0
29,320,10176,0.021875000000000023,2560,1.0987661927938461,0.569921875,0.6587656617164612,0.7327346980571747,0.26015625,0.4636856034398079,0.5985639125108719,0.03137257695198059,0.033459009043872355,0.6843863487243652,0.6826333671808242,0.02386770546436301,0.16632988750934596,nan,0.0,0.484375,0.3705099000071641,0
29,340,10196,0.02073863636363635,2560,1.0836292624473571,0.565625,0.678163155913353,0.7411358147859574,0.276171875,0.4405699372291565,0.5855059593915939,0.03137257695198059,0.03401843030005693,0.6861688375473023,0.6751165151596069,-0.003046640753746055,0.16632988750934596,nan,0.0,nan,0.0,0
29,352,10208,0.020056818181818193,1480,1.0574930577664763,0.5790540546984286,0.6906056136698336,0.7361823191513887,0.2662162170216844,0.43027790494867274,0.5838176772401139,0.03137257695198059,0.03442048063954792,0.687402579591081,0.6751165151596069,-0.015489098510226729,0.16632988750934596,nan,0.0,nan,0.0,0
30,20,10228,0.01892045454545452,2560,1.000507551431656,0.612109375,0.6950216382741928,0.7427948206663132,0.25390625,0.42223055064678194,0.5923222988843918,0.03137257695198059,0.03441332578659058,0.6860339194536209,0.678163155913353,-0.016858482360839866,0.16632988750934596,nan,0.0,nan,0.0,0
30,40,10248,0.01778409090909092,2560,1.005388867855072,0.60625,0.6922840446233749,0.7369200587272644,0.2515625,0.4259778246283531,0.591435894370079,0.03137257695198059,0.03378634927794337,0.6847184330224991,0.6826333671808242,-0.00965067744255066,0.16632988750934596,nan,0.0,nan,0.0,0
30,60,10268,0.01664772727272725,2560,1.003688433766365,0.5984375,0.680695828795433,0.7323892146348954,0.26640625,0.43236153572797775,0.5886703640222549,0.03137257695198059,0.03283117180690169,0.6826799988746644,0.6906056136698336,0.00990978487440064,0.16632988750934596,nan,0.0,0.4765625,0.36517770000500605,0
30,80,10288,0.01551136363636365,2560,0.9856276482343673,0.60859375,0.6718804627656937,0.7343503475189209,0.2546875,0.423591248691082,0.5896091639995575,0.03137257695198059,0.032630339916795495,0.6802576661109925,0.6906056136698336,0.018725150904139953,0.16632988750934596,nan,0.0,nan,0.0,0
30,100,10308,0.014374999999999982,2560,0.9689033329486847,0.62578125,0.6603613764047622,0.7272173762321472,0.2453125,0.42392098903656006,0.59367436170578,0.03137257695198059,0.033855351991951464,0.6845277428627015,0.6906056136698336,0.030244237265071416,0.16632988750934596,nan,0.0,nan,0.0,0
30,120,10328,0.01323863636363638,2560,0.9972749441862107,0.602734375,0.659940218925476,0.733302327990532,0.263671875,0.42293102741241456,0.5890145808458328,0.03137257695198059,0.03267897134646773,0.6813187718391418,0.680695828795433,0.020755609869956948,0.16632988750934596,nan,0.0,nan,0.0,0
30,140,10348,0.012102272727272712,2560,0.9890255242586136,0.623046875,0.6798535853624343,0.7344602137804032,0.240625,0.43438502848148347,0.5938390344381332,0.03137257695198059,0.03299118177965284,0.6826437979936599,0.6718804627656937,-0.007973122596740656,0.16632988750934596,nan,0.0,nan,0.0,0
30,160,10368,0.01096590909090911,2560,0.9857371062040329,0.614453125,0.6411560654640198,0.7182923913002014,0.240625,0.4233154371380806,0.5914423823356628,0.03137257695198059,0.03167319493368268,0.6774277985095978,0.6718804627656937,0.030724397301673867,0.16632988750934596,nan,0.0,0.4765625,0.36729240001295693,0
30,180,10388,0.00982954545454544,2560,0.9998140454292297,0.607421875,0.676116056740284,0.7277848780155182,0.246875,0.4258154839277267,0.5872379541397095,0.03137257695198059,0.033633350394666195,0.6838911414146424,0.6603613764047622,-0.015754680335521742,0.16632988750934596,nan,0.0,nan,0.0,0
30,200,10408,0.008693181818181838,2560,0.9837932974100113,0.6078125,0.664099732041359,0.7328959286212922,0.2484375,0.4247234031558037,0.588811382651329,0.03137257695198059,0.03182451818138361,0.6788495600223541,0.6603613764047622,-0.0037383556365967463,0.16632988750934596,nan,0.0,nan,0.0,0
30,220,10428,0.00755681818181817,2560,0.9749334394931793,0.60234375,0.6721179395914078,0.722562050819397,0.26015625,0.42070874124765395,0.5953421503305435,0.03137257695198059,0.03246725806966424,0.6805934965610504,0.664099732041359,-0.008018207550048784,0.16632988750934596,nan,0.0,nan,0.0,0
30,240,10448,0.006420454545454568,2560,0.9779218286275864,0.6140625,0.6520731508731842,0.7155460506677628,0.248828125,0.43085778802633284,0.5917890131473541,0.03137257695198059,0.03267259066924453,0.6814660489559173,0.6721179395914078,0.020044788718223572,0.16632988750934596,nan,0.0,nan,0.0,0
30,260,10468,0.005284090909090899,2560,0.9573290258646011,0.630859375,0.6728868275880814,0.7357193142175674,0.243359375,0.421124292910099,0.5875797480344772,0.03137257695198059,0.033003851864486934,0.6826470017433166,0.664099732041359,-0.008787095546722412,0.16632988750934596,nan,0.0,0.5,0.3736621000280138,0
30,280,10488,0.004147727272727297,2560,0.9954231023788452,0.601953125,0.6761652261018753,0.7294145107269288,0.25859375,0.4365804448723793,0.5955281794071198,0.03137257695198059,0.03316570157185197,0.683541426062584,0.6721179395914078,-0.004047286510467596,0.16632988750934596,nan,0.0,nan,0.0,0
30,300,10508,0.0030113636363636284,2560,0.9779028832912445,0.6125,0.6548504710197449,0.7242267817258835,0.251953125,0.4205058112740517,0.5925880700349808,0.03137257695198059,0.03323318725451827,0.6826303482055665,0.6721179395914078,0.017267468571662836,0.16632988750934596,nan,0.0,nan,0.0,0
30,320,10528,0.0018750000000000266,2560,0.9785073608160019,0.626953125,0.6669573962688446,0.7295156031847,0.23515625,0.4275714844465256,0.5789998590946197,0.03137257695198059,0.03251289781183005,0.6806305140256882,0.6721179395914078,0.005160543322563105,0.16632988750934596,nan,0.0,nan,0.0,0
30,340,10548,0.000738636363636358,2560,0.9396597504615783,0.622265625,0.6771708041429519,0.7267013788223267,0.25546875,0.4053437143564224,0.5907927393913269,0.03137257695198059,0.03305301833897829,0.6816982477903366,0.6669573962688446,-0.010213407874107294,0.16632988750934596,nan,0.0,nan,0.0,0
30,352,10560,5.681818181819675e-05,1480,0.9390758988019582,0.6222972963307355,0.6781935968914548,0.7310437089688069,0.2608108105691704,0.4185485324344119,0.5893915572681943,0.03137257695198059,0.03297009727842099,0.6810183302776234,0.6728868275880814,-0.005306769303373371,0.16632988750934596,nan,0.0,0.4921875,0.3776892999885604,0
