epoch,batch,global_step,lr,window_samples,train_adv_loss,train_adv_acc,free_gradient_cosine,free_gradient_sign_agreement,free_prediction_disagreement,free_attack_loss_gain,free_boundary_fraction,free_delta_linf,control_gradient_participation_ratio,control_gradient_entropy,detector_baseline,detector_score,detector_threshold,detector_pgd10_acc,detector_seconds,observer_pgd10_acc,observer_pgd10_seconds,intervention_triggered
1,20,20,0.0010795454545454546,2560,2.8814163208007812,0.0,0.021278352942317724,0.499197906255722,0.225,0.5775840699672699,0.9149471491575241,0.03137257695198059,0.24837962538003922,0.8856738150119782,nan,nan,0.16632988750934596,nan,0.0,nan,0.0,0
1,40,40,0.002215909090909091,2560,2.599049186706543,0.02109375,0.07095818035304546,0.5131261438131333,0.284765625,0.39731580168008807,0.9145961940288544,0.03137257695198059,0.2348206490278244,0.8811795145273209,nan,nan,0.16632988750934596,nan,0.0,nan,0.0,0
1,60,60,0.0033522727272727276,2560,2.343800449371338,0.05078125,0.28706451654434206,0.5704344570636749,0.27265625,0.18481700718402863,0.9132173091173172,0.03137257695198059,0.21276118531823157,0.870472452044487,nan,nan,0.16632988750934596,nan,0.0,nan,0.0,0
1,80,80,0.004488636363636363,2560,2.2577885746955872,0.1375,0.5663584753870964,0.6467023402452469,0.19296875,0.11653669103980065,0.9133700251579284,0.03137257695198059,0.16684157103300096,0.8399472653865814,0.07095818035304546,-0.4954002950340509,0.16632988750934596,nan,0.0,nan,0.0,0
1,100,100,0.005625,2560,2.229643630981445,0.162890625,0.7036641448736191,0.6905868768692016,0.184375,0.1129028968513012,0.9150036007165909,0.03137257695198059,0.1355916026979685,0.8142488569021225,0.17901134844869376,-0.5246527964249252,0.16632988750934596,nan,0.0,nan,0.0,0
1,120,120,0.006761363636363636,2560,2.200618553161621,0.165625,0.768461936712265,0.7198056787252426,0.169140625,0.11421027630567551,0.9154585689306259,0.03137257695198059,0.11926453821361065,0.7995904564857483,0.28706451654434206,-0.481397420167923,0.16632988750934596,nan,0.0,nan,0.0,0
1,140,140,0.007897727272727272,2560,2.1925509452819822,0.1578125,0.8254859536886215,0.7466711878776551,0.20390625,0.1301359947770834,0.9142290890216828,0.03137257695198059,0.10406183674931527,0.77954660654068,0.5663584753870964,-0.25912747830152516,0.16632988750934596,nan,0.0,nan,0.0,0
1,160,160,0.009034090909090908,2560,2.1539512634277345,0.203515625,0.8412454187870025,0.7627019464969635,0.199609375,0.14546793103218078,0.9148970514535903,0.03137257695198059,0.09713132865726948,0.767858624458313,0.7036641448736191,-0.13758127391338348,0.16632988750934596,nan,0.0,nan,0.0,0
1,180,180,0.010170454545454547,2560,2.161338376998901,0.1921875,0.8524461507797241,0.7754534542560577,0.198828125,0.1456138752400875,0.9116265803575516,0.03137257695198059,0.09048856981098652,0.762734591960907,0.768461936712265,-0.08398421406745904,0.16632988750934596,nan,0.0,nan,0.0,0
1,200,200,0.011306818181818182,2560,2.1351078510284425,0.196484375,0.8621047794818878,0.7879262447357178,0.2046875,0.17857124358415605,0.9134182155132293,0.03137257695198059,0.08401882760226727,0.7530463486909866,0.8254859536886215,-0.03661882579326625,0.16632988750934596,nan,0.0,nan,0.0,0
1,220,220,0.012443181818181819,2560,2.1023844718933105,0.205859375,0.8793144226074219,0.8038903772830963,0.212109375,0.18712102696299554,0.9139117151498795,0.03137257695198059,0.0842136912047863,0.754112932085991,0.8412454187870025,-0.038069003820419334,0.16632988750934596,nan,0.0,nan,0.0,0
1,240,240,0.013579545454545454,2560,2.111943316459656,0.205859375,0.8867083877325058,0.8130244076251983,0.20859375,0.18455061689019203,0.9140349298715591,0.03137257695198059,0.07797135636210442,0.7443655729293823,0.8524461507797241,-0.034262236952781744,0.16632988750934596,nan,0.0,nan,0.0,0
1,260,260,0.014715909090909089,2560,2.097230577468872,0.212890625,0.8858505427837372,0.819631215929985,0.204296875,0.2004012681543827,0.9162007808685303,0.03137257695198059,0.0827432781457901,0.7570795148611069,0.8621047794818878,-0.02374576330184941,0.16632988750934596,nan,0.0,nan,0.0,0
1,280,280,0.015852272727272725,2560,2.0795555114746094,0.21796875,0.8912993729114532,0.8246622920036316,0.21484375,0.2034294858574867,0.9168625056743622,0.03137257695198059,0.07469391450285912,0.7493901312351227,0.8793144226074219,-0.01198495030403135,0.16632988750934596,nan,0.0,nan,0.0,0
1,300,300,0.016988636363636362,2560,2.0423770427703856,0.251171875,0.8904408782720565,0.824463164806366,0.190625,0.21559411212801932,0.9146007776260376,0.03137257695198059,0.07158877216279506,0.73982754945755,0.8858505427837372,-0.00459033548831933,0.16632988750934596,nan,0.0,nan,0.0,0
1,320,320,0.018125,2560,2.031174421310425,0.22734375,0.8912266731262207,0.8301516383886337,0.1984375,0.21811646074056626,0.917815163731575,0.03137257695198059,0.0710748367011547,0.7419546008110046,0.8867083877325058,-0.004518285393714905,0.16632988750934596,nan,0.0,nan,0.0,0
1,340,340,0.019261363636363635,2560,2.055302858352661,0.227734375,0.8903631836175918,0.8254685938358307,0.219921875,0.2242651768028736,0.9182528406381607,0.03137257695198059,0.0709555521607399,0.7435527712106704,0.8904408782720565,7.769465446472168e-05,0.16632988750934596,nan,0.0,nan,0.0,0
1,352,352,0.019943181818181818,1480,2.0149098177213927,0.23783783799893146,0.8884716694419449,0.8241191409729622,0.21216216216216216,0.22717178560592033,0.923934601770865,0.03137257695198059,0.06666489142823864,0.737937949154828,0.8904408782720565,0.001969208830111646,0.16632988750934596,nan,0.0,nan,0.0,0
2,20,372,0.021079545454545455,2560,2.022087287902832,0.232421875,0.9019944906234741,0.8341072291135788,0.2125,0.22518980279564857,0.9174025475978851,0.03137257695198059,0.06805648170411586,0.7392282575368881,0.8904408782720565,-0.011553612351417608,0.16632988750934596,nan,0.0,nan,0.0,0
2,40,392,0.022215909090909088,2560,2.0333136081695558,0.2328125,0.9075395107269287,0.8406542718410492,0.196875,0.23953045010566712,0.9158352106809616,0.03137257695198059,0.06811217926442623,0.7395812928676605,0.8904408782720565,-0.017098632454872198,0.16632988750934596,nan,0.0,nan,0.0,0
2,60,412,0.023352272727272725,2560,2.0198357582092283,0.2359375,0.9064772605895997,0.8418702691793442,0.204296875,0.23834775015711784,0.9180364191532135,0.03137257695198059,0.06641617678105831,0.7403462439775467,0.8912266731262207,-0.015250587463378928,0.16632988750934596,nan,0.0,nan,0.0,0
2,80,432,0.024488636363636365,2560,2.0297332763671876,0.224609375,0.8933579623699188,0.8352226436138153,0.216796875,0.255588436126709,0.9160676598548889,0.03137257695198059,0.0693336570635438,0.7469868957996368,0.9019944906234741,0.00863652825355532,0.16632988750934596,nan,0.0,nan,0.0,0
2,100,452,0.025625,2560,2.0166826486587524,0.235546875,0.8988452613353729,0.8418707758188247,0.2125,0.24741562008857726,0.9185904353857041,0.03137257695198059,0.06702198553830385,0.7410058200359344,0.9019944906234741,0.0031492292881012407,0.16632988750934596,nan,0.0,nan,0.0,0
2,120,472,0.026761363636363635,2560,1.9723217487335205,0.246484375,0.8935171008110047,0.8371123194694519,0.234765625,0.2623069673776627,0.9186035335063935,0.03137257695198059,0.06536867190152407,0.741844654083252,0.9019944906234741,0.008477389812469482,0.16632988750934596,nan,0.0,nan,0.0,0
2,140,492,0.027897727272727272,2560,2.012779414653778,0.24296875,0.9053323149681092,0.8437257319688797,0.2109375,0.24756599143147467,0.9177378505468369,0.03137257695198059,0.0655164273455739,0.7372161984443665,0.8988452613353729,-0.006487053632736273,0.16632988750934596,nan,0.0,nan,0.0,0
2,160,512,0.02903409090909091,2560,2.014465403556824,0.248046875,0.8970885932445526,0.840802401304245,0.21953125,0.25121946856379507,0.9179121851921082,0.03137257695198059,0.06432571765035391,0.7376752853393554,0.8988452613353729,0.0017566680908203125,0.16632988750934596,nan,0.0,nan,0.0,0
2,180,532,0.030170454545454545,2560,1.989829921722412,0.25390625,0.907548901438713,0.8434140712022782,0.207421875,0.24993450194597244,0.9148890316486359,0.03137257695198059,0.059713206999003884,0.7276920288801193,0.8970885932445526,-0.01046030819416044,0.16632988750934596,nan,0.0,nan,0.0,0
2,200,552,0.03130681818181818,2560,1.959272527694702,0.2609375,0.9016238719224929,0.8416425287723541,0.208203125,0.2555918529629707,0.9169017910957337,0.03137257695198059,0.0636264007538557,0.7332535594701767,0.8988452613353729,-0.002778610587120034,0.16632988750934596,nan,0.0,nan,0.0,0
2,220,572,0.032443181818181815,2560,2.003262662887573,0.239453125,0.9036238461732864,0.8387916803359985,0.214453125,0.26261718273162843,0.9207306116819381,0.03137257695198059,0.05969949681311846,0.730134305357933,0.9016238719224929,-0.001999974250793457,0.16632988750934596,nan,0.0,nan,0.0,0
2,240,592,0.03357954545454545,2560,1.9969032287597657,0.244921875,0.902457520365715,0.8419505029916763,0.20625,0.2575030915439129,0.9173289179801941,0.03137257695198059,0.05984311681240797,0.7287775933742523,0.9036238461732864,0.0011663258075713667,0.16632988750934596,nan,0.0,nan,0.0,0
2,260,612,0.03471590909090909,2560,1.958166813850403,0.25625,0.9012909173965454,0.8414053857326508,0.208203125,0.2665204957127571,0.9244480311870575,0.03137257695198059,0.06235003471374512,0.7360471189022064,0.902457520365715,0.0011666029691695945,0.16632988750934596,nan,0.0,nan,0.0,0
2,280,632,0.035852272727272726,2560,1.9838091850280761,0.25078125,0.905882278084755,0.8474220514297486,0.208203125,0.25987660586833955,0.9180758327245713,0.03137257695198059,0.06588849630206824,0.7436270236968994,0.902457520365715,-0.003424757719039939,0.16632988750934596,nan,0.0,nan,0.0,0
2,300,652,0.03698863636363636,2560,1.9733153343200684,0.255078125,0.9056808769702911,0.8471178889274598,0.2125,0.26372851952910425,0.9162291377782822,0.03137257695198059,0.05787940677255392,0.7258275866508483,0.902457520365715,-0.0032233566045760664,0.16632988750934596,nan,0.0,nan,0.0,0
2,320,672,0.038125,2560,1.9526587307453156,0.2484375,0.9012763112783432,0.8435680598020554,0.2328125,0.27784342914819715,0.9198664605617524,0.03137257695198059,0.05949983298778534,0.7300985813140869,0.9036238461732864,0.002347534894943215,0.16632988750934596,nan,0.0,nan,0.0,0
2,340,692,0.03926136363636363,2560,1.9585373401641846,0.254296875,0.9023911267518997,0.8437554895877838,0.21640625,0.2707235708832741,0.918477013707161,0.03137257695198059,0.058913692086935046,0.7278883814811706,0.902457520365715,6.639361381532982e-05,0.16632988750934596,nan,0.0,nan,0.0,0
2,352,704,0.039943181818181815,1480,1.957828994055052,0.2527027027832495,0.9075751243410883,0.8515352477898469,0.2283783790227529,0.2805702726583223,0.9189187156187522,0.03137257695198059,0.06392753200756537,0.7369122946584546,0.9023911267518997,-0.005183997589188638,0.16632988750934596,nan,0.0,nan,0.0,0
3,20,724,0.04107954545454545,2560,1.9810927391052247,0.262890625,0.8997077822685242,0.8427262783050538,0.223046875,0.2663183629512787,0.9163365870714187,0.03137257695198059,0.06224516499787569,0.7389227092266083,0.9056808769702911,0.005973094701766879,0.16632988750934596,nan,0.0,nan,0.0,0
3,40,744,0.04221590909090909,2560,1.9596710205078125,0.24296875,0.9020167887210846,0.848292562365532,0.22109375,0.28637801855802536,0.9158156245946885,0.03137257695198059,0.061462710984051226,0.7378975540399552,0.9023911267518997,0.0003743380308151023,0.16632988750934596,nan,0.0,nan,0.0,0
3,60,764,0.043352272727272725,2560,1.9432888507843018,0.26484375,0.9035990297794342,0.8454802393913269,0.2078125,0.26903014034032824,0.9223202019929886,0.03137257695198059,0.06269472371786833,0.7386823713779449,0.9020167887210846,-0.0015822410583495872,0.16632988750934596,nan,0.0,nan,0.0,0
3,80,784,0.04448863636363636,2560,1.9396354675292968,0.26015625,0.9019258111715317,0.8472098171710968,0.227734375,0.28229850307106974,0.9142037928104401,0.03137257695198059,0.06287830788642168,0.7407685369253159,0.9023911267518997,0.0004653155803679976,0.16632988750934596,nan,0.0,nan,0.0,0
3,100,804,0.04562499999999999,2560,1.9298532009124756,0.2625,0.9036715745925903,0.8490248620510101,0.234375,0.28417743742465973,0.9175150722265244,0.03137257695198059,0.058401450887322424,0.7297458291053772,0.9020167887210846,-0.001654785871505693,0.16632988750934596,nan,0.0,nan,0.0,0
3,120,824,0.046761363636363636,2560,1.9329622983932495,0.2578125,0.8996608436107636,0.8467937678098678,0.22890625,0.2822792336344719,0.92281953394413,0.03137257695198059,0.05665781572461128,0.7272448718547821,0.9020167887210846,0.0023559451103210005,0.16632988750934596,nan,0.0,nan,0.0,0
3,140,844,0.04789772727272727,2560,1.9762112379074097,0.256640625,0.8999420642852783,0.8463515192270279,0.20546875,0.30077945441007614,0.9157219171524048,0.03137257695198059,0.0558328015729785,0.7263331204652786,0.9020167887210846,0.002074724435806252,0.16632988750934596,nan,0.0,nan,0.0,0
3,160,864,0.04903409090909091,2560,1.952972149848938,0.253515625,0.8932537525892258,0.8476317316293717,0.2203125,0.2842524215579033,0.9184476435184479,0.03137257695198059,0.05657869167625904,0.7306610018014907,0.9019258111715317,0.008672058582305908,0.16632988750934596,nan,0.0,nan,0.0,0
3,180,884,0.050170454545454546,2560,1.9040465354919434,0.284765625,0.8979527086019516,0.8478086084127426,0.240234375,0.29314940273761747,0.9179716974496841,0.03137257695198059,0.0598194157704711,0.7338337421417236,0.8999420642852783,0.001989355683326699,0.16632988750934596,nan,0.0,nan,0.0,0
3,200,904,0.05130681818181818,2560,1.911732840538025,0.285546875,0.902326887845993,0.8467614710330963,0.216015625,0.29173346757888796,0.9140569239854812,0.03137257695198059,0.05628104936331511,0.7278868377208709,0.8996608436107636,-0.0026660442352294256,0.16632988750934596,nan,0.0,nan,0.0,0
3,220,924,0.05244318181818181,2560,1.925685214996338,0.266015625,0.8982995897531509,0.8412304073572159,0.2328125,0.2957788959145546,0.916620397567749,0.03137257695198059,0.060167042165994646,0.7372000128030777,0.8996608436107636,0.0013612538576126543,0.16632988750934596,nan,0.0,nan,0.0,0
3,240,944,0.05357954545454545,2560,1.8933298110961914,0.265625,0.8932660490274429,0.844427639245987,0.240234375,0.2911240264773369,0.9121101558208465,0.03137257695198059,0.05455091614276171,0.7262336641550065,0.8982995897531509,0.005033540725708052,0.16632988750934596,nan,0.0,nan,0.0,0
3,260,964,0.054715909090909086,2560,1.9053350687026978,0.2734375,0.8957812428474426,0.842958727478981,0.24140625,0.3128395348787308,0.9140520989894867,0.03137257695198059,0.056188369356095794,0.7289920091629029,0.8979527086019516,0.0021714657545089944,0.16632988750934596,nan,0.0,nan,0.0,0
3,280,984,0.05585227272727273,2560,1.9068466424942017,0.275,0.8933037996292115,0.8406467616558075,0.248046875,0.3060966834425926,0.916228124499321,0.03137257695198059,0.05402039270848036,0.723429799079895,0.8979527086019516,0.004648908972740173,0.16632988750934596,nan,0.0,nan,0.0,0
3,300,1004,0.056988636363636366,2560,1.8690528869628906,0.30078125,0.9004779756069183,0.845408022403717,0.2203125,0.2898527689278126,0.9144204676151275,0.03137257695198059,0.054971687868237494,0.727625823020935,0.8957812428474426,-0.004696732759475686,0.16632988750934596,nan,0.0,nan,0.0,0
3,320,1024,0.058124999999999996,2560,1.8876153588294984,0.2828125,0.8967407435178757,0.8493783593177795,0.234375,0.31204839050769806,0.9186156094074249,0.03137257695198059,0.053918729163706304,0.7233373761177063,0.8957812428474426,-0.0009595006704330444,0.16632988750934596,nan,0.0,nan,0.0,0
3,340,1044,0.05926136363636363,2560,1.8682143211364746,0.2984375,0.8922040373086929,0.840649688243866,0.22578125,0.31281802207231524,0.9155741602182388,0.03137257695198059,0.052574220672249795,0.723107323050499,0.8957812428474426,0.0035772055387497392,0.16632988750934596,nan,0.0,nan,0.0,0
3,352,1056,0.05994318181818181,1480,1.8559568675788674,0.29527027027027025,0.8917787909507752,0.8395239681810946,0.2256756763200502,0.32802735840952074,0.9226289936014124,0.03137257695198059,0.053801715112215764,0.7266826851947887,0.8957812428474426,0.0040024518966674805,0.16632988750934596,nan,0.0,nan,0.0,0
4,20,1076,0.061079545454545456,2560,1.8496957540512085,0.285546875,0.8986756324768066,0.8432403773069381,0.23359375,0.31970194429159166,0.9155442774295807,0.03137257695198059,0.050886891037225726,0.7201135367155075,0.8933037996292115,-0.005371832847595126,0.16632988750934596,nan,0.0,nan,0.0,0
4,40,1096,0.06221590909090909,2560,1.883096307516098,0.28046875,0.8904155105352402,0.8405318111181259,0.228515625,0.3137679100036621,0.9214002162218093,0.03137257695198059,0.05325933266431093,0.7252769559621811,0.8967407435178757,0.0063252329826355425,0.16632988750934596,nan,0.0,nan,0.0,0
4,60,1116,0.06335227272727273,2560,1.8428498268127442,0.294140625,0.8883319914340972,0.8369390070438385,0.2375,0.3240239009261131,0.9146975368261338,0.03137257695198059,0.054663927853107454,0.7266375392675399,0.8922040373086929,0.0038720458745956643,0.16632988750934596,nan,0.0,nan,0.0,0
4,80,1136,0.06448863636363636,2560,1.8300644278526306,0.30546875,0.8947785645723343,0.8401043206453324,0.233203125,0.3258399352431297,0.9167558133602143,0.03137257695198059,0.05010575521737337,0.7182936996221543,0.8917787909507752,-0.002999773621559121,0.16632988750934596,nan,0.0,nan,0.0,0
4,100,1156,0.065625,2560,1.8581122636795044,0.291015625,0.8949589490890503,0.8445067256689072,0.228515625,0.30259800553321836,0.9132815301418304,0.03137257695198059,0.05407658014446497,0.7262692272663116,0.8917787909507752,-0.003180158138275102,0.16632988750934596,nan,0.0,nan,0.0,0
4,120,1176,0.06676136363636363,2560,1.8630370855331422,0.28515625,0.885929536819458,0.8376215875148774,0.240625,0.33312432318925855,0.9150904536247253,0.03137257695198059,0.050151491165161134,0.7187508881092072,0.8947785645723343,0.008849027752876326,0.16632988750934596,nan,0.0,nan,0.0,0
4,140,1196,0.06789772727272726,2560,1.850804042816162,0.29140625,0.8882578551769257,0.8366031855344772,0.246484375,0.2944928541779518,0.9178199946880341,0.03137257695198059,0.050971001759171485,0.7207326889038086,0.8904155105352402,0.0021576553583144698,0.16632988750934596,nan,0.0,nan,0.0,0
4,160,1216,0.0690340909090909,2560,1.8329040169715882,0.30703125,0.894250625371933,0.8425619930028916,0.24765625,0.3299519672989845,0.9118263453245163,0.03137257695198059,0.05300719086080789,0.7276829600334167,0.8883319914340972,-0.00591863393783576,0.16632988750934596,nan,0.0,nan,0.0,0
4,180,1236,0.07017045454545454,2560,1.8295673370361327,0.291796875,0.8815179526805877,0.8381405085325241,0.234765625,0.3272241145372391,0.9180069118738174,0.03137257695198059,0.05388922933489084,0.7292857766151428,0.894250625371933,0.01273267269134526,0.16632988750934596,nan,0.0,nan,0.0,0
4,200,1256,0.07130681818181818,2560,1.7917702496051788,0.3296875,0.885063859820366,0.837666979432106,0.234765625,0.34335939288139344,0.9116698116064071,0.03137257695198059,0.051654176972806456,0.7239939928054809,0.8882578551769257,0.003193995356559731,0.16632988750934596,nan,0.0,nan,0.0,0
4,220,1276,0.07244318181818182,2560,1.8516052961349487,0.294921875,0.8843528181314468,0.8395920008420944,0.25078125,0.32971583008766175,0.9164291590452194,0.03137257695198059,0.05794190131127834,0.7367771893739701,0.885929536819458,0.001576718688011125,0.16632988750934596,nan,0.0,nan,0.0,0
4,240,1296,0.07357954545454545,2560,1.811869841814041,0.31484375,0.8854914307594299,0.8401266962289811,0.258203125,0.3315716192126274,0.9160952389240264,0.03137257695198059,0.054257063381373885,0.7281574994325638,0.885063859820366,-0.00042757093906398147,0.16632988750934596,nan,0.0,nan,0.0,0
4,260,1316,0.07471590909090908,2560,1.8473874092102052,0.3078125,0.875356450676918,0.8368029475212098,0.261328125,0.33885044157505034,0.918963897228241,0.03137257695198059,0.05347189996391535,0.7278626203536988,0.885063859820366,0.00970740914344792,0.16632988750934596,nan,0.0,nan,0.0,0
4,280,1336,0.07585227272727273,2560,1.8329372167587281,0.294140625,0.8842865347862243,0.8399128198623658,0.25625,0.3394427761435509,0.9188939571380615,0.03137257695198059,0.05202993340790272,0.7259200930595398,0.8843528181314468,6.628334522251755e-05,0.16632988750934596,nan,0.0,nan,0.0,0
4,300,1356,0.07698863636363637,2560,1.8237191319465638,0.31484375,0.8779528021812439,0.8350250422954559,0.2453125,0.3460472285747528,0.91688551902771,0.03137257695198059,0.05471920948475599,0.7326887816190719,0.8843528181314468,0.0064000159502028975,0.16632988750934596,nan,0.0,nan,0.0,0
4,320,1376,0.078125,2560,1.8128421604633331,0.2984375,0.8767717570066452,0.8353833734989167,0.25703125,0.33305772095918657,0.9187428981065751,0.03137257695198059,0.05390843227505684,0.7300670087337494,0.8842865347862243,0.007514777779579096,0.16632988750934596,nan,0.0,nan,0.0,0
4,340,1396,0.07926136363636364,2560,1.8347038269042968,0.309765625,0.8819983035326004,0.8368643581867218,0.237890625,0.3438511922955513,0.917397078871727,0.03137257695198059,0.05114506352692842,0.724322184920311,0.8779528021812439,-0.004045501351356506,0.16632988750934596,nan,0.0,nan,0.0,0
4,352,1408,0.07994318181818182,1480,1.7970156676060445,0.28378378378378377,0.8802529573440552,0.8396198620667329,0.2885135130302326,0.34435839910764954,0.9206393644616411,0.03137257695198059,0.05304220939004743,0.7268722547067178,0.8779528021812439,-0.002300155162811235,0.16632988750934596,nan,0.0,nan,0.0,0
5,20,1428,0.08107954545454545,2560,1.8112921833992004,0.309375,0.8739971876144409,0.8357583582401276,0.252734375,0.3254152789711952,0.9133932918310166,0.03137257695198059,0.050780851021409036,0.7231065213680268,0.8802529573440552,0.00625576972961428,0.16632988750934596,nan,0.0,nan,0.0,0
5,40,1448,0.08221590909090909,2560,1.8048039197921752,0.31171875,0.873077717423439,0.8337576717138291,0.248828125,0.33498111814260484,0.9149687707424163,0.03137257695198059,0.05362819992005825,0.7288710474967957,0.8779528021812439,0.004875084757804959,0.16632988750934596,nan,0.0,nan,0.0,0
5,60,1468,0.08335227272727272,2560,1.7846403479576112,0.321484375,0.8731400728225708,0.8345029443502426,0.25234375,0.3614479035139084,0.9148386806249619,0.03137257695198059,0.051431942358613016,0.724615079164505,0.8767717570066452,0.0036316841840744463,0.16632988750934596,nan,0.0,nan,0.0,0
5,80,1488,0.08448863636363636,2560,1.7853211045265198,0.3203125,0.8759412407875061,0.8342448145151138,0.272265625,0.349948750436306,0.9151149928569794,0.03137257695198059,0.05466903503984213,0.7338825821876526,0.8739971876144409,-0.00194405317306523,0.16632988750934596,nan,0.0,nan,0.0,0
5,100,1508,0.08562499999999999,2560,1.7817216038703918,0.305859375,0.872048732638359,0.8309837520122528,0.2453125,0.357463701069355,0.9161103725433349,0.03137257695198059,0.05540298130363226,0.732638669013977,0.8739971876144409,0.0019484549760818703,0.16632988750934596,nan,0.0,nan,0.0,0
5,120,1528,0.08676136363636362,2560,1.7883740544319153,0.32265625,0.870937192440033,0.8325175136327744,0.2609375,0.35682243257761004,0.9103267848491668,0.03137257695198059,0.05321491062641144,0.7295173585414887,0.8731400728225708,0.0022028803825377974,0.16632988750934596,nan,0.0,nan,0.0,0
5,140,1548,0.08789772727272727,2560,1.8049013257026671,0.31953125,0.8761118501424789,0.8340029686689376,0.25703125,0.35378082990646365,0.9170173913240433,0.03137257695198059,0.053620265983045104,0.7301956593990326,0.873077717423439,-0.0030341327190399614,0.16632988750934596,nan,0.0,nan,0.0,0
5,160,1568,0.0890340909090909,2560,1.7364316582679749,0.3421875,0.8650679379701615,0.8253554254770279,0.2703125,0.3619369089603424,0.9134185880422592,0.03137257695198059,0.05340418759733438,0.7289547026157379,0.8731400728225708,0.008072134852409318,0.16632988750934596,nan,0.0,nan,0.0,0
5,180,1588,0.09017045454545455,2560,1.7619446516036987,0.32578125,0.8741299599409104,0.8335725367069244,0.27265625,0.3602358356118202,0.9153661340475082,0.03137257695198059,0.05786527656018734,0.7381312221288681,0.872048732638359,-0.002081227302551336,0.16632988750934596,nan,0.0,nan,0.0,0
5,200,1608,0.09130681818181818,2560,1.7561566710472107,0.34140625,0.8715632021427154,0.8242177546024323,0.2578125,0.3574706181883812,0.9079676508903504,0.03137257695198059,0.05087366364896297,0.724848422408104,0.872048732638359,0.0004855304956435935,0.16632988750934596,nan,0.0,nan,0.0,0
5,220,1628,0.09244318181818183,2560,1.768142783641815,0.333984375,0.8672678172588348,0.8333950221538544,0.265625,0.36421591937541964,0.9156439661979675,0.03137257695198059,0.054212357848882675,0.7313720792531967,0.8715632021427154,0.004295384883880593,0.16632988750934596,nan,0.0,nan,0.0,0
5,240,1648,0.09357954545454546,2560,1.760070812702179,0.337890625,0.8704756200313568,0.8308198571205139,0.280859375,0.38193841725587846,0.9181971430778504,0.03137257695198059,0.0527911638841033,0.7285673290491104,0.8715632021427154,0.0010875821113586204,0.16632988750934596,nan,0.0,nan,0.0,0
5,260,1668,0.09471590909090909,2560,1.7736554622650147,0.319921875,0.872999507188797,0.8372390955686569,0.244921875,0.35037153363227846,0.9124237269163131,0.03137257695198059,0.05525447558611631,0.7360439032316208,0.8704756200313568,-0.00252388715744023,0.16632988750934596,nan,0.0,nan,0.0,0
5,280,1688,0.09585227272727273,2560,1.7896256804466248,0.315625,0.8717950612306595,0.831278121471405,0.26640625,0.35324321687221527,0.9151247859001159,0.03137257695198059,0.05269619878381491,0.7285433024168014,0.8715632021427154,-0.00023185908794409738,0.16632988750934596,nan,0.0,nan,0.0,0
5,300,1708,0.09698863636363636,2560,1.7748557090759278,0.3203125,0.8697669744491577,0.8320283383131027,0.26015625,0.34671233147382735,0.9140639215707779,0.03137257695198059,0.05142575316131115,0.7273215293884278,0.8715632021427154,0.0017962276935576948,0.16632988750934596,nan,0.0,nan,0.0,0
5,320,1728,0.098125,2560,1.7398129463195802,0.335546875,0.8575455367565155,0.8247797787189484,0.27734375,0.36424449384212493,0.9177854090929032,0.03137257695198059,0.05207117460668087,0.7286548912525177,0.8704756200313568,0.012930083274841353,0.16632988750934596,nan,0.0,nan,0.0,0
5,340,1748,0.09926136363636363,2560,1.7282788395881652,0.34609375,0.8637065023183823,0.8289920955896377,0.25078125,0.3626795008778572,0.9146208673715591,0.03137257695198059,0.05152262765914202,0.7291403770446777,0.8704756200313568,0.006769117712974504,0.16632988750934596,nan,0.0,nan,0.0,0
5,352,1760,0.0999431818181818,1480,1.7405988957430865,0.30608108188654926,0.8681972655090126,0.829651004559285,0.28513513465185425,0.3617746356371287,0.914926253460549,0.03137257695198059,0.053357869869953875,0.7309663334408322,0.8697669744491577,0.001569708940145187,0.16632988750934596,nan,0.0,nan,0.0,0
6,20,1780,0.10107954545454545,2560,1.7393966674804688,0.333203125,0.8676269501447678,0.8277225703001022,0.27421875,0.37068880498409273,0.9122825771570205,0.03137257695198059,0.0514691773802042,0.7255309104919434,0.8681972655090126,0.0005703153642447889,0.16632988750934596,nan,0.0,nan,0.0,0
6,40,1800,0.10221590909090908,2560,1.762200689315796,0.332421875,0.8612519025802612,0.8256242334842682,0.2703125,0.3631393685936928,0.9148140132427216,0.03137257695198059,0.05102472808212042,0.7254828035831451,0.8676269501447678,0.006375047564506575,0.16632988750934596,nan,0.0,nan,0.0,0
6,60,1820,0.10335227272727272,2560,1.7138936042785644,0.340625,0.8687625169754029,0.8319408595561981,0.266015625,0.3809574916958809,0.9147466242313385,0.03137257695198059,0.051559850201010705,0.7265759378671646,0.8637065023183823,-0.005056014657020547,0.16632988750934596,nan,0.0,nan,0.0,0
6,80,1840,0.10448863636363635,2560,1.7401256442070008,0.33671875,0.8617369174957276,0.8220242917537689,0.264453125,0.3822390899062157,0.9160607874393463,0.03137257695198059,0.05008280873298645,0.7243549346923828,0.8676269501447678,0.0058900326490402,0.16632988750934596,nan,0.0,nan,0.0,0
6,100,1860,0.10562500000000001,2560,1.6925992965698242,0.35078125,0.8582630306482315,0.8206712245941162,0.267578125,0.35644251108169556,0.9116022944450378,0.03137257695198059,0.054468008875846866,0.7334531396627426,0.8676269501447678,0.009363919496536255,0.16632988750934596,nan,0.0,nan,0.0,0
6,120,1880,0.10676136363636364,2560,1.7009415984153748,0.34765625,0.8588669002056122,0.8267245143651962,0.2703125,0.3859430357813835,0.9180848568677902,0.03137257695198059,0.05302787218242884,0.7296783834695816,0.8617369174957276,0.0028700172901153786,0.16632988750934596,nan,0.0,nan,0.0,0
6,140,1900,0.10789772727272727,2560,1.711132323741913,0.348046875,0.8613748580217362,0.8232695460319519,0.283984375,0.37976657450199125,0.912152761220932,0.03137257695198059,0.05326559096574783,0.7304056376218796,0.8612519025802612,-0.00012295544147500337,0.16632988750934596,nan,0.0,nan,0.0,0
6,160,1920,0.10903409090909091,2560,1.740545964241028,0.334375,0.8641916394233704,0.8273850917816162,0.287890625,0.37779113054275515,0.913986349105835,0.03137257695198059,0.05363605711609125,0.7327754676342011,0.8613748580217362,-0.0028167814016342163,0.16632988750934596,nan,0.0,nan,0.0,0
6,180,1940,0.11017045454545454,2560,1.7439362764358521,0.339453125,0.8655315726995468,0.8258542507886887,0.26640625,0.37058728039264677,0.9151592493057251,0.03137257695198059,0.051160671003162864,0.7254563421010971,0.8613748580217362,-0.004156714677810647,0.16632988750934596,nan,0.0,nan,0.0,0
6,200,1960,0.11130681818181819,2560,1.696449589729309,0.351953125,0.8642669349908829,0.8282525539398193,0.281640625,0.3775512740015984,0.9122084558010102,0.03137257695198059,0.052264701761305335,0.7293324828147888,0.8613748580217362,-0.0028920769691467285,0.16632988750934596,nan,0.0,nan,0.0,0
6,220,1980,0.11244318181818182,2560,1.7079797565937043,0.3421875,0.8477961868047714,0.8193906307220459,0.27578125,0.4023663029074669,0.9156303614377975,0.03137257695198059,0.051430259644985196,0.7276518076658249,0.8641916394233704,0.016395452618598982,0.16632988750934596,nan,0.0,nan,0.0,0
6,240,2000,0.11357954545454545,2560,1.708018946647644,0.3609375,0.8627393066883087,0.8302986323833466,0.262890625,0.3739526212215424,0.9064041256904602,0.03137257695198059,0.052611054852604866,0.7312530875205994,0.8641916394233704,0.0014523327350617343,0.16632988750934596,nan,0.0,nan,0.0,0
6,260,2020,0.11471590909090909,2560,1.7316664159297943,0.330859375,0.8587457984685898,0.8244435817003251,0.2828125,0.3839652970433235,0.9133442103862762,0.03137257695198059,0.052782575227320196,0.7313864171504975,0.8641916394233704,0.005445840954780623,0.16632988750934596,nan,0.0,nan,0.0,0
6,280,2040,0.11585227272727272,2560,1.7139846861362458,0.357421875,0.8457899034023285,0.817597097158432,0.251953125,0.362816809117794,0.9116423487663269,0.03137257695198059,0.051331622153520585,0.7253635317087174,0.8627393066883087,0.016949403285980158,0.16632988750934596,nan,0.0,nan,0.0,0
6,300,2060,0.11698863636363635,2560,1.7199954330921172,0.34765625,0.8549083977937698,0.822197362780571,0.262890625,0.3735564321279526,0.9115465968847275,0.03137257695198059,0.05163203086704016,0.7293556779623032,0.8587457984685898,0.0038374006748199685,0.16632988750934596,nan,0.0,nan,0.0,0
6,320,2080,0.118125,2560,1.668595540523529,0.359375,0.847166046500206,0.8205414026975631,0.27265625,0.3724360764026642,0.9168124049901962,0.03137257695198059,0.050021199695765975,0.7265066683292389,0.8549083977937698,0.007742351293563821,0.16632988750934596,nan,0.0,nan,0.0,0
6,340,2100,0.11926136363636362,2560,1.6859375715255738,0.34453125,0.8479349285364151,0.8190152645111084,0.29453125,0.3867481008172035,0.9100678950548172,0.03137257695198059,0.04965204373002052,0.7262175172567368,0.8549083977937698,0.0069734692573547585,0.16632988750934596,nan,0.0,nan,0.0,0
6,352,2112,0.11994318181818181,1480,1.7316301068744144,0.3391891898335637,0.8475172935305415,0.8125343280869561,0.28783783751565056,0.38896471439181146,0.91507185407587,0.03137257695198059,0.048235395147993756,0.7183177123198639,0.8479349285364151,0.0004176350058735512,0.16632988750934596,nan,0.0,nan,0.0,0
7,20,2132,0.12107954545454545,2560,1.6898229539394378,0.357421875,0.8420335412025451,0.82239471077919,0.291796875,0.3895454525947571,0.9125716120004654,0.03137257695198059,0.049232361279428004,0.7233564853668213,0.8475172935305415,0.005483752327996361,0.16632988750934596,nan,0.0,nan,0.0,0
7,40,2152,0.1222159090909091,2560,1.6747089266777038,0.380859375,0.8552558988332748,0.8218241542577743,0.2484375,0.37816295176744463,0.9146705806255341,0.03137257695198059,0.04745351579040289,0.7183526277542114,0.8475172935305415,-0.007738605302733292,0.16632988750934596,nan,0.0,nan,0.0,0
7,60,2172,0.12335227272727273,2560,1.68960582613945,0.348046875,0.8531181007623673,0.8227030575275421,0.2875,0.39655615836381913,0.9153740167617798,0.03137257695198059,0.05289865154772997,0.7329659849405289,0.8475172935305415,-0.005600807231825766,0.16632988750934596,nan,0.0,nan,0.0,0
7,80,2192,0.12448863636363636,2560,1.6861250400543213,0.365625,0.8537514746189118,0.819684237241745,0.287890625,0.3923235684633255,0.9120976954698563,0.03137257695198059,0.04896934069693089,0.7232490926980972,0.8479349285364151,-0.00581654608249671,0.16632988750934596,nan,0.0,nan,0.0,0
7,100,2212,0.125625,2560,1.6874200880527497,0.3484375,0.8499615281820297,0.8176760524511337,0.284375,0.3870812267065048,0.9054400384426117,0.03137257695198059,0.047209815494716166,0.7215408891439438,0.8531181007623673,0.0031565725803375244,0.16632988750934596,nan,0.0,nan,0.0,0
7,120,2232,0.12676136363636364,2560,1.7078589797019958,0.343359375,0.8372364908456802,0.8139646083116532,0.275390625,0.38069799542427063,0.9142424464225769,0.03137257695198059,0.048424265906214715,0.722150233387947,0.8531181007623673,0.01588160991668708,0.16632988750934596,nan,0.0,nan,0.0,0
7,140,2252,0.12789772727272727,2560,1.6814262628555299,0.3375,0.8427481442689896,0.817943474650383,0.301171875,0.38287382274866105,0.912183403968811,0.03137257695198059,0.049621212854981424,0.7246771901845932,0.8531181007623673,0.010369956493377686,0.16632988750934596,nan,0.0,nan,0.0,0
7,160,2272,0.1290340909090909,2560,1.6651590406894683,0.366015625,0.8404640793800354,0.8162961512804031,0.259765625,0.4002748057246208,0.9085005700588227,0.03137257695198059,0.04781606774777174,0.7211825966835022,0.8499615281820297,0.009497448801994324,0.16632988750934596,nan,0.0,nan,0.0,0
7,180,2292,0.13017045454545453,2560,1.723906260728836,0.349609375,0.8416318625211716,0.8122945368289948,0.276171875,0.3995578527450562,0.9104030817747116,0.03137257695198059,0.04752994012087584,0.7215936779975891,0.8427481442689896,0.001116281747817971,0.16632988750934596,nan,0.0,nan,0.0,0
7,200,2312,0.13130681818181816,2560,1.682433044910431,0.358203125,0.844278085231781,0.8165217220783234,0.274609375,0.38140732049942017,0.9122078090906143,0.03137257695198059,0.044218670949339865,0.7113893419504166,0.8416318625211716,-0.002646222710609436,0.16632988750934596,nan,0.0,nan,0.0,0
7,220,2332,0.13244318181818182,2560,1.6352081060409547,0.366796875,0.8316726982593536,0.8134369105100632,0.281640625,0.39228333830833434,0.9132763057947159,0.03137257695198059,0.046523209847509864,0.7179276496171951,0.8416318625211716,0.009959164261817977,0.16632988750934596,nan,0.0,nan,0.0,0
7,240,2352,0.13357954545454545,2560,1.626531368494034,0.376953125,0.8309318244457244,0.811986431479454,0.28203125,0.39781666100025176,0.908431139588356,0.03137257695198059,0.04718778319656849,0.7196118175983429,0.8416318625211716,0.010700038075447171,0.16632988750934596,nan,0.0,nan,0.0,0
7,260,2372,0.13471590909090908,2560,1.6788116812705993,0.3578125,0.8383646219968796,0.8114441096782684,0.28828125,0.40757541358470917,0.9105359613895416,0.03137257695198059,0.04654504079371691,0.7191640585660934,0.8404640793800354,0.002099457383155867,0.16632988750934596,nan,0.0,nan,0.0,0
7,280,2392,0.1358522727272727,2560,1.6496115267276763,0.36875,0.8393563985824585,0.8208109736442566,0.2859375,0.3809414252638817,0.908342382311821,0.03137257695198059,0.04692122936248779,0.7192614614963532,0.8383646219968796,-0.0009917765855789185,0.16632988750934596,nan,0.0,nan,0.0,0
7,300,2412,0.13698863636363634,2560,1.6390788018703462,0.36875,0.8372775375843048,0.8139874964952469,0.28203125,0.3998157769441605,0.9140885889530181,0.03137257695198059,0.04831126295030117,0.7214433133602143,0.8383646219968796,0.001087084412574768,0.16632988750934596,nan,0.0,nan,0.0,0
7,320,2432,0.138125,2560,1.6399499237537385,0.36328125,0.8452352970838547,0.8192638605833054,0.286328125,0.402580463886261,0.9117097437381745,0.03137257695198059,0.04570198580622673,0.715459230542183,0.8372775375843048,-0.00795775949954991,0.16632988750934596,nan,0.0,nan,0.0,0
7,340,2452,0.13926136363636363,2560,1.667486596107483,0.35859375,0.8412008732557297,0.8168187588453293,0.268359375,0.397265750169754,0.9120061427354813,0.03137257695198059,0.04656330328434706,0.7189522624015808,0.8383646219968796,-0.00283625125885012,0.16632988750934596,nan,0.0,nan,0.0,0
7,352,2464,0.13994318181818183,1480,1.6532786511086128,0.3817567565956631,0.832191653831585,0.8197943300814242,0.2587837841865179,0.3825904746313353,0.9059986137055062,0.03137257695198059,0.042962454158712075,0.7098333136455433,0.8393563985824585,0.007164744750873475,0.16632988750934596,nan,0.0,nan,0.0,0
8,20,2484,0.14107954545454546,2560,1.6561032950878143,0.374609375,0.8367881357669831,0.8115996181964874,0.273828125,0.40691677778959273,0.9128823757171631,0.03137257695198059,0.044696380384266376,0.7138419866561889,0.8393563985824585,0.0025682628154753973,0.16632988750934596,nan,0.0,nan,0.0,0
8,40,2504,0.1422159090909091,2560,1.6480441331863402,0.3609375,0.8345394283533096,0.8140008449554443,0.29609375,0.3873204469680786,0.9156124323606492,0.03137257695198059,0.046952593699097635,0.7199003219604492,0.8372775375843048,0.002738109230995156,0.16632988750934596,nan,0.0,nan,0.0,0
8,60,2524,0.14335227272727272,2560,1.6171706378459931,0.38046875,0.8223862588405609,0.8060596644878387,0.2859375,0.41205348521471025,0.9069610804319381,0.03137257695198059,0.043178042769432066,0.7094754278659821,0.8367881357669831,0.014401876926422141,0.16632988750934596,nan,0.0,nan,0.0,0
8,80,2544,0.14448863636363635,2560,1.6800035953521728,0.366796875,0.8329171121120453,0.8124618738889694,0.2875,0.4128118917346001,0.9086398035287857,0.03137257695198059,0.04595561660826206,0.7161496669054032,0.8345394283533096,0.0016223162412642989,0.16632988750934596,nan,0.0,nan,0.0,0
8,100,2564,0.145625,2560,1.654635888338089,0.370703125,0.833565866947174,0.8153113305568696,0.2875,0.40129830241203307,0.9132995843887329,0.03137257695198059,0.04733809344470501,0.7203448355197907,0.8329171121120453,-0.0006487548351287176,0.16632988750934596,nan,0.0,nan,0.0,0
8,120,2584,0.14676136363636363,2560,1.6284180641174317,0.365234375,0.8377964109182358,0.818378347158432,0.291796875,0.3888394296169281,0.9056123346090317,0.03137257695198059,0.04420595876872539,0.7111193150281906,0.833565866947174,-0.0042305439710617065,0.16632988750934596,nan,0.0,nan,0.0,0
8,140,2604,0.14789772727272726,2560,1.6300447821617126,0.3765625,0.8335703670978546,0.8133321285247803,0.286328125,0.3953894406557083,0.9087644159793854,0.03137257695198059,0.040919076465070245,0.7057839274406433,0.833565866947174,-4.500150680541992e-06,0.16632988750934596,nan,0.0,nan,0.0,0
8,160,2624,0.1490340909090909,2560,1.6310542821884155,0.357421875,0.8196220725774765,0.8027595669031143,0.293359375,0.39877634644508364,0.9103131800889969,0.03137257695198059,0.04358394257724285,0.7117047607898712,0.833565866947174,0.013943794369697504,0.16632988750934596,nan,0.0,nan,0.0,0
8,180,2644,0.15017045454545455,2560,1.6534254729747773,0.364453125,0.8289831757545472,0.8085538446903229,0.292578125,0.40351352095603943,0.9127703487873078,0.03137257695198059,0.044889985024929045,0.713260394334793,0.833565866947174,0.0045826911926268865,0.16632988750934596,nan,0.0,nan,0.0,0
8,200,2664,0.15130681818181818,2560,1.6444766700267792,0.366015625,0.840947151184082,0.8154403865337372,0.308203125,0.4030683428049088,0.9124550074338913,0.03137257695198059,0.04949047267436981,0.7231012940406799,0.833565866947174,-0.007381284236907981,0.16632988750934596,nan,0.0,nan,0.0,0
8,220,2684,0.1524431818181818,2560,1.6598874926567078,0.375390625,0.8295818835496902,0.8085577875375748,0.27109375,0.3932573810219765,0.9056158900260926,0.03137257695198059,0.04337076935917139,0.7128646671772003,0.8335703670978546,0.00398848354816439,0.16632988750934596,nan,0.0,nan,0.0,0
8,240,2704,0.15357954545454547,2560,1.618230140209198,0.37578125,0.8241108000278473,0.8120603084564209,0.278125,0.3900302961468697,0.9062993586063385,0.03137257695198059,0.04288510847836733,0.7096760839223861,0.8295818835496902,0.00547108352184289,0.16632988750934596,nan,0.0,nan,0.0,0
8,260,2724,0.1547159090909091,2560,1.6774252951145172,0.37109375,0.8322809547185898,0.807711946964264,0.28359375,0.40964119881391525,0.9081053614616394,0.03137257695198059,0.039410490356385705,0.700479707121849,0.8289831757545472,-0.003297778964042597,0.16632988750934596,nan,0.0,nan,0.0,0
8,280,2744,0.15585227272727273,2560,1.6284794628620147,0.383984375,0.8378563076257706,0.8139702022075653,0.265625,0.38277414441108704,0.9057207942008972,0.03137257695198059,0.04816203247755766,0.7211033642292023,0.8295818835496902,-0.008274424076080367,0.16632988750934596,nan,0.0,nan,0.0,0
8,300,2764,0.15698863636363636,2560,1.6522405683994292,0.368359375,0.8331412076950073,0.8129917234182358,0.284375,0.40320139229297636,0.9109779477119446,0.03137257695198059,0.043432265520095825,0.7105852484703064,0.8322809547185898,-0.0008602529764175637,0.16632988750934596,nan,0.0,nan,0.0,0
8,320,2784,0.158125,2560,1.6022585809230805,0.387109375,0.8177665114402771,0.8070789515972138,0.28203125,0.4023536205291748,0.9072132349014282,0.03137257695198059,0.044691549986600874,0.7137817084789276,0.8322809547185898,0.014514443278312639,0.16632988750934596,nan,0.0,nan,0.0,0
8,340,2804,0.15926136363636365,2560,1.6425253808498383,0.3796875,0.8158306002616882,0.8040446192026138,0.320703125,0.41260583847761156,0.9064944207668304,0.03137257695198059,0.04135335423052311,0.7074494898319245,0.8322809547185898,0.016450354456901572,0.16632988750934596,nan,0.0,nan,0.0,0
8,352,2816,0.15994318181818182,1480,1.6473096460909458,0.3716216216216216,0.8356472988386412,0.8171815827086165,0.2851351349740415,0.4205850029313887,0.9152339609893593,0.031372576770750255,0.048359796545795496,0.7239242969332514,0.8322809547185898,-0.0033663441200514344,0.16632988750934596,nan,0.0,nan,0.0,0
9,20,2836,0.16107954545454548,2560,1.6146219313144683,0.38671875,0.8235371947288513,0.809336495399475,0.280859375,0.4205326035618782,0.9096669673919677,0.03137257695198059,0.04529153872281313,0.7157444417476654,0.8331412076950073,0.009604012966155984,0.16632988750934596,nan,0.0,nan,0.0,0
9,40,2856,0.1622159090909091,2560,1.679686027765274,0.365234375,0.825387704372406,0.8084602534770966,0.273828125,0.3975900366902351,0.908144399523735,0.03137257695198059,0.04724287670105696,0.7164718121290207,0.8235371947288513,-0.0018505096435547097,0.16632988750934596,nan,0.0,nan,0.0,0
9,60,2876,0.16335227272727273,2560,1.6055198907852173,0.394921875,0.8195400089025497,0.8044737756252289,0.266015625,0.39155893623828886,0.9063634485006332,0.03137257695198059,0.04297174271196127,0.7088021159172058,0.8235371947288513,0.003997185826301597,0.16632988750934596,nan,0.0,nan,0.0,0
9,80,2896,0.16448863636363636,2560,1.6208853900432587,0.367578125,0.8191781669855118,0.8029018551111221,0.296484375,0.3939416497945786,0.913351970911026,0.03137257695198059,0.039904202334582806,0.7022868901491165,0.8235371947288513,0.004359027743339516,0.16632988750934596,nan,0.0,nan,0.0,0
9,100,2916,0.165625,2560,1.6146643817424775,0.37734375,0.8190198570489884,0.8062985926866532,0.28671875,0.4073958843946457,0.9101893186569214,0.03137257695198059,0.04146106150001287,0.7085124880075455,0.8235371947288513,0.004517337679862954,0.16632988750934596,nan,0.0,nan,0.0,0
9,120,2936,0.16676136363636365,2560,1.6431584119796754,0.365625,0.8226309061050415,0.8078637659549713,0.301171875,0.39854044914245607,0.9088433802127838,0.03137257695198059,0.041479432955384254,0.7058533191680908,0.8195400089025497,-0.0030908972024917825,0.16632988750934596,nan,0.0,nan,0.0,0
9,140,2956,0.16789772727272728,2560,1.6201138019561767,0.379296875,0.8223109930753708,0.8150393307209015,0.298828125,0.39643602520227433,0.9132742762565613,0.03137257695198059,0.04180576503276825,0.7074150949716568,0.8195400089025497,-0.002770984172821067,0.16632988750934596,nan,0.0,nan,0.0,0
9,160,2976,0.1690340909090909,2560,1.6446441113948822,0.371484375,0.814311146736145,0.8058176845312118,0.2984375,0.42449390292167666,0.9048641413450241,0.03137257695198059,0.040096063166856766,0.7045070230960846,0.8195400089025497,0.005228862166404724,0.16632988750934596,nan,0.0,nan,0.0,0
9,180,2996,0.17017045454545454,2560,1.6503291726112366,0.341796875,0.8176876842975617,0.80667764544487,0.302734375,0.3923479154706001,0.9079211115837097,0.03137257695198059,0.042227222211658956,0.7056895226240159,0.8191781669855118,0.0014904826879501565,0.16632988750934596,nan,0.0,nan,0.0,0
9,200,3016,0.17130681818181817,2560,1.635640424489975,0.384765625,0.8149965822696685,0.8080721706151962,0.29375,0.41366117596626284,0.9058497279882431,0.03137257695198059,0.045176548138260844,0.7153044372797013,0.8190198570489884,0.004023274779319852,0.16632988750934596,nan,0.0,nan,0.0,0
9,220,3036,0.17244318181818183,2560,1.6330085813999176,0.38046875,0.8186825811862946,0.8064968287944794,0.284375,0.40317303985357283,0.90610391497612,0.03137257695198059,0.04679960925132036,0.7195310741662979,0.8176876842975617,-0.000994896888732888,0.16632988750934596,nan,0.0,nan,0.0,0
9,240,3056,0.17357954545454546,2560,1.6247527778148652,0.384375,0.8127228140830993,0.8025449305772782,0.29921875,0.40614755153656007,0.903987780213356,0.03137257695198059,0.041800414212048054,0.7069733768701554,0.8176876842975617,0.004964870214462347,0.16632988750934596,nan,0.0,nan,0.0,0
9,260,3076,0.1747159090909091,2560,1.606785809993744,0.389453125,0.8117157220840454,0.8071623742580414,0.2859375,0.41960816979408266,0.904289647936821,0.03137257695198059,0.04517542682588101,0.7171294093132019,0.8149965822696685,0.0032808601856231245,0.16632988750934596,nan,0.0,nan,0.0,0
9,280,3096,0.17585227272727272,2560,1.6545161068439485,0.359765625,0.8140907436609268,0.8020656794309616,0.28046875,0.4111635208129883,0.9115931361913681,0.03137257695198059,0.04200787898153067,0.7082087457180023,0.8149965822696685,0.0009058386087417158,0.16632988750934596,nan,0.0,nan,0.0,0
9,300,3116,0.17698863636363635,2560,1.6129963755607606,0.38046875,0.8266231894493103,0.8061950832605362,0.294140625,0.38760976046323775,0.905728679895401,0.03137257695198059,0.04470052160322666,0.7124887079000473,0.8140907436609268,-0.012532445788383528,0.16632988750934596,nan,0.0,nan,0.0,0
9,320,3136,0.178125,2560,1.6095830082893372,0.380859375,0.8128632217645645,0.8015331447124481,0.2921875,0.43214888125658035,0.9088404566049576,0.03137257695198059,0.03994523566216231,0.702921986579895,0.8140907436609268,0.001227521896362327,0.16632988750934596,nan,0.0,nan,0.0,0
9,340,3156,0.17926136363636364,2560,1.5988783597946168,0.392578125,0.7984546452760697,0.7983913660049439,0.29375,0.4196926116943359,0.9020514398813247,0.03137257695198059,0.03699885848909616,0.6943879783153534,0.8128632217645645,0.014408576488494806,0.16632988750934596,nan,0.0,nan,0.0,0
9,352,3168,0.17994318181818184,1480,1.5922585667790594,0.38986486438158396,0.8053154822942373,0.8062882922791146,0.27364864880974227,0.4150582310315725,0.9049138417115082,0.03137257695198059,0.04166048378557772,0.7048555441804835,0.8128632217645645,0.007547739470327164,0.16632988750934596,nan,0.0,nan,0.0,0
10,20,3188,0.18107954545454547,2560,1.58271581530571,0.415625,0.8135122805833817,0.8082182765007019,0.2890625,0.4175684183835983,0.9069022029638291,0.03137257695198059,0.04419963825494051,0.713828957080841,0.8128632217645645,-0.0006490588188171609,0.16632988750934596,nan,0.0,nan,0.0,0
10,40,3208,0.1822159090909091,2560,1.6284140348434448,0.374609375,0.8130262613296508,0.8060347408056259,0.3015625,0.4273578763008118,0.9022639155387878,0.03137257695198059,0.0439382852986455,0.7116732805967331,0.8128632217645645,-0.00016303956508634254,0.16632988750934596,nan,0.0,nan,0.0,0
10,60,3228,0.18335227272727272,2560,1.5860900223255157,0.390625,0.8131080687046051,0.7991707026958466,0.2921875,0.39495514780282975,0.9035535365343094,0.03137257695198059,0.04264269582927227,0.7064781457185745,0.8128632217645645,-0.0002448469400405662,0.16632988750934596,nan,0.0,nan,0.0,0
10,80,3248,0.18448863636363635,2560,1.637921017408371,0.377734375,0.7973660379648209,0.7942753046751022,0.299609375,0.43685189783573153,0.9083736658096313,0.03137257695198059,0.0391964178532362,0.7002322316169739,0.8130262613296508,0.015660223364829973,0.16632988750934596,nan,0.0,nan,0.0,0
10,100,3268,0.185625,2560,1.6127974450588227,0.390234375,0.805327969789505,0.8065881282091141,0.288671875,0.4115685820579529,0.9031702816486359,0.03137257695198059,0.043211249820888045,0.7125427067279816,0.8130262613296508,0.007698291540145785,0.16632988750934596,nan,0.0,nan,0.0,0
10,120,3288,0.18676136363636364,2560,1.6456034004688262,0.37578125,0.8128037989139557,0.8015278100967407,0.25859375,0.39754941016435624,0.9089267939329148,0.03137257695198059,0.04219232983887196,0.7088391155004501,0.8130262613296508,0.00022246241569512382,0.16632988750934596,nan,0.0,nan,0.0,0
10,140,3308,0.18789772727272727,2560,1.6050114810466767,0.38671875,0.807782518863678,0.8024095088243485,0.28828125,0.39258306920528413,0.9023674190044403,0.03137257695198059,0.04221185203641653,0.7058296740055084,0.8128037989139557,0.005021280050277688,0.16632988750934596,nan,0.0,nan,0.0,0
10,160,3328,0.1890340909090909,2560,1.6362226605415344,0.370703125,0.7970657467842102,0.7966477990150451,0.31484375,0.41546339094638823,0.9129265040159226,0.03137257695198059,0.044220367819070815,0.7134615927934647,0.807782518863678,0.010716772079467862,0.16632988750934596,nan,0.0,nan,0.0,0
10,180,3348,0.19017045454545453,2560,1.6355746805667877,0.391796875,0.8101681500673295,0.8020733088254929,0.2765625,0.3989815980195999,0.9046080499887467,0.03137257695198059,0.042765302769839766,0.7106758266687393,0.805327969789505,-0.004840180277824402,0.16632988750934596,nan,0.0,nan,0.0,0
10,200,3368,0.1913068181818182,2560,1.5733916521072389,0.40859375,0.8140357553958892,0.8087893426418304,0.2671875,0.43328807353973386,0.9113875269889832,0.03137257695198059,0.04347691889852286,0.7124347656965255,0.807782518863678,-0.006253236532211215,0.16632988750934596,nan,0.0,nan,0.0,0
10,220,3388,0.19244318181818182,2560,1.6250817716121673,0.3671875,0.810272854566574,0.8014818996191024,0.30546875,0.4135297372937202,0.9093007594347,0.03137257695198059,0.04151900429278612,0.7034359365701676,0.8101681500673295,-0.00010470449924460112,0.16632988750934596,nan,0.0,nan,0.0,0
10,240,3408,0.19357954545454545,2560,1.6473232567310334,0.3765625,0.8079342901706695,0.8040771722793579,0.282421875,0.3968484431505203,0.90848288834095,0.03137257695198059,0.041201530024409294,0.7041483938694,0.8101681500673295,0.0022338598966599177,0.16632988750934596,nan,0.0,nan,0.0,0
10,260,3428,0.19471590909090908,2560,1.6034892201423645,0.38515625,0.8168823212385178,0.8072128474712372,0.278125,0.40317259579896925,0.9085326075553894,0.03137257695198059,0.043780498579144476,0.7126360297203064,0.8101681500673295,-0.006714171171188332,0.16632988750934596,nan,0.0,nan,0.0,0
10,280,3448,0.1958522727272727,2560,1.6206973671913147,0.379296875,0.7979225784540176,0.7951947748661041,0.3046875,0.4200725942850113,0.9035919338464737,0.03137257695198059,0.03774573709815741,0.6958531618118287,0.810272854566574,0.012350276112556458,0.16632988750934596,nan,0.0,nan,0.0,0
10,300,3468,0.19698863636363637,2560,1.5876571714878083,0.379296875,0.8012407332658767,0.8029998958110809,0.30859375,0.4235358566045761,0.9083804041147232,0.03137257695198059,0.042783798463642594,0.7096670985221862,0.810272854566574,0.009032121300697304,0.16632988750934596,nan,0.0,nan,0.0,0
10,320,3488,0.198125,2560,1.6255039691925048,0.37109375,0.7897781312465668,0.7944697260856628,0.3109375,0.4303219109773636,0.9022227197885513,0.03137257695198059,0.04392345491796732,0.7136216133832931,0.8079342901706695,0.018156158924102717,0.16632988750934596,nan,0.0,nan,0.0,0
10,340,3508,0.19926136363636363,2560,1.6225866794586181,0.394921875,0.809232872724533,0.8030980616807938,0.273828125,0.4071172922849655,0.9114072293043136,0.03137257695198059,0.041820107772946355,0.706651896238327,0.8012407332658767,-0.007992139458656289,0.16632988750934596,nan,0.0,nan,0.0,0
10,352,3520,0.19994318181818183,1480,1.616550806406382,0.39391891956329345,0.8127037428520821,0.8051731525240717,0.2945945945945946,0.4092273650942622,0.9084985281970049,0.03137257695198059,0.04694506576335108,0.7192638442323015,0.8012407332658767,-0.011463009586205386,0.16632988750934596,nan,0.0,nan,0.0,0
11,20,3540,0.20107954545454546,2560,1.6300451576709747,0.374609375,0.8203535348176956,0.8086410701274872,0.28515625,0.4079456031322479,0.9066049098968506,0.03137257695198059,0.041912348754703996,0.7082891464233398,0.8012407332658767,-0.019112801551818825,0.16632988750934596,nan,0.0,nan,0.0,0
11,40,3560,0.20221590909090909,2560,1.630193018913269,0.37734375,0.8008472949266434,0.7957906246185302,0.288671875,0.41353979110717776,0.9104314416646957,0.03137257695198059,0.03856147658079863,0.7007307440042496,0.809232872724533,0.00838557779788962,0.16632988750934596,nan,0.0,nan,0.0,0
11,60,3580,0.20335227272727271,2560,1.6286955714225768,0.369140625,0.8145472794771195,0.8084540247917176,0.285546875,0.40076483637094495,0.9115884393453598,0.03137257695198059,0.03922786582261324,0.7000213950872421,0.809232872724533,-0.005314406752586431,0.16632988750934596,nan,0.0,nan,0.0,0
11,80,3600,0.20448863636363637,2560,1.5845182359218597,0.394140625,0.7998127490282059,0.8042790979146958,0.292578125,0.40788343399763105,0.9032625943422318,0.03137257695198059,0.04029044695198536,0.7042244285345077,0.8127037428520821,0.012890993823876262,0.16632988750934596,nan,0.0,nan,0.0,0
11,100,3620,0.205625,2560,1.632769948244095,0.375,0.8102946400642395,0.801023754477501,0.28125,0.41025514006614683,0.9049769282341004,0.03137257695198059,0.043783594854176044,0.7143529057502747,0.8127037428520821,0.0024091027878426763,0.16632988750934596,nan,0.0,nan,0.0,0
11,120,3640,0.20676136363636363,2560,1.5853422641754151,0.38203125,0.8113996982574463,0.7982718348503113,0.29609375,0.4040329918265343,0.9044323176145553,0.03137257695198059,0.043925611115992066,0.7104246616363525,0.8102946400642395,-0.0011050581932068315,0.16632988750934596,nan,0.0,nan,0.0,0
11,140,3660,0.20789772727272726,2560,1.6221726834774017,0.397265625,0.8014320939779281,0.8052799463272095,0.2796875,0.4415677323937416,0.9126729547977448,0.03137257695198059,0.041633535735309125,0.7073193728923798,0.8102946400642395,0.008862546086311318,0.16632988750934596,nan,0.0,nan,0.0,0
11,160,3680,0.2090340909090909,2560,1.6641702950000763,0.36875,0.8153805285692215,0.8039866328239441,0.2890625,0.41158672869205476,0.9092449307441711,0.03137257695198059,0.04201903864741326,0.7074160784482956,0.8102946400642395,-0.005085888504982039,0.16632988750934596,nan,0.0,nan,0.0,0
11,180,3700,0.21017045454545455,2560,1.6569545269012451,0.36640625,0.8107773095369339,0.8055641353130341,0.284375,0.39965153485536575,0.9072227716445923,0.03137257695198059,0.04129259269684553,0.7048040837049484,0.8102946400642395,-0.0004826694726944858,0.16632988750934596,nan,0.0,nan,0.0,0
11,200,3720,0.21130681818181818,2560,1.6125064134597777,0.373046875,0.8069624304771423,0.8047652125358582,0.2859375,0.39794139564037323,0.9084985256195068,0.03137257695198059,0.04088137336075306,0.7044960260391235,0.8107773095369339,0.0038148790597916094,0.16632988750934596,nan,0.0,nan,0.0,0
11,220,3740,0.2124431818181818,2560,1.563906341791153,0.418359375,0.8007749557495117,0.79464151263237,0.288671875,0.4282372996211052,0.905826210975647,0.03137257695198059,0.0399401368573308,0.702422422170639,0.8107773095369339,0.010002353787422202,0.16632988750934596,nan,0.0,nan,0.0,0
11,240,3760,0.21357954545454544,2560,1.6220199406147002,0.381640625,0.7950176477432251,0.795682030916214,0.283203125,0.42885716408491137,0.9033410608768463,0.03137257695198059,0.04254973400384188,0.7100706249475479,0.8069624304771423,0.011944782733917192,0.16632988750934596,nan,0.0,nan,0.0,0
11,260,3780,0.21471590909090907,2560,1.6233339071273805,0.37265625,0.8098058670759201,0.8033423334360122,0.315625,0.42148643881082537,0.9090761959552764,0.03137257695198059,0.044426594488322736,0.7141517460346222,0.8069624304771423,-0.0028434365987777266,0.16632988750934596,nan,0.0,nan,0.0,0
11,280,3800,0.21585227272727273,2560,1.6370951294898988,0.377734375,0.7916579693555832,0.7993633419275283,0.2875,0.3980562463402748,0.9060568660497665,0.03137257695198059,0.0424257792532444,0.7082098871469498,0.8069624304771423,0.015304461121559143,0.16632988750934596,nan,0.0,nan,0.0,0
11,300,3820,0.21698863636363636,2560,1.6062786817550658,0.38984375,0.7973906725645066,0.8000129908323288,0.281640625,0.4192104071378708,0.900755712389946,0.03137257695198059,0.04069964550435543,0.705623883008957,0.8007749557495117,0.003384283185005166,0.16632988750934596,nan,0.0,nan,0.0,0
11,320,3840,0.21812499999999999,2560,1.6360689997673035,0.38046875,0.8021358579397202,0.8054189264774323,0.292578125,0.4176368907094002,0.9066684871912003,0.03137257695198059,0.038803969882428645,0.6996642231941224,0.7973906725645066,-0.004745185375213623,0.16632988750934596,nan,0.0,nan,0.0,0
11,340,3860,0.21926136363636362,2560,1.6103790700435638,0.390234375,0.7983039557933808,0.8009692072868347,0.281640625,0.3970984697341919,0.9081305384635925,0.03137257695198059,0.04086859598755836,0.7041599333286286,0.7973906725645066,-0.0009132832288741843,0.16632988750934596,nan,0.0,nan,0.0,0
11,352,3872,0.21994318181818182,1480,1.681058582744083,0.3817567569178504,0.8151270086700851,0.8056038202466191,0.2783783784589252,0.4516426086425781,0.9073836191280468,0.03137257695198059,0.03888633400201798,0.6988083700875978,0.7983039557933808,-0.01682305287670438,0.16632988750934596,nan,0.0,nan,0.0,0
12,20,3892,0.22107954545454545,2560,1.6179259896278382,0.37578125,0.7984128713607788,0.8045819759368896,0.315625,0.4052744835615158,0.9102047204971313,0.03137257695198059,0.0455778831616044,0.717748710513115,0.7983039557933808,-0.00010891556739800468,0.16632988750934596,nan,0.0,nan,0.0,0
12,40,3912,0.22221590909090908,2560,1.6089766383171082,0.377734375,0.8088379800319672,0.8077785700559617,0.290234375,0.4224637374281883,0.909286642074585,0.03137257695198059,0.03998357094824314,0.701434537768364,0.7984128713607788,-0.010425108671188399,0.16632988750934596,nan,0.0,nan,0.0,0
12,60,3932,0.22335227272727273,2560,1.576752984523773,0.394921875,0.7932939380407333,0.7993311733007431,0.295703125,0.4156604200601578,0.9050870478153229,0.03137257695198059,0.04170957449823618,0.707047626376152,0.8021358579397202,0.00884191989898686,0.16632988750934596,nan,0.0,nan,0.0,0
12,80,3952,0.22448863636363636,2560,1.5976627171039581,0.386328125,0.8084590256214141,0.805438631772995,0.2859375,0.4247395724058151,0.9103916317224503,0.03137257695198059,0.040216272696852684,0.7048356860876084,0.7984128713607788,-0.010046154260635376,0.16632988750934596,nan,0.0,nan,0.0,0
12,100,3972,0.225625,2560,1.6125153362751008,0.38671875,0.8022365480661392,0.8025445461273193,0.303515625,0.4268400102853775,0.9067311823368073,0.03137257695198059,0.03961691372096539,0.7039212584495544,0.8084590256214141,0.006222477555274941,0.16632988750934596,nan,0.0,nan,0.0,0
12,120,3992,0.22676136363636362,2560,1.6391106247901917,0.378515625,0.7891383856534958,0.7985305994749069,0.293359375,0.41085674315690995,0.9057628870010376,0.03137257695198059,0.0392116341739893,0.7010966926813126,0.8022365480661392,0.013098162412643388,0.16632988750934596,nan,0.0,nan,0.0,0
12,140,4012,0.22789772727272725,2560,1.6058639943599702,0.38828125,0.8038625121116638,0.795972341299057,0.295703125,0.4091812685132027,0.9112709194421769,0.03137257695198059,0.04323520939797163,0.7100036978721619,0.8022365480661392,-0.0016259640455246194,0.16632988750934596,nan,0.0,nan,0.0,0
12,160,4032,0.22903409090909088,2560,1.6360134482383728,0.37890625,0.8010031253099441,0.8080087274312973,0.276171875,0.4083072081208229,0.9093708217144012,0.03137257695198059,0.04233916848897934,0.7087582409381866,0.8022365480661392,0.0012334227561950906,0.16632988750934596,nan,0.0,nan,0.0,0
12,180,4052,0.23017045454545454,2560,1.57743501663208,0.400390625,0.7906071037054062,0.8003671169281006,0.2921875,0.4107335403561592,0.907072976231575,0.03137257695198059,0.04090613052248955,0.7051970899105072,0.8022365480661392,0.011629444360732988,0.16632988750934596,nan,0.0,nan,0.0,0
12,200,4072,0.23130681818181817,2560,1.6569070935249328,0.365625,0.7983761161565781,0.803502795100212,0.2953125,0.4300286263227463,0.9110670924186707,0.03137257695198059,0.04376609660685062,0.7123373717069625,0.8010031253099441,0.002627009153366,0.16632988750934596,nan,0.0,nan,0.0,0
12,220,4092,0.2324431818181818,2560,1.6193963706493377,0.37734375,0.7976989477872849,0.7944150477647781,0.274609375,0.4079265624284744,0.9030288904905319,0.03137257695198059,0.04012236353009939,0.7037837415933609,0.7983761161565781,0.0006771683692932129,0.16632988750934596,nan,0.0,nan,0.0,0
12,240,4112,0.23357954545454543,2560,1.5961130142211915,0.39375,0.796449825167656,0.8005041927099228,0.298828125,0.40842736661434176,0.9052941858768463,0.03137257695198059,0.04212401509284973,0.7070311337709427,0.7983761161565781,0.0019262909889221635,0.16632988750934596,nan,0.0,nan,0.0,0
12,260,4132,0.23471590909090906,2560,1.6170998692512513,0.380859375,0.7925300449132919,0.7950968623161316,0.28125,0.4246569573879242,0.9073133021593094,0.03137257695198059,0.03923013415187597,0.7000480592250824,0.7976989477872849,0.005168902873992964,0.16632988750934596,nan,0.0,nan,0.0,0
12,280,4152,0.23585227272727272,2560,1.6504486620426178,0.377734375,0.7978719919919968,0.7979208797216415,0.2890625,0.4235247537493706,0.9129083156585693,0.03137257695198059,0.03841401357203722,0.6992446452379226,0.796449825167656,-0.0014221668243408203,0.16632988750934596,nan,0.0,nan,0.0,0
12,300,4172,0.23698863636363635,2560,1.6422685265541077,0.3734375,0.8116741329431534,0.8095407068729401,0.2703125,0.3959369882941246,0.9096005946397782,0.03137257695198059,0.041170067898929116,0.7068748563528061,0.7976989477872849,-0.013975185155868486,0.16632988750934596,nan,0.0,nan,0.0,0
12,320,4192,0.23812499999999998,2560,1.6098632514476776,0.384765625,0.79534110724926,0.7991523951292038,0.29140625,0.41086586117744445,0.9057459682226181,0.03137257695198059,0.040383198857307435,0.7032474040985107,0.7976989477872849,0.0023578405380249023,0.16632988750934596,nan,0.0,nan,0.0,0
12,340,4212,0.2392613636363636,2560,1.6427880346775054,0.3640625,0.7985925495624542,0.8002526789903641,0.30703125,0.42133886069059373,0.909935399889946,0.03137257695198059,0.0408207768574357,0.7046518564224243,0.796449825167656,-0.0021427243947982344,0.16632988750934596,nan,0.0,nan,0.0,0
12,352,4224,0.2399431818181818,1480,1.5906636766485265,0.38513513561841606,0.8070355044828879,0.8063720809446798,0.2918918918918919,0.38685947479428473,0.9086472205213598,0.03137257695198059,0.05007402896881104,0.7263792766107096,0.7978719919919968,-0.00916351249089109,0.16632988750934596,nan,0.0,nan,0.0,0
13,20,4244,0.24107954545454544,2560,1.6255625247955323,0.362890625,0.8056198209524155,0.8056176781654358,0.3046875,0.4316970482468605,0.9022355616092682,0.03137257695198059,0.04063818082213402,0.7060093641281128,0.7985925495624542,-0.007027271389961287,0.16632988750934596,nan,0.0,nan,0.0,0
13,40,4264,0.24221590909090907,2560,1.6293838620185852,0.391015625,0.8075811862945557,0.80101880133152,0.2734375,0.3950376197695732,0.9098836421966553,0.03137257695198059,0.04452122878283262,0.7142865091562272,0.8056198209524155,-0.0019613653421401978,0.16632988750934596,nan,0.0,nan,0.0,0
13,60,4284,0.24335227272727272,2560,1.594739282131195,0.3921875,0.7961988270282745,0.8005737513303757,0.2828125,0.4027351409196854,0.9054611444473266,0.03137257695198059,0.03932701274752617,0.7014547735452652,0.8056198209524155,0.009420993924140975,0.16632988750934596,nan,0.0,nan,0.0,0
13,80,4304,0.24448863636363635,2560,1.6386439681053162,0.3671875,0.8049144566059112,0.8035113245248795,0.273046875,0.4110896483063698,0.9063312649726868,0.03137257695198059,0.04269730485975742,0.7075689107179641,0.8056198209524155,0.0007053643465042558,0.16632988750934596,nan,0.0,nan,0.0,0
13,100,4324,0.24562499999999998,2560,1.6086645603179932,0.3828125,0.7887263149023056,0.794739043712616,0.301171875,0.4139260336756706,0.9110131800174713,0.03137257695198059,0.03760608788579702,0.6959679365158081,0.8056198209524155,0.016893506050109863,0.16632988750934596,nan,0.0,nan,0.0,0
13,120,4344,0.2467613636363636,2560,1.6404885292053222,0.36484375,0.8095938861370087,0.8083796381950379,0.29921875,0.4259276404976845,0.904038006067276,0.03137257695198059,0.039135674200952056,0.7001210242509842,0.8049144566059112,-0.0046794295310974565,0.16632988750934596,nan,0.0,nan,0.0,0
13,140,4364,0.24789772727272724,2560,1.6771294891834259,0.371484375,0.8153123289346695,0.8103129267692566,0.28125,0.4097078010439873,0.9036197870969772,0.03137257695198059,0.04307918809354305,0.7105487018823624,0.8049144566059112,-0.010397872328758329,0.16632988750934596,nan,0.0,nan,0.0,0
13,160,4384,0.2490340909090909,2560,1.5948975205421447,0.391015625,0.7936926990747452,0.7949316799640656,0.291796875,0.4155044347047806,0.9052162349224091,0.03137257695198059,0.04301118701696396,0.7107021540403367,0.8049144566059112,0.011221757531166054,0.16632988750934596,nan,0.0,nan,0.0,0
13,180,4404,0.2501704545454545,2560,1.6179324805736541,0.3796875,0.8032956600189209,0.801970687508583,0.283984375,0.4246846377849579,0.9111915826797485,0.03137257695198059,0.037100840173661706,0.6944662123918534,0.8049144566059112,0.0016187965869902676,0.16632988750934596,nan,0.0,nan,0.0,0
13,200,4424,0.25130681818181816,2560,1.6232763946056366,0.37421875,0.796470382809639,0.8004102230072021,0.295703125,0.4231993451714516,0.9042881190776825,0.03137257695198059,0.03997938223183155,0.7041159272193909,0.8032956600189209,0.006825277209281944,0.16632988750934596,nan,0.0,nan,0.0,0
13,220,4444,0.2524431818181818,2560,1.6405683755874634,0.36796875,0.8132293790578842,0.8041696161031723,0.308984375,0.3981736615300179,0.9037457942962647,0.03137257695198059,0.042076466232538225,0.7073665708303452,0.8032956600189209,-0.009933719038963229,0.16632988750934596,nan,0.0,nan,0.0,0
13,240,4464,0.2535795454545454,2560,1.6405695378780365,0.383203125,0.7973596423864364,0.7966938227415085,0.282421875,0.4225122660398483,0.9081463009119034,0.03137257695198059,0.04424446579068899,0.7140856564044953,0.8032956600189209,0.005936017632484525,0.16632988750934596,nan,0.0,nan,0.0,0
13,260,4484,0.2547159090909091,2560,1.6320342361927032,0.378515625,0.8026392102241516,0.8016218990087509,0.3046875,0.41812482178211213,0.9059644281864166,0.03137257695198059,0.048386719077825546,0.723797133564949,0.7973596423864364,-0.0052795678377152155,0.16632988750934596,nan,0.0,nan,0.0,0
13,280,4504,0.2558522727272727,2560,1.631327849626541,0.386328125,0.8019674360752106,0.807240691781044,0.28515625,0.4054767742753029,0.9085622370243073,0.03137257695198059,0.04075245317071676,0.7025109648704528,0.8026392102241516,0.00067177414894104,0.16632988750934596,nan,0.0,nan,0.0,0
13,300,4524,0.2569886363636364,2560,1.6036208510398864,0.4125,0.7958988189697266,0.8021676540374756,0.2703125,0.4455245196819305,0.9047554194927215,0.03137257695198059,0.039704656787216665,0.7020014137029648,0.8019674360752106,0.006068617105484009,0.16632988750934596,nan,0.0,nan,0.0,0
13,320,4544,0.258125,2560,1.668902224302292,0.3828125,0.8139259338378906,0.8056726068258285,0.272265625,0.40004579573869703,0.9105644404888154,0.03137257695198059,0.039821318723261355,0.7009409815073013,0.8019674360752106,-0.011958497762679987,0.16632988750934596,nan,0.0,nan,0.0,0
13,340,4564,0.25926136363636365,2560,1.65799018740654,0.365234375,0.8053913742303849,0.8049236506223678,0.2796875,0.40938005447387693,0.9138037532567977,0.03137257695198059,0.03919265903532505,0.7008198261260986,0.8019674360752106,-0.0034239381551742776,0.16632988750934596,nan,0.0,nan,0.0,0
13,352,4576,0.2599431818181818,1480,1.6306435069522343,0.38378378362269017,0.8043505542987102,0.8015664880340164,0.28716216256489624,0.414439930625864,0.9029424654470908,0.03137257695198059,0.04207359101321246,0.7089408777855538,0.8026392102241516,-0.0017113440745585295,0.16632988750934596,nan,0.0,nan,0.0,0
14,20,4596,0.2610795454545454,2560,1.6493692815303802,0.37890625,0.7888413012027741,0.8027491420507431,0.280078125,0.4087064489722252,0.9026848018169403,0.03137257695198059,0.03552301470190287,0.6890769630670548,0.8043505542987102,0.015509253095936093,0.16632988750934596,nan,0.0,nan,0.0,0
14,40,4616,0.2622159090909091,2560,1.6404468238353729,0.37265625,0.8090829253196716,0.8007752954959869,0.283203125,0.41185194402933123,0.9053657740354538,0.03137257695198059,0.03971645515412092,0.702516034245491,0.8043505542987102,-0.004732371020961468,0.16632988750934596,nan,0.0,nan,0.0,0
14,60,4636,0.2633522727272727,2560,1.5992927193641662,0.394921875,0.803849709033966,0.8001264154911041,0.2875,0.4267063826322556,0.9047987848520279,0.03137257695198059,0.03885894101113081,0.699807071685791,0.8053913742303849,0.001541665196418851,0.16632988750934596,nan,0.0,nan,0.0,0
14,80,4656,0.26448863636363634,2560,1.6274705588817597,0.38125,0.7968358129262925,0.8005886286497116,0.290234375,0.426388318836689,0.9044218838214875,0.03137257695198059,0.04051379691809416,0.7038114249706269,0.8043505542987102,0.007514741372417699,0.16632988750934596,nan,0.0,nan,0.0,0
14,100,4676,0.265625,2560,1.6402336299419402,0.38046875,0.8067301690578461,0.8044110774993897,0.286328125,0.4031123101711273,0.9048015803098679,0.03137257695198059,0.039629070088267326,0.7019695311784744,0.803849709033966,-0.0028804600238800937,0.16632988750934596,nan,0.0,nan,0.0,0
14,120,4696,0.2667613636363636,2560,1.5927984058856963,0.392578125,0.7835534125566482,0.7903274714946746,0.286328125,0.4328319877386093,0.9109579980373382,0.03137257695198059,0.04060630146414042,0.705385422706604,0.803849709033966,0.020296296477317788,0.16632988750934596,nan,0.0,nan,0.0,0
14,140,4716,0.26789772727272726,2560,1.6025705516338349,0.374609375,0.7796535700559616,0.7938876032829285,0.305078125,0.4348809406161308,0.9048772305250168,0.03137257695198059,0.04205313958227634,0.7060076743364334,0.803849709033966,0.024196138978004433,0.16632988750934596,nan,0.0,nan,0.0,0
14,160,4736,0.26903409090909086,2560,1.6178572475910187,0.3828125,0.8097706228494644,0.8054789394140244,0.288671875,0.40900852978229524,0.9103192776441574,0.03137257695198059,0.0436948224902153,0.7110696822404862,0.7968358129262925,-0.012934809923171975,0.16632988750934596,nan,0.0,nan,0.0,0
14,180,4756,0.2701704545454545,2560,1.664906269311905,0.370703125,0.8016146123409271,0.8041078150272369,0.294921875,0.42401249557733534,0.9100461542606354,0.03137257695198059,0.04267874602228403,0.7098100990056991,0.7968358129262925,-0.00477879941463466,0.16632988750934596,nan,0.0,nan,0.0,0
14,200,4776,0.2713068181818182,2560,1.6458537817001342,0.393359375,0.8042811512947082,0.8009857356548309,0.271484375,0.3972375229001045,0.9044234156608582,0.03137257695198059,0.04069146309047937,0.7058783710002899,0.8016146123409271,-0.0026665389537811057,0.16632988750934596,nan,0.0,nan,0.0,0
14,220,4796,0.27244318181818183,2560,1.6127584874629974,0.3765625,0.789193120598793,0.799665093421936,0.29765625,0.4019948527216911,0.9087478816509247,0.03137257695198059,0.03967511393129826,0.7010679006576538,0.8016146123409271,0.012421491742134139,0.16632988750934596,nan,0.0,nan,0.0,0
14,240,4816,0.27357954545454544,2560,1.5992419242858886,0.404296875,0.7892121315002442,0.7999010920524597,0.2625,0.4217346042394638,0.9062463343143463,0.03137257695198059,0.03970461115241051,0.7033569067716599,0.8016146123409271,0.012402480840682961,0.16632988750934596,nan,0.0,nan,0.0,0
14,260,4836,0.2747159090909091,2560,1.6352671027183532,0.39375,0.8036412745714188,0.8003143548965455,0.2734375,0.4095154106616974,0.9031037837266922,0.03137257695198059,0.039978251233696936,0.7024506211280823,0.8016146123409271,-0.002026662230491638,0.16632988750934596,nan,0.0,nan,0.0,0
14,280,4856,0.27585227272727275,2560,1.644548088312149,0.36875,0.7975865453481674,0.8017526268959045,0.319921875,0.4434612050652504,0.9058499842882156,0.03137257695198059,0.03838494326919317,0.6988460421562195,0.8016146123409271,0.004028066992759705,0.16632988750934596,nan,0.0,nan,0.0,0
14,300,4876,0.27698863636363635,2560,1.6099011600017548,0.3890625,0.7946583569049835,0.7958076685667038,0.278515625,0.40486513674259184,0.9019718378782272,0.03137257695198059,0.03812193926423788,0.6970495194196701,0.7975865453481674,0.0029281884431838767,0.16632988750934596,nan,0.0,nan,0.0,0
14,320,4896,0.278125,2560,1.6335240840911864,0.38359375,0.802545690536499,0.7992832332849502,0.2875,0.43233775198459623,0.9056451350450516,0.03137257695198059,0.045827656984329224,0.7169150143861771,0.7946583569049835,-0.007887333631515503,0.16632988750934596,nan,0.0,nan,0.0,0
14,340,4916,0.2792613636363636,2560,1.608631819486618,0.384765625,0.7923949509859085,0.7930661737918854,0.293359375,0.4022555485367775,0.909619665145874,0.03137257695198059,0.04046064242720604,0.7024177879095077,0.7975865453481674,0.005191594362258911,0.16632988750934596,nan,0.0,nan,0.0,0
14,352,4928,0.2799431818181818,1480,1.6360786966375402,0.36689189221407914,0.8023609454567368,0.7983378793742205,0.2891891891891892,0.42230689928338333,0.9063481179443565,0.03137257695198059,0.04042994615596694,0.7058549220497544,0.7975865453481674,-0.004774400108569332,0.16632988750934596,nan,0.0,nan,0.0,0
15,20,4948,0.28107954545454544,2560,1.6500683069229125,0.359375,0.810357677936554,0.8059523493051529,0.3,0.4086067795753479,0.9063776791095733,0.03137257695198059,0.043360401131212714,0.7108526855707169,0.7975865453481674,-0.01277113258838658,0.16632988750934596,nan,0.0,nan,0.0,0
15,40,4968,0.28221590909090905,2560,1.6126990973949433,0.38515625,0.7979024022817611,0.8001712948083878,0.303515625,0.43804911226034166,0.9117368251085282,0.03137257695198059,0.04178854431957006,0.706505635380745,0.8023609454567368,0.004458543174975627,0.16632988750934596,nan,0.0,nan,0.0,0
15,60,4988,0.2833522727272727,2560,1.6058273196220398,0.3984375,0.8029468834400177,0.799229571223259,0.27109375,0.4051658153533936,0.9090070247650146,0.03137257695198059,0.04771070145070553,0.7197468727827072,0.8023609454567368,-0.000585937983280993,0.16632988750934596,nan,0.0,nan,0.0,0
15,80,5008,0.28448863636363636,2560,1.6150784850120545,0.38203125,0.7947899460792541,0.800644701719284,0.29140625,0.41022434234619143,0.9076254665851593,0.03137257695198059,0.039992726407945156,0.7033233284950257,0.8023609454567368,0.007570999377482623,0.16632988750934596,nan,0.0,nan,0.0,0
15,100,5028,0.28562499999999996,2560,1.6417626798152924,0.3671875,0.7876927554607391,0.7994187891483306,0.290234375,0.42143584191799166,0.9118906825780868,0.03137257695198059,0.04148659389466047,0.7060429692268372,0.8023609454567368,0.014668189995997616,0.16632988750934596,nan,0.0,nan,0.0,0
15,120,5048,0.2867613636363636,2560,1.6376636445522308,0.3671875,0.7979167371988296,0.7962575435638428,0.301171875,0.4323563203215599,0.9033923000097275,0.03137257695198059,0.04562719184905291,0.7153515100479126,0.7979024022817611,-1.4334917068481445e-05,0.16632988750934596,nan,0.0,nan,0.0,0
15,140,5068,0.2878977272727273,2560,1.6157971620559692,0.395703125,0.7951225966215134,0.8012937128543853,0.28046875,0.42607145607471464,0.9074920833110809,0.03137257695198059,0.04114333167672157,0.7052238583564758,0.7979024022817611,0.002779805660247714,0.16632988750934596,nan,0.0,nan,0.0,0
15,160,5088,0.28903409090909093,2560,1.6286550402641295,0.380859375,0.7950875103473664,0.8014630824327469,0.287109375,0.4173594549298286,0.91259106695652,0.03137257695198059,0.03963555376976728,0.7013567537069321,0.7951225966215134,3.5086274147055896e-05,0.16632988750934596,nan,0.0,nan,0.0,0
15,180,5108,0.29017045454545454,2560,1.6039628565311432,0.395703125,0.8123045682907104,0.8024243891239167,0.29375,0.4269785463809967,0.9125777065753937,0.03137257695198059,0.03962977491319179,0.6990656197071076,0.7950875103473664,-0.01721705794334405,0.16632988750934596,nan,0.0,nan,0.0,0
15,200,5128,0.2913068181818182,2560,1.6236058592796325,0.386328125,0.7934284001588822,0.7960917383432389,0.301953125,0.42067254781723024,0.9094895869493484,0.03137257695198059,0.04124606065452099,0.7072179824113846,0.7951225966215134,0.0016941964626312478,0.16632988750934596,nan,0.0,nan,0.0,0
15,220,5148,0.2924431818181818,2560,1.654375672340393,0.3640625,0.7976822048425675,0.7999075770378112,0.3109375,0.41876267045736315,0.9058986842632294,0.03137257695198059,0.03778567034751177,0.6978951036930084,0.7951225966215134,-0.002559608221054055,0.16632988750934596,nan,0.0,nan,0.0,0
15,240,5168,0.29357954545454545,2560,1.6557396829128266,0.369140625,0.8004633516073227,0.8058245569467545,0.2953125,0.4110755234956741,0.9069606930017471,0.03137257695198059,0.0414265975356102,0.7049962520599365,0.7951225966215134,-0.005340754985809326,0.16632988750934596,nan,0.0,nan,0.0,0
15,260,5188,0.2947159090909091,2560,1.6261923432350158,0.38125,0.790622866153717,0.7957002252340317,0.290234375,0.4262657254934311,0.9035495936870575,0.03137257695198059,0.042211098782718184,0.7078899383544922,0.7976822048425675,0.007059338688850447,0.16632988750934596,nan,0.0,nan,0.0,0
15,280,5208,0.2958522727272727,2560,1.6692909955978394,0.368359375,0.8149303913116455,0.8084190577268601,0.29453125,0.41426447927951815,0.9099913507699966,0.03137257695198059,0.04472290426492691,0.7163464337587356,0.7976822048425675,-0.017248186469077997,0.16632988750934596,nan,0.0,nan,0.0,0
15,300,5228,0.29698863636363637,2560,1.6312334716320038,0.383203125,0.8019220292568207,0.8026826441287994,0.286328125,0.41244287341833114,0.9076614499092102,0.03137257695198059,0.04542752634733915,0.7168164432048798,0.7976822048425675,-0.0042398244142531905,0.16632988750934596,nan,0.0,nan,0.0,0
15,320,5248,0.298125,2560,1.6419271409511567,0.37109375,0.8136969536542893,0.8106992304325104,0.30625,0.4162022158503532,0.9120963007211685,0.03137257695198059,0.04168502949178219,0.7058414578437805,0.8004633516073227,-0.013233602046966553,0.16632988750934596,nan,0.0,nan,0.0,0
15,340,5268,0.29926136363636363,2560,1.618064284324646,0.387109375,0.8061986863613129,0.8048874080181122,0.2734375,0.4076802834868431,0.9154575556516648,0.03137257695198059,0.043854616954922675,0.7138960838317872,0.8019220292568207,-0.00427665710449221,0.16632988750934596,nan,0.0,nan,0.0,0
15,352,5280,0.2999431818181818,1480,1.662417221069336,0.3635135135135135,0.7883952994604368,0.8040564975223026,0.3027027022194218,0.42550596594810486,0.906482284455686,0.03137257695198059,0.03777570700323259,0.6971567801527074,0.8061986863613129,0.017803386900876017,0.16632988750934596,nan,0.0,nan,0.0,0
16,20,5300,0.2989204545454545,2560,1.6102872848510743,0.390625,0.7915253520011902,0.7933688044548035,0.2796875,0.416151425242424,0.9059990108013153,0.03137257695198059,0.04022043459117412,0.7035561472177505,0.8061986863613129,0.014673334360122636,0.16632988750934596,nan,0.0,nan,0.0,0
16,40,5320,0.2977840909090909,2560,1.6296638011932374,0.3796875,0.802401214838028,0.8014760494232178,0.29765625,0.41433210521936414,0.9095833003520966,0.03137257695198059,0.04093082658946514,0.7061109989881516,0.8019220292568207,-0.0004791855812072976,0.16632988750934596,nan,0.0,nan,0.0,0
16,60,5340,0.29664772727272726,2560,1.6524947702884674,0.36796875,0.7910129070281983,0.799397549033165,0.27890625,0.4143964692950249,0.9165381222963334,0.03137257695198059,0.03648122530430555,0.6951439827680588,0.802401214838028,0.01138830780982969,0.16632988750934596,nan,0.0,nan,0.0,0
16,80,5360,0.29551136363636366,2560,1.6428752899169923,0.3703125,0.801275709271431,0.8020085841417313,0.284375,0.3956242769956589,0.9070259273052216,0.03137257695198059,0.04074025750160217,0.7048784375190735,0.7915253520011902,-0.009750357270240761,0.16632988750934596,nan,0.0,nan,0.0,0
16,100,5380,0.294375,2560,1.6550311267375946,0.359765625,0.7972664952278137,0.8016384392976761,0.305078125,0.42081834077835084,0.9081831842660903,0.03137257695198059,0.04013209249824286,0.7038090795278549,0.7915253520011902,-0.005741143226623446,0.16632988750934596,nan,0.0,nan,0.0,0
16,120,5400,0.2932386363636364,2560,1.6657532513141633,0.36640625,0.8139523059129715,0.8108196407556534,0.2828125,0.3806342720985413,0.9132445156574249,0.03137257695198059,0.03664050418883562,0.6941809356212616,0.7972664952278137,-0.016685810685157842,0.16632988750934596,nan,0.0,nan,0.0,0
16,140,5420,0.2921022727272727,2560,1.5949807167053223,0.391796875,0.7884579062461853,0.794887563586235,0.291796875,0.43098187148571016,0.9029080957174301,0.03137257695198059,0.037325861491262914,0.6970300883054733,0.801275709271431,0.012817803025245711,0.16632988750934596,nan,0.0,nan,0.0,0
16,160,5440,0.2909659090909091,2560,1.6481814444065095,0.377734375,0.8034952312707901,0.7946693629026413,0.28046875,0.435464982688427,0.9095184534788132,0.03137257695198059,0.0457005400210619,0.714468440413475,0.7972664952278137,-0.006228736042976468,0.16632988750934596,nan,0.0,nan,0.0,0
16,180,5460,0.2898295454545454,2560,1.6110511720180511,0.3890625,0.7960846453905106,0.8026317745447159,0.278515625,0.4058203428983688,0.9069238334894181,0.03137257695198059,0.03837181180715561,0.6986898213624955,0.801275709271431,0.005191063880920388,0.16632988750934596,nan,0.0,nan,0.0,0
16,200,5480,0.2886931818181818,2560,1.6151518166065215,0.378125,0.8074014395475387,0.802535018324852,0.3109375,0.4227400690317154,0.9058738976716996,0.03137257695198059,0.04582829792052508,0.7176077127456665,0.7972664952278137,-0.010134944319725059,0.16632988750934596,nan,0.0,nan,0.0,0
16,220,5500,0.28755681818181816,2560,1.6446642398834228,0.381640625,0.7821237713098526,0.7904743403196335,0.291796875,0.4308548092842102,0.9103739619255066,0.03137257695198059,0.04337145835161209,0.711298942565918,0.8034952312707901,0.02137145996093759,0.16632988750934596,nan,0.0,nan,0.0,0
16,240,5520,0.28642045454545456,2560,1.588389766216278,0.397265625,0.7984427124261856,0.7962289363145828,0.294140625,0.4130148246884346,0.9070686548948288,0.03137257695198059,0.04245801568031311,0.7089243471622467,0.7960846453905106,-0.002358067035674982,0.16632988750934596,nan,0.0,nan,0.0,0
16,260,5540,0.2852840909090909,2560,1.5797050893306732,0.408203125,0.7906095772981644,0.798901641368866,0.285546875,0.4445064127445221,0.9098585993051529,0.03137257695198059,0.0405707435682416,0.7029923498630524,0.7984427124261856,0.007833135128021196,0.16632988750934596,nan,0.0,nan,0.0,0
16,280,5560,0.2841477272727273,2560,1.6551412701606751,0.375390625,0.8243293434381485,0.8124976038932801,0.280078125,0.3991879433393478,0.9155889064073562,0.03137257695198059,0.04015381634235382,0.7038747370243073,0.7960846453905106,-0.02824469804763785,0.16632988750934596,nan,0.0,nan,0.0,0
16,300,5580,0.28301136363636364,2560,1.653874444961548,0.37265625,0.7918047666549682,0.7961398035287857,0.301953125,0.43230861574411394,0.9046798974275589,0.03137257695198059,0.03566304985433817,0.6892387002706528,0.7984427124261856,0.006637945771217346,0.16632988750934596,nan,0.0,nan,0.0,0
16,320,5600,0.28187500000000004,2560,1.6326274812221526,0.391796875,0.7968686372041702,0.7998437404632568,0.27109375,0.40252176225185393,0.9118417292833328,0.03137257695198059,0.04274786412715912,0.7092671692371368,0.7918047666549682,-0.0050638705492019875,0.16632988750934596,nan,0.0,nan,0.0,0
16,340,5620,0.28073863636363633,2560,1.6327348887920379,0.365625,0.7917390644550324,0.7987878352403641,0.31015625,0.41983250677585604,0.9084074825048447,0.03137257695198059,0.040292279422283174,0.7040986657142639,0.7968686372041702,0.005129572749137834,0.16632988750934596,nan,0.0,nan,0.0,0
16,352,5632,0.2800568181818182,1480,1.6098152553712999,0.3770270278324952,0.7623837880186133,0.7810107079712121,0.31283783735455695,0.43746572652378596,0.9096510545627491,0.03137257695198059,0.03643489240391835,0.6926159056457313,0.7918047666549682,0.029420978636354955,0.16632988750934596,nan,0.0,nan,0.0,0
17,20,5652,0.2789204545454545,2560,1.5783857583999634,0.4015625,0.7771357119083404,0.783772549033165,0.2734375,0.41724120229482653,0.9059484004974365,0.03137257695198059,0.03582973685115576,0.6914540231227875,0.7918047666549682,0.01466905474662783,0.16632988750934596,nan,0.0,nan,0.0,0
17,40,5672,0.2777840909090909,2560,1.6068228721618651,0.384765625,0.7787255436182022,0.7983675807714462,0.3078125,0.42555167973041536,0.9126494288444519,0.03137257695198059,0.04045087657868862,0.7069413751363754,0.7917390644550324,0.013013520836830161,0.16632988750934596,nan,0.0,nan,0.0,0
17,60,5692,0.27664772727272724,2560,1.6182419121265412,0.38828125,0.7909272193908692,0.7960589319467545,0.290234375,0.42379932999610903,0.9077690362930297,0.03137257695198059,0.037301437184214595,0.6965929359197617,0.7787255436182022,-0.012201675772666953,0.16632988750934596,nan,0.0,nan,0.0,0
17,80,5712,0.27551136363636364,2560,1.630609428882599,0.38828125,0.7967289388179779,0.7955642938613892,0.305078125,0.4419200912117958,0.9066487818956375,0.03137257695198059,0.03999991547316313,0.7030027568340301,0.7787255436182022,-0.018003395199775674,0.16632988750934596,nan,0.0,nan,0.0,0
17,100,5732,0.274375,2560,1.5963094890117646,0.3890625,0.7733356058597565,0.791194561123848,0.293359375,0.414256089925766,0.9104118555784225,0.03137257695198059,0.03610990513116121,0.6926110535860062,0.7787255436182022,0.005389937758445762,0.16632988750934596,nan,0.0,nan,0.0,0
17,120,5752,0.2732386363636364,2560,1.6205092668533325,0.384375,0.796244615316391,0.799949923157692,0.25703125,0.41776461005210874,0.9032381892204284,0.03137257695198059,0.041300630941987035,0.7057227432727814,0.7787255436182022,-0.017519071698188782,0.16632988750934596,nan,0.0,nan,0.0,0
17,140,5772,0.2721022727272727,2560,1.6178400278091432,0.37578125,0.7811374664306641,0.7916191309690476,0.3046875,0.41172650307416914,0.9046806484460831,0.03137257695198059,0.03888284619897604,0.7003913909196854,0.7909272193908692,0.009789752960205123,0.16632988750934596,nan,0.0,nan,0.0,0
17,160,5792,0.2709659090909091,2560,1.6090212285518646,0.383203125,0.7669438064098358,0.7865087062120437,0.309375,0.4345715895295143,0.9050228327512742,0.03137257695198059,0.03663080176338553,0.6931189656257629,0.7909272193908692,0.023983412981033347,0.16632988750934596,nan,0.0,nan,0.0,0
17,180,5812,0.26982954545454546,2560,1.5967869877815246,0.380078125,0.7776451021432876,0.79238460958004,0.2921875,0.41356432884931565,0.9094869256019592,0.03137257695198059,0.03573459666222334,0.689908105134964,0.7811374664306641,0.003492364287376426,0.16632988750934596,nan,0.0,nan,0.0,0
17,200,5832,0.26869318181818186,2560,1.610813444852829,0.381640625,0.7754240214824677,0.8012946009635925,0.28671875,0.4144341483712196,0.9108806818723678,0.03137257695198059,0.03534079492092133,0.6892538875341415,0.7776451021432876,0.0022210806608199407,0.16632988750934596,nan,0.0,nan,0.0,0
17,220,5852,0.26755681818181815,2560,1.6313016176223756,0.373046875,0.7736879289150238,0.7928250819444657,0.301171875,0.41175037771463396,0.9032197535037995,0.03137257695198059,0.03893038751557469,0.6990869700908661,0.7776451021432876,0.003957173228263833,0.16632988750934596,nan,0.0,nan,0.0,0
17,240,5872,0.26642045454545454,2560,1.5763591170310973,0.398828125,0.7341125279664993,0.7908409327268601,0.296484375,0.41623558700084684,0.9136897027492523,0.03137257695198059,0.031661896593868734,0.6777929157018662,0.7754240214824677,0.04131149351596841,0.16632988750934596,nan,0.0,nan,0.0,0
17,260,5892,0.2652840909090909,2560,1.6011784255504609,0.40234375,0.7515749931335449,0.790936803817749,0.285546875,0.43443828225135805,0.9097684383392334,0.03137257695198059,0.034254537895321846,0.6881599247455596,0.7736879289150238,0.022112935781478882,0.16632988750934596,nan,0.0,nan,0.0,0
17,280,5912,0.26414772727272723,2560,1.6095581948757172,0.37734375,0.7530126869678497,0.7899813562631607,0.282421875,0.3944494366645813,0.9105779141187668,0.03137257695198059,0.03411749443039298,0.6896680116653442,0.7736879289150238,0.020675241947174072,0.16632988750934596,nan,0.0,nan,0.0,0
17,300,5932,0.2630113636363636,2560,1.5524225771427154,0.4078125,0.7308081090450287,0.7751528590917587,0.29375,0.442112523317337,0.9040195643901825,0.03137257695198059,0.03691216828301549,0.6972187936306,0.7530126869678497,0.022204577922821045,0.16632988750934596,nan,0.0,nan,0.0,0
17,320,5952,0.26187499999999997,2560,1.6164082288742065,0.394921875,0.7551520884037017,0.7833228051662445,0.2671875,0.424424535036087,0.9055533319711685,0.03137257695198059,0.03848530175164342,0.7039387047290802,0.7515749931335449,-0.003577095270156816,0.16632988750934596,nan,0.0,nan,0.0,0
17,340,5972,0.26073863636363637,2560,1.5923363149166108,0.38671875,0.6166217863559723,0.7553899317979813,0.26171875,0.38174747824668886,0.9112738490104675,0.03137257695198059,0.02758743744343519,0.6687604814767838,0.7515749931335449,0.1349532067775726,0.16632988750934596,nan,0.0,nan,0.0,0
17,352,5984,0.2600568181818182,1480,1.5284685927468378,0.4168918925362664,0.5844350574789821,0.7460858490016009,0.28445945945945944,0.39149422033413034,0.9073737160579578,0.03137257695198059,0.027797376676588444,0.6680088085097236,0.7515749931335449,0.16713993565456287,0.16632988750934596,nan,0.0,nan,0.0,0
18,20,6004,0.25892045454545454,2560,1.4092544972896577,0.475390625,0.24916348718106746,0.681084594130516,0.2078125,0.32633365616202353,0.9134675592184067,0.03137257695198059,0.020432612905278803,0.6137031078338623,0.7308081090450287,0.48164462186396123,0.16632988750934596,nan,0.0,nan,0.0,0
18,40,6024,0.25778409090909093,2560,1.2650900781154633,0.520703125,0.05677332521881908,0.6283631801605225,0.165234375,0.2325790509581566,0.9197410821914673,0.03137257695198059,0.02343680406920612,0.6157395154237747,0.6166217863559723,0.5598484611371533,0.16632988750934596,nan,0.0,nan,0.0,0
18,60,6044,0.2566477272727273,2560,1.5405589461326599,0.4359375,0.19168687220662833,0.6530699640512466,0.231640625,0.37904599234461783,0.913727593421936,0.03137257695198059,0.03827271126210689,0.6905505955219269,0.5844350574789821,0.3927481852723537,0.16632988750934596,nan,0.0,nan,0.0,0
18,80,6064,0.2555113636363637,2560,1.468909603357315,0.4484375,0.2259910933673382,0.6700576990842819,0.2234375,0.3466447040438652,0.9086757838726044,0.03137257695198059,0.038375158235430716,0.6934942424297332,0.24916348718106746,0.023172393813729264,0.16632988750934596,nan,0.0,nan,0.0,0
18,100,6084,0.25437499999999996,2560,1.239808452129364,0.546875,0.07847216753289103,0.6047708064317703,0.157421875,0.23525482341647147,0.9138181269168854,0.03137257695198059,0.035020677000284196,0.67226582467556,0.2259910933673382,0.14751892583444715,0.16632988750934596,nan,0.0,nan,0.0,0
18,120,6104,0.25323863636363636,2560,1.1710160732269288,0.569140625,0.03937241464154795,0.5713395655155182,0.157421875,0.22526482976973056,0.9163320094347001,0.03137257695198059,0.03593317875638604,0.6779489338397979,0.19168687220662833,0.15231445756508039,0.16632988750934596,nan,0.0,nan,0.0,0
18,140,6124,0.2521022727272727,2560,1.198104202747345,0.5546875,0.039054018910974264,0.5655900508165359,0.148046875,0.20360213667154312,0.9124883234500885,0.03137257695198059,0.038313192781060934,0.6877583414316177,0.07847216753289103,0.03941814862191677,0.16632988750934596,nan,0.0,nan,0.0,0
18,160,6144,0.2509659090909091,2560,0.9468712896108628,0.66640625,0.0032806766219437124,0.5161230966448784,0.16015625,0.0018617427907884122,0.916197094321251,0.03137257695198059,0.049830342084169386,0.7094510823488236,0.07847216753289103,0.07519149091094732,0.16632988750934596,nan,0.0,nan,0.0,0
18,180,6164,0.24982954545454544,2560,1.1038105905056,0.594140625,0.018837370513938367,0.5277327403426171,0.126171875,0.16292710676789285,0.914525619149208,0.03137257695198059,0.04763003718107939,0.7100637972354888,0.03937241464154795,0.02053504412760958,0.16632988750934596,nan,0.0,nan,0.0,0
18,200,6184,0.24869318181818179,2560,0.9561609119176865,0.66328125,0.013383534672902897,0.5135901391506195,0.133203125,0.0065821556374430655,0.913282287120819,0.03137257695198059,0.04611910991370678,0.7137156933546066,0.039054018910974264,0.02567048423807137,0.16632988750934596,nan,0.0,nan,0.0,0
18,220,6204,0.24755681818181818,2560,0.9756332486867905,0.65703125,0.015562080312520266,0.5091529965400696,0.158203125,0.034310431824997066,0.9147224664688111,0.03137257695198059,0.04089653175324202,0.7014450639486313,0.018837370513938367,0.003275290201418101,0.16632988750934596,nan,0.0,nan,0.0,0
18,240,6224,0.2464204545454545,2560,0.9535639405250549,0.6671875,0.025104637607000768,0.5108075574040413,0.175390625,-0.01031876802444458,0.9139764338731766,0.03137257695198059,0.028322511911392213,0.660424217581749,0.015562080312520266,-0.009542557294480503,0.16632988750934596,nan,0.0,nan,0.0,0
18,260,6244,0.2452840909090909,2560,0.9742132425308228,0.66953125,0.025457031978294253,0.5114491909742356,0.21640625,-0.0834063480142504,0.9143923640251159,0.03137257695198059,0.026166341733187437,0.6478330820798874,0.015562080312520266,-0.009894951665773987,0.16632988750934596,nan,0.0,nan,0.0,0
18,280,6264,0.24414772727272724,2560,0.7293826922774315,0.7609375,0.026609531010035426,0.5030126079916954,0.262890625,-0.27705682143568994,0.9159408807754517,0.03137257695198059,0.028344711940735578,0.6577444821596146,0.018837370513938367,-0.0077721604960970594,0.16632988750934596,nan,0.0,nan,0.0,0
18,300,6284,0.24301136363636364,2560,0.8858363956212998,0.703125,0.006610945868305862,0.5091293558478356,0.240625,-0.18191036861389875,0.9132866084575653,0.03137257695198059,0.03163002580404282,0.6745335280895233,0.025104637607000768,0.018493691738694907,0.16632988750934596,nan,0.0,nan,0.0,0
18,320,6304,0.24187499999999995,2560,0.7912580788135528,0.7390625,0.03242363203316927,0.5057317197322846,0.2265625,-0.23009206131100654,0.9167774379253387,0.03137257695198059,0.02842528894543648,0.6682057529687881,0.025104637607000768,-0.007318994426168499,0.16632988750934596,nan,0.0,nan,0.0,0
18,340,6324,0.24073863636363635,2560,0.7756300449371338,0.7421875,0.018896867078728972,0.5083945095539093,0.221484375,-0.19858499206602573,0.9111258387565613,0.03137257695198059,0.02768981074914336,0.6686734229326248,0.025457031978294253,0.00656016489956528,0.16632988750934596,nan,0.0,nan,0.0,0
18,352,6336,0.2400568181818182,1480,0.727106845701063,0.7547297303741043,0.021319700052609313,0.5045155225573359,0.2716216211383407,-0.39976997149957194,0.9132599279687211,0.031372576770750255,0.026012387801263782,0.6621623354989129,0.025457031978294253,0.0041373319256849395,0.16632988750934596,nan,0.0,nan,0.0,0
19,20,6356,0.23892045454545452,2560,0.6618199467658996,0.7859375,0.032265592459589244,0.5026528865098954,0.281640625,-0.4694217875599861,0.9132583826780319,0.03137257695198059,0.02833665767684579,0.6727744817733765,0.021319700052609313,-0.010945892406979931,0.16632988750934596,nan,0.0,nan,0.0,0
19,40,6376,0.23778409090909092,2560,0.6255033910274506,0.797265625,0.02610884211026132,0.5108109891414643,0.30390625,-0.5374756038188935,0.9129003077745438,0.03137257695198059,0.029039546847343445,0.6764959692955017,0.021319700052609313,-0.004789142057652008,0.16632988750934596,nan,0.0,nan,0.0,0
19,60,6396,0.23664772727272726,2560,0.5359977722167969,0.820703125,0.011800309759564698,0.5059763714671135,0.34140625,-0.6428725883364678,0.9130165278911591,0.03137257695198059,0.028850596118718385,0.6736626416444779,0.02610884211026132,0.014308532350696623,0.16632988750934596,nan,0.0,nan,0.0,0
19,80,6416,0.23551136363636366,2560,0.5287839591503143,0.827734375,0.03160118611995131,0.5105390131473542,0.31953125,-0.6769479885697365,0.9152113795280457,0.03137257695198059,0.03051153915002942,0.6824999988079071,0.021319700052609313,-0.010281486067341996,0.16632988750934596,nan,0.0,nan,0.0,0
19,100,6436,0.234375,2560,0.7610138997435569,0.753125,0.030672303494066,0.5156523555517196,0.29921875,-0.46978576183319093,0.9137911707162857,0.03137257695198059,0.028088705241680147,0.6742196649312973,0.02610884211026132,-0.00456346138380468,0.16632988750934596,nan,0.0,nan,0.0,0
19,120,6456,0.23323863636363631,2560,0.5159962326288223,0.833203125,0.012996988138183951,0.5151317790150642,0.303125,-0.5766819030046463,0.913356551527977,0.03137257695198059,0.023271092027425767,0.6603483587503434,0.030672303494066,0.01767531535588205,0.16632988750934596,nan,0.0,nan,0.0,0
19,140,6476,0.2321022727272727,2560,0.5406756550073624,0.832421875,0.021056707203388213,0.510126256942749,0.345703125,-0.7219017446041107,0.911722332239151,0.03137257695198059,0.031025682855397464,0.6855648189783097,0.02610884211026132,0.005052134906873108,0.16632988750934596,nan,0.0,nan,0.0,0
19,160,6496,0.23096590909090906,2560,1.6648266524076463,0.501953125,0.07320700556738302,0.5726327478885651,0.307421875,0.41055859066545963,0.916326043009758,0.03137257695198059,0.03148241518065333,0.688093027472496,0.021056707203388213,-0.052150298363994804,0.16632988750934596,nan,0.0,nan,0.0,0
19,180,6516,0.22982954545454545,2560,1.8524319291114808,0.3234375,0.3784575954079628,0.7267747491598129,0.225390625,0.25816853791475297,0.9151123285293579,0.03137257695198059,0.04716438893228769,0.7226338535547256,0.030672303494066,-0.3477852919138968,0.16632988750934596,nan,0.0,nan,0.0,0
19,200,6536,0.22869318181818177,2560,1.7115658104419709,0.3578125,0.33819654360413554,0.7218958705663681,0.24765625,0.3272161990404129,0.9106024593114853,0.03137257695198059,0.04300899486988783,0.7068495810031891,0.030672303494066,-0.3075242401100695,0.16632988750934596,nan,0.0,nan,0.0,0
19,220,6556,0.22755681818181817,2560,1.5257660329341889,0.42890625,0.16098502688109875,0.68418008685112,0.218359375,0.2976519584655762,0.9080363184213638,0.03137257695198059,0.032418899890035394,0.6681673467159271,0.07320700556738302,-0.08777802131371573,0.16632988750934596,nan,0.0,nan,0.0,0
19,240,6576,0.2264204545454545,2560,1.239147996902466,0.5546875,0.07034151125699281,0.6305042445659638,0.14140625,0.1964964784681797,0.9147700220346451,0.03137257695198059,0.034936468675732614,0.6680144995450974,0.16098502688109875,0.09064351562410594,0.16632988750934596,nan,0.0,nan,0.0,0
19,260,6596,0.2252840909090909,2560,1.202813071012497,0.566796875,0.06219154028221965,0.5968003749847413,0.166015625,0.16500350479036568,0.9181670010089874,0.03137257695198059,0.03527126889675856,0.6696870803833008,0.16098502688109875,0.0987934865988791,0.16632988750934596,nan,0.0,nan,0.0,0
19,280,6616,0.22414772727272725,2560,1.0169138848781585,0.64296875,0.0570073745213449,0.5591285943984985,0.16796875,0.02199100758880377,0.9147781550884246,0.03137257695198059,0.03524852059781551,0.6707860887050628,0.16098502688109875,0.10397765235975386,0.16632988750934596,nan,0.0,nan,0.0,0
19,300,6636,0.22301136363636365,2560,1.0732489228248596,0.61875,0.05196803244762123,0.5496186763048172,0.221484375,0.015417408617213368,0.9196141719818115,0.03137257695198059,0.022718705143779515,0.6091914296150207,0.07034151125699281,0.018373478809371582,0.16632988750934596,nan,0.0,nan,0.0,0
19,320,6656,0.22187499999999996,2560,1.068034863471985,0.628515625,0.0714091912843287,0.53883096575737,0.2453125,-0.026517744455486537,0.9159759700298309,0.03137257695198059,0.027249516267329455,0.6370657175779343,0.06219154028221965,-0.00921765100210905,0.16632988750934596,nan,0.0,nan,0.0,0
19,340,6676,0.22073863636363636,2560,0.9930542260408401,0.648046875,0.03435570546425879,0.5343211054801941,0.184375,0.047182714799419045,0.9157196313142777,0.03137257695198059,0.04648471847176552,0.701937609910965,0.06219154028221965,0.027835834817960856,0.16632988750934596,nan,0.0,nan,0.0,0
19,352,6688,0.22005681818181821,1480,1.0875110458683324,0.6162162165384035,0.025870000752321494,0.5133938763592695,0.2337837838643306,0.04311117219763833,0.9163152150205663,0.03137257695198059,0.05032537351991679,0.7058614759831815,0.0570073745213449,0.031137373769023403,0.16632988750934596,nan,0.0,nan,0.0,0
20,20,6708,0.21892045454545453,2560,1.0799677610397338,0.625390625,0.046129169163759795,0.5532576382160187,0.1453125,0.1290607669390738,0.9206965386867523,0.03137257695198059,0.039517227187752725,0.6854408085346222,0.05196803244762123,0.005838863283861434,0.16632988750934596,nan,0.0,nan,0.0,0
20,40,6728,0.21778409090909087,2560,1.0195104628801346,0.640234375,0.041509001259692015,0.5384714961051941,0.140625,0.09275009143166243,0.9235328882932663,0.03137257695198059,0.03542530285194516,0.6729438573122024,0.046129169163759795,0.00462016790406778,0.16632988750934596,nan,0.0,nan,0.0,0
20,60,6748,0.21664772727272727,2560,1.039763841032982,0.636328125,0.06405006432905794,0.5275802850723267,0.168359375,0.163911347463727,0.92180355489254,0.03137257695198059,0.03274108180776238,0.67362160384655,0.041509001259692015,-0.022541063069365923,0.16632988750934596,nan,0.0,nan,0.0,0
20,80,6768,0.2155113636363636,2560,0.9843668311834335,0.656640625,0.03234736369922757,0.5399151027202607,0.171484375,0.032195480354130265,0.9114107966423035,0.03137257695198059,0.027569158282130957,0.6442823499441147,0.041509001259692015,0.009161637560464446,0.16632988750934596,nan,0.0,nan,0.0,0
20,100,6788,0.214375,2560,0.955332589149475,0.65546875,0.036972135002724824,0.5243243053555489,0.15546875,0.1640668986365199,0.912871441245079,0.03137257695198059,0.04348019044846296,0.6966643422842026,0.041509001259692015,0.004536866256967191,0.16632988750934596,nan,0.0,nan,0.0,0
20,120,6808,0.21323863636363632,2560,1.2089348167181015,0.566015625,0.04164478166494519,0.5369246363639831,0.167578125,0.28270651437342165,0.9132090449333191,0.03137257695198059,0.053029218874871734,0.7218646049499512,0.041509001259692015,-0.0001357804052531733,0.16632988750934596,nan,0.0,nan,0.0,0
20,140,6828,0.21210227272727272,2560,0.8583180278539657,0.700390625,0.0477230632212013,0.5122488811612129,0.165625,-0.03933955067768693,0.9162546932697296,0.03137257695198059,0.037066382355988026,0.6869832038879394,0.041509001259692015,-0.006214061961509289,0.16632988750934596,nan,0.0,nan,0.0,0
20,160,6848,0.21096590909090907,2560,0.7300329744815827,0.751171875,0.0326394563075155,0.5130624249577522,0.2234375,-0.15609473995864392,0.9113085687160491,0.03137257695198059,0.042698181979358193,0.7027985215187073,0.04164478166494519,0.009005325357429685,0.16632988750934596,nan,0.0,nan,0.0,0
20,180,6868,0.20982954545454546,2560,0.826174047589302,0.71875,0.05470072524622083,0.5166791439056396,0.209375,-0.11511875931173562,0.9125073939561844,0.03137257695198059,0.06393255740404129,0.7480752646923066,0.036972135002724824,-0.017728590243496004,0.16632988750934596,nan,0.0,nan,0.0,0
20,200,6888,0.20869318181818178,2560,0.6947293430566788,0.765625,0.02807942556682974,0.500185027718544,0.241796875,-0.27761461697518824,0.9128741174936295,0.03137257695198059,0.065499696880579,0.746040478348732,0.04164478166494519,0.013565356098115447,0.16632988750934596,nan,0.0,nan,0.0,0
20,220,6908,0.20755681818181818,2560,0.6245220929384232,0.787890625,0.054376320773735644,0.5089105129241943,0.316015625,-0.5380072593688965,0.912217864394188,0.03137257695198059,0.0584509739652276,0.7324201703071594,0.04164478166494519,-0.012731539108790456,0.16632988750934596,nan,0.0,nan,0.0,0
20,240,6928,0.20642045454545452,2560,0.7311596095561981,0.75625,0.0387934744823724,0.5087931543588639,0.31796875,-0.44803181663155556,0.9142917782068253,0.03137257695198059,0.05701864920556545,0.7321738630533219,0.0477230632212013,0.008929588738828903,0.16632988750934596,nan,0.0,nan,0.0,0
20,260,6948,0.20528409090909092,2560,0.6770386293530464,0.7765625,0.031533250270877035,0.5043571621179581,0.28828125,-0.38686847910284994,0.9135039150714874,0.03137257695198059,0.055799641832709315,0.7290743321180344,0.0387934744823724,0.0072602242114953655,0.16632988750934596,nan,0.0,nan,0.0,0
20,280,6968,0.20414772727272726,2560,0.7412937909364701,0.75859375,0.03393805474042892,0.4982579708099365,0.3296875,-0.4744424358010292,0.913348662853241,0.03137257695198059,0.044727642089128494,0.7052966117858886,0.0387934744823724,0.004855419741943479,0.16632988750934596,nan,0.0,nan,0.0,0
20,300,6988,0.20301136363636366,2560,0.6541525617241859,0.78203125,0.017160414811223747,0.5040090084075928,0.326171875,-0.5141324773430824,0.9128601342439652,0.03137257695198059,0.049844660051167014,0.7187511771917343,0.03393805474042892,0.016777639929205175,0.16632988750934596,nan,0.0,nan,0.0,0
20,320,7008,0.20187499999999997,2560,0.6580531761050225,0.78828125,0.022749601467512547,0.4994110241532326,0.36640625,-0.6514501839876174,0.914308950304985,0.03137257695198059,0.051000138930976394,0.7207977503538132,0.03393805474042892,0.011188453272916375,0.16632988750934596,nan,0.0,nan,0.0,0
20,340,7028,0.20073863636363637,2560,0.7614909946918488,0.741796875,0.032571751554496584,0.5102100506424904,0.308203125,-0.385601819306612,0.9147120386362075,0.03137257695198059,0.05070143640041351,0.7235385298728942,0.031533250270877035,-0.0010385012836195487,0.16632988750934596,nan,0.0,nan,0.0,0
20,352,7040,0.20005681818181814,1480,0.737826547107181,0.7574324324324324,0.03579309643120379,0.5015948432522851,0.26689189197243873,-0.24700509430588902,0.9141150835398081,0.03137257695198059,0.05079539174566398,0.7275331503636128,0.031533250270877035,-0.0042598461603267565,0.16632988750934596,nan,0.0,nan,0.0,0
