epoch,batch,global_step,lr,window_samples,train_adv_loss,train_adv_acc,free_gradient_cosine,free_gradient_sign_agreement,free_prediction_disagreement,free_attack_loss_gain,free_boundary_fraction,free_delta_linf,control_gradient_participation_ratio,control_gradient_entropy,detector_baseline,detector_score,detector_threshold,detector_pgd10_acc,detector_seconds,observer_pgd10_acc,observer_pgd10_seconds,intervention_triggered
1,20,20,0.0010795454545454546,2560,2.8825119018554686,0.0,0.04075774401426315,0.5049527704715728,0.28828125,0.5830816179513931,0.9157389521598815,0.03137257695198059,0.2520761124789715,0.8869301199913024,nan,nan,0.16632988750934596,nan,0.0,nan,0.0,0
1,40,40,0.002215909090909091,2560,2.5887857913970946,0.012890625,0.13617087677121162,0.529800432920456,0.331640625,0.39286399334669114,0.9149053126573563,0.03137257695198059,0.24819935858249664,0.8855809986591339,nan,nan,0.16632988750934596,nan,0.0,nan,0.0,0
1,60,60,0.0033522727272727276,2560,2.3254439353942873,0.113671875,0.4275713533163071,0.6085949093103409,0.164453125,0.17019110694527625,0.9137830317020417,0.03137257695198059,0.2059587672352791,0.8673566251993179,nan,nan,0.16632988750934596,nan,0.0,nan,0.0,0
1,80,80,0.004488636363636363,2560,2.2495281219482424,0.141015625,0.666984936594963,0.6801901638507843,0.174609375,0.11045228354632855,0.9145851343870163,0.03137257695198059,0.14958501234650612,0.8298422902822494,0.13617087677121162,-0.5308140598237514,0.16632988750934596,nan,0.0,nan,0.0,0
1,100,100,0.005625,2560,2.2157992362976073,0.162109375,0.7512663751840591,0.7156229943037034,0.18671875,0.10613773129880429,0.9163664728403091,0.03137257695198059,0.12524985074996947,0.80696542263031,0.28187111504375933,-0.4693952601402998,0.16632988750934596,nan,0.0,0.1171875,0.36990799999330193,0
1,120,120,0.006761363636363636,2560,2.2061519622802734,0.163671875,0.7881797850131989,0.7338961452245713,0.196875,0.10816128551959991,0.9177574336528778,0.03137257695198059,0.1130790315568447,0.793505945801735,0.4275713533163071,-0.3606084316968918,0.16632988750934596,nan,0.0,nan,0.0,0
1,140,140,0.007897727272727272,2560,2.167606258392334,0.177734375,0.8270451754331589,0.749257043004036,0.194140625,0.12084901630878449,0.9186134517192841,0.03137257695198059,0.09380238167941571,0.7690569132566452,0.666984936594963,-0.16006023883819587,0.16632988750934596,nan,0.0,nan,0.0,0
1,160,160,0.009034090909090908,2560,2.1548593521118162,0.1875,0.8583059757947922,0.7667860895395279,0.163671875,0.12216481044888497,0.9148571163415908,0.03137257695198059,0.08393614999949932,0.7546008080244064,0.7512663751840591,-0.10703960061073303,0.16632988750934596,nan,0.0,nan,0.0,0
1,180,180,0.010170454545454547,2560,2.138953971862793,0.205078125,0.8761785387992859,0.7854187190532684,0.1640625,0.13684821613132953,0.912668377161026,0.03137257695198059,0.08004538752138615,0.7464473456144333,0.7881797850131989,-0.08799875378608701,0.16632988750934596,nan,0.0,nan,0.0,0
1,200,200,0.011306818181818182,2560,2.1304919719696045,0.204296875,0.8799420833587647,0.7987807124853135,0.187890625,0.16138954013586043,0.9128647059202194,0.03137257695198059,0.07656930647790432,0.7429891973733902,0.8270451754331589,-0.05289690792560575,0.16632988750934596,nan,0.0,0.1953125,0.3607289999490604,0
1,220,220,0.012443181818181819,2560,2.11018328666687,0.211328125,0.8864094853401184,0.8058118402957917,0.195703125,0.1741134598851204,0.9135326653718948,0.03137257695198059,0.07261680997908115,0.7373834043741226,0.8583059757947922,-0.028103509545326255,0.16632988750934596,nan,0.0,nan,0.0,0
1,240,240,0.013579545454545454,2560,2.0981153011322022,0.208203125,0.893301260471344,0.8241264522075653,0.184765625,0.18968067988753318,0.9132808864116668,0.03137257695198059,0.0735523123294115,0.7437505125999451,0.8761785387992859,-0.017122721672058083,0.16632988750934596,nan,0.0,nan,0.0,0
1,260,260,0.014715909090909089,2560,2.06424503326416,0.226171875,0.891247496008873,0.8277529567480088,0.180859375,0.20377277657389642,0.916167339682579,0.03137257695198059,0.08054194524884224,0.756528228521347,0.8799420833587647,-0.011305412650108315,0.16632988750934596,nan,0.0,nan,0.0,0
1,280,280,0.015852272727272725,2560,2.074841356277466,0.22890625,0.9053888022899628,0.8377272456884384,0.1953125,0.20020247772336006,0.9131111383438111,0.03137257695198059,0.07897886037826538,0.7534170866012573,0.8864094853401184,-0.018979316949844338,0.16632988750934596,nan,0.0,nan,0.0,0
1,300,300,0.016988636363636362,2560,2.0726242542266844,0.22421875,0.9034882336854935,0.8331883907318115,0.19765625,0.2107696421444416,0.9153259456157684,0.03137257695198059,0.07257162295281887,0.7492060154676438,0.891247496008873,-0.012240737676620483,0.16632988750934596,nan,0.0,0.171875,0.3573632000479847,0
1,320,320,0.018125,2560,2.089292573928833,0.21015625,0.9008744031190872,0.834785732626915,0.194921875,0.22470561936497688,0.9176236629486084,0.03137257695198059,0.07377677671611309,0.747960501909256,0.893301260471344,-0.007573142647743225,0.16632988750934596,nan,0.0,nan,0.0,0
1,340,340,0.019261363636363635,2560,2.064810848236084,0.2140625,0.9030155748128891,0.8342148035764694,0.21171875,0.21122925132513046,0.9163311183452606,0.03137257695198059,0.06925373263657093,0.7410732597112656,0.9008744031190872,-0.002141171693801902,0.16632988750934596,nan,0.0,nan,0.0,0
1,352,352,0.019943181818181818,1480,2.0447257364118423,0.23986486478431804,0.9071649032670098,0.8404046335735836,0.19121621629676303,0.21715678862623267,0.9178671614543812,0.03137257695198059,0.06924994096562669,0.7413968463201781,0.9030155748128891,-0.004149328454120749,0.16632988750934596,nan,0.0,nan,0.0,0
2,20,372,0.021079545454545455,2560,2.020434093475342,0.234765625,0.906273701786995,0.8405708491802215,0.210546875,0.21635032668709755,0.9190829247236252,0.03137257695198059,0.06446436215192079,0.7338079750537873,0.9034882336854935,-0.002785468101501487,0.16632988750934596,nan,0.0,nan,0.0,0
2,40,392,0.022215909090909088,2560,2.0108978271484377,0.24609375,0.9007449567317962,0.8371051996946335,0.207421875,0.24339532628655433,0.9154813319444657,0.03137257695198059,0.0689762219786644,0.7445467919111252,0.9034882336854935,0.002743276953697249,0.16632988750934596,nan,0.0,0.203125,0.3895780999446288,0
2,60,412,0.023352272727272725,2560,2.0295897245407106,0.228515625,0.9072722226381302,0.8390237390995026,0.196484375,0.23014029636979103,0.9139028131961823,0.03137257695198059,0.06261439304798841,0.7321432709693909,0.9030155748128891,-0.0042566478252411555,0.16632988750934596,nan,0.0,nan,0.0,0
2,80,432,0.024488636363636365,2560,1.995572566986084,0.2453125,0.9010664045810699,0.8418759852647781,0.20390625,0.2459496334195137,0.9191157221794128,0.03137257695198059,0.06332925502210855,0.7352273046970368,0.906273701786995,0.005207297205925054,0.16632988750934596,nan,0.0,nan,0.0,0
2,100,452,0.025625,2560,1.98857421875,0.2421875,0.9022120505571365,0.8411438226699829,0.202734375,0.2461399994790554,0.918208333849907,0.03137257695198059,0.06634464096277952,0.7410940289497375,0.906273701786995,0.004061651229858465,0.16632988750934596,nan,0.0,nan,0.0,0
2,120,472,0.026761363636363635,2560,2.0278650760650634,0.23515625,0.912300044298172,0.8489600092172622,0.198046875,0.23414322584867478,0.9179055720567704,0.03137257695198059,0.06545736044645309,0.7375070214271545,0.9022120505571365,-0.010087993741035528,0.16632988750934596,nan,0.0,nan,0.0,0
2,140,492,0.027897727272727272,2560,2.0019861698150634,0.24375,0.9060267806053162,0.8435147732496262,0.19921875,0.25720878690481186,0.915876030921936,0.03137257695198059,0.0649363523349166,0.7380733042955399,0.9022120505571365,-0.003814730048179671,0.16632988750934596,nan,0.0,0.1796875,0.3716196999885142,0
2,160,512,0.02903409090909091,2560,2.000693368911743,0.2515625,0.9056080996990203,0.8494186609983444,0.212109375,0.2581568546593189,0.9163598597049714,0.03137257695198059,0.06921694539487362,0.746891313791275,0.9060267806053162,0.0004186809062958208,0.16632988750934596,nan,0.0,nan,0.0,0
2,180,532,0.030170454545454545,2560,2.013851547241211,0.246875,0.9101600915193557,0.851178503036499,0.219921875,0.2609317235648632,0.9203491359949112,0.03137257695198059,0.06456063650548458,0.7361998409032822,0.9056080996990203,-0.004551991820335388,0.16632988750934596,nan,0.0,nan,0.0,0
2,200,552,0.03130681818181818,2560,2.001840090751648,0.2390625,0.9088410794734955,0.8446759730577469,0.210546875,0.2650014109909534,0.9176896631717681,0.03137257695198059,0.060538035444915296,0.7323948204517364,0.9060267806053162,-0.002814298868179299,0.16632988750934596,nan,0.0,nan,0.0,0
2,220,572,0.032443181818181815,2560,1.9873005390167235,0.246484375,0.9090573847293854,0.849983748793602,0.19609375,0.26476881727576257,0.9156986445188522,0.03137257695198059,0.06161029078066349,0.7324050575494766,0.9088410794734955,-0.00021630525588989258,0.16632988750934596,nan,0.0,nan,0.0,0
2,240,592,0.03357954545454545,2560,1.988951063156128,0.260546875,0.907243400812149,0.8497028559446335,0.205078125,0.2720675602555275,0.919684362411499,0.03137257695198059,0.0626135291531682,0.7373595386743546,0.9088410794734955,0.0015976786613464133,0.16632988750934596,nan,0.0,0.2265625,0.38111730001401156,0
2,260,612,0.03471590909090909,2560,1.9637619018554688,0.2578125,0.9109200090169907,0.852103054523468,0.215625,0.25743346512317655,0.916809356212616,0.03137257695198059,0.06097108107060194,0.7358671456575394,0.9088410794734955,-0.0020789295434952004,0.16632988750934596,nan,0.0,nan,0.0,0
2,280,632,0.035852272727272726,2560,1.9794777631759644,0.25859375,0.9036412686109543,0.8434898614883423,0.22421875,0.2721091337502003,0.9201006799936294,0.03137257695198059,0.06148249562829733,0.7361276984214783,0.9090573847293854,0.005416116118431069,0.16632988750934596,nan,0.0,nan,0.0,0
2,300,652,0.03698863636363636,2560,1.956730604171753,0.258984375,0.907113128900528,0.8490375638008117,0.227734375,0.27748808115720747,0.9181376397609711,0.03137257695198059,0.06390965972095727,0.7416154980659485,0.9088410794734955,0.0017279505729674849,0.16632988750934596,nan,0.0,nan,0.0,0
2,320,672,0.038125,2560,1.9602086067199707,0.258203125,0.902789083123207,0.8487074762582779,0.210546875,0.2821662902832031,0.9138560175895691,0.03137257695198059,0.063976925984025,0.7402528703212738,0.907243400812149,0.004454317688942,0.16632988750934596,nan,0.0,nan,0.0,0
2,340,692,0.03926136363636363,2560,1.9697105884552002,0.26328125,0.8957264453172684,0.8492444574832916,0.222265625,0.27558847367763517,0.9189739376306534,0.03137257695198059,0.062170558236539365,0.7390716254711152,0.907113128900528,0.01138668358325956,0.16632988750934596,nan,0.0,0.203125,0.3671121000079438,0
2,352,704,0.039943181818181815,1480,1.9142881631851196,0.26486486518705216,0.9033593358220281,0.8435195223705189,0.2013513515929918,0.27026449917136014,0.9148048413766398,0.03137257695198059,0.06008634382003063,0.7320002791043875,0.9036412686109543,0.0002819327889261869,0.16632988750934596,nan,0.0,nan,0.0,0
3,20,724,0.04107954545454545,2560,1.92932186126709,0.27890625,0.9060915529727935,0.8490224391222,0.223828125,0.2841585040092468,0.915340569615364,0.03137257695198059,0.058416078053414824,0.730430668592453,0.9033593358220281,-0.002732217150765437,0.16632988750934596,nan,0.0,nan,0.0,0
3,40,744,0.04221590909090909,2560,1.9116352081298829,0.2859375,0.902670156955719,0.8508026272058486,0.20234375,0.28174426034092903,0.9168038845062256,0.03137257695198059,0.06045693177729845,0.7375785112380981,0.9033593358220281,0.000689178866309148,0.16632988750934596,nan,0.0,nan,0.0,0
3,60,764,0.043352272727272725,2560,1.9309844255447388,0.259375,0.9019325464963913,0.8488217860460281,0.210546875,0.2906907759606838,0.9147171169519425,0.03137257695198059,0.05487816780805588,0.7256823420524597,0.902789083123207,0.0008565366268157293,0.16632988750934596,nan,0.0,nan,0.0,0
3,80,784,0.04448863636363636,2560,1.8968374729156494,0.279296875,0.8954709619283676,0.8465372920036316,0.224609375,0.3055552840232849,0.9176592707633973,0.03137257695198059,0.061176756583154204,0.7385625720024109,0.902670156955719,0.007199195027351335,0.16632988750934596,nan,0.0,0.1953125,0.37652509997133166,0
3,100,804,0.04562499999999999,2560,1.914430058002472,0.269921875,0.9056007266044617,0.847109368443489,0.21484375,0.29065281301736834,0.915695595741272,0.03137257695198059,0.05860161818563938,0.7311848253011703,0.902670156955719,-0.00293056964874272,0.16632988750934596,nan,0.0,nan,0.0,0
3,120,824,0.046761363636363636,2560,1.923827338218689,0.258203125,0.9054260075092315,0.8483645349740982,0.22421875,0.292894059419632,0.9152366846799851,0.03137257695198059,0.05528656095266342,0.7239230245351791,0.902670156955719,-0.0027558505535125732,0.16632988750934596,nan,0.0,nan,0.0,0
3,140,844,0.04789772727272727,2560,1.917907977104187,0.283203125,0.9104331761598587,0.8536523401737213,0.236328125,0.296324810385704,0.9161131739616394,0.03137257695198059,0.05865407269448042,0.7322331696748734,0.902670156955719,-0.007763019204139798,0.16632988750934596,nan,0.0,nan,0.0,0
3,160,864,0.04903409090909091,2560,1.9250649452209472,0.272265625,0.9027494877576828,0.8494350612163544,0.221875,0.30595812946558,0.916227611899376,0.03137257695198059,0.05739675313234329,0.7323706477880478,0.9054260075092315,0.0026765197515487005,0.16632988750934596,nan,0.0,nan,0.0,0
3,180,884,0.050170454545454546,2560,1.9630066871643066,0.2671875,0.9007839322090149,0.8482011377811431,0.212109375,0.28779811412096024,0.9189558833837509,0.03137257695198059,0.054911893978714946,0.725468572974205,0.9054260075092315,0.004642075300216653,0.16632988750934596,nan,0.0,0.2265625,0.3693686999613419,0
3,200,904,0.05130681818181818,2560,1.9463974237442017,0.2765625,0.9015590727329255,0.8472936242818833,0.205078125,0.28884813785552976,0.9170789211988449,0.03137257695198059,0.05559211131185293,0.7304652124643326,0.9054260075092315,0.0038669347763060635,0.16632988750934596,nan,0.0,nan,0.0,0
3,220,924,0.05244318181818181,2560,1.8941521883010863,0.279296875,0.8939911603927613,0.8407510310411453,0.229296875,0.29709400087594984,0.9163392633199692,0.03137257695198059,0.0532397186383605,0.7239094197750091,0.9027494877576828,0.008758327364921548,0.16632988750934596,nan,0.0,nan,0.0,0
3,240,944,0.05357954545454545,2560,1.898093545436859,0.27421875,0.8978226989507675,0.8473248988389969,0.23125,0.2901875987648964,0.9158271968364715,0.03137257695198059,0.05683787669986486,0.7308540672063828,0.9015590727329255,0.0037363737821579646,0.16632988750934596,nan,0.0,nan,0.0,0
3,260,964,0.054715909090909086,2560,1.9099963426589965,0.273828125,0.9008614391088485,0.8474131405353547,0.242578125,0.29988894760608675,0.911882421374321,0.03137257695198059,0.05639675408601761,0.7300125926733017,0.9007839322090149,-7.7506899833657e-05,0.16632988750934596,nan,0.0,nan,0.0,0
3,280,984,0.05585227272727273,2560,1.9341870427131653,0.272265625,0.8926203966140747,0.8427172631025315,0.232421875,0.2973092824220657,0.9171947747468948,0.03137257695198059,0.054937972128391264,0.7295807003974915,0.9007839322090149,0.008163535594940208,0.16632988750934596,nan,0.0,0.296875,0.36390979995485395,0
3,300,1004,0.056988636363636366,2560,1.8588964939117432,0.272265625,0.8846928954124451,0.8379911005496978,0.244921875,0.3180412508547306,0.9189660638570786,0.03137257695198059,0.053496241196990015,0.7258689284324646,0.8978226989507675,0.013129803538322382,0.16632988750934596,nan,0.0,nan,0.0,0
3,320,1024,0.058124999999999996,2560,1.8980655670166016,0.288671875,0.8945162177085877,0.8446472376585007,0.225390625,0.3048060640692711,0.9185791164636612,0.03137257695198059,0.05444664154201746,0.7257311165332794,0.8939911603927613,-0.000525057315826416,0.16632988750934596,nan,0.0,nan,0.0,0
3,340,1044,0.05926136363636363,2560,1.8849704027175904,0.276171875,0.8844191759824753,0.8404559016227722,0.26328125,0.3179099649190903,0.9140873163938522,0.03137257695198059,0.053141959197819236,0.7244514554738999,0.8945162177085877,0.010097041726112366,0.16632988750934596,nan,0.0,nan,0.0,0
3,352,1056,0.05994318181818181,1480,1.8589131535710515,0.28513513529622875,0.9012520664447062,0.8531107290371044,0.23108108124217472,0.28332248152913275,0.9179711879910649,0.03137257695198059,0.05692158812606657,0.7331198782534213,0.8926203966140747,-0.008631669830631572,0.16632988750934596,nan,0.0,nan,0.0,0
4,20,1076,0.061079545454545456,2560,1.8518406391143798,0.303125,0.8827716588974,0.8376068294048309,0.252734375,0.3224268764257431,0.9149650722742081,0.03137257695198059,0.05184755064547062,0.721272549033165,0.8926203966140747,0.009848737716674716,0.16632988750934596,nan,0.0,0.3125,0.3756864001043141,0
4,40,1096,0.06221590909090909,2560,1.892978596687317,0.2828125,0.8945993393659591,0.8476136714220047,0.251171875,0.32149763852357865,0.9135036766529083,0.03137257695198059,0.05019116457551718,0.7166567742824554,0.8846928954124451,-0.009906443953514033,0.16632988750934596,nan,0.0,nan,0.0,0
4,60,1116,0.06335227272727273,2560,1.8565749168395995,0.29296875,0.8961836993694305,0.8443992823362351,0.228515625,0.30826080590486526,0.9124974817037582,0.03137257695198059,0.05178574081510305,0.7202662348747253,0.8945162177085877,-0.001667481660842851,0.16632988750934596,nan,0.0,nan,0.0,0
4,80,1136,0.06448863636363636,2560,1.8475356340408324,0.28671875,0.8853638947010041,0.8390180110931397,0.240625,0.31165257543325425,0.9188856959342957,0.03137257695198059,0.05359783936291933,0.7262886017560959,0.8945993393659591,0.009235444664955073,0.16632988750934596,nan,0.0,nan,0.0,0
4,100,1156,0.065625,2560,1.8611398577690124,0.2875,0.8854821771383286,0.8405708521604538,0.240234375,0.33257333040237425,0.9143797755241394,0.03137257695198059,0.05247956793755293,0.7260055214166641,0.8945993393659591,0.009117162227630593,0.16632988750934596,nan,0.0,nan,0.0,0
4,120,1176,0.06676136363636363,2560,1.8990588903427124,0.29140625,0.8870639234781266,0.8395687311887741,0.2234375,0.31695452630519866,0.9186048090457917,0.03137257695198059,0.053702008724212644,0.7280364245176315,0.8854821771383286,-0.001581746339798018,0.16632988750934596,nan,0.0,0.2890625,0.36836969992145896,0
4,140,1196,0.06789772727272726,2560,1.8812922477722167,0.288671875,0.8905222445726395,0.8451043665409088,0.23515625,0.3165502712130547,0.9132691919803619,0.03137257695198059,0.0516123004257679,0.7234666675329209,0.8870639234781266,-0.0034583210945129395,0.16632988750934596,nan,0.0,nan,0.0,0
4,160,1216,0.0690340909090909,2560,1.8314672470092774,0.291015625,0.8804842621088028,0.8389871180057525,0.241015625,0.32607740461826323,0.9150121301412583,0.03137257695198059,0.05198489539325237,0.724037942290306,0.8870639234781266,0.006579661369323753,0.16632988750934596,nan,0.0,nan,0.0,0
4,180,1236,0.07017045454545454,2560,1.818059504032135,0.30859375,0.8885878711938858,0.846462270617485,0.248046875,0.32929904013872147,0.914499294757843,0.03137257695198059,0.055098113045096396,0.7301797091960907,0.8854821771383286,-0.003105694055557273,0.16632988750934596,nan,0.0,nan,0.0,0
4,200,1256,0.07130681818181818,2560,1.810176467895508,0.309375,0.874448972940445,0.83311667740345,0.259375,0.3366261497139931,0.9175372034311294,0.03137257695198059,0.0507196506485343,0.7228503972291946,0.8870639234781266,0.01261495053768158,0.16632988750934596,nan,0.0,nan,0.0,0
4,220,1276,0.07244318181818182,2560,1.7776349782943726,0.331640625,0.8881059795618057,0.8385879784822464,0.2375,0.33060269355773925,0.9156905114650726,0.03137257695198059,0.0493771456182003,0.7179874867200852,0.8870639234781266,-0.0010420560836791326,0.16632988750934596,nan,0.0,0.2890625,0.35604280000552535,0
4,240,1296,0.07357954545454545,2560,1.7896587014198304,0.30859375,0.8838421523571014,0.8387728542089462,0.25546875,0.3506527736783028,0.9174774348735809,0.03137257695198059,0.05261595640331507,0.7256997764110565,0.8881059795618057,0.004263827204704307,0.16632988750934596,nan,0.0,nan,0.0,0
4,260,1316,0.07471590909090908,2560,1.8199475288391114,0.3078125,0.8841302394866943,0.834216970205307,0.2640625,0.33267046958208085,0.9200854182243348,0.03137257695198059,0.05305777434259653,0.7270203113555909,0.8838421523571014,-0.0002880871295929399,0.16632988750934596,nan,0.0,nan,0.0,0
4,280,1336,0.07585227272727273,2560,1.8097176432609559,0.316015625,0.8904049605131149,0.8408096492290497,0.257421875,0.3505552738904953,0.9154661983251572,0.03137257695198059,0.0541792307049036,0.7276733994483948,0.8841302394866943,-0.006274721026420571,0.16632988750934596,nan,0.0,nan,0.0,0
4,300,1356,0.07698863636363637,2560,1.7991447448730469,0.309765625,0.8810855507850647,0.8370479762554168,0.250390625,0.33756778538227084,0.9184317499399185,0.03137257695198059,0.057271091267466545,0.7392415940761566,0.8841302394866943,0.003044688701629661,0.16632988750934596,nan,0.0,nan,0.0,0
4,320,1376,0.078125,2560,1.8064939260482789,0.316015625,0.8872627973556518,0.8360533565282822,0.23828125,0.34860317707061766,0.9145482659339905,0.03137257695198059,0.05289067625999451,0.7278574943542481,0.8841302394866943,-0.0031325578689574973,0.16632988750934596,nan,0.0,0.265625,0.3576357999118045,0
4,340,1396,0.07926136363636364,2560,1.8202420949935914,0.316796875,0.8769075065851212,0.8293379753828048,0.259765625,0.34312124252319337,0.9171140283346176,0.03137257695198059,0.05204916279762983,0.7260060340166092,0.8841302394866943,0.007222732901573159,0.16632988750934596,nan,0.0,nan,0.0,0
4,352,1408,0.07994318181818182,1480,1.7802531848082672,0.32229729761948456,0.8827210262015059,0.8358431635676203,0.2756756751923948,0.3652521784241135,0.9188894568262873,0.03137257695198059,0.053002426491395846,0.7263648226454451,0.8841302394866943,0.0014092132851883932,0.16632988750934596,nan,0.0,nan,0.0,0
5,20,1428,0.08107954545454545,2560,1.8004953861236572,0.3171875,0.8783462643623352,0.8346559077501297,0.26015625,0.3440563574433327,0.9131155848503113,0.03137257695198059,0.055848135985434054,0.733647295832634,0.8827210262015059,0.004374761839170738,0.16632988750934596,nan,0.0,nan,0.0,0
5,40,1448,0.08221590909090909,2560,1.7903627395629882,0.31796875,0.8798876106739044,0.834054970741272,0.258203125,0.3390484556555748,0.9149307459592819,0.03137257695198059,0.05297583974897861,0.7284223139286041,0.8810855507850647,0.0011979401111602561,0.16632988750934596,nan,0.0,nan,0.0,0
5,60,1468,0.08335227272727272,2560,1.7594989120960236,0.33359375,0.8692892581224442,0.8319835871458053,0.262109375,0.35504199713468554,0.9179074764251709,0.03137257695198059,0.05009105168282986,0.7227342545986175,0.8798876106739044,0.010598352551460244,0.16632988750934596,nan,0.0,0.3203125,0.37228760006837547,0
5,80,1488,0.08448863636363636,2560,1.7779507696628571,0.32109375,0.8657073438167572,0.8289146602153779,0.274609375,0.3689793303608894,0.917080071568489,0.03137257695198059,0.0567023815587163,0.7390340983867645,0.8783462643623352,0.012638920545578025,0.16632988750934596,nan,0.0,nan,0.0,0
5,100,1508,0.08562499999999999,2560,1.7842120409011841,0.327734375,0.8709323704242706,0.8266906976699829,0.25234375,0.35117953568696975,0.9154744625091553,0.03137257695198059,0.05201983116567135,0.7262751638889313,0.8783462643623352,0.007413893938064575,0.16632988750934596,nan,0.0,nan,0.0,0
5,120,1528,0.08676136363636362,2560,1.7679642856121063,0.3203125,0.874784967303276,0.8323448330163956,0.267578125,0.36287992149591447,0.918880358338356,0.03137257695198059,0.05362353473901749,0.730188837647438,0.8709323704242706,-0.00385259687900541,0.16632988750934596,nan,0.0,nan,0.0,0
5,140,1548,0.08789772727272727,2560,1.788404655456543,0.3265625,0.866796562075615,0.8270271509885788,0.2828125,0.35330373197793963,0.9165439814329147,0.03137257695198059,0.05537107512354851,0.7320319563150406,0.8709323704242706,0.0041358083486556785,0.16632988750934596,nan,0.0,nan,0.0,0
5,160,1568,0.0890340909090909,2560,1.7864419221878052,0.32578125,0.8738644003868103,0.8301816493272781,0.266015625,0.36417907327413557,0.9156093776226044,0.03137257695198059,0.049264279939234254,0.7222016125917434,0.8692892581224442,-0.004575142264366172,0.16632988750934596,nan,0.0,0.2890625,0.3713741999818012,0
5,180,1588,0.09017045454545455,2560,1.7457931756973266,0.342578125,0.868184170126915,0.8269190788269043,0.251953125,0.351800274848938,0.9187631160020828,0.03137257695198059,0.05356834456324577,0.7310058176517487,0.8709323704242706,0.002748200297355674,0.16632988750934596,nan,0.0,nan,0.0,0
5,200,1608,0.09130681818181818,2560,1.7292537450790406,0.336328125,0.8646975547075272,0.826619228720665,0.272265625,0.3867238089442253,0.9143188685178757,0.03137257695198059,0.055551061406731606,0.7335506767034531,0.8709323704242706,0.006234815716743447,0.16632988750934596,nan,0.0,nan,0.0,0
5,220,1628,0.09244318181818183,2560,1.7559950590133666,0.3265625,0.8808625131845474,0.8342881709337234,0.2640625,0.34875324964523313,0.9183281153440476,0.03137257695198059,0.05619347207248211,0.7352949410676957,0.868184170126915,-0.01267834305763249,0.16632988750934596,nan,0.0,nan,0.0,0
5,240,1648,0.09357954545454546,2560,1.7474649906158448,0.3296875,0.870919606089592,0.8303072810173034,0.271875,0.3697209805250168,0.9127506464719772,0.03137257695198059,0.04967268370091915,0.7213917583227157,0.868184170126915,-0.002735435962677002,0.16632988750934596,nan,0.0,nan,0.0,0
5,260,1668,0.09471590909090909,2560,1.740042233467102,0.326171875,0.8730448871850968,0.832276177406311,0.288671875,0.3559929743409157,0.9119841545820236,0.03137257695198059,0.05345589108765125,0.7295443147420884,0.870919606089592,-0.002125281095504805,0.16632988750934596,nan,0.0,0.3515625,0.36196039989590645,0
5,280,1688,0.09585227272727273,2560,1.7491289734840394,0.330078125,0.8654381096363067,0.8260783046483994,0.2640625,0.37582950592041015,0.9169311791658401,0.03137257695198059,0.053483817540109155,0.7314670801162719,0.870919606089592,0.005481496453285217,0.16632988750934596,nan,0.0,nan,0.0,0
5,300,1708,0.09698863636363636,2560,1.7462580680847168,0.338671875,0.8731296002864838,0.8314514309167862,0.276953125,0.36222656816244125,0.9150172084569931,0.03137257695198059,0.05103999003767967,0.7264905452728272,0.870919606089592,-0.002209994196891829,0.16632988750934596,nan,0.0,nan,0.0,0
5,320,1728,0.098125,2560,1.7412973284721374,0.34453125,0.8684481531381607,0.8296619564294815,0.23984375,0.3576370865106583,0.9186119258403778,0.03137257695198059,0.05190038923174143,0.7288635551929474,0.8730448871850968,0.004596734046936057,0.16632988750934596,nan,0.0,nan,0.0,0
5,340,1748,0.09926136363636363,2560,1.717434537410736,0.344140625,0.8638922184705734,0.8276073604822158,0.26484375,0.3587010368704796,0.9104338526725769,0.03137257695198059,0.05013333261013031,0.7234383165836334,0.870919606089592,0.007027387619018555,0.16632988750934596,nan,0.0,nan,0.0,0
5,352,1760,0.0999431818181818,1480,1.7620119984085496,0.3250000004832809,0.8569543732179178,0.8242862978497068,0.2837837842670647,0.3908141550180074,0.9163416031244639,0.03137257695198059,0.052398149427529926,0.7280458208676931,0.8684481531381607,0.01149377992024292,0.16632988750934596,nan,0.0,0.3203125,0.36593119997996837,0
6,20,1780,0.10107954545454545,2560,1.7543177008628845,0.32109375,0.8663950115442276,0.8313450068235397,0.29765625,0.38749151676893234,0.914536052942276,0.03137257695198059,0.05157666280865669,0.7278251826763154,0.8654381096363067,-0.0009569019079208596,0.16632988750934596,nan,0.0,nan,0.0,0
6,40,1800,0.10221590909090908,2560,1.721645039319992,0.33828125,0.8610383838415145,0.8265894711017608,0.286328125,0.36902945041656493,0.9167423456907272,0.03137257695198059,0.05176360290497541,0.7273483753204346,0.8663950115442276,0.005356627702713057,0.16632988750934596,nan,0.0,nan,0.0,0
6,60,1820,0.10335227272727272,2560,1.7268407106399537,0.34375,0.87333664894104,0.8322434961795807,0.25859375,0.36413872241973877,0.9126294612884521,0.03137257695198059,0.05200159512460232,0.7293049246072769,0.8638922184705734,-0.009444430470466614,0.16632988750934596,nan,0.0,nan,0.0,0
6,80,1840,0.10448863636363635,2560,1.7233099222183228,0.326171875,0.8551517635583877,0.8242443233728409,0.29140625,0.37786621898412703,0.9134966760873795,0.03137257695198059,0.052535389363765714,0.730592742562294,0.8638922184705734,0.008740454912185669,0.16632988750934596,nan,0.0,nan,0.0,0
6,100,1860,0.10562500000000001,2560,1.7490090072154998,0.334765625,0.8548391491174698,0.8244683772325516,0.269921875,0.37976380735635756,0.916164419054985,0.03137257695198059,0.05233365576714277,0.7294349670410156,0.8610383838415145,0.006199234724044711,0.16632988750934596,nan,0.0,0.296875,0.3771108000073582,0
6,120,1880,0.10676136363636364,2560,1.7223516583442688,0.332421875,0.8582215905189514,0.8264841914176941,0.285546875,0.37407064288854597,0.9102359920740127,0.03137257695198059,0.048932673037052156,0.7229707807302475,0.8610383838415145,0.002816793322563127,0.16632988750934596,nan,0.0,nan,0.0,0
6,140,1900,0.10789772727272727,2560,1.7081009685993194,0.358203125,0.8595279932022095,0.8255237817764283,0.2546875,0.36402455270290374,0.9138417810201644,0.03137257695198059,0.05286643337458372,0.7312660843133927,0.8582215905189514,-0.001306402683258101,0.16632988750934596,nan,0.0,nan,0.0,0
6,160,1920,0.10903409090909091,2560,1.6923076033592224,0.35078125,0.8584566861391068,0.8218870997428894,0.270703125,0.3755749359726906,0.9101749628782272,0.03137257695198059,0.05028080232441425,0.7260136097669602,0.8582215905189514,-0.00023509562015533447,0.16632988750934596,nan,0.0,nan,0.0,0
6,180,1940,0.11017045454545454,2560,1.724596118927002,0.33828125,0.8583711415529252,0.8220235347747803,0.26484375,0.38451425582170484,0.9169808894395828,0.03137257695198059,0.05325545072555542,0.7305535346269607,0.8582215905189514,-0.00014955103397373826,0.16632988750934596,nan,0.0,nan,0.0,0
6,200,1960,0.11130681818181819,2560,1.7068380475044251,0.34453125,0.8555601447820663,0.823459142446518,0.284765625,0.3809018939733505,0.9082481563091278,0.03137257695198059,0.05389395598322153,0.7336657732725144,0.8583711415529252,0.0028109967708588313,0.16632988750934596,nan,0.0,0.34375,0.3609863999299705,0
6,220,1980,0.11244318181818182,2560,1.6964775443077087,0.36328125,0.8515835225582122,0.8205443263053894,0.265234375,0.37782344669103624,0.9111337214708328,0.03137257695198059,0.05112421065568924,0.7266246527433395,0.8583711415529252,0.006787618994712918,0.16632988750934596,nan,0.0,nan,0.0,0
6,240,2000,0.11357954545454545,2560,1.7005516469478608,0.352734375,0.850836181640625,0.8177609920501709,0.276953125,0.37073061615228653,0.9155814051628113,0.03137257695198059,0.049804937839508054,0.7245578646659852,0.8583711415529252,0.007534959912300132,0.16632988750934596,nan,0.0,nan,0.0,0
6,260,2020,0.11471590909090909,2560,1.6791587054729462,0.37265625,0.8536348372697831,0.8232738643884658,0.2546875,0.3821897104382515,0.9136164516210556,0.03137257695198059,0.051580067910254004,0.727844876050949,0.8555601447820663,0.0019253075122832586,0.16632988750934596,nan,0.0,nan,0.0,0
6,280,2040,0.11585227272727272,2560,1.7015997231006623,0.348046875,0.8516071021556855,0.8183877468109131,0.290234375,0.4057744577527046,0.9159852504730225,0.03137257695198059,0.051289993524551394,0.7278328090906143,0.8536348372697831,0.002027735114097595,0.16632988750934596,nan,0.0,nan,0.0,0
6,300,2060,0.11698863636363635,2560,1.6908010840415955,0.366015625,0.8507380723953247,0.821094024181366,0.251171875,0.36281194239854814,0.9124817103147507,0.03137257695198059,0.0481909403577447,0.7210837870836257,0.8516071021556855,0.00086902976036074,0.16632988750934596,nan,0.0,0.3125,0.35731370002031326,0
6,320,2080,0.118125,2560,1.674592536687851,0.354296875,0.8460838288068772,0.8187136501073837,0.294921875,0.3902094841003418,0.9166451960802078,0.03137257695198059,0.050462661869823934,0.7231305450201034,0.8515835225582122,0.005499693751335077,0.16632988750934596,nan,0.0,nan,0.0,0
6,340,2100,0.11926136363636362,2560,1.7055132150650025,0.364453125,0.8584909230470658,0.8272762477397919,0.266015625,0.3996948853135109,0.9130469173192978,0.03137257695198059,0.04894029200077057,0.722407802939415,0.850836181640625,-0.007654741406440735,0.16632988750934596,nan,0.0,nan,0.0,0
6,352,2112,0.11994318181818181,1480,1.7001702882148124,0.3716216212994344,0.8467106545293653,0.8148976490304277,0.2709459465903205,0.3949007583631052,0.9142998437623719,0.03137257695198059,0.051026860745372,0.7256145706047883,0.8516071021556855,0.004896447626320133,0.16632988750934596,nan,0.0,nan,0.0,0
7,20,2132,0.12107954545454545,2560,1.7110236704349517,0.34921875,0.8542774677276611,0.8237393856048584,0.27421875,0.38502450436353686,0.9105413019657135,0.03137257695198059,0.051203078031539916,0.7280671864748001,0.8507380723953247,-0.0035393953323363814,0.16632988750934596,nan,0.0,nan,0.0,0
7,40,2152,0.1222159090909091,2560,1.674720561504364,0.3515625,0.851771917939186,0.8189165890216827,0.281640625,0.37668315321207047,0.9147425532341004,0.03137257695198059,0.04714504834264517,0.7184090673923492,0.8507380723953247,-0.0010338455438613225,0.16632988750934596,nan,0.0,0.28125,0.3787439001025632,0
7,60,2172,0.12335227272727273,2560,1.6567529141902924,0.3546875,0.846606096625328,0.819826403260231,0.29140625,0.3905779331922531,0.909111550450325,0.03137257695198059,0.05001988038420677,0.7262691020965576,0.851771917939186,0.00516582131385801,0.16632988750934596,nan,0.0,nan,0.0,0
7,80,2192,0.12448863636363636,2560,1.6851003766059875,0.3609375,0.8541749775409698,0.8219931483268738,0.271875,0.3851393565535545,0.911499297618866,0.03137257695198059,0.045615780353546145,0.7154256105422974,0.851771917939186,-0.0024030596017837746,0.16632988750934596,nan,0.0,nan,0.0,0
7,100,2212,0.125625,2560,1.6979355275630952,0.346484375,0.8412441432476043,0.8129928767681122,0.28671875,0.3991184994578362,0.9105990290641784,0.03137257695198059,0.047890656441450116,0.7194648146629333,0.851771917939186,0.010527774691581726,0.16632988750934596,nan,0.0,nan,0.0,0
7,120,2232,0.12676136363636364,2560,1.6853231608867645,0.369140625,0.8464978069067002,0.8235818386077881,0.26171875,0.382726214826107,0.9118128716945648,0.03137257695198059,0.04656320996582508,0.7174654275178909,0.851771917939186,0.005274111032485873,0.16632988750934596,nan,0.0,nan,0.0,0
7,140,2252,0.12789772727272727,2560,1.6360371470451356,0.371484375,0.8275605857372283,0.8089452296495437,0.279296875,0.38861806839704516,0.9075134456157684,0.03137257695198059,0.049837725982069966,0.7238181203603744,0.846606096625328,0.019045510888099693,0.16632988750934596,nan,0.0,0.3828125,0.3564706000033766,0
7,160,2272,0.1290340909090909,2560,1.6777661085128783,0.34296875,0.8306514650583268,0.8133401453495026,0.309375,0.39576879888772964,0.9163444727659226,0.03137257695198059,0.049821296520531175,0.7246989965438843,0.8464978069067002,0.015846341848373413,0.16632988750934596,nan,0.0,nan,0.0,0
7,180,2292,0.13017045454545453,2560,1.653517597913742,0.3703125,0.8447470188140869,0.8195897608995437,0.277734375,0.4123724579811096,0.9121483087539672,0.03137257695198059,0.051012022793293,0.7276702791452407,0.8412441432476043,-0.003502875566482544,0.16632988750934596,nan,0.0,nan,0.0,0
7,200,2312,0.13130681818181816,2560,1.6641161382198333,0.362109375,0.8529315739870071,0.8219288110733032,0.2984375,0.3940869316458702,0.9125812739133835,0.03137257695198059,0.04997909292578697,0.7234356731176377,0.8412441432476043,-0.011687430739402815,0.16632988750934596,nan,0.0,nan,0.0,0
7,220,2332,0.13244318181818182,2560,1.6604349613189697,0.3703125,0.8477853089570999,0.8225418329238892,0.280078125,0.3856988623738289,0.9081009089946747,0.03137257695198059,0.04973986819386482,0.7267510175704956,0.8447470188140869,-0.003038290143013045,0.16632988750934596,nan,0.0,nan,0.0,0
7,240,2352,0.13357954545454545,2560,1.629233467578888,0.3734375,0.8444323182106018,0.8183535426855088,0.297265625,0.4008999064564705,0.9173749536275864,0.03137257695198059,0.04879509750753641,0.7214124828577042,0.8447470188140869,0.0003147006034850408,0.16632988750934596,nan,0.0,0.328125,0.3574259999440983,0
7,260,2372,0.13471590909090908,2560,1.663358074426651,0.37421875,0.8456984966993332,0.8218270808458328,0.272265625,0.39621335119009016,0.9110807001590728,0.03137257695198059,0.04920025020837784,0.7232889771461487,0.8447470188140869,-0.0009514778852462991,0.16632988750934596,nan,0.0,nan,0.0,0
7,280,2392,0.1358522727272727,2560,1.6534864544868468,0.3640625,0.8310178637504577,0.8129267573356629,0.2875,0.39173329770565035,0.9145230859518051,0.03137257695198059,0.04895420763641596,0.7237140357494354,0.8456984966993332,0.01468063294887545,0.16632988750934596,nan,0.0,nan,0.0,0
7,300,2412,0.13698863636363634,2560,1.6611182391643524,0.361328125,0.8394390344619751,0.8112790644168854,0.299609375,0.38899905532598494,0.915620568394661,0.03137257695198059,0.047841381281614304,0.7212309151887893,0.8456984966993332,0.006259462237358071,0.16632988750934596,nan,0.0,nan,0.0,0
7,320,2432,0.138125,2560,1.7027724027633666,0.341796875,0.8439776092767716,0.8156355708837509,0.294921875,0.40344290286302564,0.9097926050424576,0.03137257695198059,0.04593966286629438,0.7162983804941178,0.8444323182106018,0.00045470893383026123,0.16632988750934596,nan,0.0,nan,0.0,0
7,340,2452,0.13926136363636363,2560,1.6605913996696473,0.37890625,0.8415387034416199,0.8175246179103851,0.266796875,0.37567807286977767,0.913404232263565,0.03137257695198059,0.047657244838774204,0.7195937305688858,0.8439776092767716,0.0024389058351517168,0.16632988750934596,nan,0.0,0.3671875,0.3655407000333071,0
7,352,2464,0.13994318181818183,1480,1.6619785495706507,0.3675675682119421,0.8428497304787507,0.8154495007282979,0.25608108059780016,0.38742056037928607,0.9133223900923858,0.031372576770750255,0.042756643146276474,0.7105490336547027,0.8415387034416199,-0.0013110270371308186,0.16632988750934596,nan,0.0,nan,0.0,0
8,20,2484,0.14107954545454546,2560,1.622356355190277,0.381640625,0.8388715952634811,0.8137943476438523,0.26875,0.3911374419927597,0.9134192317724228,0.03137257695198059,0.04785919487476349,0.7217741042375565,0.8415387034416199,0.002667108178138755,0.16632988750934596,nan,0.0,nan,0.0,0
8,40,2504,0.1422159090909091,2560,1.671535062789917,0.35390625,0.8368455111980438,0.8194718867540359,0.2796875,0.4021355226635933,0.9108870416879654,0.03137257695198059,0.048241345398128035,0.7227176249027252,0.8415387034416199,0.004693192243576005,0.16632988750934596,nan,0.0,nan,0.0,0
8,60,2524,0.14335227272727272,2560,1.647437834739685,0.366796875,0.8295085310935975,0.8105362147092819,0.29921875,0.3974986016750336,0.9089426904916763,0.03137257695198059,0.0437646184116602,0.7114025533199311,0.8415387034416199,0.012030172348022394,0.16632988750934596,nan,0.0,nan,0.0,0
8,80,2544,0.14448863636363635,2560,1.6525621473789216,0.36484375,0.8375653624534607,0.8165246486663819,0.267578125,0.393281015753746,0.9119007259607315,0.03137257695198059,0.04389322157949209,0.7139837563037872,0.8388715952634811,0.0013062328100204024,0.16632988750934596,nan,0.0,0.3828125,0.3617870999732986,0
8,100,2564,0.145625,2560,1.6598261058330537,0.369921875,0.8394590765237808,0.8140720576047897,0.291015625,0.39253370016813277,0.9112203150987626,0.03137257695198059,0.048180118575692175,0.7233010083436966,0.8375653624534607,-0.0018937140703201294,0.16632988750934596,nan,0.0,nan,0.0,0
8,120,2584,0.14676136363636363,2560,1.6320731341838837,0.365625,0.8225896716117859,0.8066449671983719,0.294140625,0.40725180357694624,0.9024322688579559,0.03137257695198059,0.0478885380551219,0.7205695003271103,0.8375653624534607,0.014975690841674827,0.16632988750934596,nan,0.0,nan,0.0,0
8,140,2604,0.14789772727272726,2560,1.6741929650306702,0.359375,0.8363626033067704,0.8101179957389831,0.296484375,0.398016494512558,0.9087141841650009,0.03137257695198059,0.045089883357286455,0.7150955438613892,0.8368455111980438,0.00048290789127347633,0.16632988750934596,nan,0.0,nan,0.0,0
8,160,2624,0.1490340909090909,2560,1.6266024112701416,0.375390625,0.83933884203434,0.8153630703687668,0.280078125,0.4008261263370514,0.9134927302598953,0.03137257695198059,0.04668558817356825,0.7181478857994079,0.8363626033067704,-0.00297623872756958,0.16632988750934596,nan,0.0,nan,0.0,0
8,180,2644,0.15017045454545455,2560,1.6158046543598175,0.390234375,0.8370943546295166,0.8137804925441742,0.283984375,0.3904615953564644,0.9117012292146682,0.03137257695198059,0.048028812557458875,0.7182941615581513,0.8375653624534607,0.0004710078239440474,0.16632988750934596,nan,0.0,0.3515625,0.3575046999612823,0
8,200,2664,0.15130681818181818,2560,1.6362962424755096,0.378515625,0.83420450091362,0.8128624200820923,0.2734375,0.40988795310258863,0.907843416929245,0.03137257695198059,0.04437090326100588,0.7127912163734436,0.8370943546295166,0.002889853715896673,0.16632988750934596,nan,0.0,nan,0.0,0
8,220,2684,0.1524431818181818,2560,1.672738605737686,0.3625,0.8313856601715088,0.8199102014303208,0.28515625,0.4094645842909813,0.9120212703943252,0.03137257695198059,0.04878825582563877,0.7219534307718277,0.8363626033067704,0.004976943135261536,0.16632988750934596,nan,0.0,nan,0.0,0
8,240,2704,0.15357954545454547,2560,1.62759228348732,0.380859375,0.8380364865064621,0.8100826472043992,0.28828125,0.39340909421443937,0.907842019200325,0.03137257695198059,0.04542767498642206,0.7147174179553986,0.8363626033067704,-0.0016738831996917503,0.16632988750934596,nan,0.0,nan,0.0,0
8,260,2724,0.1547159090909091,2560,1.6506673216819763,0.3640625,0.8207525968551636,0.8081313014030457,0.291796875,0.4040699630975723,0.9143289089202881,0.03137257695198059,0.04488700777292252,0.7145139217376709,0.8370943546295166,0.016341757774353094,0.16632988750934596,nan,0.0,nan,0.0,0
8,280,2744,0.15585227272727273,2560,1.6315153121948243,0.36640625,0.8354051291942597,0.8175884425640106,0.28046875,0.41110620349645616,0.9082442134618759,0.03137257695198059,0.050305997394025324,0.7262884676456451,0.83420450091362,-0.001200628280639715,0.16632988750934596,nan,0.0,0.3125,0.3571247999789193,0
8,300,2764,0.15698863636363636,2560,1.6814383149147034,0.363671875,0.8305027604103088,0.8131717890501022,0.28828125,0.39446393102407457,0.9168111354112625,0.03137257695198059,0.049706502631306645,0.7243393748998642,0.83420450091362,0.0037017405033111794,0.16632988750934596,nan,0.0,nan,0.0,0
8,320,2784,0.158125,2560,1.597943764925003,0.3875,0.824838376045227,0.8127662897109985,0.2765625,0.3917343646287918,0.9139396876096726,0.03137257695198059,0.045619504526257515,0.7155358821153641,0.8313856601715088,0.006547284126281805,0.16632988750934596,nan,0.0,nan,0.0,0
8,340,2804,0.15926136363636365,2560,1.6293392658233643,0.373828125,0.8304968476295471,0.8110894680023193,0.289453125,0.40055704712867735,0.9100774347782135,0.03137257695198059,0.04352839421480894,0.7094615012407303,0.8305027604103088,5.912780761674341e-06,0.16632988750934596,nan,0.0,nan,0.0,0
8,352,2816,0.15994318181818182,1480,1.649481674142786,0.34864864945411683,0.8169702958416294,0.806921082573968,0.3047297305351979,0.4183310325081284,0.9119277245289571,0.03137257695198059,0.04631083907710539,0.7171961204425709,0.8304968476295471,0.013526551787917729,0.16632988750934596,nan,0.0,nan,0.0,0
9,20,2836,0.16107954545454548,2560,1.6074649035930633,0.374609375,0.8256900310516357,0.8093382716178894,0.282421875,0.39196462333202364,0.9128542840480804,0.03137257695198059,0.04375458676367998,0.7092736631631851,0.8304968476295471,0.004806816577911377,0.16632988750934596,nan,0.0,0.296875,0.37289820006117225,0
9,40,2856,0.1622159090909091,2560,1.6609506905078888,0.362890625,0.8292765110731125,0.8083728969097137,0.281640625,0.41152490526437757,0.9086425930261612,0.03137257695198059,0.04693102315068245,0.7175848424434662,0.8256900310516357,-0.003586480021476768,0.16632988750934596,nan,0.0,nan,0.0,0
9,60,2876,0.16335227272727273,2560,1.6108070135116577,0.37734375,0.828956151008606,0.8096242427825928,0.29375,0.3972891002893448,0.9141734004020691,0.03137257695198059,0.04525611624121666,0.7150953471660614,0.8256900310516357,-0.003266119956970237,0.16632988750934596,nan,0.0,nan,0.0,0
9,80,2896,0.16448863636363636,2560,1.628732055425644,0.39375,0.8184421330690383,0.8053858667612076,0.26875,0.4164519652724266,0.9121083736419677,0.03137257695198059,0.04431904256343842,0.7131258130073548,0.828956151008606,0.010514017939567633,0.16632988750934596,nan,0.0,nan,0.0,0
9,100,2916,0.165625,2560,1.6345708847045899,0.375390625,0.8217244148254395,0.8091434717178345,0.285546875,0.4128080293536186,0.9069263726472855,0.03137257695198059,0.044550842605531216,0.7140315294265747,0.8256900310516357,0.003965616226196289,0.16632988750934596,nan,0.0,nan,0.0,0
9,120,2936,0.16676136363636365,2560,1.6305601000785828,0.365234375,0.8373449444770813,0.8156733363866806,0.279296875,0.3880231663584709,0.9140225887298584,0.03137257695198059,0.0447737155482173,0.710973072052002,0.8256900310516357,-0.011654913425445557,0.16632988750934596,nan,0.0,0.3125,0.37005170003976673,0
9,140,2956,0.16789772727272728,2560,1.625055980682373,0.377734375,0.8305499225854873,0.8120479732751846,0.287890625,0.41234121918678285,0.9090544641017914,0.03137257695198059,0.045270539820194244,0.7142703145742416,0.828956151008606,-0.001593771576881342,0.16632988750934596,nan,0.0,nan,0.0,0
9,160,2976,0.1690340909090909,2560,1.6077943325042725,0.39609375,0.8219535857439041,0.8070268213748932,0.277734375,0.4182341605424881,0.908097991347313,0.03137257695198059,0.04576770216226578,0.716687148809433,0.828956151008606,0.007002565264701888,0.16632988750934596,nan,0.0,nan,0.0,0
9,180,2996,0.17017045454545454,2560,1.6473352432250976,0.387890625,0.8233616471290588,0.808365648984909,0.259375,0.4094038501381874,0.9081137537956238,0.03137257695198059,0.0453806173056364,0.7151472121477127,0.8219535857439041,-0.001408061385154702,0.16632988750934596,nan,0.0,nan,0.0,0
9,200,3016,0.17130681818181817,2560,1.642578309774399,0.375390625,0.8355443567037583,0.8104029595851898,0.27421875,0.3904701665043831,0.9097266107797622,0.03137257695198059,0.04554417505860329,0.716866210103035,0.8233616471290588,-0.012182709574699468,0.16632988750934596,nan,0.0,nan,0.0,0
9,220,3036,0.17244318181818183,2560,1.6389179587364198,0.378125,0.8240707218647003,0.8116813838481903,0.2765625,0.41015572398900985,0.9112813532352447,0.03137257695198059,0.04506789185106754,0.7155849486589432,0.8305499225854873,0.006479200720787004,0.16632988750934596,nan,0.0,0.3203125,0.3600590000860393,0
9,240,3056,0.17357954545454546,2560,1.6157439053058624,0.376953125,0.8244942784309387,0.8069558680057526,0.2859375,0.3964859738945961,0.9076585322618484,0.03137257695198059,0.04478283375501633,0.7135035395622253,0.8240707218647003,-0.0004235565662383811,0.16632988750934596,nan,0.0,nan,0.0,0
9,260,3076,0.1747159090909091,2560,1.6281391501426696,0.3765625,0.8123924404382705,0.8079542964696884,0.30078125,0.4182985216379166,0.9051972895860672,0.03137257695198059,0.048962124064564704,0.7233417958021164,0.8240707218647003,0.011678281426429793,0.16632988750934596,nan,0.0,nan,0.0,0
9,280,3096,0.17585227272727272,2560,1.626127701997757,0.373828125,0.8205555289983749,0.8081488490104676,0.291015625,0.40414113402366636,0.9110731959342957,0.03137257695198059,0.04450694788247347,0.7133301258087158,0.8240707218647003,0.0035151928663254006,0.16632988750934596,nan,0.0,nan,0.0,0
9,300,3116,0.17698863636363635,2560,1.6230290234088898,0.383984375,0.8144694596529007,0.8061629265546799,0.29296875,0.4168341189622879,0.9118676722049713,0.03137257695198059,0.04511211197823286,0.7140401124954223,0.8240707218647003,0.009601262211799577,0.16632988750934596,nan,0.0,nan,0.0,0
9,320,3136,0.178125,2560,1.6195321798324585,0.3890625,0.8156473517417908,0.8080911189317703,0.27578125,0.39527234584093096,0.9091687709093094,0.03137257695198059,0.047171923145651815,0.7191030949354171,0.8205555289983749,0.004908177256584101,0.16632988750934596,nan,0.0,0.3515625,0.3558130000019446,0
9,340,3156,0.17926136363636364,2560,1.6162837862968444,0.384375,0.8193298161029816,0.8040349572896958,0.269921875,0.3985789269208908,0.9068622797727585,0.03137257695198059,0.04354889690876007,0.7127831518650055,0.8156473517417908,-0.003682464361190796,0.16632988750934596,nan,0.0,nan,0.0,0
9,352,3168,0.17994318181818184,1480,1.618966446696101,0.3885135136746071,0.8136796364913116,0.8046945594452523,0.3013513514318982,0.43765861375911813,0.9070176266335153,0.03137257695198059,0.04166300856583827,0.7060276263468974,0.8156473517417908,0.0019677152504792295,0.16632988750934596,nan,0.0,nan,0.0,0
10,20,3188,0.18107954545454547,2560,1.5976654469966889,0.384765625,0.8100434362888336,0.8051827907562256,0.27890625,0.4067838877439499,0.9061432123184204,0.03137257695198059,0.04697690829634667,0.7193849414587021,0.8156473517417908,0.005603915452957242,0.16632988750934596,nan,0.0,nan,0.0,0
10,40,3208,0.1822159090909091,2560,1.6029550313949585,0.396875,0.8302180290222168,0.8100442439317703,0.27421875,0.40867980420589445,0.9084336817264557,0.03137257695198059,0.047243811376392844,0.7194670587778091,0.8144694596529007,-0.015748569369316012,0.16632988750934596,nan,0.0,nan,0.0,0
10,60,3228,0.18335227272727272,2560,1.5920721232891082,0.39609375,0.8170389741659164,0.810474294424057,0.278125,0.3992457941174507,0.9097671747207642,0.03137257695198059,0.04328202363103628,0.7088674396276474,0.8156473517417908,-0.0013916224241256048,0.16632988750934596,nan,0.0,0.3671875,0.3728010000195354,0
10,80,3248,0.18448863636363635,2560,1.5845863103866578,0.399609375,0.8037172585725785,0.802782079577446,0.278515625,0.41254488825798036,0.9067811518907547,0.03137257695198059,0.04357773344963789,0.7120902240276337,0.8170389741659164,0.013321715593337946,0.16632988750934596,nan,0.0,nan,0.0,0
10,100,3268,0.185625,2560,1.6032169699668883,0.37578125,0.806802260875702,0.800977224111557,0.292578125,0.41430721431970596,0.90811527967453,0.03137257695198059,0.04087974205613136,0.7047531723976135,0.8136796364913116,0.006877375615609638,0.16632988750934596,nan,0.0,nan,0.0,0
10,120,3288,0.18676136363636364,2560,1.6550114452838898,0.37265625,0.8203312963247299,0.8113200098276139,0.28671875,0.4029130175709724,0.9087271571159363,0.03137257695198059,0.04677201602607965,0.7196772962808609,0.8100434362888336,-0.010287860035896323,0.16632988750934596,nan,0.0,nan,0.0,0
10,140,3308,0.18789772727272727,2560,1.5964482188224793,0.384765625,0.8034169316291809,0.8015297085046769,0.296484375,0.41372485309839246,0.9038181483745575,0.03137257695198059,0.043000107444822785,0.7112978518009185,0.8170389741659164,0.01362204253673549,0.16632988750934596,nan,0.0,nan,0.0,0
10,160,3328,0.1890340909090909,2560,1.606164127588272,0.38359375,0.8130731552839279,0.8041706264019013,0.26640625,0.39129952192306516,0.9115360409021378,0.03137257695198059,0.04615399092435837,0.7154169619083405,0.806802260875702,-0.006270894408225924,0.16632988750934596,nan,0.0,0.3671875,0.3646605999674648,0
10,180,3348,0.19017045454545453,2560,1.630184632539749,0.362109375,0.8214352339506149,0.8076521784067154,0.304296875,0.41004347056150436,0.9169632166624069,0.03137257695198059,0.04331376608461142,0.7100526541471481,0.806802260875702,-0.014632973074912958,0.16632988750934596,nan,0.0,nan,0.0,0
10,200,3368,0.1913068181818182,2560,1.6011515319347382,0.4,0.8213580876588822,0.8099310785531998,0.28125,0.4115545079112053,0.9117458581924438,0.03137257695198059,0.045728932693600656,0.7166331797838211,0.8130731552839279,-0.008284932374954312,0.16632988750934596,nan,0.0,nan,0.0,0
10,220,3388,0.19244318181818182,2560,1.6256002366542817,0.38359375,0.8028130501508712,0.7951802730560302,0.29140625,0.4261764660477638,0.9103485196828842,0.03137257695198059,0.04460989274084568,0.7131510347127914,0.8203312963247299,0.017518246173858665,0.16632988750934596,nan,0.0,nan,0.0,0
10,240,3408,0.19357954545454545,2560,1.626315027475357,0.37421875,0.8164259314537048,0.8021389305591583,0.288671875,0.4150224760174751,0.907697570323944,0.03137257695198059,0.04283213634043932,0.7078796207904816,0.8130731552839279,-0.0033527761697769165,0.16632988750934596,nan,0.0,nan,0.0,0
10,260,3428,0.19471590909090908,2560,1.5932114362716674,0.380078125,0.8078105300664902,0.8003283351659775,0.30625,0.4027074337005615,0.9107499599456788,0.03137257695198059,0.043752278201282024,0.7103568822145462,0.8164259314537048,0.008615401387214616,0.16632988750934596,nan,0.0,0.3671875,0.3587074000388384,0
10,280,3448,0.1958522727272727,2560,1.657085621356964,0.377734375,0.8208576738834381,0.8072820216417312,0.280078125,0.4191690176725388,0.907206118106842,0.03137257695198059,0.04567526411265135,0.7172540843486785,0.8164259314537048,-0.004431742429733321,0.16632988750934596,nan,0.0,nan,0.0,0
10,300,3468,0.19698863636363637,2560,1.6174790978431701,0.394921875,0.8101828217506408,0.8045978784561157,0.29375,0.4134852662682533,0.9075192958116531,0.03137257695198059,0.04860213361680508,0.7224068731069565,0.8164259314537048,0.006243109703063965,0.16632988750934596,nan,0.0,nan,0.0,0
10,320,3488,0.198125,2560,1.6140970706939697,0.379296875,0.811053654551506,0.803421038389206,0.293359375,0.4165730386972427,0.9096326410770417,0.03137257695198059,0.043886005878448486,0.7117068260908127,0.8101828217506408,-0.0008708328008651955,0.16632988750934596,nan,0.0,nan,0.0,0
10,340,3508,0.19926136363636363,2560,1.647137838602066,0.363671875,0.8030242651700974,0.8028119534254075,0.29765625,0.4252540796995163,0.9079775661230087,0.03137257695198059,0.04239821694791317,0.7079188019037247,0.811053654551506,0.008029389381408625,0.16632988750934596,nan,0.0,nan,0.0,0
10,352,3520,0.19994318181818183,1480,1.5978043607763341,0.3878378376767442,0.807169797613814,0.8017228629138019,0.28378378410597105,0.40879929387891617,0.9083236877982681,0.03137257695198059,0.04470705406085865,0.7120559337976816,0.8101828217506408,0.003013024136826803,0.16632988750934596,nan,0.0,0.3671875,0.36163569998461753,0
11,20,3540,0.20107954545454546,2560,1.5961067795753479,0.384765625,0.8151985496282578,0.8075842708349228,0.285546875,0.4079775929450989,0.9097775995731354,0.03137257695198059,0.04056019075214863,0.7038697987794876,0.8101828217506408,-0.005015727877616949,0.16632988750934596,nan,0.0,nan,0.0,0
11,40,3560,0.20221590909090909,2560,1.6092157065868378,0.390625,0.8140458464622498,0.8070395320653916,0.278515625,0.40575122386217116,0.9041941493749619,0.03137257695198059,0.04573962986469269,0.7169958800077438,0.8101828217506408,-0.003863024711608931,0.16632988750934596,nan,0.0,nan,0.0,0
11,60,3580,0.20335227272727271,2560,1.6383371710777284,0.381640625,0.7926912903785706,0.7994243741035462,0.293359375,0.4225795462727547,0.9059060573577881,0.03137257695198059,0.0410739416256547,0.7065651029348373,0.811053654551506,0.018362364172935464,0.16632988750934596,nan,0.0,nan,0.0,0
11,80,3600,0.20448863636363637,2560,1.6250653624534608,0.380078125,0.8160750031471252,0.80678750872612,0.296484375,0.40972140729427337,0.9082120537757874,0.03137257695198059,0.0433402169495821,0.7102312505245209,0.807169797613814,-0.0089052055333112,0.16632988750934596,nan,0.0,nan,0.0,0
11,100,3620,0.205625,2560,1.6029857277870179,0.390625,0.8099453389644623,0.8047500789165497,0.28671875,0.41920037716627123,0.9145773708820343,0.03137257695198059,0.041771074384450914,0.7055459350347519,0.8140458464622498,0.004100507497787453,0.16632988750934596,nan,0.0,0.3359375,0.3714357999851927,0
11,120,3640,0.20676136363636363,2560,1.5724748194217681,0.39453125,0.8035167753696442,0.8002929836511612,0.301953125,0.42434573322534563,0.903009694814682,0.03137257695198059,0.04086743462830782,0.7047497302293777,0.8140458464622498,0.01052907109260559,0.16632988750934596,nan,0.0,nan,0.0,0
11,140,3660,0.20789772727272726,2560,1.6307720065116882,0.370703125,0.8094533920288086,0.8026092767715454,0.284765625,0.4215536370873451,0.9079951226711274,0.03137257695198059,0.041710857301950455,0.7065865337848664,0.8099453389644623,0.0004919469356536865,0.16632988750934596,nan,0.0,nan,0.0,0
11,160,3680,0.2090340909090909,2560,1.5998799264431,0.384375,0.810142183303833,0.802423745393753,0.285546875,0.4106867417693138,0.9033310115337372,0.03137257695198059,0.0454580657184124,0.7149475663900375,0.8094533920288086,-0.0006887912750244141,0.16632988750934596,nan,0.0,nan,0.0,0
11,180,3700,0.21017045454545455,2560,1.6167412757873536,0.382421875,0.8088648378849029,0.8040905207395553,0.29765625,0.4220684304833412,0.9084743767976761,0.03137257695198059,0.04357012286782265,0.7120116710662842,0.8099453389644623,0.0010805010795593706,0.16632988750934596,nan,0.0,nan,0.0,0
11,200,3720,0.21130681818181818,2560,1.5914957225322723,0.38359375,0.8007182210683823,0.797328969836235,0.301953125,0.4174265816807747,0.916523888707161,0.03137257695198059,0.04235021192580461,0.7085159331560135,0.8094533920288086,0.008735170960426308,0.16632988750934596,nan,0.0,0.359375,0.35965929995290935,0
11,220,3740,0.2124431818181818,2560,1.6228067696094512,0.38203125,0.8066681146621704,0.7993664026260376,0.3,0.4324054136872292,0.9101490169763565,0.03137257695198059,0.045026477240025994,0.7171336352825165,0.8088648378849029,0.002196723222732566,0.16632988750934596,nan,0.0,nan,0.0,0
11,240,3760,0.21357954545454544,2560,1.6519786655902862,0.370703125,0.8158366113901139,0.8112617701292038,0.291015625,0.3911853194236755,0.9112841486930847,0.03137257695198059,0.04387655667960644,0.7132201790809631,0.8088648378849029,-0.006971773505210943,0.16632988750934596,nan,0.0,nan,0.0,0
11,260,3780,0.21471590909090907,2560,1.6271639823913575,0.373828125,0.815518119931221,0.8094321072101593,0.298046875,0.40850072354078293,0.9135416865348815,0.03137257695198059,0.03911320772022009,0.6996857136487961,0.8088648378849029,-0.006653282046318099,0.16632988750934596,nan,0.0,nan,0.0,0
11,280,3800,0.21585227272727273,2560,1.6246005952358247,0.384765625,0.7980153739452363,0.7999867975711823,0.291796875,0.42131309062242506,0.9106918632984161,0.03137257695198059,0.04013549666851759,0.7032538324594497,0.8088648378849029,0.010849463939666681,0.16632988750934596,nan,0.0,nan,0.0,0
11,300,3820,0.21698863636363636,2560,1.6401158392429351,0.377734375,0.8106248050928115,0.8014671504497528,0.264453125,0.39876013696193696,0.9152996212244033,0.03137257695198059,0.04363544620573521,0.711384630203247,0.8066681146621704,-0.003956690430641174,0.16632988750934596,nan,0.0,0.2734375,0.35603770008310676,0
11,320,3840,0.21812499999999999,2560,1.6170499265193938,0.390625,0.8024349272251129,0.801296129822731,0.2671875,0.384321066737175,0.9028002619743347,0.03137257695198059,0.0418850127607584,0.7071640133857727,0.8106248050928115,0.008189877867698647,0.16632988750934596,nan,0.0,nan,0.0,0
11,340,3860,0.21926136363636362,2560,1.6167075693607331,0.38125,0.8012319177389144,0.7996980309486389,0.29375,0.43350626081228255,0.9075939327478408,0.03137257695198059,0.0448013611137867,0.7148095041513443,0.8106248050928115,0.009392887353897095,0.16632988750934596,nan,0.0,nan,0.0,0
11,352,3872,0.21994318181818182,1480,1.6051133632659913,0.40202702718812067,0.7994717314436629,0.802671273012419,0.2810810817254556,0.4160905971720412,0.9031006113902943,0.031372576770750255,0.04350066001753549,0.7132339158573666,0.8024349272251129,0.00296319578144999,0.16632988750934596,nan,0.0,nan,0.0,0
12,20,3892,0.22107954545454545,2560,1.6405408322811126,0.367578125,0.8011619359254837,0.8003115504980087,0.30234375,0.43106639087200166,0.9114579796791077,0.03137257695198059,0.04313741438090801,0.7105617344379425,0.8012319177389144,6.998181343076393e-05,0.16632988750934596,nan,0.0,nan,0.0,0
12,40,3912,0.22221590909090908,2560,1.607170569896698,0.38046875,0.8099249809980392,0.8037204951047897,0.293359375,0.40432522147893907,0.9070353418588638,0.03137257695198059,0.0439640749245882,0.7126767188310623,0.8012319177389144,-0.008693063259124778,0.16632988750934596,nan,0.0,0.3125,0.38754389993846416,0
12,60,3932,0.22335227272727273,2560,1.6109934806823731,0.381640625,0.8052885234355927,0.8006380915641784,0.278125,0.4030202031135559,0.9050960749387741,0.03137257695198059,0.04255195204168558,0.7083000361919403,0.8012319177389144,-0.004056605696678206,0.16632988750934596,nan,0.0,nan,0.0,0
12,80,3952,0.22448863636363636,2560,1.5993958950042724,0.3828125,0.8069199323654175,0.800801232457161,0.287109375,0.4090485766530037,0.9093915551900864,0.03137257695198059,0.04165502041578293,0.7043595433235168,0.8012319177389144,-0.005688014626503035,0.16632988750934596,nan,0.0,nan,0.0,0
12,100,3972,0.225625,2560,1.624122953414917,0.382421875,0.8189916908740997,0.8023594141006469,0.275390625,0.4296759322285652,0.91080641746521,0.03137257695198059,0.04356400202959776,0.7135517328977585,0.8052885234355927,-0.01370316743850708,0.16632988750934596,nan,0.0,nan,0.0,0
12,120,3992,0.22676136363636362,2560,1.6094470977783204,0.38828125,0.8130673468112946,0.7980588465929032,0.28359375,0.40775546580553057,0.9101711541414261,0.03137257695198059,0.04398190174251795,0.7119541168212891,0.8069199323654175,-0.006147414445877075,0.16632988750934596,nan,0.0,nan,0.0,0
12,140,4012,0.22789772727272725,2560,1.650844544172287,0.373828125,0.793968242406845,0.8006665766239166,0.276171875,0.4147004038095474,0.9095405787229538,0.03137257695198059,0.03990416713058949,0.7024309456348419,0.8099249809980392,0.015956738591194175,0.16632988750934596,nan,0.0,0.2890625,0.3651244000066072,0
12,160,4032,0.22903409090909088,2560,1.6240697741508483,0.368359375,0.8043286234140397,0.7998952388763427,0.29921875,0.4073817804455757,0.9125183343887329,0.03137257695198059,0.0398516483604908,0.7027425676584244,0.8069199323654175,0.0025913089513778242,0.16632988750934596,nan,0.0,nan,0.0,0
12,180,4052,0.23017045454545454,2560,1.6171694457530976,0.376953125,0.8028353542089463,0.8053694605827332,0.287109375,0.4030620113015175,0.9049926966428756,0.03137257695198059,0.04248753227293491,0.7085437148809433,0.8069199323654175,0.00408457815647123,0.16632988750934596,nan,0.0,nan,0.0,0
12,200,4072,0.23130681818181817,2560,1.6532628178596496,0.363671875,0.8071348547935486,0.7964777857065201,0.294921875,0.4207299202680588,0.9088688045740128,0.03137257695198059,0.04177426286041737,0.7074084132909775,0.8043286234140397,-0.002806231379508972,0.16632988750934596,nan,0.0,nan,0.0,0
12,220,4092,0.2324431818181818,2560,1.6319911539554597,0.3609375,0.8031311988830566,0.7995297908782959,0.31640625,0.3998913154006004,0.9042277157306671,0.03137257695198059,0.04380024634301662,0.7106691241264343,0.8043286234140397,0.0011974245309830378,0.16632988750934596,nan,0.0,nan,0.0,0
12,240,4112,0.23357954545454543,2560,1.6174534738063813,0.37890625,0.8083546966314316,0.8027565211057663,0.2859375,0.4239800214767456,0.9042710810899734,0.03137257695198059,0.039480991661548615,0.7010367423295975,0.8031311988830566,-0.005223497748374939,0.16632988750934596,nan,0.0,0.3359375,0.3570657999953255,0
12,260,4132,0.23471590909090906,2560,1.6390429496765138,0.376171875,0.8133059442043304,0.8118522793054581,0.292578125,0.41399215161800385,0.9019882351160049,0.03137257695198059,0.04346102550625801,0.7138263911008835,0.8043286234140397,-0.008977320790290788,0.16632988750934596,nan,0.0,nan,0.0,0
12,280,4152,0.23585227272727272,2560,1.5778525352478028,0.4,0.8017126262187958,0.7976494044065475,0.29140625,0.39721294939517976,0.909026351571083,0.03137257695198059,0.03942641578614712,0.7021172046661377,0.8071348547935486,0.00542222857475283,0.16632988750934596,nan,0.0,nan,0.0,0
12,300,4172,0.23698863636363635,2560,1.60361407995224,0.38828125,0.7997758448123932,0.7975368738174439,0.2828125,0.43409555703401564,0.9099174678325653,0.03137257695198059,0.04313891753554344,0.7116344690322876,0.8071348547935486,0.007359009981155462,0.16632988750934596,nan,0.0,nan,0.0,0
12,320,4192,0.23812499999999998,2560,1.654942697286606,0.358984375,0.8096904516220093,0.8036728113889694,0.300390625,0.41705560833215716,0.9114793330430985,0.03137257695198059,0.040314814634621145,0.703263008594513,0.8031311988830566,-0.006559252738952637,0.16632988750934596,nan,0.0,nan,0.0,0
12,340,4212,0.2392613636363636,2560,1.623438650369644,0.38359375,0.7937649995088577,0.7887246608734131,0.272265625,0.4070214882493019,0.9093582421541214,0.03137257695198059,0.040500965900719166,0.7039235293865204,0.8083546966314316,0.014589697122573853,0.16632988750934596,nan,0.0,0.328125,0.3632759000174701,0
12,352,4224,0.2399431818181818,1480,1.6581750843975995,0.37432432480760525,0.8169780415457648,0.8092975974082947,0.26486486470377124,0.41742407695667166,0.915282130241394,0.03137257695198059,0.0487024426057532,0.7247527003288269,0.8017126262187958,-0.015265415326969012,0.16632988750934596,nan,0.0,nan,0.0,0
13,20,4244,0.24107954545454544,2560,1.6324826240539552,0.37421875,0.8091867953538895,0.8058540552854538,0.283203125,0.39274968206882477,0.9091805994510651,0.03137257695198059,0.04075431581586599,0.7055322468280792,0.8017126262187958,-0.007474169135093689,0.16632988750934596,nan,0.0,nan,0.0,0
13,40,4264,0.24221590909090907,2560,1.5822504580020904,0.3828125,0.7935378551483154,0.795334768295288,0.314453125,0.4216563060879707,0.9044991999864578,0.03137257695198059,0.04417145512998104,0.7148312628269196,0.8091867953538895,0.015648940205574058,0.16632988750934596,nan,0.0,nan,0.0,0
13,60,4284,0.24335227272727272,2560,1.6354014873504639,0.384375,0.8113225102424622,0.8106073021888733,0.269140625,0.42098623514175415,0.9064101129770279,0.03137257695198059,0.04137110039591789,0.7069985806941986,0.8091867953538895,-0.0021357148885726707,0.16632988750934596,nan,0.0,nan,0.0,0
13,80,4304,0.24448863636363635,2560,1.6366696298122405,0.3765625,0.8163863569498062,0.8025498956441879,0.291015625,0.4057315558195114,0.9154119044542313,0.03137257695198059,0.03989337924867868,0.7030847519636154,0.8091867953538895,-0.007199561595916726,0.16632988750934596,nan,0.0,0.3515625,0.36637149995658547,0
13,100,4324,0.24562499999999998,2560,1.6049960434436799,0.39375,0.806625920534134,0.8061817348003387,0.275390625,0.40864006131887437,0.9109242975711822,0.03137257695198059,0.044861235097050665,0.7147352725267411,0.8113225102424622,0.004696589708328203,0.16632988750934596,nan,0.0,nan,0.0,0
13,120,4344,0.2467613636363636,2560,1.6373068511486053,0.375,0.796438729763031,0.7969614863395691,0.28828125,0.42738186866044997,0.9042549341917038,0.03137257695198059,0.044771076180040836,0.7145864725112915,0.8091867953538895,0.012748065590858504,0.16632988750934596,nan,0.0,nan,0.0,0
13,140,4364,0.24789772727272724,2560,1.6002613067626954,0.398828125,0.7916612505912781,0.8009748011827469,0.2890625,0.4091783851385117,0.9077752590179443,0.03137257695198059,0.03983017317950725,0.702395898103714,0.806625920534134,0.014964669942855835,0.16632988750934596,nan,0.0,nan,0.0,0
13,160,4384,0.2490340909090909,2560,1.6136676907539367,0.377734375,0.8115253210067749,0.8057199060916901,0.30234375,0.42597069293260575,0.908365523815155,0.03137257695198059,0.04191340804100037,0.7094299256801605,0.806625920534134,-0.004899400472640925,0.16632988750934596,nan,0.0,nan,0.0,0
13,180,4404,0.2501704545454545,2560,1.6349347054958343,0.383203125,0.8007323652505874,0.7977735131978989,0.2765625,0.40441486686468125,0.9062743067741394,0.03137257695198059,0.04009538069367409,0.703663918375969,0.806625920534134,0.005893555283546514,0.16632988750934596,nan,0.0,0.390625,0.3592056999914348,0
13,200,4424,0.25130681818181816,2560,1.6402340173721313,0.369921875,0.8009077429771423,0.8007731258869171,0.29921875,0.43514247238636017,0.9095094263553619,0.03137257695198059,0.04600687641650438,0.718121862411499,0.8007323652505874,-0.0001753777265548484,0.16632988750934596,nan,0.0,nan,0.0,0
13,220,4444,0.2524431818181818,2560,1.6039887487888336,0.387890625,0.8054636687040329,0.8064270198345185,0.305078125,0.4289393946528435,0.9123128443956375,0.03137257695198059,0.04460928998887539,0.7169249832630158,0.8007323652505874,-0.004731303453445412,0.16632988750934596,nan,0.0,nan,0.0,0
13,240,4464,0.2535795454545454,2560,1.6162822484970092,0.37265625,0.809079909324646,0.8045952022075653,0.295703125,0.43449408262968064,0.9103444635868072,0.03137257695198059,0.04382631611078978,0.7132997244596482,0.8009077429771423,-0.008172166347503729,0.16632988750934596,nan,0.0,nan,0.0,0
13,260,4484,0.2547159090909091,2560,1.6019228935241698,0.3765625,0.8156009018421173,0.8076273798942566,0.273046875,0.4011636823415756,0.9093124538660049,0.03137257695198059,0.04059830717742443,0.7030994117259979,0.8054636687040329,-0.010137233138084456,0.16632988750934596,nan,0.0,nan,0.0,0
13,280,4504,0.2558522727272727,2560,1.5833440601825715,0.406640625,0.8059496432542801,0.7977475613355637,0.2671875,0.4036783903837204,0.9042479366064071,0.03137257695198059,0.039419814571738244,0.7017842471599579,0.8054636687040329,-0.0004859745502472368,0.16632988750934596,nan,0.0,0.421875,0.3558241999708116,0
13,300,4524,0.2569886363636364,2560,1.6225446462631226,0.389453125,0.7987160861492157,0.8014195948839188,0.2921875,0.4259577259421349,0.9116217494010925,0.03137257695198059,0.04218345209956169,0.7074862480163574,0.8059496432542801,0.007233557105064348,0.16632988750934596,nan,0.0,nan,0.0,0
13,320,4544,0.258125,2560,1.6465132296085359,0.378125,0.8156631082296372,0.8053096920251847,0.277734375,0.4183043286204338,0.9069960474967956,0.03137257695198059,0.03980702757835388,0.7036320000886918,0.8059496432542801,-0.009713464975357078,0.16632988750934596,nan,0.0,nan,0.0,0
13,340,4564,0.25926136363636365,2560,1.6546488404273987,0.37109375,0.8054216861724853,0.8030430018901825,0.289453125,0.42206825464963915,0.9082607537508011,0.03137257695198059,0.04438823405653238,0.7160117983818054,0.809079909324646,0.003658223152160689,0.16632988750934596,nan,0.0,nan,0.0,0
13,352,4576,0.2599431818181818,1480,1.6350120119146399,0.3939189197243871,0.8152139828011796,0.8044187397570224,0.2574324322713388,0.3922410782930013,0.9147648096084595,0.031372576770750255,0.04762772877474089,0.7234059111492054,0.8059496432542801,-0.009264339546899536,0.16632988750934596,nan,0.0,nan,0.0,0
14,20,4596,0.2610795454545454,2560,1.6188497483730315,0.398046875,0.8089095473289489,0.803723806142807,0.270703125,0.4165890604257584,0.9108866602182388,0.03137257695198059,0.043129078857600686,0.7105367064476014,0.8059496432542801,-0.00295990407466884,0.16632988750934596,nan,0.0,0.390625,0.37560060003306717,0
14,40,4616,0.2622159090909091,2560,1.6219348967075349,0.38125,0.8137912750244141,0.8015949368476868,0.2796875,0.4147104635834694,0.9078652888536454,0.03137257695198059,0.03816797351464629,0.6967284232378006,0.8089095473289489,-0.004881727695465132,0.16632988750934596,nan,0.0,nan,0.0,0
14,60,4636,0.2633522727272727,2560,1.625410556793213,0.380859375,0.8057008802890777,0.8107410579919815,0.275390625,0.42175578474998476,0.8995196223258972,0.03137257695198059,0.04310300033539534,0.7102165848016739,0.8137912750244141,0.008090394735336348,0.16632988750934596,nan,0.0,nan,0.0,0
14,80,4656,0.26448863636363634,2560,1.6251168727874756,0.383984375,0.7925062090158462,0.7958703577518463,0.26875,0.4019863933324814,0.9141517847776413,0.03137257695198059,0.03952468764036894,0.7017199009656906,0.8089095473289489,0.0164033383131027,0.16632988750934596,nan,0.0,nan,0.0,0
14,100,4676,0.265625,2560,1.6109080910682678,0.3828125,0.8034328401088715,0.8014541834592819,0.29765625,0.42560543566942216,0.9059878259897232,0.03137257695198059,0.043847935274243355,0.7118157655000686,0.8089095473289489,0.005476707220077426,0.16632988750934596,nan,0.0,nan,0.0,0
14,120,4696,0.2667613636363636,2560,1.637454730272293,0.383203125,0.8070548117160797,0.799639156460762,0.294140625,0.417888180911541,0.9095688015222549,0.03137257695198059,0.042951713874936105,0.7122162938117981,0.8057008802890777,-0.0013539314270020197,0.16632988750934596,nan,0.0,0.296875,0.3726658000377938,0
14,140,4716,0.26789772727272726,2560,1.6233211755752563,0.38046875,0.7984186261892319,0.7982415705919266,0.279296875,0.4370054304599762,0.9091368556022644,0.03137257695198059,0.04742323961108923,0.7200812786817551,0.8057008802890777,0.007282254099845842,0.16632988750934596,nan,0.0,nan,0.0,0
14,160,4736,0.26903409090909086,2560,1.6599974751472473,0.369140625,0.8031958997249603,0.7941468775272369,0.275,0.38807802051305773,0.9114841610193253,0.03137257695198059,0.039054347202181816,0.6989943146705627,0.8034328401088715,0.00023694038391119943,0.16632988750934596,nan,0.0,nan,0.0,0
14,180,4756,0.2701704545454545,2560,1.6106495559215546,0.384765625,0.8017522662878036,0.8001103967428207,0.288671875,0.4178581446409225,0.9072481989860535,0.03137257695198059,0.040318905003368856,0.7044977664947509,0.8031958997249603,0.0014436334371566995,0.16632988750934596,nan,0.0,nan,0.0,0
14,200,4776,0.2713068181818182,2560,1.636956948041916,0.38046875,0.8096369743347168,0.8060803890228272,0.288671875,0.4181004583835602,0.9057480037212372,0.03137257695198059,0.04603795129805803,0.7164132326841355,0.8031958997249603,-0.006441074609756514,0.16632988750934596,nan,0.0,nan,0.0,0
14,220,4796,0.27244318181818183,2560,1.6583660781383514,0.387109375,0.8089121371507645,0.7990781366825104,0.273828125,0.39030762314796447,0.9091278225183487,0.03137257695198059,0.04232125431299209,0.7100872904062271,0.8031958997249603,-0.005716237425804183,0.16632988750934596,nan,0.0,0.40625,0.36576039995998144,0
14,240,4816,0.27357954545454544,2560,1.6276103854179382,0.369921875,0.8256804436445236,0.8146089106798172,0.296484375,0.41620777547359467,0.90690398812294,0.03137257695198059,0.045971151627600196,0.7176502257585525,0.8031958997249603,-0.022484543919563338,0.16632988750934596,nan,0.0,nan,0.0,0
14,260,4836,0.2747159090909091,2560,1.6083919882774353,0.383203125,0.7892338782548904,0.7998437434434891,0.305859375,0.4217322200536728,0.9126534938812256,0.03137257695198059,0.04233619961887598,0.7088675081729889,0.8089121371507645,0.019678258895874046,0.16632988750934596,nan,0.0,nan,0.0,0
14,280,4856,0.27585227272727275,2560,1.6168937921524047,0.38671875,0.8005058139562606,0.7973709315061569,0.28203125,0.41364758610725405,0.9084919214248657,0.03137257695198059,0.04013302270323038,0.702026191353798,0.8089121371507645,0.00840632319450385,0.16632988750934596,nan,0.0,nan,0.0,0
14,300,4876,0.27698863636363635,2560,1.634788578748703,0.364453125,0.8134065002202988,0.811214205622673,0.305859375,0.4133705675601959,0.9138597100973129,0.03137257695198059,0.042717689834535125,0.7116372942924499,0.8089121371507645,-0.004494363069534324,0.16632988750934596,nan,0.0,nan,0.0,0
14,320,4896,0.278125,2560,1.6359168231487273,0.381640625,0.8043490499258041,0.8086737513542175,0.293359375,0.41694834381341933,0.9087605983018875,0.03137257695198059,0.04183070417493582,0.7074571073055267,0.8089121371507645,0.004563087224960349,0.16632988750934596,nan,0.0,0.375,0.35858350002672523,0
14,340,4916,0.2792613636363636,2560,1.6393572747707368,0.376953125,0.7961035311222077,0.7988856166601181,0.29375,0.40470978915691375,0.9102146357297898,0.03137257695198059,0.03989115450531244,0.7034315079450607,0.8043490499258041,0.008245518803596474,0.16632988750934596,nan,0.0,nan,0.0,0
14,352,4928,0.2799431818181818,1480,1.6422297207084862,0.3810810812421747,0.7923496571747033,0.8047706568563306,0.29121621589402896,0.4292965017460488,0.9093398252049008,0.03137257695198059,0.03953929005845173,0.7020320795677804,0.8005058139562606,0.008156156781557344,0.16632988750934596,nan,0.0,nan,0.0,0
15,20,4948,0.28107954545454544,2560,1.614504861831665,0.3796875,0.801606273651123,0.7997296869754791,0.28984375,0.41050189137458803,0.9066503167152404,0.03137257695198059,0.04054535627365112,0.702796021103859,0.8005058139562606,-0.001100459694862388,0.16632988750934596,nan,0.0,nan,0.0,0
15,40,4968,0.28221590909090905,2560,1.6127295255661012,0.3890625,0.8004700183868408,0.8009951442480088,0.301953125,0.4316913694143295,0.9190248101949692,0.03137257695198059,0.040719667449593544,0.7063546538352966,0.801606273651123,0.0011362552642821822,0.16632988750934596,nan,0.0,nan,0.0,0
15,60,4988,0.2833522727272727,2560,1.59185391664505,0.384375,0.7964993834495544,0.8010765194892884,0.29453125,0.4156652525067329,0.9080836147069931,0.03137257695198059,0.04397857654839754,0.7133762329816818,0.8004700183868408,0.003970634937286444,0.16632988750934596,nan,0.0,0.2890625,0.36208739993162453,0
15,80,5008,0.28448863636363636,2560,1.63819517493248,0.376171875,0.7983865410089492,0.7959294855594635,0.288671875,0.4186294451355934,0.9060118615627288,0.03137257695198059,0.04347952660173178,0.712022653222084,0.7964993834495544,-0.0018871575593948364,0.16632988750934596,nan,0.0,nan,0.0,0
15,100,5028,0.28562499999999996,2560,1.586947602033615,0.394921875,0.8063219606876373,0.7966814905405044,0.2765625,0.3969531416893005,0.9061060786247254,0.03137257695198059,0.042137539200484755,0.7081652641296386,0.7983865410089492,-0.00793541967868805,0.16632988750934596,nan,0.0,nan,0.0,0
15,120,5048,0.2867613636363636,2560,1.6709613859653474,0.34375,0.7933089941740036,0.7971332758665085,0.31640625,0.4349733904004097,0.9041814357042313,0.03137257695198059,0.04455052558332682,0.7129588633775711,0.8004700183868408,0.007161024212837264,0.16632988750934596,nan,0.0,nan,0.0,0
15,140,5068,0.2878977272727273,2560,1.6399915158748626,0.36796875,0.8030058234930039,0.7970853358507156,0.298828125,0.39896020889282224,0.9082222163677216,0.03137257695198059,0.040018333308398726,0.7034503310918808,0.7983865410089492,-0.004619282484054632,0.16632988750934596,nan,0.0,nan,0.0,0
15,160,5088,0.28903409090909093,2560,1.6569725215435027,0.362109375,0.8062145054340363,0.8023294031620025,0.3078125,0.4135310292243958,0.9103837519884109,0.03137257695198059,0.04600830078125,0.7201325178146363,0.7983865410089492,-0.007827964425087042,0.16632988750934596,nan,0.0,0.3515625,0.35553599998820573,0
15,180,5108,0.29017045454545454,2560,1.606578278541565,0.378515625,0.7929096281528473,0.7930047541856766,0.301171875,0.4176992863416672,0.9072244197130204,0.03137257695198059,0.04389954786747694,0.7127965956926345,0.8030058234930039,0.0100961953401566,0.16632988750934596,nan,0.0,nan,0.0,0
15,200,5128,0.2913068181818182,2560,1.6358702957630158,0.376953125,0.7940097153186798,0.7965453028678894,0.291796875,0.4183700934052467,0.9069921046495437,0.03137257695198059,0.04397237487137318,0.713851523399353,0.8030058234930039,0.008996108174324058,0.16632988750934596,nan,0.0,nan,0.0,0
15,220,5148,0.2924431818181818,2560,1.6059605658054352,0.398046875,0.802652782201767,0.8007459193468094,0.278515625,0.4055742219090462,0.9067115992307663,0.03137257695198059,0.04299605786800385,0.7120014548301696,0.7940097153186798,-0.008643066883087136,0.16632988750934596,nan,0.0,nan,0.0,0
15,240,5168,0.29357954545454545,2560,1.6478990972042085,0.362890625,0.7992919147014618,0.8016744136810303,0.291796875,0.42472694516181947,0.906450292468071,0.03137257695198059,0.04149973969906569,0.7069203138351441,0.802652782201767,0.0033608675003051758,0.16632988750934596,nan,0.0,nan,0.0,0
15,260,5188,0.2947159090909091,2560,1.5981573045253754,0.382421875,0.8218547701835632,0.8079963862895966,0.278515625,0.39270341098308564,0.9070764154195785,0.03137257695198059,0.04265374448150396,0.7092628598213195,0.7992919147014618,-0.022562855482101463,0.16632988750934596,nan,0.0,0.3828125,0.35637559997849166,0
15,280,5208,0.2958522727272727,2560,1.61491140127182,0.379296875,0.7915926694869995,0.7947089076042175,0.29609375,0.42124803066253663,0.9081360101699829,0.03137257695198059,0.03989335112273693,0.7018974184989929,0.7992919147014618,0.0076992452144623025,0.16632988750934596,nan,0.0,nan,0.0,0
15,300,5228,0.29698863636363637,2560,1.609616219997406,0.372265625,0.7931769251823425,0.7939749598503113,0.281640625,0.40341012328863146,0.9152210414409637,0.03137257695198059,0.039054114185273645,0.6993833124637604,0.7992919147014618,0.006114989519119263,0.16632988750934596,nan,0.0,nan,0.0,0
15,320,5248,0.298125,2560,1.609407502412796,0.383984375,0.785475668311119,0.7965205103158951,0.290234375,0.4174960196018219,0.9074026942253113,0.03137257695198059,0.04094438571482897,0.7074609875679017,0.7992919147014618,0.013816246390342735,0.16632988750934596,nan,0.0,nan,0.0,0
15,340,5268,0.29926136363636363,2560,1.6377739250659942,0.376953125,0.7944781810045243,0.7984050959348679,0.296484375,0.4231314122676849,0.9040999233722686,0.03137257695198059,0.041531652212142944,0.7079265654087067,0.7931769251823425,-0.0013012558221817683,0.16632988750934596,nan,0.0,nan,0.0,0
15,352,5280,0.2999431818181818,1480,1.6699591675320187,0.36824324388761775,0.8036694855303378,0.8042544393926053,0.2972972977000314,0.41168393879323395,0.9097933543694986,0.03137257695198059,0.043640454435670696,0.7144036483120274,0.7931769251823425,-0.010492560347995283,0.16632988750934596,nan,0.0,0.3046875,0.36196449992712587,0
16,20,5300,0.2989204545454545,2560,1.6353974163532257,0.3828125,0.7961817383766174,0.799760839343071,0.28515625,0.42172941863536834,0.9068453639745713,0.03137257695198059,0.043799844570457935,0.7126730680465698,0.7931769251823425,-0.0030048131942749245,0.16632988750934596,nan,0.0,nan,0.0,0
16,40,5320,0.2977840909090909,2560,1.5943095207214355,0.3953125,0.7989562153816223,0.7953422784805297,0.2734375,0.41696066707372664,0.9080031275749206,0.03137257695198059,0.039696704037487505,0.7022422134876252,0.7944781810045243,-0.004478034377098039,0.16632988750934596,nan,0.0,nan,0.0,0
16,60,5340,0.29664772727272726,2560,1.6433520793914795,0.36953125,0.8100902676582337,0.8050377100706101,0.299609375,0.4134525418281555,0.9159434199333191,0.03137257695198059,0.04849008936434984,0.723130750656128,0.7961817383766174,-0.013908529281616233,0.16632988750934596,nan,0.0,nan,0.0,0
16,80,5360,0.29551136363636366,2560,1.6333857297897338,0.3671875,0.7953283965587616,0.7974913477897644,0.305078125,0.42293607741594313,0.9095582515001297,0.03137257695198059,0.04777860529720783,0.7213630318641663,0.7989562153816223,0.0036278188228606734,0.16632988750934596,nan,0.0,nan,0.0,0
16,100,5380,0.294375,2560,1.6149179637432098,0.374609375,0.8007163852453232,0.8058479517698288,0.28203125,0.4060300052165985,0.9122211694717407,0.03137257695198059,0.044251512922346595,0.7138167083263397,0.7989562153816223,-0.0017601698637008667,0.16632988750934596,nan,0.0,0.3515625,0.36736749997362494,0
16,120,5400,0.2932386363636364,2560,1.5947261154651642,0.392578125,0.8025653600692749,0.8024495661258697,0.298046875,0.4263568416237831,0.9073457300662995,0.03137257695198059,0.04951549042016268,0.7259884476661682,0.7989562153816223,-0.00360914468765261,0.16632988750934596,nan,0.0,nan,0.0,0
16,140,5420,0.2921022727272727,2560,1.6318159878253937,0.36328125,0.8086019963026047,0.8019939601421356,0.29296875,0.41574555784463885,0.9079401850700378,0.03137257695198059,0.045766324177384375,0.7164544731378555,0.8007163852453232,-0.007885611057281472,0.16632988750934596,nan,0.0,nan,0.0,0
16,160,5440,0.2909659090909091,2560,1.6444459497928618,0.38828125,0.8004504382610321,0.7989640742540359,0.275390625,0.41332399994134905,0.9022087216377258,0.03137257695198059,0.03927094973623753,0.6993489891290665,0.8025653600692749,0.002114921808242798,0.16632988750934596,nan,0.0,nan,0.0,0
16,180,5460,0.2898295454545454,2560,1.6328196942806243,0.38671875,0.7969663947820663,0.8009940028190613,0.272265625,0.4161856800317764,0.906228530406952,0.03137257695198059,0.03831353224813938,0.7005853593349457,0.8007163852453232,0.003749990463256858,0.16632988750934596,nan,0.0,nan,0.0,0
16,200,5480,0.2886931818181818,2560,1.6657261848449707,0.37265625,0.8007364809513092,0.7991565942764283,0.27890625,0.4150597766041756,0.9079570978879928,0.03137257695198059,0.03950530737638473,0.7027829557657241,0.8007163852453232,-2.0095705986045154e-05,0.16632988750934596,nan,0.0,0.3125,0.35730310005601496,0
16,220,5500,0.28755681818181816,2560,1.5887909471988677,0.39140625,0.7976330757141114,0.7984620630741119,0.303125,0.4167796865105629,0.9014655023813247,0.03137257695198059,0.04047355577349663,0.704476797580719,0.8007364809513092,0.003103405237197876,0.16632988750934596,nan,0.0,nan,0.0,0
16,240,5520,0.28642045454545456,2560,1.615089511871338,0.38203125,0.7975475072860718,0.7992609798908233,0.312109375,0.42931714802980425,0.9127259731292725,0.03137257695198059,0.04117106813937425,0.7062304556369782,0.8004504382610321,0.002902930974960305,0.16632988750934596,nan,0.0,nan,0.0,0
16,260,5540,0.2852840909090909,2560,1.6324171483516694,0.378125,0.8017092943191528,0.8020707637071609,0.293359375,0.4348061665892601,0.9137740105390548,0.03137257695198059,0.04491911642253399,0.7155419379472733,0.7976330757141114,-0.004076218605041482,0.16632988750934596,nan,0.0,nan,0.0,0
16,280,5560,0.2841477272727273,2560,1.6131762325763703,0.3953125,0.8042841970920562,0.806416592001915,0.279296875,0.41290822476148603,0.908578896522522,0.03137257695198059,0.040527934208512306,0.7052191436290741,0.7976330757141114,-0.00665112137794488,0.16632988750934596,nan,0.0,nan,0.0,0
16,300,5580,0.28301136363636364,2560,1.616475635766983,0.38046875,0.7951017409563065,0.7982403039932251,0.292578125,0.41725408136844633,0.9078932672739028,0.03137257695198059,0.041181822679936884,0.7057599306106568,0.8007364809513092,0.005634739995002747,0.16632988750934596,nan,0.0,0.3359375,0.35634629998821765,0
16,320,5600,0.28187500000000004,2560,1.626132071018219,0.383203125,0.8055108249187469,0.8013324856758117,0.288671875,0.4240812838077545,0.9082533717155457,0.03137257695198059,0.04012414701282978,0.7044144451618195,0.7976330757141114,-0.007877749204635576,0.16632988750934596,nan,0.0,nan,0.0,0
16,340,5620,0.28073863636363633,2560,1.6553218364715576,0.372265625,0.8094830244779587,0.8037787348031997,0.27265625,0.40703812688589097,0.9128678798675537,0.03137257695198059,0.040199233032763,0.7033455610275269,0.8017092943191528,-0.007773730158805892,0.16632988750934596,nan,0.0,nan,0.0,0
16,352,5632,0.2800568181818182,1480,1.6609599042583156,0.3621621624843494,0.8049713949899415,0.8015829746787613,0.3060810817254556,0.4060360787688075,0.9118780177992744,0.03137257695198059,0.040883352245027954,0.705942165851593,0.8042841970920562,-0.0006871978978852944,0.16632988750934596,nan,0.0,nan,0.0,0
17,20,5652,0.2789204545454545,2560,1.6038326740264892,0.379296875,0.7942934274673462,0.7965493738651276,0.286328125,0.4135354936122894,0.9060296565294266,0.03137257695198059,0.03985694628208876,0.7036569714546204,0.8049713949899415,0.01067796752259531,0.16632988750934596,nan,0.0,nan,0.0,0
17,40,5672,0.2777840909090909,2560,1.6028514325618743,0.3796875,0.7962664246559144,0.7999829798936844,0.303515625,0.4204416126012802,0.9094594568014145,0.03137257695198059,0.041327142529189585,0.7053848803043365,0.8049713949899415,0.008704970334027173,0.16632988750934596,nan,0.0,0.3125,0.3890717999311164,0
17,60,5692,0.27664772727272724,2560,1.5872132420539855,0.3984375,0.7946221619844437,0.7947471797466278,0.296484375,0.4361770018935204,0.903469106554985,0.03137257695198059,0.03879950307309628,0.7000010073184967,0.8049713949899415,0.010349233005497838,0.16632988750934596,nan,0.0,nan,0.0,0
17,80,5712,0.27551136363636364,2560,1.6035784304141998,0.38671875,0.8010476559400559,0.7935328364372254,0.29296875,0.4273133173584938,0.9086876064538956,0.03137257695198059,0.04202736746519804,0.7066045671701431,0.7962664246559144,-0.0047812312841415405,0.16632988750934596,nan,0.0,nan,0.0,0
17,100,5732,0.274375,2560,1.604790312051773,0.38515625,0.7894954234361649,0.7963515132665634,0.2984375,0.4335180580615997,0.9058744013309479,0.03137257695198059,0.041521877981722355,0.7074378252029419,0.7962664246559144,0.006771001219749495,0.16632988750934596,nan,0.0,nan,0.0,0
17,120,5752,0.2732386363636364,2560,1.6432385802268983,0.37578125,0.8063593178987503,0.8021199643611908,0.284765625,0.43445591926574706,0.9055005639791489,0.03137257695198059,0.04467257708311081,0.7153253823518753,0.7946221619844437,-0.011737155914306574,0.16632988750934596,nan,0.0,nan,0.0,0
17,140,5772,0.2721022727272727,2560,1.6205281913280487,0.388671875,0.8032603293657303,0.801840740442276,0.275390625,0.4095582738518715,0.9083091914653778,0.03137257695198059,0.04267178606241941,0.7102758884429932,0.7962664246559144,-0.006993904709815979,0.16632988750934596,nan,0.0,0.28125,0.3659229000331834,0
17,160,5792,0.2709659090909091,2560,1.6532323837280274,0.35703125,0.7863103032112122,0.7984876215457917,0.29765625,0.41758801192045214,0.9106759607791901,0.03137257695198059,0.04066349919885397,0.7068822622299195,0.8010476559400559,0.014737352728843689,0.16632988750934596,nan,0.0,nan,0.0,0
17,180,5812,0.26982954545454546,2560,1.620650714635849,0.390234375,0.8076447546482086,0.8051830530166626,0.28046875,0.3880486607551575,0.9083702296018601,0.03137257695198059,0.040569852106273174,0.7066801190376282,0.8010476559400559,-0.006597098708152727,0.16632988750934596,nan,0.0,nan,0.0,0
17,200,5832,0.26869318181818186,2560,1.608267456293106,0.38671875,0.7947575449943542,0.796748623251915,0.307421875,0.43675649017095564,0.9059952020645141,0.03137257695198059,0.0428254310041666,0.7094440847635269,0.8032603293657303,0.008502784371376082,0.16632988750934596,nan,0.0,nan,0.0,0
17,220,5852,0.26755681818181815,2560,1.6027153730392456,0.390234375,0.7936209410429,0.7980248957872391,0.27890625,0.41147948503494264,0.9112695306539536,0.03137257695198059,0.03938033282756805,0.7012815475463867,0.8032603293657303,0.009639388322830289,0.16632988750934596,nan,0.0,nan,0.0,0
17,240,5872,0.26642045454545454,2560,1.6159389019012451,0.385546875,0.8008391708135605,0.7982480525970459,0.280078125,0.4314798891544342,0.9073799431324006,0.03137257695198059,0.03907028809189796,0.7009156435728073,0.7947575449943542,-0.006081625819206238,0.16632988750934596,nan,0.0,0.390625,0.3560193999437615,0
17,260,5892,0.2652840909090909,2560,1.5900832414627075,0.39375,0.7903472930192947,0.7968874841928482,0.276953125,0.41294939666986463,0.9142433375120163,0.03137257695198059,0.03908578734844923,0.6994973391294479,0.7947575449943542,0.004410251975059509,0.16632988750934596,nan,0.0,nan,0.0,0
17,280,5912,0.26414772727272723,2560,1.602857530117035,0.393359375,0.7909631192684173,0.7962853938341141,0.294140625,0.42564928382635114,0.9006047785282135,0.03137257695198059,0.044617855548858644,0.7156772136688232,0.7947575449943542,0.003794425725936912,0.16632988750934596,nan,0.0,nan,0.0,0
17,300,5932,0.2630113636363636,2560,1.6066566109657288,0.392578125,0.7988277792930603,0.7975631892681122,0.273828125,0.41407510489225385,0.9045790523290634,0.03137257695198059,0.039529336243867876,0.7016688287258148,0.7936209410429,-0.005206838250160217,0.16632988750934596,nan,0.0,nan,0.0,0
17,320,5952,0.26187499999999997,2560,1.5910790324211121,0.39296875,0.8116426020860672,0.8007966607809067,0.29375,0.4038752123713493,0.9068204551935196,0.03137257695198059,0.0385301511734724,0.7001153975725174,0.7936209410429,-0.01802166104316716,0.16632988750934596,nan,0.0,nan,0.0,0
17,340,5972,0.26073863636363637,2560,1.6224225103855132,0.38203125,0.7807588934898376,0.7940787196159362,0.3,0.43839781880378725,0.9079159021377563,0.03137257695198059,0.04123618379235268,0.7059154897928238,0.7988277792930603,0.018068885803222634,0.16632988750934596,nan,0.0,0.34375,0.3576665000291541,0
17,352,5984,0.2600568181818182,1480,1.6089448445552104,0.3979729726507857,0.812130011094583,0.7950155992765684,0.26824324275996236,0.4013225321834152,0.9118788899602117,0.03137257695198059,0.03919465247843717,0.702493751371229,0.7909631192684173,-0.021166891826165712,0.16632988750934596,nan,0.0,nan,0.0,0
18,20,6004,0.25892045454545454,2560,1.5906812787055968,0.38671875,0.8043808937072754,0.8006243586540223,0.291015625,0.3998692065477371,0.9133439540863038,0.03137257695198059,0.03941340204328299,0.7020763248205185,0.7988277792930603,-0.005553114414215132,0.16632988750934596,nan,0.0,nan,0.0,0
18,40,6024,0.25778409090909093,2560,1.5448521733283997,0.4078125,0.779702690243721,0.7884967982769012,0.2921875,0.4368372082710266,0.9056717067956924,0.03137257695198059,0.03696811031550169,0.696254450082779,0.8043808937072754,0.024678203463554427,0.16632988750934596,nan,0.0,nan,0.0,0
18,60,6044,0.2566477272727273,2560,1.6251599669456482,0.369921875,0.7857591688632966,0.7904658168554306,0.304296875,0.4263813763856888,0.9055122524499893,0.03137257695198059,0.04228029325604439,0.7085292041301727,0.8043808937072754,0.018621724843978837,0.16632988750934596,nan,0.0,nan,0.0,0
18,80,6064,0.2555113636363637,2560,1.6133132696151733,0.3859375,0.7843274205923081,0.7879440516233445,0.29296875,0.41538305282592775,0.9067817986011505,0.03137257695198059,0.04318946748971939,0.7101071029901505,0.7857591688632966,0.0014317482709884644,0.16632988750934596,nan,0.0,0.3203125,0.35833920002914965,0
18,100,6084,0.25437499999999996,2560,1.5556625723838806,0.3953125,0.7831521928310394,0.7892832636833191,0.3015625,0.42078890204429625,0.9093664973974228,0.03137257695198059,0.0372741736471653,0.6959957182407379,0.7857591688632966,0.0026069760322571245,0.16632988750934596,nan,0.0,nan,0.0,0
18,120,6104,0.25323863636363636,2560,1.6440972089767456,0.37578125,0.7868930339813233,0.7935770899057388,0.29453125,0.43071087896823884,0.916693389415741,0.03137257695198059,0.03943496514111757,0.7010748326778412,0.7843274205923081,-0.0025656133890151755,0.16632988750934596,nan,0.0,nan,0.0,0
18,140,6124,0.2521022727272727,2560,1.60056614279747,0.393359375,0.7839556485414505,0.7910036891698837,0.28984375,0.4205679953098297,0.9061162501573563,0.03137257695198059,0.03920765891671181,0.7005353063344956,0.7843274205923081,0.00037177205085758835,0.16632988750934596,nan,0.0,nan,0.0,0
18,160,6144,0.2509659090909091,2560,1.6151143789291382,0.3859375,0.7969718635082245,0.7951313227415084,0.29140625,0.4181667536497116,0.9109691828489304,0.03137257695198059,0.04201379232108593,0.7082387626171112,0.7843274205923081,-0.012644442915916376,0.16632988750934596,nan,0.0,nan,0.0,0
18,180,6164,0.24982954545454544,2560,1.5610353291034698,0.401171875,0.7903039485216141,0.7938895106315613,0.2859375,0.42680252641439437,0.9041104763746262,0.03137257695198059,0.03923536967486143,0.7008565336465835,0.7843274205923081,-0.00597652792930603,0.16632988750934596,nan,0.0,0.3046875,0.3634129000129178,0
18,200,6184,0.24869318181818179,2560,1.5501117765903474,0.409765625,0.7851834774017334,0.7895279169082642,0.298046875,0.4358208879828453,0.9186657160520554,0.03137257695198059,0.04050313420593739,0.7041300415992737,0.7868930339813233,0.0017095565795898215,0.16632988750934596,nan,0.0,nan,0.0,0
18,220,6204,0.24755681818181818,2560,1.5719476640224457,0.39296875,0.7864598333835602,0.7981767237186432,0.301171875,0.4312264293432236,0.9104528069496155,0.03137257695198059,0.04081630650907755,0.7076238572597504,0.7868930339813233,0.00043320059776308373,0.16632988750934596,nan,0.0,nan,0.0,0
18,240,6224,0.2464204545454545,2560,1.5628322064876556,0.401953125,0.7904047578573227,0.788913369178772,0.280078125,0.4325568929314613,0.9108402460813523,0.03137257695198059,0.04030889645218849,0.7043267101049423,0.7864598333835602,-0.00394492447376249,0.16632988750934596,nan,0.0,nan,0.0,0
18,260,6244,0.2452840909090909,2560,1.6054312765598298,0.39921875,0.7944530636072159,0.7951010555028916,0.28828125,0.4191875964403152,0.9056525081396103,0.03137257695198059,0.039669086784124376,0.7030038297176361,0.7903039485216141,-0.0041491150856017844,0.16632988750934596,nan,0.0,nan,0.0,0
18,280,6264,0.24414772727272724,2560,1.5877139747142792,0.387890625,0.7903708100318909,0.7960768520832062,0.2953125,0.42173525840044024,0.9068395167589187,0.03137257695198059,0.03814686927944422,0.6961703985929489,0.7903039485216141,-6.686151027679443e-05,0.16632988750934596,nan,0.0,0.3515625,0.35630789992865175,0
18,300,6284,0.24301136363636364,2560,1.5765246212482453,0.390625,0.7918998152017593,0.7930445522069931,0.274609375,0.4209538921713829,0.9110703945159913,0.03137257695198059,0.0404272984713316,0.705014556646347,0.7903708100318909,-0.0015290051698684248,0.16632988750934596,nan,0.0,nan,0.0,0
18,320,6304,0.24187499999999995,2560,1.6144368171691894,0.393359375,0.7905428349971771,0.7898528039455414,0.279296875,0.42969477623701097,0.9072680383920669,0.03137257695198059,0.041445938497781755,0.7086047738790512,0.7904047578573227,-0.00013807713985447556,0.16632988750934596,nan,0.0,nan,0.0,0
18,340,6324,0.24073863636363635,2560,1.6202072143554687,0.3796875,0.787874174118042,0.7895476281642914,0.288671875,0.4182232767343521,0.9116292476654053,0.03137257695198059,0.041104414686560634,0.7066237151622772,0.7905428349971771,0.0026686608791351984,0.16632988750934596,nan,0.0,nan,0.0,0
18,352,6336,0.2400568181818182,1480,1.530345205358557,0.42364864897083593,0.8002241434277715,0.7965138677004221,0.279729730051917,0.42655476750554266,0.9094605729386613,0.03137257695198059,0.03562163881756164,0.6929439038843722,0.7905428349971771,-0.009681308430594338,0.16632988750934596,nan,0.0,nan,0.0,0
19,20,6356,0.23892045454545452,2560,1.572381365299225,0.402734375,0.7787578344345093,0.7855397701263428,0.291796875,0.4450583890080452,0.905701470375061,0.03137257695198059,0.04006487699225545,0.7027323395013809,0.7905428349971771,0.011785000562667847,0.16632988750934596,nan,0.0,0.453125,0.37550689990166575,0
19,40,6376,0.23778409090909092,2560,1.5683635950088501,0.4140625,0.7829398393630982,0.791333281993866,0.281640625,0.42141753286123274,0.9103022396564484,0.03137257695198059,0.039456338807940486,0.7042703300714492,0.7905428349971771,0.007602995634078957,0.16632988750934596,nan,0.0,nan,0.0,0
19,60,6396,0.23664772727272726,2560,1.548690176010132,0.418359375,0.7781771630048752,0.7940869837999344,0.284765625,0.4432253479957581,0.9028392940759659,0.03137257695198059,0.04045032877475023,0.7055192530155182,0.787874174118042,0.009697011113166787,0.16632988750934596,nan,0.0,nan,0.0,0
19,80,6416,0.23551136363636366,2560,1.567731261253357,0.398828125,0.7824257880449295,0.785698851943016,0.291796875,0.44185652434825895,0.9119949489831924,0.03137257695198059,0.03966700676828623,0.7024843096733093,0.7829398393630982,0.000514051318168729,0.16632988750934596,nan,0.0,nan,0.0,0
19,100,6436,0.234375,2560,1.5526463270187378,0.409765625,0.7845569103956223,0.7907193720340728,0.29296875,0.4246265307068825,0.9053573817014694,0.03137257695198059,0.04111206531524658,0.7065665572881699,0.7824257880449295,-0.0021311223506927934,0.16632988750934596,nan,0.0,nan,0.0,0
19,120,6456,0.23323863636363631,2560,1.5385902643203735,0.393359375,0.774944344162941,0.7794026821851731,0.301953125,0.4359243646264076,0.9035796016454697,0.03137257695198059,0.035695689637213944,0.690551507472992,0.7824257880449295,0.007481443881988459,0.16632988750934596,nan,0.0,0.3203125,0.3696550999302417,0
19,140,6476,0.2321022727272727,2560,1.604532289505005,0.386328125,0.7707442820072175,0.7833229243755341,0.3046875,0.44260098189115527,0.9069047510623932,0.03137257695198059,0.04423480648547411,0.7139379054307937,0.7824257880449295,0.011681506037712008,0.16632988750934596,nan,0.0,nan,0.0,0
19,160,6496,0.23096590909090906,2560,1.5909616827964783,0.40234375,0.8008425027132035,0.801981371641159,0.283984375,0.39762542247772215,0.9095031917095184,0.03137257695198059,0.0463583942502737,0.7193326085805893,0.7781771630048752,-0.02266533970832829,0.16632988750934596,nan,0.0,nan,0.0,0
19,180,6516,0.22982954545454545,2560,1.5831270396709443,0.383203125,0.7900861173868179,0.7911091059446335,0.312109375,0.4478120759129524,0.9068489283323288,0.03137257695198059,0.04280551839619875,0.7116685330867767,0.7824257880449295,-0.007660329341888428,0.16632988750934596,nan,0.0,nan,0.0,0
19,200,6536,0.22869318181818177,2560,1.604138970375061,0.3984375,0.8044640749692917,0.7986877650022507,0.287890625,0.4156296536326408,0.9044639855623245,0.03137257695198059,0.0401530746370554,0.7043654948472977,0.7845569103956223,-0.019907164573669478,0.16632988750934596,nan,0.0,nan,0.0,0
19,220,6556,0.22755681818181817,2560,1.5812564611434936,0.394921875,0.7867641270160675,0.7925444453954696,0.295703125,0.42564314901828765,0.9059620171785354,0.03137257695198059,0.038105737790465354,0.6983357012271881,0.7900861173868179,0.0033219903707504272,0.16632988750934596,nan,0.0,0.3515625,0.3565179000142962,0
19,240,6576,0.2264204545454545,2560,1.5600278437137605,0.412890625,0.7689024358987808,0.7785732537508011,0.28046875,0.43370058238506315,0.9168940395116806,0.03137257695198059,0.038390756398439405,0.6999674797058105,0.7900861173868179,0.021183681488037065,0.16632988750934596,nan,0.0,nan,0.0,0
19,260,6596,0.2252840909090909,2560,1.5512608945369721,0.404296875,0.7874275207519531,0.794307091832161,0.296875,0.4230571314692497,0.9100816279649735,0.03137257695198059,0.04028739891946316,0.7040304839611053,0.7900861173868179,0.002658596634864785,0.16632988750934596,nan,0.0,nan,0.0,0
19,280,6616,0.22414772727272725,2560,1.5512814819812775,0.387890625,0.7842280834913253,0.7899915277957916,0.31796875,0.4368279367685318,0.9058540523052215,0.03137257695198059,0.04054992720484733,0.7035560697317124,0.7874275207519531,0.003199437260627769,0.16632988750934596,nan,0.0,nan,0.0,0
19,300,6636,0.22301136363636365,2560,1.5164001762866974,0.4125,0.7782581895589828,0.7899395197629928,0.29453125,0.4329263180494308,0.9066279262304306,0.03137257695198059,0.03736110497266054,0.6958265602588654,0.7867641270160675,0.008505937457084611,0.16632988750934596,nan,0.0,nan,0.0,0
19,320,6656,0.22187499999999996,2560,1.5796743035316467,0.3859375,0.7917311996221542,0.7916134029626847,0.304296875,0.4326630413532257,0.9059772670269013,0.03137257695198059,0.041037959046661854,0.7054519951343536,0.7842280834913253,-0.00750311613082888,0.16632988750934596,nan,0.0,0.3671875,0.35586919996421784,0
19,340,6676,0.22073863636363636,2560,1.5701295614242554,0.40546875,0.777408915758133,0.7873779475688935,0.291015625,0.41574973464012144,0.9025195002555847,0.03137257695198059,0.04046800006181002,0.7071143418550492,0.7842280834913253,0.006819167733192355,0.16632988750934596,nan,0.0,nan,0.0,0
19,352,6688,0.22005681818181821,1480,1.5830318927764893,0.3972972968140164,0.7605456493996285,0.7766854618046735,0.2972972977805782,0.44361100599572467,0.9045307017661429,0.03137257695198059,0.03717864175906052,0.6976129828272639,0.7842280834913253,0.02368243409169679,0.16632988750934596,nan,0.0,nan,0.0,0
20,20,6708,0.21892045454545453,2560,1.5595226466655732,0.41015625,0.7740528017282486,0.7857349514961243,0.297265625,0.427902851998806,0.9087215632200241,0.03137257695198059,0.0383391572162509,0.6996838718652725,0.7782581895589828,0.0042053878307342085,0.16632988750934596,nan,0.0,nan,0.0,0
20,40,6728,0.21778409090909087,2560,1.518736881017685,0.425390625,0.771272623538971,0.7798088312149047,0.3,0.4365194424986839,0.9031864374876022,0.03137257695198059,0.03952595926821232,0.7013029247522354,0.777408915758133,0.0061362922191620095,0.16632988750934596,nan,0.0,nan,0.0,0
20,60,6748,0.21664772727272727,2560,1.5333637833595275,0.40703125,0.7732501566410065,0.78839151263237,0.30390625,0.4471299409866333,0.9100601434707641,0.03137257695198059,0.03737138882279396,0.6975476443767548,0.7740528017282486,0.0008026450872421487,0.16632988750934596,nan,0.0,0.3359375,0.3713809000328183,0
20,80,6768,0.2155113636363636,2560,1.5737224519252777,0.396484375,0.7802988082170487,0.795902019739151,0.299609375,0.4518147721886635,0.9065000146627427,0.03137257695198059,0.03895136807113886,0.7009181588888168,0.7732501566410065,-0.007048651576042175,0.16632988750934596,nan,0.0,nan,0.0,0
20,100,6788,0.214375,2560,1.5514789819717407,0.4140625,0.7799006283283234,0.7912538141012192,0.291796875,0.431079825758934,0.9029792934656143,0.03137257695198059,0.036426507867872715,0.6941188246011734,0.7732501566410065,-0.006650471687316917,0.16632988750934596,nan,0.0,nan,0.0,0
20,120,6808,0.21323863636363632,2560,1.5452336132526399,0.401171875,0.7746170163154602,0.7831254482269288,0.295703125,0.42580948323011397,0.91014723777771,0.03137257695198059,0.03674599695950746,0.6942678660154342,0.7740528017282486,-0.0005642145872115645,0.16632988750934596,nan,0.0,nan,0.0,0
20,140,6828,0.21210227272727272,2560,1.54217289686203,0.413671875,0.7821948081254959,0.7927402704954147,0.27890625,0.43593045324087143,0.9117002069950104,0.03137257695198059,0.03811088893562555,0.6968332946300506,0.7746170163154602,-0.007577791810035706,0.16632988750934596,nan,0.0,nan,0.0,0
20,160,6848,0.21096590909090907,2560,1.5355720162391662,0.41640625,0.7821036458015442,0.7886339902877808,0.28828125,0.44860249012708664,0.9027473658323288,0.03137257695198059,0.04203074593096971,0.707657927274704,0.7799006283283234,-0.002203017473220825,0.16632988750934596,nan,0.0,0.3203125,0.3644129999447614,0
20,180,6868,0.20982954545454546,2560,1.5369955122470855,0.4109375,0.7709867984056473,0.7918148249387741,0.3,0.4315591037273407,0.9095340937376022,0.03137257695198059,0.03704382330179214,0.6952978074550629,0.7802988082170487,0.009312009811401345,0.16632988750934596,nan,0.0,nan,0.0,0
20,200,6888,0.20869318181818178,2560,1.5390819132328033,0.41484375,0.7715111643075943,0.7837745815515518,0.2984375,0.42590995579957963,0.9078029870986939,0.03137257695198059,0.03853098638355732,0.7012268900871277,0.7799006283283234,0.008389464020729154,0.16632988750934596,nan,0.0,nan,0.0,0
20,220,6908,0.20755681818181818,2560,1.5658003389835358,0.403125,0.7783732354640961,0.7918267697095871,0.29296875,0.43183412253856657,0.9002135187387467,0.03137257695198059,0.04014373607933521,0.7033693730831146,0.7746170163154602,-0.0037562191486358865,0.16632988750934596,nan,0.0,nan,0.0,0
20,240,6928,0.20642045454545452,2560,1.5493579626083374,0.412890625,0.7863625913858414,0.7883846461772919,0.290625,0.44001846462488176,0.9087382227182388,0.03137257695198059,0.03777171988040209,0.696390351653099,0.7783732354640961,-0.007989355921745322,0.16632988750934596,nan,0.0,nan,0.0,0
20,260,6948,0.20528409090909092,2560,1.5450264751911162,0.401953125,0.7787506580352783,0.7887406885623932,0.3140625,0.42967496663331983,0.907593560218811,0.03137257695198059,0.036707290448248386,0.6956225156784057,0.7783732354640961,-0.00037742257118222877,0.16632988750934596,nan,0.0,0.375,0.3556720999768004,0
20,280,6968,0.20414772727272726,2560,1.548557198047638,0.395703125,0.76675685942173,0.7797148525714874,0.29765625,0.43382019102573394,0.9114380091428756,0.03137257695198059,0.03827940970659256,0.7001957535743714,0.7783732354640961,0.011616376042366094,0.16632988750934596,nan,0.0,nan,0.0,0
20,300,6988,0.20301136363636366,2560,1.5363170623779296,0.415625,0.7671286076307297,0.7778681665658951,0.286328125,0.44103450179100034,0.8997282803058624,0.03137257695198059,0.03643170576542616,0.6930153667926788,0.7783732354640961,0.011244627833366438,0.16632988750934596,nan,0.0,nan,0.0,0
20,320,7008,0.20187499999999997,2560,1.5312690496444703,0.409765625,0.7841007143259049,0.7849971979856492,0.30390625,0.4319301664829254,0.9078237056732178,0.03137257695198059,0.036583955958485605,0.6954724758863449,0.7783732354640961,-0.005727478861808799,0.16632988750934596,nan,0.0,nan,0.0,0
20,340,7028,0.20073863636363637,2560,1.5366542220115662,0.4109375,0.7755454510450364,0.78521069586277,0.30859375,0.45536050349473955,0.901749312877655,0.03137257695198059,0.03721274677664042,0.6959794521331787,0.7787506580352783,0.00320520699024196,0.16632988750934596,nan,0.0,nan,0.0,0
20,352,7040,0.20005681818181814,1480,1.58416452987774,0.4020270278324952,0.7750776990039928,0.7884812036076108,0.27162162178271526,0.438247131656956,0.9000598536955343,0.03137257695198059,0.03750543787672713,0.6964172546927994,0.7755454510450364,0.0004677520410435454,0.16632988750934596,nan,0.0,0.265625,0.3623581000138074,0
21,20,7060,0.19892045454545454,2560,1.539319884777069,0.414453125,0.7832660704851151,0.7888340204954147,0.296875,0.43917640298604965,0.90687016248703,0.03137257695198059,0.04039021003991365,0.7048580378293992,0.7750776990039928,-0.00818837148112228,0.16632988750934596,nan,0.0,nan,0.0,0
21,40,7080,0.19778409090909088,2560,1.519937312602997,0.41953125,0.7687978357076645,0.7855415523052216,0.292578125,0.4391984447836876,0.9047132104635238,0.03137257695198059,0.03690478559583425,0.6964756101369858,0.7755454510450364,0.006747615337371893,0.16632988750934596,nan,0.0,nan,0.0,0
21,60,7100,0.19664772727272728,2560,1.5665346920490264,0.39296875,0.7766706436872483,0.7890957087278366,0.307421875,0.44540164470672605,0.9109991878271103,0.03137257695198059,0.04100133944302797,0.7047129184007644,0.7755454510450364,-0.0011251926422118919,0.16632988750934596,nan,0.0,nan,0.0,0
21,80,7120,0.1955113636363636,2560,1.4946993291378021,0.425,0.7539937049150467,0.7710450649261474,0.294140625,0.4337373197078705,0.9024598598480225,0.03137257695198059,0.03525529056787491,0.6899243295192719,0.7755454510450364,0.02155174612998967,0.16632988750934596,nan,0.0,nan,0.0,0
21,100,7140,0.194375,2560,1.5334629714488983,0.40546875,0.7660944283008575,0.7814743310213089,0.290625,0.44058044999837875,0.8998467981815338,0.03137257695198059,0.035142310243099925,0.6886932134628296,0.7750776990039928,0.008983270703135315,0.16632988750934596,nan,0.0,0.3203125,0.3742716000415385,0
21,120,7160,0.19323863636363633,2560,1.4871364295482636,0.42890625,0.775683519244194,0.7861115902662277,0.298046875,0.43097732961177826,0.914174672961235,0.03137257695198059,0.03853500466793776,0.700769791007042,0.7687978357076645,-0.006885683536529519,0.16632988750934596,nan,0.0,nan,0.0,0
21,140,7180,0.19210227272727273,2560,1.5312238812446595,0.4109375,0.7633335173130036,0.7769055813550949,0.295703125,0.44768100678920747,0.9077092707157135,0.03137257695198059,0.037611800245940685,0.6985804945230484,0.7687978357076645,0.005464318394660883,0.16632988750934596,nan,0.0,nan,0.0,0
21,160,7200,0.19096590909090908,2560,1.5144668400287629,0.4171875,0.7658737927675248,0.7818847864866256,0.30234375,0.4404977157711983,0.9094487696886062,0.03137257695198059,0.03621066268533468,0.6925868451595306,0.7660944283008575,0.0002206355333327359,0.16632988750934596,nan,0.0,nan,0.0,0
21,180,7220,0.18982954545454547,2560,1.535069990158081,0.398828125,0.7607973784208297,0.7733633905649185,0.280078125,0.42847258746623995,0.9059422999620438,0.03137257695198059,0.03615465201437473,0.6922135025262832,0.7658737927675248,0.005076414346695035,0.16632988750934596,nan,0.0,nan,0.0,0
21,200,7240,0.1886931818181818,2560,1.5386361837387086,0.42265625,0.759808537364006,0.7707044124603272,0.27421875,0.43249773532152175,0.9042694300413132,0.03137257695198059,0.03559415265917778,0.689931082725525,0.7658737927675248,0.006065255403518766,0.16632988750934596,nan,0.0,0.359375,0.3704812000505626,0
21,220,7260,0.18755681818181819,2560,1.5060867547988892,0.419921875,0.778012815117836,0.7807769984006881,0.291015625,0.4157417222857475,0.9107704281806945,0.03137257695198059,0.03532312624156475,0.6896583557128906,0.7633335173130036,-0.014679297804832458,0.16632988750934596,nan,0.0,nan,0.0,0
21,240,7280,0.18642045454545453,2560,1.503795474767685,0.4203125,0.753850343823433,0.7681345850229263,0.296875,0.4542613416910172,0.906245943903923,0.03137257695198059,0.0365906897932291,0.6956352680921555,0.7633335173130036,0.009483173489570618,0.16632988750934596,nan,0.0,nan,0.0,0
21,260,7300,0.18528409090909093,2560,1.5354330658912658,0.4296875,0.7657124996185303,0.7837917476892471,0.295703125,0.44988455176353453,0.9095791101455688,0.03137257695198059,0.037488531693816184,0.6976388901472091,0.7607973784208297,-0.004915121197700545,0.16632988750934596,nan,0.0,nan,0.0,0
21,280,7320,0.18414772727272724,2560,1.5172048091888428,0.424609375,0.7658467471599579,0.7817335963249207,0.297265625,0.44593368768692015,0.9142774194478989,0.03137257695198059,0.0373232888057828,0.6974332392215729,0.7607973784208297,-0.005049368739128202,0.16632988750934596,nan,0.0,nan,0.0,0
21,300,7340,0.18301136363636364,2560,1.5202336609363556,0.419140625,0.764440506696701,0.7822354882955551,0.2875,0.4468358814716339,0.9109254390001297,0.03137257695198059,0.03707024175673723,0.6966166883707047,0.7657124996185303,0.0012719929218292236,0.16632988750934596,nan,0.0,0.390625,0.35770599998068064,0
21,320,7360,0.18187499999999998,2560,1.5310795903205872,0.410546875,0.7598286241292953,0.7777599513530731,0.2828125,0.43299524039030074,0.9044657558202743,0.03137257695198059,0.03859995249658823,0.699039974808693,0.7657124996185303,0.005883875489234969,0.16632988750934596,nan,0.0,nan,0.0,0
21,340,7380,0.18073863636363638,2560,1.521940529346466,0.417578125,0.7578949451446533,0.7695383906364441,0.29453125,0.4291233241558075,0.910626369714737,0.03137257695198059,0.035165588930249216,0.6916889190673828,0.764440506696701,0.006545561552047774,0.16632988750934596,nan,0.0,nan,0.0,0
21,352,7392,0.18005681818181815,1480,1.4880895653286497,0.4195945950778755,0.7597626260808996,0.7788655732129072,0.30472973021301064,0.42985332576004237,0.9004643230824857,0.03137257695198059,0.035910918553536,0.691647406526514,0.764440506696701,0.004677880615801433,0.16632988750934596,nan,0.0,nan,0.0,0
22,20,7412,0.17892045454545455,2560,1.4793955504894256,0.428515625,0.7602515161037445,0.7770274072885514,0.292578125,0.4408486634492874,0.9058848232030868,0.03137257695198059,0.036743149533867835,0.6937559574842453,0.7598286241292953,-0.00042289197444922433,0.16632988750934596,nan,0.0,nan,0.0,0
22,40,7432,0.1777840909090909,2560,1.5186426997184754,0.426953125,0.7663879543542862,0.7780683070421219,0.291015625,0.4478760525584221,0.907057848572731,0.03137257695198059,0.04177052546292544,0.7086089134216309,0.7598286241292953,-0.006559330224990889,0.16632988750934596,nan,0.0,0.40625,0.36816920002456754,0
22,60,7452,0.1766477272727273,2560,1.476159119606018,0.427734375,0.7553801089525223,0.7672087550163269,0.30078125,0.4366769105195999,0.9013274043798447,0.03137257695198059,0.03664067704230547,0.6936986565589904,0.7598286241292953,0.004448515176773027,0.16632988750934596,nan,0.0,nan,0.0,0
22,80,7472,0.1755113636363636,2560,1.4969859540462493,0.421484375,0.7479434132575988,0.7712940394878387,0.303125,0.4507838308811188,0.9057005733251572,0.03137257695198059,0.03745683040469885,0.6986223489046097,0.7597626260808996,0.011819212823300784,0.16632988750934596,nan,0.0,nan,0.0,0
22,100,7492,0.174375,2560,1.525944459438324,0.413671875,0.7683801084756852,0.782144433259964,0.29765625,0.4463323563337326,0.9131104975938797,0.03137257695198059,0.0437620846554637,0.7138664662837982,0.7597626260808996,-0.008617482394785547,0.16632988750934596,nan,0.0,nan,0.0,0
22,120,7512,0.17323863636363634,2560,1.5095312356948853,0.425,0.7848832577466964,0.7931108087301254,0.29921875,0.439300699532032,0.9025937616825104,0.03137257695198059,0.04029171764850616,0.7046229153871536,0.7602515161037445,-0.0246317416429519,0.16632988750934596,nan,0.0,nan,0.0,0
22,140,7532,0.17210227272727274,2560,1.5128295779228211,0.43046875,0.7691289246082306,0.7743760615587234,0.30625,0.45639820098876954,0.9125479578971862,0.03137257695198059,0.03561607673764229,0.6918141275644303,0.7663879543542862,-0.0027409702539443748,0.16632988750934596,nan,0.0,0.3515625,0.3567274999804795,0
22,160,7552,0.17096590909090906,2560,1.5313382208347321,0.4078125,0.7684759259223938,0.7806859582662582,0.298046875,0.44669868648052213,0.9066868036985397,0.03137257695198059,0.03650079993531108,0.6917580127716064,0.7683801084756852,-9.581744670861259e-05,0.16632988750934596,nan,0.0,nan,0.0,0
22,180,7572,0.16982954545454546,2560,1.503175151348114,0.42265625,0.7725647985935211,0.7833430111408234,0.291015625,0.42723939567804337,0.9075400203466415,0.03137257695198059,0.03526676688343287,0.6901990979909897,0.7684759259223938,-0.0040888726711273415,0.16632988750934596,nan,0.0,nan,0.0,0
22,200,7592,0.1686931818181818,2560,1.4842828571796418,0.432421875,0.7653164893388749,0.7741657346487045,0.284375,0.43448499739170077,0.9068847835063935,0.03137257695198059,0.03690645005553961,0.6941898912191391,0.7691289246082306,0.0038124352693557073,0.16632988750934596,nan,0.0,nan,0.0,0
22,220,7612,0.1675568181818182,2560,1.4956327974796295,0.433203125,0.7563650250434876,0.7758432000875473,0.28828125,0.43718467354774476,0.9081538081169128,0.03137257695198059,0.03438581749796867,0.6878040373325348,0.7691289246082306,0.012763899564742998,0.16632988750934596,nan,0.0,nan,0.0,0
22,240,7632,0.16642045454545454,2560,1.47813600897789,0.430859375,0.7514312148094178,0.7711246758699417,0.308203125,0.44571848660707475,0.9124515771865844,0.03137257695198059,0.0341078007593751,0.6864629268646241,0.7684759259223938,0.017044711112976008,0.16632988750934596,nan,0.0,0.34375,0.355718299979344,0
22,260,7652,0.16528409090909094,2560,1.4915742933750153,0.42421875,0.7673348128795624,0.7791163325309753,0.305859375,0.4477136701345444,0.9114677637815476,0.03137257695198059,0.0350492687895894,0.6901738405227661,0.7653164893388749,-0.002018323540687539,0.16632988750934596,nan,0.0,nan,0.0,0
22,280,7672,0.16414772727272725,2560,1.4738063514232635,0.43828125,0.7636744737625122,0.7785877466201783,0.28671875,0.44660457521677016,0.9050937801599502,0.03137257695198059,0.037347646243870256,0.6977743476629257,0.7653164893388749,0.0016420155763626765,0.16632988750934596,nan,0.0,nan,0.0,0
22,300,7692,0.16301136363636365,2560,1.5347279250621795,0.41953125,0.7679460406303406,0.778268837928772,0.280859375,0.4553986802697182,0.909647387266159,0.03137257695198059,0.03754287734627724,0.6978889733552933,0.7636744737625122,-0.004271566867828369,0.16632988750934596,nan,0.0,nan,0.0,0
22,320,7712,0.161875,2560,1.506926554441452,0.425390625,0.7484085410833359,0.772290951013565,0.313671875,0.4485557958483696,0.9047491937875748,0.03137257695198059,0.035501287691295146,0.6922448009252549,0.7636744737625122,0.015265932679176308,0.16632988750934596,nan,0.0,nan,0.0,0
22,340,7732,0.1607386363636364,2560,1.49104043841362,0.420703125,0.765279820561409,0.7794559627771378,0.299609375,0.436429999768734,0.9110177546739578,0.03137257695198059,0.034575771912932395,0.6882234007120133,0.7636744737625122,-0.0016053467988967896,0.16632988750934596,nan,0.0,0.3984375,0.35820889996830374,0
22,352,7744,0.16005681818181816,1480,1.4741489951675002,0.4391891896724701,0.7433247273032729,0.7754018619253829,0.30878378442815835,0.44511743961153805,0.9041607473347638,0.03137257695198059,0.035014460739251727,0.6884351214847049,0.765279820561409,0.02195509325813605,0.16632988750934596,nan,0.0,nan,0.0,0
23,20,7764,0.15892045454545456,2560,1.4217841029167175,0.457421875,0.7597309708595276,0.77763711810112,0.2890625,0.44173907935619355,0.9093003809452057,0.03137257695198059,0.03631471060216427,0.6933100372552872,0.7636744737625122,0.003943502902984619,0.16632988750934596,nan,0.0,nan,0.0,0
23,40,7784,0.15778409090909087,2560,1.5010605335235596,0.4265625,0.7525498181581497,0.773242461681366,0.309375,0.4808566063642502,0.9094598323106766,0.03137257695198059,0.03478196663782,0.6880454003810883,0.7597309708595276,0.007181152701377869,0.16632988750934596,nan,0.0,nan,0.0,0
23,60,7804,0.15664772727272727,2560,1.473766213655472,0.434765625,0.7539064586162567,0.7669881403446197,0.30078125,0.4485770404338837,0.9058997094631195,0.03137257695198059,0.03830996621400118,0.7002378463745117,0.7525498181581497,-0.0013566404581070168,0.16632988750934596,nan,0.0,nan,0.0,0
23,80,7824,0.15551136363636361,2560,1.4614665746688842,0.448828125,0.7394996881484985,0.7720867305994034,0.297265625,0.4405378386378288,0.9055855005979538,0.03137257695198059,0.033497016225010154,0.6854567527770996,0.7539064586162567,0.014406770467758179,0.16632988750934596,nan,0.0,0.40625,0.371410800027661,0
23,100,7844,0.154375,2560,1.4625175595283508,0.4328125,0.753309354186058,0.7760250300168992,0.290625,0.4493413433432579,0.9097948879003525,0.03137257695198059,0.038201150856912135,0.699503955245018,0.7525498181581497,-0.0007595360279083474,0.16632988750934596,nan,0.0,nan,0.0,0
23,120,7864,0.15323863636363635,2560,1.4546586215496062,0.44140625,0.7357095748186111,0.7631857693195343,0.303515625,0.454033799469471,0.9010051965713501,0.03137257695198059,0.03550700191408396,0.692573469877243,0.753309354186058,0.017599779367446944,0.16632988750934596,nan,0.0,nan,0.0,0
23,140,7884,0.15210227272727275,2560,1.4740039467811585,0.4328125,0.7417844057083129,0.7659041196107864,0.291796875,0.43523347824811937,0.9015119075775146,0.03137257695198059,0.03570461515337229,0.6915013641119003,0.7525498181581497,0.010765412449836753,0.16632988750934596,nan,0.0,nan,0.0,0
23,160,7904,0.15096590909090907,2560,1.4667217016220093,0.434765625,0.7452571123838425,0.7664961725473404,0.31875,0.45217755287885664,0.9033016443252564,0.03137257695198059,0.03667261376976967,0.696532866358757,0.7417844057083129,-0.003472706675529569,0.16632988750934596,nan,0.0,nan,0.0,0
23,180,7924,0.14982954545454547,2560,1.4493267834186554,0.44140625,0.7326269894838333,0.7654435604810714,0.291796875,0.45390586704015734,0.9135251522064209,0.03137257695198059,0.037547843530774117,0.6980736583471299,0.7417844057083129,0.009157416224479631,0.16632988750934596,nan,0.0,0.3984375,0.36959319992456585,0
23,200,7944,0.1486931818181818,2560,1.4796053409576415,0.436328125,0.746898490190506,0.7655731409788131,0.2890625,0.44620260745286944,0.901473131775856,0.03137257695198059,0.03669668324291706,0.6948106318712235,0.7417844057083129,-0.005114084482193082,0.16632988750934596,nan,0.0,nan,0.0,0
23,220,7964,0.1475568181818182,2560,1.4570985376834868,0.43515625,0.741881650686264,0.7654705166816711,0.29921875,0.4363784596323967,0.904328179359436,0.03137257695198059,0.034568827133625746,0.68779316842556,0.7417844057083129,-9.72449779510498e-05,0.16632988750934596,nan,0.0,nan,0.0,0
23,240,7984,0.14642045454545452,2560,1.4796866178512573,0.428125,0.7519169270992279,0.7732428431510925,0.301171875,0.46410188972949984,0.9063700526952744,0.03137257695198059,0.0374179570004344,0.6962720185518265,0.741881650686264,-0.010035276412963867,0.16632988750934596,nan,0.0,nan,0.0,0
23,260,8004,0.14528409090909092,2560,1.4367903649806977,0.44140625,0.7429792910814286,0.7734195917844773,0.294921875,0.4371931791305542,0.9092679530382156,0.03137257695198059,0.03311775773763657,0.6837172716856003,0.7452571123838425,0.0022778213024139404,0.16632988750934596,nan,0.0,nan,0.0,0
23,280,8024,0.14414772727272726,2560,1.438414639234543,0.447265625,0.7329151928424835,0.7667448937892913,0.3,0.4459941938519478,0.9047245264053345,0.03137257695198059,0.03551861979067326,0.6939369708299636,0.7429792910814286,0.010064098238945052,0.16632988750934596,nan,0.0,0.375,0.3570060000056401,0
23,300,8044,0.14301136363636366,2560,1.4797051548957825,0.433203125,0.7124198228120804,0.7588437557220459,0.29453125,0.45226684808731077,0.9086279839277267,0.03137257695198059,0.03313486371189356,0.6864126622676849,0.7429792910814286,0.03055946826934819,0.16632988750934596,nan,0.0,nan,0.0,0
23,320,8064,0.141875,2560,1.4264835178852082,0.45234375,0.703097939491272,0.7573687404394149,0.2859375,0.4346995264291763,0.9047792017459869,0.03137257695198059,0.03210392873734236,0.6830128848552703,0.741881650686264,0.03878371119499202,0.16632988750934596,nan,0.0,nan,0.0,0
23,340,8084,0.1407386363636364,2560,1.4744379758834838,0.4359375,0.6921633571386338,0.7526204615831376,0.30078125,0.45514781028032303,0.9108085840940475,0.03137257695198059,0.032959990482777354,0.6862061858177185,0.7329151928424835,0.04075183570384977,0.16632988750934596,nan,0.0,nan,0.0,0
23,352,8096,0.14005681818181817,1480,1.4841601623071206,0.4270270278324952,0.7242644635406701,0.766151795516143,0.2905405402183533,0.44195623881108054,0.9026312441439241,0.03137257695198059,0.0341284747864749,0.6899551291723509,0.7124198228120804,-0.011844640728589706,0.16632988750934596,nan,0.0,nan,0.0,0
24,20,8116,0.13892045454545457,2560,1.3934217035770415,0.4703125,0.6899655282497406,0.7535019069910049,0.2640625,0.41546004414558413,0.9086048364639282,0.03137257695198059,0.03130232123658061,0.6805858224630356,0.7124198228120804,0.022454294562339827,0.16632988750934596,nan,0.0,0.4609375,0.3758217999711633,0
24,40,8136,0.13778409090909088,2560,1.2897292077541351,0.50546875,0.41782699674367907,0.6805041193962097,0.2484375,0.37861787527799606,0.9127244561910629,0.03137257695198059,0.028076738957315682,0.6721363753080368,0.703097939491272,0.2852709427475929,0.16632988750934596,nan,0.0,0.2578125,0.3608875999925658,1
24,60,8156,0.13664772727272728,2560,1.275945919752121,0.525,0.3403089514002204,0.6594356775283814,0.209375,0.34564938470721246,0.9063212245702743,0.03137257695198059,0.030555626936256887,0.6864112317562103,0.6921633571386338,0.35185440573841337,0.16632988750934596,nan,0.0,0.15625,0.36106150003615767,1
24,80,8176,0.13551136363636362,2560,1.0962399244308472,0.59765625,0.10863503608852625,0.5989954799413681,0.15859375,0.28220479413866995,0.911267364025116,0.03137257695198059,0.03489038376137614,0.6826160073280334,0.6899655282497406,0.5813304921612144,0.16632988750934596,nan,0.0,0.140625,0.35663559997919947,1
24,100,8196,0.13437500000000002,2560,0.9766278266906738,0.6390625,0.049736412346828726,0.5508037835359574,0.13203125,0.19774953536689283,0.9129764825105667,0.03137257695198059,0.043358199670910834,0.7034986317157745,0.41782699674367907,0.36809058439685033,0.16632988750934596,nan,0.0,0.140625,0.35632490005809814,1
24,120,8216,0.13323863636363634,2560,0.9352706730365753,0.669140625,0.04949360419996083,0.5394334346055984,0.108203125,0.16560744494199753,0.9158265650272369,0.03137257695198059,0.04855594988912344,0.7156790047883987,0.3403089514002204,0.29081534720025953,0.16632988750934596,nan,0.0,0.0234375,0.3558574999915436,1
24,140,8236,0.13210227272727273,2560,0.9252993643283844,0.664453125,0.01283007685560733,0.5265327662229538,0.13125,0.10163835268467665,0.9138797968626022,0.03137257695198059,0.04544891063123942,0.704227477312088,0.10863503608852625,0.09580495923291892,0.16632988750934596,nan,0.0,0.015625,0.35606599994935095,0
24,160,8256,0.13096590909090908,2560,0.8214844703674317,0.7015625,0.01257653056527488,0.5178740322589874,0.118359375,0.06939969100058078,0.9129431545734406,0.03137257695198059,0.04589673783630133,0.7129188627004623,0.049736412346828726,0.03715988178155385,0.16632988750934596,nan,0.0,0.0078125,0.3557418000418693,0
24,180,8276,0.12982954545454548,2560,0.8911032497882843,0.690625,0.014142287289723754,0.5159411236643792,0.10703125,0.07768357647582888,0.91158487200737,0.03137257695198059,0.05276859775185585,0.7248283147811889,0.04949360419996083,0.035351316910237074,0.16632988750934596,nan,0.0,0.0390625,0.3559075000230223,0
24,200,8296,0.12869318181818182,2560,0.884920421242714,0.689453125,0.02949963524006307,0.5208968058228493,0.093359375,0.08854133929125965,0.9168934047222137,0.03137257695198059,0.047010192088782786,0.7107712060213089,0.014142287289723754,-0.015357347950339316,0.16632988750934596,nan,0.0,nan,0.0,0
24,220,8316,0.12755681818181822,2560,0.8202991187572479,0.710546875,0.008212335640564561,0.5139190807938576,0.115234375,0.10461887255078181,0.9153087824583054,0.03137257695198059,0.04883761033415794,0.7147721588611603,0.014142287289723754,0.005929951649159193,0.16632988750934596,nan,0.0,0.0234375,0.3557431000517681,0
24,240,8336,0.12642045454545453,2560,0.7489033460617065,0.733984375,0.021892777807079256,0.5128701746463775,0.111328125,0.02385290414094925,0.9171406000852584,0.03137257695198059,0.05585882868617773,0.73257996737957,0.01283007685560733,-0.009062700951471925,0.16632988750934596,nan,0.0,nan,0.0,0
24,260,8356,0.12528409090909093,2560,0.7770966202020645,0.73359375,0.010048835503403098,0.5133059337735176,0.099609375,0.05579798889812082,0.9157183557748795,0.03137257695198059,0.05176468994468451,0.7238341897726059,0.014142287289723754,0.004093451786320656,0.16632988750934596,nan,0.0,nan,0.0,0
24,280,8376,0.12414772727272727,2560,0.7341669470071792,0.742578125,0.006885519134812057,0.505850750207901,0.116796875,-0.003113617654889822,0.9144832819700242,0.03137257695198059,0.054139862023293975,0.7329345136880875,0.014142287289723754,0.0072567681549116966,0.16632988750934596,nan,0.0,nan,0.0,0
24,300,8396,0.12301136363636367,2560,0.7463438421487808,0.740625,0.007711593568092212,0.5076940059661865,0.1265625,-0.019272541720420124,0.915184161067009,0.03137257695198059,0.055509522743523124,0.7385986030101777,0.010048835503403098,0.0023372419353108855,0.16632988750934596,nan,0.0,nan,0.0,0
24,320,8416,0.121875,2560,0.692716309428215,0.760546875,0.00929261588025838,0.5077786967158318,0.119140625,-0.04015781201887876,0.9141969233751297,0.03137257695198059,0.05435487441718578,0.7387840241193772,0.008212335640564561,-0.0010802802396938198,0.16632988750934596,nan,0.0,0.0,0.3559649999951944,0
24,340,8436,0.12073863636363633,2560,0.6498361855745316,0.770703125,0.004838981927605346,0.49767775684595106,0.137890625,-0.09651122959330678,0.9151391535997391,0.03137257695198059,0.0511413274332881,0.7331227272748947,0.00929261588025838,0.004453633952653035,0.16632988750934596,nan,0.0,nan,0.0,0
24,352,8448,0.12005681818181817,1480,0.5444125903619302,0.8128378378378378,0.009366972378228564,0.5024455991951196,0.12500000024164046,-0.13974776686848822,0.9180116556786202,0.03137257695198059,0.049623710782946764,0.7335210345886849,0.007711593568092212,-0.001655378810136352,0.16632988750934596,nan,0.0,nan,0.0,0
25,20,8468,0.11892045454545457,2560,0.5657622396945954,0.807421875,0.0170634871465154,0.49841398894786837,0.157421875,-0.17667721044272183,0.9142968654632568,0.03137257695198059,0.04672314394265413,0.7244475603103637,0.007711593568092212,-0.009351893578423188,0.16632988750934596,nan,0.0,nan,0.0,0
25,40,8488,0.1177840909090909,2560,0.587314034998417,0.80390625,0.013047856872435658,0.49935813099145887,0.15390625,-0.11165134906768799,0.9151072412729263,0.03137257695198059,0.04200046770274639,0.7166264712810516,0.00929261588025838,-0.003755240992177278,0.16632988750934596,nan,0.0,nan,0.0,0
25,60,8508,0.11664772727272729,2560,0.7122858434915542,0.75390625,0.007018709788098931,0.4999013453722,0.144921875,-0.015320050274021923,0.9133224636316299,0.03137257695198059,0.044374365173280236,0.7273525118827819,0.009366972378228564,0.002348262590129633,0.16632988750934596,nan,0.0,0.0,0.3634631000459194,0
25,80,8528,0.11551136363636362,2560,0.6692445784807205,0.766796875,0.015250328881666064,0.4996050700545311,0.13828125,-0.06504311030730606,0.9138242304325104,0.03137257695198059,0.04442162066698074,0.7207556694746018,0.009366972378228564,-0.005883356503437499,0.16632988750934596,nan,0.0,nan,0.0,0
25,100,8548,0.11437500000000002,2560,0.5492609664797783,0.824609375,0.009877682314254344,0.5025861233472824,0.13984375,-0.13584851697087288,0.9145188868045807,0.03137257695198059,0.03700742498040199,0.7056373596191406,0.013047856872435658,0.003170174558181315,0.16632988750934596,nan,0.0,nan,0.0,0
25,120,8568,0.11323863636363635,2560,0.47368252873420713,0.841796875,0.01044563315808773,0.5033739909529686,0.16875,-0.22658586390316487,0.9142969995737076,0.03137257695198059,0.03547922931611538,0.7047085970640182,0.013047856872435658,0.0026022237143479288,0.16632988750934596,nan,0.0,nan,0.0,0
25,140,8588,0.11210227272727276,2560,0.5101493582129478,0.81953125,0.0035468728630803524,0.5029834896326065,0.166796875,-0.18623018488287926,0.9164027094841003,0.03137257695198059,0.035665242746472356,0.710354819893837,0.01044563315808773,0.006898760295007377,0.16632988750934596,nan,0.0,nan,0.0,0
25,160,8608,0.11096590909090909,2560,0.5023999631404876,0.834765625,0.002953346166759729,0.503407047688961,0.1703125,-0.23967159613966943,0.9115454614162445,0.03137257695198059,0.03811294231563807,0.7125975012779235,0.009877682314254344,0.006924336147494614,0.16632988750934596,nan,0.0,0.0,0.3617400999646634,0
25,180,8628,0.10982954545454549,2560,0.4734155610203743,0.847265625,0.006296937412116677,0.5016004085540772,0.18046875,-0.2678310938179493,0.9148630976676941,0.03137257695198059,0.04080743696540594,0.7179053246974945,0.009877682314254344,0.003580744902137667,0.16632988750934596,nan,0.0,nan,0.0,0
25,200,8648,0.10869318181818181,2560,0.5140333920717239,0.824609375,0.006316304812207818,0.49890952110290526,0.198828125,-0.27409730553627015,0.9130516290664673,0.03137257695198059,0.03704542377963662,0.702159309387207,0.006296937412116677,-1.936740009114181e-05,0.16632988750934596,nan,0.0,nan,0.0,0
25,220,8668,0.10755681818181821,2560,0.4975624218583107,0.834765625,0.009042268514167517,0.5063171550631523,0.20234375,-0.30567244365811347,0.9129941493272782,0.03137257695198059,0.03018624149262905,0.6919370293617249,0.006296937412116677,-0.00274533110205084,0.16632988750934596,nan,0.0,nan,0.0,0
25,240,8688,0.10642045454545454,2560,0.4736801654100418,0.842578125,-0.0010834131564479322,0.5065919414162636,0.20859375,-0.3258314162492752,0.912576311826706,0.03137257695198059,0.03498106766492128,0.7095758706331253,0.006296937412116677,0.0073803505685646085,0.16632988750934596,nan,0.0,nan,0.0,0
25,260,8708,0.10528409090909087,2560,0.3987955182790756,0.87578125,0.0024634332745335995,0.5032259792089462,0.22265625,-0.3970001690089703,0.9161130458116531,0.03137257695198059,0.04179646745324135,0.7263876378536225,0.006296937412116677,0.003833504137583077,0.16632988750934596,nan,0.0,0.0,0.3563752999762073,0
25,280,8728,0.10414772727272727,2560,0.3314873307943344,0.894140625,0.011504477879498154,0.5077243939042091,0.210546875,-0.43374136835336685,0.9135315150022507,0.03137257695198059,0.048197554610669616,0.7418284922838211,0.006296937412116677,-0.005207540467381477,0.16632988750934596,nan,0.0,nan,0.0,0
25,300,8748,0.10301136363636361,2560,0.34481372237205504,0.892578125,-0.003080380684696138,0.499450820684433,0.219140625,-0.4603228703141212,0.9139080256223678,0.03137257695198059,0.04227676168084145,0.7293969362974166,0.006316304812207818,0.009396685496903957,0.16632988750934596,nan,0.0,nan,0.0,0
25,320,8768,0.10187500000000001,2560,0.464407305419445,0.844921875,0.005983448401093483,0.5059786662459373,0.20859375,-0.36767096221446993,0.9144965082406997,0.03137257695198059,0.03784031961113214,0.7142254859209061,0.0024634332745335995,-0.0035200151265598833,0.16632988750934596,nan,0.0,nan,0.0,0
25,340,8788,0.10073863636363634,2560,0.4290938228368759,0.86171875,0.004680908226873726,0.5046397060155868,0.22890625,-0.40083273500204086,0.91401686668396,0.03137257695198059,0.03570322468876839,0.7075294107198715,0.0024634332745335995,-0.002217474952340126,0.16632988750934596,nan,0.0,nan,0.0,0
25,352,8800,0.10005681818181818,1480,0.3495083059813525,0.8891891888670019,0.0026960882484107405,0.49925285416680415,0.21148648664758013,-0.42528566879195134,0.9137218307804417,0.03137257695198059,0.0338736742332175,0.7013538118955251,0.004680908226873726,0.001984819978462985,0.16632988750934596,nan,0.0,0.0,0.3607869999250397,0
26,20,8820,0.09892045454545458,2560,0.3824081763625145,0.87578125,nan,0.5044863566756248,0.2171875,-0.4017102852463722,0.9132751643657684,0.03137257695198059,0.04413813129067421,0.7288389503955841,0.004680908226873726,nan,0.16632988750934596,nan,0.0,nan,0.0,0
26,40,8840,0.0977840909090909,2560,0.3851067632436752,0.8703125,0.009893343527801335,0.5036140561103821,0.203515625,-0.3920414552092552,0.9148316949605941,0.03137257695198059,0.04693284295499325,0.735648763179779,nan,nan,0.16632988750934596,nan,0.0,nan,0.0,0
26,60,8860,0.0966477272727273,2560,0.387582340836525,0.873828125,0.0026943656150251625,0.5065768107771873,0.212109375,-0.40024394989013673,0.9151352137327194,0.03137257695198059,0.044957906007766724,0.7314164072275162,nan,nan,0.16632988750934596,nan,0.0,nan,0.0,0
26,80,8880,0.09551136363636363,2560,0.3835939794778824,0.88046875,0.006028984976001084,0.49843713492155073,0.212890625,-0.3980235233902931,0.9163417965173721,0.03137257695198059,0.042943095415830614,0.7299826622009278,nan,nan,0.16632988750934596,nan,0.0,nan,0.0,0
26,100,8900,0.09437500000000003,2560,0.3742811903357506,0.88046875,0.010163169610314072,0.5065447658300399,0.228515625,-0.4462314501404762,0.9133528620004654,0.03137257695198059,0.042461916245520114,0.7309097081422806,nan,nan,0.16632988750934596,nan,0.0,0.0,0.3715946999145672,0
26,120,8920,0.09323863636363636,2560,0.35473996251821516,0.880078125,0.0018837693060049787,0.502399842441082,0.2375,-0.5092439875006676,0.9151343196630478,0.03137257695198059,0.043298608437180516,0.7308971613645554,nan,nan,0.16632988750934596,nan,0.0,nan,0.0,0
26,140,8940,0.09210227272727275,2560,0.40673366039991377,0.872265625,0.021850130090024324,0.5095952525734901,0.20546875,-0.4064250126481056,0.9153384119272232,0.03137257695198059,0.04657658189535141,0.7363040059804916,0.006028984976001084,-0.01582114511402324,0.16632988750934596,nan,0.0,nan,0.0,0
26,160,8960,0.09096590909090908,2560,0.34380224645137786,0.88515625,0.005499655706807971,0.505846805870533,0.223828125,-0.43551198989152906,0.9149049311876297,0.03137257695198059,0.0441202687099576,0.73067025244236,0.006028984976001084,0.0005293292691931134,0.16632988750934596,nan,0.0,nan,0.0,0
26,180,8980,0.08982954545454543,2560,0.3135109320282936,0.899609375,0.001998678740346804,0.5053672954440117,0.22265625,-0.47749912887811663,0.9143706202507019,0.03137257695198059,0.042878276016563174,0.7267491459846497,0.006028984976001084,0.00403030623565428,0.16632988750934596,nan,0.0,nan,0.0,0
26,200,9000,0.08869318181818182,2560,0.29561862498521807,0.901171875,-0.0021108069689944387,0.5024627849459649,0.237109375,-0.523718211054802,0.9140472561120987,0.03137257695198059,0.041289665177464484,0.7240094512701034,0.005499655706807971,0.007610462675802409,0.16632988750934596,nan,0.0,0.0,0.3605709000257775,0
26,220,9020,0.08755681818181815,2560,0.3028353348374367,0.901953125,0.005293248558882624,0.5003282099962234,0.232421875,-0.4996978208422661,0.9138294398784638,0.03137257695198059,0.04222715962678194,0.7305449277162552,0.001998678740346804,-0.0032945698185358196,0.16632988750934596,nan,0.0,nan,0.0,0
26,240,9040,0.08642045454545455,2560,0.3232821986079216,0.893359375,0.010734143992885947,0.5048618480563164,0.219921875,-0.49161086827516554,0.9151026636362076,0.03137257695198059,0.037982727959752084,0.7223563402891159,0.005293248558882624,-0.005440895434003323,0.16632988750934596,nan,0.0,nan,0.0,0
26,260,9060,0.08528409090909088,2560,0.3057438634335995,0.894921875,0.005388155375840142,0.5064641416072846,0.2296875,-0.5154850423336029,0.9128077387809753,0.03137257695198059,0.041849214024841784,0.729990154504776,0.005293248558882624,-9.490681695751863e-05,0.16632988750934596,nan,0.0,nan,0.0,0
26,280,9080,0.08414772727272728,2560,0.3377879962325096,0.883984375,0.0082605792558752,0.5040808528661728,0.213671875,-0.47385752499103545,0.9141895443201065,0.03137257695198059,0.04752323683351278,0.7371790438890458,0.005293248558882624,-0.0029673306969925763,0.16632988750934596,nan,0.0,nan,0.0,0
26,300,9100,0.0830113636363636,2560,0.3226909086108208,0.89921875,0.013202077546156942,0.5061198085546493,0.23671875,-0.5110820740461349,0.9146910578012466,0.03137257695198059,0.03577537126839161,0.7106898546218872,0.005388155375840142,-0.0078139221703168,0.16632988750934596,nan,0.0,0.0,0.3560855999821797,0
26,320,9120,0.081875,2560,0.3506701588630676,0.884375,0.0023824167088605463,0.5039970561861992,0.233203125,-0.47374683171510695,0.9155048549175262,0.03137257695198059,0.038375000655651095,0.722738716006279,0.0082605792558752,0.005878162547014653,0.16632988750934596,nan,0.0,nan,0.0,0
26,340,9140,0.08073863636363633,2560,0.2809159651398659,0.90859375,-0.002304770390037447,0.5019383937120437,0.2328125,-0.5657791212201119,0.9153913080692291,0.03137257695198059,0.0400675879791379,0.7252492040395737,0.0082605792558752,0.010565349645912648,0.16632988750934596,nan,0.0,nan,0.0,0
26,352,9152,0.08005681818181817,1480,0.33906884515607677,0.8932432438876178,0.015143263314825458,0.49952383266912925,0.24256756797030166,-0.5391299233243272,0.916971967026994,0.03137257695198059,0.033376022156428646,0.7059363204079705,0.005388155375840142,-0.009755107938985316,0.16632988750934596,nan,0.0,nan,0.0,0
27,20,9172,0.07892045454545457,2560,0.26213372573256494,0.915234375,0.008308430289616808,0.5043668270111084,0.2703125,-0.6370599955320358,0.9149269223213196,0.03137257695198059,0.03267749734222889,0.706590011715889,0.0082605792558752,-4.785103374160826e-05,0.16632988750934596,nan,0.0,nan,0.0,0
27,40,9192,0.0777840909090909,2560,0.24009986370801925,0.931640625,0.014245982421562076,0.5033532574772834,0.240234375,-0.607455039024353,0.9154977381229401,0.03137257695198059,0.03416167004033923,0.7078237980604172,0.008308430289616808,-0.005937552131945268,0.16632988750934596,nan,0.0,0.0,0.38756009994540364,0
27,60,9212,0.07664772727272724,2560,0.24060263186693193,0.923828125,0.0028680805407930166,0.49885713011026384,0.23125,-0.5983638554811478,0.914683175086975,0.03137257695198059,0.04153067097067833,0.7278466820716858,0.008308430289616808,0.005440349748823792,0.16632988750934596,nan,0.0,nan,0.0,0
27,80,9232,0.07551136363636364,2560,0.23197147361934184,0.923828125,0.004949248948832974,0.5068589717149734,0.21796875,-0.5820809736847877,0.9151942193508148,0.03137257695198059,0.04171913936734199,0.7287082284688949,0.008308430289616808,0.0033591813407838345,0.16632988750934596,nan,0.0,nan,0.0,0
27,100,9252,0.07437499999999997,2560,0.29830616265535354,0.896484375,0.0027730954810976983,0.5014441341161728,0.212890625,-0.4723208129405975,0.9150813013315201,0.03137257695198059,0.03323797173798084,0.7110143005847931,0.008308430289616808,0.00553533480851911,0.16632988750934596,nan,0.0,nan,0.0,0
27,120,9272,0.07323863636363637,2560,0.3214463979005814,0.895703125,0.003994700877228752,0.5012352213263511,0.23046875,-0.5220289617776871,0.9164966762065887,0.03137257695198059,0.03540563657879829,0.7138410896062851,0.004949248948832974,0.0009545480716042221,0.16632988750934596,nan,0.0,nan,0.0,0
27,140,9292,0.0721022727272727,2560,0.21799380965530873,0.93125,0.0023065820161718873,0.5068669795989991,0.230078125,-0.5555568933486938,0.9151670068502427,0.03137257695198059,0.03372654365375638,0.7100811809301376,0.003994700877228752,0.0016881188610568644,0.16632988750934596,nan,0.0,0.0,0.36762280005495995,0
27,160,9312,0.0709659090909091,2560,0.227905360981822,0.927734375,0.005418573459610343,0.5043898463249207,0.253125,-0.6772702306509018,0.9144868403673172,0.03137257695198059,0.03395639602094889,0.7113802492618561,0.0028680805407930166,-0.0025504929188173266,0.16632988750934596,nan,0.0,nan,0.0,0
27,180,9332,0.06982954545454542,2560,0.24626439884305001,0.92578125,0.008077893580775708,0.5049428462982177,0.25703125,-0.6605702862143517,0.9169785976409912,0.03137257695198059,0.03305541919544339,0.7115770012140274,0.003994700877228752,-0.004083192703546956,0.16632988750934596,nan,0.0,nan,0.0,0
27,200,9352,0.06869318181818182,2560,0.2437794864177704,0.920703125,0.003561304637696594,0.5036997601389885,0.2421875,-0.5902656942605973,0.9147295862436294,0.03137257695198059,0.03599658533930779,0.7175478577613831,0.003994700877228752,0.00043339623953215795,0.16632988750934596,nan,0.0,nan,0.0,0
27,220,9372,0.06755681818181815,2560,0.22180101945996283,0.92578125,0.00610192243475467,0.5067332133650779,0.236328125,-0.5530267611145974,0.914692959189415,0.03137257695198059,0.036294704489409926,0.7228939712047577,0.003994700877228752,-0.002107221557525918,0.16632988750934596,nan,0.0,nan,0.0,0
27,240,9392,0.06642045454545455,2560,0.2669834606349468,0.912890625,0.01325844464590773,0.5032632350921631,0.255078125,-0.6081796705722808,0.9156926691532135,0.03137257695198059,0.034026823844760655,0.712225666642189,0.005418573459610343,-0.007839871186297385,0.16632988750934596,nan,0.0,0.0,0.3567767000058666,0
27,260,9412,0.06528409090909089,2560,0.24106864854693413,0.92109375,0.0038988290121778845,0.5036416545510292,0.23828125,-0.5788442850112915,0.9158559381961823,0.03137257695198059,0.030292190425097943,0.6993467837572098,0.00610192243475467,0.0022030934225767853,0.16632988750934596,nan,0.0,nan,0.0,0
27,280,9432,0.06414772727272729,2560,0.19321776367723942,0.93359375,0.005786971462657675,0.5042873576283455,0.235546875,-0.5757364824414253,0.914444875717163,0.03137257695198059,0.029328469559550284,0.6990350484848022,0.00610192243475467,0.0003149509720969945,0.16632988750934596,nan,0.0,nan,0.0,0
27,300,9452,0.06301136363636362,2560,0.21142309121787548,0.93046875,0.005235834058839828,0.5025502681732178,0.205859375,-0.4966344878077507,0.9145577996969223,0.03137257695198059,0.029098021704703568,0.7015433728694915,0.005786971462657675,0.0005511374038178474,0.16632988750934596,nan,0.0,nan,0.0,0
27,320,9472,0.06187500000000001,2560,0.22211221009492874,0.924609375,0.009349921043030918,0.5086892575025559,0.222265625,-0.5276572689414024,0.9150753200054169,0.03137257695198059,0.028669915348291396,0.6987935900688171,0.005786971462657675,-0.0035629495803732427,0.16632988750934596,nan,0.0,nan,0.0,0
27,340,9492,0.06073863636363634,2560,0.2557605281472206,0.918359375,0.011151676124427468,0.509653490781784,0.212109375,-0.4769375517964363,0.915387111902237,0.03137257695198059,0.02987477332353592,0.703311276435852,0.005786971462657675,-0.005364704661769792,0.16632988750934596,nan,0.0,0.0,0.3563896999694407,0
27,352,9504,0.06005681818181818,1480,0.32106204355085216,0.8986486496152104,0.006318703911116196,0.5031164352958267,0.23851351375515398,-0.5382687156264846,0.9148681895152943,0.03137257695198059,0.03269479289852284,0.7110112025931075,0.005786971462657675,-0.0005317324484585204,0.16632988750934596,nan,0.0,nan,0.0,0
28,20,9524,0.05892045454545451,2560,0.26175547018647194,0.915625,0.005800677032675594,0.4998066112399101,0.24765625,-0.6021217033267021,0.9144560724496842,0.03137257695198059,0.03355679977685213,0.7052893668413163,0.006318703911116196,0.0005180268784406019,0.16632988750934596,nan,0.0,nan,0.0,0
28,40,9544,0.05778409090909091,2560,0.2368098482489586,0.9234375,0.007965564413461834,0.503295025229454,0.23515625,-0.5566693842411041,0.9154412746429443,0.03137257695198059,0.035895523615181446,0.7159898400306701,0.006318703911116196,-0.0016468605023456382,0.16632988750934596,nan,0.0,nan,0.0,0
28,60,9564,0.05664772727272724,2560,0.2488886147737503,0.919140625,0.016913199180271475,0.5151059657335282,0.21640625,-0.5436223983764649,0.9153593897819519,0.03137257695198059,0.03157276390120387,0.7058281034231186,0.007965564413461834,-0.008947634766809641,0.16632988750934596,nan,0.0,nan,0.0,0
28,80,9584,0.05551136363636364,2560,0.27751215919852257,0.908984375,0.010652118001598865,0.5063404247164727,0.235546875,-0.5272027507424355,0.914740139245987,0.03137257695198059,0.034381567128002645,0.7126725763082504,0.007965564413461834,-0.0026865535881370316,0.16632988750934596,nan,0.0,0.0,0.36370590003207326,0
28,100,9604,0.05437499999999997,2560,0.31708545982837677,0.89296875,0.011156746448250487,0.5144652247428894,0.22734375,-0.42895178198814393,0.9151717066764832,0.03137257695198059,0.02954998826608062,0.6944042146205902,0.007965564413461834,-0.0031911820347886536,0.16632988750934596,nan,0.0,nan,0.0,0
28,120,9624,0.05323863636363637,2560,0.2819665864109993,0.90546875,-0.002041785680921748,0.5001954540610314,0.228515625,-0.4925545811653137,0.9147278040647506,0.03137257695198059,0.029631535429507493,0.6927600741386414,0.010652118001598865,0.012693903682520614,0.16632988750934596,nan,0.0,nan,0.0,0
28,140,9644,0.0521022727272727,2560,0.25355485677719114,0.9171875,0.00721289815264754,0.5014676570892334,0.233203125,-0.5524260073900222,0.9153902888298034,0.03137257695198059,0.03876657485961914,0.7204301178455352,0.010652118001598865,0.0034392198489513253,0.16632988750934596,nan,0.0,nan,0.0,0
28,160,9664,0.050965909090909096,2560,0.2563306838274002,0.914453125,0.012355465313885362,0.503006637096405,0.227734375,-0.5301443874835968,0.9149582087993622,0.03137257695198059,0.034188349079340694,0.7103230059146881,0.010652118001598865,-0.0017033473122864962,0.16632988750934596,nan,0.0,nan,0.0,0
28,180,9684,0.04982954545454543,2560,0.2122852172702551,0.93359375,-0.00892664297716692,0.4941152065992355,0.231640625,-0.5517627105116845,0.9125478327274322,0.03137257695198059,0.03210540013387799,0.703800231218338,0.010652118001598865,0.019578760978765784,0.16632988750934596,nan,0.0,0.0,0.36153229989577085,0
28,200,9704,0.04869318181818183,2560,0.19471872337162494,0.937109375,0.01170744524570182,0.5067587673664093,0.25,-0.6578850254416466,0.9155026942491531,0.03137257695198059,0.03538917917758226,0.7155436486005783,0.00721289815264754,-0.00449454709305428,0.16632988750934596,nan,0.0,nan,0.0,0
28,220,9724,0.04755681818181816,2560,0.18044318072497845,0.944140625,0.003746094909729436,0.5018701031804085,0.24296875,-0.6562866479158401,0.9150862574577332,0.03137257695198059,0.03608859963715076,0.7186900913715363,0.00721289815264754,0.003466803242918104,0.16632988750934596,nan,0.0,nan,0.0,0
28,240,9744,0.046420454545454556,2560,0.16893233843147754,0.951171875,-0.004282710811821744,0.5005607768893242,0.24140625,-0.6502489626407624,0.915086516737938,0.03137257695198059,0.03245591837912798,0.7083696097135543,0.00721289815264754,0.011495608964469283,0.16632988750934596,nan,0.0,nan,0.0,0
28,260,9764,0.04528409090909089,2560,0.18100758045911788,0.938671875,0.005058136454317718,0.5040854275226593,0.262890625,-0.6956203192472458,0.9138365536928177,0.03137257695198059,0.028015720751136543,0.6975779742002487,0.003746094909729436,-0.0013120415445882824,0.16632988750934596,nan,0.0,nan,0.0,0
28,280,9784,0.04414772727272729,2560,0.16942256949841977,0.94921875,0.0018179353151936083,0.4990821942687035,0.22265625,-0.5958022922277451,0.913109740614891,0.03137257695198059,0.028877870831638574,0.702260074019432,0.003746094909729436,0.0019281595945358277,0.16632988750934596,nan,0.0,0.0,0.3579545000102371,0
28,300,9804,0.04301136363636362,2560,0.18188277818262577,0.941796875,0.0033383762434823438,0.5037667781114579,0.244921875,-0.6668719127774239,0.9139951229095459,0.03137257695198059,0.027095856983214615,0.693901464343071,0.003746094909729436,0.0004077186662470923,0.16632988750934596,nan,0.0,nan,0.0,0
28,320,9824,0.041875000000000016,2560,0.17931408248841763,0.939453125,0.005315014306688681,0.5056654766201973,0.21796875,-0.5678929284214973,0.9139981806278229,0.03137257695198059,0.032929237093776466,0.7112780094146729,0.0033383762434823438,-0.0019766380632063375,0.16632988750934596,nan,0.0,nan,0.0,0
28,340,9844,0.040738636363636345,2560,0.1696750968694687,0.945703125,0.005393334187101573,0.5031320095062256,0.230078125,-0.5922387972474098,0.9154565423727036,0.03137257695198059,0.030730034969747067,0.7070368647575378,0.0033383762434823438,-0.002054957943619229,0.16632988750934596,nan,0.0,nan,0.0,0
28,352,9856,0.040056818181818186,1480,0.18591771375488592,0.9493243252908862,0.0005133255408460123,0.4968165043238047,0.21959459467514142,-0.5841775874833803,0.9152999426867511,0.03137257695198059,0.024144965661941346,0.6855553823548395,0.005058136454317718,0.004544810913471706,0.16632988750934596,nan,0.0,nan,0.0,0
29,20,9876,0.038920454545454515,2560,0.16869657933712007,0.94375,0.001782493619248271,0.5028267100453376,0.229296875,-0.6182842120528221,0.9156434595584869,0.03137257695198059,0.02611120417714119,0.6915182501077652,0.0033383762434823438,0.0015558826242340728,0.16632988750934596,nan,0.0,0.0,0.3655950999818742,0
29,40,9896,0.03778409090909091,2560,0.18534283638000487,0.935546875,0.0041266617714427415,0.5061933025717735,0.239453125,-0.6338046073913575,0.9140361994504929,0.03137257695198059,0.024418471753597258,0.6858498692512512,0.0033383762434823438,-0.0007882855279603977,0.16632988750934596,nan,0.0,nan,0.0,0
29,60,9916,0.03664772727272725,2560,0.16745903640985488,0.93984375,-0.0008135046751704067,0.5003830105066299,0.240234375,-0.6621042743325234,0.9132045924663543,0.03137257695198059,0.02312014801427722,0.6779471695423126,0.0041266617714427415,0.0049401664466131485,0.16632988750934596,nan,0.0,nan,0.0,0
29,80,9936,0.035511363636363646,2560,0.2227863922715187,0.9234375,0.003064176542102359,0.5033906474709511,0.2609375,-0.6959737539291382,0.9150692135095596,0.03137257695198059,0.018273875582963228,0.6550811260938645,0.001782493619248271,-0.0012816829228540882,0.16632988750934596,nan,0.0,nan,0.0,0
29,100,9956,0.034374999999999975,2560,0.23785923719406127,0.92734375,0.004979789286153391,0.506987527012825,0.231640625,-0.608105294406414,0.9154464930295945,0.03137257695198059,0.021832161583006382,0.6684242725372315,0.001782493619248271,-0.00319729566690512,0.16632988750934596,nan,0.0,nan,0.0,0
29,120,9976,0.03323863636363637,2560,0.18260005488991737,0.941796875,0.006548203085549176,0.5001471385359764,0.234765625,-0.6380280837416649,0.9159661829471588,0.03137257695198059,0.021312914602458478,0.663285282254219,0.003064176542102359,-0.003484026543446817,0.16632988750934596,nan,0.0,0.0,0.361068099969998,0
29,140,9996,0.03210227272727271,2560,0.20017239972949027,0.935546875,0.0023102807404939084,0.5026980206370354,0.24921875,-0.685858964920044,0.9141596704721451,0.03137257695198059,0.019955065473914145,0.6570612400770187,0.0041266617714427415,0.001816381030948833,0.16632988750934596,nan,0.0,nan,0.0,0
29,160,10016,0.030965909090909103,2560,0.16716991737484932,0.945703125,-0.001309791230596602,0.5001496747136116,0.254296875,-0.7200494095683098,0.9148046046495437,0.03137257695198059,0.020898500736802817,0.6625611811876297,0.003064176542102359,0.0043739677726989615,0.16632988750934596,nan,0.0,nan,0.0,0
29,180,10036,0.029829545454545435,2560,0.15413266606628895,0.948828125,0.00294684877153486,0.49940148591995237,0.251953125,-0.7409839302301406,0.9150673091411591,0.03137257695198059,0.02100717043504119,0.6652037531137467,0.003064176542102359,0.0001173277705674991,0.16632988750934596,nan,0.0,nan,0.0,0
29,200,10056,0.028693181818181833,2560,0.1809207635000348,0.94609375,0.001980073080630973,0.4991289883852005,0.221875,-0.615929190814495,0.9160312861204147,0.03137257695198059,0.0186714930459857,0.6499502390623093,0.00294684877153486,0.0009667756909038871,0.16632988750934596,nan,0.0,nan,0.0,0
29,220,10076,0.027556818181818165,2560,0.1682542059570551,0.946484375,nan,0.5003263056278229,0.21640625,-0.6063931927084922,0.9143828243017197,0.03137257695198059,0.020125511474907397,0.6591675639152527,0.0023102807404939084,nan,0.16632988750934596,nan,0.0,0.0,0.3558955999324098,0
29,240,10096,0.026420454545454563,2560,0.14599652420729398,0.949609375,0.0030900239944458008,0.5046716228127479,0.2359375,-0.6948547959327698,0.9157542049884796,0.03137257695198059,0.02225602027028799,0.6714686900377274,nan,nan,0.16632988750934596,nan,0.0,nan,0.0,0
29,260,10116,0.025284090909090895,2560,0.15037004947662352,0.952734375,0.0018257138319313527,0.49992944598197936,0.262109375,-0.7315485388040542,0.9156599849462509,0.03137257695198059,0.021076541859656572,0.6641099244356156,nan,nan,0.16632988750934596,nan,0.0,nan,0.0,0
29,280,10136,0.024147727272727293,2560,0.15656926594674586,0.951171875,-0.0003895405097864568,0.5016887798905373,0.253515625,-0.721131780743599,0.916708517074585,0.03137257695198059,0.02047249311581254,0.6570702999830246,nan,nan,0.16632988750934596,nan,0.0,nan,0.0,0
29,300,10156,0.023011363636363625,2560,0.1476134916767478,0.951171875,-0.0021560444671195,0.503988403081894,0.2484375,-0.6568688333034516,0.912947741150856,0.03137257695198059,0.0212171521037817,0.6593322128057479,nan,nan,0.16632988750934596,nan,0.0,nan,0.0,0
29,320,10176,0.021875000000000023,2560,0.12817376740276815,0.959375,-0.0001562257413752377,0.49988442808389666,0.23046875,-0.6522042512893677,0.9143577814102173,0.03137257695198059,0.022085776273161172,0.6697063118219375,nan,nan,0.16632988750934596,nan,0.0,0.0,0.35687860008329153,0
29,340,10196,0.02073863636363635,2560,0.1361494567245245,0.95625,0.002686009940225631,0.5044937267899513,0.2234375,-0.5974314928054809,0.9141188502311707,0.03137257695198059,0.021202842704951763,0.6626959025859833,-0.0001562257413752377,-0.0028422356816008684,0.16632988750934596,nan,0.0,nan,0.0,0
29,352,10208,0.020056818181818193,1480,0.1609981138158489,0.9486486476820868,3.816777387180844e-05,0.5007108822062208,0.23445945954000627,-0.5960920865471299,0.9141498378805212,0.03137257695198059,0.021303697141843873,0.667047486756299,-0.0001562257413752377,-0.00019439351524704613,0.16632988750934596,nan,0.0,nan,0.0,0
30,20,10228,0.01892045454545452,2560,0.10352513790130616,0.96953125,0.002358485106378794,0.5022124081850052,0.2125,-0.6360785976052284,0.9149062067270279,0.03137257695198059,0.020127686485648156,0.6643213152885437,-0.0001562257413752377,-0.0025147108477540313,0.16632988750934596,nan,0.0,nan,0.0,0
30,40,10248,0.01778409090909092,2560,0.11728762164711952,0.9640625,0.0035919585439842193,0.5047116741538048,0.228125,-0.6999393776059151,0.9157837122678757,0.03137257695198059,0.01964801624417305,0.6569647908210754,3.816777387180844e-05,-0.0035537907701124107,0.16632988750934596,nan,0.0,nan,0.0,0
30,60,10268,0.01664772727272725,2560,0.12836963273584842,0.953515625,-0.0009580641984939575,0.4978005915880203,0.2265625,-0.6323199093341827,0.9138435542583465,0.03137257695198059,0.01993518751114607,0.6568072259426116,0.002358485106378794,0.0033165493048727514,0.16632988750934596,nan,0.0,0.0,0.36847720004152507,0
30,80,10288,0.01551136363636365,2560,0.13974818587303162,0.95,0.0014889998856233433,0.5079401805996895,0.201171875,-0.5438312724232673,0.9149682581424713,0.03137257695198059,0.019709835294634104,0.6584088951349258,0.002358485106378794,0.0008694852207554505,0.16632988750934596,nan,0.0,nan,0.0,0
30,100,10308,0.014374999999999982,2560,0.12458650842308998,0.960546875,0.0031735436408780516,0.49745039641857147,0.205078125,-0.6500080466270447,0.9158862054347991,0.03137257695198059,0.019303956627845766,0.658284169435501,0.0014889998856233433,-0.0016845437552547083,0.16632988750934596,nan,0.0,nan,0.0,0
30,120,10328,0.01323863636363638,2560,0.1211116660386324,0.960546875,0.003228842935641296,0.5073007121682167,0.22421875,-0.633501635491848,0.9123438745737076,0.03137257695198059,0.020196570456027983,0.6595719009637833,0.002358485106378794,-0.0008703578292625024,0.16632988750934596,nan,0.0,nan,0.0,0
30,140,10348,0.012102272727272712,2560,0.12344779521226883,0.96015625,0.003363650405663066,0.5031175166368484,0.215625,-0.6020424902439118,0.9139740169048309,0.03137257695198059,0.022551835142076017,0.6721748948097229,0.0031735436408780516,-0.00019010676478501418,0.16632988750934596,nan,0.0,nan,0.0,0
30,160,10368,0.01096590909090911,2560,0.12381337285041809,0.959765625,0.004463798442156985,0.5032875180244446,0.208203125,-0.585381044447422,0.9173988461494446,0.03137257695198059,0.02454759683459997,0.68173548579216,0.0031735436408780516,-0.0012902548012789336,0.16632988750934596,nan,0.0,0.0,0.36555529991164804,0
30,180,10388,0.00982954545454544,2560,0.12969929110258818,0.95625,-0.001029900024877861,0.4960088238120079,0.19609375,-0.5428407281637192,0.9155622094869613,0.03137257695198059,0.02772117704153061,0.6933116108179093,0.003228842935641296,0.0042587429605191575,0.16632988750934596,nan,0.0,nan,0.0,0
30,200,10408,0.008693181818181838,2560,0.12387306578457355,0.961328125,0.00369831221178174,0.5056717082858085,0.190625,-0.5280708327889443,0.9142756313085556,0.03137257695198059,0.027036889642477035,0.691978108882904,0.003228842935641296,-0.000469469276140444,0.16632988750934596,nan,0.0,nan,0.0,0
30,220,10428,0.00755681818181817,2560,0.13471744246780873,0.956640625,0.003508165280800313,0.5016638532280921,0.20078125,-0.5489265382289886,0.9143182247877121,0.03137257695198059,0.026979753002524375,0.6894091129302978,0.003363650405663066,-0.00014451487513724706,0.16632988750934596,nan,0.0,nan,0.0,0
30,240,10448,0.006420454545454568,2560,0.12853278554975986,0.9609375,0.004537678856286221,0.5045148342847824,0.198828125,-0.5526221200823784,0.9155112117528915,0.03137257695198059,0.02550935223698616,0.6814897924661636,0.003508165280800313,-0.0010295135754859078,0.16632988750934596,nan,0.0,nan,0.0,0
30,260,10468,0.005284090909090899,2560,0.11406265199184418,0.962890625,-0.0004642772779334337,0.5007176846265793,0.18671875,-0.5121001929044724,0.9136874109506607,0.03137257695198059,0.02471270561218262,0.6759644120931625,0.00369831221178174,0.004162589489715174,0.16632988750934596,nan,0.0,0.0,0.3583978000096977,0
30,280,10488,0.004147727272727297,2560,0.12364396303892136,0.959375,0.0026552725117653607,0.507398746907711,0.201171875,-0.5307696238160133,0.9150305688381195,0.03137257695198059,0.02411676375195384,0.6734304636716842,0.003508165280800313,0.0008528927690349521,0.16632988750934596,nan,0.0,nan,0.0,0
30,300,10508,0.0030113636363636284,2560,0.10927182026207446,0.966015625,0.0025875603489112107,0.5041482448577881,0.173046875,-0.4897655814886093,0.9157601773738862,0.03137257695198059,0.023275686800479888,0.6688738584518432,0.003508165280800313,0.0009206049318891021,0.16632988750934596,nan,0.0,nan,0.0,0
30,320,10528,0.0018750000000000266,2560,0.10464415792375803,0.964453125,0.001911163522163406,0.5053175777196884,0.183984375,-0.524752588570118,0.914821007847786,0.03137257695198059,0.02322946460917592,0.6692455619573593,0.0026552725117653607,0.0007441089896019547,0.16632988750934596,nan,0.0,nan,0.0,0
30,340,10548,0.000738636363636358,2560,0.11858685985207558,0.961328125,-0.0001209701003972441,0.5001742213964462,0.181640625,-0.4854526922106743,0.9152978450059891,0.03137257695198059,0.023164756782352924,0.6692603588104248,0.0025875603489112107,0.002708530449308455,0.16632988750934596,nan,0.0,nan,0.0,0
30,352,10560,5.681818181819675e-05,1480,0.10085709765553474,0.970270269948083,0.00407680957703977,0.5087816069255005,0.20202702706730044,-0.5921929489921879,0.9136087652799245,0.03137257695198059,0.022882943751441467,0.6676563578682977,0.001911163522163406,-0.002165646054876364,0.16632988750934596,nan,0.0,0.0,0.3593899999978021,0
