epoch,batch,global_step,lr,window_samples,train_adv_loss,train_adv_acc,free_gradient_cosine,free_gradient_sign_agreement,free_prediction_disagreement,free_attack_loss_gain,free_boundary_fraction,free_delta_linf,control_gradient_participation_ratio,control_gradient_entropy,detector_baseline,detector_score,detector_threshold,detector_pgd10_acc,detector_seconds,observer_pgd10_acc,observer_pgd10_seconds,intervention_triggered
1,20,20,0.0010795454545454546,2560,2.8894447326660155,0.0,0.02441396750509739,0.5011248484253883,0.3671875,0.5960767239332199,0.9155449092388153,0.03137257695198059,0.2490418531000614,0.8854557394981384,nan,nan,0.16632988750934596,nan,0.0,nan,0.0,0
1,40,40,0.002215909090909091,2560,2.6224386215209963,0.005078125,0.07652658913284541,0.5148891657590866,0.30078125,0.4109148606657982,0.9155084192752838,0.03137257695198059,0.24441491067409515,0.8840197771787643,nan,nan,0.16632988750934596,nan,0.0,nan,0.0,0
1,60,60,0.0033522727272727276,2560,2.3621027946472166,0.045703125,0.29342864379286765,0.5709294855594635,0.23046875,0.1800101786851883,0.9130881160497666,0.03137257695198059,0.22227125912904738,0.8747295498847961,nan,nan,0.16632988750934596,nan,0.0,nan,0.0,0
1,80,80,0.004488636363636363,2560,2.280099368095398,0.133984375,0.5751243531703949,0.6489617913961411,0.1484375,0.11280443780124187,0.9138625025749206,0.03137257695198059,0.16926103830337524,0.8421046108007431,0.07652658913284541,-0.4985977640375495,0.16632988750934596,nan,0.0,nan,0.0,0
1,100,100,0.005625,2560,2.2335132598876952,0.159375,0.7090447008609772,0.6964153468608856,0.18671875,0.11098004542291165,0.9154786676168442,0.03137257695198059,0.13821806982159615,0.8182880461215973,0.18497761646285654,-0.5240670843981206,0.16632988750934596,nan,0.0,0.09375,0.38564729993231595,0
1,120,120,0.006761363636363636,2560,2.225068187713623,0.143359375,0.7757457345724106,0.7310271173715591,0.2078125,0.1117813877761364,0.9148693293333053,0.03137257695198059,0.12357265129685402,0.8077774733304978,0.29342864379286765,-0.48231709077954293,0.16632988750934596,nan,0.0,nan,0.0,0
1,140,140,0.007897727272727272,2560,2.162740612030029,0.1796875,0.8150920808315277,0.7515866816043854,0.198046875,0.13077811077237128,0.9129582911729812,0.03137257695198059,0.10390098467469215,0.7886405259370803,0.5751243531703949,-0.23996772766113283,0.16632988750934596,nan,0.0,nan,0.0,0
1,160,160,0.009034090909090908,2560,2.1740039825439452,0.176953125,0.8503551483154297,0.7770027428865433,0.205859375,0.15045595318078994,0.9130296319723129,0.03137257695198059,0.09847544580698013,0.780256649851799,0.7090447008609772,-0.14131044745445254,0.16632988750934596,nan,0.0,nan,0.0,0
1,180,180,0.010170454545454547,2560,2.1264740467071532,0.192578125,0.8625972747802735,0.7903109431266785,0.209765625,0.16816655546426773,0.9137620478868484,0.03137257695198059,0.09070950374007225,0.7696573942899704,0.7757457345724106,-0.0868515402078629,0.16632988750934596,nan,0.0,nan,0.0,0
1,200,200,0.011306818181818182,2560,2.112544536590576,0.194140625,0.864225247502327,0.8014259576797486,0.21328125,0.18266484886407852,0.9108565211296081,0.03137257695198059,0.08310904577374459,0.7615659207105636,0.8150920808315277,-0.049133166670799255,0.16632988750934596,nan,0.0,0.2421875,0.36541420000139624,0
1,220,220,0.012443181818181819,2560,2.1111984491348266,0.22109375,0.8784732550382615,0.8134901821613312,0.200390625,0.19344859942793846,0.9147728174924851,0.03137257695198059,0.07961929999291897,0.7568784028291702,0.8503551483154297,-0.02811810672283177,0.16632988750934596,nan,0.0,nan,0.0,0
1,240,240,0.013579545454545454,2560,2.073962426185608,0.218359375,0.8854955583810806,0.8190551996231079,0.20703125,0.19836386889219285,0.9141581445932389,0.03137257695198059,0.07785915024578571,0.7550890952348709,0.8625972747802735,-0.022898283600807146,0.16632988750934596,nan,0.0,nan,0.0,0
1,260,260,0.014715909090909089,2560,2.085654926300049,0.211328125,0.8888320922851562,0.818562462925911,0.201171875,0.19888366460800172,0.916842034459114,0.03137257695198059,0.07393152713775634,0.7459285110235214,0.864225247502327,-0.024606844782829262,0.16632988750934596,nan,0.0,nan,0.0,0
1,280,280,0.015852272727272725,2560,2.088239860534668,0.2046875,0.8938193559646607,0.8251985132694244,0.2171875,0.20669149830937386,0.9139843195676803,0.03137257695198059,0.07383223958313465,0.7505196362733841,0.8784732550382615,-0.015346100926399209,0.16632988750934596,nan,0.0,nan,0.0,0
1,300,300,0.016988636363636362,2560,2.0511834144592287,0.226171875,0.896728840470314,0.8291843563318253,0.209375,0.22197282463312148,0.9173434108495713,0.03137257695198059,0.07234295345842838,0.7515282809734345,0.8854955583810806,-0.011233282089233354,0.16632988750934596,nan,0.0,0.25,0.3561815000139177,0
1,320,320,0.018125,2560,2.047517681121826,0.226953125,0.8925911128520966,0.8248719722032547,0.191015625,0.2235693261027336,0.9126943171024322,0.03137257695198059,0.06757639385759831,0.7385992556810379,0.8888320922851562,-0.00375902056694033,0.16632988750934596,nan,0.0,nan,0.0,0
1,340,340,0.019261363636363635,2560,2.0415999412536623,0.23515625,0.8957868099212647,0.8338315457105636,0.220703125,0.2291461393237114,0.9187027126550674,0.03137257695198059,0.06942951902747155,0.7461359113454819,0.8925911128520966,-0.003195697069168113,0.16632988750934596,nan,0.0,nan,0.0,0
1,352,352,0.019943181818181818,1480,2.0521034885097196,0.2182432438876178,0.8983754251454328,0.8325580387502103,0.2331081080275613,0.2288359490600792,0.915893359442015,0.03137257695198059,0.06762198950793293,0.7444624585074348,0.8938193559646607,-0.004556069180772115,0.16632988750934596,nan,0.0,nan,0.0,0
2,20,372,0.021079545454545455,2560,2.038684129714966,0.2375,0.9023530840873718,0.8334193140268326,0.23671875,0.22455101385712622,0.9131241083145142,0.03137257695198059,0.06621454898267984,0.7395305216312409,0.8957868099212647,-0.006566274166107111,0.16632988750934596,nan,0.0,nan,0.0,0
2,40,392,0.022215909090909088,2560,2.0284618377685546,0.22578125,0.9027418702840805,0.8330326288938522,0.226953125,0.24376862049102782,0.9164511501789093,0.03137257695198059,0.06646909173578024,0.7402109265327453,0.896728840470314,-0.006013029813766502,0.16632988750934596,nan,0.0,0.3046875,0.38813249999657273,0
2,60,412,0.023352272727272725,2560,2.01989951133728,0.230859375,0.9013792544603347,0.8397473901510238,0.209765625,0.24670234248042106,0.9158868312835693,0.03137257695198059,0.06674677729606629,0.7427706390619278,0.8983754251454328,-0.0030038293149019513,0.16632988750934596,nan,0.0,nan,0.0,0
2,80,432,0.024488636363636365,2560,2.005789947509766,0.24140625,0.907748493552208,0.8445219844579697,0.199609375,0.23369712606072426,0.9129058986902236,0.03137257695198059,0.06230119187384844,0.7302754372358322,0.9013792544603347,-0.006369239091873258,0.16632988750934596,nan,0.0,nan,0.0,0
2,100,452,0.025625,2560,1.9959411859512328,0.238671875,0.8983872205018997,0.8432116389274598,0.226171875,0.2520654253661633,0.9151525050401688,0.03137257695198059,0.06590782590210438,0.7439328610897065,0.9023530840873718,0.003965863585472129,0.16632988750934596,nan,0.0,nan,0.0,0
2,120,472,0.026761363636363635,2560,1.99422926902771,0.236328125,0.9021362215280533,0.8373452752828598,0.22265625,0.2391953334212303,0.9151109248399735,0.03137257695198059,0.062107101827859876,0.7320028483867645,0.9023530840873718,0.00021686255931852028,0.16632988750934596,nan,0.0,nan,0.0,0
2,140,492,0.027897727272727272,2560,2.0051193714141844,0.24609375,0.8947193384170532,0.8366038203239441,0.2171875,0.25094771906733515,0.9139119654893875,0.03137257695198059,0.06196640022099018,0.7364126324653626,0.9021362215280533,0.007416883111000083,0.16632988750934596,nan,0.0,0.2578125,0.368806799990125,0
2,160,512,0.02903409090909091,2560,2.0058494567871095,0.24765625,0.9032348781824112,0.8395401209592819,0.19765625,0.24941225573420525,0.9119051814079284,0.03137257695198059,0.05983712356537581,0.729767456650734,0.9013792544603347,-0.0018556237220764826,0.16632988750934596,nan,0.0,nan,0.0,0
2,180,532,0.030170454545454545,2560,2.003692293167114,0.250390625,0.9018947511911393,0.8429592341184616,0.201171875,0.25494445860385895,0.9150427758693696,0.03137257695198059,0.06214674673974514,0.7375569045543671,0.9021362215280533,0.0002414703369140181,0.16632988750934596,nan,0.0,nan,0.0,0
2,200,552,0.03130681818181818,2560,1.9878167748451232,0.244921875,0.9066240102052688,0.8489600092172622,0.217578125,0.260060179233551,0.9156410455703735,0.03137257695198059,0.0633117975667119,0.7365486919879913,0.9018947511911393,-0.004729259014129572,0.16632988750934596,nan,0.0,nan,0.0,0
2,220,572,0.032443181818181815,2560,1.9906772375106812,0.241796875,0.9039659351110458,0.8483530908823014,0.22734375,0.26936112716794014,0.9129215478897095,0.03137257695198059,0.0639545964077115,0.7397816956043244,0.9021362215280533,-0.0018297135829925537,0.16632988750934596,nan,0.0,nan,0.0,0
2,240,592,0.03357954545454545,2560,1.9813738346099854,0.251171875,0.905121111869812,0.8464457362890243,0.21796875,0.2601905092597008,0.9149014979600907,0.03137257695198059,0.05989985130727291,0.7311642616987228,0.9032348781824112,-0.0018862336874008179,0.16632988750934596,nan,0.0,0.2890625,0.36523029999807477,0
2,260,612,0.03471590909090909,2560,1.9674725532531738,0.25703125,0.9117584854364396,0.8536317408084869,0.226171875,0.26681259125471113,0.9153760433197021,0.03137257695198059,0.0644244784489274,0.7417503803968429,0.9039659351110458,-0.007792550325393721,0.16632988750934596,nan,0.0,nan,0.0,0
2,280,632,0.035852272727272726,2560,1.9670617580413818,0.253125,0.9035002440214157,0.842898839712143,0.21171875,0.2695912644267082,0.9144265741109848,0.03137257695198059,0.05872068703174591,0.7297672927379608,0.905121111869812,0.0016208678483963235,0.16632988750934596,nan,0.0,nan,0.0,0
2,300,652,0.03698863636363636,2560,1.9664020538330078,0.266796875,0.9030979633331299,0.8454564571380615,0.21015625,0.2687857307493687,0.9145504117012024,0.03137257695198059,0.06023633014410734,0.7334249764680862,0.905121111869812,0.0020231485366821733,0.16632988750934596,nan,0.0,nan,0.0,0
2,320,672,0.038125,2560,1.9504940509796143,0.266796875,0.9056906372308731,0.846375298500061,0.209375,0.26884007900953294,0.91269710958004,0.03137257695198059,0.05823767092078924,0.7287619978189468,0.9039659351110458,-0.001724702119827226,0.16632988750934596,nan,0.0,nan,0.0,0
2,340,692,0.03926136363636363,2560,1.9428128004074097,0.25625,0.9040425181388855,0.8440609246492385,0.217578125,0.2738153450191021,0.9135118007659913,0.03137257695198059,0.058451473154127596,0.7307531416416169,0.905121111869812,0.001078593730926558,0.16632988750934596,nan,0.0,0.34375,0.35724149993620813,0
2,352,704,0.039943181818181815,1480,1.9513281551567283,0.26283783832111873,0.8979323470914686,0.8434643130044679,0.21621621645785666,0.2713391558544056,0.9190645462757833,0.03137257695198059,0.06040396825284571,0.7373023464873031,0.9040425181388855,0.006110171047416846,0.16632988750934596,nan,0.0,nan,0.0,0
3,20,724,0.04107954545454545,2560,1.935275936126709,0.256640625,0.902464845776558,0.8496921718120575,0.229296875,0.26522900387644766,0.9112755060195923,0.03137257695198059,0.055817602388560775,0.7273602247238159,0.9035002440214157,0.0010353982448577659,0.16632988750934596,nan,0.0,nan,0.0,0
3,40,744,0.04221590909090909,2560,1.9628473281860352,0.25234375,0.9068610668182373,0.8498550593852997,0.225390625,0.28299451619386673,0.9165733516216278,0.03137257695198059,0.05573156010359526,0.7256936073303223,0.9030979633331299,-0.003763103485107444,0.16632988750934596,nan,0.0,nan,0.0,0
3,60,764,0.043352272727272725,2560,1.9705315589904786,0.264453125,0.8993154048919678,0.8499720424413681,0.22265625,0.27122721672058103,0.9140835016965866,0.03137257695198059,0.057888029143214226,0.7302146434783936,0.9040425181388855,0.004727113246917658,0.16632988750934596,nan,0.0,nan,0.0,0
3,80,784,0.04448863636363636,2560,1.9518834590911864,0.258984375,0.9035148918628693,0.8494645625352859,0.210546875,0.28721236288547514,0.9153826594352722,0.03137257695198059,0.05730697307735681,0.7285000443458557,0.902464845776558,-0.0010500460863113181,0.16632988750934596,nan,0.0,0.359375,0.3740809999871999,0
3,100,804,0.04562499999999999,2560,1.906258487701416,0.27421875,0.9028198540210723,0.848191088438034,0.246484375,0.2980624333024025,0.916000384092331,0.03137257695198059,0.05787994414567947,0.7311586081981659,0.902464845776558,-0.0003550082445143987,0.16632988750934596,nan,0.0,nan,0.0,0
3,120,824,0.046761363636363636,2560,1.9228100299835205,0.26953125,0.9059419065713883,0.8517681300640106,0.22890625,0.2867190018296242,0.9146501094102859,0.03137257695198059,0.057748930528759956,0.7294661968946456,0.9028198540210723,-0.0031220525503159458,0.16632988750934596,nan,0.0,nan,0.0,0
3,140,844,0.04789772727272727,2560,1.9646588683128356,0.26640625,0.8985231876373291,0.8481106013059616,0.212109375,0.29148217737674714,0.9141971737146377,0.03137257695198059,0.05882348138839007,0.7345156639814376,0.9035148918628693,0.004991704225540183,0.16632988750934596,nan,0.0,nan,0.0,0
3,160,864,0.04903409090909091,2560,1.937499713897705,0.2671875,0.9037439525127411,0.8493421077728271,0.226171875,0.2898743450641632,0.9163044214248657,0.03137257695198059,0.05853748582303524,0.7326994895935058,0.9028198540210723,-0.0009240984916687456,0.16632988750934596,nan,0.0,nan,0.0,0
3,180,884,0.050170454545454546,2560,1.9245944023132324,0.284765625,0.9013855546712876,0.8452020198106766,0.204296875,0.2808366447687149,0.91557936668396,0.03137257695198059,0.05266221463680267,0.7217026233673096,0.9035148918628693,0.002129337191581704,0.16632988750934596,nan,0.0,0.3359375,0.36170569993555546,0
3,200,904,0.05130681818181818,2560,1.8725563287734985,0.281640625,0.8978571206331253,0.843331801891327,0.228515625,0.29659589678049086,0.9170011103153228,0.03137257695198059,0.05748602617532015,0.7299456477165223,0.9028198540210723,0.00496273338794706,0.16632988750934596,nan,0.0,nan,0.0,0
3,220,924,0.05244318181818181,2560,1.8850582122802735,0.2765625,0.8975708663463593,0.8442973047494888,0.246875,0.29899933785200117,0.9156931728124619,0.03137257695198059,0.05547759924083948,0.7276342689990998,0.9013855546712876,0.0038146883249282615,0.16632988750934596,nan,0.0,nan,0.0,0
3,240,944,0.05357954545454545,2560,1.925869870185852,0.2703125,0.8948009848594666,0.8434995174407959,0.244921875,0.31489811688661573,0.9159505426883697,0.03137257695198059,0.05608326829969883,0.7282686680555344,0.8985231876373291,0.0037222027778625044,0.16632988750934596,nan,0.0,nan,0.0,0
3,260,964,0.054715909090909086,2560,1.9016886234283448,0.276953125,0.8926400393247604,0.8446342676877976,0.2421875,0.30617754310369494,0.917247799038887,0.03137257695198059,0.055813411995768544,0.7294638186693192,0.8978571206331253,0.005217081308364846,0.16632988750934596,nan,0.0,nan,0.0,0
3,280,984,0.05585227272727273,2560,1.8733879208564759,0.296875,0.8991659760475159,0.8462167322635651,0.230859375,0.30200563967227934,0.9150409877300263,0.03137257695198059,0.0574017621576786,0.7310978263616562,0.8975708663463593,-0.0015951097011566162,0.16632988750934596,nan,0.0,0.3203125,0.35754909995011985,0
3,300,1004,0.056988636363636366,2560,1.8700000107288361,0.288671875,0.8925930857658386,0.8440114587545395,0.226171875,0.31960330009460447,0.9143935084342957,0.03137257695198059,0.05760734379291534,0.731348404288292,0.8975708663463593,0.004977780580520674,0.16632988750934596,nan,0.0,nan,0.0,0
3,320,1024,0.058124999999999996,2560,1.880501914024353,0.284765625,0.8908281445503234,0.8415981501340866,0.248828125,0.30840073376893995,0.9138827204704285,0.03137257695198059,0.057807534001767635,0.7347212582826614,0.8948009848594666,0.003972840309143133,0.16632988750934596,nan,0.0,nan,0.0,0
3,340,1044,0.05926136363636363,2560,1.8478320598602296,0.29609375,0.8956316649913788,0.8453861504793168,0.244921875,0.32183767706155775,0.917482390999794,0.03137257695198059,0.05637519415467977,0.7309477806091309,0.8926400393247604,-0.0029916256666183694,0.16632988750934596,nan,0.0,nan,0.0,0
3,352,1056,0.05994318181818181,1480,1.814730672578554,0.3263513519957259,0.8981669973682713,0.8481568713445922,0.23513513529622876,0.3015372999616571,0.9122512727170378,0.03137257695198059,0.05426139642257948,0.7257793487729253,0.8926400393247604,-0.005526958043510888,0.16632988750934596,nan,0.0,nan,0.0,0
4,20,1076,0.061079545454545456,2560,1.8785385370254517,0.2890625,0.8980071038007736,0.8465328365564346,0.2421875,0.3189928367733955,0.9138557642698288,0.03137257695198059,0.057068120874464515,0.7340403407812118,0.8956316649913788,-0.0023754388093948364,0.16632988750934596,nan,0.0,0.3828125,0.37371170008555055,0
4,40,1096,0.06221590909090909,2560,1.8561062335968017,0.30234375,0.8905953079462051,0.8471349239349365,0.237109375,0.33616208136081693,0.9170212000608444,0.03137257695198059,0.06103705856949091,0.7404801309108734,0.8956316649913788,0.005036357045173689,0.16632988750934596,nan,0.0,nan,0.0,0
4,60,1116,0.06335227272727273,2560,1.8430849313735962,0.306640625,0.8900588750839233,0.8433150172233581,0.2421875,0.30744187384843824,0.9194961696863174,0.03137257695198059,0.056873948127031324,0.7321526020765304,0.8956316649913788,0.0055727899074554665,0.16632988750934596,nan,0.0,nan,0.0,0
4,80,1136,0.06448863636363636,2560,1.8526659965515138,0.29140625,0.8835995852947235,0.8373072534799576,0.253125,0.3300026640295982,0.9198388695716858,0.03137257695198059,0.0510142071172595,0.7201546639204025,0.8956316649913788,0.012032079696655318,0.16632988750934596,nan,0.0,nan,0.0,0
4,100,1156,0.065625,2560,1.8539935290813445,0.30546875,0.8917350828647613,0.8420964807271958,0.2328125,0.33916609436273576,0.914554101228714,0.03137257695198059,0.05689543895423412,0.7319638788700104,0.8905953079462051,-0.0011397749185562134,0.16632988750934596,nan,0.0,nan,0.0,0
4,120,1176,0.06676136363636363,2560,1.8645049333572388,0.27421875,0.892148232460022,0.8444926172494889,0.244921875,0.3116497054696083,0.9161734521389008,0.03137257695198059,0.052519486658275126,0.7245549917221069,0.8905953079462051,-0.0015529245138168335,0.16632988750934596,nan,0.0,0.34375,0.36484729999210685,0
4,140,1196,0.06789772727272726,2560,1.843402349948883,0.29609375,0.8870157897472382,0.8398294001817703,0.234765625,0.33327249586582186,0.9171515345573426,0.03137257695198059,0.056440258771181105,0.7339230537414551,0.8905953079462051,0.0035795181989669578,0.16632988750934596,nan,0.0,nan,0.0,0
4,160,1216,0.0690340909090909,2560,1.8245673656463623,0.306640625,0.8902845948934555,0.8430575251579284,0.24609375,0.320984873175621,0.9163676172494888,0.03137257695198059,0.05298720039427281,0.7242438852787018,0.8900588750839233,-0.00022571980953212112,0.16632988750934596,nan,0.0,nan,0.0,0
4,180,1236,0.07017045454545454,2560,1.801398801803589,0.31171875,0.8798060834407806,0.837182879447937,0.245703125,0.3454337418079376,0.9118661463260651,0.03137257695198059,0.05367426536977291,0.7283455908298493,0.8902845948934555,0.010478511452674866,0.16632988750934596,nan,0.0,nan,0.0,0
4,200,1256,0.07130681818181818,2560,1.831916046142578,0.301953125,0.8854837775230407,0.8404915034770966,0.25625,0.32823043763637544,0.9148198634386062,0.03137257695198059,0.055201159045100215,0.7302111953496933,0.8902845948934555,0.004800817370414712,0.16632988750934596,nan,0.0,nan,0.0,0
4,220,1276,0.07244318181818182,2560,1.818321168422699,0.310546875,0.8840370655059815,0.8390274226665497,0.23671875,0.3165415018796921,0.9194641292095185,0.03137257695198059,0.05234300717711449,0.7239275932312011,0.8870157897472382,0.0029787242412566695,0.16632988750934596,nan,0.0,0.3515625,0.3555689000058919,0
4,240,1296,0.07357954545454545,2560,1.8222395181655884,0.316015625,0.8841363400220871,0.8367087274789811,0.244140625,0.34042684733867645,0.9153184473514557,0.03137257695198059,0.05278953853994608,0.7256631553173065,0.8854837775230407,0.0013474375009536743,0.16632988750934596,nan,0.0,nan,0.0,0
4,260,1316,0.07471590909090908,2560,1.8180835247039795,0.31484375,0.8835042625665664,0.8331867396831513,0.251171875,0.3409811869263649,0.9149074733257294,0.03137257695198059,0.05200852062553167,0.7234266221523284,0.8841363400220871,0.0006320774555206299,0.16632988750934596,nan,0.0,nan,0.0,0
4,280,1336,0.07585227272727273,2560,1.8060907006263733,0.310546875,0.8839041769504548,0.8330876886844635,0.255859375,0.32170706391334536,0.9164064019918442,0.03137257695198059,0.05325152613222599,0.72532157599926,0.8840370655059815,0.0001328885555267334,0.16632988750934596,nan,0.0,nan,0.0,0
4,300,1356,0.07698863636363637,2560,1.8148966908454895,0.315234375,0.8857110410928726,0.8386273890733719,0.24921875,0.3509574756026268,0.9126148462295532,0.03137257695198059,0.050447560101747516,0.7200856804847717,0.8840370655059815,-0.0016739755868910855,0.16632988750934596,nan,0.0,nan,0.0,0
4,320,1376,0.078125,2560,1.8198894739151001,0.30078125,0.8769105792045593,0.8377512782812119,0.26796875,0.3464317187666893,0.9156507045030594,0.03137257695198059,0.055610003881156445,0.7324633091688156,0.8840370655059815,0.007126486301422208,0.16632988750934596,nan,0.0,0.3515625,0.3612323000561446,0
4,340,1396,0.07926136363636364,2560,1.823875641822815,0.3,0.8800081133842468,0.8366635859012603,0.2734375,0.34798339754343033,0.9170350670814514,0.03137257695198059,0.05900034364312887,0.7391118466854095,0.8839041769504548,0.0038960635662079746,0.16632988750934596,nan,0.0,nan,0.0,0
4,352,1408,0.07994318181818182,1480,1.7910389642457705,0.32499999967781273,0.8794765050346787,0.8326530537089786,0.2500000003221873,0.3376311672700418,0.9165626451775835,0.03137257695198059,0.056236945394728635,0.7343651642670502,0.8835042625665664,0.004027757531887777,0.16632988750934596,nan,0.0,nan,0.0,0
5,20,1428,0.08107954545454545,2560,1.7969810009002685,0.323828125,0.8804822951555252,0.8408062189817429,0.248046875,0.35106521993875506,0.9150668054819107,0.03137257695198059,0.056514247134327886,0.7328146278858185,0.8800081133842468,-0.00047418177127844796,0.16632988750934596,nan,0.0,nan,0.0,0
5,40,1448,0.08221590909090909,2560,1.8170461654663086,0.309375,0.8808758199214936,0.8359605252742768,0.25546875,0.34923828542232516,0.9178110957145691,0.03137257695198059,0.05799532644450665,0.7388568431138992,0.8800081133842468,-0.0008677065372467707,0.16632988750934596,nan,0.0,nan,0.0,0
5,60,1468,0.08335227272727272,2560,1.7906375467777251,0.325390625,0.8678051054477691,0.8311709314584732,0.26875,0.3583764538168907,0.9188790887594223,0.03137257695198059,0.05331781692802906,0.7309368640184403,0.8800081133842468,0.012203007936477661,0.16632988750934596,nan,0.0,0.3828125,0.3684386999811977,0
5,80,1488,0.08448863636363636,2560,1.7743412494659423,0.311328125,0.8743171244859695,0.8327776789665222,0.270703125,0.3543721914291382,0.9120797574520111,0.03137257695198059,0.0533516937866807,0.7291976600885391,0.8800081133842468,0.005690988898277238,0.16632988750934596,nan,0.0,nan,0.0,0
5,100,1508,0.08562499999999999,2560,1.7894736766815185,0.33203125,0.879549217224121,0.8380577355623245,0.25859375,0.3451233372092247,0.9212251305580139,0.03137257695198059,0.05054309237748385,0.7224764376878738,0.8794765050346787,-7.2712189442381e-05,0.16632988750934596,nan,0.0,nan,0.0,0
5,120,1528,0.08676136363636362,2560,1.771082580089569,0.316015625,0.8771801769733429,0.8359684199094772,0.262890625,0.3535195916891098,0.9159411311149597,0.03137257695198059,0.054585051722824574,0.7317574173212051,0.879549217224121,0.0023690402507781094,0.16632988750934596,nan,0.0,nan,0.0,0
5,140,1548,0.08789772727272727,2560,1.7584937155246734,0.321484375,0.8664594411849975,0.8312956660985946,0.2609375,0.3529598265886307,0.9146142542362213,0.03137257695198059,0.05323380772024393,0.7298029333353042,0.8771801769733429,0.010720735788345426,0.16632988750934596,nan,0.0,nan,0.0,0
5,160,1568,0.0890340909090909,2560,1.744567859172821,0.33203125,0.8777125298976898,0.8343292444944381,0.27109375,0.360181725025177,0.91592256128788,0.03137257695198059,0.055414955504238604,0.7327808439731598,0.8743171244859695,-0.0033954054117202315,0.16632988750934596,nan,0.0,0.25,0.35760310001205653,0
5,180,1588,0.09017045454545455,2560,1.772109293937683,0.333984375,0.8719430267810822,0.8333478540182113,0.259765625,0.37334741801023485,0.9169402033090591,0.03137257695198059,0.05727727543562651,0.7382399797439575,0.8771801769733429,0.005237150192260787,0.16632988750934596,nan,0.0,nan,0.0,0
5,200,1608,0.09130681818181818,2560,1.7481353282928467,0.33515625,0.8745388984680176,0.8356339931488037,0.2578125,0.35611018538475037,0.9165266841650009,0.03137257695198059,0.05544107463210821,0.7327627062797546,0.8771801769733429,0.002641278505325362,0.16632988750934596,nan,0.0,nan,0.0,0
5,220,1628,0.09244318181818183,2560,1.7559550404548645,0.33671875,0.8713366717100144,0.8302992701530456,0.272265625,0.36630191951990126,0.912435045838356,0.03137257695198059,0.05223678648471832,0.7278079360723495,0.8745388984680176,0.0032022267580031905,0.16632988750934596,nan,0.0,nan,0.0,0
5,240,1648,0.09357954545454546,2560,1.72773277759552,0.3328125,0.8698074758052826,0.8295443415641784,0.268359375,0.3688638612627983,0.913251256942749,0.03137257695198059,0.05596152730286121,0.7347807168960572,0.8719430267810822,0.0021355509757995383,0.16632988750934596,nan,0.0,nan,0.0,0
5,260,1668,0.09471590909090909,2560,1.7740636110305785,0.328515625,0.8700166344642639,0.8306535243988037,0.28046875,0.3747526377439499,0.9174662470817566,0.03137257695198059,0.05404184442013502,0.732629781961441,0.8719430267810822,0.0019263923168182373,0.16632988750934596,nan,0.0,0.3671875,0.3575019999407232,0
5,280,1688,0.09585227272727273,2560,1.7617299437522889,0.324609375,0.8695483088493348,0.8288571864366532,0.265625,0.3635895594954491,0.9165624171495438,0.03137257695198059,0.05474923849105835,0.7317876935005188,0.8713366717100144,0.0017883628606796265,0.16632988750934596,nan,0.0,nan,0.0,0
5,300,1708,0.09698863636363636,2560,1.756901240348816,0.32421875,0.8668240964412689,0.8277368098497391,0.262109375,0.3643177911639214,0.9146549433469773,0.03137257695198059,0.0521658169105649,0.7276605635881424,0.8700166344642639,0.0031925380229950173,0.16632988750934596,nan,0.0,nan,0.0,0
5,320,1728,0.098125,2560,1.7134302496910094,0.346484375,0.8623995572328568,0.8260971218347549,0.277734375,0.36981715112924574,0.914279705286026,0.03137257695198059,0.05452946666628122,0.7326108425855636,0.8698074758052826,0.007407918572425842,0.16632988750934596,nan,0.0,nan,0.0,0
5,340,1748,0.09926136363636363,2560,1.7499667882919312,0.33828125,0.8696573436260223,0.8307280451059341,0.279296875,0.3687721103429794,0.916308867931366,0.03137257695198059,0.05231806002557278,0.7287187099456787,0.8695483088493348,-0.00010903477668755546,0.16632988750934596,nan,0.0,nan,0.0,0
5,352,1760,0.0999431818181818,1480,1.7327220207936056,0.3216216224270898,0.8659279275584866,0.8219218718039023,0.27432432448541794,0.37325878207748003,0.9163897813977422,0.03137257695198059,0.047127825142564,0.7150773322260058,0.8695483088493348,0.0036203812908481847,0.16632988750934596,nan,0.0,0.3359375,0.3604866999667138,0
6,20,1780,0.10107954545454545,2560,1.7576087594032288,0.33359375,0.8682130396366119,0.8274599879980087,0.2578125,0.3761505052447319,0.914547112584114,0.03137257695198059,0.05268149003386498,0.7286206215620041,0.8668240964412689,-0.0013889431953429954,0.16632988750934596,nan,0.0,nan,0.0,0
6,40,1800,0.10221590909090908,2560,1.7478832066059113,0.3390625,0.8559888005256653,0.8249333918094635,0.2828125,0.36377648264169693,0.916781771183014,0.03137257695198059,0.054403532110154626,0.7323203325271607,0.8668240964412689,0.010835295915603615,0.16632988750934596,nan,0.0,nan,0.0,0
6,60,1820,0.10335227272727272,2560,1.7288180828094482,0.338671875,0.8667863368988037,0.8276460200548172,0.27734375,0.37607798278331755,0.9141803950071334,0.03137257695198059,0.05295743308961391,0.7281237602233886,0.8659279275584866,-0.0008584093403171122,0.16632988750934596,nan,0.0,nan,0.0,0
6,80,1840,0.10448863636363635,2560,1.7327667117118835,0.333203125,0.8614441394805908,0.8248673915863037,0.27421875,0.3678809434175491,0.9150753229856491,0.03137257695198059,0.04819520525634289,0.7194229096174241,0.8667863368988037,0.005342197418212846,0.16632988750934596,nan,0.0,nan,0.0,0
6,100,1860,0.10562500000000001,2560,1.687429094314575,0.34609375,0.8626551926136017,0.8300056666135788,0.2671875,0.36972968429327013,0.9127105951309205,0.03137257695198059,0.05408133044838905,0.730565994977951,0.8659279275584866,0.003272734944884892,0.16632988750934596,nan,0.0,0.3125,0.3640623999526724,0
6,120,1880,0.10676136363636364,2560,1.7129836142063142,0.345703125,0.8497461169958115,0.8194037348031997,0.278125,0.388949878513813,0.9192853510379791,0.03137257695198059,0.05061805937439203,0.7253933131694794,0.8626551926136017,0.0129090756177902,0.16632988750934596,nan,0.0,nan,0.0,0
6,140,1900,0.10789772727272727,2560,1.693209284543991,0.3546875,0.8576267153024674,0.8239404261112213,0.270703125,0.37665895074605943,0.9123977869749069,0.03137257695198059,0.05296280235052109,0.730912521481514,0.8614441394805908,0.003817424178123474,0.16632988750934596,nan,0.0,nan,0.0,0
6,160,1920,0.10903409090909091,2560,1.706914246082306,0.35625,0.8587817430496216,0.8234371393918991,0.27578125,0.39163595288991926,0.9135978877544403,0.03137257695198059,0.0531816465780139,0.7297493100166321,0.8614441394805908,0.002662396430969216,0.16632988750934596,nan,0.0,nan,0.0,0
6,180,1940,0.11017045454545454,2560,1.7148555994033814,0.3453125,0.8568966776132584,0.8214063197374344,0.284375,0.38605532199144366,0.9157100915908813,0.03137257695198059,0.04895935207605362,0.7211510837078094,0.8587817430496216,0.0018850654363632424,0.16632988750934596,nan,0.0,nan,0.0,0
6,200,1960,0.11130681818181819,2560,1.7139670491218566,0.346875,0.8588120996952057,0.8231965601444244,0.26484375,0.3819320246577263,0.9159158289432525,0.03137257695198059,0.05035416446626186,0.7262054324150086,0.8576267153024674,-0.0011853843927382979,0.16632988750934596,nan,0.0,0.3359375,0.3558603000128642,0
6,220,1980,0.11244318181818182,2560,1.711594820022583,0.341796875,0.8654513359069824,0.8296650141477585,0.265234375,0.36600892841815946,0.9149001002311706,0.03137257695198059,0.05071596466004848,0.7244893550872803,0.8576267153024674,-0.007824620604515053,0.16632988750934596,nan,0.0,nan,0.0,0
6,240,2000,0.11357954545454545,2560,1.697785872220993,0.36015625,0.8616636544466019,0.8243220239877701,0.27265625,0.3902913272380829,0.9133489102125167,0.03137257695198059,0.04696338232606649,0.7170285433530807,0.8587817430496216,-0.0028819113969802412,0.16632988750934596,nan,0.0,nan,0.0,0
6,260,2020,0.11471590909090909,2560,1.7226775109767913,0.341015625,0.8595622181892395,0.826297652721405,0.27265625,0.38626475632190704,0.9106216669082642,0.03137257695198059,0.05151061713695526,0.72692751288414,0.8588120996952057,-0.0007501184940338357,0.16632988750934596,nan,0.0,nan,0.0,0
6,280,2040,0.11585227272727272,2560,1.7008886218070984,0.356640625,0.8524809509515763,0.8196101129055023,0.275,0.37770301997661593,0.9179518580436706,0.03137257695198059,0.05144559722393751,0.7274261534214019,0.8595622181892395,0.007081267237663225,0.16632988750934596,nan,0.0,nan,0.0,0
6,300,2060,0.11698863636363635,2560,1.7014756083488465,0.342578125,0.8611047983169555,0.8200429469347,0.276171875,0.3684986084699631,0.9097943872213363,0.03137257695198059,0.04624339304864407,0.714981484413147,0.8595622181892395,-0.00154258012771602,0.16632988750934596,nan,0.0,0.3984375,0.35592040000483394,0
6,320,2080,0.118125,2560,1.6988928258419036,0.36796875,0.8565346479415894,0.8196643978357315,0.26640625,0.38780044168233874,0.9153862237930298,0.03137257695198059,0.051981587149202826,0.7278291851282119,0.8611047983169555,0.004570150375366122,0.16632988750934596,nan,0.0,nan,0.0,0
6,340,2100,0.11926136363636362,2560,1.7137887179851532,0.336328125,0.8598006129264831,0.8243502467870713,0.276953125,0.3835876792669296,0.9141455501317978,0.03137257695198059,0.05232631899416447,0.7299506366252899,0.8595622181892395,-0.00023839473724363014,0.16632988750934596,nan,0.0,nan,0.0,0
6,352,2112,0.11994318181818181,1480,1.7572272429595122,0.3283783778950975,0.8633697232684574,0.828353327996022,0.25472972972972974,0.38036790087416367,0.908306081230576,0.03137257695198059,0.05540913009160274,0.7368930961634662,0.8595622181892395,-0.003807505079217899,0.16632988750934596,nan,0.0,nan,0.0,0
7,20,2132,0.12107954545454545,2560,1.6568140029907226,0.36484375,0.849164628982544,0.8159457147121429,0.273046875,0.36735419034957884,0.9174500942230225,0.03137257695198059,0.04753886442631483,0.7174931198358536,0.8598006129264831,0.010635983943939165,0.16632988750934596,nan,0.0,nan,0.0,0
7,40,2152,0.1222159090909091,2560,1.6975269794464112,0.337890625,0.856441056728363,0.8228101283311844,0.294140625,0.3983380049467087,0.9133344203233719,0.03137257695198059,0.04895032495260239,0.7221807301044464,0.8598006129264831,0.003359556198120117,0.16632988750934596,nan,0.0,0.3671875,0.3665274000959471,0
7,60,2172,0.12335227272727273,2560,1.689189112186432,0.346484375,0.8547602266073226,0.8258599787950516,0.28515625,0.3814554959535599,0.9118557125329971,0.03137257695198059,0.05313978213816881,0.7319335728883744,0.8565346479415894,0.0017744213342667514,0.16632988750934596,nan,0.0,nan,0.0,0
7,80,2192,0.12448863636363636,2560,1.6856222033500672,0.3625,0.8535914093255996,0.8234774440526962,0.277734375,0.39276833534240724,0.912050399184227,0.03137257695198059,0.05012486949563026,0.724731582403183,0.856441056728363,0.002849647402763389,0.16632988750934596,nan,0.0,nan,0.0,0
7,100,2212,0.125625,2560,1.7125536382198334,0.3515625,0.8416469484567642,0.8176254451274871,0.296875,0.3883012354373932,0.9165855586528778,0.03137257695198059,0.049454329162836076,0.7252093374729156,0.8547602266073226,0.013113278150558405,0.16632988750934596,nan,0.0,nan,0.0,0
7,120,2232,0.12676136363636364,2560,1.6671315789222718,0.354296875,0.8503866523504258,0.8193428218364716,0.295703125,0.39266551434993746,0.9132445186376572,0.03137257695198059,0.05147239621728659,0.7283861488103867,0.8535914093255996,0.0032047569751738614,0.16632988750934596,nan,0.0,nan,0.0,0
7,140,2252,0.12789772727272727,2560,1.686102819442749,0.347265625,0.8436380982398987,0.8151654690504074,0.278125,0.39446167051792147,0.911040011048317,0.03137257695198059,0.051884533278644084,0.7274338573217392,0.8535914093255996,0.009953311085700967,0.16632988750934596,nan,0.0,0.390625,0.3552763999905437,0
7,160,2272,0.1290340909090909,2560,1.6441485643386842,0.366015625,0.8478504538536071,0.8208370506763458,0.275,0.3684220939874649,0.9105106562376022,0.03137257695198059,0.047690625116229055,0.7190757721662522,0.8503866523504258,0.0025361984968186313,0.16632988750934596,nan,0.0,nan,0.0,0
7,180,2292,0.13017045454545453,2560,1.692050313949585,0.35625,0.8433921426534653,0.8184187710285187,0.276953125,0.41551495492458346,0.9104611903429032,0.03137257695198059,0.05090005472302437,0.7275527864694595,0.8478504538536071,0.00445831120014184,0.16632988750934596,nan,0.0,nan,0.0,0
7,200,2312,0.13130681818181816,2560,1.6883038401603698,0.365234375,0.8591727048158646,0.821343383193016,0.265234375,0.38066103160381315,0.9076322168111801,0.03137257695198059,0.049824667349457744,0.7240161061286926,0.8436380982398987,-0.015534606575965948,0.16632988750934596,nan,0.0,nan,0.0,0
7,220,2332,0.13244318181818182,2560,1.6593068301677705,0.36953125,0.848291990160942,0.8196422815322876,0.27421875,0.3805100664496422,0.9184191644191741,0.03137257695198059,0.048104156740009785,0.7200575351715088,0.8478504538536071,-0.0004415363073348999,0.16632988750934596,nan,0.0,nan,0.0,0
7,240,2352,0.13357954545454545,2560,1.726515883207321,0.339453125,0.838760831952095,0.8183070123195648,0.30546875,0.3947373524308205,0.9112011164426803,0.03137257695198059,0.04947512000799179,0.7238111525774003,0.8478504538536071,0.00908962190151208,0.16632988750934596,nan,0.0,0.40625,0.35613530001137406,0
7,260,2372,0.13471590909090908,2560,1.6603102803230285,0.36875,0.8419837445020676,0.8149822384119034,0.296875,0.4034397855401039,0.9075323909521102,0.03137257695198059,0.05213070996105671,0.7290941208600998,0.8478504538536071,0.005866709351539545,0.16632988750934596,nan,0.0,nan,0.0,0
7,280,2392,0.1358522727272727,2560,1.6633990108966827,0.38046875,0.8469179511070252,0.8156504482030869,0.258203125,0.3978441134095192,0.9108758449554444,0.03137257695198059,0.04700121246278286,0.718060490489006,0.8433921426534653,-0.0035258084535598755,0.16632988750934596,nan,0.0,nan,0.0,0
7,300,2412,0.13698863636363634,2560,1.692681211233139,0.35546875,0.8446806252002717,0.812936806678772,0.28515625,0.38659200072288513,0.9122488915920257,0.03137257695198059,0.048331172578036784,0.7213862210512161,0.8469179511070252,0.002237325906753518,0.16632988750934596,nan,0.0,nan,0.0,0
7,320,2432,0.138125,2560,1.6688372313976287,0.359375,0.8446051597595214,0.8155700862407684,0.2796875,0.38177128285169604,0.9101650446653367,0.03137257695198059,0.04933675695210695,0.7237358331680298,0.8446806252002717,7.546544075021089e-05,0.16632988750934596,nan,0.0,nan,0.0,0
7,340,2452,0.13926136363636363,2560,1.6680267810821534,0.362109375,0.8338573992252349,0.8085257411003113,0.297265625,0.41784878373146056,0.9091123163700103,0.03137257695198059,0.0468618156388402,0.7174510151147843,0.8446051597595214,0.010747760534286499,0.16632988750934596,nan,0.0,0.3828125,0.35597629996482283,0
7,352,2464,0.13994318181818183,1480,1.6436011224179654,0.36689189269736006,0.8450744226172163,0.8213293288205121,0.2824324325935261,0.38567195808565297,0.9095274367847959,0.03137257695198059,0.04702407224355517,0.7183591375479828,0.8446051597595214,-0.0004692628576948854,0.16632988750934596,nan,0.0,nan,0.0,0
8,20,2484,0.14107954545454546,2560,1.6463634252548218,0.37109375,0.8318436026573182,0.8108045190572739,0.2921875,0.41627590358257294,0.9075903743505478,0.03137257695198059,0.048061637580394743,0.7204070895910263,0.8446806252002717,0.012837022542953491,0.16632988750934596,nan,0.0,nan,0.0,0
8,40,2504,0.1422159090909091,2560,1.6624499082565307,0.362890625,0.8334345281124115,0.8153042018413543,0.28203125,0.4074336886405945,0.9111638516187668,0.03137257695198059,0.04862049128860235,0.7227791368961334,0.8446051597595214,0.011170631647109963,0.16632988750934596,nan,0.0,nan,0.0,0
8,60,2524,0.14335227272727272,2560,1.6478577256202698,0.37109375,0.8366476088762284,0.8127132654190063,0.27734375,0.38500530272722244,0.9059143245220185,0.03137257695198059,0.04605927094817162,0.7160652190446853,0.8338573992252349,-0.0027902096509934138,0.16632988750934596,nan,0.0,nan,0.0,0
8,80,2544,0.14448863636363635,2560,1.6202588260173798,0.383203125,0.8437254875898361,0.8178274959325791,0.28984375,0.39822000414133074,0.9136257380247116,0.03137257695198059,0.0530981857329607,0.7304241299629212,0.8338573992252349,-0.00986808836460118,0.16632988750934596,nan,0.0,0.3671875,0.3853454999625683,0
8,100,2564,0.145625,2560,1.6276751637458802,0.384765625,0.8294280081987381,0.8094425410032272,0.283203125,0.4014782220125198,0.9065131068229675,0.03137257695198059,0.0484682647511363,0.7217625766992569,0.8366476088762284,0.007219600677490279,0.16632988750934596,nan,0.0,nan,0.0,0
8,120,2584,0.14676136363636363,2560,1.646626704931259,0.3828125,0.8381005734205246,0.8111685574054718,0.286328125,0.3938599392771721,0.9108317285776139,0.03137257695198059,0.044619368948042394,0.7130880773067474,0.8334345281124115,-0.004666045308113098,0.16632988750934596,nan,0.0,nan,0.0,0
8,140,2604,0.14789772727272726,2560,1.7088636457920074,0.351171875,0.8447197407484055,0.8175964593887329,0.290234375,0.4071910336613655,0.9123373866081238,0.03137257695198059,0.04950636141002178,0.7225047439336777,0.8366476088762284,-0.008072131872177146,0.16632988750934596,nan,0.0,nan,0.0,0
8,160,2624,0.1490340909090909,2560,1.6309126675128938,0.37890625,0.8295946091413497,0.8108418971300125,0.287890625,0.38519065380096434,0.9068383723497391,0.03137257695198059,0.04869431741535664,0.7220911651849746,0.8381005734205246,0.008505964279174827,0.16632988750934596,nan,0.0,nan,0.0,0
8,180,2644,0.15017045454545455,2560,1.6652876257896423,0.368359375,0.8332878440618515,0.809923705458641,0.2890625,0.4029405266046524,0.9138392329216003,0.03137257695198059,0.04817200042307377,0.7193287551403046,0.8381005734205246,0.004812729358673051,0.16632988750934596,nan,0.0,0.3828125,0.36724670010153204,0
8,200,2664,0.15130681818181818,2560,1.6378574550151825,0.37265625,0.8312080025672912,0.8130142390727997,0.2765625,0.39790999293327334,0.9108464777469635,0.03137257695198059,0.048180320858955385,0.7205116778612137,0.8332878440618515,0.0020798414945603083,0.16632988750934596,nan,0.0,nan,0.0,0
8,220,2684,0.1524431818181818,2560,1.6370495676994323,0.38671875,0.8370811700820923,0.8137734949588775,0.279296875,0.3947126865386963,0.9107179254293442,0.03137257695198059,0.049601839110255244,0.7250284969806671,0.8332878440618515,-0.0037933260202407393,0.16632988750934596,nan,0.0,nan,0.0,0
8,240,2704,0.15357954545454547,2560,1.6331187725067138,0.36953125,0.8376911252737045,0.8140316188335419,0.29375,0.40051156282424927,0.9092721521854401,0.03137257695198059,0.04723923020064831,0.7195218831300736,0.8332878440618515,-0.004403281211852961,0.16632988750934596,nan,0.0,nan,0.0,0
8,260,2724,0.1547159090909091,2560,1.6896548330783845,0.346875,0.8333235949277877,0.8125830501317978,0.30625,0.40948871672153475,0.9099164485931397,0.03137257695198059,0.0496565343812108,0.7239311248064041,0.8332878440618515,-3.5750865936212683e-05,0.16632988750934596,nan,0.0,nan,0.0,0
8,280,2744,0.15585227272727273,2560,1.6492021441459657,0.375390625,0.8344037026166916,0.8168139338493348,0.2953125,0.3947285860776901,0.9080311059951782,0.03137257695198059,0.04883717652410269,0.7234715759754181,0.8333235949277877,-0.0010801076889038752,0.16632988750934596,nan,0.0,0.390625,0.35876450000796467,0
8,300,2764,0.15698863636363636,2560,1.6538945019245148,0.3609375,0.8217557579278946,0.8092370569705963,0.29140625,0.404710465669632,0.9079104363918304,0.03137257695198059,0.04699684549123049,0.7186250358819961,0.8344037026166916,0.012647944688797041,0.16632988750934596,nan,0.0,nan,0.0,0
8,320,2784,0.158125,2560,1.6165152490139008,0.3828125,0.8313314259052277,0.8124492764472961,0.28046875,0.3968895301222801,0.9119587153196335,0.03137257695198059,0.044054470211267474,0.7103112608194351,0.8344037026166916,0.0030722767114639282,0.16632988750934596,nan,0.0,nan,0.0,0
8,340,2804,0.15926136363636365,2560,1.6024000823497773,0.38984375,0.8346723079681396,0.8046104580163955,0.2703125,0.3941276654601097,0.9112564325332642,0.03137257695198059,0.04541717618703842,0.7140730440616607,0.8333235949277877,-0.0013487130403518899,0.16632988750934596,nan,0.0,nan,0.0,0
8,352,2816,0.15994318181818182,1480,1.6682605530764605,0.34662162242708977,0.8256979542809564,0.8117466994234034,0.3317567569178504,0.4295488803773313,0.9065113180392498,0.03137257695198059,0.0487973839245938,0.7198222975473146,0.8333235949277877,0.007625640646831355,0.16632988750934596,nan,0.0,nan,0.0,0
9,20,2836,0.16107954545454548,2560,1.6546290874481202,0.3609375,0.8283939331769943,0.8128330409526825,0.291015625,0.39572608917951585,0.9087145686149597,0.03137257695198059,0.047657668218016626,0.7193325757980347,0.8313314259052277,0.002937492728233404,0.16632988750934596,nan,0.0,0.4140625,0.3709244999336079,0
9,40,2856,0.1622159090909091,2560,1.5792680084705353,0.387890625,0.8225400060415268,0.8036995142698288,0.306640625,0.3925617799162865,0.9105493158102036,0.03137257695198059,0.047013054601848125,0.7184793293476105,0.8283939331769943,0.005853927135467507,0.16632988750934596,nan,0.0,nan,0.0,0
9,60,2876,0.16335227272727273,2560,1.6043119311332703,0.37890625,0.8246983557939529,0.8096730738878251,0.31015625,0.43011567890644076,0.9077372401952744,0.03137257695198059,0.045279132574796675,0.7147508889436722,0.8283939331769943,0.003695577383041382,0.16632988750934596,nan,0.0,nan,0.0,0
9,80,2896,0.16448863636363636,2560,1.6269257426261903,0.37890625,0.8209006488323212,0.8071616053581238,0.28515625,0.41795311868190765,0.9114486932754516,0.03137257695198059,0.04592896606773138,0.716011467576027,0.8256979542809564,0.004797305448635214,0.16632988750934596,nan,0.0,nan,0.0,0
9,100,2916,0.165625,2560,1.6063440024852753,0.39296875,0.8197972774505615,0.8043991237878799,0.2828125,0.4148807942867279,0.9066984921693801,0.03137257695198059,0.04648143667727709,0.7186053961515426,0.8246983557939529,0.004901078343391374,0.16632988750934596,nan,0.0,nan,0.0,0
9,120,2936,0.16676136363636365,2560,1.6459883093833922,0.371875,0.8304386794567108,0.8100177973508835,0.280859375,0.40008356124162675,0.9041486293077469,0.03137257695198059,0.04789364971220493,0.7206158727407456,0.8225400060415268,-0.007898673415184021,0.16632988750934596,nan,0.0,0.4375,0.3631976000033319,0
9,140,2956,0.16789772727272728,2560,1.631866216659546,0.379296875,0.8313225865364074,0.8083886653184891,0.291796875,0.39610543102025986,0.9099271327257157,0.03137257695198059,0.04586970806121826,0.7152179479598999,0.8225400060415268,-0.008782580494880676,0.16632988750934596,nan,0.0,nan,0.0,0
9,160,2976,0.1690340909090909,2560,1.6156898081302642,0.366015625,0.8206842571496964,0.8065559536218643,0.3171875,0.4190518319606781,0.908107390999794,0.03137257695198059,0.04568781591951847,0.7132297366857528,0.8246983557939529,0.004014098644256503,0.16632988750934596,nan,0.0,nan,0.0,0
9,180,2996,0.17017045454545454,2560,1.669636708498001,0.362890625,0.821732959151268,0.8092437952756881,0.2984375,0.4078629642724991,0.90578233897686,0.03137257695198059,0.04702060576528311,0.7183521121740342,0.8209006488323212,-0.0008323103189468162,0.16632988750934596,nan,0.0,nan,0.0,0
9,200,3016,0.17130681818181817,2560,1.630922657251358,0.387890625,0.8200443297624588,0.8052977472543716,0.2875,0.4108118534088135,0.9072401851415635,0.03137257695198059,0.04384305644780397,0.7089902609586716,0.821732959151268,0.001688629388809204,0.16632988750934596,nan,0.0,nan,0.0,0
9,220,3036,0.17244318181818183,2560,1.6484686017036438,0.37734375,0.8263544976711273,0.8097679316997528,0.266015625,0.4015267759561539,0.9101347774267197,0.03137257695198059,0.04684104714542627,0.7184994041919708,0.821732959151268,-0.004621538519859358,0.16632988750934596,nan,0.0,0.3671875,0.3563888999633491,0
9,240,3056,0.17357954545454546,2560,1.6060491025447845,0.38984375,0.8233273237943649,0.8073959499597549,0.29453125,0.40621191412210467,0.9071371912956238,0.03137257695198059,0.045123405382037164,0.713236752152443,0.821732959151268,-0.0015943646430969238,0.16632988750934596,nan,0.0,nan,0.0,0
9,260,3076,0.1747159090909091,2560,1.6300916135311128,0.373828125,0.8148018389940261,0.8066101253032685,0.290625,0.4129027917981148,0.907533922791481,0.03137257695198059,0.04962940625846386,0.7243912041187286,0.821732959151268,0.0069311201572418435,0.16632988750934596,nan,0.0,nan,0.0,0
9,280,3096,0.17585227272727272,2560,1.634696078300476,0.384375,0.8226458996534347,0.8052423059940338,0.2890625,0.40608482658863065,0.91038578748703,0.03137257695198059,0.04326095562428236,0.710460540652275,0.821732959151268,-0.0009129405021667258,0.16632988750934596,nan,0.0,nan,0.0,0
9,300,3116,0.17698863636363635,2560,1.6476481795310973,0.369921875,0.8271823644638061,0.8149524956941605,0.304296875,0.40240935832262037,0.9089986383914948,0.03137257695198059,0.04458945281803608,0.7130104720592498,0.8226458996534347,-0.004536464810371399,0.16632988750934596,nan,0.0,nan,0.0,0
9,320,3136,0.178125,2560,1.623675137758255,0.381640625,0.8163280099630356,0.8085004389286041,0.27578125,0.4097113698720932,0.9093882471323014,0.03137257695198059,0.046725126728415486,0.7188401579856872,0.8233273237943649,0.006999313831329346,0.16632988750934596,nan,0.0,0.3828125,0.3559406000422314,0
9,340,3156,0.17926136363636364,2560,1.6386733651161194,0.382421875,0.8085832953453064,0.8015147089958191,0.271484375,0.40215577334165575,0.9063662379980088,0.03137257695198059,0.045366429910063746,0.7166398048400879,0.8226458996534347,0.014062604308128335,0.16632988750934596,nan,0.0,nan,0.0,0
9,352,3168,0.17994318181818184,1480,1.628937687100591,0.3831081081081081,0.8240908178123267,0.8028696604677149,0.28581081097190447,0.40463530823991106,0.9131908706716589,0.031372576770750255,0.04528877280048422,0.7151181862160966,0.8163280099630356,-0.007762807849291176,0.16632988750934596,nan,0.0,nan,0.0,0
10,20,3188,0.18107954545454547,2560,1.6030065536499023,0.394140625,0.8156221002340317,0.8053452998399735,0.280859375,0.41079968959093094,0.9052411586046218,0.03137257695198059,0.04734851699322462,0.7213339895009995,0.8226458996534347,0.0070237994194030096,0.16632988750934596,nan,0.0,nan,0.0,0
10,40,3208,0.1822159090909091,2560,1.6196576952934265,0.37265625,0.8041807055473328,0.8024288445711136,0.296875,0.40854521542787553,0.9081693232059479,0.03137257695198059,0.04627550914883614,0.71602803170681,0.8163280099630356,0.012147304415702775,0.16632988750934596,nan,0.0,nan,0.0,0
10,60,3228,0.18335227272727272,2560,1.5892910063266754,0.392578125,0.8144818186759949,0.8075624018907547,0.293359375,0.41572813838720324,0.910344585776329,0.03137257695198059,0.049287045188248155,0.7235712379217147,0.8156221002340317,0.0011402815580368042,0.16632988750934596,nan,0.0,0.4296875,0.3723283000290394,0
10,80,3248,0.18448863636363635,2560,1.6241961240768432,0.3796875,0.7979225873947143,0.7930949091911316,0.301953125,0.409394308924675,0.9070672512054443,0.03137257695198059,0.04341431837528944,0.711113166809082,0.8144818186759949,0.016559231281280562,0.16632988750934596,nan,0.0,nan,0.0,0
10,100,3268,0.185625,2560,1.6181884467601777,0.383984375,0.7977676630020142,0.799526110291481,0.31171875,0.4265661761164665,0.9066177546977997,0.03137257695198059,0.043461488001048564,0.7104570120573044,0.8144818186759949,0.016714155673980713,0.16632988750934596,nan,0.0,nan,0.0,0
10,120,3288,0.18676136363636364,2560,1.6101761341094971,0.394140625,0.8055570304393769,0.8027988642454147,0.269140625,0.41498189270496366,0.9138672113418579,0.03137257695198059,0.045049934089183806,0.7128135949373245,0.8041807055473328,-0.0013763248920440896,0.16632988750934596,nan,0.0,nan,0.0,0
10,140,3308,0.18789772727272727,2560,1.655397069454193,0.372265625,0.8125581473112107,0.8045737177133561,0.26171875,0.3888977825641632,0.9104749262332916,0.03137257695198059,0.04414979442954063,0.7126133352518081,0.8041807055473328,-0.00837744176387789,0.16632988750934596,nan,0.0,nan,0.0,0
10,160,3328,0.1890340909090909,2560,1.6048953771591186,0.383984375,0.8125454872846604,0.8031747370958329,0.297265625,0.4149042710661888,0.9074719905853271,0.03137257695198059,0.04276965036988258,0.7085954427719117,0.8055570304393769,-0.006988456845283486,0.16632988750934596,nan,0.0,0.3359375,0.3740750999422744,0
10,180,3348,0.19017045454545453,2560,1.6407693445682525,0.382421875,0.8151880890130997,0.803304186463356,0.276171875,0.4219703644514084,0.9061771631240845,0.03137257695198059,0.04445926118642092,0.7139859080314637,0.8055570304393769,-0.009631058573722817,0.16632988750934596,nan,0.0,nan,0.0,0
10,200,3368,0.1913068181818182,2560,1.6437241375446319,0.37578125,0.8193771511316299,0.8018324673175812,0.28203125,0.40516033470630647,0.9064561396837234,0.03137257695198059,0.041903467290103434,0.7067245244979858,0.8125454872846604,-0.006831663846969538,0.16632988750934596,nan,0.0,nan,0.0,0
10,220,3388,0.19244318181818182,2560,1.6317144095897675,0.378125,0.8158720672130585,0.8052730709314346,0.27734375,0.41777607798576355,0.9044023066759109,0.03137257695198059,0.04432165771722794,0.7141615986824036,0.8125581473112107,-0.003313919901847817,0.16632988750934596,nan,0.0,nan,0.0,0
10,240,3408,0.19357954545454545,2560,1.6140760004520416,0.37578125,0.8139237731695175,0.8075723230838776,0.31015625,0.4070869147777557,0.9070989102125168,0.03137257695198059,0.045206801407039164,0.7131787419319153,0.8151880890130997,0.00126431584358222,0.16632988750934596,nan,0.0,nan,0.0,0
10,260,3428,0.19471590909090908,2560,1.6126151204109191,0.39375,0.8091786921024322,0.8037821620702743,0.28828125,0.40789797604084016,0.9068718075752258,0.03137257695198059,0.042645727284252644,0.7092035174369812,0.8151880890130997,0.006009396910667486,0.16632988750934596,nan,0.0,0.3515625,0.3623066999716684,0
10,280,3448,0.1958522727272727,2560,1.630941641330719,0.37421875,0.8080372244119645,0.8002811670303345,0.280078125,0.4105901882052422,0.9096260279417038,0.03137257695198059,0.04081490878015757,0.7030988752841949,0.8151880890130997,0.007150864601135232,0.16632988750934596,nan,0.0,nan,0.0,0
10,300,3468,0.19698863636363637,2560,1.6270460188388824,0.381640625,0.8101944297552108,0.8093027949333191,0.3015625,0.4082757070660591,0.9125356256961823,0.03137257695198059,0.04477866794914007,0.7140165090560913,0.8139237731695175,0.0037293434143066406,0.16632988750934596,nan,0.0,nan,0.0,0
10,320,3488,0.198125,2560,1.6259065449237824,0.384765625,0.8138121128082275,0.8008347988128662,0.267578125,0.4067507952451706,0.9011937648057937,0.03137257695198059,0.04200050197541714,0.7053629100322724,0.8101944297552108,-0.003617683053016685,0.16632988750934596,nan,0.0,nan,0.0,0
10,340,3508,0.19926136363636363,2560,1.5879925727844237,0.39453125,0.8071386903524399,0.7918647974729538,0.291015625,0.4033427521586418,0.9109375178813934,0.03137257695198059,0.04217222146689892,0.7073244005441666,0.8101944297552108,0.0030557394027709295,0.16632988750934596,nan,0.0,nan,0.0,0
10,352,3520,0.19994318181818183,1480,1.574094666661443,0.3824324332379006,0.8044885119876346,0.7981251977585457,0.3033783780561911,0.40456946524413856,0.9096431268228067,0.03137257695198059,0.03922214932941102,0.7010395230473698,0.8091786921024322,0.004690180114797604,0.16632988750934596,nan,0.0,0.40625,0.3631302999565378,0
11,20,3540,0.20107954545454546,2560,1.5951402366161347,0.38671875,0.803422749042511,0.8011919856071472,0.2984375,0.4300974667072296,0.8998747706413269,0.03137257695198059,0.0428126435726881,0.70999935567379,0.8080372244119645,0.004614475369453475,0.16632988750934596,nan,0.0,nan,0.0,0
11,40,3560,0.20221590909090909,2560,1.637194699048996,0.372265625,0.8170757532119751,0.8046414881944657,0.299609375,0.4216596558690071,0.9037290126085281,0.03137257695198059,0.04338527973741293,0.7092674523591995,0.8071386903524399,-0.009937062859535217,0.16632988750934596,nan,0.0,nan,0.0,0
11,60,3580,0.20335227272727271,2560,1.6252755165100097,0.38203125,0.8036097615957261,0.8040007472038269,0.290234375,0.40469341427087785,0.9099451959133148,0.03137257695198059,0.04217086117714643,0.7077364474534988,0.8071386903524399,0.003528928756713845,0.16632988750934596,nan,0.0,nan,0.0,0
11,80,3600,0.20448863636363637,2560,1.5823221445083617,0.39453125,0.811110970377922,0.8047877132892609,0.282421875,0.4297037944197655,0.9051749110221863,0.03137257695198059,0.04156404584646225,0.7051746815443038,0.8044885119876346,-0.006622458390287411,0.16632988750934596,nan,0.0,nan,0.0,0
11,100,3620,0.205625,2560,1.6498552858829498,0.3796875,0.8139630883932114,0.8020173609256744,0.276953125,0.41427145451307296,0.907353875041008,0.03137257695198059,0.042163220793008806,0.7073775440454483,0.8044885119876346,-0.009474576405576807,0.16632988750934596,nan,0.0,0.4765625,0.3659117999486625,0
11,120,3640,0.20676136363636363,2560,1.601636564731598,0.390625,0.8035837143659592,0.8041315913200379,0.28203125,0.41255059391260146,0.9069846034049988,0.03137257695198059,0.042926387302577494,0.7092558115720748,0.811110970377922,0.007527256011962802,0.16632988750934596,nan,0.0,nan,0.0,0
11,140,3660,0.20789772727272726,2560,1.646823090314865,0.36875,0.8283540278673172,0.8080581814050675,0.294140625,0.39728098213672636,0.8996710687875747,0.03137257695198059,0.04428743775933981,0.7126621216535568,0.811110970377922,-0.01724305748939514,0.16632988750934596,nan,0.0,nan,0.0,0
11,160,3680,0.2090340909090909,2560,1.6114661872386933,0.386328125,0.7996922999620437,0.7987748622894287,0.2953125,0.4084471106529236,0.9042099237442016,0.03137257695198059,0.04036663193255663,0.7032923191785813,0.811110970377922,0.011418670415878296,0.16632988750934596,nan,0.0,nan,0.0,0
11,180,3700,0.21017045454545455,2560,1.644909530878067,0.36953125,0.8003880202770233,0.8014685451984406,0.298046875,0.4331822946667671,0.9045870691537857,0.03137257695198059,0.045861047506332395,0.7163315832614898,0.811110970377922,0.010722950100898743,0.16632988750934596,nan,0.0,nan,0.0,0
11,200,3720,0.21130681818181818,2560,1.6017732441425323,0.383203125,0.8117287933826447,0.8033167719841003,0.2953125,0.4022547408938408,0.9043803066015244,0.03137257695198059,0.043927961960434914,0.7119803458452225,0.8035837143659592,-0.008145079016685486,0.16632988750934596,nan,0.0,0.40625,0.35610949993133545,0
11,220,3740,0.2124431818181818,2560,1.5934045255184173,0.37890625,0.8033840090036393,0.801397979259491,0.3125,0.4322161450982094,0.910562527179718,0.03137257695198059,0.045320470817387104,0.7170840501785278,0.8035837143659592,0.0001997053623199463,0.16632988750934596,nan,0.0,nan,0.0,0
11,240,3760,0.21357954545454544,2560,1.6546452820301056,0.36484375,0.8017609506845474,0.8005465388298034,0.296875,0.4240416243672371,0.9091596096754074,0.03137257695198059,0.04582370202988386,0.7172400146722794,0.8033840090036393,0.001623058319091819,0.16632988750934596,nan,0.0,nan,0.0,0
11,260,3780,0.21471590909090907,2560,1.6142602503299712,0.37265625,0.816255658864975,0.8020338922739029,0.283984375,0.38899496048688886,0.9117881923913955,0.03137257695198059,0.04068686980754137,0.7025580406188965,0.8017609506845474,-0.014494708180427529,0.16632988750934596,nan,0.0,nan,0.0,0
11,280,3800,0.21585227272727273,2560,1.621292108297348,0.376953125,0.8069700539112091,0.8020791590213776,0.3,0.4230112165212631,0.9075641810894013,0.03137257695198059,0.04516908619552851,0.715433019399643,0.8033840090036393,-0.003586044907569863,0.16632988750934596,nan,0.0,nan,0.0,0
11,300,3820,0.21698863636363636,2560,1.6476577281951905,0.373046875,0.8123516917228699,0.8078955501317978,0.28671875,0.41971236020326613,0.9090269923210144,0.03137257695198059,0.04464044570922852,0.7160683512687683,0.8069700539112091,-0.005381637811660789,0.16632988750934596,nan,0.0,0.390625,0.3557741999393329,0
11,320,3840,0.21812499999999999,2560,1.6215129971504212,0.38515625,0.7991440653800964,0.798751848936081,0.287109375,0.3936734408140182,0.904025799036026,0.03137257695198059,0.043127705343067646,0.7105656951665879,0.8069700539112091,0.007825988531112715,0.16632988750934596,nan,0.0,nan,0.0,0
11,340,3860,0.21926136363636362,2560,1.590729683637619,0.38984375,0.802944740653038,0.7996930629014969,0.284375,0.4183901593089104,0.9045456200838089,0.03137257695198059,0.04343902263790369,0.7110590666532517,0.8069700539112091,0.004025313258171126,0.16632988750934596,nan,0.0,nan,0.0,0
11,352,3872,0.21994318181818182,1480,1.6344237327575684,0.3979729728118793,0.8096931631500657,0.808795010399174,0.27770270254160906,0.43617190718650817,0.9077575284081536,0.03137257695198059,0.03969020872704081,0.7003245344033112,0.8069700539112091,-0.002723109238856547,0.16632988750934596,nan,0.0,nan,0.0,0
12,20,3892,0.22107954545454545,2560,1.6205629467964173,0.3765625,0.8114877253770828,0.8049759119749069,0.2765625,0.38970997631549836,0.9087082117795944,0.03137257695198059,0.041793389804661275,0.7062326490879058,0.8069700539112091,-0.004517671465873674,0.16632988750934596,nan,0.0,nan,0.0,0
12,40,3912,0.22221590909090908,2560,1.5963408589363097,0.3828125,0.804332834482193,0.8003542751073838,0.29921875,0.4319192200899124,0.9082271814346313,0.03137257695198059,0.04151345733553171,0.7072844684123993,0.8096931631500657,0.005360328667872727,0.16632988750934596,nan,0.0,0.3046875,0.38938149996101856,0
12,60,3932,0.22335227272727273,2560,1.6200532793998719,0.366015625,0.8137618929147721,0.8043590724468231,0.305859375,0.40839019119739534,0.9052790522575378,0.03137257695198059,0.04084454067051411,0.7036423355340957,0.804332834482193,-0.00942905843257913,0.16632988750934596,nan,0.0,nan,0.0,0
12,80,3952,0.22448863636363636,2560,1.632089626789093,0.380078125,0.8074206441640854,0.80773965716362,0.291796875,0.41507041156291963,0.9061931759119034,0.03137257695198059,0.04510405361652374,0.7134417623281479,0.8096931631500657,0.002272518985980243,0.16632988750934596,nan,0.0,nan,0.0,0
12,100,3972,0.225625,2560,1.6561851799488068,0.376171875,0.8075822055339813,0.802067968249321,0.276171875,0.4042422160506248,0.9014906853437423,0.03137257695198059,0.04219982661306858,0.708889827132225,0.8096931631500657,0.0021109576160843746,0.16632988750934596,nan,0.0,nan,0.0,0
12,120,3992,0.22676136363636362,2560,1.6379777014255523,0.38828125,0.8080817490816117,0.8038175135850907,0.2921875,0.41563011407852174,0.9021787196397781,0.03137257695198059,0.04098206851631403,0.7061700880527496,0.8075822055339813,-0.0004995435476303767,0.16632988750934596,nan,0.0,nan,0.0,0
12,140,4012,0.22789772727272725,2560,1.6217619121074676,0.38984375,0.8145131707191468,0.8047376215457916,0.27578125,0.41631497740745543,0.9113551020622254,0.03137257695198059,0.040933483839035036,0.7056979537010193,0.8075822055339813,-0.00693096518516545,0.16632988750934596,nan,0.0,0.3515625,0.36281389999203384,0
12,160,4032,0.22903409090909088,2560,1.630696713924408,0.37421875,0.800785344839096,0.7983496606349945,0.2875,0.38992826640605927,0.9061180293560028,0.03137257695198059,0.04287862740457058,0.7103390544652939,0.8080817490816117,0.007296404242515653,0.16632988750934596,nan,0.0,nan,0.0,0
12,180,4052,0.23017045454545454,2560,1.5573549747467041,0.39921875,0.7928270816802978,0.7934575557708741,0.284375,0.4136439189314842,0.906819686293602,0.03137257695198059,0.03918523509055376,0.698806631565094,0.8075822055339813,0.014755123853683494,0.16632988750934596,nan,0.0,nan,0.0,0
12,200,4072,0.23130681818181817,2560,1.5769361317157746,0.40859375,0.795750617980957,0.7940155237913131,0.290234375,0.44098336547613143,0.9028437495231628,0.03137257695198059,0.040664412640035154,0.7045708447694778,0.8075822055339813,0.01183158755302427,0.16632988750934596,nan,0.0,nan,0.0,0
12,220,4092,0.2324431818181818,2560,1.633346539735794,0.377734375,0.8004332780838013,0.8004366725683212,0.294140625,0.42311320900917054,0.896134328842163,0.03137257695198059,0.042004731670022014,0.7091966092586517,0.800785344839096,0.0003520667552947554,0.16632988750934596,nan,0.0,nan,0.0,0
12,240,4112,0.23357954545454543,2560,1.6537734627723695,0.358203125,0.7997151285409927,0.7961545467376709,0.29296875,0.41091488748788835,0.907413375377655,0.03137257695198059,0.044531643576920035,0.7151223421096802,0.8004332780838013,0.0007181495428085771,0.16632988750934596,nan,0.0,0.4296875,0.3559203000040725,0
12,260,4132,0.23471590909090906,2560,1.6244884312152863,0.384375,0.792338901758194,0.7930251002311707,0.2859375,0.4062834694981575,0.9056793421506881,0.03137257695198059,0.04057283475995064,0.7064894020557404,0.7997151285409927,0.0073762267827987005,0.16632988750934596,nan,0.0,nan,0.0,0
12,280,4152,0.23585227272727272,2560,1.6255712926387786,0.39140625,0.8091319292783737,0.7983365625143051,0.284765625,0.41833687424659727,0.900664409995079,0.03137257695198059,0.04222025461494923,0.7088809341192246,0.795750617980957,-0.01338131129741671,0.16632988750934596,nan,0.0,nan,0.0,0
12,300,4172,0.23698863636363635,2560,1.6070789992809296,0.382421875,0.7951885133981704,0.7954483240842819,0.2890625,0.40349441319704055,0.90412637591362,0.03137257695198059,0.03966462593525648,0.7018689423799515,0.7997151285409927,0.004526615142822266,0.16632988750934596,nan,0.0,nan,0.0,0
12,320,4192,0.23812499999999998,2560,1.6305655360221862,0.3859375,0.8011288851499557,0.8003376185894012,0.280078125,0.4177345663309097,0.9079045802354813,0.03137257695198059,0.043394450843334195,0.7122752666473389,0.7997151285409927,-0.001413756608963035,0.16632988750934596,nan,0.0,nan,0.0,0
12,340,4212,0.2392613636363636,2560,1.6137596487998962,0.388671875,0.7959245175123215,0.7948038965463639,0.299609375,0.42197898477315904,0.9042531490325928,0.03137257695198059,0.04440676849335432,0.7163890033960343,0.7997151285409927,0.003790611028671176,0.16632988750934596,nan,0.0,0.3359375,0.35585439996793866,0
12,352,4224,0.2399431818181818,1480,1.6431673043483013,0.3777027022194218,0.8042752955410931,0.8002852874833184,0.2729729736173475,0.40905279984345305,0.9019815209749583,0.03137257695198059,0.04136863525050717,0.7064396159068959,0.7959245175123215,-0.0083507780287716,0.16632988750934596,nan,0.0,nan,0.0,0
13,20,4244,0.24107954545454544,2560,1.616337376832962,0.375390625,0.8023635923862458,0.7969079554080963,0.291796875,0.4124955967068672,0.9068545222282409,0.03137257695198059,0.04175830222666264,0.7070293992757797,0.8011288851499557,-0.0012347072362900446,0.16632988750934596,nan,0.0,nan,0.0,0
13,40,4264,0.24221590909090907,2560,1.617737740278244,0.37890625,0.8103097587823868,0.8031950831413269,0.288671875,0.41597955077886584,0.9032418727874756,0.03137257695198059,0.04268681220710278,0.7090603679418563,0.8011288851499557,-0.00918087363243103,0.16632988750934596,nan,0.0,nan,0.0,0
13,60,4284,0.24335227272727272,2560,1.6551195919513702,0.372265625,0.8057678669691086,0.8027553737163544,0.28046875,0.41023965626955033,0.9092724055051804,0.03137257695198059,0.044469724968075754,0.714730966091156,0.8023635923862458,-0.003404274582862854,0.16632988750934596,nan,0.0,nan,0.0,0
13,80,4304,0.24448863636363635,2560,1.627776312828064,0.3796875,0.8087946951389313,0.7993606775999069,0.293359375,0.42036222517490385,0.9076868951320648,0.03137257695198059,0.041750489920377734,0.7071719527244568,0.8042752955410931,-0.004519399597838203,0.16632988750934596,nan,0.0,0.3984375,0.3786321999505162,0
13,100,4324,0.24562499999999998,2560,1.605377060174942,0.38125,0.8043993175029754,0.8117819666862488,0.28203125,0.40471682548522947,0.907549050450325,0.03137257695198059,0.041623856872320175,0.7072198748588562,0.8057678669691086,0.0013685494661331843,0.16632988750934596,nan,0.0,nan,0.0,0
13,120,4344,0.2467613636363636,2560,1.6029358685016633,0.38984375,0.7896479487419128,0.7893855005502701,0.2796875,0.41420664042234423,0.8982984095811843,0.03137257695198059,0.041495167464017865,0.7075991123914719,0.8057678669691086,0.01611991822719583,0.16632988750934596,nan,0.0,nan,0.0,0
13,140,4364,0.24789772727272724,2560,1.6216467261314391,0.384765625,0.8100582450628281,0.8019460171461106,0.2875,0.42206079363822935,0.9082395076751709,0.03137257695198059,0.04014067500829697,0.7028470128774643,0.8057678669691086,-0.00429037809371946,0.16632988750934596,nan,0.0,nan,0.0,0
13,160,4384,0.2490340909090909,2560,1.6047389388084412,0.3734375,0.8033887714147567,0.7990547329187393,0.30546875,0.41519955545663834,0.9038159906864166,0.03137257695198059,0.04461050163954496,0.7148884177207947,0.8057678669691086,0.0023790955543518955,0.16632988750934596,nan,0.0,nan,0.0,0
13,180,4404,0.2501704545454545,2560,1.5943241357803344,0.392578125,0.8045305639505387,0.8035770654678345,0.285546875,0.42590476870536803,0.9081722408533096,0.03137257695198059,0.04086300097405911,0.70615374147892,0.8043993175029754,-0.000131246447563238,0.16632988750934596,nan,0.0,0.40625,0.361010399996303,0
13,200,4424,0.25130681818181816,2560,1.6140615701675416,0.377734375,0.8068736553192138,0.8005563288927078,0.28828125,0.41057139337062837,0.902877825498581,0.03137257695198059,0.04353441465646028,0.712581679224968,0.8043993175029754,-0.0024743378162384033,0.16632988750934596,nan,0.0,nan,0.0,0
13,220,4444,0.2524431818181818,2560,1.601668244600296,0.3828125,0.7939582079648971,0.7939441919326782,0.31328125,0.4371779650449753,0.9091185450553894,0.03137257695198059,0.040768380649387835,0.7051888883113862,0.8045305639505387,0.010572355985641546,0.16632988750934596,nan,0.0,nan,0.0,0
13,240,4464,0.2535795454545454,2560,1.622794371843338,0.384375,0.8020261228084564,0.8039645075798034,0.303125,0.41763993799686433,0.9012022852897644,0.03137257695198059,0.040349234454333784,0.7035558432340622,0.8045305639505387,0.0025044411420822588,0.16632988750934596,nan,0.0,nan,0.0,0
13,260,4484,0.2547159090909091,2560,1.683300220966339,0.3640625,0.8132745504379273,0.8052171319723129,0.2890625,0.4039637938141823,0.9006013453006745,0.03137257695198059,0.041520568914711474,0.7084255278110504,0.8033887714147567,-0.00988577902317056,0.16632988750934596,nan,0.0,nan,0.0,0
13,280,4504,0.2558522727272727,2560,1.6245175659656526,0.3890625,0.8001364886760711,0.7977319240570069,0.28359375,0.4004926472902298,0.9086788356304168,0.03137257695198059,0.0419569967314601,0.7060809344053268,0.8045305639505387,0.004394075274467557,0.16632988750934596,nan,0.0,0.40625,0.3574111999478191,0
13,300,4524,0.2569886363636364,2560,1.6389475524425507,0.37734375,0.7895662069320679,0.7921255946159362,0.27578125,0.4300896555185318,0.9042404383420944,0.03137257695198059,0.04451337773352861,0.7144267320632934,0.8020261228084564,0.012459915876388505,0.16632988750934596,nan,0.0,nan,0.0,0
13,320,4544,0.258125,2560,1.6192953824996947,0.38203125,0.7953134953975678,0.797514232993126,0.28671875,0.4036280944943428,0.904080605506897,0.03137257695198059,0.04343986958265304,0.7094532936811447,0.8001364886760711,0.004822993278503329,0.16632988750934596,nan,0.0,nan,0.0,0
13,340,4564,0.25926136363636365,2560,1.6528153598308564,0.368359375,0.8008514285087586,0.7994948238134384,0.30859375,0.43184997588396073,0.904969933629036,0.03137257695198059,0.04247267059981823,0.7089879631996154,0.8001364886760711,-0.0007149398326874445,0.16632988750934596,nan,0.0,nan,0.0,0
13,352,4576,0.2599431818181818,1480,1.6265218187022854,0.3777027025416091,0.8064529412501568,0.8013718231304272,0.30540540604977995,0.4031527251810641,0.9016469758910102,0.03137257695198059,0.04609938066553425,0.7177410441475945,0.8001364886760711,-0.00631645257408564,0.16632988750934596,nan,0.0,nan,0.0,0
14,20,4596,0.2610795454545454,2560,1.590941208600998,0.390625,0.8059764206409454,0.7972088038921357,0.2828125,0.4206545054912567,0.9035515010356903,0.03137257695198059,0.04082545042037964,0.7029183596372605,0.8001364886760711,-0.005839931964874312,0.16632988750934596,nan,0.0,0.421875,0.37312450003810227,0
14,40,4616,0.2622159090909091,2560,1.6449698209762573,0.362109375,0.7830050975084305,0.7931202173233032,0.316796875,0.4440153524279594,0.9042401880025863,0.03137257695198059,0.03978542666882277,0.7028519511222839,0.8008514285087586,0.017846331000328064,0.16632988750934596,nan,0.0,nan,0.0,0
14,60,4636,0.2633522727272727,2560,1.6232941567897796,0.38125,0.8065789014101028,0.802982097864151,0.275,0.39764327853918074,0.9009585201740264,0.03137257695198059,0.04124174769967794,0.7076620668172836,0.8008514285087586,-0.005727472901344233,0.16632988750934596,nan,0.0,nan,0.0,0
14,80,4656,0.26448863636363634,2560,1.6466370284557343,0.367578125,0.7987826198339463,0.7996870845556259,0.288671875,0.4060677155852318,0.9040494501590729,0.03137257695198059,0.037901436630636456,0.6969117760658264,0.8059764206409454,0.007193800806999162,0.16632988750934596,nan,0.0,nan,0.0,0
14,100,4676,0.265625,2560,1.6052313148975372,0.383984375,0.7905533939599991,0.7888600796461105,0.283984375,0.41522846221923826,0.9004205256700516,0.03137257695198059,0.04215559903532266,0.7088488310575485,0.8059764206409454,0.015423026680946306,0.16632988750934596,nan,0.0,nan,0.0,0
14,120,4696,0.2667613636363636,2560,1.6439525008201599,0.386328125,0.8120064169168473,0.8005623102188111,0.282421875,0.4161095470190048,0.9078841120004654,0.03137257695198059,0.04440131317824125,0.7156170845031739,0.7987826198339463,-0.013223797082901001,0.16632988750934596,nan,0.0,0.40625,0.3693298000143841,0
14,140,4716,0.26789772727272726,2560,1.5891345143318176,0.390234375,0.7985729306936264,0.799228435754776,0.29453125,0.423669795691967,0.9015308499336243,0.03137257695198059,0.0404761740937829,0.7054437786340714,0.7987826198339463,0.00020968914031982422,0.16632988750934596,nan,0.0,nan,0.0,0
14,160,4736,0.26903409090909086,2560,1.6431498646736145,0.370703125,0.8115138113498688,0.8056094080209732,0.28984375,0.4181355729699135,0.9085572779178619,0.03137257695198059,0.040756361559033394,0.7060831785202026,0.7987826198339463,-0.012731191515922502,0.16632988750934596,nan,0.0,nan,0.0,0
14,180,4756,0.2701704545454545,2560,1.580778181552887,0.39453125,0.7974162936210633,0.7935497432947158,0.2703125,0.4152731329202652,0.903540188074112,0.03137257695198059,0.040771090984344484,0.7050319969654083,0.7987826198339463,0.0013663262128830178,0.16632988750934596,nan,0.0,nan,0.0,0
14,200,4776,0.2713068181818182,2560,1.655888283252716,0.37421875,0.7991545379161835,0.7998591303825379,0.276171875,0.40831406265497205,0.9038816004991531,0.03137257695198059,0.03937413599342108,0.7010143816471099,0.7985729306936264,-0.0005816072225570679,0.16632988750934596,nan,0.0,nan,0.0,0
14,220,4796,0.27244318181818183,2560,1.642718780040741,0.365625,0.7982318699359894,0.8046169519424439,0.2921875,0.41801522523164747,0.9099010676145554,0.03137257695198059,0.04458468873053789,0.7151421070098877,0.7991545379161835,0.0009226679801941362,0.16632988750934596,nan,0.0,0.390625,0.35672679997514933,0
14,240,4816,0.27357954545454544,2560,1.6077777743339539,0.392578125,0.8125396847724915,0.7998704463243484,0.278515625,0.4008547618985176,0.9118742793798447,0.03137257695198059,0.04263709932565689,0.7081355392932892,0.7985729306936264,-0.013966754078865051,0.16632988750934596,nan,0.0,nan,0.0,0
14,260,4836,0.2747159090909091,2560,1.6201191663742065,0.3890625,0.8011531591415405,0.8055806666612625,0.298828125,0.4221014901995659,0.9073588222265243,0.03137257695198059,0.043329041451215744,0.71086385846138,0.7991545379161835,-0.001998621225356989,0.16632988750934596,nan,0.0,nan,0.0,0
14,280,4856,0.27585227272727275,2560,1.6196046948432923,0.3796875,0.7982431352138519,0.7956081569194794,0.297265625,0.42192322462797166,0.9050928950309753,0.03137257695198059,0.04000678230077028,0.7026912271976471,0.7991545379161835,0.0009114027023315874,0.16632988750934596,nan,0.0,nan,0.0,0
14,300,4876,0.27698863636363635,2560,1.63712517619133,0.37578125,0.7969041168689728,0.8062927454710007,0.29375,0.4336957782506943,0.9069781184196473,0.03137257695198059,0.04507137257605791,0.7169945031404495,0.7991545379161835,0.0022504210472107378,0.16632988750934596,nan,0.0,nan,0.0,0
14,320,4896,0.278125,2560,1.6187666714191438,0.39296875,0.7981696397066116,0.7997056514024734,0.26953125,0.4065628692507744,0.9109880000352859,0.03137257695198059,0.042752678692340854,0.7104844063520431,0.7982431352138519,7.349550724033982e-05,0.16632988750934596,nan,0.0,0.3984375,0.35616720002144575,0
14,340,4916,0.2792613636363636,2560,1.6539709210395812,0.38515625,0.8049203336238862,0.7985580682754516,0.27890625,0.416461743414402,0.9087494075298309,0.03137257695198059,0.04044042844325304,0.7052184134721756,0.7982431352138519,-0.006677198410034224,0.16632988750934596,nan,0.0,nan,0.0,0
14,352,4928,0.2799431818181818,1480,1.639337148537507,0.36959459491678187,0.7940349114907754,0.7952773264936499,0.28243243235188564,0.4021020831288518,0.9037723173966279,0.03137257695198059,0.03643139842394236,0.6931397470268044,0.7982431352138519,0.0042082237230764985,0.16632988750934596,nan,0.0,nan,0.0,0
15,20,4948,0.28107954545454544,2560,1.6045245289802552,0.384375,0.8055007696151734,0.8058596402406693,0.281640625,0.40084655284881593,0.9092763483524322,0.03137257695198059,0.04323641713708639,0.7111441373825074,0.7981696397066116,-0.007331129908561773,0.16632988750934596,nan,0.0,nan,0.0,0
15,40,4968,0.28221590909090905,2560,1.618177103996277,0.38515625,0.7931703001260757,0.7960351467132568,0.30703125,0.4215691268444061,0.9029646754264832,0.03137257695198059,0.03939216565340757,0.7020298451185226,0.7981696397066116,0.004999339580535889,0.16632988750934596,nan,0.0,nan,0.0,0
15,60,4988,0.2833522727272727,2560,1.5869393408298493,0.39765625,0.8015831559896469,0.7985780239105225,0.274609375,0.4013889417052269,0.9086558192968368,0.03137257695198059,0.04263442996889353,0.7094442903995514,0.7981696397066116,-0.0034135162830353227,0.16632988750934596,nan,0.0,0.421875,0.37116939993575215,0
15,80,5008,0.28448863636363636,2560,1.6267178237438202,0.377734375,0.7894035309553147,0.7919759243726731,0.297265625,0.4289879724383354,0.9098641842603683,0.03137257695198059,0.03758287588134408,0.6962831020355225,0.8015831559896469,0.012179625034332231,0.16632988750934596,nan,0.0,nan,0.0,0
15,100,5028,0.28562499999999996,2560,1.6520405530929565,0.36953125,0.8089895874261857,0.8059292048215866,0.295703125,0.4185323119163513,0.9098765343427658,0.03137257695198059,0.0408693864941597,0.7044768571853638,0.7940349114907754,-0.014954675935410222,0.16632988750934596,nan,0.0,nan,0.0,0
15,120,5048,0.2867613636363636,2560,1.6145961105823516,0.376171875,0.782754448056221,0.7970824092626572,0.29765625,0.4100440412759781,0.9042209833860397,0.03137257695198059,0.03930068369954824,0.6987055361270904,0.8015831559896469,0.018828707933425948,0.16632988750934596,nan,0.0,nan,0.0,0
15,140,5068,0.2878977272727273,2560,1.6213208496570588,0.371484375,0.7965554594993591,0.7961853176355362,0.2875,0.4056524306535721,0.9038112789392472,0.03137257695198059,0.04306644517928362,0.70939120054245,0.7931703001260757,-0.0033851593732834306,0.16632988750934596,nan,0.0,nan,0.0,0
15,160,5088,0.28903409090909093,2560,1.6193457245826721,0.38203125,0.7984790861606598,0.7967577815055847,0.298828125,0.4386059150099754,0.9071088403463363,0.03137257695198059,0.041213850118219854,0.7049852013587952,0.7965554594993591,-0.001923626661300637,0.16632988750934596,nan,0.0,0.3515625,0.3620139000704512,0
15,180,5108,0.29017045454545454,2560,1.6360913157463073,0.373828125,0.8079366832971573,0.804460421204567,0.2890625,0.40661312341690065,0.9018971949815751,0.03137257695198059,0.047203599102795125,0.7185380250215531,0.7965554594993591,-0.011381223797798157,0.16632988750934596,nan,0.0,nan,0.0,0
15,200,5128,0.2913068181818182,2560,1.6471437990665436,0.376953125,0.792412719130516,0.8012870937585831,0.2984375,0.4187401354312897,0.9134173274040223,0.03137257695198059,0.042981387302279475,0.712149652838707,0.7984790861606598,0.006066367030143738,0.16632988750934596,nan,0.0,nan,0.0,0
15,220,5148,0.2924431818181818,2560,1.6187287509441375,0.37890625,0.7955140560865402,0.7983691155910492,0.29921875,0.4131676688790321,0.9079136162996292,0.03137257695198059,0.042501216754317284,0.7085328996181488,0.7965554594993591,0.0010414034128188865,0.16632988750934596,nan,0.0,nan,0.0,0
15,240,5168,0.29357954545454545,2560,1.659354680776596,0.36171875,0.7985010355710983,0.797780629992485,0.278125,0.4165567770600319,0.9102391809225082,0.03137257695198059,0.040844133496284483,0.7064848244190216,0.7965554594993591,-0.0019455760717391746,0.16632988750934596,nan,0.0,nan,0.0,0
15,260,5188,0.2947159090909091,2560,1.6056697607040404,0.39375,0.7891910314559937,0.7958763360977172,0.290625,0.40909394472837446,0.9030925989151001,0.03137257695198059,0.042226611915975806,0.7094698876142502,0.7984790861606598,0.009288054704666093,0.16632988750934596,nan,0.0,0.4296875,0.3560587000101805,0
15,280,5208,0.2958522727272727,2560,1.6595535397529602,0.3765625,0.7999113708734512,0.7999209284782409,0.289453125,0.4247260630130768,0.9094953089952469,0.03137257695198059,0.04581505488604307,0.7171876907348633,0.7955140560865402,-0.004397314786910966,0.16632988750934596,nan,0.0,nan,0.0,0
15,300,5228,0.29698863636363637,2560,1.6355772614479065,0.377734375,0.8065287798643113,0.806567656993866,0.28359375,0.39145325422286986,0.9065131068229675,0.03137257695198059,0.04669723007827997,0.7206197202205658,0.7955140560865402,-0.011014723777771018,0.16632988750934596,nan,0.0,nan,0.0,0
15,320,5248,0.298125,2560,1.624796062707901,0.38203125,0.794329771399498,0.7894438683986664,0.298828125,0.43529932796955106,0.9021768122911453,0.03137257695198059,0.03976494502276182,0.7023618400096894,0.7985010355710983,0.004171264171600297,0.16632988750934596,nan,0.0,nan,0.0,0
15,340,5268,0.29926136363636363,2560,1.6736174166202544,0.35234375,0.8165165603160858,0.805134978890419,0.298828125,0.4083955869078636,0.9068578273057938,0.03137257695198059,0.042144105583429334,0.7103769570589066,0.7985010355710983,-0.018015524744987466,0.16632988750934596,nan,0.0,nan,0.0,0
15,352,5280,0.2999431818181818,1480,1.6732611675520201,0.3655405411849151,0.8155377046481983,0.8105556900436813,0.27094594626813323,0.3936131374256031,0.9168173474234503,0.031372576770750255,0.04368980925630879,0.7150020763680741,0.7999113708734512,-0.015626333774747092,0.16632988750934596,nan,0.0,0.25,0.3646882000612095,0
16,20,5300,0.2989204545454545,2560,1.6275777101516724,0.38671875,0.8004340410232544,0.7944640070199966,0.2796875,0.4018361300230026,0.9062495112419129,0.03137257695198059,0.0427387123927474,0.7099229872226716,0.8065287798643113,0.006094738841056824,0.16632988750934596,nan,0.0,nan,0.0,0
16,40,5320,0.2977840909090909,2560,1.6474567890167235,0.370703125,0.796759957075119,0.798227709531784,0.29609375,0.41427246630191805,0.9035705745220184,0.03137257695198059,0.03870669975876808,0.6999417066574096,0.8065287798643113,0.009768822789192222,0.16632988750934596,nan,0.0,nan,0.0,0
16,60,5340,0.29664772727272726,2560,1.6211363971233368,0.384765625,0.7902581065893173,0.7875020533800126,0.26875,0.39631988257169726,0.9059965938329697,0.03137257695198059,0.040893527679145336,0.7044909030199051,0.8004340410232544,0.010175934433937162,0.16632988750934596,nan,0.0,nan,0.0,0
16,80,5360,0.29551136363636366,2560,1.633913415670395,0.377734375,0.7984713464975357,0.8019436120986938,0.286328125,0.4184978663921356,0.9137143671512604,0.03137257695198059,0.04120752550661564,0.7059147715568542,0.8004340410232544,0.0019626945257187334,0.16632988750934596,nan,0.0,nan,0.0,0
16,100,5380,0.294375,2560,1.6551875114440917,0.373828125,0.7945055276155472,0.8049560755491256,0.295703125,0.42625376135110854,0.9073363155126571,0.03137257695198059,0.04032292515039444,0.7023151755332947,0.7984713464975357,0.003965818881988548,0.16632988750934596,nan,0.0,0.3359375,0.36458970000967383,0
16,120,5400,0.2932386363636364,2560,1.6288254678249359,0.394921875,0.8088041871786118,0.8039716362953186,0.268359375,0.39467955082654954,0.9038019984960556,0.03137257695198059,0.03998787086457014,0.7042150557041168,0.796759957075119,-0.012044230103492759,0.16632988750934596,nan,0.0,nan,0.0,0
16,140,5420,0.2921022727272727,2560,1.5949818909168243,0.383984375,0.7910700589418411,0.7957415401935577,0.301953125,0.43660789281129836,0.9048797845840454,0.03137257695198059,0.04081142842769623,0.705364790558815,0.796759957075119,0.005689898133277915,0.16632988750934596,nan,0.0,nan,0.0,0
16,160,5440,0.2909659090909091,2560,1.638541430234909,0.377734375,0.7940417408943177,0.7919168055057526,0.31484375,0.4283882170915604,0.905667507648468,0.03137257695198059,0.042412059381604195,0.7103077501058579,0.7945055276155472,0.0004637867212294866,0.16632988750934596,nan,0.0,nan,0.0,0
16,180,5460,0.2898295454545454,2560,1.6121885359287262,0.371875,0.7928096503019333,0.7894269555807114,0.31796875,0.412145109474659,0.9069970667362213,0.03137257695198059,0.04488687217235565,0.7162989735603332,0.7945055276155472,0.0016958773136138694,0.16632988750934596,nan,0.0,nan,0.0,0
16,200,5480,0.2886931818181818,2560,1.633740872144699,0.36953125,0.8014698415994644,0.8047252863645553,0.287109375,0.3973331332206726,0.9076568752527236,0.03137257695198059,0.04476200547069311,0.7150786340236663,0.7940417408943177,-0.007428100705146767,0.16632988750934596,nan,0.0,0.3984375,0.3557880000444129,0
16,220,5500,0.28755681818181816,2560,1.6267226219177247,0.375,0.7997037082910537,0.7962161004543304,0.275,0.41688679754734037,0.9028306573629379,0.03137257695198059,0.04212294910103083,0.7073305279016495,0.7940417408943177,-0.005661967396736078,0.16632988750934596,nan,0.0,nan,0.0,0
16,240,5520,0.28642045454545456,2560,1.6228658556938171,0.381640625,0.7998012661933899,0.7981765896081925,0.28828125,0.4040113165974617,0.9070825129747391,0.03137257695198059,0.04203051310032606,0.7097031682729721,0.7940417408943177,-0.005759525299072199,0.16632988750934596,nan,0.0,nan,0.0,0
16,260,5540,0.2852840909090909,2560,1.6200875699520112,0.38046875,0.7947234839200974,0.7989237636327744,0.2953125,0.410398305952549,0.9009551018476486,0.03137257695198059,0.042224671132862567,0.7078545242547989,0.7997037082910537,0.004980224370956354,0.16632988750934596,nan,0.0,nan,0.0,0
16,280,5560,0.2841477272727273,2560,1.598919415473938,0.391796875,0.7860662549734115,0.7878006190061569,0.289453125,0.42326387017965317,0.9079008996486664,0.03137257695198059,0.04123005848377943,0.7072162479162216,0.7997037082910537,0.013637453317642212,0.16632988750934596,nan,0.0,nan,0.0,0
16,300,5580,0.28301136363636364,2560,1.646474587917328,0.375390625,0.8052719354629516,0.7971523523330688,0.278515625,0.4262805446982384,0.9053990870714188,0.03137257695198059,0.043173305504024026,0.7113152027130127,0.7997037082910537,-0.005568227171897866,0.16632988750934596,nan,0.0,0.421875,0.35959460004232824,0
16,320,5600,0.28187500000000004,2560,1.6127908170223235,0.385546875,0.8110765367746353,0.8034570217132568,0.28984375,0.4034696653485298,0.9019137173891068,0.03137257695198059,0.040092200972139835,0.7033120095729828,0.7997037082910537,-0.011372828483581565,0.16632988750934596,nan,0.0,nan,0.0,0
16,340,5620,0.28073863636363633,2560,1.6095377624034881,0.377734375,0.8010390371084213,0.8047650903463364,0.308984375,0.4383333384990692,0.897904098033905,0.03137257695198059,0.04212596621364355,0.7090213984251023,0.7998012661933899,-0.001237770915031411,0.16632988750934596,nan,0.0,nan,0.0,0
16,352,5632,0.2800568181818182,1480,1.5973484857662303,0.3898648650259585,0.7761436681489686,0.7942143362921638,0.27972972981027655,0.42240134364849813,0.9140737330591356,0.03137257695198059,0.042540284709350486,0.711816457799963,0.8010390371084213,0.024895368959452657,0.16632988750934596,nan,0.0,nan,0.0,0
17,20,5652,0.2789204545454545,2560,1.6229196548461915,0.387109375,0.8018205016851425,0.803545531630516,0.27578125,0.41246605962514876,0.9101651728153228,0.03137257695198059,0.04275939036160707,0.7091564416885376,0.8010390371084213,-0.0007814645767212358,0.16632988750934596,nan,0.0,nan,0.0,0
17,40,5672,0.2777840909090909,2560,1.6346915125846864,0.38671875,0.8015695452690125,0.7946251094341278,0.26953125,0.4082417652010918,0.905526751279831,0.03137257695198059,0.04087681900709868,0.7041976153850555,0.8018205016851425,0.0002509564161300437,0.16632988750934596,nan,0.0,0.3671875,0.3912036999827251,0
17,60,5692,0.27664772727272724,2560,1.5804450392723084,0.403515625,0.7839837461709976,0.800821578502655,0.275390625,0.425786928832531,0.9035277277231216,0.03137257695198059,0.040901437401771545,0.7065501838922501,0.8015695452690125,0.01758579909801483,0.16632988750934596,nan,0.0,nan,0.0,0
17,80,5712,0.27551136363636364,2560,1.5895302832126617,0.39140625,0.7931140065193176,0.7941227197647095,0.26953125,0.42763792276382445,0.9071417719125747,0.03137257695198059,0.041090546362102034,0.7072232216596603,0.8010390371084213,0.007925030589103654,0.16632988750934596,nan,0.0,nan,0.0,0
17,100,5732,0.274375,2560,1.6349892675876618,0.380078125,0.7991604030132293,0.7999576777219772,0.30078125,0.42975329160690307,0.9085401058197021,0.03137257695198059,0.04168517123907804,0.7092785090208054,0.7931140065193176,-0.006046396493911699,0.16632988750934596,nan,0.0,nan,0.0,0
17,120,5752,0.2732386363636364,2560,1.6051940977573396,0.391796875,0.7959889322519302,0.7916968137025833,0.280859375,0.40427305996418,0.912860506772995,0.03137257695198059,0.03970495481044054,0.7038351148366928,0.7991604030132293,0.003171470761299089,0.16632988750934596,nan,0.0,nan,0.0,0
17,140,5772,0.2721022727272727,2560,1.6211366951465607,0.364453125,0.7941813588142395,0.7973460048437119,0.32109375,0.4369469240307808,0.9048225611448288,0.03137257695198059,0.04290090948343277,0.7102273285388947,0.7959889322519302,0.0018075734376907793,0.16632988750934596,nan,0.0,0.3984375,0.36828590009827167,0
17,160,5792,0.2709659090909091,2560,1.6390370726585388,0.364453125,0.8079648971557617,0.8033648371696472,0.31171875,0.4071784794330597,0.9101983606815338,0.03137257695198059,0.04474000446498394,0.7136735886335372,0.7941813588142395,-0.013783538341522239,0.16632988750934596,nan,0.0,nan,0.0,0
17,180,5812,0.26982954545454546,2560,1.6270514905452729,0.374609375,0.7992724359035492,0.8005621790885925,0.305859375,0.42379076331853865,0.9068660944700241,0.03137257695198059,0.03987417500466108,0.7039998888969421,0.7959889322519302,-0.003283503651619002,0.16632988750934596,nan,0.0,nan,0.0,0
17,200,5832,0.26869318181818186,2560,1.6164575219154358,0.391015625,0.7991184324026108,0.795014214515686,0.26171875,0.41181932389736176,0.9096355646848678,0.03137257695198059,0.03800897542387247,0.698196017742157,0.7991604030132293,4.197061061850249e-05,0.16632988750934596,nan,0.0,nan,0.0,0
17,220,5852,0.26755681818181815,2560,1.6395165622234344,0.369921875,0.79295035302639,0.7928066432476044,0.284765625,0.40323768854141234,0.9039552301168442,0.03137257695198059,0.04341606870293617,0.714208459854126,0.7991184324026108,0.00616807937622077,0.16632988750934596,nan,0.0,nan,0.0,0
17,240,5872,0.26642045454545454,2560,1.5928740859031678,0.39765625,0.791576799750328,0.7993075251579285,0.296875,0.4217173010110855,0.9017226129770279,0.03137257695198059,0.04222661294043064,0.7102902621030808,0.7991184324026108,0.007541632652282804,0.16632988750934596,nan,0.0,0.421875,0.3640436000423506,0
17,260,5892,0.2652840909090909,2560,1.6157993972301483,0.383984375,0.7905947744846344,0.7930631190538406,0.274609375,0.4282644271850586,0.909985238313675,0.03137257695198059,0.043707546591758725,0.7116200715303421,0.7991184324026108,0.00852365791797638,0.16632988750934596,nan,0.0,nan,0.0,0
17,280,5912,0.26414772727272723,2560,1.6446832478046418,0.366796875,0.8042502164840698,0.7969535976648331,0.291796875,0.40838561952114105,0.907055813074112,0.03137257695198059,0.039417323842644694,0.7035003155469894,0.79295035302639,-0.011299863457679749,0.16632988750934596,nan,0.0,nan,0.0,0
17,300,5932,0.2630113636363636,2560,1.5983213841915132,0.3921875,0.7856829524040222,0.7850308924913406,0.29453125,0.4237194091081619,0.9048694789409637,0.03137257695198059,0.03706530947238207,0.6948537707328797,0.79295035302639,0.007267400622367859,0.16632988750934596,nan,0.0,nan,0.0,0
17,320,5952,0.26187499999999997,2560,1.5775041043758393,0.397265625,0.7860908091068268,0.7848101407289505,0.283984375,0.418827711045742,0.900203600525856,0.03137257695198059,0.038607281632721424,0.6983181685209274,0.791576799750328,0.005485990643501193,0.16632988750934596,nan,0.0,nan,0.0,0
17,340,5972,0.26073863636363637,2560,1.5527185440063476,0.404296875,0.7871647953987122,0.79162218272686,0.28203125,0.42948412001132963,0.9064850032329559,0.03137257695198059,0.038436248525977136,0.6978459745645523,0.7905947744846344,0.003429979085922241,0.16632988750934596,nan,0.0,0.3671875,0.3562327000545338,0
17,352,5984,0.2600568181818182,1480,1.606394538363895,0.36891891859673165,0.7847430277515102,0.795481664425618,0.3243243241632307,0.4517324475017754,0.9051333530529125,0.03137257695198059,0.04268814395811107,0.7112405773755667,0.7871647953987122,0.0024217676472020333,0.16632988750934596,nan,0.0,nan,0.0,0
18,20,6004,0.25892045454545454,2560,1.6159889340400695,0.383203125,0.7945715695619583,0.7972079157829285,0.29453125,0.4123269855976105,0.8991713434457779,0.03137257695198059,0.037222462706267834,0.6957395851612092,0.7860908091068268,-0.008480760455131464,0.16632988750934596,nan,0.0,nan,0.0,0
18,40,6024,0.25778409090909093,2560,1.5688269019126893,0.40078125,0.7793453246355057,0.7837243616580963,0.3,0.43425158858299256,0.8980401545763016,0.03137257695198059,0.04079523291438818,0.7064973980188369,0.7860908091068268,0.006745484471321173,0.16632988750934596,nan,0.0,nan,0.0,0
18,60,6044,0.2566477272727273,2560,1.611894828081131,0.38828125,0.7936021089553833,0.7980542689561844,0.286328125,0.4304011896252632,0.9034369349479675,0.03137257695198059,0.03936428911983967,0.7013517439365387,0.7860908091068268,-0.007511299848556474,0.16632988750934596,nan,0.0,nan,0.0,0
18,80,6064,0.2555113636363637,2560,1.5879282355308533,0.39140625,0.7824180155992508,0.7887932032346725,0.312109375,0.43358580470085145,0.9039570063352584,0.03137257695198059,0.043157906457781794,0.7116391837596894,0.7871647953987122,0.004746779799461365,0.16632988750934596,nan,0.0,0.3984375,0.3731223000213504,0
18,100,6084,0.25437499999999996,2560,1.533422589302063,0.42578125,0.7778039902448655,0.7820848017930985,0.292578125,0.4397977367043495,0.9060137629508972,0.03137257695198059,0.03995304778218269,0.7027561813592911,0.7847430277515102,0.006939037506644707,0.16632988750934596,nan,0.0,nan,0.0,0
18,120,6104,0.25323863636363636,2560,1.595601600408554,0.394140625,0.7757123231887817,0.7847213923931122,0.310546875,0.4480504736304283,0.9097192317247391,0.03137257695198059,0.03876099605113268,0.6990756988525391,0.7824180155992508,0.006705692410469144,0.16632988750934596,nan,0.0,nan,0.0,0
18,140,6124,0.2521022727272727,2560,1.5914193868637085,0.392578125,0.789199149608612,0.7947801113128662,0.2921875,0.41614387929439545,0.9095632135868073,0.03137257695198059,0.04166127108037472,0.7095168232917786,0.7793453246355057,-0.009853824973106384,0.16632988750934596,nan,0.0,nan,0.0,0
18,160,6144,0.2509659090909091,2560,1.5769937992095948,0.38828125,0.7770444184541703,0.7887583643198013,0.298046875,0.42337776273489,0.900362542271614,0.03137257695198059,0.04236214123666286,0.7097093760967255,0.7824180155992508,0.005373597145080566,0.16632988750934596,nan,0.0,nan,0.0,0
18,180,6164,0.24982954545454544,2560,1.5860570073127747,0.394921875,0.7942657798528672,0.7984321773052215,0.270703125,0.4173158690333366,0.9109244257211685,0.03137257695198059,0.040262834168970585,0.7027976900339127,0.7778039902448655,-0.01646178960800171,0.16632988750934596,nan,0.0,0.4375,0.35644950007554144,0
18,200,6184,0.24869318181818179,2560,1.590583711862564,0.396484375,0.7809115707874298,0.7879645198583602,0.3046875,0.44982190877199174,0.9051924556493759,0.03137257695198059,0.041456747055053714,0.7095762848854065,0.7778039902448655,-0.0031075805425643255,0.16632988750934596,nan,0.0,nan,0.0,0
18,220,6204,0.24755681818181818,2560,1.610965269804001,0.3828125,0.7824333608150482,0.7923286646604538,0.298046875,0.4199242815375328,0.9044431269168853,0.03137257695198059,0.03958513531833887,0.7026150166988373,0.7809115707874298,-0.0015217900276184304,0.16632988750934596,nan,0.0,nan,0.0,0
18,240,6224,0.2464204545454545,2560,1.5587831616401673,0.41953125,0.7844531089067459,0.7897939324378968,0.2734375,0.424370764195919,0.914094814658165,0.03137257695198059,0.04200343582779169,0.7094407230615616,0.7824333608150482,-0.002019748091697693,0.16632988750934596,nan,0.0,nan,0.0,0
18,260,6244,0.2452840909090909,2560,1.603826606273651,0.38515625,0.7832314521074295,0.7959464013576507,0.283203125,0.4373120978474617,0.9089771479368209,0.03137257695198059,0.03889474123716354,0.7009754419326782,0.7824333608150482,-0.0007980912923812866,0.16632988750934596,nan,0.0,nan,0.0,0
18,280,6264,0.24414772727272724,2560,1.5689303517341613,0.393359375,0.7926875829696656,0.7962715327739716,0.292578125,0.4044929638504982,0.9053590357303619,0.03137257695198059,0.04262248314917087,0.7117373764514923,0.7832314521074295,-0.009456130862236067,0.16632988750934596,nan,0.0,0.3984375,0.3561961998930201,0
18,300,6284,0.24301136363636364,2560,1.6080946385860444,0.371484375,0.788041740655899,0.7933476954698563,0.3296875,0.4485685661435127,0.9012288570404052,0.03137257695198059,0.041090401634573934,0.7062855184078216,0.7832314521074295,-0.0048102885484695435,0.16632988750934596,nan,0.0,nan,0.0,0
18,320,6304,0.24187499999999995,2560,1.5843752205371857,0.402734375,0.7972983121871948,0.7898927301168441,0.2796875,0.4091861441731453,0.9089358150959015,0.03137257695198059,0.04061686582863331,0.7062237024307251,0.7844531089067459,-0.012845203280448914,0.16632988750934596,nan,0.0,nan,0.0,0
18,340,6324,0.24073863636363635,2560,1.5986799120903015,0.38828125,0.7780281275510788,0.7928412288427353,0.292578125,0.43807592391967776,0.9044981867074966,0.03137257695198059,0.040400828793644906,0.703800031542778,0.788041740655899,0.010013613104820296,0.16632988750934596,nan,0.0,nan,0.0,0
18,352,6336,0.2400568181818182,1480,1.6056567714021013,0.383108108591389,0.7940828436129802,0.786215962590398,0.29459459523896914,0.4046937547825478,0.9084092359285096,0.03137257695198059,0.04005606754406078,0.7019294123391847,0.788041740655899,-0.006041102957081157,0.16632988750934596,nan,0.0,nan,0.0,0
19,20,6356,0.23892045454545452,2560,1.5903690338134766,0.390625,0.7764647990465164,0.7813671350479126,0.297265625,0.4412852630019188,0.9074432611465454,0.03137257695198059,0.04240369070321322,0.7103003978729248,0.7926875829696656,0.01622278392314913,0.16632988750934596,nan,0.0,0.3515625,0.3643611000152305,0
19,40,6376,0.23778409090909092,2560,1.5759086847305297,0.39453125,0.7894026100635528,0.7932188808917999,0.28203125,0.4113568216562271,0.9078046351671218,0.03137257695198059,0.03738753404468298,0.6965781062841415,0.788041740655899,-0.0013608694076537864,0.16632988750934596,nan,0.0,nan,0.0,0
19,60,6396,0.23664772727272726,2560,1.5581898391246796,0.39453125,0.7803043603897095,0.7929910212755203,0.296875,0.43449889272451403,0.8998396754264831,0.03137257695198059,0.04344664178788662,0.7118447303771973,0.7894026100635528,0.009098249673843317,0.16632988750934596,nan,0.0,nan,0.0,0
19,80,6416,0.23551136363636366,2560,1.6198755562305451,0.373828125,0.7886460840702056,0.7891063928604126,0.294140625,0.43595380783081056,0.9077752619981766,0.03137257695198059,0.04004035256803036,0.7029882788658142,0.7803043603897095,-0.008341723680496127,0.16632988750934596,nan,0.0,nan,0.0,0
19,100,6436,0.234375,2560,1.587988030910492,0.40234375,0.7875317960977555,0.7895650386810302,0.28671875,0.41656184792518614,0.9061737269163131,0.03137257695198059,0.04084875006228685,0.7059483528137207,0.7886460840702056,0.0011142879724501675,0.16632988750934596,nan,0.0,nan,0.0,0
19,120,6456,0.23323863636363631,2560,1.5378480672836303,0.405078125,0.780270791053772,0.7834661036729813,0.292578125,0.4271271124482155,0.9091866999864578,0.03137257695198059,0.03830529917031526,0.6976868510246277,0.7875317960977555,0.007261005043983526,0.16632988750934596,nan,0.0,0.46875,0.35561730002518743,0
19,140,6476,0.2321022727272727,2560,1.560103976726532,0.4015625,0.7832880318164825,0.7897799372673034,0.289453125,0.44965230822563174,0.9016353815793992,0.03137257695198059,0.04145123343914747,0.7081745505332947,0.7875317960977555,0.004243764281272933,0.16632988750934596,nan,0.0,nan,0.0,0
19,160,6496,0.23096590909090906,2560,1.5955045819282532,0.392578125,0.7700067400932312,0.7912327021360397,0.31171875,0.443185755610466,0.9053988307714462,0.03137257695198059,0.04280977118760347,0.7123937964439392,0.7832880318164825,0.01328129172325132,0.16632988750934596,nan,0.0,nan,0.0,0
19,180,6516,0.22982954545454545,2560,1.593568855524063,0.38125,0.7903286188840866,0.788765487074852,0.2921875,0.43022789508104325,0.9055052638053894,0.03137257695198059,0.04015559870749712,0.7055716007947922,0.7832880318164825,-0.0070405870676040205,0.16632988750934596,nan,0.0,nan,0.0,0
19,200,6536,0.22869318181818177,2560,1.5686534285545348,0.401171875,0.7905452787876129,0.7887385189533234,0.284765625,0.4152978003025055,0.9010077357292176,0.03137257695198059,0.03791305646300316,0.6984554797410965,0.7832880318164825,-0.007257246971130393,0.16632988750934596,nan,0.0,nan,0.0,0
19,220,6556,0.22755681818181817,2560,1.5204883754253387,0.415234375,0.7695873767137528,0.7856474757194519,0.30703125,0.43579783141613004,0.907596093416214,0.03137257695198059,0.037211505509912965,0.6966587543487549,0.7832880318164825,0.013700655102729775,0.16632988750934596,nan,0.0,0.40625,0.35771350003778934,0
19,240,6576,0.2264204545454545,2560,1.5679220259189606,0.396484375,0.7793280094861984,0.7847338527441025,0.2890625,0.43020311295986174,0.9039165705442429,0.03137257695198059,0.03957391809672117,0.6995917588472367,0.7832880318164825,0.003960022330284141,0.16632988750934596,nan,0.0,nan,0.0,0
19,260,6596,0.2252840909090909,2560,1.5719099581241607,0.3875,0.7687297254800797,0.7845381677150727,0.309765625,0.4296631798148155,0.9057721614837646,0.03137257695198059,0.03841691464185715,0.7001923501491547,0.7793280094861984,0.01059828400611873,0.16632988750934596,nan,0.0,nan,0.0,0
19,280,6616,0.22414772727272725,2560,1.5738253831863402,0.4015625,0.7790978670120239,0.7894240260124207,0.281640625,0.4308124676346779,0.9088624507188797,0.03137257695198059,0.03507302533835173,0.6892307132482529,0.7793280094861984,0.00023014247417452172,0.16632988750934596,nan,0.0,nan,0.0,0
19,300,6636,0.22301136363636365,2560,1.5268446326255798,0.419140625,0.7639273762702942,0.777592995762825,0.2953125,0.42766501009464264,0.9051456660032272,0.03137257695198059,0.04257980156689882,0.709354019165039,0.7790978670120239,0.015170490741729714,0.16632988750934596,nan,0.0,nan,0.0,0
19,320,6656,0.22187499999999996,2560,1.5486951768398285,0.409765625,0.7849336564540863,0.785315215587616,0.291796875,0.43683402687311174,0.905035674571991,0.03137257695198059,0.04199304543435574,0.7087592512369156,0.7695873767137528,-0.015346279740333535,0.16632988750934596,nan,0.0,0.421875,0.3558774999110028,0
19,340,6676,0.22073863636363636,2560,1.5517258882522582,0.409375,0.7705905735492706,0.7775917291641236,0.28984375,0.42933437079191206,0.8994758784770965,0.03137257695198059,0.03823195844888687,0.6985185533761978,0.7790978670120239,0.008507293462753251,0.16632988750934596,nan,0.0,nan,0.0,0
19,352,6688,0.22005681818181821,1480,1.5784127518937394,0.39256756788975483,0.7598518787203609,0.7712835840276769,0.30743243194915154,0.4531932550507623,0.9071869924261763,0.03137257695198059,0.03644322889882165,0.6950868149061461,0.7705905735492706,0.010738694828909767,0.16632988750934596,nan,0.0,nan,0.0,0
20,20,6708,0.21892045454545453,2560,1.561978679895401,0.394921875,0.7700252681970596,0.7822414547204971,0.29140625,0.44070965945720675,0.90577152967453,0.03137257695198059,0.04176118839532137,0.70635407269001,0.7705905735492706,0.0005653053522109985,0.16632988750934596,nan,0.0,nan,0.0,0
20,40,6728,0.21778409090909087,2560,1.5173163771629334,0.425390625,0.7699465930461884,0.77728171646595,0.292578125,0.4423069581389427,0.9049354761838913,0.03137257695198059,0.038542008958756924,0.6983580201864242,0.7700252681970596,7.867515087123245e-05,0.16632988750934596,nan,0.0,nan,0.0,0
20,60,6748,0.21664772727272727,2560,1.5304429173469543,0.416796875,0.7738513648509979,0.7881974786520004,0.292578125,0.44217154383659363,0.9032683283090591,0.03137257695198059,0.04236926771700382,0.7088762879371643,0.7700252681970596,-0.0038260966539382935,0.16632988750934596,nan,0.0,0.4453125,0.3715164000168443,0
20,80,6768,0.2155113636363636,2560,1.5503318428993225,0.41171875,0.7697151899337769,0.7762699335813522,0.291015625,0.43380733132362365,0.902889022231102,0.03137257695198059,0.03947693407535553,0.7025286763906479,0.7700252681970596,0.0003100782632827759,0.16632988750934596,nan,0.0,nan,0.0,0
20,100,6788,0.214375,2560,1.5921028554439545,0.383203125,0.7763582348823548,0.7837323665618896,0.30234375,0.44183277934789655,0.9010209560394287,0.03137257695198059,0.04064688440412283,0.7067813605070115,0.7699465930461884,-0.006411641836166382,0.16632988750934596,nan,0.0,nan,0.0,0
20,120,6808,0.21323863636363632,2560,1.5403484284877778,0.419921875,0.7752044081687928,0.7869245111942291,0.2984375,0.425529046356678,0.9091257929801941,0.03137257695198059,0.04280022867023945,0.7091903686523438,0.7700252681970596,-0.005179139971733138,0.16632988750934596,nan,0.0,nan,0.0,0
20,140,6828,0.21210227272727272,2560,1.558859145641327,0.416015625,0.7709531992673874,0.7779042690992355,0.29140625,0.44311306476593015,0.901851287484169,0.03137257695198059,0.03705325350165367,0.6957530736923218,0.7738513648509979,0.002898165583610557,0.16632988750934596,nan,0.0,nan,0.0,0
20,160,6848,0.21096590909090907,2560,1.550105732679367,0.40234375,0.7887140274047851,0.7951132744550705,0.30234375,0.42834372371435164,0.9093981623649597,0.03137257695198059,0.04150842931121588,0.70674729347229,0.7738513648509979,-0.01486266255378721,0.16632988750934596,nan,0.0,0.4140625,0.36478180007543415,0
20,180,6868,0.20982954545454546,2560,1.561535942554474,0.402734375,0.7867883563041687,0.7885296016931533,0.283203125,0.43960052728652954,0.90568608045578,0.03137257695198059,0.039774808660149576,0.7036857336759568,0.7752044081687928,-0.011583948135375888,0.16632988750934596,nan,0.0,nan,0.0,0
20,200,6888,0.20869318181818178,2560,1.5376253247261047,0.40234375,0.7724358260631561,0.7779280543327332,0.296875,0.43434270918369294,0.9034814417362214,0.03137257695198059,0.040381718426942825,0.7056219905614853,0.7763582348823548,0.003922408819198697,0.16632988750934596,nan,0.0,nan,0.0,0
20,220,6908,0.20755681818181818,2560,1.519245308637619,0.415625,0.7727901309728622,0.7845497310161591,0.280859375,0.42304920256137846,0.9110425472259521,0.03137257695198059,0.03716023359447718,0.6967393606901169,0.7752044081687928,0.0024142771959305698,0.16632988750934596,nan,0.0,nan,0.0,0
20,240,6928,0.20642045454545452,2560,1.5403717517852784,0.408203125,0.7629243075847626,0.7838057398796081,0.304296875,0.4513583108782768,0.8965852290391922,0.03137257695198059,0.03943483214825392,0.7036969512701035,0.7727901309728622,0.009865823388099604,0.16632988750934596,nan,0.0,nan,0.0,0
20,260,6948,0.20528409090909092,2560,1.5501340687274934,0.408203125,0.7780573755502701,0.787556728720665,0.291796875,0.4406198918819427,0.9109447687864304,0.03137257695198059,0.039374636486172676,0.7023412853479385,0.7727901309728622,-0.0052672445774079035,0.16632988750934596,nan,0.0,0.390625,0.3573348999489099,0
20,280,6968,0.20414772727272726,2560,1.5574485540390015,0.403515625,0.7817771941423416,0.78305703997612,0.280078125,0.41565835624933245,0.8982438623905182,0.03137257695198059,0.04039609394967556,0.7028420597314835,0.7727901309728622,-0.008987063169479392,0.16632988750934596,nan,0.0,nan,0.0,0
20,300,6988,0.20301136363636366,2560,1.4898836135864257,0.425390625,0.7645692586898803,0.7827919214963913,0.283984375,0.4319942221045494,0.9026180505752563,0.03137257695198059,0.03739253021776676,0.6956441283226014,0.7727901309728622,0.00822087228298185,0.16632988750934596,nan,0.0,nan,0.0,0
20,320,7008,0.20187499999999997,2560,1.5420129001140594,0.403515625,0.762848225235939,0.784158217906952,0.309375,0.45869179517030717,0.9060694515705109,0.03137257695198059,0.041305118799209596,0.7085847437381745,0.7727901309728622,0.009941905736923218,0.16632988750934596,nan,0.0,nan,0.0,0
20,340,7028,0.20073863636363637,2560,1.5512068331241609,0.40390625,0.7748805612325669,0.7861339747905731,0.2921875,0.4323764145374298,0.9033861994743347,0.03137257695198059,0.035927089489996435,0.6917797714471817,0.7645692586898803,-0.010311302542686529,0.16632988750934596,nan,0.0,nan,0.0,0
20,352,7040,0.20005681818181814,1480,1.5342101322638022,0.41689189205298555,0.7691173569576161,0.7737854719161987,0.2885135138357008,0.43906106175603093,0.9014358378745414,0.03137257695198059,0.035584234949704766,0.6929987923519031,0.7748805612325669,0.005763204274950806,0.16632988750934596,nan,0.0,0.40625,0.35948280000593513,0
21,20,7060,0.19892045454545454,2560,1.511523222923279,0.43046875,0.765658974647522,0.777895125746727,0.289453125,0.4343389287590981,0.8982455134391785,0.03137257695198059,0.03891706392168999,0.7001693665981292,0.7691173569576161,0.003458382310094099,0.16632988750934596,nan,0.0,nan,0.0,0
21,40,7080,0.19778409090909088,2560,1.4979083597660066,0.42578125,0.768827274441719,0.7823473811149597,0.299609375,0.4443702161312103,0.9071406215429306,0.03137257695198059,0.03794140815734863,0.6983515799045563,0.765658974647522,-0.0031682997941970825,0.16632988750934596,nan,0.0,nan,0.0,0
21,60,7100,0.19664772727272728,2560,1.5280046880245208,0.41640625,0.7666913509368897,0.7823299586772918,0.29140625,0.4481850937008858,0.9022187829017639,0.03137257695198059,0.03855049721896649,0.7012486934661866,0.768827274441719,0.0021359235048293845,0.16632988750934596,nan,0.0,nan,0.0,0
21,80,7120,0.1955113636363636,2560,1.5373852491378783,0.413671875,0.7817765772342682,0.7888740807771683,0.294921875,0.42486950755119324,0.909526202082634,0.03137257695198059,0.03875056318938732,0.6995884418487549,0.768827274441719,-0.012949302792549133,0.16632988750934596,nan,0.0,nan,0.0,0
21,100,7140,0.194375,2560,1.5170618772506714,0.43203125,0.7792943596839905,0.789155974984169,0.289453125,0.4380766972899437,0.9059242397546768,0.03137257695198059,0.039403187297284606,0.7019882500171661,0.768827274441719,-0.010467085242271468,0.16632988750934596,nan,0.0,0.3984375,0.37008209992200136,0
21,120,7160,0.19323863636363633,2560,1.5367648780345917,0.405859375,0.7660028517246247,0.7796590358018876,0.298046875,0.46284323930740356,0.9013171106576919,0.03137257695198059,0.03837849497795105,0.7001222103834153,0.768827274441719,0.002824422717094377,0.16632988750934596,nan,0.0,nan,0.0,0
21,140,7180,0.19210227272727273,2560,1.5090480327606202,0.42578125,0.7748521089553833,0.7864761531352997,0.290625,0.4317700669169426,0.9089028835296631,0.03137257695198059,0.03893884476274252,0.7026416242122651,0.768827274441719,-0.006024834513664201,0.16632988750934596,nan,0.0,nan,0.0,0
21,160,7200,0.19096590909090908,2560,1.489579451084137,0.426171875,0.7625673562288284,0.7812973201274872,0.291015625,0.43753091543912886,0.8974472224712372,0.03137257695198059,0.03641193993389606,0.6967709779739379,0.7748521089553833,0.012284752726554826,0.16632988750934596,nan,0.0,nan,0.0,0
21,180,7220,0.18982954545454547,2560,1.5419137954711915,0.41328125,0.7447325557470321,0.7731156915426254,0.301171875,0.4434790164232254,0.8978232264518737,0.03137257695198059,0.03599601052701473,0.6944051623344422,0.7748521089553833,0.030119553208351135,0.16632988750934596,nan,0.0,nan,0.0,0
21,200,7240,0.1886931818181818,2560,1.5251021564006806,0.414453125,0.7643595993518829,0.7781659662723541,0.294921875,0.43337099701166154,0.9051928430795669,0.03137257695198059,0.04047924131155014,0.7065378665924072,0.7660028517246247,0.0016432523727417658,0.16632988750934596,nan,0.0,0.40625,0.3578886999748647,0
21,220,7260,0.18755681818181819,2560,1.516174465417862,0.415625,0.7539440840482712,0.7687529474496841,0.29765625,0.43206303417682645,0.8986171960830689,0.03137257695198059,0.03627850878983736,0.6912591755390167,0.7643595993518829,0.010415515303611733,0.16632988750934596,nan,0.0,nan,0.0,0
21,240,7280,0.18642045454545453,2560,1.5341472983360291,0.417578125,0.7551891803741455,0.7787273585796356,0.303515625,0.44482719898223877,0.9045054316520691,0.03137257695198059,0.03859066888689995,0.7001544773578644,0.7625673562288284,0.007378175854682922,0.16632988750934596,nan,0.0,nan,0.0,0
21,260,7300,0.18528409090909093,2560,1.473451030254364,0.4125,0.7553145736455917,0.7710153162479401,0.319921875,0.4343492820858955,0.9047015070915222,0.03137257695198059,0.03813824653625488,0.7005570024251938,0.7551891803741455,-0.00012539327144622803,0.16632988750934596,nan,0.0,nan,0.0,0
21,280,7320,0.18414772727272724,2560,1.5110718131065368,0.412109375,0.75733682513237,0.7743464350700379,0.303125,0.46286466270685195,0.9016760736703873,0.03137257695198059,0.03785414844751358,0.6985809653997421,0.7551891803741455,-0.0021476447582244873,0.16632988750934596,nan,0.0,nan,0.0,0
21,300,7340,0.18301136363636364,2560,1.5886935651302339,0.40078125,0.7751491665840149,0.782742714881897,0.29140625,0.42807089537382126,0.9158420741558075,0.03137257695198059,0.03806480970233679,0.6994039595127106,0.7553145736455917,-0.019834592938423157,0.16632988750934596,nan,0.0,0.421875,0.3556700999615714,0
21,320,7360,0.18187499999999998,2560,1.5227278649806977,0.409375,0.7593102872371673,0.7784771174192429,0.318359375,0.441109898686409,0.9049175441265106,0.03137257695198059,0.0397719744592905,0.7041645139455796,0.7553145736455917,-0.003995713591575578,0.16632988750934596,nan,0.0,nan,0.0,0
21,340,7380,0.18073863636363638,2560,1.5172817289829255,0.423828125,0.7608414143323898,0.7779731899499893,0.301171875,0.45835705399513244,0.9002545922994614,0.03137257695198059,0.0396614246070385,0.703197929263115,0.75733682513237,-0.0035045892000198364,0.16632988750934596,nan,0.0,nan,0.0,0
21,352,7392,0.18005681818181815,1480,1.507696252900201,0.4108108106497172,0.7651721496839781,0.7709582779858564,0.3189189187578253,0.44504391663783305,0.9020519072945054,0.03137257695198059,0.037472676868374286,0.6980052055539312,0.7593102872371673,-0.0058618624468107505,0.16632988750934596,nan,0.0,nan,0.0,0
22,20,7412,0.17892045454545455,2560,1.5015740633010863,0.420703125,0.7616920739412307,0.7798710078001022,0.303125,0.44194177985191346,0.9122540980577469,0.03137257695198059,0.04068835657089949,0.7073944181203842,0.7608414143323898,-0.000850659608840898,0.16632988750934596,nan,0.0,nan,0.0,0
22,40,7432,0.1777840909090909,2560,1.4691111207008363,0.4203125,0.7623492151498794,0.7779199123382569,0.300390625,0.4377546787261963,0.8993113458156585,0.03137257695198059,0.0403734102845192,0.70436232984066,0.7616920739412307,-0.0006571412086486816,0.16632988750934596,nan,0.0,0.3671875,0.3907587999710813,0
22,60,7452,0.1766477272727273,2560,1.5030542969703675,0.419921875,0.7473227947950363,0.7644108027219773,0.296484375,0.45273736864328384,0.9052656978368759,0.03137257695198059,0.03840254824608565,0.6994543880224228,0.7616920739412307,0.014369279146194458,0.16632988750934596,nan,0.0,nan,0.0,0
22,80,7472,0.1755113636363636,2560,1.5017927289009094,0.41796875,0.7386045187711716,0.7623493403196335,0.29375,0.4433844983577728,0.9094412744045257,0.03137257695198059,0.036591405794024465,0.6933394551277161,0.7616920739412307,0.023087555170059115,0.16632988750934596,nan,0.0,nan,0.0,0
22,100,7492,0.174375,2560,1.481744796037674,0.433203125,0.7438794195652008,0.7678201198577881,0.2859375,0.4399254322052002,0.9087698757648468,0.03137257695198059,0.036861639097332956,0.6958826124668122,0.7616920739412307,0.017812654376029968,0.16632988750934596,nan,0.0,nan,0.0,0
22,120,7512,0.17323863636363634,2560,1.4691187977790832,0.43046875,0.7550987154245377,0.7678582698106766,0.286328125,0.44139368683099744,0.8972023278474808,0.03137257695198059,0.036408367659896614,0.6940945357084274,0.7473227947950363,-0.007775920629501387,0.16632988750934596,nan,0.0,nan,0.0,0
22,140,7532,0.17210227272727274,2560,1.5066928923130036,0.4265625,0.7484809458255768,0.7721551448106766,0.28359375,0.4414314478635788,0.902764019370079,0.03137257695198059,0.04038326404988766,0.7063358157873154,0.7473227947950363,-0.0011581510305405107,0.16632988750934596,nan,0.0,0.453125,0.3714363999897614,0
22,160,7552,0.17096590909090906,2560,1.466372299194336,0.452734375,0.7680308580398559,0.7777607262134552,0.283984375,0.4385911151766777,0.899058175086975,0.03137257695198059,0.038397863134741785,0.702087527513504,0.7473227947950363,-0.020708063244819663,0.16632988750934596,nan,0.0,nan,0.0,0
22,180,7572,0.16982954545454546,2560,1.4807386636734008,0.439453125,0.7260657995939255,0.756470900774002,0.2765625,0.4691318437457085,0.9070448726415634,0.03137257695198059,0.03309372356161475,0.6859713703393936,0.7484809458255768,0.022415146231651306,0.16632988750934596,nan,0.0,nan,0.0,0
22,200,7592,0.1686931818181818,2560,1.509806478023529,0.41484375,0.7442744046449661,0.7634693413972855,0.309375,0.4361953139305115,0.9089780360460281,0.03137257695198059,0.036651650071144105,0.6944996118545532,0.7484809458255768,0.004206541180610701,0.16632988750934596,nan,0.0,nan,0.0,0
22,220,7612,0.1675568181818182,2560,1.486133372783661,0.431640625,0.7180688798427581,0.7589625269174576,0.284375,0.43502516746520997,0.8965993404388428,0.03137257695198059,0.035443355329334736,0.6915989220142365,0.7484809458255768,0.030412065982818648,0.16632988750934596,nan,0.0,nan,0.0,0
22,240,7632,0.16642045454545454,2560,1.4817186295986176,0.426953125,0.7225134134292602,0.7568608820438385,0.30546875,0.44512624442577364,0.8977109432220459,0.03137257695198059,0.035909998789429666,0.6944201231002808,0.7442744046449661,0.02176099121570585,0.16632988750934596,nan,0.0,0.453125,0.3619992999592796,0
22,260,7652,0.16528409090909094,2560,1.5312974512577058,0.406640625,0.7319590002298355,0.7605568200349808,0.29140625,0.4569599270820618,0.9102460414171218,0.03137257695198059,0.03743325658142567,0.6994647324085236,0.7260657995939255,-0.005893200635910034,0.16632988750934596,nan,0.0,nan,0.0,0
22,280,7672,0.16414772727272725,2560,1.4773578882217406,0.4375,0.7368990361690522,0.7677197992801666,0.280859375,0.43520708084106446,0.9013838618993759,0.03137257695198059,0.03553990097716451,0.6941744327545166,0.7260657995939255,-0.010833236575126692,0.16632988750934596,nan,0.0,nan,0.0,0
22,300,7692,0.16301136363636365,2560,1.4713121592998504,0.438671875,0.726091805100441,0.7568502008914948,0.286328125,0.4364499881863594,0.9067624598741532,0.03137257695198059,0.035292037203907965,0.6925199419260025,0.7319590002298355,0.005867195129394487,0.16632988750934596,nan,0.0,nan,0.0,0
22,320,7712,0.161875,2560,1.4956938803195954,0.44140625,0.7265143007040024,0.7610641658306122,0.271484375,0.43482528030872347,0.9033892512321472,0.03137257695198059,0.035912870708853004,0.6941357344388962,0.726091805100441,-0.00042249560356133475,0.16632988750934596,nan,0.0,nan,0.0,0
22,340,7732,0.1607386363636364,2560,1.4344996690750123,0.4578125,0.6318270295858384,0.725083303451538,0.276171875,0.42135168313980104,0.9030005306005477,0.03137257695198059,0.03241142369806767,0.6854149997234344,0.7265143007040024,0.094687271118164,0.16632988750934596,nan,0.0,0.359375,0.35597529995720834,0
22,352,7744,0.16005681818181816,1480,1.2112470755705962,0.5601351341685733,0.3057226078735816,0.6234069456925263,0.17635135127080453,0.2663830033025226,0.8983798880834837,0.03137257695198059,0.030525012334456314,0.6844086366730767,0.7265143007040024,0.4207916928304208,0.16632988750934596,nan,0.0,0.2890625,0.360546600073576,1
23,20,7764,0.15892045454545456,2560,0.9911726862192154,0.646875,0.07588260938646271,0.5600993037223816,0.118359375,0.18851143047213553,0.9114289790391922,0.03137257695198059,0.036296214535832406,0.6943478465080262,0.726091805100441,0.6502091957139783,0.16632988750934596,nan,0.0,0.1640625,0.3748310999944806,1
23,40,7784,0.15778409090909087,2560,1.002717101573944,0.639453125,0.06321391118690371,0.5474936336278915,0.114453125,0.19382847994565963,0.9153582394123078,0.03137257695198059,0.03677752297371626,0.6924908310174942,0.6318270295858384,0.5686131183989347,0.16632988750934596,nan,0.0,0.0546875,0.3588816999690607,1
23,60,7804,0.15664772727272727,2560,1.0009060978889466,0.633984375,0.04545769651886076,0.5342871516942977,0.11484375,0.1495383832603693,0.9144643306732178,0.03137257695198059,0.043140542879700663,0.7100395530462265,0.3057226078735816,0.2602649113547208,0.16632988750934596,nan,0.0,0.1328125,0.35907729994505644,1
23,80,7824,0.15551136363636361,2560,0.9052045613527298,0.685546875,0.034449397260323165,0.5168678447604179,0.10703125,0.10412822486832737,0.9156241297721863,0.03137257695198059,0.05543928202241659,0.7367277026176453,0.07588260938646271,0.04143321212613955,0.16632988750934596,nan,0.0,0.1171875,0.35558440000750124,0
23,100,7844,0.154375,2560,0.8969325095415115,0.680078125,0.039526539575308564,0.514506034553051,0.084375,0.13871532045304774,0.9122548609972,0.03137257695198059,0.06852629408240318,0.7602553844451905,0.06321391118690371,0.023687371611595148,0.16632988750934596,nan,0.0,0.15625,0.35600030003115535,0
23,120,7864,0.15323863636363635,2560,0.9248600423336029,0.666015625,0.04084767242893576,0.5227920711040497,0.07890625,0.1147177666425705,0.9152691096067429,0.03137257695198059,0.0633145859465003,0.7514093518257141,0.04545769651886076,0.004610024089924995,0.16632988750934596,nan,0.0,0.171875,0.356050799950026,0
23,140,7884,0.15210227272727275,2560,0.9371446549892426,0.669140625,0.04691745837917551,0.522358849644661,0.10546875,0.1611694261431694,0.9153938472270966,0.03137257695198059,0.06860903315246106,0.7551087886095047,0.04084767242893576,-0.006069785950239749,0.16632988750934596,nan,0.0,nan,0.0,0
23,160,7904,0.15096590909090907,2560,0.8285106927156448,0.706640625,0.028082903148606418,0.5178954005241394,0.101171875,0.054785425891168416,0.9159586757421494,0.03137257695198059,0.05773779395967722,0.7315899133682251,0.04084767242893576,0.012764769280329345,0.16632988750934596,nan,0.0,nan,0.0,0
23,180,7924,0.14982954545454547,2560,0.8594960868358612,0.691796875,0.02443905781256035,0.5180139124393464,0.1265625,0.09718022421002388,0.9154304653406143,0.03137257695198059,0.057758471183478835,0.7348151564598083,0.039526539575308564,0.015087481762748215,0.16632988750934596,nan,0.0,0.0625,0.35626799997407943,0
23,200,7944,0.1486931818181818,2560,0.8757559269666672,0.691796875,0.02348480059299618,0.5146222576498986,0.125,0.08712567104957998,0.915127968788147,0.03137257695198059,0.054150911420583724,0.7283985108137131,0.039526539575308564,0.016041738982312384,0.16632988750934596,nan,0.0,nan,0.0,0
23,220,7964,0.1475568181818182,2560,0.8394655495882034,0.71640625,0.026098916423507035,0.5086272105574607,0.09453125,0.05259131900966167,0.917584764957428,0.03137257695198059,0.047918019630014894,0.7199460864067078,0.028082903148606418,0.0019839867250993834,0.16632988750934596,nan,0.0,nan,0.0,0
23,240,7984,0.14642045454545452,2560,0.7498704999685287,0.741796875,0.03090112821664661,0.5108576610684394,0.121875,0.015881836647167802,0.9162459284067154,0.03137257695198059,0.04107042457908392,0.7070185840129852,0.026098916423507035,-0.0048022117931395755,0.16632988750934596,nan,0.0,nan,0.0,0
23,260,8004,0.14528409090909092,2560,0.8252649486064911,0.71484375,0.01960292513249442,0.5115182399749756,0.125,0.012161382380872965,0.9127399623394012,0.03137257695198059,0.03822906967252493,0.7018645465373993,0.026098916423507035,0.006495991291012616,0.16632988750934596,nan,0.0,nan,0.0,0
23,280,8024,0.14414772727272726,2560,0.7129196256399155,0.758203125,0.015363354701548815,0.505162701010704,0.148828125,-0.0506725141312927,0.9152066677808761,0.03137257695198059,0.03213714547455311,0.6864374846220016,0.02443905781256035,0.009075703111011534,0.16632988750934596,nan,0.0,0.0,0.35772650002036244,0
23,300,8044,0.14301136363636366,2560,0.8377092361450196,0.706640625,0.010227885516360401,0.5106910899281502,0.10234375,0.08846348482184112,0.9142879694700241,0.03137257695198059,0.034245113283395766,0.6915942847728729,0.02348480059299618,0.013256915076635779,0.16632988750934596,nan,0.0,nan,0.0,0
23,320,8064,0.141875,2560,0.6577256888151168,0.78828125,0.014629561244510115,0.5077854350209237,0.1421875,-0.13231466202996672,0.9149677515029907,0.03137257695198059,0.03296355716884136,0.6914799213409424,0.01960292513249442,0.004973363887984304,0.16632988750934596,nan,0.0,nan,0.0,0
23,340,8084,0.1407386363636364,2560,0.8180100947618485,0.721484375,-0.0013098824652843176,0.5095403224229813,0.13984375,0.05984641183167696,0.9142970025539399,0.03137257695198059,0.027946885861456394,0.6790018200874328,0.015363354701548815,0.01667323716683313,0.16632988750934596,nan,0.0,nan,0.0,0
23,352,8096,0.14005681818181817,1480,0.9148692263139261,0.6756756759978629,0.015966275601169547,0.5253710650108956,0.1297297299713702,0.13398941449216895,0.9160440232302691,0.03137257695198059,0.034180160491047676,0.6981105305053092,0.014629561244510115,-0.0013367143566594322,0.16632988750934596,nan,0.0,nan,0.0,0
24,20,8116,0.13892045454545457,2560,0.7337514966726303,0.750390625,0.012569293391425162,0.5000043392181397,0.13984375,-0.04763372400775552,0.9124996364116669,0.03137257695198059,0.028877643588930368,0.6820747137069703,0.014629561244510115,0.0020602678530849527,0.16632988750934596,nan,0.0,0.0,0.3758885000133887,0
24,40,8136,0.13778409090909088,2560,0.6946223586797714,0.76328125,-0.0001397322164848447,0.5043889567255974,0.13828125,-0.014706244319677353,0.9138485163450241,0.03137257695198059,0.023555914219468833,0.6586974948644638,0.012569293391425162,0.012709025607910006,0.16632988750934596,nan,0.0,nan,0.0,0
24,60,8156,0.13664772727272728,2560,0.5575497880578041,0.818359375,0.004549426073208451,0.5104582697153092,0.17421875,-0.17663733270019294,0.9144146203994751,0.03137257695198059,0.025622848235070706,0.6731818825006485,0.012569293391425162,0.00801986731821671,0.16632988750934596,nan,0.0,nan,0.0,0
24,80,8176,0.13551136363636362,2560,0.6663352355360985,0.7734375,-0.003934983653016389,0.5093367457389831,0.208203125,-0.16208396386355162,0.9162132441997528,0.03137257695198059,0.019107148610055448,0.6449968367815018,0.004549426073208451,0.008484409726224839,0.16632988750934596,nan,0.0,nan,0.0,0
24,100,8196,0.13437500000000002,2560,0.7324110925197601,0.744921875,-0.0023720747034531088,0.5062620997428894,0.164453125,-0.04315260946750641,0.9137527644634247,0.03137257695198059,0.019599753245711327,0.6539405554533004,0.004549426073208451,0.00692150077666156,0.16632988750934596,nan,0.0,nan,0.0,0
24,120,8216,0.13323863636363634,2560,0.805722126364708,0.717578125,0.0004359633196145296,0.5129380717873573,0.16015625,0.042271324712783095,0.9164416193962097,0.03137257695198059,0.02703888975083828,0.6881972819566726,-0.0001397322164848447,-0.0005756955360993743,0.16632988750934596,nan,0.0,0.0078125,0.36483590002171695,0
24,140,8236,0.13210227272727273,2560,0.657042869925499,0.773828125,0.0031527640065178277,0.5024543911218643,0.17265625,-0.13222064077854156,0.9147424250841141,0.03137257695198059,0.022707464825361966,0.6621330350637435,-0.0001397322164848447,-0.0032924962230026725,0.16632988750934596,nan,0.0,nan,0.0,0
24,160,8256,0.13096590909090908,2560,0.5142344191670418,0.833203125,0.00272378051886335,0.5045000866055489,0.20078125,-0.28405517265200614,0.9153470605611801,0.03137257695198059,0.02174823172390461,0.6645959138870239,0.0004359633196145296,-0.0022878171992488207,0.16632988750934596,nan,0.0,nan,0.0,0
24,180,8276,0.12982954545454548,2560,0.530565220117569,0.825,0.0043862104881554845,0.5104103282094001,0.2,-0.25931180119514463,0.9151706904172897,0.03137257695198059,0.02764031821861863,0.6847600370645524,0.0004359633196145296,-0.003950247168540955,0.16632988750934596,nan,0.0,nan,0.0,0
24,200,8296,0.12869318181818182,2560,0.7319010436534882,0.756640625,0.00871506753610447,0.5181914210319519,0.19921875,-0.08749201409518718,0.9165835201740264,0.03137257695198059,0.026852592173963786,0.6816734731197357,0.00272378051886335,-0.00599128701724112,0.16632988750934596,nan,0.0,nan,0.0,0
24,220,8316,0.12755681818181822,2560,0.8226470604538918,0.725,-0.006050417115329765,0.5059579312801361,0.1515625,-0.01176400191616267,0.917403182387352,0.03137257695198059,0.03107826579362154,0.6914044171571732,0.0031527640065178277,0.009203181121847592,0.16632988750934596,nan,0.0,0.0,0.3556449000025168,0
24,240,8336,0.12642045454545453,2560,0.4401416048407555,0.860546875,-0.004578950442373752,0.4926017865538597,0.237890625,-0.3678355686366558,0.9150689661502838,0.03137257695198059,0.03747817017138004,0.7148106813430786,0.0031527640065178277,0.00773171444889158,0.16632988750934596,nan,0.0,nan,0.0,0
24,260,8356,0.12528409090909093,2560,0.44732736274600027,0.859765625,-0.00047294836258515716,0.5097760751843452,0.225,-0.4009735843166709,0.9160389184951783,0.03137257695198059,0.029910325165838005,0.6929717779159545,0.00272378051886335,0.0031967288814485073,0.16632988750934596,nan,0.0,nan,0.0,0
24,280,8376,0.12414772727272727,2560,0.601634432375431,0.791796875,0.005874709424097091,0.513005593419075,0.164453125,-0.1438865799456835,0.9152111232280731,0.03137257695198059,0.020973640121519567,0.6580753445625305,-0.00047294836258515716,-0.0063476577866822485,0.16632988750934596,nan,0.0,nan,0.0,0
24,300,8396,0.12301136363636367,2560,0.7199776887893676,0.75625,0.01225345793645829,0.5135381281375885,0.20078125,-0.10473978854715824,0.9157389461994171,0.03137257695198059,0.02704380629584193,0.6817693442106247,-0.00047294836258515716,-0.012726406299043447,0.16632988750934596,nan,0.0,nan,0.0,0
24,320,8416,0.121875,2560,0.6654719144105912,0.76484375,0.008305637876037508,0.5062104761600494,0.17421875,-0.1317966686328873,0.915651598572731,0.03137257695198059,0.033107264433056116,0.6995482832193375,-0.00047294836258515716,-0.008778586238622665,0.16632988750934596,nan,0.0,0.0078125,0.35874940000940114,0
24,340,8436,0.12073863636363633,2560,0.5151975467801094,0.831640625,0.0006347797112539411,0.5045547664165497,0.18203125,-0.22074616737663746,0.9155829310417175,0.03137257695198059,0.027501798048615456,0.6785276472568512,0.005874709424097091,0.00523992971284315,0.16632988750934596,nan,0.0,nan,0.0,0
24,352,8448,0.12005681818181817,1480,0.5062230451686962,0.8331081074637335,0.005762052962657165,0.5069052324101732,0.16891891908001255,-0.2298289552733705,0.9160275169321008,0.03137257695198059,0.027261778994186504,0.6814771107725195,0.005874709424097091,0.00011265646143992624,0.16632988750934596,nan,0.0,nan,0.0,0
25,20,8468,0.11892045454545457,2560,0.6432799428701401,0.7734375,0.009200936369597911,0.5111360087990761,0.164453125,-0.09938204800710082,0.918143355846405,0.03137257695198059,0.02947588302195072,0.6838276088237762,0.005874709424097091,-0.00332622694550082,0.16632988750934596,nan,0.0,nan,0.0,0
25,40,8488,0.1177840909090909,2560,0.5747721403837204,0.80859375,0.010082499840063975,0.511613866686821,0.176171875,-0.15713611845858394,0.9153273463249206,0.03137257695198059,0.023299228493124248,0.6641777902841568,0.008305637876037508,-0.0017768619640264674,0.16632988750934596,nan,0.0,nan,0.0,0
25,60,8508,0.11664772727272729,2560,0.6349793985486031,0.786328125,0.005355861003044993,0.5085642591118813,0.154296875,-0.10164631963707507,0.9158729761838913,0.03137257695198059,0.022032893262803555,0.6634030997753143,0.008305637876037508,0.0029497768729925145,0.16632988750934596,nan,0.0,0.0078125,0.37208919995464385,0
25,80,8528,0.11551136363636362,2560,0.5821187868714333,0.809375,-0.0012554870219901205,0.5055348813533783,0.1671875,-0.12773184813559055,0.9153994411230088,0.03137257695198059,0.018848546501249074,0.6481274545192719,0.005762052962657165,0.007017539984647285,0.16632988750934596,nan,0.0,nan,0.0,0
25,100,8548,0.11437500000000002,2560,0.5774613365530967,0.80625,0.0026996063999831675,0.507596093416214,0.16484375,-0.08533483296632767,0.9171824306249619,0.03137257695198059,0.01933842534199357,0.6474479496479034,0.005762052962657165,0.0030624465626739976,0.16632988750934596,nan,0.0,nan,0.0,0
25,120,8568,0.11323863636363635,2560,0.6721956416964531,0.7734375,-0.005704195937141776,0.5057888194918633,0.161328125,-0.007614555768668652,0.9116462856531143,0.03137257695198059,0.016831032186746597,0.6359592407941819,0.005355861003044993,0.011060056940186769,0.16632988750934596,nan,0.0,nan,0.0,0
25,140,8588,0.11210227272727276,2560,0.525614446401596,0.823046875,-0.0046272505540400745,0.5008054211735725,0.187109375,-0.19493642821907997,0.91430703997612,0.03137257695198059,0.01488229320384562,0.6173820972442627,0.0026996063999831675,0.007326856954023242,0.16632988750934596,nan,0.0,nan,0.0,0
25,160,8608,0.11096590909090909,2560,0.5600798904895783,0.81171875,-0.0014066442381590605,0.5076840877532959,0.16875,-0.132520018145442,0.9144409388303757,0.03137257695198059,0.018160210037603975,0.6355195015668869,-0.0012554870219901205,0.00015115721616894002,0.16632988750934596,nan,0.0,0.0,0.3668956001056358,0
25,180,8628,0.10982954545454549,2560,0.569434081017971,0.79765625,0.009653210325632244,0.5129378214478493,0.13828125,-0.07432029470801353,0.9155656397342682,0.03137257695198059,0.028894290793687105,0.6805999338626861,-0.0014066442381590605,-0.011059854563791304,0.16632988750934596,nan,0.0,nan,0.0,0
25,200,8648,0.10869318181818181,2560,0.5596528396010398,0.817578125,0.014332420425489545,0.5055573910474778,0.141015625,-0.08077107090502977,0.9168117731809616,0.03137257695198059,0.03729658853262663,0.7028793126344681,-0.0014066442381590605,-0.015739064663648605,0.16632988750934596,nan,0.0,nan,0.0,0
25,220,8668,0.10755681818181821,2560,0.46913461536169054,0.838671875,0.0072507034405134615,0.49964258074760437,0.165625,-0.21587000787258148,0.9166380733251571,0.03137257695198059,0.03343542730435729,0.6977454543113708,-0.0014066442381590605,-0.008657347678672522,0.16632988750934596,nan,0.0,nan,0.0,0
25,240,8688,0.10642045454545454,2560,0.49527582675218584,0.8296875,0.010234929260332138,0.5028705775737763,0.144140625,-0.16178528107702733,0.9160624414682388,0.03137257695198059,0.03522915169596672,0.708470931649208,0.0072507034405134615,-0.0029842258198186766,0.16632988750934596,nan,0.0,nan,0.0,0
25,260,8708,0.10528409090909087,2560,0.38823220133781433,0.87265625,0.007686264195945114,0.5019236385822297,0.19921875,-0.32323928028345106,0.9156521111726761,0.03137257695198059,0.028781261388212444,0.6847220093011857,0.009653210325632244,0.0019669461296871298,0.16632988750934596,nan,0.0,0.0,0.3567120999796316,0
25,280,8728,0.10414772727272727,2560,0.39147731214761733,0.87578125,0.016074885404668747,0.5111652493476868,0.198046875,-0.3329843536019325,0.9162047237157822,0.03137257695198059,0.029431476909667253,0.684645926952362,0.009653210325632244,-0.006421675079036503,0.16632988750934596,nan,0.0,nan,0.0,0
25,300,8748,0.10301136363636361,2560,0.39840250089764595,0.86484375,0.00982697950094007,0.5082611232995987,0.20703125,-0.3705006830394268,0.9150524318218232,0.03137257695198059,0.030495357513427735,0.6905080616474152,0.010234929260332138,0.0004079497593920678,0.16632988750934596,nan,0.0,nan,0.0,0
25,320,8768,0.10187500000000001,2560,0.424497464299202,0.858203125,0.01849818085320294,0.5109653651714325,0.185546875,-0.32191305346786975,0.9158682703971863,0.03137257695198059,0.03243508525192738,0.6942481577396393,0.00982697950094007,-0.008671201352262868,0.16632988750934596,nan,0.0,nan,0.0,0
25,340,8788,0.10073863636363634,2560,0.40038218796253205,0.86640625,0.01762354646343738,0.505716972053051,0.204296875,-0.3487776547670364,0.9161057978868484,0.03137257695198059,0.03158143386244774,0.6970766693353653,0.010234929260332138,-0.007388617203105241,0.16632988750934596,nan,0.0,nan,0.0,0
25,352,8800,0.10005681818181818,1480,0.47003230951927805,0.8472972963307355,0.0006678289154896865,0.5013858953037778,0.19999999983890637,-0.3055644486401532,0.9161887404080984,0.03137257695198059,0.03204652296530234,0.7009782472172299,0.016074885404668747,0.01540705648917906,0.16632988750934596,nan,0.0,0.0,0.3595012000296265,0
26,20,8820,0.09892045454545458,2560,1.1929445058107375,0.609765625,0.023746780981309713,0.5353505626320839,0.232421875,0.4403111463412642,0.9152282834053039,0.03137257695198059,0.027334814611822366,0.6788078635931015,0.016074885404668747,-0.007671895576640966,0.16632988750934596,nan,0.0,nan,0.0,0
26,40,8840,0.0977840909090909,2560,0.7847324848175049,0.731640625,0.005771175678819418,0.5144937023520469,0.165234375,-0.06095244090538472,0.9156491786241532,0.03137257695198059,0.022438676469027995,0.6532732129096985,0.01762354646343738,0.011852370784617962,0.16632988750934596,nan,0.0,nan,0.0,0
26,60,8860,0.0966477272727273,2560,0.4645896479487419,0.855078125,0.003109835600480437,0.5004146710038185,0.1703125,-0.23554650992155074,0.9142060786485672,0.03137257695198059,0.019956794660538436,0.6427480161190033,0.01762354646343738,0.014513710862956941,0.16632988750934596,nan,0.0,nan,0.0,0
26,80,8880,0.09551136363636363,2560,0.3131382443010807,0.894921875,-0.0027887819218449295,0.49769962579011917,0.166796875,-0.2993488132953644,0.91549913585186,0.03137257695198059,0.016332900244742633,0.6301879584789276,0.005771175678819418,0.008559957600664348,0.16632988750934596,nan,0.0,nan,0.0,0
26,100,8900,0.09437500000000003,2560,0.30275037959218026,0.90390625,0.0022351813968271017,0.5097559750080108,0.176171875,-0.3475034013390541,0.9147214472293854,0.03137257695198059,0.016548524796962737,0.6328161656856537,0.003109835600480437,0.0008746542036533354,0.16632988750934596,nan,0.0,0.0,0.3782529999734834,0
26,120,8920,0.09323863636363636,2560,0.2862264133989811,0.91015625,0.0027576206019148232,0.5047402858734131,0.20625,-0.43666297793388364,0.9124939173460007,0.03137257695198059,0.015754202101379632,0.6284302413463593,0.003109835600480437,0.0003522149985656139,0.16632988750934596,nan,0.0,nan,0.0,0
26,140,8940,0.09210227272727275,2560,0.2984486311674118,0.903515625,0.0014087890012888238,0.5133973643183708,0.205859375,-0.402884815633297,0.913788503408432,0.03137257695198059,0.015269003063440322,0.6242497086524963,0.0027576206019148232,0.0013488316006259994,0.16632988750934596,nan,0.0,nan,0.0,0
26,160,8960,0.09096590909090908,2560,0.3187285803258419,0.89453125,-0.0019099824479781092,0.49985938221216203,0.210546875,-0.4379878774285316,0.9129623591899871,0.03137257695198059,0.01639775759540498,0.6318634629249573,0.0022351813968271017,0.0041451638448052105,0.16632988750934596,nan,0.0,nan,0.0,0
26,180,8980,0.08982954545454543,2560,0.27293906137347224,0.916796875,0.001884767401497811,0.5028579816222191,0.207421875,-0.4591306418180466,0.9148576319217682,0.03137257695198059,0.0161526495590806,0.6303877800703048,0.0014087890012888238,-0.0004759784002089872,0.16632988750934596,nan,0.0,nan,0.0,0
26,200,9000,0.08869318181818182,2560,0.33086314499378205,0.88515625,0.003604142926633358,0.5011660471558571,0.205078125,-0.4337549552321434,0.9151233851909637,0.03137257695198059,0.0194158430211246,0.6527859658002854,0.001884767401497811,-0.001719375525135547,0.16632988750934596,nan,0.0,0.0,0.3666971999919042,0
26,220,9020,0.08755681818181815,2560,0.27063783183693885,0.9125,0.008847678592428566,0.5080834835767746,0.218359375,-0.5008252620697021,0.9169059991836548,0.03137257695198059,0.021257788967341186,0.6613295257091523,0.001884767401497811,-0.006962911190930754,0.16632988750934596,nan,0.0,nan,0.0,0
26,240,9040,0.08642045454545455,2560,0.2919496387243271,0.905859375,0.007251829974120483,0.5134952768683434,0.20078125,-0.44752890467643736,0.9156201958656311,0.03137257695198059,0.024072457384318114,0.6743704348802566,0.001884767401497811,-0.005367062572622672,0.16632988750934596,nan,0.0,nan,0.0,0
26,260,9060,0.08528409090909088,2560,0.3364224426448345,0.8875,0.011510116764111445,0.5011014476418495,0.21875,-0.478346449136734,0.9159630000591278,0.03137257695198059,0.022162027657032013,0.667294830083847,0.003604142926633358,-0.007905973837478087,0.16632988750934596,nan,0.0,nan,0.0,0
26,280,9080,0.08414772727272728,2560,0.3285683184862137,0.8921875,0.01011625116225332,0.509978500008583,0.21875,-0.4575673297047615,0.9147196620702743,0.03137257695198059,0.025165364425629378,0.679883337020874,0.007251829974120483,-0.0028644211881328372,0.16632988750934596,nan,0.0,nan,0.0,0
26,300,9100,0.0830113636363636,2560,0.32235447093844416,0.888671875,0.005770844407379627,0.5120445400476455,0.237890625,-0.47178235799074175,0.916177260875702,0.03137257695198059,0.027503236755728723,0.691708755493164,0.008847678592428566,0.0030768341850489385,0.16632988750934596,nan,0.0,0.0,0.35655080003198236,0
26,320,9120,0.081875,2560,0.33553518205881117,0.896875,0.006759417289867997,0.5021221339702606,0.23203125,-0.45101356208324433,0.9141308009624481,0.03137257695198059,0.023649061750620603,0.6713189989328384,0.008847678592428566,0.0020882613025605687,0.16632988750934596,nan,0.0,nan,0.0,0
26,340,9140,0.08073863636363633,2560,0.3197018302977085,0.90078125,0.008271585433976724,0.5109731182456017,0.222265625,-0.4489083096385002,0.9156111627817154,0.03137257695198059,0.02457913113757968,0.6767934858798981,0.007251829974120483,-0.0010197554598562414,0.16632988750934596,nan,0.0,nan,0.0,0
26,352,9152,0.08005681818181817,1480,0.35035514863761696,0.8790540537318667,0.005232598740808867,0.5028489783003524,0.21418918870590828,-0.43006027002592345,0.9140053372125367,0.03137257695198059,0.024924701150204686,0.679217576014029,0.008271585433976724,0.003038986693167857,0.16632988750934596,nan,0.0,nan,0.0,0
27,20,9172,0.07892045454545457,2560,0.3689377211034298,0.87734375,0.0035598352318629623,0.5057755902409553,0.20546875,-0.3918787524104118,0.914246392250061,0.03137257695198059,0.028661237750202417,0.6941222578287125,0.006759417289867997,0.0031995820580050347,0.16632988750934596,nan,0.0,nan,0.0,0
27,40,9192,0.0777840909090909,2560,0.3514037363231182,0.884765625,0.009563017886830495,0.503678397834301,0.173046875,-0.3288162685930729,0.9127470821142196,0.03137257695198059,0.02639923561364412,0.6783167839050293,0.005770844407379627,-0.0037921734794508673,0.16632988750934596,nan,0.0,0.0,0.37078780005685985,0
27,60,9212,0.07664772727272724,2560,0.28507327362895013,0.91328125,0.01068557878024876,0.508034148812294,0.174609375,-0.36334923207759856,0.9153202265501023,0.03137257695198059,0.026770375203341246,0.6797545403242111,0.006759417289867997,-0.003926161490380764,0.16632988750934596,nan,0.0,nan,0.0,0
27,80,9232,0.07551136363636364,2560,0.3149891346693039,0.898828125,0.00019343621097505092,0.49947779029607775,0.182421875,-0.38276601284742356,0.9151361048221588,0.03137257695198059,0.032784780766814944,0.7024919033050537,0.008271585433976724,0.008078149223001672,0.16632988750934596,nan,0.0,nan,0.0,0
27,100,9252,0.07437499999999997,2560,0.38259690403938296,0.87578125,0.013025994319468737,0.5096335232257843,0.197265625,-0.3781850442290306,0.9157167077064514,0.03137257695198059,0.029874222353100777,0.6911940336227417,0.005232598740808867,-0.00779339557865987,0.16632988750934596,nan,0.0,nan,0.0,0
27,120,9272,0.07323863636363637,2560,0.3070857025682926,0.898046875,0.010211485077161343,0.5038224652409553,0.178515625,-0.3371660150587559,0.9140700310468673,0.03137257695198059,0.0325602219440043,0.6965828239917755,0.009563017886830495,-0.0006484671903308481,0.16632988750934596,nan,0.0,nan,0.0,0
27,140,9292,0.0721022727272727,2560,0.3415708363056183,0.8875,0.011580366670386866,0.501624695956707,0.182421875,-0.3225572548806667,0.9159272700548172,0.03137257695198059,0.03715720437467098,0.7143105566501617,0.010211485077161343,-0.0013688815932255231,0.16632988750934596,nan,0.0,0.0,0.3566405000165105,0
27,160,9312,0.0709659090909091,2560,0.30439803972840307,0.90234375,0.009790823003277183,0.5069620952010154,0.178125,-0.35258606597781184,0.9131346553564071,0.03137257695198059,0.03681910391896963,0.7114313095808029,0.01068557878024876,0.0008947557769715779,0.16632988750934596,nan,0.0,nan,0.0,0
27,180,9332,0.06982954545454542,2560,0.34984061047434806,0.884765625,0.01905230290722102,0.5094773828983307,0.18125,-0.30888778120279314,0.9149880915880203,0.03137257695198059,0.04045208357274532,0.7187054395675659,0.010211485077161343,-0.008840817830059678,0.16632988750934596,nan,0.0,nan,0.0,0
27,200,9352,0.06869318181818182,2560,0.2870701730251312,0.90703125,0.012854572373908014,0.5004256069660187,0.18984375,-0.3832946442067623,0.9159730494022369,0.03137257695198059,0.03691404219716787,0.7086167931556702,0.011580366670386866,-0.001274205703521148,0.16632988750934596,nan,0.0,nan,0.0,0
27,220,9372,0.06755681818181815,2560,0.27734203860163686,0.9125,0.01972278004977852,0.5031021252274513,0.197265625,-0.42978557348251345,0.9153197169303894,0.03137257695198059,0.033667740412056446,0.6966464817523956,0.011580366670386866,-0.008142413379391655,0.16632988750934596,nan,0.0,nan,0.0,0
27,240,9392,0.06642045454545455,2560,0.2873765200376511,0.907421875,0.011240971187362447,0.5144739940762519,0.209765625,-0.46445672363042834,0.9154628962278366,0.03137257695198059,0.03216487457975745,0.6952717304229736,0.012854572373908014,0.0016136011865455664,0.16632988750934596,nan,0.0,0.0,0.35596189997158945,0
27,260,9412,0.06528409090909089,2560,0.26982359774410725,0.909375,0.01151685147488024,0.5047177761793137,0.2125,-0.4316819131374359,0.9146858394145966,0.03137257695198059,0.030961777735501527,0.6957915306091309,0.012854572373908014,0.001337720899027773,0.16632988750934596,nan,0.0,nan,0.0,0
27,280,9432,0.06414772727272729,2560,0.33646760135889053,0.887890625,0.013522777543403208,0.5087496593594552,0.19609375,-0.37731232270598414,0.9153301447629929,0.03137257695198059,0.028773344308137893,0.689751860499382,0.012854572373908014,-0.0006682051694951938,0.16632988750934596,nan,0.0,nan,0.0,0
27,300,9452,0.06301136363636362,2560,0.2631397359073162,0.9140625,0.015684439858887345,0.5089890971779824,0.205078125,-0.44668132811784744,0.9155690699815751,0.03137257695198059,0.026494533754885197,0.6832285672426224,0.012854572373908014,-0.002829867484979331,0.16632988750934596,nan,0.0,nan,0.0,0
27,320,9472,0.06187500000000001,2560,0.26681411638855934,0.916015625,0.017676424188539385,0.506903986632824,0.1953125,-0.4145634725689888,0.9160042017698288,0.03137257695198059,0.028536102175712584,0.692423403263092,0.013522777543403208,-0.0041536466451361775,0.16632988750934596,nan,0.0,nan,0.0,0
27,340,9492,0.06073863636363634,2560,0.2880906030535698,0.90546875,0.01583668317180127,0.5012424618005753,0.17890625,-0.3619967192411423,0.9155611902475357,0.03137257695198059,0.029781447444111108,0.694711548089981,0.013522777543403208,-0.002313905628398061,0.16632988750934596,nan,0.0,0.0,0.3561085999244824,0
27,352,9504,0.06005681818181818,1480,0.3044085317366832,0.9087837834615965,0.011612880350770178,0.5063313978749353,0.1837837839448774,-0.3304220474249608,0.9163576654485754,0.03137257695198059,0.03134608236519066,0.6969188409882623,0.015684439858887345,0.004071559508117167,0.16632988750934596,nan,0.0,nan,0.0,0
28,20,9524,0.05892045454545451,2560,0.33536861315369604,0.892578125,0.021457941003609447,0.5100947186350823,0.159375,-0.2864074409008026,0.9131567806005478,0.03137257695198059,0.02734442437067628,0.6781810283660888,0.015684439858887345,-0.005773501144722103,0.16632988750934596,nan,0.0,nan,0.0,0
28,40,9544,0.05778409090909091,2560,0.25741665065288544,0.916796875,0.010034303436987102,0.5024167582392692,0.1828125,-0.3795788086950779,0.913796889781952,0.03137257695198059,0.029105487652122973,0.6847176998853683,0.01583668317180127,0.005802379734814166,0.16632988750934596,nan,0.0,nan,0.0,0
28,60,9564,0.05664772727272724,2560,0.22452488914132118,0.926171875,0.021448324911762028,0.5129621013998985,0.18046875,-0.40959454923868177,0.9136367946863174,0.03137257695198059,0.03270420283079147,0.6955033570528031,0.01583668317180127,-0.00561164173996076,0.16632988750934596,nan,0.0,nan,0.0,0
28,80,9584,0.05551136363636364,2560,0.2493593491613865,0.91875,0.01607640167931095,0.5061116635799408,0.18984375,-0.3901258409023285,0.9139548122882843,0.03137257695198059,0.03444713521748781,0.7009889513254166,0.01583668317180127,-0.00023971850750968,0.16632988750934596,nan,0.0,0.0,0.37839090009219944,0
28,100,9604,0.05437499999999997,2560,0.2164341937750578,0.931640625,0.019824165350291877,0.5184547618031502,0.18359375,-0.4137504383921623,0.916361254453659,0.03137257695198059,0.03498033322393894,0.7043543010950089,0.01607640167931095,-0.0037477636709809282,0.16632988750934596,nan,0.0,nan,0.0,0
28,120,9624,0.05323863636363637,2560,0.22035925276577473,0.9296875,0.011489021289162338,0.5038815945386886,0.184765625,-0.3867506831884384,0.91226706802845,0.03137257695198059,0.029589820094406603,0.6838335782289505,0.019824165350291877,0.008335144061129538,0.16632988750934596,nan,0.0,nan,0.0,0
28,140,9644,0.0521022727272727,2560,0.19921186417341233,0.941015625,0.010302561172284185,0.5110387310385704,0.196484375,-0.4177787058055401,0.9153806269168854,0.03137257695198059,0.031705460697412494,0.6941856354475021,0.01607640167931095,0.005773840507026763,0.16632988750934596,nan,0.0,nan,0.0,0
28,160,9664,0.050965909090909096,2560,0.2590942494571209,0.912109375,0.01465175780467689,0.5076828166842461,0.187109375,-0.3805744208395481,0.9132953852415084,0.03137257695198059,0.034782171994447705,0.7066835403442383,0.01607640167931095,0.0014246438746340576,0.16632988750934596,nan,0.0,nan,0.0,0
28,180,9684,0.04982954545454543,2560,0.2304533377289772,0.92734375,0.011945155321154744,0.5013164728879929,0.17265625,-0.3378476224839687,0.9170662194490433,0.03137257695198059,0.03540241066366434,0.7055981785058976,0.01465175780467689,0.0027066024835221466,0.16632988750934596,nan,0.0,0.0,0.36238949990365654,0
28,200,9704,0.04869318181818183,2560,0.21585049852728844,0.928515625,0.02332945497473702,0.5100241541862488,0.170703125,-0.3934746392071247,0.9168843746185302,0.03137257695198059,0.03482018858194351,0.7069895982742309,0.011945155321154744,-0.011384299653582276,0.16632988750934596,nan,0.0,nan,0.0,0
28,220,9724,0.04755681818181816,2560,0.24198763966560363,0.92421875,0.012344556860625744,0.5068301036953926,0.1796875,-0.37331224977970123,0.9169686883687973,0.03137257695198059,0.03462073225528002,0.7055666655302048,0.011945155321154744,-0.00039940153947099974,0.16632988750934596,nan,0.0,nan,0.0,0
28,240,9744,0.046420454545454556,2560,0.22774287164211274,0.92734375,0.020370468008331956,0.5089270457625389,0.1796875,-0.3544358514249325,0.9153930872678757,0.03137257695198059,0.03441368537023663,0.701184344291687,0.012344556860625744,-0.008025911147706212,0.16632988750934596,nan,0.0,nan,0.0,0
28,260,9764,0.04528409090909089,2560,0.24602592661976813,0.919921875,0.009650065621826798,0.5052000835537911,0.15703125,-0.3423565924167633,0.915399694442749,0.03137257695198059,0.04244945347309113,0.7265582114458085,0.01465175780467689,0.005001692182850093,0.16632988750934596,nan,0.0,nan,0.0,0
28,280,9784,0.04414772727272729,2560,0.24516161009669304,0.920703125,0.01865737440530211,0.5052238598465919,0.15390625,-0.3368693433701992,0.9166880488395691,0.03137257695198059,0.03904890213161707,0.7141949295997619,0.012344556860625744,-0.006312817544676365,0.16632988750934596,nan,0.0,0.0,0.359019200084731,0
28,300,9804,0.04301136363636362,2560,0.22438256740570067,0.928125,0.027743712882511318,0.506935641169548,0.187109375,-0.40781946256756785,0.9149502038955688,0.03137257695198059,0.033015665039420126,0.6949369490146637,0.01865737440530211,-0.009086338477209209,0.16632988750934596,nan,0.0,nan,0.0,0
28,320,9824,0.041875000000000016,2560,0.23015033900737764,0.920703125,0.020539264450781046,0.5112955942749977,0.170703125,-0.35319799855351447,0.913849663734436,0.03137257695198059,0.03979954179376364,0.7125404059886933,0.01865737440530211,-0.0018818900454789372,0.16632988750934596,nan,0.0,nan,0.0,0
28,340,9844,0.040738636363636345,2560,0.22613135427236558,0.93046875,0.011083590402267873,0.5082414165139199,0.17890625,-0.3622468948364258,0.9141746670007705,0.03137257695198059,0.03863143473863602,0.7133034706115723,0.020370468008331956,0.009286877606064083,0.16632988750934596,nan,0.0,nan,0.0,0
28,352,9856,0.040056818181818186,1480,0.2356373542063945,0.9243243246465116,0.017371905373560415,0.5176194990003431,0.16959459471541483,-0.3562994727009052,0.9133824490212106,0.03137257695198059,0.03721743723427927,0.7105191101899018,0.01865737440530211,0.0012854690317416935,0.16632988750934596,nan,0.0,nan,0.0,0
29,20,9876,0.038920454545454515,2560,0.17963624149560928,0.939453125,0.015355371119221672,0.50621707290411,0.16953125,-0.37237062603235244,0.9143122583627701,0.03137257695198059,0.03453220836818218,0.7029948890209198,0.01865737440530211,0.0033020032860804367,0.16632988750934596,nan,0.0,0.0,0.37371820001862943,0
29,40,9896,0.03778409090909091,2560,0.179005491361022,0.94453125,0.0016507592983543873,0.5059359386563301,0.162109375,-0.37220637053251265,0.9154552608728409,0.03137257695198059,0.0336195332929492,0.7006963133811951,0.017371905373560415,0.015721146075206027,0.16632988750934596,nan,0.0,nan,0.0,0
29,60,9916,0.03664772727272725,2560,0.1891832731664181,0.935546875,0.02148916048463434,0.5066880643367767,0.161328125,-0.3540092408657074,0.9146258234977722,0.03137257695198059,0.03456282056868076,0.7049941450357438,0.015355371119221672,-0.006133789365412668,0.16632988750934596,nan,0.0,nan,0.0,0
29,80,9936,0.035511363636363646,2560,0.15855123437941074,0.9484375,0.010658348945435136,0.508846552670002,0.155859375,-0.339784674346447,0.915062353014946,0.03137257695198059,0.03449458684772253,0.7047221660614014,0.015355371119221672,0.004697022173786536,0.16632988750934596,nan,0.0,nan,0.0,0
29,100,9956,0.034374999999999975,2560,0.1794439073652029,0.940234375,0.025697488232981413,0.5134889096021652,0.159765625,-0.3335882149636745,0.9166291683912278,0.03137257695198059,0.036895628459751605,0.7099954426288605,0.015355371119221672,-0.01034211711375974,0.16632988750934596,nan,0.0,nan,0.0,0
29,120,9976,0.03323863636363637,2560,0.19352955780923367,0.937109375,0.01456842222250998,0.5047865748405457,0.16328125,-0.33266913071274756,0.9136418908834457,0.03137257695198059,0.034980719164013865,0.706155589222908,0.015355371119221672,0.0007869488967116919,0.16632988750934596,nan,0.0,0.0,0.36916910007130355,0
29,140,9996,0.03210227272727271,2560,0.1907143648713827,0.934375,0.016709809424355626,0.5073255017399788,0.179296875,-0.3513931334018707,0.9151185542345047,0.03137257695198059,0.03498040735721588,0.70584177672863,0.01456842222250998,-0.002141387201845646,0.16632988750934596,nan,0.0,nan,0.0,0
29,160,10016,0.030965909090909103,2560,0.17952578738331795,0.941796875,0.00793973271502182,0.4996460065245628,0.1640625,-0.39968962743878367,0.9147347986698151,0.03137257695198059,0.03433423303067684,0.705801808834076,0.016709809424355626,0.008770076709333807,0.16632988750934596,nan,0.0,nan,0.0,0
29,180,10036,0.029829545454545435,2560,0.15736436545848848,0.9515625,0.011586792784510181,0.5163912683725357,0.144140625,-0.3205401197075844,0.915479552745819,0.03137257695198059,0.03851702157407999,0.7178575545549393,0.01456842222250998,0.002981629437999799,0.16632988750934596,nan,0.0,nan,0.0,0
29,200,10056,0.028693181818181833,2560,0.18986475765705108,0.93671875,0.018871130864135922,0.5099886745214463,0.159375,-0.341079118847847,0.9156062006950378,0.03137257695198059,0.03947228398174048,0.7196823477745056,0.01456842222250998,-0.004302708641625942,0.16632988750934596,nan,0.0,nan,0.0,0
29,220,10076,0.027556818181818165,2560,0.1632968969643116,0.950390625,0.011833881970960646,0.5021300196647644,0.162890625,-0.36989535912871363,0.9143468469381333,0.03137257695198059,0.04024150855839252,0.7225105494260788,0.01456842222250998,0.002734540251549334,0.16632988750934596,nan,0.0,0.0,0.3579270000336692,0
29,240,10096,0.026420454545454563,2560,0.1411123752593994,0.9578125,-0.00167589996708557,0.5027209132909775,0.168359375,-0.376642195135355,0.9139764398336411,0.03137257695198059,0.041226299852132796,0.7232212603092194,0.011833881970960646,0.013509781938046216,0.16632988750934596,nan,0.0,nan,0.0,0
29,260,10116,0.025284090909090895,2560,0.15718274749815464,0.9484375,0.017296968115260825,0.5059632763266564,0.158203125,-0.3582388341426849,0.9141196101903916,0.03137257695198059,0.042407096922397615,0.727011838555336,0.011586792784510181,-0.0057101753307506435,0.16632988750934596,nan,0.0,nan,0.0,0
29,280,10136,0.024147727272727293,2560,0.17278558500111102,0.9421875,0.009964105230756104,0.49572806507349015,0.16015625,-0.3537678360939026,0.9144499719142913,0.03137257695198059,0.04367672987282276,0.728929927945137,0.011833881970960646,0.0018697767402045418,0.16632988750934596,nan,0.0,nan,0.0,0
29,300,10156,0.023011363636363625,2560,0.1549208153039217,0.946875,-0.0002985706698382273,0.5071122646331787,0.14765625,-0.3460483968257904,0.915431234240532,0.03137257695198059,0.04467217028141022,0.7315118223428726,0.011833881970960646,0.012132452640798874,0.16632988750934596,nan,0.0,nan,0.0,0
29,320,10176,0.021875000000000023,2560,0.13386106602847575,0.955859375,0.005869210389209911,0.5014599055051804,0.1453125,-0.33153469413518905,0.9151165217161179,0.03137257695198059,0.04385237041860819,0.7305629640817642,0.009964105230756104,0.004094894841546193,0.16632988750934596,nan,0.0,0.0,0.35587039997335523,0
29,340,10196,0.02073863636363635,2560,0.16098975911736488,0.9484375,0.006956890254514292,0.5092637598514557,0.15234375,-0.35010413229465487,0.9124715358018876,0.03137257695198059,0.04068963788449764,0.7248207211494446,0.005869210389209911,-0.0010876798653043805,0.16632988750934596,nan,0.0,nan,0.0,0
29,352,10208,0.020056818181818193,1480,0.17802056106361183,0.9418918915697047,nan,0.49591385093895163,0.15540540532485858,-0.3117562701573243,0.9136861826922442,0.03137257695198059,0.0392799455571819,0.7194021270081804,0.006956890254514292,nan,0.16632988750934596,nan,0.0,nan,0.0,0
30,20,10228,0.01892045454545452,2560,0.12567079700529576,0.9625,0.015933578903786837,0.5124749734997749,0.1390625,-0.3298757255077362,0.9130471706390381,0.03137257695198059,0.041586176864802836,0.72460857629776,nan,nan,0.16632988750934596,nan,0.0,nan,0.0,0
30,40,10248,0.01778409090909092,2560,0.14656718894839288,0.951953125,0.010856651118956506,0.5014429882168769,0.148046875,-0.31775726079940797,0.9156648278236389,0.03137257695198059,0.038104590773582456,0.7171986728906632,nan,nan,0.16632988750934596,nan,0.0,nan,0.0,0
30,60,10268,0.01664772727272725,2560,0.13047426771372556,0.958984375,0.011955008521908894,0.5074198573827744,0.13203125,-0.28472575917840004,0.9136871516704559,0.03137257695198059,0.03870092332363129,0.7189340054988861,nan,nan,0.16632988750934596,nan,0.0,0.0,0.36051730008330196,0
30,80,10288,0.01551136363636365,2560,0.12388248033821583,0.962890625,0.01232606810517609,0.507893767952919,0.1375,-0.30927311778068545,0.9141773402690887,0.03137257695198059,0.035757746919989584,0.7129652798175812,nan,nan,0.16632988750934596,nan,0.0,nan,0.0,0
30,100,10308,0.014374999999999982,2560,0.1312826544046402,0.958203125,0.011140922736376523,0.505956158041954,0.14609375,-0.34892199486494063,0.9148847162723541,0.03137257695198059,0.036042236164212225,0.7123922646045685,nan,nan,0.16632988750934596,nan,0.0,nan,0.0,0
30,120,10328,0.01323863636363638,2560,0.13468643091619015,0.957421875,0.012461737846024334,0.5140248730778694,0.130859375,-0.3020744487643242,0.9141506373882293,0.03137257695198059,0.03707938212901354,0.7141006618738175,0.011955008521908894,-0.0005067293241154402,0.16632988750934596,nan,0.0,nan,0.0,0
30,140,10348,0.012102272727272712,2560,0.14991073608398436,0.9484375,0.011083306343061849,0.5074610516428948,0.136328125,-0.2872908264398575,0.9134160548448562,0.03137257695198059,0.03541533593088388,0.7096252202987671,0.011955008521908894,0.000871702178847045,0.16632988750934596,nan,0.0,nan,0.0,0
30,160,10368,0.01096590909090911,2560,0.1429576486349106,0.9546875,nan,0.5129725277423859,0.147265625,-0.3284017063677311,0.9139511346817016,0.03137257695198059,0.03578463699668646,0.7112226486206055,0.011955008521908894,nan,0.16632988750934596,nan,0.0,0.0,0.3572518000146374,0
30,180,10388,0.00982954545454544,2560,0.13070276156067848,0.9515625,0.0036287757800891997,0.5007265850901603,0.147265625,-0.3275958217680454,0.9145506769418716,0.03137257695198059,0.03545539807528257,0.7105251401662827,nan,nan,0.16632988750934596,nan,0.0,nan,0.0,0
30,200,10408,0.008693181818181838,2560,0.11041417121887206,0.965234375,0.015673475177027284,0.5099506497383117,0.126171875,-0.29060287624597547,0.9160932093858719,0.03137257695198059,0.03605246879160404,0.713314625620842,nan,nan,0.16632988750934596,nan,0.0,nan,0.0,0
30,220,10428,0.00755681818181817,2560,0.12759532853960992,0.955859375,0.014344070095103235,0.507819639146328,0.12734375,-0.2678635008633137,0.9171352595090866,0.03137257695198059,0.03494092859327793,0.7093303233385087,nan,nan,0.16632988750934596,nan,0.0,nan,0.0,0
30,240,10448,0.006420454545454568,2560,0.14296802654862403,0.95078125,0.006390048930188641,0.5048877850174904,0.140234375,-0.33857390135526655,0.914191073179245,0.03137257695198059,0.03314331136643887,0.705260169506073,nan,nan,0.16632988750934596,nan,0.0,nan,0.0,0
30,260,10468,0.005284090909090899,2560,0.12239303924143315,0.95625,0.015348927106242628,0.512783320248127,0.126953125,-0.33343084082007407,0.914774090051651,0.03137257695198059,0.03325205268338323,0.7051089197397232,nan,nan,0.16632988750934596,nan,0.0,0.0,0.3565732999704778,0
30,280,10488,0.004147727272727297,2560,0.11683657802641392,0.961328125,0.019666288583539426,0.5138565257191658,0.134375,-0.29566079676151275,0.9155876368284226,0.03137257695198059,0.03262449316680431,0.7033708393573761,0.014344070095103235,-0.005322218488436191,0.16632988750934596,nan,0.0,nan,0.0,0
30,300,10508,0.0030113636363636284,2560,0.09863961152732373,0.970703125,0.010778880608268083,0.5028743892908096,0.13125,-0.31699517369270325,0.9142132014036178,0.03137257695198059,0.03527547009289265,0.708274632692337,0.015348927106242628,0.004570046497974545,0.16632988750934596,nan,0.0,nan,0.0,0
30,320,10528,0.0018750000000000266,2560,0.09718689620494843,0.97265625,0.016528747486881913,0.5078791409730912,0.129296875,-0.29503635317087173,0.914594030380249,0.03137257695198059,0.034814128931611774,0.7086570084095001,0.014344070095103235,-0.0021846773917786784,0.16632988750934596,nan,0.0,nan,0.0,0
30,340,10548,0.000738636363636358,2560,0.11185136400163173,0.9640625,0.0048909798264503476,0.5053229168057441,0.1296875,-0.3089540168642998,0.9126841425895691,0.03137257695198059,0.035137195326387885,0.7091642618179321,0.015348927106242628,0.01045794727979228,0.16632988750934596,nan,0.0,nan,0.0,0
30,352,10560,5.681818181819675e-05,1480,0.12240782323721293,0.9594594610703958,0.0035174819414277333,0.5012530529821241,0.12635135127080455,-0.3288855446351541,0.912829932328817,0.03137257695198059,0.03438495278761194,0.7075437143042281,0.015348927106242628,0.011831445164814894,0.16632988750934596,nan,0.0,0.0,0.3642617999576032,0
