epoch,batch,global_step,lr,window_samples,train_adv_loss,train_adv_acc,free_gradient_cosine,free_gradient_sign_agreement,free_prediction_disagreement,free_attack_loss_gain,free_boundary_fraction,free_delta_linf,control_gradient_participation_ratio,control_gradient_entropy,detector_baseline,detector_score,detector_threshold,detector_pgd10_acc,detector_seconds,observer_pgd10_acc,observer_pgd10_seconds,intervention_triggered
1,20,20,0.0010795454545454546,2560,3.2239097595214843,0.0,-0.011791129293851555,0.4911974683403969,0.464453125,0.866503381729126,0.9149727076292038,0.03137257695198059,0.2435536190867424,0.8839939177036286,nan,nan,0.166329887509346,nan,0.0,nan,0.0,0
1,40,40,0.002215909090909091,2560,2.976221466064453,0.0,-0.015171117009595036,0.4912616848945618,0.464453125,0.7024215281009674,0.9158963680267334,0.03137257695198059,0.23607349917292594,0.8813316226005554,nan,nan,0.166329887509346,nan,0.0,nan,0.0,0
1,60,60,0.0033522727272727276,2560,2.683571434020996,0.002734375,-0.01484802970662713,0.49184342473745346,0.413671875,0.48635707050561905,0.9159507989883423,0.03137257695198059,0.22983636260032653,0.8791184186935425,nan,nan,0.166329887509346,nan,0.0,nan,0.0,0
1,80,80,0.004488636363636363,2560,2.479979991912842,0.034765625,-0.009323627245612443,0.4941450834274292,0.30546875,0.34671946465969083,0.9146738857030868,0.03137257695198059,0.22198672071099282,0.8761464685201645,-0.01484802970662713,-0.005524402461014688,0.166329887509346,nan,0.0,nan,0.0,0
1,100,100,0.005625,2560,2.340726852416992,0.073046875,-0.0014678093721158803,0.4958829328417778,0.261328125,0.2698787197470665,0.9155975550413131,0.03137257695198059,0.22234929352998734,0.8763844102621079,-0.013319579500239343,-0.011851770128123463,0.166329887509346,nan,0.0,nan,0.0,0
1,120,120,0.006761363636363636,2560,2.2673392295837402,0.118359375,0.015436897083418444,0.49985353499650953,0.23515625,0.23487836122512817,0.915669646859169,0.03137257695198059,0.21330929473042487,0.8725553512573242,-0.011791129293851555,-0.02722802637727,0.166329887509346,nan,0.0,nan,0.0,0
1,140,140,0.007897727272727272,2560,2.25077862739563,0.117578125,0.03203271832317114,0.5031065866351128,0.213671875,0.20191266387701035,0.9153568536043167,0.03137257695198059,0.2118506483733654,0.8719290405511856,-0.009323627245612443,-0.04135634556878358,0.166329887509346,nan,0.0,nan,0.0,0
1,160,160,0.009034090909090908,2560,2.198664116859436,0.133984375,0.06411949209868908,0.5108262568712234,0.244921875,0.2004064552485943,0.9155221521854401,0.03137257695198059,0.2079542398452759,0.8703427374362945,-0.0014678093721158803,-0.06558730147080497,0.166329887509346,nan,0.0,nan,0.0,0
1,180,180,0.010170454545454547,2560,2.1817705631256104,0.15859375,0.1050114780664444,0.5196305721998214,0.242578125,0.19092176407575606,0.9153523921966553,0.03137257695198059,0.20250577852129936,0.8681603252887726,0.015436897083418444,-0.08957458098302595,0.166329887509346,nan,0.0,nan,0.0,0
1,200,200,0.011306818181818182,2560,2.214978337287903,0.1609375,0.17139871455729008,0.5350623011589051,0.204296875,0.1960061937570572,0.9161411494016647,0.03137257695198059,0.19877174273133277,0.8660026043653488,0.03203271832317114,-0.13936599623411894,0.166329887509346,nan,0.0,nan,0.0,0
1,220,220,0.012443181818181819,2560,2.180611228942871,0.174609375,0.1882071949541569,0.5384185969829559,0.181640625,0.16814566329121589,0.9143256068229675,0.03137257695198059,0.19448558539152144,0.8648573279380798,0.06411949209868908,-0.1240877028554678,0.166329887509346,nan,0.0,nan,0.0,0
1,240,240,0.013579545454545454,2560,2.161697340011597,0.167578125,0.25926278755068777,0.5561386317014694,0.20625,0.1874775655567646,0.9142443507909774,0.03137257695198059,0.1839156411588192,0.8600602179765702,0.1050114780664444,-0.15425130948424337,0.166329887509346,nan,0.0,nan,0.0,0
1,260,260,0.014715909090909089,2560,2.1797475814819336,0.166015625,0.3028265327215195,0.5676919490098953,0.188671875,0.18349800407886505,0.9146109461784363,0.03137257695198059,0.1763252481818199,0.855898779630661,0.17139871455729008,-0.1314278181642294,0.166329887509346,nan,0.0,nan,0.0,0
1,280,280,0.015852272727272725,2560,2.195766019821167,0.159765625,0.39396332651376725,0.5966230034828186,0.183984375,0.1950278490781784,0.9130862146615982,0.03137257695198059,0.16923812925815582,0.8522319346666336,0.1882071949541569,-0.20575613155961037,0.166329887509346,nan,0.0,nan,0.0,0
1,300,300,0.016988636363636362,2560,2.145290207862854,0.173828125,0.41410152763128283,0.6022397577762604,0.20390625,0.1932811990380287,0.9140121668577195,0.03137257695198059,0.15750185772776604,0.8454171895980835,0.25926278755068777,-0.15483874008059506,0.166329887509346,nan,0.0,nan,0.0,0
1,320,320,0.018125,2560,2.1655723810195924,0.176171875,0.531688928604126,0.6415958642959595,0.21875,0.21738837286829948,0.912294152379036,0.03137257695198059,0.15040486454963684,0.8392119944095612,0.3028265327215195,-0.22886239588260648,0.166329887509346,nan,0.0,nan,0.0,0
1,340,340,0.019261363636363635,2560,2.1178909301757813,0.1828125,0.6273148983716965,0.6742724269628525,0.23125,0.20012593120336533,0.9129440546035766,0.03137257695198059,0.13526887036859989,0.8275368243455887,0.39396332651376725,-0.23335157185792926,0.166329887509346,nan,0.0,nan,0.0,0
1,352,352,0.019943181818181818,1480,2.1617895010355355,0.16621621605512257,0.6702399563144993,0.69045785439981,0.21689189173079826,0.20587011962323576,0.9143898052138251,0.031372576770750255,0.12316647083372684,0.8177121665026691,0.41410152763128283,-0.25613842868321646,0.166329887509346,nan,0.0,nan,0.0,0
2,20,372,0.021079545454545455,2560,2.142703378200531,0.184765625,0.6871659278869628,0.7052857875823975,0.221875,0.19788710102438928,0.9129757165908814,0.03137257695198059,0.12316739782691002,0.8176821559667588,0.531688928604126,-0.15547699928283687,0.166329887509346,nan,0.0,nan,0.0,0
2,40,392,0.022215909090909088,2560,2.0944034934043883,0.199609375,0.720777827501297,0.7181795954704284,0.23203125,0.21542384922504426,0.9117052853107452,0.03137257695198059,0.10633111521601676,0.8022615909576416,0.6273148983716965,-0.09346292912960052,0.166329887509346,nan,0.0,nan,0.0,0
2,60,412,0.023352272727272725,2560,2.106866407394409,0.18984375,0.7384847104549408,0.7321806758642196,0.214453125,0.2226927936077118,0.9127678155899048,0.03137257695198059,0.10088454559445381,0.7951102823019027,0.6702399563144993,-0.06824475414044151,0.166329887509346,nan,0.0,nan,0.0,0
2,80,432,0.024488636363636365,2560,2.1199954748153687,0.194921875,0.7582434266805649,0.7413744777441025,0.197265625,0.21311560794711112,0.9146554499864579,0.03137257695198059,0.09568134546279908,0.7903900980949402,0.6871659278869628,-0.07107749879360203,0.166329887509346,nan,0.0,nan,0.0,0
2,100,452,0.025625,2560,2.0765427589416503,0.214453125,0.7827760994434356,0.7581709772348404,0.212109375,0.2164911724627018,0.9148383051156997,0.03137257695198059,0.0932421188801527,0.7862103432416916,0.720777827501297,-0.06199827194213858,0.166329887509346,nan,0.0,nan,0.0,0
2,120,472,0.026761363636363635,2560,2.095998430252075,0.2,0.8032186537981033,0.7704815089702606,0.21640625,0.21555630639195442,0.9151611536741256,0.03137257695198059,0.08740329779684544,0.7796563118696213,0.7384847104549408,-0.06473394334316251,0.166329887509346,nan,0.0,nan,0.0,0
2,140,492,0.027897727272727272,2560,2.082333517074585,0.196484375,0.8065635800361634,0.78001189827919,0.225,0.22240808606147766,0.9153831660747528,0.03137257695198059,0.08799700736999512,0.778908908367157,0.7582434266805649,-0.04832015335559847,0.166329887509346,nan,0.0,nan,0.0,0
2,160,512,0.02903409090909091,2560,2.1332468032836913,0.19453125,0.8168962150812149,0.7857718288898468,0.22421875,0.21555618420243264,0.9166190057992936,0.03137257695198059,0.08390791788697242,0.7730831503868103,0.7827760994434356,-0.03412011563777928,0.166329887509346,nan,0.0,nan,0.0,0
2,180,532,0.030170454545454545,2560,2.0445568561553955,0.222265625,0.8288783669471741,0.7879926234483718,0.22109375,0.21111043766140938,0.9120286494493485,0.03137257695198059,0.08076102621853351,0.7681574404239655,0.8032186537981033,-0.025659713149070784,0.166329887509346,nan,0.0,nan,0.0,0
2,200,552,0.03130681818181818,2560,2.0913716554641724,0.1984375,0.830580523610115,0.7931579798460007,0.18671875,0.23051491901278495,0.9153628289699555,0.03137257695198059,0.07968623787164689,0.7661338418722152,0.8065635800361634,-0.024016943573951677,0.166329887509346,nan,0.0,nan,0.0,0
2,220,572,0.032443181818181815,2560,2.1148956775665284,0.196875,0.8415163487195969,0.7913991510868073,0.2015625,0.2205074891448021,0.9186537623405456,0.03137257695198059,0.07679795920848846,0.7608734399080277,0.8168962150812149,-0.024620133638382002,0.166329887509346,nan,0.0,nan,0.0,0
2,240,592,0.03357954545454545,2560,2.0522196769714354,0.2390625,0.8454586446285248,0.8026687741279602,0.198828125,0.2168567046523094,0.9198684841394424,0.03137257695198059,0.07546807825565338,0.7602852046489715,0.8288783669471741,-0.01658027768135073,0.166329887509346,nan,0.0,nan,0.0,0
2,260,612,0.03471590909090909,2560,2.0611741065979006,0.2265625,0.84618439078331,0.8034210443496704,0.24140625,0.23877794817090034,0.9159080684185028,0.03137257695198059,0.07183173708617688,0.7550040245056152,0.830580523610115,-0.015603867173194952,0.166329887509346,nan,0.0,nan,0.0,0
2,280,632,0.035852272727272726,2560,2.0400837421417237,0.228515625,0.8418543994426727,0.802492669224739,0.220703125,0.23571525365114213,0.9207529902458191,0.03137257695198059,0.06936070341616869,0.7471908122301102,0.8415163487195969,-0.0003380507230758001,0.166329887509346,nan,0.0,nan,0.0,0
2,300,652,0.03698863636363636,2560,2.048696756362915,0.225,0.8493451029062271,0.8091626703739166,0.212890625,0.22334108501672745,0.9158081233501434,0.03137257695198059,0.07001198977231979,0.7501859664916992,0.8418543994426727,-0.0074907034635544045,0.166329887509346,nan,0.0,nan,0.0,0
2,320,672,0.038125,2560,2.020109176635742,0.237109375,0.8409770995378494,0.8068387508392334,0.22109375,0.23551857843995094,0.9224900752305984,0.03137257695198059,0.07228490747511387,0.7541636526584625,0.8454586446285248,0.004481545090675443,0.166329887509346,nan,0.0,nan,0.0,0
2,340,692,0.03926136363636363,2560,2.0453421115875243,0.2171875,0.8603475153446197,0.8111595392227173,0.203125,0.22105934098362923,0.921119076013565,0.03137257695198059,0.07017423138022423,0.7481672972440719,0.8454586446285248,-0.014888870716094904,0.166329887509346,nan,0.0,nan,0.0,0
2,352,704,0.039943181818181815,1480,2.00277050056973,0.23378378354214333,0.8458477191022924,0.8087523511938146,0.20540540516376496,0.2540817212414097,0.9228647831323985,0.03137257695198059,0.06733467909129891,0.7417571638081525,0.84618439078331,0.00033667168101758627,0.166329887509346,nan,0.0,nan,0.0,0
3,20,724,0.04107954545454545,2560,2.0296735763549805,0.225390625,0.8563512146472931,0.8110807031393051,0.215625,0.22871330454945565,0.9203094720840455,0.03137257695198059,0.0672564834356308,0.7463092565536499,0.8458477191022924,-0.01050349554500074,0.166329887509346,nan,0.0,nan,0.0,0
3,40,744,0.04221590909090909,2560,2.014221429824829,0.2375,0.8627457529306412,0.8165148675441742,0.215625,0.2414800889790058,0.9237948268651962,0.03137257695198059,0.06797207780182361,0.7468846201896667,0.8493451029062271,-0.01340065002441404,0.166329887509346,nan,0.0,nan,0.0,0
3,60,764,0.043352272727272725,2560,2.034413480758667,0.2125,0.8633792400360107,0.8165643274784088,0.218359375,0.2342846766114235,0.9188567042350769,0.03137257695198059,0.06659325305372477,0.7442993372678757,0.8563512146472931,-0.007028025388717607,0.166329887509346,nan,0.0,nan,0.0,0
3,80,784,0.04448863636363636,2560,2.022084665298462,0.2328125,0.8691735625267029,0.8226935297250748,0.19921875,0.22559501752257347,0.9203050166368485,0.03137257695198059,0.06649236660450697,0.7431296050548554,0.8603475153446197,-0.00882604718208313,0.166329887509346,nan,0.0,nan,0.0,0
3,100,804,0.04562499999999999,2560,1.9978966474533082,0.246875,0.8613480269908905,0.8144652277231217,0.21640625,0.24664214625954628,0.9203341394662857,0.03137257695198059,0.06278908997774124,0.7367438465356827,0.8627457529306412,0.001397725939750627,0.166329887509346,nan,0.0,nan,0.0,0
3,120,824,0.046761363636363636,2560,1.980334424972534,0.252734375,0.8636182904243469,0.8199890375137329,0.212109375,0.2441897913813591,0.919873321056366,0.03137257695198059,0.06384367011487484,0.7389737069606781,0.8627457529306412,-0.0008725374937057495,0.166329887509346,nan,0.0,nan,0.0,0
3,140,844,0.04789772727272727,2560,1.9761862874031066,0.246875,0.8643186151981354,0.8177683770656585,0.216796875,0.24258578419685364,0.9193903893232346,0.03137257695198059,0.06463304590433835,0.7389419138431549,0.8633792400360107,-0.0009393751621246116,0.166329887509346,nan,0.0,nan,0.0,0
3,160,864,0.04903409090909091,2560,2.0044418811798095,0.25,0.8742159187793732,0.820149764418602,0.203125,0.24188138395547867,0.9219351679086685,0.03137257695198059,0.061923998035490514,0.7316751182079315,0.8636182904243469,-0.010597628355026312,0.166329887509346,nan,0.0,nan,0.0,0
3,180,884,0.050170454545454546,2560,1.9839954376220703,0.259375,0.8690006285905838,0.8257690638303756,0.216015625,0.24297165423631667,0.9207018733024597,0.03137257695198059,0.06253017634153366,0.7355997383594512,0.8643186151981354,-0.0046820133924484475,0.166329887509346,nan,0.0,nan,0.0,0
3,200,904,0.05130681818181818,2560,1.9811502695083618,0.243359375,0.8738185375928879,0.8237962275743484,0.22421875,0.2496817611157894,0.9219855189323425,0.03137257695198059,0.06261350326240063,0.7329016923904419,0.8643186151981354,-0.009499922394752502,0.166329887509346,nan,0.0,nan,0.0,0
3,220,924,0.05244318181818181,2560,1.9804330945014954,0.248828125,0.8677040874958039,0.8237597346305847,0.209765625,0.2300817184150219,0.9207693964242936,0.03137257695198059,0.06190986130386591,0.7296261101961136,0.8690006285905838,0.001296541094779946,0.166329887509346,nan,0.0,nan,0.0,0
3,240,944,0.05357954545454545,2560,1.9841468811035157,0.253125,0.8656878530979156,0.8243159174919128,0.210546875,0.2474190451204777,0.9205698877573013,0.03137257695198059,0.06070185024291277,0.7295433908700943,0.8690006285905838,0.003312775492668174,0.166329887509346,nan,0.0,nan,0.0,0
3,260,964,0.054715909090909086,2560,1.976863718032837,0.24765625,0.8712347030639649,0.8259116053581238,0.226171875,0.24855624362826348,0.9237852960824966,0.03137257695198059,0.05940792113542557,0.7285780131816864,0.8690006285905838,-0.002234074473381087,0.166329887509346,nan,0.0,nan,0.0,0
3,280,984,0.05585227272727273,2560,1.9638744831085204,0.250390625,0.8723145067691803,0.8247885525226593,0.234375,0.24960584789514542,0.9245714962482452,0.03137257695198059,0.06000363081693649,0.7303370356559753,0.8690006285905838,-0.003313878178596519,0.166329887509346,nan,0.0,nan,0.0,0
3,300,1004,0.056988636363636366,2560,1.9774816513061524,0.252734375,0.8722478896379471,0.8254788875579834,0.217578125,0.26824169158935546,0.9245399713516236,0.03137257695198059,0.060787786915898326,0.7295625239610672,0.8712347030639649,-0.0010131865739821944,0.166329887509346,nan,0.0,nan,0.0,0
3,320,1024,0.058124999999999996,2560,1.941484260559082,0.257421875,0.8712536573410035,0.8248178064823151,0.237109375,0.2734414920210838,0.9263518154621124,0.03137257695198059,0.0629438741132617,0.7383639693260193,0.8712347030639649,-1.895427703857422e-05,0.166329887509346,nan,0.0,nan,0.0,0
3,340,1044,0.05926136363636363,2560,1.9752688884735108,0.258984375,0.8766856968402863,0.8289400935173035,0.211328125,0.25791524052619935,0.9278609126806259,0.03137257695198059,0.06076651494950056,0.7288864880800248,0.8712536573410035,-0.005432039499282837,0.166329887509346,nan,0.0,nan,0.0,0
3,352,1056,0.05994318181818181,1480,1.9730850632126267,0.2398648650259585,0.8723506247675097,0.8237333478154363,0.22567567519239476,0.26919323979197324,0.9238013099979709,0.03137257695198059,0.06091116225799999,0.7338495989103575,0.8722478896379471,-0.00010273512956260333,0.166329887509346,nan,0.0,nan,0.0,0
4,20,1076,0.061079545454545456,2560,1.9655795097351074,0.25546875,0.8680716395378113,0.8262971401214599,0.202734375,0.2507845416665077,0.9249312341213226,0.03137257695198059,0.05848567970097065,0.7280512660741806,0.8723145067691803,0.0042428672313690186,0.166329887509346,nan,0.0,nan,0.0,0
4,40,1096,0.06221590909090909,2560,1.9246274471282958,0.26328125,0.878394502401352,0.8294293940067291,0.2359375,0.27174907773733137,0.925923302769661,0.03137257695198059,0.05843914207071066,0.7289861381053925,0.8722478896379471,-0.006146612763404891,0.166329887509346,nan,0.0,nan,0.0,0
4,60,1116,0.06335227272727273,2560,1.9376609325408936,0.258203125,0.873944228887558,0.8270075708627701,0.23515625,0.27140962332487106,0.9249780207872391,0.03137257695198059,0.06136846262961626,0.7335510730743409,0.8723506247675097,-0.0015936041200482753,0.166329887509346,nan,0.0,nan,0.0,0
4,80,1136,0.06448863636363636,2560,1.9501079082489015,0.26796875,0.8703814923763276,0.8314880549907684,0.215625,0.2680690407752991,0.9214597254991531,0.03137257695198059,0.06168477237224579,0.7341393798589706,0.873944228887558,0.003562736511230402,0.166329887509346,nan,0.0,nan,0.0,0
4,100,1156,0.065625,2560,1.9354147911071777,0.28359375,0.8700550764799118,0.82860007584095,0.215234375,0.2622771315276623,0.9231194943189621,0.03137257695198059,0.05907226745039225,0.729346153140068,0.8723506247675097,0.002295548287597926,0.166329887509346,nan,0.0,nan,0.0,0
4,120,1176,0.06676136363636363,2560,1.9174964904785157,0.270703125,0.8761984318494797,0.8314255028963089,0.228515625,0.278128682076931,0.9220868617296218,0.03137257695198059,0.06150839533656836,0.7367112755775451,0.8703814923763276,-0.005816939473152094,0.166329887509346,nan,0.0,nan,0.0,0
4,140,1196,0.06789772727272726,2560,1.9525420188903808,0.24921875,0.8718604296445847,0.835370534658432,0.2203125,0.2721507787704468,0.9191654443740844,0.03137257695198059,0.062029925920069215,0.7372578412294388,0.873944228887558,0.0020837992429733054,0.166329887509346,nan,0.0,nan,0.0,0
4,160,1216,0.0690340909090909,2560,1.9289035677909852,0.262109375,0.8698443293571472,0.8263519436120987,0.223046875,0.27105092331767083,0.9277431696653367,0.03137257695198059,0.059942181967198846,0.7313257157802582,0.8718604296445847,0.0020161002874374834,0.166329887509346,nan,0.0,nan,0.0,0
4,180,1236,0.07017045454545454,2560,1.919864010810852,0.266015625,0.8811371356248856,0.8292521387338638,0.233984375,0.2686873346567154,0.9228124141693115,0.03137257695198059,0.05995884295552969,0.7322176426649094,0.8703814923763276,-0.010755643248558044,0.166329887509346,nan,0.0,nan,0.0,0
4,200,1256,0.07130681818181818,2560,1.966876459121704,0.267578125,0.8730882674455642,0.8309654414653778,0.22890625,0.27302402928471564,0.9205871731042862,0.03137257695198059,0.05748518574982882,0.7286913245916367,0.8718604296445847,-0.0012278378009795698,0.166329887509346,nan,0.0,nan,0.0,0
4,220,1276,0.07244318181818182,2560,1.9008265018463135,0.283203125,0.8776689648628235,0.8362213343381881,0.234765625,0.2715256832540035,0.9215138882398606,0.03137257695198059,0.06317653320729733,0.7377864778041839,0.8730882674455642,-0.004580697417259305,0.166329887509346,nan,0.0,nan,0.0,0
4,240,1296,0.07357954545454545,2560,1.9511839389801025,0.2578125,0.8770881116390228,0.8327799677848816,0.241015625,0.2860969863831997,0.9167265743017197,0.03137257695198059,0.062425372563302516,0.7387784987688064,0.8730882674455642,-0.003999844193458557,0.166329887509346,nan,0.0,nan,0.0,0
4,260,1316,0.07471590909090908,2560,1.9215626120567322,0.273046875,0.8814799040555954,0.8346196681261062,0.233203125,0.28325834944844247,0.917958214879036,0.03137257695198059,0.05954534839838743,0.7305102825164795,0.8770881116390228,-0.004391792416572615,0.166329887509346,nan,0.0,nan,0.0,0
4,280,1336,0.07585227272727273,2560,1.9160376191139221,0.269140625,0.8815279692411423,0.8364048182964325,0.2453125,0.28536576628684995,0.916595858335495,0.03137257695198059,0.055220195464789866,0.7241049140691758,0.8776689648628235,-0.0038590043783187644,0.166329887509346,nan,0.0,nan,0.0,0
4,300,1356,0.07698863636363637,2560,1.9072699069976806,0.2921875,0.8792006105184555,0.8373077541589737,0.21796875,0.29867988675832746,0.9201512813568116,0.03137257695198059,0.05768209658563137,0.7293976247310638,0.8776689648628235,-0.001531645655632019,0.166329887509346,nan,0.0,nan,0.0,0
4,320,1376,0.078125,2560,1.914245080947876,0.28046875,0.8767777353525161,0.839526891708374,0.23046875,0.29268069490790366,0.9189918756484985,0.03137257695198059,0.060277828760445115,0.7333738446235657,0.8792006105184555,0.00242287516593942,0.166329887509346,nan,0.0,nan,0.0,0
4,340,1396,0.07926136363636364,2560,1.9047499656677247,0.27109375,0.8806059122085571,0.8353167414665222,0.25078125,0.29067294746637345,0.9232333093881607,0.03137257695198059,0.06512852348387241,0.7444946557283402,0.8792006105184555,-0.001405301690101557,0.166329887509346,nan,0.0,nan,0.0,0
4,352,1408,0.07994318181818182,1480,1.9265429528983864,0.2770270274297611,0.8728056330938597,0.8352829623866725,0.2256756757562225,0.2725677013397217,0.9235681756122692,0.03137257695198059,0.05533941341815768,0.7251558216842445,0.8806059122085571,0.007800279114697384,0.166329887509346,nan,0.0,nan,0.0,0
5,20,1428,0.08107954545454545,2560,1.8784900665283204,0.2765625,0.8747198909521103,0.8289632380008698,0.23359375,0.29370118454098704,0.9245505183935165,0.03137257695198059,0.05588562954217195,0.7271144181489945,0.8792006105184555,0.004480719566345215,0.166329887509346,nan,0.0,nan,0.0,0
5,40,1448,0.08221590909090909,2560,1.8764425039291381,0.29609375,0.8652092635631561,0.8295237392187118,0.225,0.2957592956721783,0.9218656092882156,0.03137257695198059,0.056693618558347224,0.7283788174390793,0.8767777353525161,0.011568471789360046,0.166329887509346,nan,0.0,nan,0.0,0
5,60,1468,0.08335227272727272,2560,1.9221139430999756,0.283984375,0.8711230665445328,0.8283002346754074,0.22734375,0.3027537792921066,0.9205753535032273,0.03137257695198059,0.06365782562643289,0.7396916419267654,0.8747198909521103,0.0035968244075775813,0.166329887509346,nan,0.0,nan,0.0,0
5,80,1488,0.08448863636363636,2560,1.8981007218360901,0.283203125,0.8713849008083343,0.838479632139206,0.224609375,0.29916314482688905,0.9188567101955414,0.03137257695198059,0.05958131793886423,0.7314227521419525,0.8728056330938597,0.0014207322855254167,0.166329887509346,nan,0.0,nan,0.0,0
5,100,1508,0.08562499999999999,2560,1.8932501196861267,0.29375,0.8772487550973892,0.8364048153162003,0.2390625,0.308234778046608,0.917645412683487,0.03137257695198059,0.053085625544190405,0.7209434419870376,0.8713849008083343,-0.005863854289054893,0.166329887509346,nan,0.0,nan,0.0,0
5,120,1528,0.08676136363636362,2560,1.8624371528625487,0.28828125,0.8808701038360596,0.8363734096288681,0.253515625,0.30338379740715027,0.9186959713697433,0.03137257695198059,0.05496389865875244,0.7247067749500274,0.8713849008083343,-0.009485203027725264,0.166329887509346,nan,0.0,nan,0.0,0
5,140,1548,0.08789772727272727,2560,1.8529466390609741,0.2890625,0.8760391741991043,0.8388660609722137,0.2359375,0.3013062462210655,0.9184911340475083,0.03137257695198059,0.05774216372519732,0.732034495472908,0.8713849008083343,-0.0046542733907699585,0.166329887509346,nan,0.0,nan,0.0,0
5,160,1568,0.0890340909090909,2560,1.8676820516586303,0.2828125,0.870460906624794,0.8299714595079422,0.245703125,0.3057114690542221,0.9187735408544541,0.03137257695198059,0.0564134482294321,0.7259320586919784,0.8760391741991043,0.005578267574310236,0.166329887509346,nan,0.0,nan,0.0,0
5,180,1588,0.09017045454545455,2560,1.9010664343833923,0.2796875,0.8734760344028473,0.8316910088062286,0.247265625,0.3013929590582848,0.9175829797983169,0.03137257695198059,0.058013341203331945,0.7318996578454972,0.8760391741991043,0.002563139796256997,0.166329887509346,nan,0.0,nan,0.0,0
5,200,1608,0.09130681818181818,2560,1.9143164873123169,0.26015625,0.8656440824270248,0.8314848750829696,0.261328125,0.314966955780983,0.9160813808441162,0.03137257695198059,0.058376625180244446,0.7324270814657211,0.8760391741991043,0.010395091772079423,0.166329887509346,nan,0.0,nan,0.0,0
5,220,1628,0.09244318181818183,2560,1.8362864017486573,0.29921875,0.8793524831533432,0.8445666253566741,0.248046875,0.31916415244340895,0.9188363581895829,0.03137257695198059,0.057389799132943155,0.7311649173498154,0.8734760344028473,-0.005876448750495977,0.166329887509346,nan,0.0,nan,0.0,0
5,240,1648,0.09357954545454546,2560,1.8832589864730835,0.282421875,0.884721091389656,0.8420829981565475,0.259765625,0.3103830337524414,0.9178197473287583,0.03137257695198059,0.057397300563752654,0.7292208462953568,0.8734760344028473,-0.011245056986808777,0.166329887509346,nan,0.0,nan,0.0,0
5,260,1668,0.09471590909090909,2560,1.8428642988204955,0.303515625,0.8757689744234085,0.8349273860454559,0.241796875,0.3161055833101273,0.9232249110937119,0.03137257695198059,0.05882020816206932,0.733140629529953,0.8734760344028473,-0.0022929400205612405,0.166329887509346,nan,0.0,nan,0.0,0
5,280,1688,0.09585227272727273,2560,1.8699487566947937,0.28984375,0.8710623621940613,0.8305506557226181,0.260546875,0.3200520843267441,0.9206346094608306,0.03137257695198059,0.05739817898720503,0.7302413046360016,0.8757689744234085,0.004706612229347207,0.166329887509346,nan,0.0,nan,0.0,0
5,300,1708,0.09698863636363636,2560,1.858923077583313,0.2984375,0.8727323621511459,0.8359323084354401,0.2484375,0.316923163831234,0.9162297785282135,0.03137257695198059,0.05674954485148191,0.7279894322156906,0.8757689744234085,0.0030366122722625954,0.166329887509346,nan,0.0,nan,0.0,0
5,320,1728,0.098125,2560,1.8629515051841736,0.29296875,0.8663154453039169,0.8341001093387603,0.2453125,0.30716623067855836,0.9191040247678757,0.03137257695198059,0.05784445405006409,0.7334690093994141,0.8757689744234085,0.0094535291194916,0.166329887509346,nan,0.0,nan,0.0,0
5,340,1748,0.09926136363636363,2560,1.8800233602523804,0.291796875,0.8684143245220184,0.8350830286741256,0.2484375,0.3176266118884087,0.9151621699333191,0.03137257695198059,0.057300628162920475,0.7318489074707031,0.8727323621511459,0.004318037629127525,0.166329887509346,nan,0.0,nan,0.0,0
5,352,1760,0.0999431818181818,1480,1.847591665628794,0.30202702654374614,0.8715619422293998,0.8366582870483399,0.23648648672812694,0.32344190784402793,0.919162198659536,0.03137257695198059,0.053507128659937835,0.7224832644333711,0.8710623621940613,-0.0004995800353384539,0.166329887509346,nan,0.0,nan,0.0,0
6,20,1780,0.10107954545454545,2560,1.832549810409546,0.305859375,0.8636463671922684,0.8325910091400146,0.2515625,0.3206867426633835,0.9146423637866974,0.03137257695198059,0.05802746806293726,0.7340877085924149,0.8710623621940613,0.007415995001792908,0.166329887509346,nan,0.0,nan,0.0,0
6,40,1800,0.10221590909090908,2560,1.8567369341850282,0.308984375,0.8709104597568512,0.8291313380002976,0.248828125,0.32650799602270125,0.9199327051639556,0.03137257695198059,0.05507677420973778,0.7277769267559051,0.8684143245220184,-0.0024961352348328303,0.166329887509346,nan,0.0,nan,0.0,0
6,60,1820,0.10335227272727272,2560,1.8542831659317016,0.300390625,0.8681462615728378,0.8299873560667038,0.24453125,0.32161242216825486,0.9179162591695785,0.03137257695198059,0.056582633033394815,0.7308182656764984,0.8684143245220184,0.0002680629491805808,0.166329887509346,nan,0.0,nan,0.0,0
6,80,1840,0.10448863636363635,2560,1.8441282510757446,0.297265625,0.8694412767887115,0.8362545192241668,0.239453125,0.3283496543765068,0.9133584588766098,0.03137257695198059,0.058192447386682035,0.7340788215398788,0.8684143245220184,-0.0010269522666931374,0.166329887509346,nan,0.0,nan,0.0,0
6,100,1860,0.10562500000000001,2560,1.8448763132095336,0.2953125,0.869859728217125,0.8366862177848816,0.248046875,0.3026777371764183,0.916068035364151,0.03137257695198059,0.05421768799424172,0.7255187779664993,0.8694412767887115,-0.0004184514284134577,0.166329887509346,nan,0.0,nan,0.0,0
6,120,1880,0.10676136363636364,2560,1.8408459901809693,0.2984375,0.8665954679250717,0.8331357568502427,0.259375,0.3356603741645813,0.9187145501375198,0.03137257695198059,0.052646803110837935,0.7232118457555771,0.8694412767887115,0.0028458088636398315,0.166329887509346,nan,0.0,nan,0.0,0
6,140,1900,0.10789772727272727,2560,1.8308156371116637,0.307421875,0.8618101984262466,0.8318311244249343,0.2578125,0.3488242506980896,0.9174855768680572,0.03137257695198059,0.05613722279667854,0.7315593928098678,0.8694412767887115,0.007631078362464905,0.166329887509346,nan,0.0,nan,0.0,0
6,160,1920,0.10903409090909091,2560,1.8470155239105224,0.299609375,0.8672610282897949,0.8305551052093506,0.25390625,0.3290116176009178,0.9229075402021408,0.03137257695198059,0.0545884957537055,0.7253371208906174,0.8681462615728378,0.0008852332830429077,0.166329887509346,nan,0.0,nan,0.0,0
6,180,1940,0.11017045454545454,2560,1.836454939842224,0.29609375,0.8609528958797454,0.8200058162212371,0.2640625,0.3350465431809425,0.9192524194717407,0.03137257695198059,0.05649604350328445,0.7294199466705322,0.8672610282897949,0.006308132410049461,0.166329887509346,nan,0.0,nan,0.0,0
6,200,1960,0.11130681818181819,2560,1.8027209758758544,0.32109375,0.8689092636108399,0.8309484004974366,0.25546875,0.33579457849264144,0.9142453670501709,0.03137257695198059,0.05308405607938767,0.723807829618454,0.8665954679250717,-0.002313795685768172,0.166329887509346,nan,0.0,nan,0.0,0
6,220,1980,0.11244318181818182,2560,1.8151040911674499,0.311328125,0.8591506958007813,0.8249102473258972,0.26171875,0.3487032324075699,0.9234874904155731,0.03137257695198059,0.05302568562328815,0.725978434085846,0.8665954679250717,0.0074447721242904,0.166329887509346,nan,0.0,nan,0.0,0
6,240,2000,0.11357954545454545,2560,1.7937761962413787,0.30625,0.8618387997150421,0.8289467036724091,0.2734375,0.3611217185854912,0.9175644099712372,0.03137257695198059,0.05493512023240328,0.7292183607816696,0.8618101984262466,-2.8601288795448987e-05,0.166329887509346,nan,0.0,nan,0.0,0
6,260,2020,0.11471590909090909,2560,1.8010190725326538,0.320703125,0.8628919094800949,0.8259198695421219,0.251953125,0.3374736547470093,0.9154136836528778,0.03137257695198059,0.05215145219117403,0.724099338054657,0.8618387997150421,-0.0010531097650527954,0.166329887509346,nan,0.0,nan,0.0,0
6,280,2040,0.11585227272727272,2560,1.815538239479065,0.308984375,0.8720089495182037,0.8358162105083465,0.248828125,0.3414546862244606,0.9170526027679443,0.03137257695198059,0.05595475323498249,0.7300824165344239,0.8618387997150421,-0.010170149803161666,0.166329887509346,nan,0.0,nan,0.0,0
6,300,2060,0.11698863636363635,2560,1.7918860554695129,0.33125,0.8640807539224624,0.8286744713783264,0.24609375,0.3389663636684418,0.9165653467178345,0.03137257695198059,0.057210998795926574,0.7331788331270218,0.8628919094800949,-0.0011888444423675537,0.166329887509346,nan,0.0,nan,0.0,0
6,320,2080,0.118125,2560,1.8040833711624145,0.314453125,0.8651233345270157,0.8295331537723541,0.255078125,0.3549762055277824,0.9181870967149734,0.03137257695198059,0.05538623742759228,0.7289546608924866,0.8628919094800949,-0.002231425046920865,0.166329887509346,nan,0.0,nan,0.0,0
6,340,2100,0.11926136363636362,2560,1.7825111865997314,0.3234375,0.861181554198265,0.8306174159049988,0.24296875,0.3626504272222519,0.9160715937614441,0.03137257695198059,0.0566864812746644,0.7321410775184631,0.8640807539224624,0.0028991997241973877,0.166329887509346,nan,0.0,nan,0.0,0
6,352,2112,0.11994318181818181,1480,1.7944507096264812,0.30675675659566315,0.8521768054446659,0.8250299311972953,0.27094594626813323,0.37844175406404446,0.9244279371725547,0.03137257695198059,0.056086531502975,0.732665897060085,0.8640807539224624,0.011903948477796522,0.166329887509346,nan,0.0,nan,0.0,0
7,20,2132,0.12107954545454545,2560,1.799541676044464,0.311328125,0.8573594242334366,0.8249869257211685,0.2640625,0.34184428453445437,0.9205458462238312,0.03137257695198059,0.05531971715390682,0.7301638752222062,0.8640807539224624,0.0067213296890258345,0.166329887509346,nan,0.0,nan,0.0,0
7,40,2152,0.1222159090909091,2560,1.8116646230220794,0.321484375,0.8566223353147506,0.8278454095125198,0.29375,0.3610150098800659,0.9179303646087646,0.03137257695198059,0.05311910510063171,0.7266948163509369,0.861181554198265,0.004559218883514404,0.166329887509346,nan,0.0,nan,0.0,0
7,60,2172,0.12335227272727273,2560,1.7756294906139374,0.3265625,0.8613870918750763,0.8244699031114578,0.26953125,0.3529749885201454,0.917680624127388,0.03137257695198059,0.053796363063156605,0.7275877505540848,0.8573594242334366,-0.004027667641639754,0.166329887509346,nan,0.0,nan,0.0,0
7,80,2192,0.12448863636363636,2560,1.7701936721801759,0.325390625,0.8569003909826278,0.8254181146621704,0.25625,0.350295914709568,0.9209347039461135,0.03137257695198059,0.05313319154083729,0.7243137896060944,0.8573594242334366,0.00045903325080876023,0.166329887509346,nan,0.0,nan,0.0,0
7,100,2212,0.125625,2560,1.7789925694465638,0.324609375,0.8629011601209641,0.8314714014530182,0.27109375,0.37320212572813033,0.9137650996446609,0.03137257695198059,0.05164515264332294,0.7223181843757629,0.8569003909826278,-0.006000769138336248,0.166329887509346,nan,0.0,nan,0.0,0
7,120,2232,0.12676136363636364,2560,1.7651527404785157,0.3203125,0.8605400532484054,0.8293300837278366,0.2765625,0.3647391274571419,0.9198300808668136,0.03137257695198059,0.05370634663850069,0.727486389875412,0.8573594242334366,-0.00318062901496885,0.166329887509346,nan,0.0,nan,0.0,0
7,140,2252,0.12789772727272727,2560,1.7773831009864807,0.328515625,0.8602065801620483,0.82767653465271,0.255859375,0.3434018358588219,0.9196657955646514,0.03137257695198059,0.05358490068465471,0.7263019651174545,0.8605400532484054,0.0003334730863571167,0.166329887509346,nan,0.0,nan,0.0,0
7,160,2272,0.1290340909090909,2560,1.805380141735077,0.313671875,0.8477590382099152,0.813047680258751,0.274609375,0.36291576772928236,0.9171973139047622,0.03137257695198059,0.0520736513659358,0.7230745732784272,0.8605400532484054,0.012781015038490273,0.166329887509346,nan,0.0,nan,0.0,0
7,180,2292,0.13017045454545453,2560,1.7810914754867553,0.33046875,0.8532390713691711,0.8214303493499756,0.262109375,0.35982847660779954,0.9185505092144013,0.03137257695198059,0.05415032245218754,0.7283478409051896,0.8602065801620483,0.0069675087928772195,0.166329887509346,nan,0.0,nan,0.0,0
7,200,2312,0.13130681818181816,2560,1.8033843874931335,0.3109375,0.8523046761751175,0.8234335780143738,0.27421875,0.36774956434965134,0.9145392268896103,0.03137257695198059,0.054144364409148694,0.7293659657239914,0.8602065801620483,0.007901903986930803,0.166329887509346,nan,0.0,nan,0.0,0
7,220,2332,0.13244318181818182,2560,1.7679116249084472,0.32734375,0.8569941192865371,0.8226740717887878,0.271484375,0.3752887174487114,0.9190673977136612,0.03137257695198059,0.0543724600225687,0.7288753002882004,0.8532390713691711,-0.003755047917366028,0.166329887509346,nan,0.0,nan,0.0,0
7,240,2352,0.13357954545454545,2560,1.7475047707557678,0.336328125,0.8600063115358353,0.8223673671483993,0.275390625,0.3786854758858681,0.9181415766477585,0.03137257695198059,0.05578412134200335,0.7316947430372238,0.8532390713691711,-0.00676724016666419,0.166329887509346,nan,0.0,nan,0.0,0
7,260,2372,0.13471590909090908,2560,1.7774807333946228,0.31796875,0.8527369409799576,0.817815163731575,0.2734375,0.37309532761573794,0.9198347926139832,0.03137257695198059,0.05359395332634449,0.7291499376296997,0.8532390713691711,0.0005021303892135398,0.166329887509346,nan,0.0,nan,0.0,0
7,280,2392,0.1358522727272727,2560,1.7568673491477966,0.332421875,0.8424602270126342,0.8108656764030456,0.269921875,0.36016453951597216,0.9201606929302215,0.03137257695198059,0.049453144893050194,0.7189322084188461,0.8532390713691711,0.010778844356536865,0.166329887509346,nan,0.0,nan,0.0,0
7,300,2412,0.13698863636363634,2560,1.7673126935958863,0.335546875,0.8536628097295761,0.8262141078710556,0.2640625,0.3801187053322792,0.9195856899023056,0.03137257695198059,0.05458820406347513,0.7293379157781601,0.8527369409799576,-0.0009258687496185303,0.166329887509346,nan,0.0,nan,0.0,0
7,320,2432,0.138125,2560,1.7573838472366332,0.330078125,0.8444218635559082,0.816298446059227,0.27421875,0.3770431712269783,0.9192951381206512,0.03137257695198059,0.0516189144924283,0.7247433006763458,0.8536628097295761,0.009240946173667886,0.166329887509346,nan,0.0,nan,0.0,0
7,340,2452,0.13926136363636363,2560,1.7413647413253783,0.34140625,0.8488613277673721,0.8200872033834458,0.256640625,0.37817122638225553,0.9097469508647918,0.03137257695198059,0.05246892478317022,0.727661868929863,0.8527369409799576,0.0038756132125854492,0.166329887509346,nan,0.0,nan,0.0,0
7,352,2464,0.13994318181818183,1480,1.7571380228609652,0.3344594594594595,0.8493157196689296,0.8159773726721068,0.2695945952389691,0.360180017432651,0.9225674068605577,0.03137257695198059,0.05504137011798652,0.7321989123885696,0.8488613277673721,-0.00045439190155749376,0.166329887509346,nan,0.0,nan,0.0,0
8,20,2484,0.14107954545454546,2560,1.7640210211277008,0.330078125,0.8422644913196564,0.812234389781952,0.2703125,0.381972000002861,0.9096206873655319,0.03137257695198059,0.05743538457900286,0.7347496032714844,0.8488613277673721,0.006596836447715693,0.166329887509346,nan,0.0,nan,0.0,0
8,40,2504,0.1422159090909091,2560,1.7379678606987,0.328125,0.8358833640813828,0.819636681675911,0.2859375,0.38622365742921827,0.9121427148580551,0.03137257695198059,0.05434439182281494,0.7313091635704041,0.8488613277673721,0.012977963685989358,0.166329887509346,nan,0.0,nan,0.0,0
8,60,2524,0.14335227272727272,2560,1.7237356364727021,0.3453125,0.8450287610292435,0.822120052576065,0.26796875,0.3835528701543808,0.9144036829471588,0.03137257695198059,0.0523785213008523,0.7275821059942246,0.8444218635559082,-0.0006068974733353105,0.166329887509346,nan,0.0,nan,0.0,0
8,80,2544,0.14448863636363635,2560,1.724731159210205,0.3453125,0.8407877832651138,0.8096468806266784,0.259765625,0.3726190462708473,0.9193962335586547,0.03137257695198059,0.0486301077529788,0.7188627392053604,0.8450287610292435,0.004240977764129683,0.166329887509346,nan,0.0,nan,0.0,0
8,100,2564,0.145625,2560,1.7663100004196166,0.338671875,0.8444358378648757,0.8150506526231766,0.2625,0.3612014129757881,0.9219064265489578,0.03137257695198059,0.055414292961359024,0.732662758231163,0.8422644913196564,-0.0021713465452193326,0.166329887509346,nan,0.0,nan,0.0,0
8,120,2584,0.14676136363636363,2560,1.7477430820465087,0.33046875,0.8510808885097504,0.8196355432271958,0.282421875,0.4018661201000214,0.9204532831907273,0.03137257695198059,0.051614921726286414,0.7271452516317367,0.8422644913196564,-0.008816397190093972,0.166329887509346,nan,0.0,nan,0.0,0
8,140,2604,0.14789772727272726,2560,1.7215952932834626,0.336328125,0.8509839832782745,0.8210680842399597,0.276171875,0.3628054991364479,0.91612588763237,0.03137257695198059,0.05566129013895989,0.7327330708503723,0.8444358378648757,-0.006548145413398765,0.166329887509346,nan,0.0,nan,0.0,0
8,160,2624,0.1490340909090909,2560,1.7297802805900573,0.336328125,0.8510343611240387,0.8159478694200516,0.26953125,0.3832578495144844,0.9188067346811295,0.03137257695198059,0.05070030316710472,0.7229472696781158,0.8450287610292435,-0.006005600094795227,0.166329887509346,nan,0.0,nan,0.0,0
8,180,2644,0.15017045454545455,2560,1.7622738838195802,0.329296875,0.8479142904281616,0.8180591762065887,0.278515625,0.38633093386888506,0.9179499447345734,0.03137257695198059,0.05223168041557073,0.7256084829568863,0.8509839832782745,0.0030696928501129372,0.166329887509346,nan,0.0,nan,0.0,0
8,200,2664,0.15130681818181818,2560,1.7362209975719451,0.3453125,0.8413857966661453,0.814091894030571,0.279296875,0.3896659791469574,0.9250370234251022,0.03137257695198059,0.05105579178780317,0.7235562622547149,0.8509839832782745,0.00959818661212919,0.166329887509346,nan,0.0,nan,0.0,0
8,220,2684,0.1524431818181818,2560,1.7496973395347595,0.33984375,0.8431585967540741,0.8159993678331375,0.277734375,0.3899566113948822,0.9160956293344498,0.03137257695198059,0.051323821768164635,0.7246592849493027,0.8509839832782745,0.007825386524200395,0.166329887509346,nan,0.0,nan,0.0,0
8,240,2704,0.15357954545454547,2560,1.718684297800064,0.344140625,0.8391544699668885,0.8112119197845459,0.27109375,0.39680478870868685,0.9226614832878113,0.03137257695198059,0.05222764164209366,0.7269083350896836,0.8479142904281616,0.008759820461273105,0.166329887509346,nan,0.0,nan,0.0,0
8,260,2724,0.1547159090909091,2560,1.7213365972042083,0.353515625,0.8463494598865509,0.8188312739133835,0.27265625,0.3740560278296471,0.916661474108696,0.03137257695198059,0.052943301387131214,0.727561604976654,0.8431585967540741,-0.00319086313247674,0.166329887509346,nan,0.0,nan,0.0,0
8,280,2744,0.15585227272727273,2560,1.744013601541519,0.337890625,0.8414672255516052,0.8184542566537857,0.286328125,0.3978093549609184,0.91365866959095,0.03137257695198059,0.05296475794166326,0.7293400466442108,0.8431585967540741,0.001691371202468872,0.166329887509346,nan,0.0,nan,0.0,0
8,300,2764,0.15698863636363636,2560,1.7293899536132813,0.354296875,0.8455263674259186,0.8196195125579834,0.27734375,0.3762091189622879,0.9181020289659501,0.03137257695198059,0.05013442523777485,0.722671502828598,0.8414672255516052,-0.004059141874313332,0.166329887509346,nan,0.0,nan,0.0,0
8,320,2784,0.158125,2560,1.7384690761566162,0.352734375,0.8488452821969986,0.8186041682958602,0.2671875,0.3884842708706856,0.927072036266327,0.03137257695198059,0.05069146268069744,0.7223188251256942,0.8431585967540741,-0.0056866854429244995,0.166329887509346,nan,0.0,nan,0.0,0
8,340,2804,0.15926136363636365,2560,1.720822423696518,0.3421875,0.84015271961689,0.812054967880249,0.290625,0.38199373334646225,0.9197464227676392,0.03137257695198059,0.04655532520264387,0.715360501408577,0.8455263674259186,0.005373647809028603,0.166329887509346,nan,0.0,nan,0.0,0
8,352,2816,0.15994318181818182,1480,1.7231264372129698,0.35743243243243245,0.8340773392368007,0.8116054944089941,0.28175675707894404,0.4008560683276202,0.9182098372562512,0.03137257695198059,0.04519728981965297,0.7101591103785747,0.8455263674259186,0.01144902818911786,0.166329887509346,nan,0.0,nan,0.0,0
9,20,2836,0.16107954545454548,2560,1.6974451184272765,0.35234375,0.8293431550264359,0.8088389277458191,0.264453125,0.37759549766778944,0.9200813502073288,0.03137257695198059,0.04626743867993355,0.7134766191244125,0.8414672255516052,0.012124070525169395,0.166329887509346,nan,0.0,nan,0.0,0
9,40,2856,0.1622159090909091,2560,1.681146103143692,0.37109375,0.8393557816743851,0.8131448298692703,0.26875,0.39062590450048446,0.918304842710495,0.03137257695198059,0.04803423136472702,0.7183410793542861,0.84015271961689,0.000796937942504905,0.166329887509346,nan,0.0,nan,0.0,0
9,60,2876,0.16335227272727273,2560,1.695305347442627,0.344921875,0.8450443416833877,0.8186274379491806,0.28671875,0.3990063577890396,0.917630535364151,0.03137257695198059,0.05015727709978819,0.7235231459140777,0.8393557816743851,-0.005688560009002641,0.166329887509346,nan,0.0,nan,0.0,0
9,80,2896,0.16448863636363636,2560,1.7215011060237884,0.331640625,0.8383330285549164,0.8128785640001297,0.277734375,0.393281888961792,0.9213314235210419,0.03137257695198059,0.04854236077517271,0.7207853019237518,0.8393557816743851,0.0010227531194686446,0.166329887509346,nan,0.0,nan,0.0,0
9,100,2916,0.165625,2560,1.698846024274826,0.354296875,0.8206731736660003,0.8087969660758972,0.28515625,0.40208485573530195,0.9217245936393738,0.03137257695198059,0.043803375028073785,0.7094781309366226,0.8383330285549164,0.017659854888916082,0.166329887509346,nan,0.0,nan,0.0,0
9,120,2936,0.16676136363636365,2560,1.6861570835113526,0.361328125,0.8320676147937774,0.8121457636356354,0.269140625,0.3875236213207245,0.9210399866104126,0.03137257695198059,0.046653093211352824,0.7159450083971024,0.8383330285549164,0.006265413761138983,0.166329887509346,nan,0.0,nan,0.0,0
9,140,2956,0.16789772727272728,2560,1.6985170483589171,0.347265625,0.8261751085519791,0.8144521296024323,0.287890625,0.3999640613794327,0.9177331537008285,0.03137257695198059,0.04871507324278355,0.720350182056427,0.8383330285549164,0.012157920002937361,0.166329887509346,nan,0.0,nan,0.0,0
9,160,2976,0.1690340909090909,2560,1.7132632911205292,0.3421875,0.8245752990245819,0.807816082239151,0.262890625,0.38449655175209047,0.9192110955715179,0.03137257695198059,0.0466135498136282,0.7157680779695511,0.8320676147937774,0.007492315769195512,0.166329887509346,nan,0.0,nan,0.0,0
9,180,2996,0.17017045454545454,2560,1.6927526831626891,0.35546875,0.8160729378461837,0.8077522486448288,0.287109375,0.418138162791729,0.9215909540653229,0.03137257695198059,0.048102914541959765,0.7173727452754974,0.8261751085519791,0.010102170705795332,0.166329887509346,nan,0.0,nan,0.0,0
9,200,3016,0.17130681818181817,2560,1.6926807165145874,0.350390625,0.8285408198833466,0.811285549402237,0.267578125,0.38964689821004866,0.9195787072181701,0.03137257695198059,0.04682023283094168,0.7154230982065201,0.8245752990245819,-0.003965520858764671,0.166329887509346,nan,0.0,nan,0.0,0
9,220,3036,0.17244318181818183,2560,1.7043320417404175,0.353515625,0.8314065903425216,0.8095335811376572,0.283984375,0.3864101395010948,0.9213009029626846,0.03137257695198059,0.04652599357068539,0.7154777020215988,0.8261751085519791,-0.005231481790542558,0.166329887509346,nan,0.0,nan,0.0,0
9,240,3056,0.17357954545454546,2560,1.6998226344585419,0.35703125,0.8293196797370911,0.8116340816020966,0.24765625,0.3868022605776787,0.9194804072380066,0.03137257695198059,0.04444505553692579,0.709796416759491,0.8261751085519791,-0.0031445711851120217,0.166329887509346,nan,0.0,nan,0.0,0
9,260,3076,0.1747159090909091,2560,1.7093659520149231,0.350390625,0.8294340968132019,0.8076455622911454,0.27265625,0.3817324385046959,0.9193538933992386,0.03137257695198059,0.05138334333896637,0.724441123008728,0.8285408198833466,-0.0008932769298553023,0.166329887509346,nan,0.0,nan,0.0,0
9,280,3096,0.17585227272727272,2560,1.6635817348957063,0.36484375,0.8170248210430145,0.7982989251613617,0.281640625,0.39521437138319016,0.9194133967161179,0.03137257695198059,0.046419415064156054,0.715353462100029,0.8293196797370911,0.012294858694076538,0.166329887509346,nan,0.0,nan,0.0,0
9,300,3116,0.17698863636363635,2560,1.7039729058742523,0.359765625,0.8356319576501846,0.8144717127084732,0.268359375,0.38856654018163683,0.919940710067749,0.03137257695198059,0.0473071614280343,0.7164635539054871,0.8293196797370911,-0.0063122779130935225,0.166329887509346,nan,0.0,nan,0.0,0
9,320,3136,0.178125,2560,1.7257591545581819,0.33515625,0.8250646740198135,0.8136022120714188,0.28046875,0.37812488377094267,0.9186345636844635,0.03137257695198059,0.04825608469545841,0.718711307644844,0.8294340968132019,0.004369422793388367,0.166329887509346,nan,0.0,nan,0.0,0
9,340,3156,0.17926136363636364,2560,1.6855859220027924,0.3546875,0.8176358669996262,0.8021394282579422,0.299609375,0.3966778963804245,0.9198717921972275,0.03137257695198059,0.0491877606138587,0.7225853741168976,0.8293196797370911,0.011683812737464883,0.166329887509346,nan,0.0,nan,0.0,0
9,352,3168,0.17994318181818184,1480,1.7302631913004696,0.3290540537318668,0.8170141033224158,0.8123786120801358,0.2972972977805782,0.4186173149057337,0.9171008573996055,0.03137257695198059,0.04762029893494941,0.7201766519933134,0.8250646740198135,0.008050570697397785,0.166329887509346,nan,0.0,nan,0.0,0
10,20,3188,0.18107954545454547,2560,1.7018334507942199,0.348828125,0.833939504623413,0.811955663561821,0.272265625,0.3790584221482277,0.915590813755989,0.03137257695198059,0.04699603077024221,0.7165746241807938,0.8176358669996262,-0.016303637623786837,0.166329887509346,nan,0.0,nan,0.0,0
10,40,3208,0.1822159090909091,2560,1.6679974973201752,0.365234375,0.8207459181547165,0.8089813381433487,0.27578125,0.39513723403215406,0.9191644191741943,0.03137257695198059,0.045821945928037164,0.7138471484184266,0.8250646740198135,0.0043187558650970015,0.166329887509346,nan,0.0,nan,0.0,0
10,60,3228,0.18335227272727272,2560,1.632036566734314,0.385546875,0.8228044241666794,0.8069531977176666,0.261328125,0.3882229417562485,0.9147737056016922,0.03137257695198059,0.044750012643635276,0.7119558155536652,0.8207459181547165,-0.0020585060119628906,0.166329887509346,nan,0.0,nan,0.0,0
10,80,3248,0.18448863636363635,2560,1.674433171749115,0.354296875,0.8209827750921249,0.8021096765995026,0.301953125,0.4206401169300079,0.9206735163927078,0.03137257695198059,0.047005359642207624,0.7177875638008118,0.8207459181547165,-0.00023685693740838065,0.166329887509346,nan,0.0,nan,0.0,0
10,100,3268,0.185625,2560,1.6588475406169891,0.355859375,0.8360737562179565,0.8096877008676528,0.290234375,0.38764414340257647,0.9183194667100907,0.03137257695198059,0.049437984637916085,0.7224184989929199,0.8209827750921249,-0.015090981125831626,0.166329887509346,nan,0.0,nan,0.0,0
10,120,3288,0.18676136363636364,2560,1.6804010391235351,0.363671875,0.8193405896425248,0.8055806666612625,0.28046875,0.41072952598333357,0.9210144221782685,0.03137257695198059,0.045696690864861014,0.7143269956111908,0.8228044241666794,0.003463834524154663,0.166329887509346,nan,0.0,nan,0.0,0
10,140,3308,0.18789772727272727,2560,1.685420995950699,0.35234375,0.8263466209173203,0.8062946498394012,0.29921875,0.4000961259007454,0.917981106042862,0.03137257695198059,0.04428869690746069,0.7096003621816636,0.8209827750921249,-0.005363845825195335,0.166329887509346,nan,0.0,nan,0.0,0
10,160,3328,0.1890340909090909,2560,1.6437249839305879,0.378515625,0.8250720143318176,0.8063185602426529,0.2796875,0.3904367595911026,0.9161387294530868,0.03137257695198059,0.04581903908401728,0.7139232754707336,0.8228044241666794,-0.0022675901651382224,0.166329887509346,nan,0.0,nan,0.0,0
10,180,3348,0.19017045454545453,2560,1.6639420866966248,0.362890625,0.8221428513526916,0.8092251002788544,0.298046875,0.3991011559963226,0.92005096077919,0.03137257695198059,0.042249828763306144,0.7062216609716415,0.8250720143318176,0.002929162979126043,0.166329887509346,nan,0.0,nan,0.0,0
10,200,3368,0.1913068181818182,2560,1.741739994287491,0.35078125,0.8298431098461151,0.809743270277977,0.275390625,0.39846390336751936,0.9204019069671631,0.03137257695198059,0.0488048892468214,0.7224173307418823,0.8250720143318176,-0.004771095514297441,0.166329887509346,nan,0.0,nan,0.0,0
10,220,3388,0.19244318181818182,2560,1.6826793849468231,0.36171875,0.8173024028539657,0.7969449520111084,0.273046875,0.38292102962732316,0.9151517421007156,0.03137257695198059,0.04435640033334494,0.711869740486145,0.8250720143318176,0.007769611477851934,0.166329887509346,nan,0.0,nan,0.0,0
10,240,3408,0.19357954545454545,2560,1.6636607646942139,0.362109375,0.8126081854104996,0.8041640132665634,0.283203125,0.39452191442251205,0.9190159022808075,0.03137257695198059,0.04688348863273859,0.7178344994783401,0.8250720143318176,0.012463828921318032,0.166329887509346,nan,0.0,nan,0.0,0
10,260,3428,0.19471590909090908,2560,1.6674920916557312,0.34453125,0.8203203290700912,0.8148985683918,0.30078125,0.3910929039120674,0.9197719722986222,0.03137257695198059,0.04481055065989494,0.7143084377050399,0.8221428513526916,0.0018225222826003806,0.166329887509346,nan,0.0,nan,0.0,0
10,280,3448,0.1958522727272727,2560,1.6803041398525238,0.356640625,0.8229630380868912,0.80730821788311,0.283203125,0.39709656685590744,0.9151203364133835,0.03137257695198059,0.042372151650488375,0.7067913234233856,0.8203203290700912,-0.002642709016799971,0.166329887509346,nan,0.0,nan,0.0,0
10,300,3468,0.19698863636363637,2560,1.6810253083705902,0.37265625,0.8213835924863815,0.8112699061632156,0.266015625,0.37809472531080246,0.914822918176651,0.03137257695198059,0.04962890911847353,0.7238635033369064,0.8203203290700912,-0.001063263416290261,0.166329887509346,nan,0.0,nan,0.0,0
10,320,3488,0.198125,2560,1.6756443738937379,0.379296875,0.8218672394752502,0.8133875727653503,0.25546875,0.3948684334754944,0.9178317010402679,0.03137257695198059,0.04295175261795521,0.707422137260437,0.8203203290700912,-0.0015469104051589744,0.166329887509346,nan,0.0,nan,0.0,0
10,340,3508,0.19926136363636363,2560,1.6927620589733123,0.360546875,0.8196347385644913,0.8077995538711548,0.30078125,0.3991952374577522,0.9177187830209732,0.03137257695198059,0.04124078694730997,0.7036878198385239,0.8213835924863815,0.00174885392189017,0.166329887509346,nan,0.0,nan,0.0,0
10,352,3520,0.19994318181818183,1480,1.6908889970263918,0.3648648653481458,0.808775817381369,0.812626710453549,0.28378378458925196,0.4110238105864138,0.9181029348760038,0.03137257695198059,0.043826155485333626,0.7111269722113738,0.8213835924863815,0.012607775105012431,0.166329887509346,nan,0.0,nan,0.0,0
11,20,3540,0.20107954545454546,2560,1.6687680244445802,0.36171875,0.824558424949646,0.8100043177604676,0.28515625,0.39426996409893034,0.9160016626119614,0.03137257695198059,0.0420820439234376,0.7071980684995651,0.8213835924863815,-0.003174832463264554,0.166329887509346,nan,0.0,nan,0.0,0
11,40,3560,0.20221590909090909,2560,1.6694845139980317,0.361328125,0.8133919537067413,0.8041524410247802,0.287109375,0.3986447244882584,0.9186922937631607,0.03137257695198059,0.04069620408117771,0.7025627762079238,0.8213835924863815,0.007991638779640153,0.166329887509346,nan,0.0,nan,0.0,0
11,60,3580,0.20335227272727271,2560,1.6456742763519288,0.377734375,0.8273858964443207,0.8116455256938935,0.276953125,0.3938373699784279,0.9165934503078461,0.03137257695198059,0.044910364970564845,0.7142334401607513,0.8196347385644913,-0.0077511578798293845,0.166329887509346,nan,0.0,nan,0.0,0
11,80,3600,0.20448863636363637,2560,1.6648900985717774,0.35,0.8137759536504745,0.8079351037740707,0.301171875,0.3987909823656082,0.9148865044116974,0.03137257695198059,0.04652763996273279,0.7171056538820266,0.8196347385644913,0.0058587849140168125,0.166329887509346,nan,0.0,nan,0.0,0
11,100,3620,0.205625,2560,1.6786774039268493,0.356640625,0.8302770584821701,0.8121821314096451,0.273046875,0.386140339076519,0.9175291895866394,0.03137257695198059,0.04349364228546619,0.7074173063039779,0.8137759536504745,-0.016501104831695645,0.166329887509346,nan,0.0,nan,0.0,0
11,120,3640,0.20676136363636363,2560,1.6398152351379394,0.36640625,0.8174884766340256,0.8085394769906997,0.281640625,0.4037987068295479,0.9181878626346588,0.03137257695198059,0.045400085113942626,0.7157618373632431,0.824558424949646,0.007069948315620467,0.166329887509346,nan,0.0,nan,0.0,0
11,140,3660,0.20789772727272726,2560,1.66089768409729,0.373828125,0.8191654205322265,0.8049896419048309,0.280859375,0.40837353765964507,0.9207774013280868,0.03137257695198059,0.044052614085376265,0.7110057353973389,0.8174884766340256,-0.0016769438982009444,0.166329887509346,nan,0.0,nan,0.0,0
11,160,3680,0.2090340909090909,2560,1.6692028522491456,0.369140625,0.8213723063468933,0.8039275079965591,0.284375,0.3945585280656815,0.9181626856327056,0.03137257695198059,0.04515623617917299,0.712263485789299,0.8191654205322265,-0.0022068858146667703,0.166329887509346,nan,0.0,nan,0.0,0
11,180,3700,0.21017045454545455,2560,1.6909436225891112,0.363671875,0.8243574023246765,0.8094258815050125,0.28359375,0.4006174698472023,0.9203762203454972,0.03137257695198059,0.04256872795522213,0.7070671260356903,0.8191654205322265,-0.005191981792449951,0.166329887509346,nan,0.0,nan,0.0,0
11,200,3720,0.21130681818181818,2560,1.6763047754764557,0.348046875,0.806180065870285,0.8018386960029602,0.2890625,0.3942574441432953,0.9194100886583328,0.03137257695198059,0.04352287147194147,0.7094276458024978,0.8213723063468933,0.015192240476608276,0.166329887509346,nan,0.0,nan,0.0,0
11,220,3740,0.2124431818181818,2560,1.6596273005008697,0.362890625,0.8031534433364869,0.8012579798698425,0.288671875,0.39346990138292315,0.9167508661746979,0.03137257695198059,0.04139078017324209,0.7041230231523514,0.8191654205322265,0.016011977195739657,0.166329887509346,nan,0.0,nan,0.0,0
11,240,3760,0.21357954545454544,2560,1.6601754426956177,0.346484375,0.8229888856410981,0.8047966212034225,0.287890625,0.39256059676408767,0.9251362085342407,0.03137257695198059,0.04029836021363735,0.7006626218557358,0.8191654205322265,-0.0038234651088715488,0.166329887509346,nan,0.0,nan,0.0,0
11,260,3780,0.21471590909090907,2560,1.6429627001285554,0.373828125,0.8120253562927247,0.8053798884153366,0.27265625,0.3845377504825592,0.9197001308202744,0.03137257695198059,0.041793389804661275,0.7025273025035859,0.8213723063468933,0.009346950054168635,0.166329887509346,nan,0.0,nan,0.0,0
11,280,3800,0.21585227272727273,2560,1.657333654165268,0.366796875,0.8177673608064652,0.8120141595602035,0.29296875,0.40331580936908723,0.921926137804985,0.03137257695198059,0.04537967331707478,0.7166346192359925,0.8120253562927247,-0.005742004513740517,0.166329887509346,nan,0.0,nan,0.0,0
11,300,3820,0.21698863636363636,2560,1.6689526915550232,0.3625,0.8147436618804932,0.8022411584854126,0.305078125,0.403509883582592,0.9209256678819656,0.03137257695198059,0.041245062835514545,0.7059190571308136,0.8120253562927247,-0.0027183055877685325,0.166329887509346,nan,0.0,nan,0.0,0
11,320,3840,0.21812499999999999,2560,1.6750550270080566,0.3609375,0.8119312703609467,0.7988568842411041,0.303125,0.41440424174070356,0.9250606805086136,0.03137257695198059,0.043526065349578855,0.7093195736408233,0.8147436618804932,0.0028123915195464866,0.166329887509346,nan,0.0,nan,0.0,0
11,340,3860,0.21926136363636362,2560,1.6703272342681885,0.38203125,0.8194443881511688,0.8061504572629928,0.271875,0.39352438896894454,0.9154061824083328,0.03137257695198059,0.04570380244404078,0.7164919346570968,0.8147436618804932,-0.004700726270675637,0.166329887509346,nan,0.0,nan,0.0,0
11,352,3872,0.21994318181818182,1480,1.6780933399458189,0.3682432440487114,0.8182932222211683,0.7988765394365466,0.2878378384822124,0.4281931620997352,0.9207451598064319,0.03137257695198059,0.046903927563815506,0.7198300277864611,0.8147436618804932,-0.0035495603406751064,0.166329887509346,nan,0.0,nan,0.0,0
12,20,3892,0.22107954545454545,2560,1.6947175920009614,0.357421875,0.8198217213153839,0.8090773373842239,0.284765625,0.3900198474526405,0.9212653011083602,0.03137257695198059,0.04753757752478123,0.7207550197839737,0.8177673608064652,-0.002054360508918718,0.166329887509346,nan,0.0,nan,0.0,0
12,40,3912,0.22221590909090908,2560,1.6435401380062102,0.359375,0.8131750375032425,0.8097287714481354,0.269921875,0.37195640355348586,0.9237762719392777,0.03137257695198059,0.03971851784735918,0.7010417014360428,0.8182932222211683,0.0051181847179258,0.166329887509346,nan,0.0,nan,0.0,0
12,60,3932,0.22335227272727273,2560,1.6741387128829956,0.355859375,0.8085019826889038,0.8006516933441162,0.3,0.40976529866456984,0.9192382991313934,0.03137257695198059,0.04145168624818325,0.7048638343811036,0.8182932222211683,0.009791239532264462,0.166329887509346,nan,0.0,nan,0.0,0
12,80,3952,0.22448863636363636,2560,1.6565115690231322,0.369140625,0.8099119454622269,0.8033391535282135,0.288671875,0.40771657824516294,0.9211179226636886,0.03137257695198059,0.04089612513780594,0.7051649510860443,0.8182932222211683,0.008381276758941403,0.166329887509346,nan,0.0,nan,0.0,0
12,100,3972,0.225625,2560,1.6520516216754912,0.371484375,0.8001941710710525,0.7986974269151688,0.289453125,0.40684994012117387,0.921405303478241,0.03137257695198059,0.0404908936470747,0.7026057153940201,0.8131750375032425,0.012980866432189986,0.166329887509346,nan,0.0,nan,0.0,0
12,120,3992,0.22676136363636362,2560,1.6659106492996216,0.373046875,0.8097198575735092,0.8025095790624619,0.279296875,0.40907190889120104,0.9212171107530593,0.03137257695198059,0.043648756481707095,0.7095831274986267,0.8099119454622269,0.00019208788871771798,0.166329887509346,nan,0.0,nan,0.0,0
12,140,4012,0.22789772727272725,2560,1.6765293180942535,0.353515625,0.8287711471319199,0.8091135889291763,0.28515625,0.3895621821284294,0.9208305567502976,0.03137257695198059,0.0416127186268568,0.7043299287557602,0.8097198575735092,-0.019051289558410733,0.166329887509346,nan,0.0,nan,0.0,0
12,160,4032,0.22903409090909088,2560,1.6609903931617738,0.361328125,0.804073303937912,0.795769140124321,0.300390625,0.3918738752603531,0.9240020960569382,0.03137257695198059,0.04523699935525656,0.7150251805782318,0.8097198575735092,0.005646553635597185,0.166329887509346,nan,0.0,nan,0.0,0
12,180,4052,0.23017045454545454,2560,1.6660972714424134,0.374609375,0.815055000782013,0.8072008997201919,0.266796875,0.41504327207803726,0.9162702113389969,0.03137257695198059,0.04306225031614304,0.7098318487405777,0.8097198575735092,-0.005335143208503812,0.166329887509346,nan,0.0,nan,0.0,0
12,200,4072,0.23130681818181817,2560,1.6885531544685364,0.36015625,0.8103941082954407,0.8055866450071335,0.28828125,0.39648943990468977,0.9208408534526825,0.03137257695198059,0.04196648169308901,0.7080271393060684,0.8097198575735092,-0.0006742507219315019,0.166329887509346,nan,0.0,nan,0.0,0
12,220,4092,0.2324431818181818,2560,1.694023811817169,0.36796875,0.8194133520126343,0.80649593770504,0.2796875,0.4006810367107391,0.9202242761850357,0.03137257695198059,0.04715529661625624,0.7180920720100403,0.8103941082954407,-0.009019243717193648,0.166329887509346,nan,0.0,nan,0.0,0
12,240,4112,0.23357954545454543,2560,1.6751454651355744,0.35859375,0.8207492828369141,0.8078720331192016,0.290625,0.3940045163035393,0.9209411829710007,0.03137257695198059,0.046123132295906547,0.7179754495620727,0.815055000782013,-0.005694282054901079,0.166329887509346,nan,0.0,nan,0.0,0
12,260,4132,0.23471590909090906,2560,1.6818476438522338,0.368359375,0.8168635189533233,0.807618471980095,0.270703125,0.3862853154540062,0.9158509761095047,0.03137257695198059,0.04074600599706173,0.7002156198024749,0.815055000782013,-0.001808518171310336,0.166329887509346,nan,0.0,nan,0.0,0
12,280,4152,0.23585227272727272,2560,1.6525304973125459,0.354296875,0.8008792102336884,0.7981929987668991,0.296875,0.4029277443885803,0.9211731135845185,0.03137257695198059,0.040414868667721746,0.7001840144395828,0.8168635189533233,0.015984308719634965,0.166329887509346,nan,0.0,nan,0.0,0
12,300,4172,0.23698863636363635,2560,1.6733518421649933,0.371484375,0.818588775396347,0.7993925988674164,0.267578125,0.40268858820199965,0.9207238733768464,0.03137257695198059,0.04536429401487112,0.7150010883808136,0.8168635189533233,-0.0017252564430236816,0.166329887509346,nan,0.0,nan,0.0,0
12,320,4192,0.23812499999999998,2560,1.658606731891632,0.356640625,0.8213277339935303,0.8029778987169266,0.296484375,0.40845955461263656,0.9233045101165771,0.03137257695198059,0.041670765914022925,0.7025329232215881,0.818588775396347,-0.0027389585971833164,0.166329887509346,nan,0.0,nan,0.0,0
12,340,4212,0.2392613636363636,2560,1.6747995972633363,0.34453125,0.8118534177541733,0.8033542811870575,0.290234375,0.4066805064678192,0.9226272791624069,0.03137257695198059,0.042804562300443647,0.7091653883457184,0.818588775396347,0.0067353576421737005,0.166329887509346,nan,0.0,nan,0.0,0
12,352,4224,0.2399431818181818,1480,1.6730554516251024,0.35405405405405405,0.7993960654413378,0.7966394556535257,0.27094594626813323,0.39237651744404356,0.9220949669142027,0.03137257695198059,0.04423783079192445,0.7111677707852544,0.8168635189533233,0.01746745351198553,0.166329887509346,nan,0.0,nan,0.0,0
13,20,4244,0.24107954545454544,2560,1.6244787633419038,0.390234375,0.8183076500892639,0.8031362116336822,0.26953125,0.3873204976320267,0.919998949766159,0.03137257695198059,0.045684241130948065,0.716778826713562,0.8118534177541733,-0.006454232335090571,0.166329887509346,nan,0.0,nan,0.0,0
13,40,4264,0.24221590909090907,2560,1.6514082729816437,0.364453125,0.8072683840990067,0.7979229122400284,0.2875,0.4149371564388275,0.922462996840477,0.03137257695198059,0.042970999330282214,0.7075541019439697,0.8183076500892639,0.011039265990257174,0.166329887509346,nan,0.0,nan,0.0,0
13,60,4284,0.24335227272727272,2560,1.653833907842636,0.373046875,0.8184043109416962,0.8042293787002563,0.27734375,0.40116705298423766,0.9178871363401413,0.03137257695198059,0.0373585969209671,0.6941812396049499,0.8118534177541733,-0.006550893187522888,0.166329887509346,nan,0.0,nan,0.0,0
13,80,4304,0.24448863636363635,2560,1.6325968563556672,0.3734375,0.8061612039804459,0.8036227196455001,0.29765625,0.4182176053524017,0.9183404475450516,0.03137257695198059,0.04423627387732267,0.7134991824626923,0.8118534177541733,0.005692213773727417,0.166329887509346,nan,0.0,nan,0.0,0
13,100,4324,0.24562499999999998,2560,1.65453639626503,0.38828125,0.8048644006252289,0.8045335292816163,0.27265625,0.39261995255947113,0.9160152614116669,0.03137257695198059,0.03960938509553671,0.6996856749057769,0.8072683840990067,0.002403983473777793,0.166329887509346,nan,0.0,nan,0.0,0
13,120,4344,0.2467613636363636,2560,1.643304741382599,0.377734375,0.8102876275777817,0.7997675716876984,0.290234375,0.4333935707807541,0.917482778429985,0.03137257695198059,0.04091700501739979,0.7038353860378266,0.8072683840990067,-0.0030192434787750244,0.166329887509346,nan,0.0,nan,0.0,0
13,140,4364,0.24789772727272724,2560,1.6821555316448211,0.355859375,0.8084952712059021,0.8001434534788132,0.289453125,0.3897477313876152,0.9257056087255477,0.03137257695198059,0.041387591138482095,0.7052598476409913,0.8072683840990067,-0.0012268871068954468,0.166329887509346,nan,0.0,nan,0.0,0
13,160,4384,0.2490340909090909,2560,1.6737674057483674,0.348828125,0.7975946426391601,0.8036098688840866,0.296484375,0.40591402649879454,0.9152524501085282,0.03137257695198059,0.037807852029800415,0.6954816907644272,0.8084952712059021,0.01090062856674201,0.166329887509346,nan,0.0,nan,0.0,0
13,180,4404,0.2501704545454545,2560,1.6761944591999054,0.360546875,0.8176154941320419,0.8088517695665359,0.287890625,0.38396546244621277,0.9130083888769149,0.03137257695198059,0.044314245134592055,0.7111279159784317,0.8061612039804459,-0.011454290151596047,0.166329887509346,nan,0.0,nan,0.0,0
13,200,4424,0.25130681818181816,2560,1.694261872768402,0.36484375,0.8186151295900345,0.8076306909322739,0.276171875,0.40619549751281736,0.9203843653202057,0.03137257695198059,0.04473995380103588,0.7144246816635131,0.8084952712059021,-0.010119858384132319,0.166329887509346,nan,0.0,nan,0.0,0
13,220,4444,0.2524431818181818,2560,1.6733465373516083,0.375390625,0.8125155866146088,0.8030744194984436,0.271484375,0.38495512008666993,0.9193463832139969,0.03137257695198059,0.04379959814250469,0.7106175631284714,0.8102876275777817,-0.002227959036827043,0.166329887509346,nan,0.0,nan,0.0,0
13,240,4464,0.2535795454545454,2560,1.690353310108185,0.36875,0.8125525206327439,0.803903603553772,0.28046875,0.40512549579143525,0.9216313838958741,0.03137257695198059,0.04147382322698832,0.7054018497467041,0.8125155866146088,-3.6934018135093005e-05,0.166329887509346,nan,0.0,nan,0.0,0
13,260,4484,0.2547159090909091,2560,1.6994520664215087,0.345703125,0.81851527094841,0.8035596430301666,0.29140625,0.40455564856529236,0.924070629477501,0.03137257695198059,0.042627918906509875,0.7082252472639083,0.8125525206327439,-0.0059627503156661765,0.166329887509346,nan,0.0,nan,0.0,0
13,280,4504,0.2558522727272727,2560,1.6756596207618712,0.36875,0.8012172281742096,0.8021203607320786,0.28515625,0.3893245533108711,0.9191161036491394,0.03137257695198059,0.040239207074046136,0.7020249754190445,0.8176154941320419,0.016398265957832336,0.166329887509346,nan,0.0,nan,0.0,0
13,300,4524,0.2569886363636364,2560,1.6571734130382538,0.3765625,0.8096372902393341,0.8002759486436843,0.276953125,0.39623756557703016,0.9231563806533813,0.03137257695198059,0.041283646039664744,0.7056948482990265,0.8125525206327439,0.0029152303934097956,0.166329887509346,nan,0.0,nan,0.0,0
13,320,4544,0.258125,2560,1.6434994399547578,0.383203125,0.8057950139045715,0.7975619196891784,0.2859375,0.4079909071326256,0.918779519200325,0.03137257695198059,0.03946222886443138,0.70020871758461,0.8125155866146088,0.0067205727100372314,0.166329887509346,nan,0.0,nan,0.0,0
13,340,4564,0.25926136363636365,2560,1.6476634442806244,0.37734375,0.8118255704641342,0.7982294887304306,0.283203125,0.4141203910112381,0.9261019587516784,0.03137257695198059,0.03733519772067666,0.6926996737718583,0.8096372902393341,-0.00218828022480011,0.166329887509346,nan,0.0,nan,0.0,0
13,352,4576,0.2599431818181818,1480,1.6408525905093632,0.3925675677286612,0.8154702157587619,0.8007742247065982,0.2702702700286298,0.38362969611142134,0.9225126411463763,0.03137257695198059,0.04201209633736997,0.7067881783923587,0.8096372902393341,-0.005832925519427823,0.166329887509346,nan,0.0,nan,0.0,0
14,20,4596,0.2610795454545454,2560,1.6744503498077392,0.359375,0.8222957849502563,0.8104049891233445,0.287890625,0.40124203711748124,0.9168748438358307,0.03137257695198059,0.04105160888284445,0.7078428596258164,0.8096372902393341,-0.012658494710922286,0.166329887509346,nan,0.0,nan,0.0,0
14,40,4616,0.2622159090909091,2560,1.6705126106739043,0.36484375,0.8016198664903641,0.8000032007694244,0.2890625,0.4129787877202034,0.9220783442258835,0.03137257695198059,0.04090995341539383,0.7030398130416871,0.8118255704641342,0.010205703973770075,0.166329887509346,nan,0.0,nan,0.0,0
14,60,4636,0.2633522727272727,2560,1.6867938697338105,0.369140625,0.8151339530944824,0.8047831356525421,0.260546875,0.39423694759607314,0.9158152520656586,0.03137257695198059,0.03932496588677168,0.7000581741333007,0.8118255704641342,-0.003308382630348272,0.166329887509346,nan,0.0,nan,0.0,0
14,80,4656,0.26448863636363634,2560,1.6175899624824523,0.392578125,0.7962250173091888,0.7957901179790496,0.279296875,0.4085806131362915,0.9182098627090454,0.03137257695198059,0.04273156188428402,0.7079833686351776,0.8151339530944824,0.018908935785293624,0.166329887509346,nan,0.0,nan,0.0,0
14,100,4676,0.265625,2560,1.685894525051117,0.365625,0.8239652931690216,0.809918999671936,0.290625,0.401755790412426,0.9223439782857895,0.03137257695198059,0.04086852893233299,0.7030029863119125,0.8151339530944824,-0.008831340074539118,0.166329887509346,nan,0.0,nan,0.0,0
14,120,4696,0.2667613636363636,2560,1.6829556286334992,0.3625,0.7952598512172699,0.7931605249643325,0.294140625,0.42002373933792114,0.9168578058481216,0.03137257695198059,0.04282194264233112,0.7098090946674347,0.8151339530944824,0.019874101877212502,0.166329887509346,nan,0.0,nan,0.0,0
14,140,4716,0.26789772727272726,2560,1.65532044172287,0.371484375,0.810251772403717,0.8044967800378799,0.28828125,0.4081652671098709,0.9196652948856354,0.03137257695198059,0.039943499863147734,0.7012585133314133,0.8016198664903641,-0.008631905913352944,0.166329887509346,nan,0.0,nan,0.0,0
14,160,4736,0.26903409090909086,2560,1.6499620437622071,0.366796875,0.8029534637928009,0.7947281062602997,0.28515625,0.4036784142255783,0.9214813411235809,0.03137257695198059,0.04332764949649572,0.70909204185009,0.810251772403717,0.007298308610916182,0.166329887509346,nan,0.0,nan,0.0,0
14,180,4756,0.2701704545454545,2560,1.6589323163032532,0.3671875,0.8099758177995682,0.8033550411462784,0.28515625,0.4129572078585625,0.9201154261827469,0.03137257695198059,0.038725505396723744,0.6978471457958222,0.8029534637928009,-0.007022354006767317,0.166329887509346,nan,0.0,nan,0.0,0
14,200,4776,0.2713068181818182,2560,1.6766489803791047,0.38125,0.7995016068220139,0.8012011408805847,0.276953125,0.4117042362689972,0.9191744685173034,0.03137257695198059,0.041857843101024625,0.7041474014520646,0.8099758177995682,0.010474210977554299,0.166329887509346,nan,0.0,nan,0.0,0
14,220,4796,0.27244318181818183,2560,1.6495897114276885,0.378515625,0.8144429385662079,0.8069239586591721,0.282421875,0.4150728970766068,0.9237365931272506,0.03137257695198059,0.042438029684126376,0.710221016407013,0.8029534637928009,-0.011489474773407005,0.166329887509346,nan,0.0,nan,0.0,0
14,240,4816,0.27357954545454544,2560,1.6694825887680054,0.374609375,0.8094481378793716,0.7955060482025147,0.26640625,0.39390589892864225,0.9275617152452469,0.03137257695198059,0.04059181921184063,0.7012703388929367,0.8099758177995682,0.0005276799201965332,0.166329887509346,nan,0.0,nan,0.0,0
14,260,4836,0.2747159090909091,2560,1.6474664747714995,0.375,0.8201300710439682,0.8082697778940201,0.270703125,0.391294963657856,0.9160367518663406,0.03137257695198059,0.041810418199747804,0.7037974506616592,0.8094481378793716,-0.010681933164596535,0.166329887509346,nan,0.0,nan,0.0,0
14,280,4856,0.27585227272727275,2560,1.6690689206123352,0.369140625,0.8086226135492325,0.802228182554245,0.272265625,0.40366018265485765,0.9225525170564651,0.03137257695198059,0.041616742871701716,0.7050244212150574,0.8099758177995682,0.0013532042503356934,0.166329887509346,nan,0.0,nan,0.0,0
14,300,4876,0.27698863636363635,2560,1.6406985461711883,0.3765625,0.7935333877801896,0.7925580590963364,0.269140625,0.40498085916042326,0.9174433588981629,0.03137257695198059,0.03996610604226589,0.7015570431947709,0.8094481378793716,0.015914750099182084,0.166329887509346,nan,0.0,nan,0.0,0
14,320,4896,0.278125,2560,1.6603074073791504,0.361328125,0.7996651649475097,0.7962338894605636,0.287890625,0.4239257097244263,0.9202137231826782,0.03137257695198059,0.04147455170750618,0.7056628823280334,0.8094481378793716,0.009782972931861922,0.166329887509346,nan,0.0,nan,0.0,0
14,340,4916,0.2792613636363636,2560,1.6565021991729736,0.35703125,0.80917988717556,0.8041099727153778,0.28984375,0.38840761333703994,0.9227897852659226,0.03137257695198059,0.04073921926319599,0.7038002610206604,0.8086226135492325,-0.0005572736263275146,0.166329887509346,nan,0.0,nan,0.0,0
14,352,4928,0.2799431818181818,1480,1.6240255330059978,0.3898648653481458,0.7912064619966456,0.7940733435991648,0.27297297297297296,0.4247553988082989,0.9215464144139677,0.03137257695198059,0.04242985870789837,0.705560138741055,0.8086226135492325,0.01741615155258691,0.166329887509346,nan,0.0,nan,0.0,0
15,20,4948,0.28107954545454544,2560,1.6504678785800935,0.36875,0.8061117947101593,0.7970723628997802,0.26796875,0.40477620661258695,0.9236959040164947,0.03137257695198059,0.03933515902608633,0.6996249794960022,0.7996651649475097,-0.006446629762649536,0.166329887509346,nan,0.0,nan,0.0,0
15,40,4968,0.28221590909090905,2560,1.670190691947937,0.3625,0.8076920300722122,0.7999197781085968,0.275390625,0.40300583392381667,0.9184695094823837,0.03137257695198059,0.04121071957051754,0.7072694450616837,0.7996651649475097,-0.00802686512470252,0.166329887509346,nan,0.0,nan,0.0,0
15,60,4988,0.2833522727272727,2560,1.647897982597351,0.380078125,0.8148177355527878,0.8063256740570068,0.266015625,0.3875193789601326,0.9264477014541626,0.03137257695198059,0.045060692355036736,0.7144187480211258,0.8061117947101593,-0.008705940842628546,0.166329887509346,nan,0.0,nan,0.0,0
15,80,5008,0.28448863636363636,2560,1.6606053292751313,0.349609375,0.8043681889772415,0.8029909938573837,0.32109375,0.4115659102797508,0.9185760736465454,0.03137257695198059,0.041762709897011516,0.7053110539913178,0.8076920300722122,0.0033238410949707475,0.166329887509346,nan,0.0,nan,0.0,0
15,100,5028,0.28562499999999996,2560,1.6726432681083678,0.35703125,0.8123137682676316,0.8100339502096177,0.279296875,0.3922024965286255,0.9136090725660324,0.03137257695198059,0.04226905405521393,0.7052992641925812,0.8061117947101593,-0.006201973557472318,0.166329887509346,nan,0.0,nan,0.0,0
15,120,5048,0.2867613636363636,2560,1.668486189842224,0.3640625,0.8111009150743484,0.8008617639541626,0.28515625,0.41497187316417694,0.9214541345834732,0.03137257695198059,0.04406174886971712,0.7118747144937515,0.8076920300722122,-0.0034088850021362083,0.166329887509346,nan,0.0,nan,0.0,0
15,140,5068,0.2878977272727273,2560,1.6827024698257447,0.363671875,0.8101753473281861,0.7981840968132019,0.29609375,0.4030815377831459,0.9230109065771103,0.03137257695198059,0.04099990073591471,0.7042878240346908,0.8111009150743484,0.0009255677461623701,0.166329887509346,nan,0.0,nan,0.0,0
15,160,5088,0.28903409090909093,2560,1.6556371748447418,0.359765625,0.8066022247076035,0.8043987452983856,0.279296875,0.4081295013427734,0.918300649523735,0.03137257695198059,0.043012207932770254,0.7093527615070343,0.8111009150743484,0.004498690366744995,0.166329887509346,nan,0.0,nan,0.0,0
15,180,5108,0.29017045454545454,2560,1.6546899676322937,0.378515625,0.7960772305727005,0.7930268734693527,0.2890625,0.4185935750603676,0.9195316523313523,0.03137257695198059,0.04389525540173054,0.7120297133922577,0.8101753473281861,0.014098116755485557,0.166329887509346,nan,0.0,nan,0.0,0
15,200,5128,0.2913068181818182,2560,1.6498094499111176,0.3671875,0.7985819429159164,0.800101238489151,0.298828125,0.41579894721508026,0.9126081049442292,0.03137257695198059,0.04172732569277286,0.7087524622678757,0.8101753473281861,0.011593404412269637,0.166329887509346,nan,0.0,nan,0.0,0
15,220,5148,0.2924431818181818,2560,1.6440734565258026,0.367578125,0.8205700784921646,0.8067249476909637,0.2890625,0.3911015897989273,0.9247754633426666,0.03137257695198059,0.04471632055938244,0.7126676648855209,0.8066022247076035,-0.013967853784561113,0.166329887509346,nan,0.0,nan,0.0,0
15,240,5168,0.29357954545454545,2560,1.6410224974155425,0.378515625,0.8060756146907806,0.7994186580181122,0.27890625,0.41549415290355685,0.9204104274511338,0.03137257695198059,0.040984930098056795,0.7056710451841355,0.8066022247076035,0.0005266100168228594,0.166329887509346,nan,0.0,nan,0.0,0
15,260,5188,0.2947159090909091,2560,1.647685444355011,0.373828125,0.794972550868988,0.7922051876783371,0.281640625,0.40494915693998335,0.9164282768964768,0.03137257695198059,0.0394551832228899,0.7017555326223374,0.8060756146907806,0.011103063821792603,0.166329887509346,nan,0.0,nan,0.0,0
15,280,5208,0.2958522727272727,2560,1.6573321998119355,0.365625,0.7958242446184158,0.8014142572879791,0.284375,0.4174293905496597,0.919459930062294,0.03137257695198059,0.03868792299181223,0.6965690612792969,0.7985819429159164,0.0027576982975006104,0.166329887509346,nan,0.0,nan,0.0,0
15,300,5228,0.29698863636363637,2560,1.688424175977707,0.360546875,0.8079682797193527,0.7959538996219635,0.25703125,0.38030100166797637,0.9180724054574967,0.03137257695198059,0.04520608205348253,0.714933893084526,0.7985819429159164,-0.009386336803436257,0.166329887509346,nan,0.0,nan,0.0,0
15,320,5248,0.298125,2560,1.6329671680927276,0.37890625,0.8007681399583817,0.8015177637338639,0.276953125,0.4138402983546257,0.9171781122684479,0.03137257695198059,0.039566888473927975,0.7001404881477356,0.8060756146907806,0.005307474732398898,0.166329887509346,nan,0.0,nan,0.0,0
15,340,5268,0.29926136363636363,2560,1.6645606458187103,0.3671875,0.7986581057310105,0.8066471338272094,0.279296875,0.40034501254558563,0.9203825801610946,0.03137257695198059,0.04077005535364151,0.7025538504123687,0.8007681399583817,0.002110034227371216,0.166329887509346,nan,0.0,nan,0.0,0
15,352,5280,0.2999431818181818,1480,1.6801967730393281,0.35743243291571336,0.7988281742946521,0.7992258113783759,0.2810810817254556,0.4022956406747973,0.9257302454999975,0.03137257695198059,0.03506493117358234,0.6869478422242242,0.7986581057310105,-0.00017006856364165657,0.166329887509346,nan,0.0,nan,0.0,0
16,20,5300,0.2989204545454545,2560,1.6321895897388459,0.38046875,0.7940231263637543,0.7926050990819931,0.27421875,0.40061244815588,0.9259077936410904,0.03137257695198059,0.039716492779552935,0.7005546748638153,0.7988281742946521,0.0048050479308978655,0.166329887509346,nan,0.0,nan,0.0,0
16,40,5320,0.2977840909090909,2560,1.678636807203293,0.359375,0.7967066913843155,0.7967296808958053,0.3015625,0.41238286048173906,0.9180849879980088,0.03137257695198059,0.043566080182790755,0.7130323052406311,0.7988281742946521,0.0021214829103366473,0.166329887509346,nan,0.0,nan,0.0,0
16,60,5340,0.29664772727272726,2560,1.6719280362129212,0.371484375,0.8169374257326126,0.8091058254241943,0.275390625,0.40420052856206895,0.9204138606786728,0.03137257695198059,0.044868144951760766,0.7136552393436432,0.7986581057310105,-0.01827932000160215,0.166329887509346,nan,0.0,nan,0.0,0
16,80,5360,0.29551136363636366,2560,1.6371246933937074,0.373046875,0.7957745671272278,0.7967765986919403,0.274609375,0.40473841726779936,0.9230327785015107,0.03137257695198059,0.043916240148246286,0.7109335929155349,0.7986581057310105,0.002883538603782654,0.166329887509346,nan,0.0,nan,0.0,0
16,100,5380,0.294375,2560,1.6199757397174834,0.38671875,0.7931813716888427,0.8002895504236222,0.2875,0.43213063925504686,0.9163692653179168,0.03137257695198059,0.03926860596984625,0.7026206970214843,0.7967066913843155,0.0035253196954727617,0.166329887509346,nan,0.0,nan,0.0,0
16,120,5400,0.2932386363636364,2560,1.6561490952968598,0.366796875,0.8017393499612808,0.794409328699112,0.303125,0.4183422222733498,0.9185027003288269,0.03137257695198059,0.03794484436511993,0.6972195267677307,0.7957745671272278,-0.005964782834052995,0.166329887509346,nan,0.0,nan,0.0,0
16,140,5420,0.2921022727272727,2560,1.6409183621406556,0.3625,0.7989989548921586,0.8013695001602172,0.303515625,0.4250511541962624,0.9183791041374206,0.03137257695198059,0.03963450957089663,0.7023271918296814,0.7967066913843155,-0.002292263507843062,0.166329887509346,nan,0.0,nan,0.0,0
16,160,5440,0.2909659090909091,2560,1.6764344453811646,0.36953125,0.8007572799921036,0.7976009607315063,0.2890625,0.4075207322835922,0.9203575253486633,0.03137257695198059,0.038672047294676305,0.7002912044525147,0.7989989548921586,-0.0017583250999450017,0.166329887509346,nan,0.0,nan,0.0,0
16,180,5460,0.2898295454545454,2560,1.6197417557239533,0.387109375,0.8069212228059769,0.7996407955884933,0.288671875,0.4222250089049339,0.9177355617284775,0.03137257695198059,0.041055412776768205,0.7056754797697067,0.7989989548921586,-0.007922267913818337,0.166329887509346,nan,0.0,nan,0.0,0
16,200,5480,0.2886931818181818,2560,1.672450977563858,0.35546875,0.8184684187173843,0.8082330286502838,0.2875,0.4032310858368874,0.9136079341173172,0.03137257695198059,0.040338161028921606,0.7036390513181686,0.8007572799921036,-0.01771113872528074,0.166329887509346,nan,0.0,nan,0.0,0
16,220,5500,0.28755681818181816,2560,1.6367894947528838,0.376953125,0.7952982872724533,0.8010312527418136,0.296484375,0.4190218195319176,0.9153782069683075,0.03137257695198059,0.03943894132971763,0.7010955601930619,0.8017393499612808,0.0064410626888274924,0.166329887509346,nan,0.0,nan,0.0,0
16,240,5520,0.28642045454545456,2560,1.6464437782764434,0.366015625,0.8166660308837891,0.8115585535764694,0.298828125,0.4117396518588066,0.9234282404184342,0.03137257695198059,0.04646165184676647,0.7177876621484757,0.8007572799921036,-0.01590875089168553,0.166329887509346,nan,0.0,nan,0.0,0
16,260,5540,0.2852840909090909,2560,1.6642696499824523,0.3625,0.798185995221138,0.8016423761844635,0.268359375,0.39179129600524903,0.9154668331146241,0.03137257695198059,0.03794026151299477,0.6972038745880127,0.8069212228059769,0.008735227584838912,0.166329887509346,nan,0.0,nan,0.0,0
16,280,5560,0.2841477272727273,2560,1.6643331050872803,0.35546875,0.8008580386638642,0.7985620021820068,0.305859375,0.41572521477937696,0.912579745054245,0.03137257695198059,0.043022125214338305,0.7107449978590011,0.8069212228059769,0.00606318414211271,0.166329887509346,nan,0.0,nan,0.0,0
16,300,5580,0.28301136363636364,2560,1.6370964765548706,0.365625,0.8082961976528168,0.7994672328233718,0.311328125,0.4193103790283203,0.9203183680772782,0.03137257695198059,0.04103036001324654,0.705399751663208,0.8008580386638642,-0.0074381589889526145,0.166329887509346,nan,0.0,nan,0.0,0
16,320,5600,0.28187500000000004,2560,1.660917294025421,0.36328125,0.8077892452478409,0.8066030025482178,0.2859375,0.40236188769340514,0.9222954034805297,0.03137257695198059,0.043374712392687795,0.7123880535364151,0.8008580386638642,-0.006931206583976723,0.166329887509346,nan,0.0,nan,0.0,0
16,340,5620,0.28073863636363633,2560,1.6661402046680451,0.359765625,0.8036290526390075,0.8007971584796906,0.29765625,0.4169083684682846,0.9227344781160355,0.03137257695198059,0.045760147646069525,0.7185330212116241,0.8077892452478409,0.00416019260883338,0.166329887509346,nan,0.0,nan,0.0,0
16,352,5632,0.2800568181818182,1480,1.6411261990263655,0.3641891891891892,0.8061098259848517,0.7885223337121912,0.29121621621621624,0.41902989841796257,0.9181099769231436,0.031372576770750255,0.040524711359191584,0.7039361551001265,0.8036290526390075,-0.0024807733458441783,0.166329887509346,nan,0.0,nan,0.0,0
17,20,5652,0.2789204545454545,2560,1.623197901248932,0.389453125,0.8006180912256241,0.7944750607013702,0.282421875,0.41717802733182907,0.9268028497695923,0.03137257695198059,0.04031295981258154,0.7024834215641022,0.8061098259848517,0.005491734759227596,0.166329887509346,nan,0.0,nan,0.0,0
17,40,5672,0.2777840909090909,2560,1.6200431883335114,0.37890625,0.8018357694149018,0.7981238245964051,0.300390625,0.42265640646219255,0.9257016718387604,0.03137257695198059,0.03894283790141344,0.6994909226894379,0.8061098259848517,0.004274056569949947,0.166329887509346,nan,0.0,nan,0.0,0
17,60,5692,0.27664772727272724,2560,1.611116313934326,0.393359375,0.8001288503408432,0.7949063837528229,0.276953125,0.4221989393234253,0.9159497767686844,0.03137257695198059,0.041905011795461175,0.70797179043293,0.8036290526390075,0.003500202298164279,0.166329887509346,nan,0.0,nan,0.0,0
17,80,5712,0.27551136363636364,2560,1.6466418921947479,0.382421875,0.7983178406953811,0.8014975428581238,0.2875,0.40901522934436796,0.9210590571165085,0.03137257695198059,0.04417395628988743,0.7123408347368241,0.8018357694149018,0.0035179287195206133,0.166329887509346,nan,0.0,nan,0.0,0
17,100,5732,0.274375,2560,1.664513850212097,0.366015625,0.8057620197534561,0.8043369472026825,0.269921875,0.4068860158324242,0.9120153039693832,0.03137257695198059,0.0405496384948492,0.7043169856071472,0.8006180912256241,-0.005143928527831965,0.166329887509346,nan,0.0,nan,0.0,0
17,120,5752,0.2732386363636364,2560,1.6272393882274627,0.377734375,0.7984941661357879,0.7964269250631333,0.269921875,0.41285199522972105,0.9186017543077469,0.03137257695198059,0.0402868926525116,0.7005838215351105,0.8006180912256241,0.002123925089836165,0.166329887509346,nan,0.0,nan,0.0,0
17,140,5772,0.2721022727272727,2560,1.6452161073684692,0.37890625,0.7956794708967209,0.795314934849739,0.26640625,0.39411759972572324,0.9228347957134246,0.03137257695198059,0.04490196499973535,0.7145907193422317,0.8001288503408432,0.004449379444122381,0.166329887509346,nan,0.0,nan,0.0,0
17,160,5792,0.2709659090909091,2560,1.6298213183879853,0.3796875,0.8086006969213486,0.7999956965446472,0.2921875,0.422231188416481,0.92019502222538,0.03137257695198059,0.04268185067921877,0.7085103869438172,0.7984941661357879,-0.010106530785560675,0.166329887509346,nan,0.0,nan,0.0,0
17,180,5812,0.26982954545454546,2560,1.648629081249237,0.371875,0.800952798128128,0.8002394586801529,0.273046875,0.4061212569475174,0.9280032068490982,0.03137257695198059,0.03818367719650269,0.6967265963554382,0.7984941661357879,-0.002458631992340088,0.166329887509346,nan,0.0,nan,0.0,0
17,200,5832,0.26869318181818186,2560,1.6078800439834595,0.40078125,0.7952058404684067,0.7935645014047623,0.27421875,0.4146122977137566,0.9171118617057801,0.03137257695198059,0.038375741243362425,0.699989116191864,0.800952798128128,0.00574695765972133,0.166329887509346,nan,0.0,nan,0.0,0
17,220,5852,0.26755681818181815,2560,1.638108777999878,0.381640625,0.7976539224386215,0.8040101528167725,0.2796875,0.41455654203891756,0.9206094354391098,0.03137257695198059,0.03968354612588883,0.7037900686264038,0.7984941661357879,0.0008402436971663985,0.166329887509346,nan,0.0,nan,0.0,0
17,240,5872,0.26642045454545454,2560,1.6138875782489777,0.380859375,0.797134855389595,0.7951207727193832,0.288671875,0.4195301830768585,0.9195788204669952,0.03137257695198059,0.04162102174013853,0.7046079069375992,0.7976539224386215,0.0005190670490264893,0.166329887509346,nan,0.0,nan,0.0,0
17,260,5892,0.2652840909090909,2560,1.6667307436466217,0.375390625,0.7975309461355209,0.7863034754991531,0.273828125,0.41321728378534317,0.9156812250614166,0.03137257695198059,0.03919228110462427,0.7007895022630691,0.7976539224386215,0.00012297630310065255,0.166329887509346,nan,0.0,nan,0.0,0
17,280,5912,0.26414772727272723,2560,1.6337113559246064,0.383984375,0.7907019585371018,0.8013415217399598,0.282421875,0.418909540772438,0.9212660700082779,0.03137257695198059,0.0403835978358984,0.7026805013418198,0.7975309461355209,0.006828987598419101,0.166329887509346,nan,0.0,nan,0.0,0
17,300,5932,0.2630113636363636,2560,1.6196528792381286,0.38203125,0.7954734355211258,0.7949539363384247,0.281640625,0.4262626141309738,0.9207505762577057,0.03137257695198059,0.040045945160090926,0.7037492752075195,0.797134855389595,0.0016614198684692383,0.166329887509346,nan,0.0,nan,0.0,0
17,320,5952,0.26187499999999997,2560,1.6644089698791504,0.3578125,0.803345799446106,0.7990304470062256,0.313671875,0.40694659650325776,0.9240499019622803,0.03137257695198059,0.041663719713687895,0.7054845005273819,0.797134855389595,-0.006210944056510903,0.166329887509346,nan,0.0,nan,0.0,0
17,340,5972,0.26073863636363637,2560,1.6154095828533173,0.3765625,0.7914570271968842,0.7957059413194656,0.30234375,0.42564014345407486,0.9175716608762741,0.03137257695198059,0.043281824141740796,0.709160539507866,0.797134855389595,0.005677828192710899,0.166329887509346,nan,0.0,nan,0.0,0
17,352,5984,0.2600568181818182,1480,1.6923801808743864,0.35405405453733496,0.7864371786246429,0.7924851072801126,0.3047297303741043,0.44874601927963464,0.9222891839774879,0.031372576770750255,0.03663496101224745,0.6953270966942245,0.7954734355211258,0.009036256896482908,0.166329887509346,nan,0.0,nan,0.0,0
18,20,6004,0.25892045454545454,2560,1.6175803899765016,0.38828125,0.8077481389045715,0.8085632532835006,0.299609375,0.4073964461684227,0.9250339686870575,0.03137257695198059,0.03664657175540924,0.6936188250780105,0.7914570271968842,-0.016291111707687378,0.166329887509346,nan,0.0,nan,0.0,0
18,40,6024,0.25778409090909093,2560,1.6209398627281189,0.38984375,0.7730304539203644,0.7805970728397369,0.29765625,0.44822807759046557,0.9146841824054718,0.03137257695198059,0.03644302971661091,0.6915556371212006,0.7954734355211258,0.022442981600761414,0.166329887509346,nan,0.0,nan,0.0,0
18,60,6044,0.2566477272727273,2560,1.6171169459819794,0.386328125,0.7948886603116989,0.8003021448850631,0.288671875,0.4261262729763985,0.9193308740854264,0.03137257695198059,0.0381200423464179,0.6979137420654297,0.7914570271968842,-0.0034316331148147583,0.166329887509346,nan,0.0,nan,0.0,0
18,80,6064,0.2555113636363637,2560,1.64284148812294,0.381640625,0.8087636083364487,0.7947366267442704,0.28125,0.4085716500878334,0.9209086269140243,0.03137257695198059,0.039879496209323406,0.6997764408588409,0.7914570271968842,-0.017306581139564514,0.166329887509346,nan,0.0,nan,0.0,0
18,100,6084,0.25437499999999996,2560,1.591978245973587,0.39140625,0.7860498696565628,0.7897223353385925,0.2984375,0.4466905176639557,0.90971999168396,0.03137257695198059,0.03977165762335062,0.7036789417266845,0.7948886603116989,0.008838790655136153,0.166329887509346,nan,0.0,nan,0.0,0
18,120,6104,0.25323863636363636,2560,1.6212803065776824,0.387109375,0.7999062389135361,0.799115514755249,0.278515625,0.42422927767038343,0.9150745570659637,0.03137257695198059,0.03967526741325855,0.7009976118803024,0.7948886603116989,-0.005017578601837158,0.166329887509346,nan,0.0,nan,0.0,0
18,140,6124,0.2521022727272727,2560,1.6285988748073579,0.369921875,0.8028074681758881,0.8008772701025009,0.284765625,0.3947530031204224,0.9216653376817703,0.03137257695198059,0.037658306397497655,0.6953751593828201,0.7948886603116989,-0.007918807864189192,0.166329887509346,nan,0.0,nan,0.0,0
18,160,6144,0.2509659090909091,2560,1.616985934972763,0.380078125,0.7768754214048386,0.7807960689067841,0.29375,0.432244148850441,0.9182809382677078,0.03137257695198059,0.03888408727943897,0.6993955880403518,0.7999062389135361,0.02303081750869751,0.166329887509346,nan,0.0,nan,0.0,0
18,180,6164,0.24982954545454544,2560,1.5897436618804932,0.404296875,0.8077713459730148,0.8059625118970871,0.27890625,0.4173046886920929,0.9248350977897644,0.03137257695198059,0.04037087429314852,0.7040773779153824,0.7999062389135361,-0.007865107059478738,0.166329887509346,nan,0.0,nan,0.0,0
18,200,6184,0.24869318181818179,2560,1.6353572607040405,0.379296875,0.7939362853765488,0.7998855739831925,0.283984375,0.421408574283123,0.9179601281881332,0.03137257695198059,0.04310961961746216,0.7120314389467239,0.7999062389135361,0.00596995353698726,0.166329887509346,nan,0.0,nan,0.0,0
18,220,6204,0.24755681818181818,2560,1.6192981600761414,0.376953125,0.7946876078844071,0.7953532069921494,0.294921875,0.401890929043293,0.91833675801754,0.03137257695198059,0.040766076371073726,0.7017548203468322,0.7999062389135361,0.005218631029129006,0.166329887509346,nan,0.0,nan,0.0,0
18,240,6224,0.2464204545454545,2560,1.5976251304149627,0.376953125,0.7863264441490173,0.7931036800146103,0.287109375,0.42323406636714933,0.9200840204954147,0.03137257695198059,0.04351480156183243,0.7108253687620163,0.7946876078844071,0.008361163735389754,0.166329887509346,nan,0.0,nan,0.0,0
18,260,6244,0.2452840909090909,2560,1.5874495327472686,0.4015625,0.7908242762088775,0.7960008233785629,0.28203125,0.4208819389343262,0.9189649164676666,0.03137257695198059,0.04014098290354014,0.7030434906482697,0.7939362853765488,0.0031120091676712924,0.166329887509346,nan,0.0,nan,0.0,0
18,280,6264,0.24414772727272724,2560,1.640591311454773,0.368359375,0.7845076441764831,0.7911140650510788,0.297265625,0.41690615713596346,0.924830773472786,0.03137257695198059,0.04059174321591854,0.7002461135387421,0.7939362853765488,0.009428641200065702,0.166329887509346,nan,0.0,nan,0.0,0
18,300,6284,0.24301136363636364,2560,1.6144374191761017,0.383203125,0.8064557105302811,0.7977539300918579,0.287109375,0.41006870418787,0.9173474758863449,0.03137257695198059,0.040176266245543955,0.7045888274908065,0.7908242762088775,-0.01563143432140357,0.166329887509346,nan,0.0,nan,0.0,0
18,320,6304,0.24187499999999995,2560,1.6346939861774445,0.367578125,0.8064446210861206,0.7980226010084153,0.305859375,0.4146192595362663,0.92743621468544,0.03137257695198059,0.04618233051151037,0.7142055869102478,0.7908242762088775,-0.015620344877243064,0.166329887509346,nan,0.0,nan,0.0,0
18,340,6324,0.24073863636363635,2560,1.604029619693756,0.371484375,0.7935146033763886,0.7899176418781281,0.309765625,0.4205565437674522,0.9139470636844635,0.03137257695198059,0.042626241222023964,0.7101609319448471,0.7908242762088775,-0.002690327167511053,0.166329887509346,nan,0.0,nan,0.0,0
18,352,6336,0.2400568181818182,1480,1.592101534637245,0.40945946026492763,0.7884802389789272,0.7873135125314867,0.2675675679703017,0.4165281793555698,0.9152009587030153,0.03137257695198059,0.03812705222013835,0.696874665891802,0.7935146033763886,0.0050343643974614105,0.166329887509346,nan,0.0,nan,0.0,0
19,20,6356,0.23892045454545452,2560,1.5976155936717986,0.3921875,0.7945033341646195,0.7981769770383835,0.280078125,0.40736819952726366,0.9232091456651688,0.03137257695198059,0.03755637491121888,0.6946547657251358,0.7935146033763886,-0.0009887307882309182,0.166329887509346,nan,0.0,nan,0.0,0
19,40,6376,0.23778409090909092,2560,1.579421830177307,0.389453125,0.771568438410759,0.7850076258182526,0.31328125,0.4521256312727928,0.9196040004491806,0.03137257695198059,0.03873366955667734,0.698306742310524,0.7945033341646195,0.02293489575386054,0.166329887509346,nan,0.0,nan,0.0,0
19,60,6396,0.23664772727272726,2560,1.6058574080467225,0.391015625,0.8048812419176101,0.7955444574356079,0.28515625,0.3985679462552071,0.9197405695915222,0.03137257695198059,0.0418584456667304,0.7083026200532914,0.7935146033763886,-0.011366638541221552,0.166329887509346,nan,0.0,nan,0.0,0
19,80,6416,0.23551136363636366,2560,1.5351551830768586,0.40703125,0.7854887843132019,0.7950179010629654,0.311328125,0.43993602991104125,0.9145073115825653,0.03137257695198059,0.03791764266788959,0.6959269404411316,0.7935146033763886,0.008025819063186668,0.166329887509346,nan,0.0,nan,0.0,0
19,100,6436,0.234375,2560,1.6145246088504792,0.385546875,0.7947896957397461,0.7964821040630341,0.301953125,0.43000040352344515,0.925973403453827,0.03137257695198059,0.04144999850541353,0.7052381724119187,0.7884802389789272,-0.0063094567608189545,0.166329887509346,nan,0.0,nan,0.0,0
19,120,6456,0.23323863636363631,2560,1.5923993170261384,0.4015625,0.7796651810407639,0.783819603919983,0.296875,0.4321593254804611,0.9231919795274734,0.03137257695198059,0.0399698069319129,0.702971950173378,0.7945033341646195,0.014838153123855613,0.166329887509346,nan,0.0,nan,0.0,0
19,140,6476,0.2321022727272727,2560,1.590253734588623,0.391796875,0.7798674196004868,0.7932173609733582,0.300390625,0.43202200829982756,0.9157241970300675,0.03137257695198059,0.03782628886401653,0.6969693452119827,0.7854887843132019,0.005621364712715127,0.166329887509346,nan,0.0,nan,0.0,0
19,160,6496,0.23096590909090906,2560,1.5839519739151,0.401953125,0.795170572400093,0.7904050409793854,0.279296875,0.4128164678812027,0.922137725353241,0.03137257695198059,0.04052550308406353,0.7050410509109497,0.7854887843132019,-0.00968178808689113,0.166329887509346,nan,0.0,nan,0.0,0
19,180,6516,0.22982954545454545,2560,1.5863319218158722,0.393359375,0.7923519760370255,0.7926047176122666,0.28671875,0.44836302399635314,0.9145960658788681,0.03137257695198059,0.03760690931230783,0.6974391072988511,0.7854887843132019,-0.006863191723823547,0.166329887509346,nan,0.0,nan,0.0,0
19,200,6536,0.22869318181818177,2560,1.634521669149399,0.36484375,0.7862991243600845,0.7912721186876297,0.305078125,0.41505589336156845,0.9210959285497665,0.03137257695198059,0.03782442640513182,0.6974609613418579,0.7923519760370255,0.006052851676940918,0.166329887509346,nan,0.0,nan,0.0,0
19,220,6556,0.22755681818181817,2560,1.5645762145519257,0.410546875,0.7819641649723053,0.7871620386838913,0.26171875,0.4127394765615463,0.9219207972288131,0.03137257695198059,0.034642720222473146,0.6887899488210678,0.7862991243600845,0.00433495938777928,0.166329887509346,nan,0.0,nan,0.0,0
19,240,6576,0.2264204545454545,2560,1.5897018253803252,0.3859375,0.7874145090579987,0.7845551997423172,0.29296875,0.44269274473190307,0.9152041345834732,0.03137257695198059,0.03972686249762773,0.700152862071991,0.7862991243600845,-0.001115384697914168,0.166329887509346,nan,0.0,nan,0.0,0
19,260,6596,0.2252840909090909,2560,1.5984666883945464,0.394140625,0.785527229309082,0.792252367734909,0.290234375,0.4267541766166687,0.9199713587760925,0.03137257695198059,0.038137126713991165,0.6970641165971756,0.7874145090579987,0.0018872797489166704,0.166329887509346,nan,0.0,nan,0.0,0
19,280,6616,0.22414772727272725,2560,1.5828696608543396,0.3890625,0.7961064070463181,0.7948676019906997,0.28828125,0.42202709764242174,0.9221465021371842,0.03137257695198059,0.03849657066166401,0.700618463754654,0.7862991243600845,-0.009807282686233543,0.166329887509346,nan,0.0,nan,0.0,0
19,300,6636,0.22301136363636365,2560,1.5973551452159882,0.40390625,0.8090032994747162,0.800418746471405,0.271484375,0.4018010154366493,0.9284858852624893,0.03137257695198059,0.03779092188924551,0.697241199016571,0.7862991243600845,-0.02270417511463163,0.166329887509346,nan,0.0,nan,0.0,0
19,320,6656,0.22187499999999996,2560,1.583523803949356,0.39453125,0.777394762635231,0.7882492274045945,0.288671875,0.4394254684448242,0.9119411587715149,0.03137257695198059,0.039903591573238376,0.7006358802318573,0.7874145090579987,0.010019746422767706,0.166329887509346,nan,0.0,nan,0.0,0
19,340,6676,0.22073863636363636,2560,1.5838597774505616,0.40078125,0.7738336592912674,0.7838694453239441,0.3,0.4421975702047348,0.9119749903678894,0.03137257695198059,0.038480335380882025,0.7002029627561569,0.7874145090579987,0.013580849766731351,0.166329887509346,nan,0.0,nan,0.0,0
19,352,6688,0.22005681818181821,1480,1.554016554033434,0.4182432442098051,0.7801646512907905,0.797792191763182,0.28378378378378377,0.43808191466975854,0.9218743530479637,0.03137257695198059,0.03993297857609955,0.7054875496271494,0.785527229309082,0.005362578018291542,0.166329887509346,nan,0.0,nan,0.0,0
20,20,6708,0.21892045454545453,2560,1.5429383099079133,0.40703125,0.7746322721242904,0.7875792413949967,0.292578125,0.43643849343061447,0.9278946101665497,0.03137257695198059,0.03971553035080433,0.700058177113533,0.7801646512907905,0.005532379166500068,0.166329887509346,nan,0.0,nan,0.0,0
20,40,6728,0.21778409090909087,2560,1.5662995398044586,0.409765625,0.7868012070655823,0.7975228756666184,0.294921875,0.42072478085756304,0.9154308527708054,0.03137257695198059,0.036144578456878663,0.6920563668012619,0.777394762635231,-0.009406444430351324,0.166329887509346,nan,0.0,nan,0.0,0
20,60,6748,0.21664772727272727,2560,1.5647356510162354,0.39609375,0.7788696348667145,0.785121300816536,0.3046875,0.42718280106782913,0.9228581935167313,0.03137257695198059,0.036299509555101396,0.6906688630580902,0.777394762635231,-0.0014748722314834595,0.166329887509346,nan,0.0,nan,0.0,0
20,80,6768,0.2155113636363636,2560,1.5817981123924256,0.397265625,0.7884157806634903,0.7925387233495712,0.290625,0.4333243802189827,0.9206250756978989,0.03137257695198059,0.04113257955759764,0.706089049577713,0.7788696348667145,-0.009546145796775818,0.166329887509346,nan,0.0,nan,0.0,0
20,100,6788,0.214375,2560,1.574175053834915,0.398046875,0.7778949171304703,0.7820439815521241,0.2796875,0.420996655523777,0.9183201044797897,0.03137257695198059,0.03758723195642233,0.6958095014095307,0.7801646512907905,0.0022697341603201693,0.166329887509346,nan,0.0,nan,0.0,0
20,120,6808,0.21323863636363632,2560,1.5669562995433808,0.421875,0.7854132562875747,0.7918650537729264,0.2890625,0.4311576083302498,0.9242805689573288,0.03137257695198059,0.03875176198780537,0.7000194996595382,0.7788696348667145,-0.0065436214208602905,0.166329887509346,nan,0.0,nan,0.0,0
20,140,6828,0.21210227272727272,2560,1.5746528208255768,0.39453125,0.7691713243722915,0.7826598048210144,0.30390625,0.43385291546583177,0.9165456295013428,0.03137257695198059,0.036847345903515814,0.6953646689653397,0.7854132562875747,0.016241931915283225,0.166329887509346,nan,0.0,nan,0.0,0
20,160,6848,0.21096590909090907,2560,1.5644254088401794,0.408203125,0.7803163439035415,0.7895982295274735,0.295703125,0.4334883809089661,0.9176054865121841,0.03137257695198059,0.0402354909107089,0.7003078460693359,0.7788696348667145,-0.0014467090368270874,0.166329887509346,nan,0.0,nan,0.0,0
20,180,6868,0.20982954545454546,2560,1.5728884875774383,0.407421875,0.7955943942070007,0.7910464107990265,0.276953125,0.42106751203536985,0.9203356683254242,0.03137257695198059,0.038388725370168686,0.6988133400678634,0.7803163439035415,-0.01527805030345919,0.166329887509346,nan,0.0,nan,0.0,0
20,200,6888,0.20869318181818178,2560,1.5862344920635223,0.3921875,0.7725084096193313,0.7900736689567566,0.30078125,0.4292581170797348,0.9185374140739441,0.03137257695198059,0.03893181625753641,0.6990562170743942,0.7803163439035415,0.007807934284210227,0.166329887509346,nan,0.0,nan,0.0,0
20,220,6908,0.20755681818181818,2560,1.5255705654621123,0.415234375,0.774235463142395,0.7889376550912857,0.293359375,0.41927328407764436,0.9112713068723679,0.03137257695198059,0.03542844206094742,0.6902429729700088,0.7803163439035415,0.006080880761146545,0.166329887509346,nan,0.0,nan,0.0,0
20,240,6928,0.20642045454545452,2560,1.5783755779266357,0.3875,0.7487931340932846,0.7799741297960281,0.30390625,0.4476565271615982,0.9188691645860672,0.03137257695198059,0.0381325863301754,0.6967465162277222,0.774235463142395,0.025442329049110368,0.166329887509346,nan,0.0,nan,0.0,0
20,260,6948,0.20528409090909092,2560,1.5609721899032594,0.41015625,0.7831204801797866,0.7913604944944381,0.286328125,0.4215470850467682,0.9259596735239028,0.03137257695198059,0.035924173425883055,0.6904577255249024,0.774235463142395,-0.00888501703739164,0.166329887509346,nan,0.0,nan,0.0,0
20,280,6968,0.20414772727272726,2560,1.5214805603027344,0.40703125,0.7809653997421264,0.7890955775976181,0.294921875,0.4326263427734375,0.9128402948379517,0.03137257695198059,0.04045915603637695,0.7036812633275986,0.774235463142395,-0.006729936599731423,0.166329887509346,nan,0.0,nan,0.0,0
20,300,6988,0.20301136363636366,2560,1.5498001873493195,0.4125,0.762156930565834,0.7738254815340042,0.29765625,0.4411253035068512,0.9152349025011063,0.03137257695198059,0.03791098734363914,0.6969481468200683,0.774235463142395,0.012078532576560996,0.166329887509346,nan,0.0,nan,0.0,0
20,320,7008,0.20187499999999997,2560,1.5724972784519196,0.398046875,0.7809816718101501,0.7872090876102448,0.2984375,0.4448064863681793,0.9179378658533096,0.03137257695198059,0.03670547734946013,0.6970422208309174,0.774235463142395,-0.006746208667755105,0.166329887509346,nan,0.0,nan,0.0,0
20,340,7028,0.20073863636363637,2560,1.5419820487499236,0.415625,0.7876027405261994,0.7921291500329971,0.28203125,0.43124029487371446,0.9216550350189209,0.03137257695198059,0.036415945738554,0.693762543797493,0.7809653997421264,-0.006637340784072965,0.166329887509346,nan,0.0,nan,0.0,0
20,352,7040,0.20005681818181814,1480,1.603813217137311,0.4060810814032684,0.7870062351226806,0.7911311191481513,0.2871621628065367,0.4499798239888372,0.9149946502737096,0.03137257695198059,0.03689237210798908,0.6967011290627557,0.7809816718101501,-0.00602456331253054,0.166329887509346,nan,0.0,nan,0.0,0
21,20,7060,0.19892045454545454,2560,1.545822513103485,0.40078125,0.7719328761100769,0.7932656764984131,0.296875,0.4293845906853676,0.9204844444990158,0.03137257695198059,0.037429044395685195,0.6958808809518814,0.7809816718101501,0.00904879570007322,0.166329887509346,nan,0.0,nan,0.0,0
21,40,7080,0.19778409090909088,2560,1.5470507860183715,0.41953125,0.7869437336921692,0.7893641352653503,0.27578125,0.4313514485955238,0.9181700617074966,0.03137257695198059,0.03925127871334553,0.7017997920513153,0.7809816718101501,-0.005962061882019087,0.166329887509346,nan,0.0,nan,0.0,0
21,60,7100,0.19664772727272728,2560,1.519055050611496,0.42890625,0.7716068655252457,0.7862025111913681,0.282421875,0.4357278883457184,0.9165900141000748,0.03137257695198059,0.03551335483789444,0.689135617017746,0.7869437336921692,0.015336868166923479,0.166329887509346,nan,0.0,nan,0.0,0
21,80,7120,0.1955113636363636,2560,1.5564401745796204,0.398046875,0.766400346159935,0.7862578213214875,0.293359375,0.4393292024731636,0.9194442927837372,0.03137257695198059,0.037605850212275985,0.6957951933145523,0.7869437336921692,0.02054338753223417,0.166329887509346,nan,0.0,nan,0.0,0
21,100,7140,0.194375,2560,1.5417714834213256,0.421484375,0.7668311983346939,0.7812646508216858,0.287109375,0.43975463658571246,0.9217618495225907,0.03137257695198059,0.03926025368273258,0.700999990105629,0.7719328761100769,0.005101677775382951,0.166329887509346,nan,0.0,nan,0.0,0
21,120,7160,0.19323863636363633,2560,1.5123584628105164,0.416796875,0.765241539478302,0.7771321803331375,0.283984375,0.4427061975002289,0.9147463649511337,0.03137257695198059,0.035655736736953256,0.6909410774707794,0.7716068655252457,0.006365326046943731,0.166329887509346,nan,0.0,nan,0.0,0
21,140,7180,0.19210227272727273,2560,1.574238508939743,0.4078125,0.7889869898557663,0.7885269403457642,0.287109375,0.4134755596518517,0.9212382197380066,0.03137257695198059,0.03735690768808127,0.6981695234775543,0.7668311983346939,-0.022155791521072388,0.166329887509346,nan,0.0,nan,0.0,0
21,160,7200,0.19096590909090908,2560,1.5346857905387878,0.42265625,0.7639968484640122,0.7809250086545945,0.294921875,0.43977153599262236,0.9270054042339325,0.03137257695198059,0.040011953003704546,0.7024947077035903,0.7668311983346939,0.0028343498706817627,0.166329887509346,nan,0.0,nan,0.0,0
21,180,7220,0.18982954545454547,2560,1.5732613801956177,0.405078125,0.7693400263786316,0.7803741604089737,0.28515625,0.4417366936802864,0.9196398615837097,0.03137257695198059,0.03871293142437935,0.6994361191987991,0.766400346159935,-0.0029396802186966164,0.166329887509346,nan,0.0,nan,0.0,0
21,200,7240,0.1886931818181818,2560,1.5231681406497954,0.420703125,0.782228147983551,0.7761818200349808,0.278515625,0.4130746483802795,0.9206892907619476,0.03137257695198059,0.03583817705512047,0.6909811943769455,0.7668311983346939,-0.015396949648857072,0.166329887509346,nan,0.0,nan,0.0,0
21,220,7260,0.18755681818181819,2560,1.5380191802978516,0.41796875,0.7679410666227341,0.779955443739891,0.2890625,0.45619219094514846,0.9144868403673172,0.03137257695198059,0.0353071466088295,0.6902250587940216,0.7693400263786316,0.0013989597558975442,0.166329887509346,nan,0.0,nan,0.0,0
21,240,7280,0.18642045454545453,2560,1.5713950395584106,0.390625,0.7741204619407653,0.7877996087074279,0.301953125,0.4271950662136078,0.9186221033334732,0.03137257695198059,0.03472159216180444,0.68895725607872,0.7693400263786316,-0.0047804355621337,0.166329887509346,nan,0.0,nan,0.0,0
21,260,7300,0.18528409090909093,2560,1.5036194622516632,0.42421875,0.7608684837818146,0.7750969231128693,0.305078125,0.45140445083379743,0.915634936094284,0.03137257695198059,0.03721763025969267,0.6977853268384934,0.7693400263786316,0.008471542596817039,0.166329887509346,nan,0.0,nan,0.0,0
21,280,7320,0.18414772727272724,2560,1.5602623522281647,0.394921875,0.7614580184221268,0.7752756953239441,0.2703125,0.42038610875606536,0.9127239406108856,0.03137257695198059,0.03427642099559307,0.6869659304618836,0.7693400263786316,0.007882007956504844,0.166329887509346,nan,0.0,nan,0.0,0
21,300,7340,0.18301136363636364,2560,1.4951721668243407,0.43671875,0.7779974460601806,0.7804452478885651,0.271484375,0.4139185518026352,0.9195767939090729,0.03137257695198059,0.03411450441926718,0.6864787012338638,0.7679410666227341,-0.010056379437446528,0.166329887509346,nan,0.0,nan,0.0,0
21,320,7360,0.18187499999999998,2560,1.5278370797634124,0.4125,0.7579997718334198,0.7786537349224091,0.296484375,0.44084310680627825,0.9214241176843643,0.03137257695198059,0.03840328827500343,0.6970394134521485,0.7679410666227341,0.00994129478931427,0.166329887509346,nan,0.0,nan,0.0,0
21,340,7380,0.18073863636363638,2560,1.5466005623340606,0.410546875,0.7706255942583085,0.7836101680994034,0.286328125,0.4387892633676529,0.9111718654632568,0.03137257695198059,0.03629992362111807,0.6927907198667527,0.7614580184221268,-0.009167575836181663,0.166329887509346,nan,0.0,nan,0.0,0
21,352,7392,0.18005681818181815,1480,1.5280966049916036,0.4135135130302326,0.7420786048914935,0.7763603861267502,0.316891891408611,0.44319698955561665,0.9174382535186973,0.031372576770750255,0.0343364860963177,0.6897839639637922,0.7614580184221268,0.019379413530633327,0.166329887509346,nan,0.0,nan,0.0,0
22,20,7412,0.17892045454545455,2560,1.52084282040596,0.409375,0.764660096168518,0.7816300928592682,0.309375,0.4336912989616394,0.9106676995754241,0.03137257695198059,0.036205052584409717,0.6930400967597962,0.7614580184221268,-0.003202077746391252,0.166329887509346,nan,0.0,nan,0.0,0
22,40,7432,0.1777840909090909,2560,1.4850228548049926,0.429296875,0.7644274890422821,0.7714083611965179,0.2828125,0.4398780733346939,0.9137780696153641,0.03137257695198059,0.03748198598623276,0.6958317786455155,0.764660096168518,0.00023260712623596191,0.166329887509346,nan,0.0,nan,0.0,0
22,60,7452,0.1766477272727273,2560,1.516051334142685,0.41953125,0.7616965144872665,0.7783521205186844,0.28515625,0.45727197229862215,0.9163630425930023,0.03137257695198059,0.03523019626736641,0.6908324420452118,0.7644274890422821,0.002730974555015586,0.166329887509346,nan,0.0,nan,0.0,0
22,80,7472,0.1755113636363636,2560,1.5392606198787688,0.428125,0.7594343215227127,0.7801328241825104,0.276171875,0.42313842922449113,0.9157473504543304,0.03137257695198059,0.03386042509227991,0.6853375285863876,0.7644274890422821,0.0049931675195693526,0.166329887509346,nan,0.0,nan,0.0,0
22,100,7492,0.174375,2560,1.5063534379005432,0.4265625,0.7594824939966202,0.7764019221067429,0.299609375,0.4455255478620529,0.9224849939346313,0.03137257695198059,0.033182611037045714,0.6842714607715606,0.7616965144872665,0.00221402049064634,0.166329887509346,nan,0.0,nan,0.0,0
22,120,7512,0.17323863636363634,2560,1.4705965995788575,0.430859375,0.7523757845163346,0.7653639703989029,0.304296875,0.44826514422893526,0.9222971737384796,0.03137257695198059,0.033601764030754565,0.6865213990211487,0.7616965144872665,0.009320729970931918,0.166329887509346,nan,0.0,nan,0.0,0
22,140,7532,0.17210227272727274,2560,1.5416446506977082,0.405859375,0.7582328498363495,0.7761240869760513,0.287109375,0.43820204585790634,0.9143894433975219,0.03137257695198059,0.03634749352931976,0.6944531112909317,0.7594824939966202,0.0012496441602706243,0.166329887509346,nan,0.0,nan,0.0,0
22,160,7552,0.17096590909090906,2560,1.5032020330429077,0.430859375,0.744498896598816,0.7755006313323974,0.2921875,0.4401199668645859,0.9193144708871841,0.03137257695198059,0.03438895754516125,0.6878778755664825,0.7594343215227127,0.014935424923896767,0.166329887509346,nan,0.0,nan,0.0,0
22,180,7572,0.16982954545454546,2560,1.5173430502414704,0.421875,0.735767874121666,0.7656946986913681,0.308984375,0.44771334528923035,0.9190849512815475,0.03137257695198059,0.034063856676220895,0.6853385657072067,0.7582328498363495,0.022464975714683533,0.166329887509346,nan,0.0,nan,0.0,0
22,200,7592,0.1686931818181818,2560,1.5043985009193421,0.418359375,0.7466366738080978,0.7728473842144012,0.2953125,0.44393324851989746,0.913040816783905,0.03137257695198059,0.03569289492443204,0.6925558865070343,0.7523757845163346,0.005739110708236739,0.166329887509346,nan,0.0,nan,0.0,0
22,220,7612,0.1675568181818182,2560,1.540008360147476,0.423046875,0.7449917614459991,0.7726131707429886,0.274609375,0.41786992847919463,0.9233711451292038,0.03137257695198059,0.03330505434423685,0.6856422930955887,0.7466366738080978,0.0016449123620987383,0.166329887509346,nan,0.0,nan,0.0,0
22,240,7632,0.16642045454545454,2560,1.4946264386177064,0.4140625,0.7508709400892257,0.7747373133897781,0.32109375,0.4439052477478981,0.9154911249876022,0.03137257695198059,0.03451609890908003,0.6901742726564407,0.7449917614459991,-0.0058791786432266235,0.166329887509346,nan,0.0,nan,0.0,0
22,260,7652,0.16528409090909094,2560,1.5001983046531677,0.4296875,0.732376754283905,0.7706338465213776,0.27578125,0.43527532666921614,0.9189970910549163,0.03137257695198059,0.03291517607867718,0.6860255360603332,0.7449917614459991,0.012615007162094072,0.166329887509346,nan,0.0,nan,0.0,0
22,280,7672,0.16414772727272725,2560,1.4969430088996887,0.430078125,0.7470003515481949,0.7810643702745438,0.2984375,0.4582819312810898,0.9269522517919541,0.03137257695198059,0.034436532948166135,0.6883257478475571,0.7449917614459991,-0.002008590102195784,0.166329887509346,nan,0.0,nan,0.0,0
22,300,7692,0.16301136363636365,2560,1.5223589539527893,0.415625,0.7527880996465683,0.7756951868534088,0.300390625,0.432011279463768,0.9173663049936295,0.03137257695198059,0.037691235169768335,0.6977665096521377,0.7466366738080978,-0.006151425838470503,0.166329887509346,nan,0.0,nan,0.0,0
22,320,7712,0.161875,2560,1.5069588541984558,0.425390625,0.7488626718521119,0.7787211239337921,0.301953125,0.4400633439421654,0.9152164667844772,0.03137257695198059,0.03262307774275541,0.6838803142309189,0.7470003515481949,-0.0018623203039169756,0.166329887509346,nan,0.0,nan,0.0,0
22,340,7732,0.1607386363636364,2560,1.481513398885727,0.426171875,0.7290266662836075,0.7605547785758973,0.28984375,0.432018181681633,0.921492400765419,0.03137257695198059,0.03129330314695835,0.6759387999773026,0.7488626718521119,0.0198360055685044,0.166329887509346,nan,0.0,nan,0.0,0
22,352,7744,0.16005681818181816,1480,1.4716223065917555,0.4479729736173475,0.7361209808169185,0.7832222751668981,0.2716216222659962,0.43401661756876353,0.9138592968115935,0.03137257695198059,0.03128762097173446,0.6776293996218089,0.7470003515481949,0.010879370731276428,0.166329887509346,nan,0.0,nan,0.0,0
23,20,7764,0.15892045454545456,2560,1.5017993211746217,0.43359375,0.7057274609804154,0.7686622828245163,0.30078125,0.44753105789422987,0.9158212214708328,0.03137257695198059,0.03295856527984142,0.6863850980997086,0.7470003515481949,0.0412728905677795,0.166329887509346,nan,0.0,nan,0.0,0
23,40,7784,0.15778409090909087,2560,1.4589204609394073,0.4421875,0.6961706191301346,0.7531316310167313,0.273046875,0.42217653095722196,0.9169755488634109,0.03137257695198059,0.029979977291077375,0.6736034065485,0.7361209808169185,0.0399503616867839,0.166329887509346,nan,0.0,nan,0.0,0
23,60,7804,0.15664772727272727,2560,1.4829381942749023,0.440625,0.6393776565790177,0.752891817688942,0.27890625,0.4386086523532867,0.9234166622161866,0.03137257695198059,0.026889799162745476,0.6625896096229553,0.7290266662836075,0.08964900970458978,0.166329887509346,nan,0.0,nan,0.0,0
23,80,7824,0.15551136363636361,2560,1.4391093730926514,0.45,0.6617064207792283,0.758183690905571,0.287109375,0.4475677698850632,0.92229845225811,0.03137257695198059,0.0329412798397243,0.6815454185009002,0.7057274609804154,0.044021040201187134,0.166329887509346,nan,0.0,nan,0.0,0
23,100,7844,0.154375,2560,1.511499273777008,0.421484375,0.6984340965747833,0.7630642086267472,0.30859375,0.4418721988797188,0.916804650425911,0.03137257695198059,0.03419023156166077,0.6897943049669266,0.6961706191301346,-0.0022634774446487205,0.166329887509346,nan,0.0,nan,0.0,0
23,120,7864,0.15323863636363635,2560,1.4164500474929809,0.459375,0.5572559252381325,0.7428842097520828,0.26640625,0.40729371160268785,0.9220769435167313,0.03137257695198059,0.02445801757276058,0.6567822009325027,0.6961706191301346,0.13891469389200206,0.166329887509346,nan,0.0,nan,0.0,0
23,140,7884,0.15210227272727275,2560,1.3076738178730012,0.50390625,0.17323877923190595,0.6421510249376297,0.2171875,0.3413489446043968,0.9227892756462097,0.03137257695198059,0.021604730188846587,0.6269361495971679,0.6617064207792283,0.4884676415473223,0.166329887509346,nan,0.0,nan,0.0,1
23,160,7904,0.15096590909090907,2560,1.33038831949234,0.48671875,0.2807898227125406,0.6456656366586685,0.237109375,0.3996295765042305,0.9233431667089462,0.03137257695198059,0.04201141260564327,0.7061284244060516,0.6393776565790177,0.3585878338664771,0.166329887509346,nan,0.0,nan,0.0,1
23,180,7924,0.14982954545454547,2560,1.3365921914577483,0.49296875,0.24899917840957642,0.6581616878509522,0.219140625,0.3283663272857666,0.9266793757677079,0.03137257695198059,0.036104634311050175,0.6874617993831634,0.5572559252381325,0.3082567468285561,0.166329887509346,nan,0.0,nan,0.0,1
23,200,7944,0.1486931818181818,2560,1.0674745321273804,0.609375,0.04946043728850782,0.5749684780836105,0.165625,0.21455451399087905,0.9127177178859711,0.03137257695198059,0.029993144050240516,0.6680513769388199,0.2807898227125406,0.23132938542403278,0.166329887509346,nan,0.0,nan,0.0,1
23,220,7964,0.1475568181818182,2560,1.145210435986519,0.569140625,0.0355149187380448,0.5652028560638428,0.1890625,0.27178287841379645,0.9122879207134247,0.03137257695198059,0.031004491727799177,0.6714120924472808,0.24899917840957642,0.21348425967153162,0.166329887509346,nan,0.0,nan,0.0,1
23,240,7984,0.14642045454545452,2560,1.1441366314888,0.590625,0.048545850720256564,0.5600423336029052,0.16640625,0.22314522452652455,0.9118802517652511,0.03137257695198059,0.042361268773674965,0.703694897890091,0.17323877923190595,0.12469292851164938,0.166329887509346,nan,0.0,nan,0.0,0
23,260,8004,0.14528409090909092,2560,1.0344269007444382,0.6203125,0.051349774072878066,0.5371170222759247,0.135546875,0.17370279207825662,0.9152862787246704,0.03137257695198059,0.05428240206092596,0.7302064567804336,0.04946043728850782,-0.0018893367843702477,0.166329887509346,nan,0.0,nan,0.0,0
23,280,8024,0.14414772727272726,2560,0.9704067915678024,0.64765625,0.04751347808633,0.5283017680048943,0.124609375,0.16323760561645032,0.9153667628765106,0.03137257695198059,0.04610434826463461,0.7172835797071457,0.04946043728850782,0.0019469592021778212,0.166329887509346,nan,0.0,nan,0.0,0
23,300,8044,0.14301136363636366,2560,0.919538015127182,0.665625,0.03118717500474304,0.5179104030132293,0.12265625,0.15020657517015934,0.9146927088499069,0.03137257695198059,0.05117588043212891,0.7264611840248107,0.048545850720256564,0.017358675715513524,0.166329887509346,nan,0.0,nan,0.0,0
23,320,8064,0.141875,2560,0.9656963437795639,0.651171875,0.022345413104631007,0.5181841745972633,0.12421875,0.135185157507658,0.9128668695688248,0.03137257695198059,0.04974997043609619,0.7250583916902542,0.04751347808633,0.02516806498169899,0.166329887509346,nan,0.0,nan,0.0,0
23,340,8084,0.1407386363636364,2560,0.9009392648935318,0.673828125,0.03582470025867224,0.521130645275116,0.1296875,0.16146447844803333,0.9145169734954834,0.03137257695198059,0.04851344395428896,0.7230266541242599,0.04751347808633,0.01168877782765776,0.166329887509346,nan,0.0,nan,0.0,0
23,352,8096,0.14005681818181817,1480,0.9663136356585734,0.6594594604260212,0.020829631871468312,0.5177785145269858,0.14932432448541796,0.18555747318912197,0.9170801910194191,0.03137257695198059,0.04579403849469649,0.7146722593822995,0.03582470025867224,0.014995068387203925,0.166329887509346,nan,0.0,nan,0.0,0
