epoch,batch,global_step,lr,window_samples,train_adv_loss,train_adv_acc,free_gradient_cosine,free_gradient_sign_agreement,free_prediction_disagreement,free_attack_loss_gain,free_boundary_fraction,free_delta_linf,control_gradient_participation_ratio,control_gradient_entropy,detector_baseline,detector_score,detector_threshold,detector_pgd10_acc,detector_seconds,observer_pgd10_acc,observer_pgd10_seconds,intervention_triggered
1,20,20,0.0010795454545454546,2560,3.1606895446777346,0.000390625,-0.009602233720943331,0.4908724561333656,0.35625,0.8363435059785843,0.9156723231077194,0.03137257695198059,0.24538109749555587,0.884708434343338,nan,nan,0.16632988750934596,nan,0.0,nan,0.0,0
1,40,40,0.002215909090909091,2560,2.874406433105469,0.0,-0.01026952664833516,0.49159686714410783,0.45703125,0.6434276610612869,0.9151925593614578,0.03137257695198059,0.23377097100019456,0.880657309293747,nan,nan,0.16632988750934596,nan,0.0,nan,0.0,0
1,60,60,0.0033522727272727276,2560,2.594039058685303,0.0125,-0.0061520316638052465,0.4934841260313988,0.351171875,0.43117233365774155,0.914847332239151,0.03137257695198059,0.2132827840745449,0.8731050014495849,nan,nan,0.16632988750934596,nan,0.0,nan,0.0,0
1,80,80,0.004488636363636363,2560,2.415193557739258,0.073828125,0.006405038340017199,0.49628283977508547,0.219140625,0.2862666204571724,0.9159407466650009,0.03137257695198059,0.20716776996850966,0.8702641576528549,-0.009602233720943331,-0.01600727206096053,0.16632988750934596,nan,0.0,nan,0.0,0
1,100,100,0.005625,2560,2.3013054609298704,0.11875,0.037307217717170715,0.5018882900476456,0.23984375,0.2287063404917717,0.9160021632909775,0.03137257695198059,0.21374944671988488,0.8732295870780945,-0.007877132692374288,-0.04518435040954501,0.16632988750934596,nan,0.0,0.0546875,0.38109670000267215,0
1,120,120,0.006761363636363636,2560,2.2755684852600098,0.1296875,0.08205432072281837,0.5094272822141648,0.203515625,0.208475923538208,0.9156336694955826,0.03137257695198059,0.20794845893979072,0.870916149020195,-0.0061520316638052465,-0.08820635238662362,0.16632988750934596,nan,0.0,nan,0.0,0
1,140,140,0.007897727272727272,2560,2.237937355041504,0.151171875,0.13803418390452862,0.5216157466173172,0.20546875,0.18321235179901124,0.9162442654371261,0.03137257695198059,0.20511095374822616,0.8696953594684601,0.006405038340017199,-0.1316291455645114,0.16632988750934596,nan,0.0,nan,0.0,0
1,160,160,0.009034090909090908,2560,2.228733503818512,0.14921875,0.1985373891890049,0.5332885950803756,0.228515625,0.16746146604418755,0.9143493860960007,0.03137257695198059,0.19705641642212868,0.8662454575300217,0.037307217717170715,-0.1612301714718342,0.16632988750934596,nan,0.0,nan,0.0,0
1,180,180,0.010170454545454547,2560,2.207426977157593,0.16796875,0.28410970196127894,0.5529074549674988,0.196484375,0.17412234246730804,0.9131502985954285,0.03137257695198059,0.18799702152609826,0.8614235132932663,0.08205432072281837,-0.20205538123846056,0.16632988750934596,nan,0.0,nan,0.0,0
1,200,200,0.011306818181818182,2560,2.2239755153656007,0.162890625,0.33775297105312346,0.5652504205703736,0.179296875,0.16789054796099662,0.9143473476171493,0.03137257695198059,0.17705332785844802,0.855791586637497,0.13803418390452862,-0.19971878714859484,0.16632988750934596,nan,0.0,0.1796875,0.37982619999093004,0
1,220,220,0.012443181818181819,2560,2.2128494024276733,0.156640625,0.39890022575855255,0.582654458284378,0.190625,0.17335089072585105,0.9137737512588501,0.03137257695198059,0.169020127505064,0.8511350154876709,0.1985373891890049,-0.20036283656954765,0.16632988750934596,nan,0.0,nan,0.0,0
1,240,240,0.013579545454545454,2560,2.16092472076416,0.1921875,0.4583988547325134,0.5985667169094085,0.189453125,0.1769981153309345,0.9147010982036591,0.03137257695198059,0.1562886856496334,0.8435206443071366,0.28410970196127894,-0.17428915277123447,0.16632988750934596,nan,0.0,nan,0.0,0
1,260,260,0.014715909090909089,2560,2.1580749988555907,0.173046875,0.49009583294391634,0.6111278802156448,0.18203125,0.17982593700289726,0.9122894525527954,0.03137257695198059,0.14840434566140176,0.8383635520935059,0.33775297105312346,-0.15234286189079288,0.16632988750934596,nan,0.0,nan,0.0,0
1,280,280,0.015852272727272725,2560,2.139080858230591,0.198828125,0.5411686494946479,0.6218834072351456,0.164453125,0.1862015940248966,0.9144250452518463,0.03137257695198059,0.1349340260028839,0.828626474738121,0.39890022575855255,-0.14226842373609538,0.16632988750934596,nan,0.0,nan,0.0,0
1,300,300,0.016988636363636362,2560,2.1256189942359924,0.18671875,0.5299930304288865,0.6241127282381058,0.209375,0.1965715266764164,0.9135490626096725,0.03137257695198059,0.132439461350441,0.8274757593870163,0.4583988547325134,-0.07159417569637305,0.16632988750934596,nan,0.0,0.15625,0.3813254999986384,0
1,320,320,0.018125,2560,2.113292622566223,0.21328125,0.5531685948371887,0.6341696619987488,0.192578125,0.20332267954945565,0.9127978205680847,0.03137257695198059,0.1293250299990177,0.8240066170692444,0.49009583294391634,-0.06307276189327238,0.16632988750934596,nan,0.0,nan,0.0,0
1,340,340,0.019261363636363635,2560,2.1467117786407472,0.20625,0.7857230007648468,0.7355535060167313,0.185546875,0.22446258664131163,0.9114982813596726,0.03137257695198059,0.1086194459348917,0.7990790367126465,0.5299930304288865,-0.25572997033596034,0.16632988750934596,nan,0.0,nan,0.0,0
1,352,352,0.019943181818181818,1480,2.1431785415958715,0.18378378362269016,0.8352707021945232,0.7689598524892652,0.20810810814838152,0.21199193395472862,0.9132845640182495,0.03137257695198059,0.09534188625780311,0.784154681901674,0.5411686494946479,-0.2941020526998752,0.16632988750934596,nan,0.0,nan,0.0,0
2,20,372,0.021079545454545455,2560,2.1044755935668946,0.219921875,0.84994877576828,0.7795707911252976,0.2046875,0.21827862933278083,0.9147520899772644,0.03137257695198059,0.08865534476935863,0.7764923393726348,0.5531685948371887,-0.29678018093109126,0.16632988750934596,nan,0.0,nan,0.0,0
2,40,392,0.022215909090909088,2560,2.1510993957519533,0.1953125,0.8491132885217667,0.7827610284090042,0.1875,0.2174177423119545,0.9165928035974502,0.03137257695198059,0.08942222222685814,0.7737303674221039,0.7857230007648468,-0.0633902877569199,0.16632988750934596,nan,0.0,0.140625,0.3894606000103522,0
2,60,412,0.023352272727272725,2560,2.129604864120483,0.18828125,0.8665534079074859,0.7908349514007569,0.20234375,0.19604189768433572,0.914584881067276,0.03137257695198059,0.08041673265397549,0.7627173960208893,0.8352707021945232,-0.031282705712962766,0.16632988750934596,nan,0.0,nan,0.0,0
2,80,432,0.024488636363636365,2560,2.1194881439208983,0.187109375,0.8635126024484634,0.7951614648103714,0.20703125,0.21252110674977304,0.9154890894889831,0.03137257695198059,0.0800415337085724,0.7614762276411057,0.8491132885217667,-0.014399313926696689,0.16632988750934596,nan,0.0,nan,0.0,0
2,100,452,0.025625,2560,2.0955902338027954,0.20234375,0.8602217078208924,0.7927059412002564,0.195703125,0.21611878648400307,0.9188573390245438,0.03137257695198059,0.07843662202358245,0.7605363011360169,0.84994877576828,-0.010272932052612371,0.16632988750934596,nan,0.0,nan,0.0,0
2,120,472,0.026761363636363635,2560,2.0772061347961426,0.23125,0.8622069656848907,0.7982896357774735,0.20703125,0.22236639261245728,0.9177358150482178,0.03137257695198059,0.07762571424245834,0.7607336550951004,0.8602217078208924,-0.001985257863998391,0.16632988750934596,nan,0.0,nan,0.0,0
2,140,492,0.027897727272727272,2560,2.0574594259262087,0.23359375,0.8744423300027847,0.8011937648057937,0.172265625,0.21730981394648552,0.9158196985721588,0.03137257695198059,0.07569239251315593,0.7541657269001008,0.8622069656848907,-0.01223536431789396,0.16632988750934596,nan,0.0,0.1875,0.3745056000043405,0
2,160,512,0.02903409090909091,2560,2.069865345954895,0.217578125,0.8742533534765243,0.8077381283044816,0.201171875,0.2232969507575035,0.9168485164642334,0.03137257695198059,0.07400663290172815,0.7542662173509598,0.8635126024484634,-0.010740751028060935,0.16632988750934596,nan,0.0,nan,0.0,0
2,180,532,0.030170454545454545,2560,2.0772727012634276,0.21796875,0.8683577120304108,0.8034954249858857,0.203515625,0.22749200612306594,0.9199082881212235,0.03137257695198059,0.0736884318292141,0.7521482825279235,0.8635126024484634,-0.004845109581947393,0.16632988750934596,nan,0.0,nan,0.0,0
2,200,552,0.03130681818181818,2560,2.0397624015808105,0.233203125,0.8813720017671585,0.8138914853334427,0.186328125,0.2282838337123394,0.9148276180028916,0.03137257695198059,0.07220760732889175,0.7497856736183166,0.8683577120304108,-0.013014289736747675,0.16632988750934596,nan,0.0,nan,0.0,0
2,220,572,0.032443181818181815,2560,2.076654279232025,0.2328125,0.8785305589437484,0.80873783826828,0.209375,0.2405293345451355,0.9212252497673035,0.03137257695198059,0.07045961059629917,0.746606421470642,0.8742533534765243,-0.004277205467224099,0.16632988750934596,nan,0.0,nan,0.0,0
2,240,592,0.03357954545454545,2560,2.0497744560241697,0.222265625,0.8735349625349045,0.8098883509635926,0.2015625,0.22586624771356584,0.9170768946409226,0.03137257695198059,0.06939764283597469,0.7450436085462571,0.8744423300027847,0.0009073674678802268,0.16632988750934596,nan,0.0,0.1484375,0.37682729998778086,0
2,260,612,0.03471590909090909,2560,2.0324705600738526,0.222265625,0.8669990450143814,0.8036865502595901,0.21171875,0.23370461985468866,0.9165068477392196,0.03137257695198059,0.06778391264379025,0.7439168661832809,0.8742533534765243,0.007254308462142922,0.16632988750934596,nan,0.0,nan,0.0,0
2,280,632,0.035852272727272726,2560,2.056265354156494,0.2234375,0.8719152510166168,0.817472729086876,0.201171875,0.2140052832663059,0.9177887201309204,0.03137257695198059,0.07456930167973042,0.754144349694252,0.8735349625349045,0.0016197115182876587,0.16632988750934596,nan,0.0,nan,0.0,0
2,300,652,0.03698863636363636,2560,2.025342082977295,0.23671875,0.8727041900157928,0.811967870593071,0.201171875,0.234241833537817,0.9177924007177353,0.03137257695198059,0.06645124964416027,0.7394517600536347,0.8735349625349045,0.0008307725191116777,0.16632988750934596,nan,0.0,nan,0.0,0
2,320,672,0.038125,2560,2.0511754512786866,0.226171875,0.8825041055679321,0.8147272944450379,0.190625,0.22496987730264664,0.914958980679512,0.03137257695198059,0.06390435565263033,0.7283598750829696,0.8727041900157928,-0.009799915552139327,0.16632988750934596,nan,0.0,nan,0.0,0
2,340,692,0.03926136363636363,2560,2.043104577064514,0.235546875,0.8735601752996445,0.8132502466440201,0.206640625,0.23661112710833548,0.9189626216888428,0.03137257695198059,0.06628069039434195,0.739048233628273,0.8727041900157928,-0.0008559852838516679,0.16632988750934596,nan,0.0,0.21875,0.373830700002145,0
2,352,704,0.039943181818181815,1480,2.0180822411098998,0.223648648487555,0.8770340993597701,0.8144199377781636,0.22229729794167183,0.23678691411340558,0.9183890790552707,0.03137257695198059,0.06860756829783723,0.7432395306793419,0.8727041900157928,-0.004329909343977256,0.16632988750934596,nan,0.0,nan,0.0,0
3,20,724,0.04107954545454545,2560,2.0226592063903808,0.230859375,0.881761509180069,0.81663718521595,0.20234375,0.2302209883928299,0.917446032166481,0.03137257695198059,0.06507082413882018,0.7350965589284897,0.8735601752996445,-0.008201333880424544,0.16632988750934596,nan,0.0,nan,0.0,0
3,40,744,0.04221590909090909,2560,1.9978744268417359,0.245703125,0.8834835350513458,0.8210385799407959,0.208984375,0.244907595962286,0.9165601283311844,0.03137257695198059,0.06438254602253438,0.7332269459962845,0.8770340993597701,-0.0064494356915757445,0.16632988750934596,nan,0.0,nan,0.0,0
3,60,764,0.043352272727272725,2560,2.025706338882446,0.233984375,0.8847932070493698,0.8195575982332229,0.214453125,0.24201421067118645,0.9199288874864578,0.03137257695198059,0.0630496870726347,0.7315061062574386,0.881761509180069,-0.003031697869300798,0.16632988750934596,nan,0.0,nan,0.0,0
3,80,784,0.04448863636363636,2560,1.9876035690307616,0.249609375,0.8839657068252563,0.8161279290914536,0.21171875,0.2387075163424015,0.9182148158550263,0.03137257695198059,0.059112029150128365,0.725247985124588,0.881761509180069,-0.0022041976451873113,0.16632988750934596,nan,0.0,0.203125,0.37695410000742413,0
3,100,804,0.04562499999999999,2560,2.039154052734375,0.226171875,0.8835608243942261,0.8198339015245437,0.2015625,0.23871320784091948,0.9192376673221588,0.03137257695198059,0.05940419882535934,0.7254656583070755,0.8834835350513458,-7.728934288031564e-05,0.16632988750934596,nan,0.0,nan,0.0,0
3,120,824,0.046761363636363636,2560,1.9816458582878114,0.241796875,0.8819959610700607,0.8227766871452331,0.205078125,0.25068510994315146,0.9169998407363892,0.03137257695198059,0.06283721942454576,0.7293659299612045,0.8835608243942261,0.0015648633241653886,0.16632988750934596,nan,0.0,nan,0.0,0
3,140,844,0.04789772727272727,2560,1.9949730396270753,0.251953125,0.8871940314769745,0.8241966515779495,0.213671875,0.23563325479626657,0.9153385311365128,0.03137257695198059,0.06071425601840019,0.7278340667486191,0.8835608243942261,-0.003633207082748391,0.16632988750934596,nan,0.0,nan,0.0,0
3,160,864,0.04903409090909091,2560,1.9927803039550782,0.23203125,0.8810434430837631,0.8240061730146409,0.233984375,0.25982150584459307,0.9216390252113342,0.03137257695198059,0.06150186415761709,0.7294499099254608,0.8839657068252563,0.0029222637414931807,0.16632988750934596,nan,0.0,nan,0.0,0
3,180,884,0.050170454545454546,2560,1.9845833778381348,0.2484375,0.8892658084630967,0.8261627405881882,0.207421875,0.22928192615509033,0.9168186366558075,0.03137257695198059,0.06012918557971716,0.7281603217124939,0.8835608243942261,-0.005704984068870544,0.16632988750934596,nan,0.0,0.2265625,0.3753084000054514,0
3,200,904,0.05130681818181818,2560,1.9762834072113038,0.255859375,0.8848759889602661,0.821291247010231,0.22109375,0.25576156824827195,0.9174287348985672,0.03137257695198059,0.058933039754629137,0.7245824664831162,0.8835608243942261,-0.0013151645660399724,0.16632988750934596,nan,0.0,nan,0.0,0
3,220,924,0.05244318181818181,2560,1.9821405172348023,0.245703125,0.8852029591798782,0.8253355860710144,0.228515625,0.25760744884610176,0.9191027492284775,0.03137257695198059,0.0608231108635664,0.7293955951929092,0.8848759889602661,-0.0003269702196121438,0.16632988750934596,nan,0.0,nan,0.0,0
3,240,944,0.05357954545454545,2560,1.9892404556274415,0.2484375,0.8866476774215698,0.8298650264739991,0.1859375,0.25326032713055613,0.9166025996208191,0.03137257695198059,0.05997578203678131,0.7274053275585175,0.8852029591798782,-0.0014447182416915672,0.16632988750934596,nan,0.0,nan,0.0,0
3,260,964,0.054715909090909086,2560,1.9767566084861756,0.254296875,0.8793863445520401,0.8263242274522782,0.211328125,0.25543698444962504,0.9223653376102448,0.03137257695198059,0.06311653647571802,0.7338353425264359,0.8852029591798782,0.0058166146278381126,0.16632988750934596,nan,0.0,nan,0.0,0
3,280,984,0.05585227272727273,2560,1.9673945903778076,0.248828125,0.888245365023613,0.8259076654911042,0.212890625,0.23990687355399132,0.9173172205686569,0.03137257695198059,0.0583235252648592,0.7219086647033691,0.8852029591798782,-0.003042405843734719,0.16632988750934596,nan,0.0,0.234375,0.3744308000023011,0
3,300,1004,0.056988636363636366,2560,1.9752471566200256,0.25,0.8830336272716522,0.8234342098236084,0.238671875,0.25481005385518074,0.918660119175911,0.03137257695198059,0.05792410876601935,0.7211071670055389,0.8852029591798782,0.002169331908225991,0.16632988750934596,nan,0.0,nan,0.0,0
3,320,1024,0.058124999999999996,2560,1.9720140933990478,0.2609375,0.8793152183294296,0.8270181179046631,0.231640625,0.26705356761813165,0.9179524958133698,0.03137257695198059,0.06003424227237701,0.7313979357481003,0.8852029591798782,0.005887740850448631,0.16632988750934596,nan,0.0,nan,0.0,0
3,340,1044,0.05926136363636363,2560,1.9851570129394531,0.25546875,0.8772525697946548,0.8233340173959732,0.219921875,0.26663957461714743,0.9159336298704147,0.03137257695198059,0.05911636669188738,0.7280204504728317,0.8830336272716522,0.00578105747699742,0.16632988750934596,nan,0.0,nan,0.0,0
3,352,1056,0.05994318181818181,1480,1.971041127153345,0.25472972981027653,0.888413744359403,0.82664236184713,0.20608108108108109,0.2291719012969249,0.9202520270605345,0.031372576770750255,0.06063165862012554,0.7287258576702427,0.8793863445520401,-0.00902739980736289,0.16632988750934596,nan,0.0,nan,0.0,0
4,20,1076,0.061079545454545456,2560,1.9221770286560058,0.27109375,0.8784759163856506,0.8253608912229538,0.23671875,0.27975678667426107,0.9184430599212646,0.03137257695198059,0.059077313169837,0.7270038306713105,0.8830336272716522,0.0045577108860016535,0.16632988750934596,nan,0.0,0.2421875,0.36309449998952914,0
4,40,1096,0.06221590909090909,2560,1.9441275477409363,0.25859375,0.8854536682367324,0.82737937271595,0.21328125,0.25566934496164323,0.9176357388496399,0.03137257695198059,0.05847591198980808,0.7241810202598572,0.8793152183294296,-0.006138449907302834,0.16632988750934596,nan,0.0,nan,0.0,0
4,60,1116,0.06335227272727273,2560,1.9294760942459106,0.2546875,0.8827134251594544,0.82746621966362,0.237890625,0.2768252968788147,0.9173334926366806,0.03137257695198059,0.060854535363614556,0.7263508379459381,0.8793152183294296,-0.003398206830024786,0.16632988750934596,nan,0.0,nan,0.0,0
4,80,1136,0.06448863636363636,2560,1.9335964918136597,0.275390625,0.8852688580751419,0.8284965783357621,0.233984375,0.2777601644396782,0.9183876216411591,0.03137257695198059,0.05859063919633627,0.7235316574573517,0.8827134251594544,-0.0025554329156874944,0.16632988750934596,nan,0.0,nan,0.0,0
4,100,1156,0.065625,2560,1.9414570927619934,0.270703125,0.8860684752464294,0.8313320368528366,0.22578125,0.2755378171801567,0.9167601495981217,0.03137257695198059,0.058829603530466554,0.7285283535718918,0.8852688580751419,-0.0007996171712875144,0.16632988750934596,nan,0.0,nan,0.0,0
4,120,1176,0.06676136363636363,2560,1.936892318725586,0.256640625,0.8821992456912995,0.8322975337505341,0.226171875,0.28229654803872106,0.9177290827035904,0.03137257695198059,0.05925197917968035,0.7274910539388657,0.8852688580751419,0.0030696123838424016,0.16632988750934596,nan,0.0,0.2265625,0.3593437000090489,0
4,140,1196,0.06789772727272726,2560,1.9243841648101807,0.2640625,0.8853356808423996,0.8334622949361801,0.203515625,0.26094128414988516,0.9178018122911453,0.03137257695198059,0.05813861694186926,0.7225962966680527,0.8852688580751419,-6.682276725766823e-05,0.16632988750934596,nan,0.0,nan,0.0,0
4,160,1216,0.0690340909090909,2560,1.952426028251648,0.257421875,0.8791403532028198,0.8268472254276276,0.22421875,0.27749709486961366,0.9198468714952469,0.03137257695198059,0.05808948185294867,0.7268033802509308,0.8852688580751419,0.0061285048723220825,0.16632988750934596,nan,0.0,nan,0.0,0
4,180,1236,0.07017045454545454,2560,1.932658576965332,0.28828125,0.8811680227518082,0.8313461482524872,0.239453125,0.27480043545365335,0.917241308093071,0.03137257695198059,0.057980875857174395,0.7268579065799713,0.8852688580751419,0.004100835323333718,0.16632988750934596,nan,0.0,nan,0.0,0
4,200,1256,0.07130681818181818,2560,1.9070560455322265,0.29140625,0.886674302816391,0.8331033289432526,0.23125,0.2954982355237007,0.9186887323856354,0.03137257695198059,0.05677885320037603,0.7220059514045716,0.8821992456912995,-0.004475057125091553,0.16632988750934596,nan,0.0,nan,0.0,0
4,220,1276,0.07244318181818182,2560,1.9379606246948242,0.26484375,0.88801009953022,0.8341416865587234,0.225390625,0.27173759788274765,0.9186947077512742,0.03137257695198059,0.055010652914643285,0.7165272325277329,0.8821992456912995,-0.005810853838920549,0.16632988750934596,nan,0.0,0.265625,0.3576791000086814,0
4,240,1296,0.07357954545454545,2560,1.9286617994308473,0.278125,0.8827510207891465,0.831307876110077,0.247265625,0.28739653825759887,0.9213189631700516,0.03137257695198059,0.056494238786399364,0.7224349528551102,0.8853356808423996,0.002584660053253085,0.16632988750934596,nan,0.0,nan,0.0,0
4,260,1316,0.07471590909090908,2560,1.8985960960388184,0.28515625,0.8889215916395188,0.834851598739624,0.228125,0.28147013634443285,0.9178352564573288,0.03137257695198059,0.058132854476571086,0.7250884801149369,0.8827510207891465,-0.0061705708503723145,0.16632988750934596,nan,0.0,nan,0.0,0
4,280,1336,0.07585227272727273,2560,1.9061913251876832,0.269140625,0.8873057007789612,0.8335473537445068,0.24765625,0.28374788612127305,0.9190668910741806,0.03137257695198059,0.056747631169855595,0.7245670318603515,0.886674302816391,-0.0006313979625701682,0.16632988750934596,nan,0.0,nan,0.0,0
4,300,1356,0.07698863636363637,2560,1.9290494203567505,0.26796875,0.8854783684015274,0.8314687341451645,0.228125,0.27736210748553275,0.9170308530330658,0.03137257695198059,0.05550898592919111,0.7197618842124939,0.8873057007789612,0.0018273323774338213,0.16632988750934596,nan,0.0,nan,0.0,0
4,320,1376,0.078125,2560,1.8902737975120545,0.290625,0.8804691016674042,0.8347306728363038,0.235546875,0.3004094585776329,0.9155777215957641,0.03137257695198059,0.056610224023461345,0.7244786113500595,0.8873057007789612,0.006836599111556985,0.16632988750934596,nan,0.0,0.25,0.35608729999512434,0
4,340,1396,0.07926136363636364,2560,1.8900705575942993,0.291015625,0.8822656363248825,0.8334447383880615,0.231640625,0.29807942286133765,0.9224043697118759,0.03137257695198059,0.057014284282922746,0.7271606892347335,0.8854783684015274,0.003212732076644853,0.16632988750934596,nan,0.0,nan,0.0,0
4,352,1408,0.07994318181818182,1480,1.8642231896116928,0.30000000064437454,0.8788225235165776,0.8313184270987639,0.22567567607840977,0.29950176316338617,0.9227913067147538,0.03137257695198059,0.053593450361812435,0.71756775604712,0.8854783684015274,0.0066558448849497465,0.16632988750934596,nan,0.0,nan,0.0,0
5,20,1428,0.08107954545454545,2560,1.9008646965026856,0.270703125,0.8815719455480575,0.8372495234012604,0.23984375,0.2936666704714298,0.9177805781364441,0.03137257695198059,0.05451035667210817,0.7203953772783279,0.8822656363248825,0.0006936907768250178,0.16632988750934596,nan,0.0,nan,0.0,0
5,40,1448,0.08221590909090909,2560,1.875433576107025,0.294921875,0.8824771136045456,0.8349648952484131,0.2203125,0.2944990336894989,0.9198991328477859,0.03137257695198059,0.0538897467777133,0.7183535188436508,0.8815719455480575,-0.0009051680564881037,0.16632988750934596,nan,0.0,nan,0.0,0
5,60,1468,0.08335227272727272,2560,1.9006397485733033,0.2859375,0.8762487411499024,0.8236863672733307,0.219921875,0.3028079390525818,0.9154855281114578,0.03137257695198059,0.053262902051210405,0.7195858597755432,0.8815719455480575,0.005323204398155146,0.16632988750934596,nan,0.0,0.2421875,0.37256909999996424,0
5,80,1488,0.08448863636363636,2560,1.9104881286621094,0.28671875,0.877786836028099,0.8300028681755066,0.227734375,0.28582862615585325,0.9224177211523056,0.03137257695198059,0.0565512415021658,0.7283975899219512,0.8815719455480575,0.003785109519958474,0.16632988750934596,nan,0.0,nan,0.0,0
5,100,1508,0.08562499999999999,2560,1.8936699867248534,0.28828125,0.8820463329553604,0.8354174584150315,0.226171875,0.3009715721011162,0.9191476374864578,0.03137257695198059,0.05679839625954628,0.7277540057897568,0.8788225235165776,-0.0032238094387827543,0.16632988750934596,nan,0.0,nan,0.0,0
5,120,1528,0.08676136363636362,2560,1.889363670349121,0.287890625,0.8736080378293991,0.8289896875619889,0.2375,0.3053047001361847,0.9210238367319107,0.03137257695198059,0.0554660776630044,0.7227542459964752,0.8815719455480575,0.007963907718658403,0.16632988750934596,nan,0.0,nan,0.0,0
5,140,1548,0.08789772727272727,2560,1.8591280460357666,0.29296875,0.8827577322721482,0.8317539423704148,0.246875,0.30451520830392836,0.9198288172483444,0.03137257695198059,0.057730227895081046,0.7275801986455918,0.877786836028099,-0.004970896244049117,0.16632988750934596,nan,0.0,nan,0.0,0
5,160,1568,0.0890340909090909,2560,1.8883499145507812,0.292578125,0.8841746032238007,0.831619668006897,0.2140625,0.29167215451598166,0.9179312616586686,0.03137257695198059,0.055902105011045936,0.7251276820898056,0.877786836028099,-0.006387767195701666,0.16632988750934596,nan,0.0,0.2578125,0.3607385999930557,0
5,180,1588,0.09017045454545455,2560,1.8806236267089844,0.28515625,0.870357671380043,0.8239800959825516,0.216015625,0.30108118057250977,0.9188007563352585,0.03137257695198059,0.053211169131100175,0.7187773585319519,0.8820463329553604,0.011688661575317338,0.16632988750934596,nan,0.0,nan,0.0,0
5,200,1608,0.09130681818181818,2560,1.8827977180480957,0.2984375,0.8852452158927917,0.8367773860692977,0.219921875,0.29435711801052095,0.9162222653627395,0.03137257695198059,0.05449563786387444,0.7218822360038757,0.8820463329553604,-0.0031988829374313132,0.16632988750934596,nan,0.0,nan,0.0,0
5,220,1628,0.09244318181818183,2560,1.8491697788238526,0.3046875,0.8810476183891296,0.8305694788694382,0.238671875,0.3225547969341278,0.9191415339708329,0.03137257695198059,0.05566577948629856,0.7261131823062896,0.8827577322721482,0.0017101138830185603,0.16632988750934596,nan,0.0,nan,0.0,0
5,240,1648,0.09357954545454546,2560,1.8566185235977173,0.2875,0.8750560402870178,0.826609057188034,0.239453125,0.3142768248915672,0.9146206080913544,0.03137257695198059,0.05377129297703505,0.7237007141113281,0.8827577322721482,0.007701691985130377,0.16632988750934596,nan,0.0,nan,0.0,0
5,260,1668,0.09471590909090909,2560,1.8929524421691895,0.287109375,0.878685787320137,0.8270515620708465,0.245703125,0.30556644648313525,0.9218183189630509,0.03137257695198059,0.05734288841485977,0.7313179671764374,0.8810476183891296,0.0023618310689925703,0.16632988750934596,nan,0.0,0.2265625,0.355716800011578,0
5,280,1688,0.09585227272727273,2560,1.8548885583877563,0.309375,0.8741718471050263,0.8307393610477447,0.244921875,0.3221080407500267,0.9179719537496567,0.03137257695198059,0.05477691665291786,0.7249758064746856,0.878685787320137,0.004513940215110757,0.16632988750934596,nan,0.0,nan,0.0,0
5,300,1708,0.09698863636363636,2560,1.8260517358779906,0.287109375,0.8733485639095306,0.8300876945257187,0.266796875,0.3227576419711113,0.9194809168577194,0.03137257695198059,0.055283231660723686,0.7264014542102813,0.878685787320137,0.005337223410606384,0.16632988750934596,nan,0.0,nan,0.0,0
5,320,1728,0.098125,2560,1.8596167087554931,0.2875,0.8732756793498992,0.8290940821170807,0.2734375,0.3165464922785759,0.9195558130741119,0.03137257695198059,0.05284436419606209,0.7206295698881149,0.8750560402870178,0.0017803609371185303,0.16632988750934596,nan,0.0,nan,0.0,0
5,340,1748,0.09926136363636363,2560,1.8618899822235107,0.287109375,0.877870437502861,0.8316173732280732,0.2265625,0.30161292999982836,0.9220815181732178,0.03137257695198059,0.0566797012463212,0.7297986209392547,0.8741718471050263,-0.0036985903978347112,0.16632988750934596,nan,0.0,nan,0.0,0
5,352,1760,0.0999431818181818,1480,1.864884496379543,0.29324324275996233,0.8750233882182353,0.8316285478102194,0.2695945949973287,0.32618095810348924,0.9196698378872227,0.03137257695198059,0.059070626525460065,0.7339824305998313,0.8741718471050263,-0.0008515411132090644,0.16632988750934596,nan,0.0,0.28125,0.3695463999902131,0
6,20,1780,0.10107954545454545,2560,1.8393066823482513,0.305078125,0.873992869257927,0.8302832454442978,0.231640625,0.31856430023908616,0.9201029717922211,0.03137257695198059,0.05276271160691977,0.7222769826650619,0.8741718471050263,0.0001789778470993042,0.16632988750934596,nan,0.0,nan,0.0,0
6,40,1800,0.10221590909090908,2560,1.8596123456954956,0.289453125,0.8633611619472503,0.8241212338209152,0.246484375,0.32762531042098997,0.9202921658754348,0.03137257695198059,0.05649890955537558,0.7284427970647812,0.873992869257927,0.010631707310676641,0.16632988750934596,nan,0.0,nan,0.0,0
6,60,1820,0.10335227272727272,2560,1.8299006938934326,0.31015625,0.867112398147583,0.8276856869459153,0.227734375,0.31928142756223676,0.917961773276329,0.03137257695198059,0.05594828799366951,0.7284388363361358,0.873992869257927,0.006880471110343955,0.16632988750934596,nan,0.0,nan,0.0,0
6,80,1840,0.10448863636363635,2560,1.8231359720230103,0.293359375,0.8732795745134354,0.8285600185394287,0.25078125,0.3328748792409897,0.919541186094284,0.03137257695198059,0.05664851386100054,0.7322476089000702,0.873992869257927,0.0007132947444915549,0.16632988750934596,nan,0.0,nan,0.0,0
6,100,1860,0.10562500000000001,2560,1.8405338525772095,0.296484375,0.8686441630125046,0.8293824702501297,0.230078125,0.3155199185013771,0.9196168392896652,0.03137257695198059,0.05503714606165886,0.7276015967130661,0.8732795745134354,0.0046354115009308305,0.16632988750934596,nan,0.0,0.25,0.37797780000255443,0
6,120,1880,0.10676136363636364,2560,1.8601527452468871,0.29921875,0.8716227084398269,0.8274444758892059,0.249609375,0.3304295837879181,0.9222512751817703,0.03137257695198059,0.05556513871997595,0.7299580901861191,0.8686441630125046,-0.0029785454273223433,0.16632988750934596,nan,0.0,nan,0.0,0
6,140,1900,0.10789772727272727,2560,1.8337761163711548,0.303515625,0.8675088852643966,0.820572304725647,0.275390625,0.3374642878770828,0.920616301894188,0.03137257695198059,0.05293321795761585,0.7244490325450897,0.8686441630125046,0.0011352777481079546,0.16632988750934596,nan,0.0,nan,0.0,0
6,160,1920,0.10903409090909091,2560,1.834826445579529,0.315234375,0.8748876750469208,0.8306504756212234,0.2453125,0.332172067463398,0.9215655237436294,0.03137257695198059,0.053399843350052836,0.724905502796173,0.8686441630125046,-0.006243512034416199,0.16632988750934596,nan,0.0,nan,0.0,0
6,180,1940,0.11017045454545454,2560,1.7951066970825196,0.324609375,0.8700612902641296,0.8250253319740295,0.253125,0.3456579640507698,0.9177225977182388,0.03137257695198059,0.050654161535203454,0.7203418046236039,0.8716227084398269,0.0015614181756973267,0.16632988750934596,nan,0.0,nan,0.0,0
6,200,1960,0.11130681818181819,2560,1.8373324155807496,0.29765625,0.8670790731906891,0.8273348689079285,0.260546875,0.3392618179321289,0.9254074305295944,0.03137257695198059,0.05531571116298437,0.7301661431789398,0.8700612902641296,0.002982217073440485,0.16632988750934596,nan,0.0,0.3046875,0.36419670000032056,0
6,220,1980,0.11244318181818182,2560,1.8174408674240112,0.308984375,0.8714861392974853,0.8271070033311844,0.254296875,0.33019872903823855,0.9215102076530457,0.03137257695198059,0.05302033573389053,0.7259664952754974,0.8700612902641296,-0.0014248490333557129,0.16632988750934596,nan,0.0,nan,0.0,0
6,240,2000,0.11357954545454545,2560,1.813957726955414,0.311328125,0.8724901616573334,0.8242761194705963,0.25,0.3460266515612602,0.9239788234233857,0.03137257695198059,0.05224683936685324,0.7254007011651993,0.8700612902641296,-0.002428871393203802,0.16632988750934596,nan,0.0,nan,0.0,0
6,260,2020,0.11471590909090909,2560,1.823140287399292,0.323046875,0.8711023151874542,0.8286394894123077,0.25703125,0.3463188886642456,0.9207601070404052,0.03137257695198059,0.053320836275815964,0.7263463824987412,0.8714861392974853,0.00038382411003112793,0.16632988750934596,nan,0.0,nan,0.0,0
6,280,2040,0.11585227272727272,2560,1.7846251487731934,0.334765625,0.8577774286270141,0.814772692322731,0.25234375,0.3536418929696083,0.9201258540153503,0.03137257695198059,0.055012434534728524,0.7312484860420227,0.8711023151874542,0.013324886560440063,0.16632988750934596,nan,0.0,nan,0.0,0
6,300,2060,0.11698863636363635,2560,1.836852753162384,0.300390625,0.8653659492731094,0.822691234946251,0.27109375,0.34465840458869934,0.9236363917589188,0.03137257695198059,0.05426234379410744,0.7302865833044052,0.8711023151874542,0.005736365914344788,0.16632988750934596,nan,0.0,0.265625,0.3554915999993682,0
6,320,2080,0.118125,2560,1.8086372375488282,0.326953125,0.874680557847023,0.827944204211235,0.25625,0.34033282995224,0.9233084559440613,0.03137257695198059,0.05354103073477745,0.7262614488601684,0.8711023151874542,-0.0035782426595688532,0.16632988750934596,nan,0.0,nan,0.0,0
6,340,2100,0.11926136363636362,2560,1.8260069966316224,0.317578125,0.8682733684778213,0.8283578455448151,0.24921875,0.33609459847211837,0.9168256342411041,0.03137257695198059,0.05429837536066771,0.728655931353569,0.8711023151874542,0.0028289467096328513,0.16632988750934596,nan,0.0,nan,0.0,0
6,352,2112,0.11994318181818181,1480,1.8213507794045114,0.2993243246465116,0.8672424976890152,0.819265139425123,0.2682432435654305,0.35659143634744594,0.9236642885852504,0.03137257695198059,0.05381241259542671,0.7290816616367649,0.8682733684778213,0.0010308707888061486,0.16632988750934596,nan,0.0,nan,0.0,0
7,20,2132,0.12107954545454545,2560,1.7760846734046936,0.326171875,0.8694174826145172,0.8258643001317978,0.245703125,0.35548298358917235,0.9191537499427795,0.03137257695198059,0.05261366181075573,0.7260570138692856,0.8672424976890152,-0.002174984925502055,0.16632988750934596,nan,0.0,nan,0.0,0
7,40,2152,0.1222159090909091,2560,1.775202202796936,0.33671875,0.863452461361885,0.8193152248859406,0.2671875,0.3524053946137428,0.9219642877578735,0.03137257695198059,0.05706336032599211,0.7355340540409088,0.8682733684778213,0.0048209071159363015,0.16632988750934596,nan,0.0,0.2734375,0.38360309999552555,0
7,60,2172,0.12335227272727273,2560,1.7953237414360046,0.309375,0.8674410551786422,0.8244744807481765,0.273828125,0.35955874174833297,0.9199672877788544,0.03137257695198059,0.056658200174570086,0.733895456790924,0.8682733684778213,0.0008323132991790994,0.16632988750934596,nan,0.0,nan,0.0,0
7,80,2192,0.12448863636363636,2560,1.8104742527008058,0.309375,0.8660373449325561,0.8253764063119888,0.26875,0.3552248999476433,0.923158922791481,0.03137257695198059,0.0547961987555027,0.7292849838733673,0.8674410551786422,0.0014037102460860984,0.16632988750934596,nan,0.0,nan,0.0,0
7,100,2212,0.125625,2560,1.838075041770935,0.29609375,0.8619173794984818,0.827025619149208,0.25703125,0.3448085427284241,0.9182336390018463,0.03137257695198059,0.056412702053785325,0.7331263422966003,0.8672424976890152,0.005325118190533384,0.16632988750934596,nan,0.0,nan,0.0,0
7,120,2232,0.12676136363636364,2560,1.771940577030182,0.321484375,0.8501265794038773,0.8143567621707917,0.271484375,0.3581307679414749,0.9208739221096038,0.03137257695198059,0.05376639049500227,0.7289387315511704,0.8660373449325561,0.015910765528678872,0.16632988750934596,nan,0.0,nan,0.0,0
7,140,2252,0.12789772727272727,2560,1.7812547564506531,0.315234375,0.8587566018104553,0.8177631556987762,0.282421875,0.3687166154384613,0.9223633050918579,0.03137257695198059,0.05778142791241407,0.7377935439348221,0.863452461361885,0.004695859551429704,0.16632988750934596,nan,0.0,0.2734375,0.3783860000112327,0
7,160,2272,0.1290340909090909,2560,1.771220475435257,0.3359375,0.8607146829366684,0.8240836024284363,0.238671875,0.3405337929725647,0.9221129357814789,0.03137257695198059,0.05832282062619924,0.7365920305252075,0.8619173794984818,0.0012026965618133767,0.16632988750934596,nan,0.0,nan,0.0,0
7,180,2292,0.13017045454545453,2560,1.7545914888381957,0.32578125,0.857956063747406,0.8190165400505066,0.277734375,0.36501371264457705,0.9186818629503251,0.03137257695198059,0.058581055141985416,0.7375953257083893,0.8607146829366684,0.0027586191892624568,0.16632988750934596,nan,0.0,nan,0.0,0
7,200,2312,0.13130681818181816,2560,1.776358562707901,0.322265625,0.8562237232923507,0.8246724605560303,0.27265625,0.37742939889431,0.9218471735715866,0.03137257695198059,0.05713547002524137,0.7391161143779754,0.8587566018104553,0.0025328785181045754,0.16632988750934596,nan,0.0,nan,0.0,0
7,220,2332,0.13244318181818182,2560,1.8096973419189453,0.31875,0.8707902610301972,0.8242908686399459,0.2671875,0.345045168697834,0.9207537531852722,0.03137257695198059,0.051283474825322625,0.7241718381643295,0.857956063747406,-0.012834197282791227,0.16632988750934596,nan,0.0,nan,0.0,0
7,240,2352,0.13357954545454545,2560,1.748105776309967,0.333203125,0.8600234031677246,0.8156350612640381,0.26328125,0.37171143144369123,0.9198936641216278,0.03137257695198059,0.0525544798001647,0.7271945983171463,0.8587566018104553,-0.0012668013572693093,0.16632988750934596,nan,0.0,0.3125,0.3733043000102043,0
7,260,2372,0.13471590909090908,2560,1.7372597217559815,0.34375,0.8589457690715789,0.8171374201774597,0.249609375,0.35632965713739395,0.9235206812620163,0.03137257695198059,0.05432098489254713,0.7291237771511078,0.8600234031677246,0.0010776340961456965,0.16632988750934596,nan,0.0,nan,0.0,0
7,280,2392,0.1358522727272727,2560,1.7576865017414094,0.3390625,0.8466306120157242,0.813188573718071,0.275390625,0.37319530099630355,0.9194145381450654,0.03137257695198059,0.05207242630422115,0.7263181149959564,0.8589457690715789,0.01231515705585473,0.16632988750934596,nan,0.0,nan,0.0,0
7,300,2412,0.13698863636363634,2560,1.7503293216228486,0.35078125,0.8641933560371399,0.822098171710968,0.25625,0.3719043582677841,0.9192754328250885,0.03137257695198059,0.053826873749494554,0.7321012824773788,0.8589457690715789,-0.005247586965560935,0.16632988750934596,nan,0.0,nan,0.0,0
7,320,2432,0.138125,2560,1.7817167282104491,0.315625,0.8661961257457733,0.8216781914234161,0.278125,0.35324875712394715,0.9199393212795257,0.03137257695198059,0.052635799162089825,0.7288374125957489,0.8600234031677246,-0.006172722578048684,0.16632988750934596,nan,0.0,nan,0.0,0
7,340,2452,0.13926136363636363,2560,1.7401894688606263,0.339453125,0.8557975858449935,0.8179582238197327,0.27109375,0.38089762479066847,0.9194064021110535,0.03137257695198059,0.05379174705594778,0.7299129784107208,0.8600234031677246,0.004225817322731085,0.16632988750934596,nan,0.0,0.328125,0.37341460000607185,0
7,352,2464,0.13994318181818183,1480,1.7806761245469789,0.3263513519957259,0.8561045572564409,0.8166966006562516,0.25608108083944064,0.38282079148936915,0.9225575095898396,0.031372576770750255,0.057477933269094776,0.7383732012800268,0.8589457690715789,0.0028412118151380783,0.16632988750934596,nan,0.0,nan,0.0,0
8,20,2484,0.14107954545454546,2560,1.791542637348175,0.32578125,0.858650752902031,0.8165308773517609,0.265234375,0.35016161799430845,0.9242316097021103,0.03137257695198059,0.05104631818830967,0.7237172931432724,0.8561045572564409,-0.0025461956455901102,0.16632988750934596,nan,0.0,nan,0.0,0
8,40,2504,0.1422159090909091,2560,1.705121064186096,0.356640625,0.8504304111003875,0.8152574092149735,0.2578125,0.3849776178598404,0.9198705226182937,0.03137257695198059,0.05401778481900692,0.7329691261053085,0.858650752902031,0.008220341801643438,0.16632988750934596,nan,0.0,nan,0.0,0
8,60,2524,0.14335227272727272,2560,1.7716367959976196,0.328125,0.8524410843849182,0.8131543755531311,0.262890625,0.3754537418484688,0.9177032679319381,0.03137257695198059,0.05260184220969677,0.7294567495584487,0.8561045572564409,0.0036634728715226883,0.16632988750934596,nan,0.0,nan,0.0,0
8,80,2544,0.14448863636363635,2560,1.7361332297325134,0.34921875,0.8544611603021621,0.8147321194410324,0.254296875,0.3805386692285538,0.9292807519435883,0.03137257695198059,0.05065443031489849,0.7257388591766357,0.8557975858449935,0.001336425542831421,0.16632988750934596,nan,0.0,0.3046875,0.37294960000144783,0
8,100,2564,0.145625,2560,1.7818779945373535,0.33203125,0.8625465422868729,0.8229961574077607,0.26875,0.3686928480863571,0.918547710776329,0.03137257695198059,0.0570481663569808,0.7370206028223037,0.8544611603021621,-0.00808538198471076,0.16632988750934596,nan,0.0,nan,0.0,0
8,120,2584,0.14676136363636363,2560,1.7517288863658904,0.34765625,0.8563529402017593,0.8167083948850632,0.24296875,0.37078696191310884,0.9169239223003387,0.03137257695198059,0.05218531060963869,0.7285142540931702,0.8544611603021621,-0.0018917798995972124,0.16632988750934596,nan,0.0,nan,0.0,0
8,140,2604,0.14789772727272726,2560,1.7417697787284852,0.332421875,0.845324569940567,0.813729751110077,0.289453125,0.38080120980739596,0.9255843043327332,0.03137257695198059,0.052522780001163484,0.7292680680751801,0.8544611603021621,0.009136590361595087,0.16632988750934596,nan,0.0,nan,0.0,0
8,160,2624,0.1490340909090909,2560,1.7590099573135376,0.3359375,0.8544958591461181,0.8201656609773635,0.27265625,0.3868869200348854,0.9216978907585144,0.03137257695198059,0.056221932917833325,0.7371300429105758,0.8544611603021621,-3.469884395601586e-05,0.16632988750934596,nan,0.0,nan,0.0,0
8,180,2644,0.15017045454545455,2560,1.6718794286251069,0.36171875,0.8443179696798324,0.8169225245714188,0.266796875,0.3987013056874275,0.9262278437614441,0.03137257695198059,0.05137543883174658,0.726960974931717,0.8544958591461181,0.010177889466285728,0.16632988750934596,nan,0.0,0.3125,0.3766499999910593,0
8,200,2664,0.15130681818181818,2560,1.7239645659923553,0.34296875,0.843174260854721,0.8095173060894012,0.265625,0.36917237788438795,0.9242304682731628,0.03137257695198059,0.051533851958811286,0.7266103237867355,0.8544958591461181,0.011321598291397117,0.16632988750934596,nan,0.0,nan,0.0,0
8,220,2684,0.1524431818181818,2560,1.74864404797554,0.330078125,0.8590800344944001,0.8193457514047623,0.2671875,0.3789951741695404,0.9240313440561294,0.03137257695198059,0.05369284432381392,0.730845695734024,0.845324569940567,-0.01375546455383303,0.16632988750934596,nan,0.0,nan,0.0,0
8,240,2704,0.15357954545454547,2560,1.7185818612575532,0.34296875,0.8388296663761139,0.809430080652237,0.28203125,0.39579419791698456,0.9153401911258697,0.03137257695198059,0.0537177886813879,0.731792363524437,0.845324569940567,0.006494903564453147,0.16632988750934596,nan,0.0,nan,0.0,0
8,260,2724,0.1547159090909091,2560,1.752012300491333,0.336328125,0.8543453812599182,0.8163053065538406,0.261328125,0.3639585554599762,0.9203092157840729,0.03137257695198059,0.053026949428021906,0.7278503447771072,0.8443179696798324,-0.010027411580085799,0.16632988750934596,nan,0.0,nan,0.0,0
8,280,2744,0.15585227272727273,2560,1.739254891872406,0.344140625,0.8502314120531083,0.8143954128026962,0.272265625,0.38453409969806673,0.9165060877799988,0.03137257695198059,0.05193024836480618,0.7276563972234726,0.8443179696798324,-0.005913442373275846,0.16632988750934596,nan,0.0,0.34375,0.3753034999972442,0
8,300,2764,0.15698863636363636,2560,1.726913219690323,0.33515625,0.8520978182554245,0.8168356716632843,0.269140625,0.3722026005387306,0.9194948971271515,0.03137257695198059,0.050419455766677855,0.724397850036621,0.8502314120531083,-0.001866406202316262,0.16632988750934596,nan,0.0,nan,0.0,0
8,320,2784,0.158125,2560,1.726631224155426,0.34921875,0.8461869806051254,0.8132391810417176,0.25625,0.375492537021637,0.9196525752544403,0.03137257695198059,0.050053054839372633,0.7236072301864624,0.8520978182554245,0.0059108376502990945,0.16632988750934596,nan,0.0,nan,0.0,0
8,340,2804,0.15926136363636365,2560,1.7020589292049408,0.352734375,0.8370836347341537,0.8084837824106217,0.25625,0.3795635163784027,0.9191528499126435,0.03137257695198059,0.049909818917512894,0.7226174831390381,0.8502314120531083,0.013147777318954557,0.16632988750934596,nan,0.0,nan,0.0,0
8,352,2816,0.15994318181818182,1480,1.6943959932069521,0.34256756837303576,0.8367419159090197,0.8099992288125528,0.2871621618399749,0.3872644401885368,0.9202157381418589,0.03137257695198059,0.05300377357650447,0.7299672506950997,0.8502314120531083,0.013489496144088564,0.16632988750934596,nan,0.0,nan,0.0,0
9,20,2836,0.16107954545454548,2560,1.6916211247444153,0.351953125,0.8455563485622406,0.811349892616272,0.27734375,0.3873502820730209,0.9200907558202743,0.03137257695198059,0.05241243708878755,0.7293332248926163,0.8461869806051254,0.0006306320428848267,0.16632988750934596,nan,0.0,0.3046875,0.37618030000885483,0
9,40,2856,0.1622159090909091,2560,1.7219376921653748,0.332421875,0.8393873631954193,0.8091146051883698,0.2875,0.38067013770341873,0.9187946557998657,0.03137257695198059,0.050330793112516405,0.7251185238361358,0.8455563485622406,0.006168985366821311,0.16632988750934596,nan,0.0,nan,0.0,0
9,60,2876,0.16335227272727273,2560,1.7058941006660462,0.34453125,0.8432485967874527,0.8079751491546631,0.29375,0.3807468608021736,0.9214415460824966,0.03137257695198059,0.04709502886980772,0.7180642366409302,0.8393873631954193,-0.0038612335920333862,0.16632988750934596,nan,0.0,nan,0.0,0
9,80,2896,0.16448863636363636,2560,1.6659206092357635,0.362109375,0.8416081249713898,0.8110884577035904,0.283203125,0.38609526604413985,0.9228749781847,0.03137257695198059,0.04466594159603119,0.7115358769893646,0.8393873631954193,-0.0022207617759705256,0.16632988750934596,nan,0.0,nan,0.0,0
9,100,2916,0.165625,2560,1.7024491727352142,0.351171875,0.837184265255928,0.8085022151470185,0.27109375,0.3903615206480026,0.9200430780649185,0.03137257695198059,0.04948407616466284,0.72270487844944,0.8416081249713898,0.004423859715461775,0.16632988750934596,nan,0.0,nan,0.0,0
9,120,2936,0.16676136363636365,2560,1.709917825460434,0.3625,0.8436062633991241,0.8142715722322464,0.274609375,0.39691458344459535,0.9201285183429718,0.03137257695198059,0.05115634091198444,0.7271520823240281,0.8416081249713898,-0.0019981384277343306,0.16632988750934596,nan,0.0,0.2890625,0.3733764000062365,0
9,140,2956,0.16789772727272728,2560,1.6678617179393769,0.3578125,0.8315072476863861,0.8046844750642776,0.287109375,0.3934145405888557,0.9201637476682663,0.03137257695198059,0.05317668095231056,0.7304795861244202,0.8416081249713898,0.010100877285003751,0.16632988750934596,nan,0.0,nan,0.0,0
9,160,2976,0.1690340909090909,2560,1.708399587869644,0.36171875,0.8372823148965836,0.8107470363378525,0.276953125,0.3912188306450844,0.9207801938056945,0.03137257695198059,0.05349934492260218,0.733317232131958,0.8416081249713898,0.004325810074806258,0.16632988750934596,nan,0.0,nan,0.0,0
9,180,2996,0.17017045454545454,2560,1.6937270641326905,0.35078125,0.8434383481740951,0.8092628687620163,0.275390625,0.3834803596138954,0.9235965937376023,0.03137257695198059,0.052881558611989024,0.7305926561355591,0.8372823148965836,-0.0061560332775115745,0.16632988750934596,nan,0.0,nan,0.0,0
9,200,3016,0.17130681818181817,2560,1.7182667791843413,0.348046875,0.8355263292789459,0.8082411587238312,0.2953125,0.39741910099983213,0.9177102595567703,0.03137257695198059,0.04807063713669777,0.7195003658533097,0.8372823148965836,0.0017559856176376787,0.16632988750934596,nan,0.0,nan,0.0,0
9,220,3036,0.17244318181818183,2560,1.6981685638427735,0.354296875,0.828922426700592,0.8060098201036453,0.284765625,0.39722548723220824,0.9194173395633698,0.03137257695198059,0.05216930136084556,0.7282299607992172,0.8372823148965836,0.008359888195991538,0.16632988750934596,nan,0.0,0.3203125,0.3749203000043053,0
9,240,3056,0.17357954545454546,2560,1.6948581755161285,0.363671875,0.8483059674501419,0.8137430995702744,0.26328125,0.3824107378721237,0.9182000637054444,0.03137257695198059,0.04962109737098217,0.7231126755475998,0.8355263292789459,-0.012779638171195984,0.16632988750934596,nan,0.0,nan,0.0,0
9,260,3076,0.1747159090909091,2560,1.6985096335411072,0.348828125,0.8357383787631989,0.8118678003549575,0.27421875,0.38074005395174026,0.9220560878515244,0.03137257695198059,0.052186699397861955,0.7310746997594834,0.8372823148965836,0.0015439361333846602,0.16632988750934596,nan,0.0,nan,0.0,0
9,280,3096,0.17585227272727272,2560,1.6903070092201233,0.350390625,0.8277682930231094,0.8051791071891785,0.287890625,0.39392090439796446,0.9169140070676803,0.03137257695198059,0.05002710707485676,0.7249289482831955,0.8357383787631989,0.007970085740089505,0.16632988750934596,nan,0.0,nan,0.0,0
9,300,3116,0.17698863636363635,2560,1.69213564991951,0.36796875,0.8352236032485962,0.804776394367218,0.266796875,0.3852018445730209,0.9163285791873932,0.03137257695198059,0.04944046139717102,0.724032211303711,0.8355263292789459,0.00030272603034964263,0.16632988750934596,nan,0.0,nan,0.0,0
9,320,3136,0.178125,2560,1.677983719110489,0.362109375,0.8332002967596054,0.8069043636322022,0.2796875,0.3903085708618164,0.9234981715679169,0.03137257695198059,0.04778769090771675,0.7203994065523147,0.8352236032485962,0.0020233064889908503,0.16632988750934596,nan,0.0,0.296875,0.37328109999361914,0
9,340,3156,0.17926136363636364,2560,1.679473865032196,0.358203125,0.839621776342392,0.8115783900022506,0.2640625,0.38157811760902405,0.9200116634368897,0.03137257695198059,0.048188506811857226,0.7185174882411957,0.8352236032485962,-0.004398173093795754,0.16632988750934596,nan,0.0,nan,0.0,0
9,352,3168,0.17994318181818184,1480,1.719280415612298,0.3439189194021998,0.838516760516811,0.8037010569830199,0.2614864866475801,0.3906111643121049,0.9137457905588924,0.03137257695198059,0.04606451631800548,0.7154676881996361,0.8352236032485962,-0.0032931572682147747,0.16632988750934596,nan,0.0,nan,0.0,0
10,20,3188,0.18107954545454547,2560,1.6753871500492097,0.367578125,0.8279067516326905,0.8067450404167176,0.2734375,0.3857057124376297,0.9177355706691742,0.03137257695198059,0.046746711060404775,0.7163864612579346,0.8352236032485962,0.007316851615905784,0.16632988750934596,nan,0.0,nan,0.0,0
10,40,3208,0.1822159090909091,2560,1.7124702990055085,0.3546875,0.828941285610199,0.8087887018918991,0.29375,0.38880283534526827,0.9196039974689484,0.03137257695198059,0.04861975964158773,0.7235687613487244,0.8352236032485962,0.006282317638397261,0.16632988750934596,nan,0.0,nan,0.0,0
10,60,3228,0.18335227272727272,2560,1.6707286298274995,0.349609375,0.8290132313966752,0.8049971491098404,0.276953125,0.38614936619997026,0.9161889612674713,0.03137257695198059,0.04869026187807322,0.7199390202760696,0.8332002967596054,0.004187065362930231,0.16632988750934596,nan,0.0,0.3203125,0.3670692000014242,0
10,80,3248,0.18448863636363635,2560,1.693602967262268,0.35234375,0.8237256586551667,0.8061021387577056,0.2984375,0.397464394569397,0.9198011010885239,0.03137257695198059,0.05146174691617489,0.7258591473102569,0.8290132313966752,0.005287572741508484,0.16632988750934596,nan,0.0,nan,0.0,0
10,100,3268,0.185625,2560,1.7005315661430358,0.3546875,0.8235083967447281,0.8020752221345901,0.2828125,0.39841823279857635,0.9191659539937973,0.03137257695198059,0.05167371109127998,0.7283475548028946,0.828941285610199,0.005432888865470886,0.16632988750934596,nan,0.0,nan,0.0,0
10,120,3288,0.18676136363636364,2560,1.6402022898197175,0.376953125,0.8264708310365677,0.8044641047716141,0.2796875,0.3822436198592186,0.921413317322731,0.03137257695198059,0.04712099190801382,0.7177238762378693,0.8279067516326905,0.0014359205961227417,0.16632988750934596,nan,0.0,nan,0.0,0
10,140,3308,0.18789772727272727,2560,1.687590342760086,0.34765625,0.8328183144330978,0.8114643275737763,0.29140625,0.39989589154720306,0.9123157680034637,0.03137257695198059,0.05563630163669586,0.7364239573478699,0.8264708310365677,-0.006347483396530129,0.16632988750934596,nan,0.0,nan,0.0,0
10,160,3328,0.1890340909090909,2560,1.6832811892032624,0.35546875,0.8226893246173859,0.8081103235483169,0.273046875,0.3893523931503296,0.9190684169530868,0.03137257695198059,0.04781247153878212,0.7171104073524475,0.8264708310365677,0.003781506419181846,0.16632988750934596,nan,0.0,0.34375,0.3741040000022622,0
10,180,3348,0.19017045454545453,2560,1.6786403119564057,0.364453125,0.8302355498075485,0.8047635614871979,0.296875,0.3979982063174248,0.915860515832901,0.03137257695198059,0.053045203909277916,0.730244654417038,0.8237256586551667,-0.006509891152381875,0.16632988750934596,nan,0.0,nan,0.0,0
10,200,3368,0.1913068181818182,2560,1.6640705466270447,0.355078125,0.8198925852775574,0.805452111363411,0.29140625,0.4031706929206848,0.9191902369260788,0.03137257695198059,0.05226826723664999,0.7271403789520263,0.8264708310365677,0.006578245759010337,0.16632988750934596,nan,0.0,nan,0.0,0
10,220,3388,0.19244318181818182,2560,1.6792971670627594,0.355859375,0.8364683002233505,0.8136098444461822,0.2734375,0.38892884403467176,0.9138600915670395,0.03137257695198059,0.05134001988917589,0.726058515906334,0.8264708310365677,-0.009997469186782793,0.16632988750934596,nan,0.0,nan,0.0,0
10,240,3408,0.19357954545454545,2560,1.6675044000148773,0.373046875,0.8307082027196884,0.8084055721759796,0.273046875,0.3892844900488853,0.9250953942537308,0.03137257695198059,0.04255215339362621,0.7064592212438583,0.8302355498075485,-0.00047265291213982596,0.16632988750934596,nan,0.0,nan,0.0,0
10,260,3428,0.19471590909090908,2560,1.6771454036235809,0.365234375,0.8314192712306976,0.8150374263525009,0.296484375,0.39311728030443194,0.9167553186416626,0.03137257695198059,0.050002367608249186,0.7243548631668091,0.8302355498075485,-0.0011837214231490423,0.16632988750934596,nan,0.0,0.3046875,0.37805659999139607,0
10,280,3448,0.1958522727272727,2560,1.649038130044937,0.36640625,0.8139458626508713,0.8017933070659637,0.28359375,0.40761350095272064,0.9205244958400727,0.03137257695198059,0.04480353761464358,0.711965873837471,0.8307082027196884,0.01676234006881705,0.16632988750934596,nan,0.0,nan,0.0,0
10,300,3468,0.19698863636363637,2560,1.7127181828022002,0.33828125,0.8250587761402131,0.802180752158165,0.274609375,0.36186959892511367,0.916618999838829,0.03137257695198059,0.04939110726118088,0.7228307127952576,0.8307082027196884,0.005649426579475314,0.16632988750934596,nan,0.0,nan,0.0,0
10,320,3488,0.198125,2560,1.6551596879959107,0.366796875,0.8228982061147689,0.8102714776992798,0.299609375,0.39713001549243926,0.919740054011345,0.03137257695198059,0.04533512126654386,0.7127428740262985,0.8307082027196884,0.007809996604919434,0.16632988750934596,nan,0.0,nan,0.0,0
10,340,3508,0.19926136363636363,2560,1.6821877181529998,0.353515625,0.8225746244192124,0.8033381432294846,0.2875,0.409425750374794,0.9227516412734985,0.03137257695198059,0.04827774241566658,0.7207069486379624,0.8250587761402131,0.0024841517210006936,0.16632988750934596,nan,0.0,nan,0.0,0
10,352,3520,0.19994318181818183,1480,1.7511364492210182,0.32702702718812066,0.8195984347446544,0.8013557675722484,0.3060810807588938,0.4120525443876112,0.9276127686371675,0.03137257695198059,0.05211415194176339,0.7309800144788381,0.8228982061147689,0.0032997713701145015,0.16632988750934596,nan,0.0,0.3203125,0.3802591999992728,0
11,20,3540,0.20107954545454546,2560,1.6668557405471802,0.37265625,0.8376534432172775,0.8202739924192428,0.276953125,0.38030115962028505,0.9139239311218261,0.03137257695198059,0.05017613284289837,0.7236716270446777,0.8225746244192124,-0.015078818798065163,0.16632988750934596,nan,0.0,nan,0.0,0
11,40,3560,0.20221590909090909,2560,1.673710960149765,0.353125,0.8186293512582778,0.8041394770145416,0.28671875,0.40834218412637713,0.9231721431016922,0.03137257695198059,0.04448120817542076,0.7126915484666825,0.8228982061147689,0.004268854856491089,0.16632988750934596,nan,0.0,nan,0.0,0
11,60,3580,0.20335227272727271,2560,1.643036997318268,0.371875,0.8203516900539398,0.8078139185905456,0.27421875,0.39200279116630554,0.9228410243988037,0.03137257695198059,0.04611544515937567,0.7186152875423432,0.8225746244192124,0.002222934365272544,0.16632988750934596,nan,0.0,nan,0.0,0
11,80,3600,0.20448863636363637,2560,1.6673199236392975,0.36015625,0.8136517137289048,0.8070045709609985,0.26484375,0.3901364877820015,0.9204974085092544,0.03137257695198059,0.04539493694901466,0.7122414261102676,0.8203516900539398,0.006699976325035051,0.16632988750934596,nan,0.0,nan,0.0,0
11,100,3620,0.205625,2560,1.6987036764621735,0.33984375,0.8083324700593948,0.800551375746727,0.272265625,0.38536032289266586,0.9209333002567291,0.03137257695198059,0.04500872306525707,0.715799355506897,0.8195984347446544,0.011265964685259644,0.16632988750934596,nan,0.0,0.3671875,0.3759564999927534,0
11,120,3640,0.20676136363636363,2560,1.666729462146759,0.377734375,0.818999657034874,0.8023040980100632,0.275,0.39215999394655227,0.9172500789165496,0.03137257695198059,0.048033336736261846,0.7214640468358994,0.8186293512582778,-0.00037030577659613595,0.16632988750934596,nan,0.0,nan,0.0,0
11,140,3660,0.20789772727272726,2560,1.6773470222949982,0.350390625,0.8233734995126725,0.8088788479566574,0.2984375,0.39785385876893997,0.9223705500364303,0.03137257695198059,0.04502355456352234,0.7133299678564071,0.8186293512582778,-0.00474414825439462,0.16632988750934596,nan,0.0,nan,0.0,0
11,160,3680,0.2090340909090909,2560,1.6559083044528962,0.365625,0.8111323446035386,0.8021464258432388,0.283203125,0.38660571724176407,0.9131646662950516,0.03137257695198059,0.044258510880172255,0.7116008102893829,0.818999657034874,0.007867312431335427,0.16632988750934596,nan,0.0,nan,0.0,0
11,180,3700,0.21017045454545455,2560,1.6224687457084657,0.3796875,0.8032211154699326,0.7982475459575653,0.306640625,0.3982443645596504,0.9155600428581238,0.03137257695198059,0.049957693368196485,0.7260664373636245,0.8136517137289048,0.01043059825897219,0.16632988750934596,nan,0.0,nan,0.0,0
11,200,3720,0.21130681818181818,2560,1.6602288007736206,0.378515625,0.8097836196422576,0.8008386194705963,0.29609375,0.4086045309901237,0.922206136584282,0.03137257695198059,0.04811431691050529,0.7218887686729432,0.8111323446035386,0.0013487249612809116,0.16632988750934596,nan,0.0,0.328125,0.37470820000453386,0
11,220,3740,0.2124431818181818,2560,1.641324907541275,0.36640625,0.8120073825120926,0.7941392481327056,0.3,0.4072108015418053,0.9181249141693115,0.03137257695198059,0.04875954333692789,0.7205339938402175,0.8111323446035386,-0.0008750379085540327,0.16632988750934596,nan,0.0,nan,0.0,0
11,240,3760,0.21357954545454544,2560,1.7032508671283721,0.346484375,0.8243521720170974,0.8078200221061707,0.3,0.4024645954370499,0.9227765560150146,0.03137257695198059,0.045190336927771566,0.7136497080326081,0.8111323446035386,-0.013219827413558871,0.16632988750934596,nan,0.0,nan,0.0,0
11,260,3780,0.21471590909090907,2560,1.663755512237549,0.3671875,0.823385626077652,0.8069626063108444,0.27421875,0.3730868548154831,0.9237274378538132,0.03137257695198059,0.04787454418838024,0.7202200084924698,0.8111323446035386,-0.01225328147411342,0.16632988750934596,nan,0.0,nan,0.0,0
11,280,3800,0.21585227272727273,2560,1.6693738162517548,0.358984375,0.8163392245769501,0.8043495446443558,0.283984375,0.3814380973577499,0.9179779261350631,0.03137257695198059,0.045919507183134554,0.7115364879369735,0.8120073825120926,-0.004331842064857483,0.16632988750934596,nan,0.0,nan,0.0,0
11,300,3820,0.21698863636363636,2560,1.6730839371681214,0.34765625,0.8116674184799194,0.7981305629014969,0.29609375,0.3974434494972229,0.9232724636793137,0.03137257695198059,0.04208789896219969,0.7059074163436889,0.8163392245769501,0.004671806097030662,0.16632988750934596,nan,0.0,0.3046875,0.3702716999978293,0
11,320,3840,0.21812499999999999,2560,1.6756069123744965,0.372265625,0.8087656646966934,0.8004793971776962,0.278515625,0.4157556682825089,0.9169339686632156,0.03137257695198059,0.04557855501770973,0.7144238233566285,0.8163392245769501,0.007573559880256653,0.16632988750934596,nan,0.0,nan,0.0,0
11,340,3860,0.21926136363636362,2560,1.6569675385951996,0.36953125,0.8234573572874069,0.8097739100456238,0.27734375,0.3983450815081596,0.9174067378044128,0.03137257695198059,0.04442860018461943,0.711484381556511,0.8163392245769501,-0.007118132710456804,0.16632988750934596,nan,0.0,nan,0.0,0
11,352,3872,0.21994318181818182,1480,1.6992020091495,0.3418918915697046,0.8095076493314795,0.8073187454326732,0.30945945945945946,0.40167533223693436,0.9175497644656413,0.03137257695198059,0.046696220962582406,0.7165779780697178,0.8163392245769501,0.0068315752454706224,0.16632988750934596,nan,0.0,nan,0.0,0
12,20,3892,0.22107954545454545,2560,1.6523675322532654,0.35546875,0.8128124833106994,0.802064660191536,0.3078125,0.3958065539598465,0.9203684717416764,0.03137257695198059,0.04200424645096064,0.7059848010540009,0.8116674184799194,-0.0011450648307800293,0.16632988750934596,nan,0.0,nan,0.0,0
12,40,3912,0.22221590909090908,2560,1.6244101166725158,0.3828125,0.8062934219837189,0.8075725734233856,0.285546875,0.4079712897539139,0.9102058589458466,0.03137257695198059,0.04489554669708014,0.714895224571228,0.8116674184799194,0.005373996496200517,0.16632988750934596,nan,0.0,0.359375,0.3821304000011878,0
12,60,3932,0.22335227272727273,2560,1.664031457901001,0.352734375,0.8142264515161515,0.8032675623893738,0.321875,0.4121942833065987,0.9183422297239303,0.03137257695198059,0.044473751448094845,0.7136851936578751,0.8095076493314795,-0.004718802184672022,0.16632988750934596,nan,0.0,nan,0.0,0
12,80,3952,0.22448863636363636,2560,1.6464429199695587,0.369140625,0.8103329032659531,0.8070531398057937,0.273828125,0.40376171469688416,0.9189059108495712,0.03137257695198059,0.0429373748600483,0.707095792889595,0.8128124833106994,0.0024795800447463545,0.16632988750934596,nan,0.0,nan,0.0,0
12,100,3972,0.225625,2560,1.6613636314868927,0.361328125,0.8115526467561722,0.8048602014780044,0.2921875,0.4068882718682289,0.9200440973043442,0.03137257695198059,0.0422392264008522,0.707910543680191,0.8103329032659531,-0.0012197434902191384,0.16632988750934596,nan,0.0,nan,0.0,0
12,120,3992,0.22676136363636362,2560,1.667688673734665,0.380859375,0.8071548998355865,0.7994805932044983,0.278125,0.3972022354602814,0.9144886255264282,0.03137257695198059,0.04557778965681791,0.7134549111127854,0.8115526467561722,0.004397746920585699,0.16632988750934596,nan,0.0,nan,0.0,0
12,140,4012,0.22789772727272725,2560,1.6867775559425353,0.3640625,0.8200389742851257,0.814271429181099,0.277734375,0.42236053943634033,0.9170247584581375,0.03137257695198059,0.04863094072788954,0.7192405551671982,0.8103329032659531,-0.009706071019172646,0.16632988750934596,nan,0.0,0.3203125,0.37128629999642726,0
12,160,4032,0.22903409090909088,2560,1.6665587723255157,0.371875,0.8126923233270645,0.8100766688585281,0.269140625,0.3840537041425705,0.9181742548942566,0.03137257695198059,0.04953992813825607,0.7248918116092682,0.8115526467561722,-0.0011396765708923118,0.16632988750934596,nan,0.0,nan,0.0,0
12,180,4052,0.23017045454545454,2560,1.6532650887966156,0.37734375,0.81819469332695,0.8027383327484131,0.2703125,0.40229886770248413,0.9190506160259246,0.03137257695198059,0.045377114228904246,0.7146355181932449,0.8115526467561722,-0.0066420465707778265,0.16632988750934596,nan,0.0,nan,0.0,0
12,200,4072,0.23130681818181817,2560,1.6775291979312896,0.3578125,0.8133188396692276,0.8071219354867936,0.303515625,0.4130222454667091,0.9141464471817017,0.03137257695198059,0.04645825065672397,0.7166782289743423,0.8126923233270645,-0.0006265163421630415,0.16632988750934596,nan,0.0,nan,0.0,0
12,220,4092,0.2324431818181818,2560,1.6636280238628387,0.3703125,0.8123430043458939,0.8074699640274048,0.277734375,0.3964718461036682,0.9210362911224366,0.03137257695198059,0.04599233865737915,0.7143494933843613,0.8133188396692276,0.0009758353233336736,0.16632988750934596,nan,0.0,nan,0.0,0
12,240,4112,0.23357954545454543,2560,1.697031819820404,0.350390625,0.8052318215370178,0.8036950528621674,0.266796875,0.38676636219024657,0.9167153894901275,0.03137257695198059,0.04144060909748078,0.7046090632677078,0.8133188396692276,0.0080870181322098,0.16632988750934596,nan,0.0,0.296875,0.3708171000034781,0
12,260,4132,0.23471590909090906,2560,1.669200211763382,0.363671875,0.8079127073287964,0.8050954401493072,0.27734375,0.3799646466970444,0.9193004816770554,0.03137257695198059,0.045357569493353365,0.7162715822458268,0.8126923233270645,0.00477961599826815,0.16632988750934596,nan,0.0,nan,0.0,0
12,280,4152,0.23585227272727272,2560,1.6627368867397307,0.356640625,0.8153243094682694,0.8008054286241532,0.28125,0.39065796732902525,0.9201273769140244,0.03137257695198059,0.04743311274796724,0.7188677757978439,0.8123430043458939,-0.0029813051223754883,0.16632988750934596,nan,0.0,nan,0.0,0
12,300,4172,0.23698863636363635,2560,1.6627727329730988,0.369921875,0.8220912247896195,0.8038426905870437,0.278515625,0.4029644295573235,0.9206948846578598,0.03137257695198059,0.043161288276314734,0.7078001350164413,0.8123430043458939,-0.009748220443725586,0.16632988750934596,nan,0.0,nan,0.0,0
12,320,4192,0.23812499999999998,2560,1.680704653263092,0.36171875,0.816549327969551,0.8109633296728134,0.281640625,0.4003151074051857,0.9195166438817978,0.03137257695198059,0.04100005850195885,0.7025216907262802,0.8123430043458939,-0.004206323623657138,0.16632988750934596,nan,0.0,nan,0.0,0
12,340,4212,0.2392613636363636,2560,1.6533107995986938,0.364453125,0.8138142645359039,0.8024700433015823,0.2703125,0.4033135324716568,0.9211172997951508,0.03137257695198059,0.04601783528923988,0.7157994747161865,0.8153243094682694,0.0015100449323655063,0.16632988750934596,nan,0.0,0.3515625,0.37831279999227263,0
12,352,4224,0.2399431818181818,1480,1.6624300563657606,0.3722972968140164,0.8064496726603121,0.7980552576683663,0.26891891924110617,0.4083916976645186,0.9146968422709285,0.03137257695198059,0.04537923201113134,0.7167361945719333,0.8153243094682694,0.008874636807957303,0.16632988750934596,nan,0.0,nan,0.0,0
13,20,4244,0.24107954545454544,2560,1.648499608039856,0.39140625,0.8146883249282837,0.8027361810207367,0.272265625,0.41366601139307024,0.9162051111459732,0.03137257695198059,0.043475250527262685,0.7097919821739197,0.8153243094682694,0.0006359845399857011,0.16632988750934596,nan,0.0,nan,0.0,0
13,40,4264,0.24221590909090907,2560,1.6932161033153534,0.359765625,0.8128396660089493,0.8032764583826065,0.28046875,0.4132400840520859,0.9166636288166046,0.03137257695198059,0.04580761846154928,0.7146931618452073,0.8146883249282837,0.0018486589193343894,0.16632988750934596,nan,0.0,nan,0.0,0
13,60,4284,0.24335227272727272,2560,1.6529674708843232,0.36796875,0.8227654844522476,0.8068248957395554,0.28515625,0.4025902584195137,0.9158750116825104,0.03137257695198059,0.042186788469553,0.7079657524824142,0.8138142645359039,-0.008951219916343733,0.16632988750934596,nan,0.0,nan,0.0,0
13,80,4304,0.24448863636363635,2560,1.64246666431427,0.367578125,0.8137914150953293,0.805652517080307,0.30078125,0.40874847024679184,0.9163355678319931,0.03137257695198059,0.046378737688064574,0.714911299943924,0.8138142645359039,2.284944057462379e-05,0.16632988750934596,nan,0.0,0.3203125,0.3848866999906022,0
13,100,4324,0.24562499999999998,2560,1.6615161836147307,0.375,0.8226192384958267,0.8103144466876984,0.282421875,0.3906517043709755,0.9193433314561844,0.03137257695198059,0.04333482701331377,0.7089406371116638,0.8137914150953293,-0.008827823400497481,0.16632988750934596,nan,0.0,nan,0.0,0
13,120,4344,0.2467613636363636,2560,1.6258230686187745,0.383203125,0.786708402633667,0.7967815607786178,0.269921875,0.41108610928058625,0.9170793116092681,0.03137257695198059,0.04158523790538311,0.7016852796077728,0.8146883249282837,0.027979922294616655,0.16632988750934596,nan,0.0,nan,0.0,0
13,140,4364,0.24789772727272724,2560,1.6558542728424073,0.3703125,0.8214815974235534,0.8099444270133972,0.27265625,0.4024474173784256,0.9223254173994064,0.03137257695198059,0.044733769819140436,0.7140790820121765,0.8137914150953293,-0.00769018232822416,0.16632988750934596,nan,0.0,nan,0.0,0
13,160,4384,0.2490340909090909,2560,1.646551752090454,0.373828125,0.8001258850097657,0.8026736110448838,0.298828125,0.4003145158290863,0.9203534662723541,0.03137257695198059,0.04144256804138422,0.7061075925827026,0.8214815974235534,0.021355712413787753,0.16632988750934596,nan,0.0,nan,0.0,0
13,180,4404,0.2501704545454545,2560,1.6794851005077363,0.357421875,0.8140192478895187,0.8079612970352172,0.2953125,0.4031418040394783,0.9187236964702606,0.03137257695198059,0.04416371248662472,0.7113135904073715,0.8137914150953293,-0.00022783279418947533,0.16632988750934596,nan,0.0,0.390625,0.3715867999999318,0
13,200,4424,0.25130681818181816,2560,1.6423538684844972,0.367578125,0.8054431170225144,0.7983684718608857,0.292578125,0.3977685198187828,0.9219533532857895,0.03137257695198059,0.039390947483479974,0.6994136542081832,0.8140192478895187,0.008576130867004372,0.16632988750934596,nan,0.0,nan,0.0,0
13,220,4444,0.2524431818181818,2560,1.6684912264347076,0.34453125,0.8194916546344757,0.8092162013053894,0.296875,0.4000462681055069,0.9171332269906998,0.03137257695198059,0.04465548302978277,0.7133098781108856,0.8054431170225144,-0.014048537611961343,0.16632988750934596,nan,0.0,nan,0.0,0
13,240,4464,0.2535795454545454,2560,1.642062884569168,0.38046875,0.8111861407756805,0.8006178736686707,0.276953125,0.4030539721250534,0.9182121485471726,0.03137257695198059,0.042109336145222186,0.7081147491931915,0.8140192478895187,0.002833107113838218,0.16632988750934596,nan,0.0,nan,0.0,0
13,260,4484,0.2547159090909091,2560,1.6922608673572541,0.35,0.8090344935655593,0.8076468378305435,0.29609375,0.4117627188563347,0.9212258875370025,0.03137257695198059,0.04053809214383364,0.7045132845640183,0.8111861407756805,0.002151647210121177,0.16632988750934596,nan,0.0,nan,0.0,0
13,280,4504,0.2558522727272727,2560,1.6993123829364776,0.351171875,0.8223943322896957,0.805838668346405,0.278125,0.38043506145477296,0.9162105739116668,0.03137257695198059,0.040339423529803756,0.7034179121255875,0.8111861407756805,-0.011208191514015198,0.16632988750934596,nan,0.0,0.3515625,0.37570400000549853,0
13,300,4524,0.2569886363636364,2560,1.6456355571746826,0.375,0.8050084322690964,0.7984618067741394,0.279296875,0.3950484529137611,0.9215239435434341,0.03137257695198059,0.04004030879586935,0.7027775853872299,0.8111861407756805,0.0061777085065841675,0.16632988750934596,nan,0.0,nan,0.0,0
13,320,4544,0.258125,2560,1.6753983676433564,0.35546875,0.8200617522001267,0.8014668941497802,0.285546875,0.4064682736992836,0.9149916559457779,0.03137257695198059,0.04090254232287407,0.7032458931207657,0.8111861407756805,-0.00887561142444615,0.16632988750934596,nan,0.0,nan,0.0,0
13,340,4564,0.25926136363636365,2560,1.6806097984313966,0.375390625,0.8192008763551712,0.8103110194206238,0.2734375,0.4066395789384842,0.9159858882427215,0.03137257695198059,0.041183794289827345,0.70565867125988,0.8111861407756805,-0.008014735579490728,0.16632988750934596,nan,0.0,nan,0.0,0
13,352,4576,0.2599431818181818,1480,1.698768409522804,0.37702702686593337,0.8305535148929906,0.8082711152128271,0.27837837837837837,0.38641806631474884,0.9206444089477127,0.03137257695198059,0.04263637937806748,0.7112250498823217,0.8192008763551712,-0.011352638537819315,0.16632988750934596,nan,0.0,nan,0.0,0
14,20,4596,0.2610795454545454,2560,1.6535372138023376,0.371875,0.8133178144693375,0.807607164978981,0.288671875,0.39331556260585787,0.9183892786502839,0.03137257695198059,0.042500917054712775,0.7095389157533646,0.8200617522001267,0.006743937730789185,0.16632988750934596,nan,0.0,0.3203125,0.37828479999734554,0
14,40,4616,0.2622159090909091,2560,1.6796400785446166,0.373046875,0.8065580278635025,0.8106098353862763,0.258984375,0.41365685015916825,0.9182472378015518,0.03137257695198059,0.0409455819055438,0.7031321138143539,0.8192008763551712,0.012642848491668746,0.16632988750934596,nan,0.0,nan,0.0,0
14,60,4636,0.2633522727272727,2560,1.665965723991394,0.36328125,0.7979776829481124,0.8006943017244339,0.290234375,0.4070255279541016,0.9194732904434204,0.03137257695198059,0.043534118495881555,0.7132065176963807,0.8192008763551712,0.021223193407058805,0.16632988750934596,nan,0.0,nan,0.0,0
14,80,4656,0.26448863636363634,2560,1.6453628897666932,0.374609375,0.8088454246520996,0.8028979241847992,0.269921875,0.4065153419971466,0.9185348778963089,0.03137257695198059,0.042573875002563,0.7062014132738114,0.8133178144693375,0.004472389817237854,0.16632988750934596,nan,0.0,nan,0.0,0
14,100,4676,0.265625,2560,1.6912474095821382,0.360546875,0.8151280999183654,0.8092589318752289,0.30625,0.416960372030735,0.919758751988411,0.03137257695198059,0.048431274853646754,0.7236387848854064,0.8088454246520996,-0.0062826752662658025,0.16632988750934596,nan,0.0,nan,0.0,0
14,120,4696,0.2667613636363636,2560,1.648186445236206,0.36640625,0.8155551880598069,0.8040424585342407,0.303515625,0.3951639324426651,0.9188957393169404,0.03137257695198059,0.03985279519110918,0.7011980205774307,0.8088454246520996,-0.0067097634077072366,0.16632988750934596,nan,0.0,0.375,0.37322819999826606,0
14,140,4716,0.26789772727272726,2560,1.636330097913742,0.375,0.8124767661094665,0.8035075098276139,0.283984375,0.39723316580057144,0.9228405207395554,0.03137257695198059,0.04438870623707771,0.7112712144851685,0.8088454246520996,-0.0036313414573668767,0.16632988750934596,nan,0.0,nan,0.0,0
14,160,4736,0.26903409090909086,2560,1.6694681525230408,0.366796875,0.7974958181381225,0.7998288691043853,0.2765625,0.4111442193388939,0.9139869898557663,0.03137257695198059,0.03880667556077242,0.6970588386058807,0.8124767661094665,0.014980947971343972,0.16632988750934596,nan,0.0,nan,0.0,0
14,180,4756,0.2701704545454545,2560,1.664118719100952,0.3640625,0.8183465093374253,0.8118082880973816,0.2765625,0.39782422333955764,0.920629906654358,0.03137257695198059,0.04282695315778255,0.7091203838586807,0.8124767661094665,-0.005869743227958746,0.16632988750934596,nan,0.0,nan,0.0,0
14,200,4776,0.2713068181818182,2560,1.657446551322937,0.375,0.8127153635025024,0.7998813807964325,0.26796875,0.4011488571763039,0.9157657772302628,0.03137257695198059,0.03539008963853121,0.6869464099407196,0.8151280999183654,0.002412736415863037,0.16632988750934596,nan,0.0,nan,0.0,0
14,220,4796,0.27244318181818183,2560,1.6449404954910278,0.358984375,0.8014736771583557,0.8019776940345764,0.273046875,0.41369367241859434,0.9200882136821746,0.03137257695198059,0.04418649058789015,0.7107759565114975,0.8127153635025024,0.011241686344146684,0.16632988750934596,nan,0.0,0.328125,0.3727385999955004,0
14,240,4816,0.27357954545454544,2560,1.6776959419250488,0.36328125,0.816258779168129,0.8127521753311158,0.274609375,0.39814233481884004,0.9162299036979675,0.03137257695198059,0.04001638479530811,0.7011273622512817,0.8124767661094665,-0.0037820130586624368,0.16632988750934596,nan,0.0,nan,0.0,0
14,260,4836,0.2747159090909091,2560,1.7023442089557648,0.35,0.8028968721628189,0.8030929744243622,0.29765625,0.39960653334856033,0.9238629847764969,0.03137257695198059,0.04393302109092474,0.7096635729074479,0.8127153635025024,0.009818491339683488,0.16632988750934596,nan,0.0,nan,0.0,0
14,280,4856,0.27585227272727275,2560,1.6827763319015503,0.356640625,0.8108890056610107,0.8099018275737763,0.273828125,0.3991352245211601,0.9148292779922486,0.03137257695198059,0.041021625697612765,0.7047409057617188,0.8127153635025024,0.0018263578414916548,0.16632988750934596,nan,0.0,nan,0.0,0
14,300,4876,0.27698863636363635,2560,1.6543011844158173,0.37578125,0.8024951189756393,0.7967674523591995,0.289453125,0.39615030735731127,0.9192582696676255,0.03137257695198059,0.0438895127736032,0.7115828633308411,0.8108890056610107,0.008393886685371443,0.16632988750934596,nan,0.0,nan,0.0,0
14,320,4896,0.278125,2560,1.6880241274833678,0.35,0.8176825851202011,0.8059845179319381,0.298046875,0.3955997496843338,0.9190007716417312,0.03137257695198059,0.04317666459828615,0.7070023804903031,0.8028968721628189,-0.01478571295738218,0.16632988750934596,nan,0.0,0.28125,0.37839749999693595,0
14,340,4916,0.2792613636363636,2560,1.6806278228759766,0.359765625,0.8027475416660309,0.8007581263780594,0.273828125,0.402966234087944,0.9154382228851319,0.03137257695198059,0.03951377253979445,0.7006305903196335,0.8108890056610107,0.008141463994979836,0.16632988750934596,nan,0.0,nan,0.0,0
14,352,4928,0.2799431818181818,1480,1.6526620594230859,0.3689189197243871,0.8084727329176825,0.8057032285509883,0.27702702702702703,0.39210509690078527,0.9165842120711868,0.03137257695198059,0.03470082281006349,0.6859471053690523,0.8028968721628189,-0.005575860754863604,0.16632988750934596,nan,0.0,nan,0.0,0
15,20,4948,0.28107954545454544,2560,1.6431551337242127,0.384765625,0.801050552725792,0.8011500269174576,0.285546875,0.41373984813690184,0.9192310482263565,0.03137257695198059,0.040571671724319455,0.7031841188669204,0.8084727329176825,0.0074221801918905594,0.16632988750934596,nan,0.0,nan,0.0,0
15,40,4968,0.28221590909090905,2560,1.6401428759098053,0.371875,0.8060388326644897,0.799495205283165,0.268359375,0.40560687631368636,0.9262325465679169,0.03137257695198059,0.04721648991107941,0.7213250547647476,0.8027475416660309,-0.003291290998458818,0.16632988750934596,nan,0.0,nan,0.0,0
15,60,4988,0.2833522727272727,2560,1.6492526173591613,0.37265625,0.795084199309349,0.8006551265716553,0.279296875,0.4120220422744751,0.9122079372406006,0.03137257695198059,0.041785110160708426,0.7067870378494263,0.8060388326644897,0.010954633355140686,0.16632988750934596,nan,0.0,0.3046875,0.36511320000863634,0
15,80,5008,0.28448863636363636,2560,1.6513525784015655,0.370703125,0.7985691785812378,0.8002704828977585,0.2890625,0.4097870856523514,0.9208284020423889,0.03137257695198059,0.04209062643349171,0.7048483282327652,0.8027475416660309,0.004178363084793135,0.16632988750934596,nan,0.0,nan,0.0,0
15,100,5028,0.28562499999999996,2560,1.6552552700042724,0.383203125,0.8067211627960205,0.8035494744777679,0.278515625,0.40576573461294174,0.9224046260118485,0.03137257695198059,0.03977825120091438,0.6994277656078338,0.801050552725792,-0.00567061007022851,0.16632988750934596,nan,0.0,nan,0.0,0
15,120,5048,0.2867613636363636,2560,1.67699875831604,0.356640625,0.8010079711675644,0.7991981685161591,0.300390625,0.4095324084162712,0.9126660823822021,0.03137257695198059,0.041851283982396126,0.7049885869026185,0.801050552725792,4.258155822756127e-05,0.16632988750934596,nan,0.0,nan,0.0,0
15,140,5068,0.2878977272727273,2560,1.6699886858463286,0.356640625,0.8082717537879944,0.8027975887060166,0.30546875,0.40590098798274993,0.9252362817525863,0.03137257695198059,0.041190027818083765,0.7049850642681121,0.8010079711675644,-0.007263782620430037,0.16632988750934596,nan,0.0,nan,0.0,0
15,160,5088,0.28903409090909093,2560,1.693579864501953,0.348046875,0.803189167380333,0.8099435299634934,0.28984375,0.41437837183475495,0.9176202356815338,0.03137257695198059,0.04081664644181728,0.7050480782985687,0.8010079711675644,-0.002181196212768577,0.16632988750934596,nan,0.0,0.2890625,0.3751285000034841,0
15,180,5108,0.29017045454545454,2560,1.674409133195877,0.355859375,0.8070857942104339,0.8035226404666901,0.281640625,0.3968655660748482,0.9201198816299438,0.03137257695198059,0.03892583549022675,0.7000995188951492,0.803189167380333,-0.0038966268301009466,0.16632988750934596,nan,0.0,nan,0.0,0
15,200,5128,0.2913068181818182,2560,1.6637743949890136,0.366015625,0.8137992858886719,0.8021161556243896,0.28125,0.4013189449906349,0.9205428004264832,0.03137257695198059,0.04868934080004692,0.722580149769783,0.8067211627960205,-0.007078123092651434,0.16632988750934596,nan,0.0,nan,0.0,0
15,220,5148,0.2924431818181818,2560,1.6762999057769776,0.35859375,0.8114596456289291,0.8076272577047348,0.303125,0.4027247354388237,0.9160981684923172,0.03137257695198059,0.04546761997044087,0.713511735200882,0.8070857942104339,-0.004373851418495223,0.16632988750934596,nan,0.0,nan,0.0,0
15,240,5168,0.29357954545454545,2560,1.6222306728363036,0.380859375,0.787670585513115,0.801493975520134,0.293359375,0.41827978640794755,0.9145354181528091,0.03137257695198059,0.04067386630922556,0.7042918980121613,0.8082717537879944,0.020601168274879456,0.16632988750934596,nan,0.0,nan,0.0,0
15,260,5188,0.2947159090909091,2560,1.6758678317070008,0.3609375,0.8154218345880508,0.8051522761583328,0.28515625,0.4035822004079819,0.9286556452512741,0.03137257695198059,0.04303556103259325,0.710689052939415,0.8070857942104339,-0.008336040377616927,0.16632988750934596,nan,0.0,0.2734375,0.37906639999710023,0
15,280,5208,0.2958522727272727,2560,1.6982518911361695,0.35859375,0.8116169244050979,0.8071605831384658,0.28203125,0.403815458714962,0.9222817957401276,0.03137257695198059,0.04096275363117456,0.7024169862270355,0.8114596456289291,-0.00015727877616877883,0.16632988750934596,nan,0.0,nan,0.0,0
15,300,5228,0.29698863636363637,2560,1.6145496129989625,0.370703125,0.8106518745422363,0.8041729122400284,0.291796875,0.40451163351535796,0.9230537652969361,0.03137257695198059,0.042003285512328147,0.7044843584299088,0.8116169244050979,0.0009650498628616111,0.16632988750934596,nan,0.0,nan,0.0,0
15,320,5248,0.298125,2560,1.6800185978412627,0.3578125,0.812741219997406,0.804791408777237,0.27890625,0.41367950439453127,0.9148080319166183,0.03137257695198059,0.039794720523059365,0.7022431045770645,0.8114596456289291,-0.0012815743684768677,0.16632988750934596,nan,0.0,nan,0.0,0
15,340,5268,0.29926136363636363,2560,1.6780294537544251,0.359765625,0.8245630115270615,0.8101701319217682,0.2890625,0.3932467609643936,0.9169413447380066,0.03137257695198059,0.04087554067373276,0.7036000460386276,0.8116169244050979,-0.012946087121963545,0.16632988750934596,nan,0.0,nan,0.0,0
15,352,5280,0.2999431818181818,1480,1.7055343118873802,0.34797297248969206,0.8072581304086222,0.795605932055293,0.28175675675675677,0.4168945433320226,0.9203811445751706,0.03137257695198059,0.04057517732317383,0.7060101290006895,0.812741219997406,0.0054830895887838516,0.16632988750934596,nan,0.0,0.3046875,0.3776741000037873,0
16,20,5300,0.2989204545454545,2560,1.681168669462204,0.346484375,0.7968721479177475,0.8015406519174576,0.270703125,0.38969953656196593,0.9234901607036591,0.03137257695198059,0.04021465834230185,0.7023540526628494,0.8116169244050979,0.014744776487350397,0.16632988750934596,nan,0.0,nan,0.0,0
16,40,5320,0.2977840909090909,2560,1.6697589337825776,0.364453125,0.7982090532779693,0.794494903087616,0.28984375,0.41765252202749253,0.916157928109169,0.03137257695198059,0.046466744132339956,0.71970634162426,0.8106518745422363,0.01244282126426699,0.16632988750934596,nan,0.0,nan,0.0,0
16,60,5340,0.29664772727272726,2560,1.6146036744117738,0.37421875,0.8103221356868744,0.8006925165653229,0.295703125,0.40552636682987214,0.9156645655632019,0.03137257695198059,0.043750468641519547,0.7102254360914231,0.8072581304086222,-0.0030640052782522353,0.16632988750934596,nan,0.0,nan,0.0,0
16,80,5360,0.29551136363636366,2560,1.6670884191989899,0.369921875,0.8123183369636535,0.8047359615564347,0.2953125,0.4054750084877014,0.9236154109239578,0.03137257695198059,0.044180387258529664,0.7120294541120529,0.8072581304086222,-0.005060206555031366,0.16632988750934596,nan,0.0,nan,0.0,0
16,100,5380,0.294375,2560,1.6436643779277802,0.376953125,0.7977596551179886,0.8035872340202331,0.287890625,0.4082592576742172,0.9191500514745712,0.03137257695198059,0.04315252620726824,0.7103538781404495,0.8072581304086222,0.009498475290633523,0.16632988750934596,nan,0.0,0.3359375,0.37612210000224877,0
16,120,5400,0.2932386363636364,2560,1.6644057929515839,0.366796875,0.7966303527355194,0.7993538022041321,0.278515625,0.39974151402711866,0.9201408594846725,0.03137257695198059,0.040503733046352866,0.7037747323513031,0.7982090532779693,0.0015787005424499068,0.16632988750934596,nan,0.0,nan,0.0,0
16,140,5420,0.2921022727272727,2560,1.6521801829338074,0.3546875,0.8126935422420501,0.8113324642181396,0.305859375,0.42325971871614454,0.9212061762809753,0.03137257695198059,0.03908835090696812,0.6987118870019913,0.7982090532779693,-0.014484488964080833,0.16632988750934596,nan,0.0,nan,0.0,0
16,160,5440,0.2909659090909091,2560,1.6735346019268036,0.3671875,0.8116550236940384,0.8024170070886611,0.28125,0.39117258936166766,0.9242075771093369,0.03137257695198059,0.04066107142716646,0.7010027319192886,0.8103221356868744,-0.0013328880071640237,0.16632988750934596,nan,0.0,nan,0.0,0
16,180,5460,0.2898295454545454,2560,1.6868850946426392,0.3609375,0.801050141453743,0.8038931757211685,0.28359375,0.41248163133859633,0.9229203760623932,0.03137257695198059,0.044015987403690816,0.7118822783231735,0.8116550236940384,0.010604882240295432,0.16632988750934596,nan,0.0,nan,0.0,0
16,200,5480,0.2886931818181818,2560,1.6742657244205474,0.35546875,0.8043170124292374,0.7998796105384827,0.28671875,0.4208057090640068,0.911645022034645,0.03137257695198059,0.0433314997702837,0.7097354620695114,0.801050141453743,-0.0032668709754943848,0.16632988750934596,nan,0.0,0.34375,0.3716171999985818,0
16,220,5500,0.28755681818181816,2560,1.6357578575611114,0.372265625,0.8052697062492371,0.8075547754764557,0.30234375,0.40856646597385404,0.9240443110466003,0.03137257695198059,0.044255055114626886,0.7122589737176895,0.8043170124292374,-0.0009526938199997392,0.16632988750934596,nan,0.0,nan,0.0,0
16,240,5520,0.28642045454545456,2560,1.6731545627117157,0.359375,0.8218317657709122,0.8110267788171768,0.292578125,0.4215211018919945,0.9164201349020005,0.03137257695198059,0.0464249674230814,0.7152421414852143,0.8052697062492371,-0.01656205952167511,0.16632988750934596,nan,0.0,nan,0.0,0
16,260,5540,0.2852840909090909,2560,1.663259506225586,0.367578125,0.8063512504100799,0.8016564905643463,0.26875,0.40463358610868455,0.9218740075826645,0.03137257695198059,0.040065428242087364,0.7015290588140488,0.8052697062492371,-0.001081544160842829,0.16632988750934596,nan,0.0,nan,0.0,0
16,280,5560,0.2841477272727273,2560,1.6422432780265808,0.3609375,0.8049925088882446,0.7967958062887192,0.28125,0.3973035603761673,0.9276984125375748,0.03137257695198059,0.04024447314441204,0.7022503107786179,0.8052697062492371,0.00027719736099252046,0.16632988750934596,nan,0.0,nan,0.0,0
16,300,5580,0.28301136363636364,2560,1.6247194170951844,0.384765625,0.8023327380418778,0.8021438837051391,0.280078125,0.4189095079898834,0.9151064723730087,0.03137257695198059,0.040319162979722024,0.703573802113533,0.8052697062492371,0.002936968207359336,0.16632988750934596,nan,0.0,0.375,0.37291419999382924,0
16,320,5600,0.28187500000000004,2560,1.6815045177936554,0.36328125,0.8051469892263412,0.8024503290653229,0.303125,0.4182154819369316,0.9200657129287719,0.03137257695198059,0.04157646037638187,0.7057984292507171,0.8052697062492371,0.0001227170228959018,0.16632988750934596,nan,0.0,nan,0.0,0
16,340,5620,0.28073863636363633,2560,1.6433621644973755,0.384375,0.8005399465560913,0.7994086176156998,0.261328125,0.399667364358902,0.9205555200576783,0.03137257695198059,0.036749885417521,0.69396812915802,0.8051469892263412,0.004607042670249917,0.16632988750934596,nan,0.0,nan,0.0,0
16,352,5632,0.2800568181818182,1480,1.7122576430037215,0.3506756756756757,0.8150750952797967,0.806512198577056,0.26283783848221237,0.39600872558516426,0.9212028645180367,0.03137257695198059,0.044311371828253204,0.7101386524535515,0.8049925088882446,-0.010082586391552129,0.16632988750934596,nan,0.0,nan,0.0,0
17,20,5652,0.2789204545454545,2560,1.613074278831482,0.3875,0.7930950820446014,0.8061803370714188,0.266015625,0.39782223254442217,0.9168075770139694,0.03137257695198059,0.038685232773423193,0.6961618930101394,0.8049925088882446,0.011897426843643144,0.16632988750934596,nan,0.0,nan,0.0,0
17,40,5672,0.2777840909090909,2560,1.5986173033714295,0.381640625,0.7913301587104797,0.7931517511606216,0.308984375,0.42773090302944183,0.9256377071142197,0.03137257695198059,0.03952181115746498,0.698920539021492,0.8023327380418778,0.011002579331398032,0.16632988750934596,nan,0.0,0.3515625,0.385609500008286,0
17,60,5692,0.27664772727272724,2560,1.6259624779224395,0.378125,0.7994132399559021,0.7950284540653229,0.296875,0.4170765206217766,0.9164745569229126,0.03137257695198059,0.0386055888608098,0.6993616938591003,0.8005399465560913,0.001126706600189209,0.16632988750934596,nan,0.0,nan,0.0,0
17,80,5712,0.27551136363636364,2560,1.6244351387023925,0.383984375,0.7846926301717758,0.7946605831384659,0.2796875,0.41199003010988233,0.9138931542634964,0.03137257695198059,0.04210495427250862,0.7078304588794708,0.7994132399559021,0.01472060978412626,0.16632988750934596,nan,0.0,nan,0.0,0
17,100,5732,0.274375,2560,1.6526929795742036,0.368359375,0.8040376275777816,0.7979081720113754,0.295703125,0.413081394135952,0.9230250239372253,0.03137257695198059,0.04934028740972281,0.7238912045955658,0.7930950820446014,-0.010942545533180192,0.16632988750934596,nan,0.0,nan,0.0,0
17,120,5752,0.2732386363636364,2560,1.639871209859848,0.37265625,0.8149835497140885,0.8076815515756607,0.286328125,0.4026868686079979,0.9230496883392334,0.03137257695198059,0.0412354102358222,0.7037143528461456,0.7930950820446014,-0.021888467669487044,0.16632988750934596,nan,0.0,nan,0.0,0
17,140,5772,0.2721022727272727,2560,1.649392795562744,0.367578125,0.7903782337903976,0.7916610956192016,0.3,0.42599810659885406,0.9192029535770416,0.03137257695198059,0.042444564402103424,0.707428652048111,0.7994132399559021,0.009035006165504456,0.16632988750934596,nan,0.0,0.3671875,0.37356049999652896,0
17,160,5792,0.2709659090909091,2560,1.6021055817604064,0.3875,0.8023635655641556,0.8056475490331649,0.28515625,0.40300063490867616,0.922197237610817,0.03137257695198059,0.041629659757018087,0.7052138239145279,0.7994132399559021,-0.002950325608253479,0.16632988750934596,nan,0.0,nan,0.0,0
17,180,5812,0.26982954545454546,2560,1.6245526134967805,0.39375,0.7986217617988587,0.7960090845823288,0.280859375,0.43367915153503417,0.9150220453739166,0.03137257695198059,0.040481345169246195,0.7052834689617157,0.8023635655641556,0.0037418037652968694,0.16632988750934596,nan,0.0,nan,0.0,0
17,200,5832,0.26869318181818186,2560,1.601942276954651,0.3921875,0.7997953295707703,0.796910497546196,0.293359375,0.4153264477849007,0.9255542904138565,0.03137257695198059,0.03663061317056417,0.6921937882900238,0.8023635655641556,0.0025682359933852927,0.16632988750934596,nan,0.0,nan,0.0,0
17,220,5852,0.26755681818181815,2560,1.6485868692398071,0.36875,0.7899289160966874,0.7923738062381744,0.304296875,0.429078471660614,0.9241754144430161,0.03137257695198059,0.038744081184267996,0.6988159954547882,0.7997953295707703,0.009866413474082902,0.16632988750934596,nan,0.0,nan,0.0,0
17,240,5872,0.26642045454545454,2560,1.6818514466285706,0.3515625,0.805423817038536,0.7977712213993072,0.27421875,0.3872677579522133,0.9147359400987625,0.03137257695198059,0.03875300008803606,0.6982784152030945,0.7986217617988587,-0.006802055239677363,0.16632988750934596,nan,0.0,0.3515625,0.3741243999975268,0
17,260,5892,0.2652840909090909,2560,1.6404734253883362,0.389453125,0.794698703289032,0.7994700312614441,0.271484375,0.3952531412243843,0.9161354273557663,0.03137257695198059,0.041657728515565394,0.7056793510913849,0.7997953295707703,0.005096626281738237,0.16632988750934596,nan,0.0,nan,0.0,0
17,280,5912,0.26414772727272723,2560,1.617841613292694,0.3765625,0.7805675327777862,0.7911426663398743,0.305078125,0.4415433868765831,0.9161693811416626,0.03137257695198059,0.03876404408365488,0.6979571282863617,0.7986217617988587,0.018054229021072454,0.16632988750934596,nan,0.0,nan,0.0,0
17,300,5932,0.2630113636363636,2560,1.6071113705635072,0.4,0.7952865988016129,0.7967084437608719,0.28125,0.429756161570549,0.9178244531154632,0.03137257695198059,0.03758183903992176,0.6956050783395767,0.794698703289032,-0.0005878955125808716,0.16632988750934596,nan,0.0,nan,0.0,0
17,320,5952,0.26187499999999997,2560,1.6295423746109008,0.3765625,0.8032721608877182,0.8037602961063385,0.28984375,0.41211397498846053,0.9137475490570068,0.03137257695198059,0.03969205729663372,0.7029075860977173,0.794698703289032,-0.008573457598686218,0.16632988750934596,nan,0.0,nan,0.0,0
17,340,5972,0.26073863636363637,2560,1.6467863321304321,0.379296875,0.8015472024679184,0.8033447504043579,0.28515625,0.4124398916959763,0.9159268915653229,0.03137257695198059,0.04356556702405214,0.7100305110216141,0.7952865988016129,-0.006260603666305542,0.16632988750934596,nan,0.0,0.34375,0.3718656999990344,0
17,352,5984,0.2600568181818182,1480,1.5890015060837204,0.38108108172545563,0.7948796056412362,0.799309395132838,0.3074324329157133,0.40971185484448,0.9187095519658681,0.03137257695198059,0.03720507827159521,0.6961719815795486,0.7952865988016129,0.00040699316037673405,0.16632988750934596,nan,0.0,nan,0.0,0
18,20,6004,0.25892045454545454,2560,1.5982899010181426,0.39140625,0.8080985575914383,0.8045374721288681,0.2859375,0.41197883784770967,0.9176358699798584,0.03137257695198059,0.04632938671857119,0.7185432076454162,0.7952865988016129,-0.01281195878982544,0.16632988750934596,nan,0.0,nan,0.0,0
18,40,6024,0.25778409090909093,2560,1.6035384476184844,0.391015625,0.7757444560527802,0.7968709498643876,0.29609375,0.43150012493133544,0.9208534449338913,0.03137257695198059,0.04158633910119534,0.7059379190206527,0.8015472024679184,0.025802746415138245,0.16632988750934596,nan,0.0,nan,0.0,0
18,60,6044,0.2566477272727273,2560,1.6337053716182708,0.373046875,0.7978082120418548,0.7983078271150589,0.2875,0.42594458907842636,0.9203731715679169,0.03137257695198059,0.042305597476661204,0.706993842124939,0.8015472024679184,0.0037389904260636264,0.16632988750934596,nan,0.0,nan,0.0,0
18,80,6064,0.2555113636363637,2560,1.6285845756530761,0.383203125,0.7986397922039032,0.7977651178836822,0.28203125,0.3981786459684372,0.9172808527946472,0.03137257695198059,0.03567611109465361,0.6911018252372741,0.7978082120418548,-0.0008315801620484287,0.16632988750934596,nan,0.0,0.3828125,0.38032039999961853,0
18,100,6084,0.25437499999999996,2560,1.6130844056606293,0.387109375,0.8015549898147583,0.7944881618022919,0.298046875,0.42956506460905075,0.9235990107059479,0.03137257695198059,0.03923418838530779,0.6979356795549393,0.7978082120418548,-0.0037467777729034424,0.16632988750934596,nan,0.0,nan,0.0,0
18,120,6104,0.25323863636363636,2560,1.6239647030830384,0.3828125,0.8033897280693054,0.7946691155433655,0.277734375,0.4008502930402756,0.9230480402708053,0.03137257695198059,0.03890197444707155,0.7007019132375717,0.7986397922039032,-0.004749935865402177,0.16632988750934596,nan,0.0,nan,0.0,0
18,140,6124,0.2521022727272727,2560,1.6216045916080475,0.394140625,0.7921942502260209,0.7973769098520279,0.281640625,0.4309469908475876,0.9188626825809478,0.03137257695198059,0.04013621360063553,0.7038657873868942,0.7986397922039032,0.006445541977882385,0.16632988750934596,nan,0.0,nan,0.0,0
18,160,6144,0.2509659090909091,2560,1.6319725155830382,0.3859375,0.8030107825994491,0.7997506618499756,0.294140625,0.42263178825378417,0.9207423150539398,0.03137257695198059,0.03867549411952496,0.6988062381744384,0.7986397922039032,-0.004370990395545893,0.16632988750934596,nan,0.0,nan,0.0,0
18,180,6164,0.24982954545454544,2560,1.6059343278408051,0.390234375,0.7965551495552063,0.791528844833374,0.281640625,0.4223538115620613,0.9214026391506195,0.03137257695198059,0.04150228165090084,0.7038277238607407,0.8015549898147583,0.004999840259551913,0.16632988750934596,nan,0.0,0.3515625,0.37964529999590013,0
18,200,6184,0.24869318181818179,2560,1.5924642086029053,0.39375,0.7892313688993454,0.794690978527069,0.303515625,0.42395668029785155,0.9147836267948151,0.03137257695198059,0.03416684176772833,0.6869058638811112,0.8015549898147583,0.012323620915412836,0.16632988750934596,nan,0.0,nan,0.0,0
18,220,6204,0.24755681818181818,2560,1.6486074447631835,0.38828125,0.7986941695213318,0.799411928653717,0.27890625,0.43171653151512146,0.9214170008897782,0.03137257695198059,0.039218499325215816,0.7002742141485214,0.7965551495552063,-0.0021390199661254217,0.16632988750934596,nan,0.0,nan,0.0,0
18,240,6224,0.2464204545454545,2560,1.619982498884201,0.39609375,0.7981441468000412,0.8048665553331376,0.282421875,0.43113852143287656,0.9210382044315338,0.03137257695198059,0.03834519051015377,0.6958342432975769,0.7965551495552063,-0.0015889972448348555,0.16632988750934596,nan,0.0,nan,0.0,0
18,260,6244,0.2452840909090909,2560,1.6086988925933838,0.382421875,0.7910886406898499,0.7941291987895965,0.288671875,0.41960368752479554,0.9240541100502014,0.03137257695198059,0.040319403633475304,0.7030524224042892,0.7981441468000412,0.007055506110191345,0.16632988750934596,nan,0.0,nan,0.0,0
18,280,6264,0.24414772727272724,2560,1.5811495065689087,0.39140625,0.787930142879486,0.790620943903923,0.2875,0.4160692721605301,0.9227714717388154,0.03137257695198059,0.037600870244205,0.6949226796627045,0.7965551495552063,0.008625006675720304,0.16632988750934596,nan,0.0,0.359375,0.3747701000102097,0
18,300,6284,0.24301136363636364,2560,1.5787520706653595,0.39921875,0.7903845876455307,0.7982711911201477,0.298046875,0.4285354569554329,0.925296425819397,0.03137257695198059,0.045088375359773634,0.7137440860271453,0.7910886406898499,0.0007040530443191972,0.16632988750934596,nan,0.0,nan,0.0,0
18,320,6304,0.24187499999999995,2560,1.6190254151821137,0.387109375,0.791582214832306,0.7925595790147781,0.275390625,0.4148816138505936,0.9197742640972137,0.03137257695198059,0.038793415576219556,0.698135432600975,0.7910886406898499,-0.0004935741424560991,0.16632988750934596,nan,0.0,nan,0.0,0
18,340,6324,0.24073863636363635,2560,1.60829216837883,0.378125,0.7951777100563049,0.7955027431249618,0.273046875,0.40193781852722166,0.9218963801860809,0.03137257695198059,0.04389395471662283,0.711789807677269,0.7910886406898499,-0.004089069366455034,0.16632988750934596,nan,0.0,nan,0.0,0
18,352,6336,0.2400568181818182,1480,1.6264234046678285,0.3709459462681332,0.7989488237612956,0.7966539785668657,0.3074324332379006,0.4331064868617702,0.9213693625218159,0.03137257695198059,0.04461266704507776,0.7124569883217683,0.7910886406898499,-0.007860183071445759,0.16632988750934596,nan,0.0,nan,0.0,0
19,20,6356,0.23892045454545452,2560,1.6047483563423157,0.39609375,0.7961683571338654,0.7987513393163681,0.283984375,0.42667229622602465,0.9188040643930435,0.03137257695198059,0.039992910251021384,0.703080928325653,0.791582214832306,-0.004586142301559404,0.16632988750934596,nan,0.0,0.34375,0.3710214000020642,0
19,40,6376,0.23778409090909092,2560,1.602387410402298,0.4,0.7853754311800003,0.7922392725944519,0.286328125,0.43024286031723025,0.9221456050872803,0.03137257695198059,0.03881909791380167,0.7003640502691268,0.7951777100563049,0.009802278876304582,0.16632988750934596,nan,0.0,nan,0.0,0
19,60,6396,0.23664772727272726,2560,1.5785346806049347,0.388671875,0.8006815642118454,0.797063085436821,0.283203125,0.4073068767786026,0.9137738764286041,0.03137257695198059,0.042017264291644096,0.7072802811861039,0.7951777100563049,-0.005503854155540555,0.16632988750934596,nan,0.0,nan,0.0,0
19,80,6416,0.23551136363636366,2560,1.5660926222801208,0.408984375,0.7755968511104584,0.7897416681051255,0.284765625,0.4272587940096855,0.9133753687143326,0.03137257695198059,0.04036545064300299,0.7027537852525712,0.7961683571338654,0.02057150602340696,0.16632988750934596,nan,0.0,nan,0.0,0
19,100,6436,0.234375,2560,1.5878390729427339,0.3859375,0.7689751207828521,0.7866685420274735,0.29921875,0.4325560599565506,0.9143712520599365,0.03137257695198059,0.037527895905077456,0.6947143226861954,0.7961683571338654,0.027193236351013228,0.16632988750934596,nan,0.0,nan,0.0,0
19,120,6456,0.23323863636363631,2560,1.5998660743236541,0.40546875,0.7895159691572189,0.7937922418117523,0.301171875,0.4248923063278198,0.9211600214242935,0.03137257695198059,0.044438233226537706,0.7123260349035263,0.7853754311800003,-0.0041405379772185835,0.16632988750934596,nan,0.0,0.34375,0.3752273999998579,0
19,140,6476,0.2321022727272727,2560,1.569940596818924,0.4015625,0.7810423970222473,0.787132415175438,0.2765625,0.41321074217557907,0.9121493190526963,0.03137257695198059,0.04317990392446518,0.7111958771944046,0.7853754311800003,0.004333034157752991,0.16632988750934596,nan,0.0,nan,0.0,0
19,160,6496,0.23096590909090906,2560,1.535358738899231,0.41640625,0.7760392487049103,0.7976358026266098,0.28671875,0.4402932047843933,0.9160048305988312,0.03137257695198059,0.04354277402162552,0.7133229702711106,0.7810423970222473,0.005003148317337058,0.16632988750934596,nan,0.0,nan,0.0,0
19,180,6516,0.22982954545454545,2560,1.6081607937812805,0.402734375,0.8013230919837951,0.8011678248643875,0.284765625,0.4170371383428574,0.9195556789636612,0.03137257695198059,0.04459257964044809,0.7147372245788575,0.7760392487049103,-0.025283843278884888,0.16632988750934596,nan,0.0,nan,0.0,0
19,200,6536,0.22869318181818177,2560,1.5776936709880829,0.400390625,0.7823364466428757,0.7914937496185303,0.28984375,0.43888370543718336,0.9177883386611938,0.03137257695198059,0.04163956660777331,0.705909076333046,0.7810423970222473,-0.0012940496206284013,0.16632988750934596,nan,0.0,nan,0.0,0
19,220,6556,0.22755681818181817,2560,1.6065085351467132,0.402734375,0.7878774523735046,0.795419329404831,0.2796875,0.44232443571090696,0.9192033261060715,0.03137257695198059,0.04087457824498415,0.7046252608299255,0.7823364466428757,-0.0055410057306288785,0.16632988750934596,nan,0.0,0.3359375,0.37668139999732375,0
19,240,6576,0.2264204545454545,2560,1.5647885143756866,0.400390625,0.7798787176609039,0.7884210169315338,0.2890625,0.4167765289545059,0.9259756892919541,0.03137257695198059,0.03748272620141506,0.6960393518209458,0.7823364466428757,0.0024577289819718295,0.16632988750934596,nan,0.0,nan,0.0,0
19,260,6596,0.2252840909090909,2560,1.5925499260425569,0.384375,0.7981493711471558,0.7984440058469773,0.301171875,0.42593118399381635,0.9214986354112625,0.03137257695198059,0.043052376806735994,0.7111109435558319,0.7823364466428757,-0.015812924504280068,0.16632988750934596,nan,0.0,nan,0.0,0
19,280,6616,0.22414772727272725,2560,1.5915696144104003,0.398046875,0.7662782192230224,0.7823190182447434,0.303125,0.44055304676294327,0.9131855249404908,0.03137257695198059,0.03687219750136137,0.6955427050590515,0.7878774523735046,0.021599233150482178,0.16632988750934596,nan,0.0,nan,0.0,0
19,300,6636,0.22301136363636365,2560,1.6086666524410247,0.3765625,0.7948085933923721,0.7916484981775284,0.301953125,0.4111617848277092,0.9153180718421936,0.03137257695198059,0.038313607685267925,0.7018568336963653,0.7823364466428757,-0.012472146749496371,0.16632988750934596,nan,0.0,nan,0.0,0
19,320,6656,0.22187499999999996,2560,1.5648821413516998,0.3953125,0.7687268674373626,0.7945926874876023,0.2984375,0.4308780640363693,0.92625632584095,0.03137257695198059,0.04102943167090416,0.705124232172966,0.7878774523735046,0.019150584936141968,0.16632988750934596,nan,0.0,0.375,0.3783053000079235,0
19,340,6676,0.22073863636363636,2560,1.5837586283683778,0.396484375,0.782416632771492,0.7885260462760926,0.291015625,0.42715376913547515,0.9223419338464737,0.03137257695198059,0.03925049547106028,0.7006172657012939,0.7798787176609039,-0.002537915110588096,0.16632988750934596,nan,0.0,nan,0.0,0
19,352,6688,0.22005681818181821,1480,1.5607286556346995,0.4128378376767442,0.7685755655572221,0.7712686342162055,0.28851351367460715,0.4366182237058073,0.9241556509121044,0.03137257695198059,0.03679539255193762,0.6967426354820664,0.782416632771492,0.01384106721426992,0.16632988750934596,nan,0.0,nan,0.0,0
20,20,6708,0.21892045454545453,2560,1.5836293756961823,0.408984375,0.7970725297927856,0.7952255487442017,0.290234375,0.43403255194425583,0.9190794885158539,0.03137257695198059,0.036876588314771655,0.6922529518604279,0.7687268674373626,-0.028345662355423018,0.16632988750934596,nan,0.0,nan,0.0,0
20,40,6728,0.21778409090909087,2560,1.5568229913711549,0.415234375,0.7902110695838929,0.7985803127288819,0.2703125,0.4231145352125168,0.9154805779457093,0.03137257695198059,0.04010456185787916,0.7022945702075958,0.782416632771492,-0.0077944368124008845,0.16632988750934596,nan,0.0,nan,0.0,0
20,60,6748,0.21664772727272727,2560,1.5537937581539154,0.4125,0.7836165726184845,0.7899180293083191,0.29140625,0.4243150055408478,0.9212163507938385,0.03137257695198059,0.03767599519342184,0.6975603133440018,0.782416632771492,-0.0011999398469925149,0.16632988750934596,nan,0.0,0.328125,0.367740200003027,0
20,80,6768,0.2155113636363636,2560,1.5772236824035644,0.396875,0.7798040866851806,0.7921535670757294,0.3,0.4309587463736534,0.9188596338033677,0.03137257695198059,0.03793714083731174,0.6965409487485885,0.7836165726184845,0.003812485933303855,0.16632988750934596,nan,0.0,nan,0.0,0
20,100,6788,0.214375,2560,1.591791993379593,0.398828125,0.7814633578062058,0.7844683527946472,0.29140625,0.4187754809856415,0.9210334956645966,0.03137257695198059,0.03740029670298099,0.6949919641017914,0.7836165726184845,0.002153214812278703,0.16632988750934596,nan,0.0,nan,0.0,0
20,120,6808,0.21323863636363632,2560,1.5725851237773896,0.4109375,0.77599216401577,0.7932855159044265,0.3046875,0.45343550443649294,0.9183604151010514,0.03137257695198059,0.03647582177072763,0.6940437614917755,0.7836165726184845,0.007624408602714516,0.16632988750934596,nan,0.0,nan,0.0,0
20,140,6828,0.21210227272727272,2560,1.55243039727211,0.404296875,0.7749573916196824,0.7858223140239715,0.297265625,0.4226869001984596,0.9169567316770554,0.03137257695198059,0.03892627563327551,0.6993492782115937,0.7814633578062058,0.0065059661865234375,0.16632988750934596,nan,0.0,nan,0.0,0
20,160,6848,0.21096590909090907,2560,1.58942711353302,0.376171875,0.7768562763929368,0.78696468770504,0.31171875,0.4519632890820503,0.9212388515472412,0.03137257695198059,0.038393761962652206,0.6961930215358734,0.7798040866851806,0.002947810292243891,0.16632988750934596,nan,0.0,0.375,0.36770119999710005,0
20,180,6868,0.20982954545454546,2560,1.576133167743683,0.396875,0.7802318841218948,0.7904791742563247,0.27734375,0.3969158485531807,0.9164252161979676,0.03137257695198059,0.04079785719513893,0.7063869863748551,0.7768562763929368,-0.0033756077289580633,0.16632988750934596,nan,0.0,nan,0.0,0
20,200,6888,0.20869318181818178,2560,1.547881805896759,0.42421875,0.7630267798900604,0.7778810113668442,0.291015625,0.4461558684706688,0.9191313564777375,0.03137257695198059,0.03766443319618702,0.6973278999328614,0.7768562763929368,0.013829496502876348,0.16632988750934596,nan,0.0,nan,0.0,0
20,220,6908,0.20755681818181818,2560,1.5679463565349578,0.40625,0.7751247823238373,0.7889963954687118,0.289453125,0.4357811823487282,0.9140757381916046,0.03137257695198059,0.0365168783813715,0.6921120971441269,0.77599216401577,0.0008673816919326782,0.16632988750934596,nan,0.0,nan,0.0,0
20,240,6928,0.20642045454545452,2560,1.5672059893608092,0.401171875,0.7800486743450165,0.7888459771871567,0.299609375,0.4343100324273109,0.9246910274028778,0.03137257695198059,0.040819093212485315,0.7051417678594589,0.7751247823238373,-0.004923892021179155,0.16632988750934596,nan,0.0,nan,0.0,0
20,260,6948,0.20528409090909092,2560,1.5820962131023406,0.3875,0.7887642055749893,0.7946008235216141,0.30234375,0.43364795446395876,0.9235088527202606,0.03137257695198059,0.03723604939877987,0.695031949877739,0.7768562763929368,-0.011907929182052523,0.16632988750934596,nan,0.0,0.359375,0.3714334999967832,0
20,280,6968,0.20414772727272726,2560,1.5645902276039123,0.406640625,0.7858871340751648,0.799682891368866,0.3015625,0.439605875313282,0.9180270075798035,0.03137257695198059,0.03786670360714197,0.6962633281946182,0.7800486743450165,-0.005838459730148293,0.16632988750934596,nan,0.0,nan,0.0,0
20,300,6988,0.20301136363636366,2560,1.5702626764774323,0.390234375,0.7841167569160461,0.7914992213249207,0.296484375,0.4200547471642494,0.9212887018918992,0.03137257695198059,0.03587473630905151,0.6924124747514725,0.7800486743450165,-0.004068082571029641,0.16632988750934596,nan,0.0,nan,0.0,0
20,320,7008,0.20187499999999997,2560,1.5907820820808412,0.394921875,0.7766802072525024,0.7943543940782547,0.296484375,0.4334115445613861,0.9231707453727722,0.03137257695198059,0.04064876139163971,0.7045597761869431,0.7841167569160461,0.007436549663543679,0.16632988750934596,nan,0.0,nan,0.0,0
20,340,7028,0.20073863636363637,2560,1.5351238250732422,0.410546875,0.785170641541481,0.7967706233263016,0.283984375,0.4211913555860519,0.9156757444143295,0.03137257695198059,0.037509714253246784,0.695313349366188,0.7841167569160461,-0.0010538846254348755,0.16632988750934596,nan,0.0,nan,0.0,0
20,352,7040,0.20005681818181814,1480,1.5423076552313728,0.40472973037410426,0.7756108925149248,0.7862626072522756,0.31013513513513513,0.4410925240130038,0.918190252458727,0.03137257695198059,0.03751657808551917,0.6939913247082684,0.785170641541481,0.009559749026556208,0.16632988750934596,nan,0.0,0.3671875,0.37940610000805464,0
21,20,7060,0.19892045454545454,2560,1.5515736401081086,0.4078125,0.7829132705926896,0.7873857021331787,0.278515625,0.42971161454916,0.9148402124643326,0.03137257695198059,0.04229522682726383,0.7101843357086182,0.7841167569160461,0.0012034863233565396,0.16632988750934596,nan,0.0,nan,0.0,0
21,40,7080,0.19778409090909088,2560,1.5727135181427,0.401171875,0.7724488198757171,0.7845774561166763,0.309765625,0.4347588285803795,0.9143491268157959,0.03137257695198059,0.03863619659096003,0.6997691333293915,0.7829132705926896,0.01046445071697244,0.16632988750934596,nan,0.0,nan,0.0,0
21,60,7100,0.19664772727272728,2560,1.5554872810840608,0.40390625,0.769684574007988,0.777037826180458,0.308984375,0.4386535719037056,0.9169714838266373,0.03137257695198059,0.0386835690587759,0.7003295123577118,0.7766802072525024,0.006995633244514465,0.16632988750934596,nan,0.0,nan,0.0,0
21,80,7120,0.1955113636363636,2560,1.5311051964759828,0.41953125,0.7592839598655701,0.7804556787014008,0.2953125,0.433898800611496,0.911653283238411,0.03137257695198059,0.035097502078861,0.6885647773742676,0.7756108925149248,0.016326932649354697,0.16632988750934596,nan,0.0,nan,0.0,0
21,100,7140,0.194375,2560,1.5417534410953522,0.405859375,0.7808641046285629,0.7899775356054306,0.277734375,0.4254485934972763,0.9161361902952194,0.03137257695198059,0.03943077065050602,0.7031092017889022,0.7724488198757171,-0.008415284752845809,0.16632988750934596,nan,0.0,0.3984375,0.3746523000008892,0
21,120,7160,0.19323863636363633,2560,1.5438445270061494,0.409765625,0.745974338054657,0.7819451928138733,0.28828125,0.443779881298542,0.9232840448617935,0.03137257695198059,0.035741770267486574,0.6908943325281143,0.7724488198757171,0.02647448182106016,0.16632988750934596,nan,0.0,nan,0.0,0
21,140,7180,0.19210227272727273,2560,1.567868322134018,0.3984375,0.7804520189762115,0.7953445613384247,0.291015625,0.4281627029180527,0.920036968588829,0.03137257695198059,0.0395533699542284,0.7033192396163941,0.769684574007988,-0.010767444968223572,0.16632988750934596,nan,0.0,nan,0.0,0
21,160,7200,0.19096590909090908,2560,1.5403271675109864,0.416015625,0.7797247529029846,0.784848552942276,0.284765625,0.4246541425585747,0.9220049738883972,0.03137257695198059,0.03842163737863302,0.6975382655858994,0.769684574007988,-0.010040178894996643,0.16632988750934596,nan,0.0,nan,0.0,0
21,180,7220,0.18982954545454547,2560,1.5332236409187316,0.4234375,0.7699214398860932,0.7853120326995849,0.293359375,0.4475887447595596,0.9187710046768188,0.03137257695198059,0.033524231426417826,0.6836515247821808,0.7797247529029846,0.009803313016891413,0.16632988750934596,nan,0.0,nan,0.0,0
21,200,7240,0.1886931818181818,2560,1.519910305738449,0.41171875,0.7682925671339035,0.7891844600439072,0.287890625,0.43244765549898145,0.9143842250108719,0.03137257695198059,0.034263177402317525,0.6869462668895722,0.7797247529029846,0.011432185769081116,0.16632988750934596,nan,0.0,0.3046875,0.37077559999306686,0
21,220,7260,0.18755681818181819,2560,1.5344310581684113,0.41484375,0.7719074845314026,0.7865782707929612,0.2953125,0.4501801609992981,0.9184913754463195,0.03137257695198059,0.037229111418128014,0.69440878033638,0.7699214398860932,-0.0019860446453093816,0.16632988750934596,nan,0.0,nan,0.0,0
21,240,7280,0.18642045454545453,2560,1.5521800935268402,0.425390625,0.7800061345100403,0.7899168878793716,0.2703125,0.4308089390397072,0.9249742150306701,0.03137257695198059,0.03513663094490767,0.6885893762111663,0.7719074845314026,-0.00809864997863774,0.16632988750934596,nan,0.0,nan,0.0,0
21,260,7300,0.18528409090909093,2560,1.5396642804145813,0.416796875,0.7787157028913498,0.7868019372224808,0.290625,0.43561693727970124,0.9181029230356217,0.03137257695198059,0.035540656000375745,0.6882695019245147,0.7719074845314026,-0.006808218359947271,0.16632988750934596,nan,0.0,nan,0.0,0
21,280,7320,0.18414772727272724,2560,1.528824472427368,0.403515625,0.7779066294431687,0.7847477108240127,0.300390625,0.43777167052030563,0.9187945246696472,0.03137257695198059,0.03567231558263302,0.6889313697814942,0.7719074845314026,-0.005999144911766119,0.16632988750934596,nan,0.0,nan,0.0,0
21,300,7340,0.18301136363636364,2560,1.5281022787094116,0.41015625,0.7591922372579575,0.7718748897314072,0.289453125,0.42875479310750964,0.9272931605577469,0.03137257695198059,0.03440841995179653,0.6872777968645096,0.7779066294431687,0.018714392185211204,0.16632988750934596,nan,0.0,0.359375,0.37835219998669345,0
21,320,7360,0.18187499999999998,2560,1.5135599672794342,0.415625,0.7615219205617905,0.7822764247655869,0.30234375,0.44406425654888154,0.91803018450737,0.03137257695198059,0.03794249929487705,0.6980837702751159,0.7779066294431687,0.016384708881378218,0.16632988750934596,nan,0.0,nan,0.0,0
21,340,7380,0.18073863636363638,2560,1.5930588960647583,0.3875,0.7676464885473251,0.7834036707878113,0.287109375,0.43103680610656736,0.9143679529428482,0.03137257695198059,0.03859363552182913,0.6988282620906829,0.7779066294431687,0.010260140895843595,0.16632988750934596,nan,0.0,nan,0.0,0
21,352,7392,0.18005681818181815,1480,1.4833348776843096,0.4263513513513513,0.7714915369008039,0.7832192008559768,0.27837837837837837,0.39962912604615497,0.918544809560518,0.03137257695198059,0.035904559573611695,0.6917217135429382,0.7676464885473251,-0.003845048353478764,0.16632988750934596,nan,0.0,nan,0.0,0
22,20,7412,0.17892045454545455,2560,1.534665858745575,0.4015625,0.7644095152616501,0.778993371129036,0.314453125,0.4704730823636055,0.9182993799448014,0.03137257695198059,0.037143095210194585,0.6955637842416763,0.7676464885473251,0.00323697328567496,0.16632988750934596,nan,0.0,nan,0.0,0
22,40,7432,0.1777840909090909,2560,1.5172304511070251,0.412109375,0.7752623558044434,0.7802449733018875,0.28984375,0.4186340242624283,0.9151734918355942,0.03137257695198059,0.03941370137035847,0.7011019319295884,0.7644095152616501,-0.01085284054279323,0.16632988750934596,nan,0.0,0.4140625,0.385022200003732,0
22,60,7452,0.1766477272727273,2560,1.536983358860016,0.403515625,0.7542870700359344,0.7781692653894424,0.31171875,0.4562316283583641,0.9295119225978852,0.03137257695198059,0.03553709937259555,0.6913916379213333,0.7676464885473251,0.013359418511390664,0.16632988750934596,nan,0.0,nan,0.0,0
22,80,7472,0.1755113636363636,2560,1.498639804124832,0.4296875,0.7717320770025253,0.7823837459087372,0.28125,0.42883961498737333,0.9199105739593506,0.03137257695198059,0.03593400195240974,0.6920667141675949,0.7676464885473251,-0.00408558845520024,0.16632988750934596,nan,0.0,nan,0.0,0
22,100,7492,0.174375,2560,1.551445883512497,0.421484375,0.7636381387710571,0.7783587336540222,0.2796875,0.45509596168994904,0.9226032495498657,0.03137257695198059,0.035849249269813296,0.6903735011816025,0.7714915369008039,0.007853398129746725,0.16632988750934596,nan,0.0,nan,0.0,0
22,120,7512,0.17323863636363634,2560,1.5388176143169403,0.413671875,0.7820097118616104,0.7926770746707916,0.2984375,0.43045259118080137,0.9209266871213913,0.03137257695198059,0.03758155861869454,0.6975283950567246,0.7644095152616501,-0.01760019659996026,0.16632988750934596,nan,0.0,nan,0.0,0
22,140,7532,0.17210227272727274,2560,1.5277302980422973,0.420703125,0.7789056926965714,0.7886474788188934,0.2734375,0.42042396366596224,0.9200205653905869,0.03137257695198059,0.03641536999493837,0.6925417065620423,0.7717320770025253,-0.007173615694046065,0.16632988750934596,nan,0.0,0.4453125,0.36933590000262484,0
22,160,7552,0.17096590909090906,2560,1.4825494706630706,0.440625,0.7648286581039428,0.7802779048681259,0.273828125,0.4499780356884003,0.9185301661491394,0.03137257695198059,0.035023876093328,0.6913121402263641,0.7717320770025253,0.006903418898582481,0.16632988750934596,nan,0.0,nan,0.0,0
22,180,7572,0.16982954545454546,2560,1.5182609558105469,0.429296875,0.7615257173776626,0.7777600765228272,0.298046875,0.44306747019290926,0.9217114984989166,0.03137257695198059,0.03672355897724629,0.6936286121606827,0.7717320770025253,0.010206359624862715,0.16632988750934596,nan,0.0,nan,0.0,0
22,200,7592,0.1686931818181818,2560,1.4643762946128844,0.43671875,0.7552765727043151,0.7785684198141098,0.296875,0.4404511585831642,0.9241501003503799,0.03137257695198059,0.0377129839733243,0.6965336114168167,0.7648286581039428,0.009552085399627708,0.16632988750934596,nan,0.0,nan,0.0,0
22,220,7612,0.1675568181818182,2560,1.5122542679309845,0.423046875,0.7568855494260788,0.7804701685905456,0.29453125,0.4482431009411812,0.9161185115575791,0.03137257695198059,0.03561661746352911,0.6914857447147369,0.7648286581039428,0.007943108677864075,0.16632988750934596,nan,0.0,nan,0.0,0
22,240,7632,0.16642045454545454,2560,1.5072385787963867,0.41953125,0.7737211972475052,0.7921150475740433,0.289453125,0.4282627671957016,0.9097655236721038,0.03137257695198059,0.03841691594570875,0.6990634948015213,0.7615257173776626,-0.012195479869842596,0.16632988750934596,nan,0.0,0.3984375,0.37278710000100546,0
22,260,7652,0.16528409090909094,2560,1.4903462052345275,0.426171875,0.7552474677562714,0.7768644005060196,0.304296875,0.44728991389274597,0.91602823138237,0.03137257695198059,0.03704291917383671,0.695037716627121,0.7615257173776626,0.00627824962139123,0.16632988750934596,nan,0.0,nan,0.0,0
22,280,7672,0.16414772727272725,2560,1.5589482247829438,0.405859375,0.7600025057792663,0.7812109887599945,0.3015625,0.43831888139247893,0.9155133813619614,0.03137257695198059,0.036549150943756104,0.6940454065799713,0.7568855494260788,-0.003116956353187539,0.16632988750934596,nan,0.0,nan,0.0,0
22,300,7692,0.16301136363636365,2560,1.5383362650871277,0.41640625,0.7486662477254867,0.7702640771865845,0.2953125,0.43291574269533156,0.9153145015239715,0.03137257695198059,0.037004500068724154,0.6937074691057206,0.7568855494260788,0.008219301700592041,0.16632988750934596,nan,0.0,nan,0.0,0
22,320,7712,0.161875,2560,1.4793501257896424,0.43515625,0.7424736797809601,0.769686010479927,0.29609375,0.4361707404255867,0.9194637477397919,0.03137257695198059,0.03548569045960903,0.6888268381357193,0.7568855494260788,0.014411869645118647,0.16632988750934596,nan,0.0,nan,0.0,0
22,340,7732,0.1607386363636364,2560,1.4890427112579345,0.428125,0.7704504758119584,0.77437504529953,0.298046875,0.45333973616361617,0.9175988733768463,0.03137257695198059,0.03696721829473972,0.6952438145875931,0.7552474677562714,-0.015203008055686973,0.16632988750934596,nan,0.0,0.375,0.37385180000273976,0
22,352,7744,0.16005681818181816,1480,1.5077671431206368,0.4236486483264614,0.7700286910340592,0.773097490942156,0.29864864913192957,0.45158381671518893,0.9191727560919685,0.03137257695198059,0.039292988221387604,0.7026300098444964,0.7552474677562714,-0.014781223277787858,0.16632988750934596,nan,0.0,nan,0.0,0
23,20,7764,0.15892045454545456,2560,1.4983787000179292,0.43125,0.772587925195694,0.7824318140745163,0.295703125,0.4254511997103691,0.9234557032585144,0.03137257695198059,0.03808315172791481,0.6998158037662506,0.7600025057792663,-0.012585419416427657,0.16632988750934596,nan,0.0,nan,0.0,0
23,40,7784,0.15778409090909087,2560,1.5048921287059784,0.41484375,0.743556585907936,0.7648458033800125,0.303125,0.4370833560824394,0.9225531488656997,0.03137257695198059,0.03563180174678564,0.6902744829654693,0.7700286910340592,0.02647210512612319,0.16632988750934596,nan,0.0,nan,0.0,0
23,60,7804,0.15664772727272727,2560,1.5193581104278564,0.413671875,0.7615533202886582,0.7827906429767608,0.30234375,0.43890601098537446,0.9145968317985534,0.03137257695198059,0.03873263616114855,0.6983115643262863,0.7700286910340592,0.008475370745401056,0.16632988750934596,nan,0.0,nan,0.0,0
23,80,7824,0.15551136363636361,2560,1.4733677685260773,0.425,0.7609096854925156,0.7771404504776,0.307421875,0.44923566430807116,0.9244795590639114,0.03137257695198059,0.03785479869693518,0.696877920627594,0.7700286910340592,0.009119005541543657,0.16632988750934596,nan,0.0,0.3515625,0.375669500004733,0
23,100,7844,0.154375,2560,1.4928149044513703,0.430859375,0.7622415542602539,0.7815334588289261,0.29453125,0.4516856238245964,0.9184852808713913,0.03137257695198059,0.03927228879183531,0.7035594373941422,0.7615533202886582,-0.0006882339715956753,0.16632988750934596,nan,0.0,nan,0.0,0
23,120,7864,0.15323863636363635,2560,1.5083653330802917,0.412109375,0.758841148018837,0.7717404901981354,0.299609375,0.43416374176740646,0.9200437188148498,0.03137257695198059,0.03806393798440695,0.6988680809736252,0.7615533202886582,0.0027121722698212336,0.16632988750934596,nan,0.0,nan,0.0,0
23,140,7884,0.15210227272727275,2560,1.4866441547870637,0.434765625,0.7597132295370101,0.7809691339731216,0.2875,0.4401851698756218,0.9159930109977722,0.03137257695198059,0.03417651038616896,0.6877051681280136,0.7609096854925156,0.0011964559555054377,0.16632988750934596,nan,0.0,nan,0.0,0
23,160,7904,0.15096590909090907,2560,1.4738821923732757,0.436328125,0.7603873908519745,0.78021140396595,0.289453125,0.4328869506716728,0.9158166438341141,0.03137257695198059,0.03279622998088598,0.6827368587255478,0.7609096854925156,0.0005222946405410989,0.16632988750934596,nan,0.0,nan,0.0,0
23,180,7924,0.14982954545454547,2560,1.5096426486968995,0.431640625,0.7476509273052215,0.7730619013309479,0.306640625,0.4558435335755348,0.9199728816747665,0.03137257695198059,0.035754150710999966,0.6912596046924591,0.7603873908519745,0.012736463546752952,0.16632988750934596,nan,0.0,0.3828125,0.3712011000025086,0
23,200,7944,0.1486931818181818,2560,1.4790242969989777,0.435546875,0.7633069396018982,0.7826858729124069,0.31171875,0.4377810925245285,0.9199310511350631,0.03137257695198059,0.034831924550235274,0.688621786236763,0.7597132295370101,-0.003593710064888067,0.16632988750934596,nan,0.0,nan,0.0,0
23,220,7964,0.1475568181818182,2560,1.4830422401428223,0.438671875,0.7560025423765182,0.7807518154382705,0.27734375,0.4538831263780594,0.9223055690526962,0.03137257695198059,0.036666848324239255,0.6932197779417038,0.7597132295370101,0.0037106871604919434,0.16632988750934596,nan,0.0,nan,0.0,0
23,240,7984,0.14642045454545452,2560,1.4934359669685364,0.425390625,0.7755902290344239,0.7924008965492249,0.3078125,0.4507899507880211,0.9189066737890244,0.03137257695198059,0.03933639172464609,0.7028578907251358,0.7597132295370101,-0.015876999497413724,0.16632988750934596,nan,0.0,nan,0.0,0
23,260,8004,0.14528409090909092,2560,1.4991487741470337,0.426953125,0.7581947863101959,0.7795306086540222,0.301171875,0.45200223922729493,0.9241281062364578,0.03137257695198059,0.03735441714525223,0.6947535067796707,0.7603873908519745,0.002192604541778609,0.16632988750934596,nan,0.0,nan,0.0,0
23,280,8024,0.14414772727272726,2560,1.463894361257553,0.428515625,0.7596410244703293,0.7756458431482315,0.289453125,0.4472957655787468,0.9152759790420533,0.03137257695198059,0.03648599367588758,0.6936342746019364,0.7581947863101959,-0.0014462381601334506,0.16632988750934596,nan,0.0,0.40625,0.37565979998908006,0
23,300,8044,0.14301136363636366,2560,1.4723750233650208,0.4390625,0.7455292582511902,0.7747848689556122,0.27265625,0.43815952390432356,0.9207236230373382,0.03137257695198059,0.03309477912262082,0.6818481534719467,0.7596410244703293,0.014111766219139121,0.16632988750934596,nan,0.0,nan,0.0,0
23,320,8064,0.141875,2560,1.4905696272850038,0.434765625,0.7617298185825347,0.7842707574367523,0.294140625,0.4466919764876366,0.914587551355362,0.03137257695198059,0.039390367642045024,0.7019069254398346,0.7581947863101959,-0.003535032272338867,0.16632988750934596,nan,0.0,nan,0.0,0
23,340,8084,0.1407386363636364,2560,1.4949845612049102,0.429296875,0.7521516591310501,0.7756683498620986,0.291796875,0.43543463498353957,0.9144831508398056,0.03137257695198059,0.03514754129573703,0.6892304301261902,0.7596410244703293,0.007489365339279241,0.16632988750934596,nan,0.0,nan,0.0,0
23,352,8096,0.14005681818181817,1480,1.447302194543787,0.43783783799893145,0.7361130620982196,0.774550228183334,0.2824324319491515,0.44019380002408415,0.9207684723106591,0.03137257695198059,0.03347161007491318,0.687801613356616,0.7581947863101959,0.022081724211976295,0.16632988750934596,nan,0.0,nan,0.0,0
24,20,8116,0.13892045454545457,2560,1.438032227754593,0.44921875,0.7419177323579789,0.7732216119766235,0.284375,0.4373875454068184,0.9190249294042587,0.03137257695198059,0.032221042271703484,0.680485388636589,0.7521516591310501,0.010233926773071222,0.16632988750934596,nan,0.0,0.4140625,0.3738104999938514,0
24,40,8136,0.13778409090909088,2560,1.4428248226642608,0.43984375,0.7431748569011688,0.7638740628957749,0.297265625,0.4273217782378197,0.9126787960529328,0.03137257695198059,0.03399974051862955,0.6867140531539917,0.7455292582511902,0.0023544013500214067,0.16632988750934596,nan,0.0,nan,0.0,0
24,60,8156,0.13664772727272728,2560,1.434326434135437,0.44375,0.7461425811052322,0.7724619776010513,0.293359375,0.4650631114840508,0.9197342157363891,0.03137257695198059,0.033745011780411005,0.6862532794475555,0.7431748569011688,-0.0029677242040634377,0.16632988750934596,nan,0.0,nan,0.0,0
24,80,8176,0.13551136363636362,2560,1.440781581401825,0.44609375,0.7508608102798462,0.7726626306772232,0.284765625,0.43911643624305724,0.9154107570648193,0.03137257695198059,0.03288635089993477,0.6828313052654267,0.7431748569011688,-0.00768595337867739,0.16632988750934596,nan,0.0,nan,0.0,0
24,100,8196,0.13437500000000002,2560,1.432029616832733,0.436328125,0.7326905995607376,0.7690812617540359,0.3171875,0.4591518327593803,0.9142835170030594,0.03137257695198059,0.03476843275129795,0.6881712764501572,0.7431748569011688,0.010484257340431236,0.16632988750934596,nan,0.0,nan,0.0,0
24,120,8216,0.13323863636363634,2560,1.426938772201538,0.444140625,0.749119371175766,0.7688795953989029,0.313671875,0.452844575047493,0.9107943445444107,0.03137257695198059,0.03585101626813412,0.6924261569976806,0.7431748569011688,-0.00594451427459719,0.16632988750934596,nan,0.0,0.4765625,0.37664509999740403,0
24,140,8236,0.13210227272727273,2560,1.4562551140785218,0.43828125,0.7306249409914016,0.764908242225647,0.298828125,0.46035403609275816,0.927377599477768,0.03137257695198059,0.03317684177309275,0.6834057360887528,0.7461425811052322,0.01551764011383061,0.16632988750934596,nan,0.0,nan,0.0,0
24,160,8256,0.13096590909090908,2560,1.4410332143306732,0.443359375,0.7436952888965607,0.767810583114624,0.299609375,0.44481901079416275,0.9125475764274598,0.03137257695198059,0.03552679009735584,0.6897726029157638,0.7461425811052322,0.00244729220867157,0.16632988750934596,nan,0.0,nan,0.0,0
24,180,8276,0.12982954545454548,2560,1.453017282485962,0.440625,0.7493725806474686,0.7747979670763016,0.308984375,0.4422870934009552,0.916963467001915,0.03137257695198059,0.03442687448114157,0.6864351987838745,0.7436952888965607,-0.00567729175090792,0.16632988750934596,nan,0.0,nan,0.0,0
24,200,8296,0.12869318181818182,2560,1.4507697999477387,0.44609375,0.7463197380304336,0.7743014216423034,0.28515625,0.44369376003742217,0.9142842829227448,0.03137257695198059,0.030680776108056307,0.6753808677196502,0.7436952888965607,-0.0026244491338729414,0.16632988750934596,nan,0.0,nan,0.0,0
24,220,8316,0.12755681818181822,2560,1.4873564660549163,0.422265625,0.7412946492433548,0.7743664026260376,0.28359375,0.4533832520246506,0.9170332789421082,0.03137257695198059,0.03430765718221664,0.6874577522277832,0.7463197380304336,0.005025088787078857,0.16632988750934596,nan,0.0,0.3515625,0.3721781999920495,0
24,240,8336,0.12642045454545453,2560,1.4590481162071227,0.43125,0.7403373181819916,0.7719927668571472,0.298828125,0.42388369143009186,0.9109119594097137,0.03137257695198059,0.03314192919060588,0.6828605830669403,0.7436952888965607,0.003357970714569114,0.16632988750934596,nan,0.0,nan,0.0,0
24,260,8356,0.12528409090909093,2560,1.5067985117435456,0.420703125,0.7507697343826294,0.7759010493755341,0.29140625,0.4476892054080963,0.9218974024057388,0.03137257695198059,0.03179644858464599,0.6794329166412354,0.7436952888965607,-0.007074445486068726,0.16632988750934596,nan,0.0,nan,0.0,0
24,280,8376,0.12414772727272727,2560,1.4787820160388947,0.441015625,0.7487129747867585,0.7681638240814209,0.2953125,0.4507424309849739,0.9200004816055298,0.03137257695198059,0.03172286357730627,0.6795434474945068,0.7463197380304336,-0.002393236756324857,0.16632988750934596,nan,0.0,nan,0.0,0
24,300,8396,0.12301136363636367,2560,1.4745247662067413,0.446875,0.758716344833374,0.7740521997213363,0.289453125,0.439115808904171,0.9183906733989715,0.03137257695198059,0.03238242473453283,0.6827482789754867,0.7463197380304336,-0.012396606802940413,0.16632988750934596,nan,0.0,nan,0.0,0
24,320,8416,0.121875,2560,1.4596526682376862,0.44609375,0.7418603479862214,0.771616005897522,0.302734375,0.45672657042741777,0.9146862208843232,0.03137257695198059,0.0348392017185688,0.6874604940414428,0.7487129747867585,0.006852626800537109,0.16632988750934596,nan,0.0,0.4296875,0.374648500001058,0
24,340,8436,0.12073863636363633,2560,1.4706089079380036,0.430078125,0.7318562179803848,0.762987032532692,0.31015625,0.4579844892024994,0.9227702021598816,0.03137257695198059,0.03298219358548522,0.6837004452943802,0.7487129747867585,0.016856756806373663,0.16632988750934596,nan,0.0,nan,0.0,0
24,352,8448,0.12005681818181817,1480,1.4852235033705428,0.4317567562734759,0.7473270561244036,0.7716586013098021,0.30810810891357626,0.47093846153568575,0.9234711721136764,0.03137257695198059,0.034405049540706584,0.6866677239134505,0.7487129747867585,0.0013859186623548236,0.16632988750934596,nan,0.0,nan,0.0,0
25,20,8468,0.11892045454545457,2560,1.4492190062999726,0.433203125,0.7570841997861862,0.7763439387083053,0.31328125,0.437823885679245,0.9089391231536865,0.03137257695198059,0.03870673533529043,0.7012336522340774,0.7473270561244036,-0.009757143661782597,0.16632988750934596,nan,0.0,nan,0.0,0
25,40,8488,0.1177840909090909,2560,1.4071882367134094,0.450390625,0.7352270007133483,0.7598282068967819,0.2984375,0.446498042345047,0.9192826837301254,0.03137257695198059,0.03394315745681524,0.6847431629896163,0.7473270561244036,0.0121000554110553,0.16632988750934596,nan,0.0,nan,0.0,0
25,60,8508,0.11664772727272729,2560,1.409319019317627,0.460546875,0.7170243233442306,0.7583559870719909,0.30703125,0.4523351863026619,0.9160681635141372,0.03137257695198059,0.03473524991422892,0.6897006541490555,0.7418603479862214,0.02483602464199075,0.16632988750934596,nan,0.0,0.3984375,0.3686558000044897,0
25,80,8528,0.11551136363636362,2560,1.3757100224494934,0.476953125,0.7260523796081543,0.760679516196251,0.28203125,0.4530448243021965,0.9249951928853989,0.03137257695198059,0.032545289024710655,0.6815935760736466,0.7352270007133483,0.00917462110519407,0.16632988750934596,nan,0.0,nan,0.0,0
25,100,8548,0.11437500000000002,2560,1.425386917591095,0.45078125,0.7281549721956253,0.7701889246702194,0.29453125,0.4485636129975319,0.9088832974433899,0.03137257695198059,0.032854662649333476,0.6817848563194275,0.7352270007133483,0.007072028517723039,0.16632988750934596,nan,0.0,nan,0.0,0
25,120,8568,0.11323863636363635,2560,1.412274217605591,0.451953125,0.726020535826683,0.7637799769639969,0.30234375,0.45140082091093064,0.9139146387577057,0.03137257695198059,0.03229253794997931,0.6818675607442856,0.7281549721956253,0.002134436368942283,0.16632988750934596,nan,0.0,nan,0.0,0
25,140,8588,0.11210227272727276,2560,1.4298635363578795,0.44375,0.7297729760408401,0.7680754512548447,0.316015625,0.4609355926513672,0.917902010679245,0.03137257695198059,0.034420834574848416,0.6876982003450394,0.7260523796081543,-0.003720596432685852,0.16632988750934596,nan,0.0,nan,0.0,0
25,160,8608,0.11096590909090909,2560,1.4537227988243102,0.453515625,0.7252243757247925,0.7576511621475219,0.290625,0.455366975069046,0.9172373652458191,0.03137257695198059,0.03373317299410701,0.6845466673374176,0.7260523796081543,0.0008280038833617942,0.16632988750934596,nan,0.0,0.421875,0.3694740000064485,0
25,180,8628,0.10982954545454549,2560,1.4313470482826234,0.452734375,0.7359845340251923,0.7592570185661316,0.276953125,0.4381618946790695,0.9090717494487762,0.03137257695198059,0.0348033782094717,0.6897039145231247,0.7260523796081543,-0.009932154417037986,0.16632988750934596,nan,0.0,nan,0.0,0
25,200,8648,0.10869318181818181,2560,1.4279243111610413,0.4546875,0.7163821041584015,0.7657685786485672,0.2890625,0.45485012233257294,0.9164679378271103,0.03137257695198059,0.03227632762864232,0.6813807547092438,0.7281549721956253,0.011772868037223772,0.16632988750934596,nan,0.0,nan,0.0,0
25,220,8668,0.10755681818181821,2560,1.4223350048065186,0.45078125,0.7242612242698669,0.7625616937875748,0.28984375,0.4397061228752136,0.9153568476438523,0.03137257695198059,0.032791415508836505,0.6822222858667374,0.726020535826683,0.0017593115568160789,0.16632988750934596,nan,0.0,nan,0.0,0
25,240,8688,0.10642045454545454,2560,1.4383525609970094,0.430078125,0.735922122001648,0.7681256800889968,0.3125,0.46285342127084733,0.9229103237390518,0.03137257695198059,0.03217222802340984,0.6795717388391495,0.7252243757247925,-0.010697746276855491,0.16632988750934596,nan,0.0,nan,0.0,0
25,260,8708,0.10528409090909087,2560,1.3949721515178681,0.4625,0.7289606988430023,0.7560262203216552,0.30078125,0.44367102682590487,0.9145349025726318,0.03137257695198059,0.02986634327098727,0.6721965044736862,0.7252243757247925,-0.0037363231182098167,0.16632988750934596,nan,0.0,0.3515625,0.37436180000077,0
25,280,8728,0.10414772727272727,2560,1.4126915156841278,0.444140625,0.7241542011499404,0.7622764825820922,0.308203125,0.47564857006072997,0.9103182673454284,0.03137257695198059,0.030506293661892413,0.6753498107194901,0.7289606988430023,0.004806497693061851,0.16632988750934596,nan,0.0,nan,0.0,0
25,300,8748,0.10301136363636361,2560,1.4334046006202699,0.462890625,0.7261496394872665,0.7534196346998214,0.276171875,0.43611017912626265,0.9248879909515381,0.03137257695198059,0.03205073168501258,0.6809731245040893,0.7242612242698669,-0.001888415217399575,0.16632988750934596,nan,0.0,nan,0.0,0
25,320,8768,0.10187500000000001,2560,1.4142616748809815,0.44921875,0.7236225366592407,0.7604731410741806,0.3078125,0.4550277441740036,0.9211944699287414,0.03137257695198059,0.03277797009795904,0.6826352655887604,0.7261496394872665,0.002527102828025818,0.16632988750934596,nan,0.0,nan,0.0,0
25,340,8788,0.10073863636363634,2560,1.3692644774913787,0.469921875,0.7191084563732147,0.7592482507228852,0.300390625,0.43689192086458206,0.9218844264745713,0.03137257695198059,0.03003139663487673,0.675187024474144,0.7261496394872665,0.0070411831140517744,0.16632988750934596,nan,0.0,nan,0.0,0
25,352,8800,0.10005681818181818,1480,1.3561079792074255,0.4797297297297297,0.6976999969095797,0.7559264714653428,0.27972972924644884,0.44048896625235273,0.9115940661043734,0.03137257695198059,0.03147338612659557,0.6786972110335892,0.7241542011499404,0.026454204240360712,0.16632988750934596,nan,0.0,0.421875,0.37920470000244677,0
26,20,8820,0.09892045454545458,2560,1.3546603322029114,0.48125,0.6961758077144623,0.755275872349739,0.298046875,0.44912619739770887,0.9216542720794678,0.03137257695198059,0.029736925661563874,0.6719602137804032,0.7236225366592407,0.027446728944778398,0.16632988750934596,nan,0.0,nan,0.0,0
26,40,8840,0.0977840909090909,2560,1.4269322991371154,0.44453125,0.6839128375053406,0.7444706082344055,0.301171875,0.446059887111187,0.9167586237192153,0.03137257695198059,0.03123976765200496,0.680976790189743,0.7191084563732147,0.035195618867874146,0.16632988750934596,nan,0.0,nan,0.0,0
26,60,8860,0.0966477272727273,2560,1.3733408749103546,0.469921875,0.7149217694997787,0.7639906764030456,0.290234375,0.4404954046010971,0.9107781946659088,0.03137257695198059,0.02886755932122469,0.6699324160814285,0.6976999969095797,-0.01722177259019897,0.16632988750934596,nan,0.0,nan,0.0,0
26,80,8880,0.09551136363636363,2560,1.4061714291572571,0.44296875,0.6846894741058349,0.7442942529916763,0.31171875,0.44196188151836396,0.913184118270874,0.03137257695198059,0.03001746628433466,0.6752717047929764,0.6976999969095797,0.013010522803744817,0.16632988750934596,nan,0.0,nan,0.0,0
26,100,8900,0.09437500000000003,2560,1.3513134717941284,0.48203125,0.649721896648407,0.7345413416624069,0.2859375,0.44851209670305253,0.9294838190078736,0.03137257695198059,0.028525565937161445,0.6696353435516358,0.6961758077144623,0.04645391106605534,0.16632988750934596,nan,0.0,0.4375,0.38027960000908934,0
26,120,8920,0.09323863636363636,2560,1.330784559249878,0.479296875,0.6135192155838013,0.7266928583383561,0.284375,0.4371037110686302,0.9174977838993073,0.03137257695198059,0.027774213906377555,0.6701789885759354,0.6846894741058349,0.07117025852203362,0.16632988750934596,nan,0.0,nan,0.0,0
26,140,8940,0.09210227272727275,2560,1.3578862607479096,0.4859375,0.6219459593296051,0.7327054470777512,0.2625,0.4363093629479408,0.910155639052391,0.03137257695198059,0.02927554240450263,0.675352618098259,0.6839128375053406,0.06196687817573554,0.16632988750934596,nan,0.0,nan,0.0,0
26,160,8960,0.09096590909090908,2560,1.3209800243377685,0.48984375,0.5097541362047195,0.7100568383932113,0.283203125,0.4213067889213562,0.9227063715457916,0.03137257695198059,0.024099839944392444,0.658244502544403,0.649721896648407,0.13996776044368742,0.16632988750934596,nan,0.0,nan,0.0,0
26,180,8980,0.08982954545454543,2560,1.2699822962284089,0.509375,0.38744940608739853,0.6758489161729813,0.243359375,0.39720409363508224,0.9182152062654495,0.03137257695198059,0.023018277063965798,0.651719281077385,0.6219459593296051,0.23449655324220653,0.16632988750934596,nan,0.0,0.3671875,0.3776366000092821,1
26,200,9000,0.08869318181818182,2560,1.1592928528785706,0.5609375,0.20902822278439998,0.6264440178871155,0.214453125,0.3166809521615505,0.9130827784538269,0.03137257695198059,0.020292649697512388,0.633104819059372,0.6135192155838013,0.4044909927994013,0.16632988750934596,nan,0.0,0.3359375,0.3732635000051232,1
26,220,9020,0.08755681818181815,2560,0.9597903221845627,0.6390625,0.04843720446806401,0.5527324885129928,0.161328125,0.1962319351732731,0.9139754205942154,0.03137257695198059,0.033226329181343314,0.6851207584142684,0.5097541362047195,0.46131693173665556,0.16632988750934596,nan,0.0,0.046875,0.373456500004977,1
26,240,9040,0.08642045454545455,2560,0.9898683935403824,0.63359375,0.06526087913662196,0.566758108139038,0.156640625,0.2758976459503174,0.9186308741569519,0.03137257695198059,0.033272881619632245,0.6792421460151672,0.38744940608739853,0.3221885269507766,0.16632988750934596,nan,0.0,0.1171875,0.3746012000046903,1
26,260,9060,0.08528409090909088,2560,0.8489597916603089,0.698828125,0.003761702193878591,0.5332636684179306,0.137890625,0.06341153024695814,0.9109031826257705,0.03137257695198059,0.03321500569581985,0.6744400531053543,0.20902822278439998,0.2052665205905214,0.16632988750934596,nan,0.0,0.0234375,0.3732561000069836,1
26,280,9080,0.08414772727272728,2560,0.8983482360839844,0.684375,0.027150827704463153,0.5237051874399186,0.1921875,0.09596344213932753,0.909630474448204,0.03137257695198059,0.03632146446034312,0.6852577447891235,0.06526087913662196,0.0381100514321588,0.16632988750934596,nan,0.0,0.09375,0.3767340999911539,0
26,300,9100,0.0830113636363636,2560,0.84574034512043,0.697265625,0.062274124450050296,0.5354282647371292,0.09609375,0.1499666767194867,0.913739413022995,0.03137257695198059,0.04585609808564186,0.7151341319084168,0.04843720446806401,-0.013836919981986287,0.16632988750934596,nan,0.0,0.0234375,0.37369760000729,0
26,320,9120,0.081875,2560,0.7731305629014968,0.727734375,0.03474466952029616,0.5254453241825103,0.106640625,0.11463667340576648,0.9152155697345734,0.03137257695198059,0.04125482551753521,0.7048948109149933,0.04843720446806401,0.01369253494776785,0.16632988750934596,nan,0.0,0.0546875,0.37230930000077933,0
26,340,9140,0.08073863636363633,2560,0.8881793737411499,0.682421875,0.039176140632480386,0.5250175684690476,0.1140625,0.18596604280173779,0.9173613429069519,0.03137257695198059,0.0445167550817132,0.7144432127475738,0.03474466952029616,-0.0044314711121842265,0.16632988750934596,nan,0.0,nan,0.0,0
26,352,9152,0.08005681818181817,1480,0.7629418453654727,0.73310810907467,0.02194577551673393,0.5152992776922277,0.11418918926973601,0.07301713453756796,0.9163092742095122,0.03137257695198059,0.0468872173009692,0.7180065760741363,0.03474466952029616,0.012798894003562229,0.16632988750934596,nan,0.0,nan,0.0,0
27,20,9172,0.07892045454545457,2560,0.6961347490549088,0.757421875,0.01575653252657503,0.5070706859230996,0.106640625,0.02601266107521951,0.9139765590429306,0.03137257695198059,0.039912651665508746,0.7031501471996308,0.03474466952029616,0.01898813699372113,0.16632988750934596,nan,0.0,nan,0.0,0
27,40,9192,0.0777840909090909,2560,0.5577019527554512,0.81328125,0.0019138274365104735,0.5047306224703789,0.173828125,-0.16588521767407655,0.9130911648273468,0.03137257695198059,0.040808689594268796,0.7045403003692627,0.03474466952029616,0.032830842083785686,0.16632988750934596,nan,0.0,0.0,0.3819052000035299,0
27,60,9212,0.07664772727272724,2560,0.6893009424209595,0.755078125,0.006975334405433386,0.5105744868516922,0.1375,-0.011834550276398658,0.913963720202446,0.03137257695198059,0.0422515906393528,0.706372982263565,0.02194577551673393,0.014970441111300544,0.16632988750934596,nan,0.0,nan,0.0,0
27,80,9232,0.07551136363636364,2560,0.5951979354023933,0.798828125,0.006913142354460433,0.5014526546001434,0.176953125,-0.15029788804240524,0.9114710777997971,0.03137257695198059,0.05383419618010521,0.7377088904380799,0.01575653252657503,0.008843390172114596,0.16632988750934596,nan,0.0,nan,0.0,0
27,100,9252,0.07437499999999997,2560,0.5586361229419708,0.8109375,0.006988998746965081,0.49906795620918276,0.171875,-0.20741098336875438,0.9128485500812531,0.03137257695198059,0.056552293337881566,0.7399402976036071,0.006975334405433386,-1.3664341531694456e-05,0.16632988750934596,nan,0.0,nan,0.0,0
27,120,9272,0.07323863636363637,2560,0.6449949204921722,0.777734375,0.00899270250229165,0.5042293712496757,0.180078125,-0.16570240315049886,0.9130281031131744,0.03137257695198059,0.05773428063839674,0.7436121314764023,0.006975334405433386,-0.002017368096858263,0.16632988750934596,nan,0.0,nan,0.0,0
27,140,9292,0.0721022727272727,2560,0.6180433630943298,0.785546875,0.005387618555687368,0.5037951290607452,0.15078125,-0.0962737794034183,0.9132076442241669,0.03137257695198059,0.06176315639168024,0.7531330823898316,0.006975334405433386,0.0015877158497460183,0.16632988750934596,nan,0.0,0.0,0.37199580000014976,0
27,160,9312,0.0709659090909091,2560,0.5030731678009033,0.827734375,-0.008916565089020879,0.5001105144619942,0.184765625,-0.2600389033555984,0.9128149837255478,0.03137257695198059,0.05769900046288967,0.7457268893718719,0.006975334405433386,0.015891899494454263,0.16632988750934596,nan,0.0,nan,0.0,0
27,180,9332,0.06982954545454542,2560,0.5104820325970649,0.826953125,0.007393696520011872,0.5041759610176086,0.204296875,-0.269933807849884,0.912796676158905,0.03137257695198059,0.05485785957425833,0.7431086331605912,0.006913142354460433,-0.0004805541655514391,0.16632988750934596,nan,0.0,nan,0.0,0
27,200,9352,0.06869318181818182,2560,0.47636803090572355,0.83828125,0.004285610426450148,0.501503512263298,0.177734375,-0.2421833522617817,0.915747594833374,0.03137257695198059,0.05716821141541004,0.7497344076633453,0.006988998746965081,0.0027033883205149324,0.16632988750934596,nan,0.0,nan,0.0,0
27,220,9372,0.06755681818181815,2560,0.5462313294410706,0.81328125,0.008253654168220237,0.5020631328225136,0.165625,-0.1884217843413353,0.9119950890541076,0.03137257695198059,0.06669881027191878,0.7605101764202118,0.005387618555687368,-0.0028660356125328693,0.16632988750934596,nan,0.0,nan,0.0,0
27,240,9392,0.06642045454545455,2560,0.4700269430875778,0.85,0.004134831123519689,0.4983488813042641,0.194921875,-0.2532428618520498,0.9122626125812531,0.03137257695198059,0.05883147735148668,0.7485522866249085,0.005387618555687368,0.0012527874321676792,0.16632988750934596,nan,0.0,0.0,0.37393339999835007,0
27,260,9412,0.06528409090909089,2560,0.4930276021361351,0.8375,0.014059311302844435,0.5062403485178948,0.17421875,-0.2177350115031004,0.9126691401004792,0.03137257695198059,0.06028413213789463,0.7537452399730682,0.004285610426450148,-0.009773700876394287,0.16632988750934596,nan,0.0,nan,0.0,0
27,280,9432,0.06414772727272729,2560,0.4608179032802582,0.845703125,-0.007702859386336058,0.4983843624591827,0.196875,-0.29053729474544526,0.9118236750364304,0.03137257695198059,0.05959167405962944,0.7516942650079728,0.007393696520011872,0.01509655590634793,0.16632988750934596,nan,0.0,nan,0.0,0
27,300,9452,0.06301136363636362,2560,0.43305152356624604,0.852734375,-0.002817082521505654,0.4970908001065254,0.185546875,-0.29266287982463834,0.9149837642908096,0.03137257695198059,0.06081280317157507,0.7539644628763199,0.004285610426450148,0.007102692947955802,0.16632988750934596,nan,0.0,nan,0.0,0
27,320,9472,0.06187500000000001,2560,0.42097641304135325,0.864453125,-0.0039660291455220435,0.5000925868749618,0.194921875,-0.31034813188016414,0.9155286371707916,0.03137257695198059,0.059964404441416264,0.7543618947267532,0.004134831123519689,0.008100860269041731,0.16632988750934596,nan,0.0,nan,0.0,0
27,340,9492,0.06073863636363634,2560,0.4222618848085403,0.8625,0.007141922821756452,0.5042507350444794,0.179296875,-0.30595396384596824,0.915193322300911,0.03137257695198059,0.05947693698108196,0.7562830477952958,-0.002817082521505654,-0.009959005343262106,0.16632988750934596,nan,0.0,0.0,0.3787443000037456,0
27,352,9504,0.06005681818181818,1480,0.5177437656634563,0.8168918918918919,0.0003257326177648596,0.5010040644052867,0.17635135167353863,-0.22736317201240644,0.9147879033475309,0.03137257695198059,0.055776828124716474,0.7486118577622078,-0.002817082521505654,-0.0031428151392705137,0.16632988750934596,nan,0.0,nan,0.0,0
28,20,9524,0.05892045454545451,2560,0.45908417403697965,0.8453125,0.009682246472220869,0.5042589992284775,0.1859375,-0.22179297506809234,0.9144058346748352,0.03137257695198059,0.05702788047492504,0.7478003680706025,-0.002817082521505654,-0.012499328993726522,0.16632988750934596,nan,0.0,nan,0.0,0
28,40,9544,0.05778409090909091,2560,0.3747463062405586,0.87421875,0.0021363358478993177,0.497186042368412,0.171875,-0.2576269254088402,0.9137352168560028,0.03137257695198059,0.05780279375612736,0.750647097826004,0.0003257326177648596,-0.001810603230134458,0.16632988750934596,nan,0.0,nan,0.0,0
28,60,9564,0.05664772727272724,2560,0.35239688232541083,0.88359375,-0.0008148399414494633,0.49780758321285246,0.181640625,-0.32873609513044355,0.9132127374410629,0.03137257695198059,0.053990074619650844,0.7452727347612381,0.0021363358478993177,0.002951175789348781,0.16632988750934596,nan,0.0,nan,0.0,0
28,80,9584,0.05551136363636364,2560,0.37327019274234774,0.877734375,0.011693492427002638,0.502731466293335,0.17734375,-0.29692427739501,0.9138572871685028,0.03137257695198059,0.055981868878006935,0.7492457598447799,0.0021363358478993177,-0.00955715657910332,0.16632988750934596,nan,0.0,0.0,0.3830844000040088,0
28,100,9604,0.05437499999999997,2560,0.33653971925377846,0.8875,0.006836204638238997,0.4993803799152374,0.195703125,-0.36078485995531084,0.9150923550128937,0.03137257695198059,0.05518626999109984,0.7479076623916626,0.0021363358478993177,-0.0046998687903396785,0.16632988750934596,nan,0.0,nan,0.0,0
28,120,9624,0.05323863636363637,2560,0.3276490576565266,0.89375,-0.0054325238335877655,0.5014087826013565,0.199609375,-0.38683861419558524,0.9144151240587235,0.03137257695198059,0.05219882894307375,0.7442721545696258,0.006836204638238997,0.012268728471826761,0.16632988750934596,nan,0.0,nan,0.0,0
28,140,9644,0.0521022727272727,2560,0.3046633467078209,0.8984375,0.012069246079772711,0.49746107757091523,0.191796875,-0.3593625470995903,0.9152802973985672,0.03137257695198059,0.050002123415470126,0.7359930366277695,0.0021363358478993177,-0.009932910231873393,0.16632988750934596,nan,0.0,nan,0.0,0
28,160,9664,0.050965909090909096,2560,0.31056947261095047,0.9015625,0.006675902719143778,0.5052396267652511,0.172265625,-0.3318858779966831,0.9144664943218231,0.03137257695198059,0.05277352835983038,0.7422386884689331,0.006836204638238997,0.00016030191909521818,0.16632988750934596,nan,0.0,nan,0.0,0
28,180,9684,0.04982954545454543,2560,0.30491304993629453,0.900390625,-0.0028313126298598946,0.5013366878032685,0.184375,-0.35156050249934195,0.9146509975194931,0.03137257695198059,0.05562867578119039,0.7495951145887375,0.006836204638238997,0.00966751726809889,0.16632988750934596,nan,0.0,0.0,0.3779021000082139,0
28,200,9704,0.04869318181818183,2560,0.29996414110064507,0.8953125,0.004397353064268828,0.4935683041810989,0.170703125,-0.3125805679708719,0.9158898830413819,0.03137257695198059,0.055286208540201186,0.7503200173377991,0.006675902719143778,0.0022785496548749506,0.16632988750934596,nan,0.0,nan,0.0,0
28,220,9724,0.04755681818181816,2560,0.3596422657370567,0.876171875,0.01306227883324027,0.5055005550384521,0.170703125,-0.29715633019804955,0.9164258450269699,0.03137257695198059,0.05559433326125145,0.7511896997690201,0.004397353064268828,-0.008664925768971442,0.16632988750934596,nan,0.0,nan,0.0,0
28,240,9744,0.046420454545454556,2560,0.3125305108726025,0.89921875,0.005061714677140117,0.5010070994496345,0.182421875,-0.34870740845799447,0.914589461684227,0.03137257695198059,0.04937227815389633,0.7372355997562409,0.006675902719143778,0.0016141880420036617,0.16632988750934596,nan,0.0,nan,0.0,0
28,260,9764,0.04528409090909089,2560,0.28657760173082353,0.91015625,0.010892844572663308,0.4989574611186981,0.17734375,-0.33423172906041143,0.9131674647331238,0.03137257695198059,0.04477584064006805,0.724246808886528,0.005061714677140117,-0.005831129895523191,0.16632988750934596,nan,0.0,nan,0.0,0
28,280,9784,0.04414772727272729,2560,0.28729371204972265,0.904296875,0.0225730839651078,0.5016562283039093,0.1765625,-0.30367259234189986,0.9137317836284637,0.03137257695198059,0.04911442417651415,0.7361406117677689,0.005061714677140117,-0.017511369287967683,0.16632988750934596,nan,0.0,0.0,0.3798794999893289,0
28,300,9804,0.04301136363636362,2560,0.27526752799749377,0.916015625,0.0070955459144897755,0.5041726619005203,0.1859375,-0.35829010158777236,0.9130808711051941,0.03137257695198059,0.051736092753708364,0.7435331463813781,0.010892844572663308,0.0037972986581735323,0.16632988750934596,nan,0.0,nan,0.0,0
28,320,9824,0.041875000000000016,2560,0.3414227604866028,0.89296875,0.01826243142131716,0.5017822399735451,0.193359375,-0.37880480885505674,0.9123628169298172,0.03137257695198059,0.04918257780373096,0.7402746737003326,0.010892844572663308,-0.007369586848653853,0.16632988750934596,nan,0.0,nan,0.0,0
28,340,9844,0.040738636363636345,2560,0.29625105783343314,0.905078125,0.006236159056425094,0.5014803692698478,0.179296875,-0.41148909106850623,0.9134374141693116,0.03137257695198059,0.05517136715352535,0.7531051695346832,0.010892844572663308,0.0046566855162382135,0.16632988750934596,nan,0.0,nan,0.0,0
28,352,9856,0.040056818181818186,1480,0.23585576302296407,0.9222972979416718,0.019363774711618553,0.5068927051247777,0.19797297329516025,-0.40066770282951564,0.9140264459558436,0.03137257695198059,0.0533319106778583,0.7491818663236257,0.010892844572663308,-0.008470930138955245,0.16632988750934596,nan,0.0,nan,0.0,0
29,20,9876,0.038920454545454515,2560,0.24841637313365936,0.91953125,0.0059030787786468865,0.5003029033541679,0.17421875,-0.3526518099009991,0.9133897334337234,0.03137257695198059,0.0570158040151,0.7582866549491882,0.01826243142131716,0.012359352642670275,0.16632988750934596,nan,0.0,0.0,0.37755920000199694,0
29,40,9896,0.03778409090909091,2560,0.21543658077716826,0.927734375,0.005448471498675644,0.49982059746980667,0.151171875,-0.30179071724414824,0.915359514951706,0.03137257695198059,0.05507622063159943,0.7533045798540116,0.0070955459144897755,0.0016470744158141315,0.16632988750934596,nan,0.0,nan,0.0,0
29,60,9916,0.03664772727272725,2560,0.2546352781355381,0.916015625,0.014814194047357888,0.49940339624881747,0.157421875,-0.30856644213199613,0.9156527489423751,0.03137257695198059,0.05567381102591753,0.7550757735967636,0.006236159056425094,-0.008578034990932792,0.16632988750934596,nan,0.0,nan,0.0,0
29,80,9936,0.035511363636363646,2560,0.2790669769048691,0.906640625,0.007804120087530464,0.5000066250562668,0.1546875,-0.29154531955718993,0.9148955255746841,0.03137257695198059,0.051696997880935666,0.7473322212696075,0.006236159056425094,-0.0015679610311053697,0.16632988750934596,nan,0.0,nan,0.0,0
29,100,9956,0.034374999999999975,2560,0.27060332968831063,0.913671875,-0.004868053272366524,0.4974487408995628,0.17734375,-0.35991492196917535,0.9161139398813247,0.03137257695198059,0.04886705782264471,0.73975068628788,0.007804120087530464,0.012672173359896989,0.16632988750934596,nan,0.0,nan,0.0,0
29,120,9976,0.03323863636363637,2560,0.2553595036268234,0.918359375,0.01951596790459007,0.5043204143643379,0.159375,-0.31080644130706786,0.91395303606987,0.03137257695198059,0.0532143859192729,0.7483696520328522,0.0059030787786468865,-0.013612889125943186,0.16632988750934596,nan,0.0,0.0,0.3717099000059534,0
29,140,9996,0.03210227272727271,2560,0.24253928735852243,0.92109375,0.007062483625486493,0.4985146939754486,0.1578125,-0.3246157065033913,0.914396557211876,0.03137257695198059,0.05191586818546057,0.7469148844480514,0.007804120087530464,0.0007416364620439712,0.16632988750934596,nan,0.0,nan,0.0,0
29,160,10016,0.030965909090909103,2560,0.25530609488487244,0.91328125,0.018203253019601108,0.5005720913410187,0.1578125,-0.2950531803071499,0.9144621759653091,0.03137257695198059,0.05235346909612417,0.7481313556432724,0.007804120087530464,-0.010399132932070645,0.16632988750934596,nan,0.0,nan,0.0,0
29,180,10036,0.029829545454545435,2560,0.21356138810515404,0.93203125,0.013831384852528572,0.5053734019398689,0.16015625,-0.32206500843167307,0.9136781305074692,0.03137257695198059,0.050656685046851634,0.7444108873605728,0.007804120087530464,-0.006027264764998108,0.16632988750934596,nan,0.0,nan,0.0,0
29,200,10056,0.028693181818181833,2560,0.2366519570350647,0.921875,0.013910376885905861,0.4993079021573067,0.16015625,-0.30973670706152917,0.9148679226636887,0.03137257695198059,0.05190275050699711,0.7472460329532623,0.013831384852528572,-7.899203337728873e-05,0.16632988750934596,nan,0.0,nan,0.0,0
29,220,10076,0.027556818181818165,2560,0.2328225553035736,0.925390625,0.0027401808649301527,0.5029586970806121,0.16171875,-0.34864837378263475,0.9140026301145554,0.03137257695198059,0.051977457106113435,0.7471773684024811,0.013910376885905861,0.011170196020975708,0.16632988750934596,nan,0.0,0.0,0.3715276000002632,0
29,240,10096,0.026420454545454563,2560,0.2071383588016033,0.93203125,0.003926700365263968,0.5011243343353271,0.1578125,-0.3200224556028843,0.9170969873666763,0.03137257695198059,0.05269262325018644,0.7488930523395538,0.013831384852528572,0.009904684487264604,0.16632988750934596,nan,0.0,nan,0.0,0
29,260,10116,0.025284090909090895,2560,0.2129542723298073,0.93125,-0.005074687974411063,0.4969589337706566,0.16015625,-0.32418100386857984,0.9144659847021103,0.03137257695198059,0.05375703852623701,0.7508154690265656,0.013831384852528572,0.018906072826939634,0.16632988750934596,nan,0.0,nan,0.0,0
29,280,10136,0.024147727272727293,2560,0.18027978353202342,0.941796875,0.009316970803774893,0.5055722713470459,0.1453125,-0.3187925398349762,0.9157774835824967,0.03137257695198059,0.05534841418266297,0.7526851892471313,0.003926700365263968,-0.005390270438510925,0.16632988750934596,nan,0.0,nan,0.0,0
29,300,10156,0.023011363636363625,2560,0.17114751785993576,0.946484375,0.016941367962863295,0.503303037583828,0.166796875,-0.3497189596295357,0.9138288050889969,0.03137257695198059,0.056303931213915345,0.7546052932739258,0.003926700365263968,-0.013014667597599327,0.16632988750934596,nan,0.0,nan,0.0,0
29,320,10176,0.021875000000000023,2560,0.1776270255446434,0.946875,0.020909597154241056,0.5002174496650695,0.13984375,-0.3198874555528164,0.9153270959854126,0.03137257695198059,0.056850242614746097,0.7566713631153107,0.003926700365263968,-0.01698289678897709,0.16632988750934596,nan,0.0,0.0,0.37175039999419823,0
29,340,10196,0.02073863636363635,2560,0.2053634624928236,0.93515625,0.006884457217529416,0.5008323833346366,0.165625,-0.3248257964849472,0.9143694788217545,0.03137257695198059,0.05400800295174122,0.7517321884632111,0.009316970803774893,0.0024325135862454765,0.16632988750934596,nan,0.0,nan,0.0,0
29,352,10208,0.020056818181818193,1480,0.17974168835459528,0.937162163128724,0.02595070374978555,0.5073803241188461,0.15337837829783157,-0.33633645144668783,0.9122457555822424,0.03137257695198059,0.05440246988389943,0.7530536867476798,0.009316970803774893,-0.016633732946010657,0.16632988750934596,nan,0.0,nan,0.0,0
30,20,10228,0.01892045454545452,2560,0.1911588679999113,0.93984375,-0.00030035946983844044,0.4958177074790001,0.138671875,-0.29628883227705954,0.9153957605361939,0.03137257695198059,0.05502245277166366,0.7542054831981659,0.016941367962863295,0.017241727432701734,0.16632988750934596,nan,0.0,nan,0.0,0
30,40,10248,0.01778409090909092,2560,0.16034162640571595,0.946484375,0.0003628422389738262,0.494932821393013,0.134375,-0.28777862042188646,0.9136706233024597,0.03137257695198059,0.05567778591066599,0.7548290938138962,0.016941367962863295,0.01657852572388947,0.16632988750934596,nan,0.0,nan,0.0,0
30,60,10268,0.01664772727272725,2560,0.1350976074114442,0.957421875,0.013546178303658962,0.5038396388292312,0.130078125,-0.2879675626754761,0.9148922175168991,0.03137257695198059,0.05674987323582172,0.7558059692382812,0.006884457217529416,-0.006661721086129545,0.16632988750934596,nan,0.0,0.0,0.3682511999941198,0
30,80,10288,0.01551136363636365,2560,0.1664214938879013,0.950390625,0.014459243859164417,0.508139057457447,0.1328125,-0.2851933278143406,0.9156402736902237,0.03137257695198059,0.05802139211446047,0.7582335293292999,0.006884457217529416,-0.007574786641635,0.16632988750934596,nan,0.0,nan,0.0,0
30,100,10308,0.014374999999999982,2560,0.17589745819568633,0.9421875,0.0065216148970648645,0.49904176145792006,0.1390625,-0.27283224686980245,0.9145290583372117,0.03137257695198059,0.057380040735006334,0.7572985351085663,0.013546178303658962,0.007024563406594097,0.16632988750934596,nan,0.0,nan,0.0,0
30,120,10328,0.01323863636363638,2560,0.15583817921578885,0.94765625,0.017413921194383876,0.49972243458032606,0.13359375,-0.28846661895513537,0.9158045679330826,0.03137257695198059,0.058277225121855736,0.7593505412340165,0.0065216148970648645,-0.01089230629731901,0.16632988750934596,nan,0.0,nan,0.0,0
30,140,10348,0.012102272727272712,2560,0.16984158009290695,0.943359375,0.000486843753606081,0.5033037945628166,0.1390625,-0.30920049622654916,0.9167110651731492,0.03137257695198059,0.057292472757399085,0.7575319141149521,0.013546178303658962,0.01305933455005288,0.16632988750934596,nan,0.0,nan,0.0,0
30,160,10368,0.01096590909090911,2560,0.17735898680984974,0.94296875,0.008360610262025147,0.4973687618970871,0.1328125,-0.2707256779074669,0.9149109035730362,0.03137257695198059,0.057508311420679095,0.758106353878975,0.013546178303658962,0.005185568041633814,0.16632988750934596,nan,0.0,0.0,0.37020119999942835,0
30,180,10388,0.00982954545454544,2560,0.17110087871551513,0.94609375,0.015317434698226861,0.5023286297917366,0.133984375,-0.2832393154501915,0.9161417782306671,0.03137257695198059,0.05912169199436903,0.7601195752620697,0.008360610262025147,-0.006956824436201714,0.16632988750934596,nan,0.0,nan,0.0,0
30,200,10408,0.008693181818181838,2560,0.1688325360417366,0.941015625,0.0015336250886321067,0.5022687450051307,0.125390625,-0.25503388084471224,0.9154800623655319,0.03137257695198059,0.05943116620182991,0.7611580640077591,0.008360610262025147,0.00682698517339304,0.16632988750934596,nan,0.0,nan,0.0,0
30,220,10428,0.00755681818181817,2560,0.14897638000547886,0.947265625,0.006036107591353357,0.5003909006714821,0.1359375,-0.28393472731113434,0.9135523647069931,0.03137257695198059,0.05915930178016424,0.7604107826948165,0.008360610262025147,0.0023245026706717907,0.16632988750934596,nan,0.0,nan,0.0,0
30,240,10448,0.006420454545454568,2560,0.12997376210987568,0.958203125,0.009295827685855329,0.5011309519410133,0.129296875,-0.2763047061860561,0.9157005459070205,0.03137257695198059,0.05967586617916822,0.7624916404485702,0.006036107591353357,-0.003259720094501972,0.16632988750934596,nan,0.0,nan,0.0,0
30,260,10468,0.005284090909090899,2560,0.15165733471512793,0.94765625,-0.004369139787741005,0.49173382073640826,0.126171875,-0.29477645829319954,0.9151755213737488,0.03137257695198059,0.05958782639354467,0.7620439916849137,0.008360610262025147,0.012729750049766153,0.16632988750934596,nan,0.0,0.0,0.37926270000752993,0
30,280,10488,0.004147727272727297,2560,0.13723087906837464,0.95625,-0.0032771435333415868,0.4962141811847687,0.129296875,-0.29035690166056155,0.9144747644662857,0.03137257695198059,0.060308190807700154,0.762300306558609,0.006036107591353357,0.009313251124694943,0.16632988750934596,nan,0.0,nan,0.0,0
30,300,10508,0.0030113636363636284,2560,0.12672034278512,0.9578125,-0.0048511078581213955,0.5002357631921768,0.10859375,-0.2440480075776577,0.9152636379003525,0.03137257695198059,0.06115677841007709,0.7643737107515335,0.0015336250886321067,0.006384732946753503,0.16632988750934596,nan,0.0,nan,0.0,0
30,320,10528,0.0018750000000000266,2560,0.12927821651101112,0.96015625,0.014681467600166798,0.5065913036465645,0.12421875,-0.27268497049808504,0.9161950588226319,0.03137257695198059,0.06050952058285475,0.7631953418254852,-0.0032771435333415868,-0.017958611133508384,0.16632988750934596,nan,0.0,nan,0.0,0
30,340,10548,0.000738636363636358,2560,0.12619117870926858,0.958203125,0.0140664650243707,0.5035408154129982,0.130078125,-0.2587402775883675,0.9141992151737213,0.03137257695198059,0.06036786381155253,0.7629614979028702,-0.0032771435333415868,-0.017343608557712286,0.16632988750934596,nan,0.0,nan,0.0,0
30,352,10560,5.681818181819675e-05,1480,0.14816701021548864,0.9567567564345695,0.01958866965126347,0.5108504192249195,0.1324324327546197,-0.2782394607324858,0.9149735363754066,0.03137257695198059,0.060127301252371555,0.762214042367162,-0.0032771435333415868,-0.022865813184605056,0.16632988750934596,nan,0.0,0.0,0.3809235999942757,0
