epoch,batch,global_step,lr,window_samples,train_adv_loss,train_adv_acc,free_gradient_cosine,free_gradient_sign_agreement,free_prediction_disagreement,free_attack_loss_gain,free_boundary_fraction,free_delta_linf,control_gradient_participation_ratio,control_gradient_entropy,detector_baseline,detector_score,detector_threshold,detector_pgd10_acc,detector_seconds,observer_pgd10_acc,observer_pgd10_seconds,intervention_triggered
1,20,20,0.0007196969696969698,2560,2.739424133300781,0.0,0.0021649467933457347,0.49563650637865064,0.365234375,0.4239975854754448,0.5942252069711685,0.0627451241016388,0.2519098900258541,0.8865048319101334,nan,nan,0.16632988750934596,nan,0.0,nan,0.0,0
1,40,40,0.0014772727272727272,2560,2.614521026611328,0.00078125,0.002003117090498563,0.4964101254940033,0.423828125,0.3542800948023796,0.5947871118783951,0.0627451241016388,0.24978976622223853,0.8857068687677383,nan,nan,0.16632988750934596,nan,0.0,nan,0.0,0
1,60,60,0.002234848484848485,2560,2.478390121459961,0.00703125,0.009643167350441217,0.49858170598745344,0.403125,0.28528101146221163,0.594228383898735,0.0627451241016388,0.24424457550048828,0.8837559521198273,nan,nan,0.16632988750934596,nan,0.0,nan,0.0,0
1,80,80,0.0029924242424242426,2560,2.366811752319336,0.0375,0.034558898163959385,0.504859310388565,0.323046875,0.24092551693320274,0.5942459315061569,0.0627451241016388,0.24067651554942132,0.8825157821178437,0.0021649467933457347,-0.03239395137061365,0.16632988750934596,nan,0.0,nan,0.0,0
1,100,100,0.00375,2560,2.305255651473999,0.09140625,0.10421028025448323,0.5232723444700241,0.3015625,0.2181947186589241,0.5956550806760788,0.0627451241016388,0.23888349160552025,0.8818768262863159,0.005904057071893476,-0.09830622318258975,0.16632988750934596,nan,0.0,0.0703125,0.37758040000335313,0
1,120,120,0.004507575757575758,2560,2.2759941101074217,0.120703125,0.26482953056693076,0.5641967952251434,0.309375,0.20163571313023568,0.5962225824594498,0.0627451241016388,0.2227507524192333,0.8752188354730606,0.009643167350441217,-0.2551863632164895,0.16632988750934596,nan,0.0,nan,0.0,0
1,140,140,0.005265151515151515,2560,2.2591431617736815,0.1125,0.40183992087841036,0.5985580682754517,0.3125,0.14912740588188172,0.5948449671268463,0.0627451241016388,0.20025243014097213,0.8642574220895767,0.034558898163959385,-0.36728102271445096,0.16632988750934596,nan,0.0,nan,0.0,0
1,160,160,0.006022727272727273,2560,2.23101167678833,0.152734375,0.5530150204896926,0.6359305262565613,0.2421875,0.15024491026997566,0.5968339502811432,0.0627451241016388,0.1610887348651886,0.839714327454567,0.10421028025448323,-0.44880474023520944,0.16632988750934596,nan,0.0,nan,0.0,0
1,180,180,0.0067803030303030315,2560,2.233113098144531,0.15625,0.6149180620908737,0.6569980829954147,0.2546875,0.14487395733594893,0.5989415675401688,0.0627451241016388,0.13982841931283474,0.8242778152227401,0.26482953056693076,-0.350088531523943,0.16632988750934596,nan,0.0,nan,0.0,0
1,200,200,0.007537878787878788,2560,2.252215766906738,0.14765625,0.6838345021009445,0.6757297664880753,0.238671875,0.150722423940897,0.6004010766744614,0.0627451241016388,0.11853101849555969,0.8037238836288452,0.40183992087841036,-0.2819945812225342,0.16632988750934596,nan,0.0,0.1171875,0.36714270000811666,0
1,220,220,0.008295454545454547,2560,2.2172587394714354,0.15546875,0.7045098036527634,0.6845679163932801,0.21875,0.1482420638203621,0.6008402645587921,0.0627451241016388,0.10610830932855606,0.7908561170101166,0.5530150204896926,-0.15149478316307075,0.16632988750934596,nan,0.0,nan,0.0,0
1,240,240,0.009053030303030304,2560,2.199575424194336,0.16640625,0.7412922143936157,0.7006140619516372,0.2421875,0.1611744299530983,0.6011156916618348,0.0627451241016388,0.09556027017533779,0.7730103135108948,0.6149180620908737,-0.12637415230274196,0.16632988750934596,nan,0.0,nan,0.0,0
1,260,260,0.009810606060606061,2560,2.222599720954895,0.148046875,0.7661977529525756,0.7159895777702332,0.23828125,0.16041330471634865,0.6015052974224091,0.0627451241016388,0.0892043549567461,0.7677450686693191,0.6838345021009445,-0.0823632508516311,0.16632988750934596,nan,0.0,nan,0.0,0
1,280,280,0.010568181818181819,2560,2.219410943984985,0.160546875,0.7791968524456024,0.7235290735960007,0.259765625,0.171873839199543,0.6036566615104675,0.0627451241016388,0.07859688587486743,0.7511662125587464,0.7045098036527634,-0.07468704879283905,0.16632988750934596,nan,0.0,nan,0.0,0
1,300,300,0.011325757575757576,2560,2.1874998092651365,0.162890625,0.7831752896308899,0.7246404230594635,0.23984375,0.17853010818362236,0.6033383905887604,0.0627451241016388,0.07522088438272476,0.746971669793129,0.7412922143936157,-0.04188307523727419,0.16632988750934596,nan,0.0,0.1484375,0.3768028000195045,0
1,320,320,0.012083333333333335,2560,2.1864013671875,0.1765625,0.7899262458086014,0.7430777460336685,0.259375,0.19864994063973426,0.6021618127822876,0.0627451241016388,0.06996440403163433,0.7404255568981171,0.7661977529525756,-0.02372849285602574,0.16632988750934596,nan,0.0,nan,0.0,0
1,340,340,0.012840909090909092,2560,2.1794466972351074,0.176171875,0.8086311548948288,0.7501233637332916,0.2703125,0.19331927299499513,0.601994976401329,0.0627451241016388,0.06826193407177925,0.7336016982793808,0.7791968524456024,-0.0294343024492264,0.16632988750934596,nan,0.0,nan,0.0,0
1,352,352,0.013295454545454548,1480,2.2010192922643714,0.16554054029890009,0.8051714185121898,0.750328831737106,0.279729730051917,0.187880797321732,0.6076484483641547,0.0627451241016388,0.0656589514500386,0.7296110008213971,0.7831752896308899,-0.02199612888129987,0.16632988750934596,nan,0.0,nan,0.0,0
2,20,372,0.014053030303030303,2560,2.1776325702667236,0.188671875,0.802730318903923,0.7572944819927215,0.241015625,0.20193972438573837,0.6030904352664948,0.0627451241016388,0.06606774516403675,0.7336250483989716,0.7899262458086014,-0.01280407309532161,0.16632988750934596,nan,0.0,nan,0.0,0
2,40,392,0.01481060606060606,2560,2.1631132125854493,0.17265625,0.8157790988683701,0.7560444086790085,0.2625,0.20974928215146066,0.6038782924413681,0.0627451241016388,0.05954062324017286,0.7186458617448807,0.802730318903923,-0.013048779964447088,0.16632988750934596,nan,0.0,0.15625,0.3851359999971464,0
2,60,412,0.015568181818181818,2560,2.171507740020752,0.18046875,0.8141628086566925,0.7635966181755066,0.25078125,0.21209124401211737,0.6043415278196335,0.0627451241016388,0.058330058492720126,0.7173367530107498,0.8051714185121898,-0.008991390144502787,0.16632988750934596,nan,0.0,nan,0.0,0
2,80,432,0.016325757575757577,2560,2.168687629699707,0.187109375,0.8131053656339645,0.7586892694234848,0.25625,0.2078893482685089,0.6079897820949555,0.0627451241016388,0.05779828112572431,0.7153592050075531,0.8086311548948288,-0.004474210739135676,0.16632988750934596,nan,0.0,nan,0.0,0
2,100,452,0.017083333333333336,2560,2.1512856483459473,0.194140625,0.8015908747911453,0.7552701562643052,0.242578125,0.21630150228738784,0.6059292048215866,0.0627451241016388,0.05719595700502396,0.7168418586254119,0.8131053656339645,0.011514490842819192,0.16632988750934596,nan,0.0,nan,0.0,0
2,120,472,0.01784090909090909,2560,2.174406337738037,0.183984375,0.811305895447731,0.7613400995731354,0.255859375,0.21710482463240624,0.6051937311887741,0.0627451241016388,0.05463509429246187,0.7088714212179184,0.8131053656339645,0.0017994701862334983,0.16632988750934596,nan,0.0,nan,0.0,0
2,140,492,0.018598484848484847,2560,2.1599629402160643,0.1859375,0.8053242057561875,0.7559026271104813,0.266015625,0.22384036853909492,0.608139055967331,0.0627451241016388,0.05333609413355589,0.7056896775960922,0.8131053656339645,0.007781159877777055,0.16632988750934596,nan,0.0,0.15625,0.3721113000065088,0
2,160,512,0.01935606060606061,2560,2.182033920288086,0.183984375,0.8195421755313873,0.7624832361936569,0.248046875,0.21028242483735085,0.6092128992080689,0.0627451241016388,0.05265010353177786,0.7039677053689957,0.811305895447731,-0.008236280083656289,0.16632988750934596,nan,0.0,nan,0.0,0
2,180,532,0.020113636363636365,2560,2.1273841857910156,0.2015625,0.8089598119258881,0.7592949092388153,0.237109375,0.22203367426991463,0.6026608973741532,0.0627451241016388,0.05238992404192686,0.7011779993772507,0.811305895447731,0.0023460835218429565,0.16632988750934596,nan,0.0,nan,0.0,0
2,200,552,0.020871212121212124,2560,2.157406711578369,0.18984375,0.8180572718381882,0.7654899746179581,0.25234375,0.24106025621294974,0.604650005698204,0.0627451241016388,0.04987120032310486,0.6986397415399551,0.8089598119258881,-0.009097459912300154,0.16632988750934596,nan,0.0,nan,0.0,0
2,220,572,0.02162878787878788,2560,2.1666043281555174,0.1859375,0.8241157233715057,0.7652898311614991,0.2171875,0.2282725043594837,0.6105659693479538,0.0627451241016388,0.048978530988097194,0.6950457215309143,0.811305895447731,-0.01280982792377472,0.16632988750934596,nan,0.0,nan,0.0,0
2,240,592,0.02238636363636364,2560,2.1262808799743653,0.21171875,0.8096964210271835,0.7599364191293716,0.2390625,0.23649013116955758,0.6090881526470184,0.0627451241016388,0.04705681223422289,0.6902608364820481,0.8180572718381882,0.008360850811004683,0.16632988750934596,nan,0.0,0.1640625,0.37238640000578016,0
2,260,612,0.023143939393939397,2560,2.1413291931152343,0.19375,0.8041008353233338,0.7646873623132706,0.255859375,0.24773477539420127,0.6052318811416626,0.0627451241016388,0.045295063965022565,0.6859221160411835,0.8180572718381882,0.013956436514854453,0.16632988750934596,nan,0.0,nan,0.0,0
2,280,632,0.023901515151515153,2560,2.12727632522583,0.190625,0.8035971790552139,0.7589737117290497,0.26171875,0.24301764592528344,0.6064955502748489,0.0627451241016388,0.04741705525666475,0.6902047872543335,0.8096964210271835,0.006099241971969649,0.16632988750934596,nan,0.0,nan,0.0,0
2,300,652,0.02465909090909091,2560,2.141404724121094,0.191796875,0.8202325880527497,0.7673331201076508,0.233203125,0.22687782049179078,0.6080661982297897,0.0627451241016388,0.045871477201581,0.6876107782125473,0.8096964210271835,-0.010536167025566145,0.16632988750934596,nan,0.0,nan,0.0,0
2,320,672,0.025416666666666667,2560,2.1251911163330077,0.190625,0.7966276973485946,0.7598177760839462,0.27109375,0.23180542066693305,0.6095791041851044,0.0627451241016388,0.0483668876811862,0.6967069536447525,0.8096964210271835,0.013068723678588912,0.16632988750934596,nan,0.0,nan,0.0,0
2,340,692,0.026174242424242423,2560,2.148186206817627,0.183984375,0.8178915411233902,0.770819240808487,0.231640625,0.22814728766679765,0.6005535304546357,0.0627451241016388,0.04546129107475281,0.6820044994354248,0.8041008353233338,-0.01379070580005648,0.16632988750934596,nan,0.0,0.140625,0.37039729999378324,0
2,352,704,0.02662878787878788,1480,2.1054900285359976,0.19391891908001255,0.8037636576472103,0.7577676466993384,0.24391891908001256,0.2599212611043775,0.6101584672927857,0.0627451241016388,0.044860674279767115,0.6829429558805518,0.8041008353233338,0.00033717767612351235,0.16632988750934596,nan,0.0,nan,0.0,0
3,20,724,0.02738636363636364,2560,2.134447431564331,0.191796875,0.8116850554943085,0.7727829217910767,0.24296875,0.23671803623437881,0.6099256068468094,0.0627451241016388,0.04651440680027008,0.6921037137508392,0.8037636576472103,-0.007921397847098222,0.16632988750934596,nan,0.0,nan,0.0,0
3,40,744,0.028143939393939395,2560,2.12347469329834,0.193359375,0.808195024728775,0.764732763171196,0.26328125,0.26016838997602465,0.6107292383909225,0.0627451241016388,0.042411104403436185,0.6811481654644013,0.8116850554943085,0.0034900307655334473,0.16632988750934596,nan,0.0,nan,0.0,0
3,60,764,0.02890151515151515,2560,2.1402185440063475,0.176171875,0.8042990773916244,0.7698917597532272,0.261328125,0.2381635546684265,0.6078657925128936,0.0627451241016388,0.04364713151007891,0.6858961552381515,0.808195024728775,0.003895947337150596,0.16632988750934596,nan,0.0,nan,0.0,0
3,80,784,0.02965909090909091,2560,2.1331974983215334,0.185546875,0.8110766500234604,0.7690231531858445,0.21875,0.23465469479560852,0.6098162502050399,0.0627451241016388,0.04171541538089514,0.6774141967296601,0.808195024728775,-0.002881625294685386,0.16632988750934596,nan,0.0,0.1796875,0.3689670000167098,0
3,100,804,0.030416666666666665,2560,2.1094133377075197,0.212109375,0.7953023493289948,0.7618410974740982,0.2515625,0.2704830996692181,0.6086392909288406,0.0627451241016388,0.041378783993422985,0.6785410106182098,0.808195024728775,0.012892675399780229,0.16632988750934596,nan,0.0,nan,0.0,0
3,120,824,0.031174242424242427,2560,2.091312074661255,0.201953125,0.8168286651372909,0.775300994515419,0.291015625,0.2494853690266609,0.6055902004241943,0.0627451241016388,0.041905405931174755,0.6787312120199204,0.808195024728775,-0.008633640408515886,0.16632988750934596,nan,0.0,nan,0.0,0
3,140,844,0.031931818181818186,2560,2.0858898162841797,0.20859375,0.8023047804832458,0.7614546686410903,0.27890625,0.2604876674711704,0.611310464143753,0.0627451241016388,0.041101989708840846,0.6765253484249115,0.808195024728775,0.005890244245529197,0.16632988750934596,nan,0.0,nan,0.0,0
3,160,864,0.03268939393939394,2560,2.1119553565979006,0.207421875,0.8061750113964081,0.7618920803070068,0.244140625,0.2601077310740948,0.6116919428110122,0.0627451241016388,0.040533349849283695,0.6747125744819641,0.8042990773916244,-0.001875934004783697,0.16632988750934596,nan,0.0,nan,0.0,0
3,180,884,0.0334469696969697,2560,2.1055198192596434,0.1984375,0.8060534447431564,0.7701781094074249,0.27421875,0.2557995356619358,0.6080244898796081,0.0627451241016388,0.03826748915016651,0.6692456513643265,0.8061750113964081,0.00012156665325169236,0.16632988750934596,nan,0.0,0.171875,0.37330710000242107,0
3,200,904,0.03420454545454545,2560,2.099283981323242,0.200390625,0.804022803902626,0.7748645961284637,0.28984375,0.25977391973137853,0.6048614770174027,0.0627451241016388,0.03965995907783508,0.6709010124206543,0.8060534447431564,0.0020306408405303955,0.16632988750934596,nan,0.0,nan,0.0,0
3,220,924,0.034962121212121215,2560,2.0870777130126954,0.210546875,0.8050887584686279,0.7677620112895965,0.25234375,0.2543645352125168,0.6050504297018051,0.0627451241016388,0.040471344254910946,0.6719581037759781,0.8060534447431564,0.0009646862745285034,0.16632988750934596,nan,0.0,nan,0.0,0
3,240,944,0.03571969696969697,2560,2.1080442905426025,0.205078125,0.8050028711557389,0.7672171473503113,0.275390625,0.2632487162947655,0.6119107693433762,0.0627451241016388,0.03930649310350418,0.6698880106210708,0.8050887584686279,8.588731288905471e-05,0.16632988750934596,nan,0.0,nan,0.0,0
3,260,964,0.036477272727272726,2560,2.097355842590332,0.217578125,0.7982022076845169,0.7731952846050263,0.269921875,0.2641392767429352,0.606839519739151,0.0627451241016388,0.03671314772218466,0.6624771952629089,0.8050887584686279,0.006886550784111045,0.16632988750934596,nan,0.0,nan,0.0,0
3,280,984,0.03723484848484849,2560,2.078332710266113,0.2125,0.7863672405481339,0.7649034023284912,0.269921875,0.2641572438180447,0.60984588265419,0.0627451241016388,0.037725127022713426,0.66834075152874,0.8050028711557389,0.01863563060760498,0.16632988750934596,nan,0.0,0.2109375,0.3734163000190165,0
3,300,1004,0.037992424242424244,2560,2.1100393295288087,0.210546875,0.8066612213850022,0.7724477350711823,0.25234375,0.26781181544065474,0.6074843317270279,0.0627451241016388,0.03782288897782564,0.6678228944540023,0.804022803902626,-0.002638417482376143,0.16632988750934596,nan,0.0,nan,0.0,0
3,320,1024,0.03875000000000001,2560,2.075714409351349,0.2109375,0.7890814006328583,0.7627081751823426,0.280859375,0.28336411342024803,0.6109747678041458,0.0627451241016388,0.036477318964898586,0.665333166718483,0.8050028711557389,0.01592147052288062,0.16632988750934596,nan,0.0,nan,0.0,0
3,340,1044,0.03950757575757576,2560,2.0989041328430176,0.21875,0.7992645919322967,0.7635171473026275,0.2734375,0.26389657855033877,0.6105411678552628,0.0627451241016388,0.03694030661135912,0.6589131206274033,0.7982022076845169,-0.001062384247779824,0.16632988750934596,nan,0.0,nan,0.0,0
3,352,1056,0.03996212121212121,1480,2.087626684034193,0.1959459461875864,0.7883469262638607,0.7605805413143055,0.2783783780561911,0.27583718928130896,0.6072331760380719,0.0627451241016388,0.03641048800703642,0.6647150149216523,0.7982022076845169,0.00985528142065617,0.16632988750934596,nan,0.0,nan,0.0,0
4,20,1076,0.040719696969696975,2560,2.0946834087371826,0.201171875,0.8002785623073578,0.7702897518873215,0.2390625,0.25347110256552696,0.6093709409236908,0.0627451241016388,0.03580950740724802,0.6571616917848587,0.7890814006328583,-0.011197161674499578,0.16632988750934596,nan,0.0,0.140625,0.36678380001103505,0
4,40,1096,0.04147727272727273,2560,2.062868523597717,0.222265625,0.7827691853046417,0.7694902032613754,0.275,0.27748204544186594,0.6102045863866806,0.0627451241016388,0.03499411651864648,0.6587894290685654,0.7992645919322967,0.01649540662765503,0.16632988750934596,nan,0.0,nan,0.0,0
4,60,1116,0.042234848484848486,2560,2.068681001663208,0.212890625,0.793352198600769,0.7704101800918579,0.276953125,0.27765233963727953,0.6062448054552079,0.0627451241016388,0.03592411084100604,0.6653575628995896,0.7890814006328583,-0.004270797967910744,0.16632988750934596,nan,0.0,nan,0.0,0
4,80,1136,0.04299242424242425,2560,2.0824038982391357,0.21796875,0.7870111465454102,0.7736952632665635,0.278125,0.2834068968892097,0.6074140131473541,0.0627451241016388,0.037635909579694274,0.6676900535821915,0.793352198600769,0.006341052055358842,0.16632988750934596,nan,0.0,nan,0.0,0
4,100,1156,0.043750000000000004,2560,2.0696956634521486,0.22578125,0.7875871300697327,0.7745100855827332,0.283203125,0.2644834615290165,0.6094124048948288,0.0627451241016388,0.03601417932659388,0.6653931051492691,0.7883469262638607,0.0007597961941280262,0.16632988750934596,nan,0.0,nan,0.0,0
4,120,1176,0.04450757575757576,2560,2.0659342765808106,0.21015625,0.7954579710960388,0.7740060359239578,0.27890625,0.2716161280870438,0.6043275415897369,0.0627451241016388,0.03448216561228037,0.6591029614210129,0.7875871300697327,-0.007870841026306086,0.16632988750934596,nan,0.0,0.21875,0.3788972000184003,0
4,140,1196,0.045265151515151515,2560,2.0862124443054197,0.20078125,0.7812432289123535,0.7705339014530181,0.274609375,0.2865632466971874,0.6045804589986801,0.0627451241016388,0.03758392883464694,0.6705747038125992,0.7875871300697327,0.00634390115737915,0.16632988750934596,nan,0.0,nan,0.0,0
4,160,1216,0.04602272727272727,2560,2.063664674758911,0.209375,0.7947680950164795,0.7662391811609268,0.266015625,0.27031228840351107,0.6113136529922485,0.0627451241016388,0.035672095231711866,0.6629323959350586,0.7875871300697327,-0.007180964946746804,0.16632988750934596,nan,0.0,nan,0.0,0
4,180,1236,0.04678030303030303,2560,2.0511602401733398,0.222265625,0.7956133633852005,0.7640484064817429,0.274609375,0.2721146434545517,0.61026651263237,0.0627451241016388,0.03543974971398711,0.6584704101085663,0.7875871300697327,-0.008026233315467812,0.16632988750934596,nan,0.0,nan,0.0,0
4,200,1256,0.047537878787878796,2560,2.090205526351929,0.2171875,0.7806947737932205,0.762958288192749,0.282421875,0.27599304243922235,0.6064136683940887,0.0627451241016388,0.03489084709435701,0.6605087548494339,0.7947680950164795,0.014073321223258994,0.16632988750934596,nan,0.0,nan,0.0,0
4,220,1276,0.04829545454545455,2560,2.061318063735962,0.23046875,0.7978065073490143,0.7684778988361358,0.259375,0.26263371407985686,0.6106899440288543,0.0627451241016388,0.03896193895488977,0.671576201915741,0.7947680950164795,-0.003038412332534768,0.16632988750934596,nan,0.0,0.203125,0.3760130000009667,0
4,240,1296,0.04905303030303031,2560,2.0998854637145996,0.209765625,0.8009392559528351,0.7795721858739852,0.255078125,0.28125438690185545,0.6002055078744888,0.0627451241016388,0.033445187471807004,0.6545932501554489,0.7947680950164795,-0.006171160936355613,0.16632988750934596,nan,0.0,nan,0.0,0
4,260,1316,0.04981060606060606,2560,2.0556768417358398,0.22421875,0.7955789655447006,0.774136620759964,0.275,0.2737447425723076,0.6076600581407547,0.0627451241016388,0.033594393916428086,0.658676552772522,0.7956133633852005,3.4397840499855725e-05,0.16632988750934596,nan,0.0,nan,0.0,0
4,280,1336,0.050568181818181825,2560,2.06135950088501,0.219140625,0.7992589473724365,0.7777950495481492,0.2625,0.2901171982288361,0.6075082391500473,0.0627451241016388,0.034063445031642915,0.656949695944786,0.7956133633852005,-0.003645583987236023,0.16632988750934596,nan,0.0,nan,0.0,0
4,300,1356,0.05132575757575758,2560,2.0490367889404295,0.228125,0.7898651123046875,0.7747328579425812,0.28359375,0.30066690370440485,0.6034925043582916,0.0627451241016388,0.03436013804748654,0.6600595742464066,0.7978065073490143,0.007941395044326782,0.16632988750934596,nan,0.0,nan,0.0,0
4,320,1376,0.05208333333333334,2560,2.0601579189300536,0.230859375,0.7935044974088669,0.7751341670751571,0.28671875,0.2902546040713787,0.6083834528923034,0.0627451241016388,0.03500575460493564,0.6644054412841797,0.7978065073490143,0.0043020099401474,0.16632988750934596,nan,0.0,0.1953125,0.3718462999968324,0
4,340,1396,0.0528409090909091,2560,2.0588523149490356,0.22109375,0.7963694781064987,0.7833252072334289,0.2921875,0.2892027534544468,0.6072150081396103,0.0627451241016388,0.034616959281265736,0.6617594808340073,0.7955789655447006,-0.0007905125617980735,0.16632988750934596,nan,0.0,nan,0.0,0
4,352,1408,0.05329545454545455,1480,2.0685807511613175,0.2337837844281583,0.8062470117130796,0.7869604880745347,0.27027027067300435,0.27255390350883074,0.605238485658491,0.0627451241016388,0.03186544632992229,0.6481539652154252,0.7955789655447006,-0.010668046168378909,0.16632988750934596,nan,0.0,nan,0.0,0
5,20,1428,0.054053030303030304,2560,2.034150218963623,0.222265625,0.786495926976204,0.7735735774040222,0.291015625,0.29744812101125717,0.6082499355077744,0.0627451241016388,0.03388333301991224,0.6603663831949234,0.7963694781064987,0.009873551130294755,0.16632988750934596,nan,0.0,nan,0.0,0
5,40,1448,0.05481060606060606,2560,2.0399144649505616,0.2390625,0.7759568393230438,0.765174126625061,0.26875,0.29265960603952407,0.6104281306266784,0.0627451241016388,0.03221590602770448,0.6512903302907944,0.7935044974088669,0.017547658085823037,0.16632988750934596,nan,0.0,nan,0.0,0
5,60,1468,0.05556818181818182,2560,2.0554507255554197,0.228125,0.7840829879045487,0.7764948695898056,0.273828125,0.2965835124254227,0.6078548610210419,0.0627451241016388,0.03295609373599291,0.655410549044609,0.7935044974088669,0.009421509504318193,0.16632988750934596,nan,0.0,0.2109375,0.3647922000091057,0
5,80,1488,0.05632575757575758,2560,2.0561752557754516,0.234765625,0.7868987411260605,0.77855404317379,0.280078125,0.29855222851037977,0.6057677149772644,0.0627451241016388,0.033224297873675826,0.6576490342617035,0.786495926976204,-0.0004028141498565452,0.16632988750934596,nan,0.0,nan,0.0,0
5,100,1508,0.05708333333333333,2560,2.0498579263687136,0.233984375,0.7858070373535156,0.773809963464737,0.273046875,0.30106445252895353,0.6044676661491394,0.0627451241016388,0.03165790736675263,0.6515406668186188,0.786495926976204,0.0006888896226883157,0.16632988750934596,nan,0.0,nan,0.0,0
5,120,1528,0.05784090909090909,2560,2.0160711288452147,0.23671875,0.7989249587059021,0.7768170922994614,0.28125,0.2876623302698135,0.6080841273069382,0.0627451241016388,0.03157719578593969,0.6515952080488205,0.7858070373535156,-0.01311792135238643,0.16632988750934596,nan,0.0,nan,0.0,0
5,140,1548,0.058598484848484844,2560,2.012572717666626,0.225,0.7769901782274247,0.7759517908096314,0.290625,0.29804357662796976,0.6057103633880615,0.0627451241016388,0.03152501154690981,0.6519952028989792,0.7858070373535156,0.008816859126090981,0.16632988750934596,nan,0.0,nan,0.0,0
5,160,1568,0.05935606060606061,2560,2.0202001571655273,0.234375,0.7732666969299317,0.7611632227897644,0.287890625,0.2952382355928421,0.6110346704721451,0.0627451241016388,0.030062286742031576,0.641921854019165,0.7858070373535156,0.012540340423583984,0.16632988750934596,nan,0.0,0.1875,0.37446300001465715,0
5,180,1588,0.06011363636363637,2560,2.056378936767578,0.2359375,0.7886357009410858,0.7802239865064621,0.28671875,0.2975676327943802,0.6039257198572159,0.0627451241016388,0.035114803537726405,0.6655998051166534,0.7858070373535156,-0.0028286635875701682,0.16632988750934596,nan,0.0,nan,0.0,0
5,200,1608,0.06087121212121213,2560,2.060517740249634,0.209375,0.7784283399581909,0.7723377406597137,0.290625,0.3008770704269409,0.611179631948471,0.0627451241016388,0.03124897750094533,0.655167230963707,0.7858070373535156,0.007378697395324707,0.16632988750934596,nan,0.0,nan,0.0,0
5,220,1628,0.06162878787878789,2560,2.0050586700439452,0.23359375,0.7811759173870086,0.7798422664403916,0.301953125,0.30564669519662857,0.6088376581668854,0.0627451241016388,0.03129737135022879,0.6512123823165894,0.7784283399581909,-0.0027475774288177046,0.16632988750934596,nan,0.0,nan,0.0,0
5,240,1648,0.06238636363636364,2560,2.0352684259414673,0.226953125,0.7904853463172913,0.7758571833372117,0.30546875,0.3134050503373146,0.6077568233013153,0.0627451241016388,0.03424864737316966,0.6604752004146576,0.7784283399581909,-0.012057006359100342,0.16632988750934596,nan,0.0,nan,0.0,0
5,260,1668,0.0631439393939394,2560,2.0056729078292848,0.243359375,0.7707252085208893,0.7710205286741256,0.28203125,0.30823192596435545,0.6113226771354675,0.0627451241016388,0.03336742194369435,0.6582341879606247,0.7811759173870086,0.010450708866119318,0.16632988750934596,nan,0.0,0.1328125,0.378368399979081,0
5,280,1688,0.06390151515151515,2560,2.036435031890869,0.228515625,0.7720481991767884,0.7728143393993377,0.309375,0.3058966025710106,0.6120102077722549,0.0627451241016388,0.032456332352012396,0.6532053023576736,0.7811759173870086,0.009127718210220293,0.16632988750934596,nan,0.0,nan,0.0,0
5,300,1708,0.06465909090909092,2560,2.021922492980957,0.23125,0.7681126713752746,0.7691333919763566,0.28828125,0.3187275826931,0.6083091974258423,0.0627451241016388,0.03042860459536314,0.6502643376588821,0.7784283399581909,0.010315668582916326,0.16632988750934596,nan,0.0,nan,0.0,0
5,320,1728,0.06541666666666666,2560,2.038070821762085,0.222265625,0.7835538208484649,0.7703347682952881,0.286328125,0.2830722749233246,0.6090723901987076,0.0627451241016388,0.03248697509989142,0.656439670920372,0.7720481991767884,-0.011505621671676569,0.16632988750934596,nan,0.0,nan,0.0,0
5,340,1748,0.06617424242424243,2560,2.025086498260498,0.242578125,0.7710919499397277,0.7670133143663407,0.294921875,0.3085904434323311,0.6046819239854813,0.0627451241016388,0.03159825699403882,0.6573039054870605,0.7720481991767884,0.0009562492370606135,0.16632988750934596,nan,0.0,nan,0.0,0
5,352,1760,0.06662878787878788,1480,2.0169946631869755,0.2236486484070082,0.7753552597922247,0.7729846445289819,0.31351351327187305,0.32769046925209666,0.6161086846042324,0.0627451241016388,0.03335962956016128,0.6610435266752501,0.7710919499397277,-0.00426330985249701,0.16632988750934596,nan,0.0,0.2109375,0.37918119999812916,0
6,20,1780,0.06738636363636363,2560,2.0052443504333497,0.240625,0.7594763725996018,0.7717566370964051,0.2875,0.3144951954483986,0.6078207850456238,0.0627451241016388,0.03108216803520918,0.6553705662488938,0.7720481991767884,0.012571826577186584,0.16632988750934596,nan,0.0,nan,0.0,0
6,40,1800,0.0681439393939394,2560,2.036492848396301,0.234765625,0.7781619966030121,0.7749028682708741,0.30625,0.30430790185928347,0.6077401667833329,0.0627451241016388,0.032082572020590304,0.657883670926094,0.7710919499397277,-0.007070046663284368,0.16632988750934596,nan,0.0,nan,0.0,0
6,60,1820,0.06890151515151514,2560,2.0117438793182374,0.23203125,0.7668340384960175,0.7738643795251846,0.301953125,0.315466482937336,0.6042387813329697,0.0627451241016388,0.03348602531477809,0.6633147031068802,0.7753552597922247,0.008521221296207249,0.16632988750934596,nan,0.0,nan,0.0,0
6,80,1840,0.0696590909090909,2560,2.017573022842407,0.24375,0.7654811561107635,0.7699676722288131,0.3015625,0.3107460990548134,0.6044166773557663,0.0627451241016388,0.030430992413312197,0.6505574584007263,0.7710919499397277,0.005610793828964233,0.16632988750934596,nan,0.0,nan,0.0,0
6,100,1860,0.07041666666666667,2560,2.0201879024505613,0.234375,0.7697076320648193,0.7674946069717408,0.273828125,0.29359071552753446,0.6055010706186295,0.0627451241016388,0.030101458262652158,0.6469269037246704,0.7668340384960175,-0.002873593568801791,0.16632988750934596,nan,0.0,0.25,0.3690257999987807,0
6,120,1880,0.07117424242424243,2560,2.005519485473633,0.231640625,0.7674948424100876,0.7681044459342956,0.301953125,0.3142914190888405,0.6048449337482452,0.0627451241016388,0.03082172991707921,0.64941146671772,0.7668340384960175,-0.000660803914070085,0.16632988750934596,nan,0.0,nan,0.0,0
6,140,1900,0.0719318181818182,2560,2.0036126136779786,0.2453125,0.763011360168457,0.7674721002578735,0.303515625,0.32007092982530594,0.6116783380508423,0.0627451241016388,0.031955978088080886,0.6597079247236252,0.7674948424100876,0.004483482241630532,0.16632988750934596,nan,0.0,nan,0.0,0
6,160,1920,0.07268939393939394,2560,2.026581287384033,0.233203125,0.7687606245279313,0.7679860621690751,0.29921875,0.3178978368639946,0.6143699914216996,0.0627451241016388,0.03090026220306754,0.6548926562070847,0.7668340384960175,-0.0019265860319137573,0.16632988750934596,nan,0.0,nan,0.0,0
6,180,1940,0.0734469696969697,2560,2.003847026824951,0.244921875,0.7767481178045272,0.7678903132677078,0.283984375,0.3050554901361465,0.6056951075792313,0.0627451241016388,0.02968244543299079,0.6468395292758942,0.7674948424100876,-0.009253275394439653,0.16632988750934596,nan,0.0,nan,0.0,0
6,200,1960,0.07420454545454545,2560,1.9798241138458252,0.248828125,0.7640767335891724,0.767732635140419,0.298046875,0.3287193521857262,0.607647979259491,0.0627451241016388,0.029398148786276578,0.6469163089990616,0.7687606245279313,0.004683890938758872,0.16632988750934596,nan,0.0,0.1796875,0.3734994000114966,0
6,220,1980,0.07496212121212122,2560,2.006018137931824,0.235546875,0.7759595692157746,0.7758931696414948,0.306640625,0.31411315202713014,0.6060380518436432,0.0627451241016388,0.028808368369936943,0.6467726439237594,0.7674948424100876,-0.008464726805686995,0.16632988750934596,nan,0.0,nan,0.0,0
6,240,2000,0.07571969696969698,2560,1.9775883197784423,0.2453125,0.7623454838991165,0.7642091333866119,0.281640625,0.3131304830312729,0.6087483942508698,0.0627451241016388,0.02774711074307561,0.6405457943677902,0.7687606245279313,0.006415140628814764,0.16632988750934596,nan,0.0,nan,0.0,0
6,260,2020,0.07647727272727273,2560,1.9950492143630982,0.2453125,0.770836815237999,0.7741206109523773,0.307421875,0.3258176282048225,0.6031374752521514,0.0627451241016388,0.028020195197314024,0.641870179772377,0.7687606245279313,-0.0020761907100677046,0.16632988750934596,nan,0.0,nan,0.0,0
6,280,2040,0.07723484848484849,2560,1.995817446708679,0.236328125,0.7728407502174377,0.7724812984466553,0.284765625,0.334858612716198,0.6048530787229538,0.0627451241016388,0.030396927893161774,0.6507474690675735,0.770836815237999,-0.0020039349794387373,0.16632988750934596,nan,0.0,nan,0.0,0
6,300,2060,0.07799242424242425,2560,1.9817715644836427,0.266015625,0.7752706438302994,0.7772447168827057,0.271875,0.31037168204784393,0.600503945350647,0.0627451241016388,0.027438012324273585,0.6384772062301636,0.770836815237999,-0.0044338285923004594,0.16632988750934596,nan,0.0,0.171875,0.3717428000236396,0
6,320,2080,0.07875,2560,2.004130172729492,0.234375,0.7720259368419647,0.7665950953960419,0.298046875,0.32861692905426027,0.6122939020395279,0.0627451241016388,0.03137603253126144,0.6526239424943924,0.7728407502174377,0.0008148133754729558,0.16632988750934596,nan,0.0,nan,0.0,0
6,340,2100,0.07950757575757576,2560,1.97278733253479,0.250390625,0.772016441822052,0.7707520991563797,0.295703125,0.34828204065561297,0.6094077050685882,0.0627451241016388,0.03278144896030426,0.6613932520151138,0.7720259368419647,9.495019912764135e-06,0.16632988750934596,nan,0.0,nan,0.0,0
6,352,2112,0.0799621212121212,1480,1.9786792639139537,0.24054054037944692,0.7681812225161372,0.7702018808674168,0.28378378378378377,0.3432759099715465,0.6044948449005951,0.0627451241016388,0.028974353028713047,0.6500982236217808,0.7720259368419647,0.0038447143258275585,0.16632988750934596,nan,0.0,nan,0.0,0
7,20,2132,0.08071969696969698,2560,1.9938800811767579,0.23828125,0.7573075979948044,0.7616880029439926,0.2859375,0.31587138772010803,0.6094705194234848,0.0627451241016388,0.030012889485806226,0.6491306364536286,0.7720259368419647,0.01471833884716034,0.16632988750934596,nan,0.0,nan,0.0,0
7,40,2152,0.08147727272727273,2560,2.0028985500335694,0.23671875,0.7658313244581223,0.7765224754810334,0.3328125,0.32891505062580106,0.6023248225450516,0.0627451241016388,0.028055713698267936,0.6453137874603272,0.772016441822052,0.006185117363929682,0.16632988750934596,nan,0.0,0.2109375,0.37978330001351424,0
7,60,2172,0.0822348484848485,2560,1.9763636112213134,0.253515625,0.7708780586719512,0.7665738672018051,0.31015625,0.33864637911319734,0.6001476496458054,0.0627451241016388,0.03006509309634566,0.6535563975572586,0.7681812225161372,-0.002696836155814064,0.16632988750934596,nan,0.0,nan,0.0,0
7,80,2192,0.08299242424242426,2560,1.9661867141723632,0.266015625,0.7522075593471527,0.7697279810905456,0.289453125,0.33544956892728806,0.6034113734960556,0.0627451241016388,0.03064935151487589,0.6541837185621262,0.7681812225161372,0.01597366316898452,0.16632988750934596,nan,0.0,nan,0.0,0
7,100,2212,0.08375,2560,1.9815994501113892,0.254296875,0.7598297208547592,0.7707228511571884,0.29453125,0.34280373305082323,0.5986778497695923,0.0627451241016388,0.03048984194174409,0.6549742966890335,0.7658313244581223,0.006001603603363104,0.16632988750934596,nan,0.0,nan,0.0,0
7,120,2232,0.08450757575757577,2560,1.9659523010253905,0.251171875,0.7640295833349228,0.7699845850467681,0.297265625,0.32744321376085284,0.6099917262792587,0.0627451241016388,0.028931568562984466,0.6480013847351074,0.7598297208547592,-0.004199862480163574,0.16632988750934596,nan,0.0,nan,0.0,0
7,140,2252,0.08526515151515152,2560,1.9522417068481446,0.2640625,0.7584393233060837,0.7660115778446197,0.28828125,0.33473030626773836,0.615436065196991,0.0627451241016388,0.0270709996111691,0.6397194474935531,0.7640295833349228,0.005590260028839111,0.16632988750934596,nan,0.0,0.21875,0.3695755999942776,0
7,160,2272,0.08602272727272728,2560,2.0069952964782716,0.233203125,0.7605888724327088,0.7664488673210144,0.31328125,0.31968536376953127,0.6043303400278092,0.0627451241016388,0.029800890758633614,0.6484219789505005,0.7598297208547592,-0.0007591515779495905,0.16632988750934596,nan,0.0,nan,0.0,0
7,180,2292,0.08678030303030304,2560,1.9800419807434082,0.254296875,0.7456115484237671,0.7608519434928894,0.29140625,0.33548828661441804,0.6077906489372253,0.0627451241016388,0.030260700080543757,0.6523838907480239,0.7598297208547592,0.014218172430992104,0.16632988750934596,nan,0.0,nan,0.0,0
7,200,2312,0.08753787878787879,2560,1.9986135959625244,0.25,0.7548697829246521,0.7686081141233444,0.3015625,0.3195718079805374,0.6103419214487076,0.0627451241016388,0.026940717175602914,0.640332642197609,0.7598297208547592,0.004959937930107072,0.16632988750934596,nan,0.0,nan,0.0,0
7,220,2332,0.08829545454545455,2560,1.96016366481781,0.258984375,0.742992028594017,0.7597773432731628,0.305859375,0.34511854946613313,0.6127828121185303,0.0627451241016388,0.028739519603550433,0.6484799325466156,0.7584393233060837,0.015447294712066628,0.16632988750934596,nan,0.0,nan,0.0,0
7,240,2352,0.0890530303030303,2560,1.9558777809143066,0.25703125,0.7576663434505463,0.7711530178785324,0.303125,0.33038990646600724,0.611357894539833,0.0627451241016388,0.027612766064703465,0.6433817356824875,0.7548697829246521,-0.002796560525894165,0.16632988750934596,nan,0.0,0.2109375,0.37231700000120327,0
7,260,2372,0.08981060606060606,2560,1.967975091934204,0.25390625,0.7505831629037857,0.7594159603118896,0.2984375,0.3418160915374756,0.6004739314317703,0.0627451241016388,0.02757108174264431,0.6466993898153305,0.7548697829246521,0.0042866200208664385,0.16632988750934596,nan,0.0,nan,0.0,0
7,280,2392,0.09056818181818183,2560,1.9596424341201781,0.258203125,0.7354090094566346,0.7642760097980499,0.3078125,0.3310652792453766,0.6070982784032821,0.0627451241016388,0.02694067796692252,0.6427101999521255,0.7505831629037857,0.015174153447151117,0.16632988750934596,nan,0.0,nan,0.0,0
7,300,2412,0.09132575757575757,2560,1.9644030809402466,0.26015625,0.740501880645752,0.7613950282335281,0.300390625,0.34187866747379303,0.6122552454471588,0.0627451241016388,0.02762019671499729,0.6438523322343827,0.7505831629037857,0.01008128225803373,0.16632988750934596,nan,0.0,nan,0.0,0
7,320,2432,0.09208333333333334,2560,1.967309832572937,0.254296875,0.7537030667066574,0.7606150507926941,0.319921875,0.35032411068677904,0.6130369991064072,0.0627451241016388,0.02642328357324004,0.64176726937294,0.742992028594017,-0.010711038112640403,0.16632988750934596,nan,0.0,nan,0.0,0
7,340,2452,0.0928409090909091,2560,1.9398594856262208,0.261328125,0.7323790937662125,0.7613957852125168,0.309765625,0.34324202835559847,0.6032137781381607,0.0627451241016388,0.026044655684381725,0.6411181062459945,0.7505831629037857,0.01820406913757322,0.16632988750934596,nan,0.0,0.21875,0.37598670000443235,0
7,352,2464,0.09329545454545456,1480,1.9695668787569613,0.26756756756756755,0.7365533306791976,0.7607351657506581,0.2932432438876178,0.34753154580657547,0.6110690564722628,0.0627451241016388,0.02694665999025912,0.6487903137464781,0.740501880645752,0.00394854996655436,0.16632988750934596,nan,0.0,nan,0.0,0
8,20,2484,0.0940530303030303,2560,1.965193247795105,0.25,0.7501611113548279,0.7625634759664536,0.310546875,0.34207132309675214,0.6047830134630203,0.0627451241016388,0.02764721279963851,0.6436320185661316,0.7365533306791976,-0.013607780675630288,0.16632988750934596,nan,0.0,nan,0.0,0
8,40,2504,0.09481060606060607,2560,1.9444539546966553,0.253125,0.7406975865364075,0.7601539820432663,0.326171875,0.36484687477350236,0.6056105494499207,0.0627451241016388,0.02676171688362956,0.6456647366285324,0.740501880645752,-0.00019570589065553978,0.16632988750934596,nan,0.0,nan,0.0,0
8,60,2524,0.09556818181818183,2560,1.9311039447784424,0.27109375,0.7428887814283371,0.7655862420797348,0.3046875,0.34124814420938493,0.6055070459842682,0.0627451241016388,0.02796968324109912,0.6512033700942993,0.7406975865364075,-0.0021911948919296487,0.16632988750934596,nan,0.0,nan,0.0,0
8,80,2544,0.09632575757575758,2560,1.9331856489181518,0.2609375,0.7381374716758728,0.7558162897825241,0.318359375,0.3524013578891754,0.6065572321414947,0.0627451241016388,0.024779191799461843,0.631761509180069,0.7406975865364075,0.0025601148605346458,0.16632988750934596,nan,0.0,0.21875,0.3707851000071969,0
8,100,2564,0.09708333333333334,2560,1.9787183046340941,0.2578125,0.7456054478883744,0.7663813441991806,0.29453125,0.3318114414811134,0.6165873378515243,0.0627451241016388,0.027191858645528554,0.6448160082101821,0.7406975865364075,-0.004907861351966858,0.16632988750934596,nan,0.0,nan,0.0,0
8,120,2584,0.09784090909090909,2560,1.9563154697418212,0.25546875,0.7414861917495728,0.7666650265455246,0.315625,0.35781640708446505,0.6101533472537994,0.0627451241016388,0.02718592919409275,0.6472553461790085,0.7428887814283371,0.0014025896787643877,0.16632988750934596,nan,0.0,nan,0.0,0
8,140,2604,0.09859848484848485,2560,1.9382702589035035,0.266015625,0.7375294804573059,0.7631892114877701,0.324609375,0.3484556213021278,0.6109985560178757,0.0627451241016388,0.029452848620712756,0.6555454522371292,0.7414861917495728,0.0039567112922668235,0.16632988750934596,nan,0.0,nan,0.0,0
8,160,2624,0.09935606060606061,2560,1.9413476228713988,0.258984375,0.7457717657089233,0.7627122431993485,0.317578125,0.35585106164216995,0.6081885159015655,0.0627451241016388,0.026376651786267757,0.640032508969307,0.7414861917495728,-0.004285573959350586,0.16632988750934596,nan,0.0,nan,0.0,0
8,180,2644,0.10011363636363638,2560,1.9719257831573487,0.251953125,0.74305559694767,0.7652954310178757,0.32734375,0.3624333947896957,0.6033575862646103,0.0627451241016388,0.02588320430368185,0.6406325966119766,0.7414861917495728,-0.001569405198097229,0.16632988750934596,nan,0.0,0.21875,0.3782433000160381,0
8,200,2664,0.10087121212121214,2560,1.9589212894439698,0.26171875,0.7372204214334488,0.7589723140001297,0.31015625,0.35380327999591826,0.6211349695920945,0.0627451241016388,0.026532460190355777,0.6458040475845337,0.74305559694767,0.005835175514221191,0.16632988750934596,nan,0.0,nan,0.0,0
8,220,2684,0.10162878787878789,2560,1.984410834312439,0.26171875,0.7346303135156631,0.76262386739254,0.320703125,0.3474973052740097,0.6118820399045944,0.0627451241016388,0.02674886453896761,0.6432310611009597,0.7414861917495728,0.006855878233909651,0.16632988750934596,nan,0.0,nan,0.0,0
8,240,2704,0.10238636363636365,2560,1.9328919649124146,0.268359375,0.7354891300201416,0.7630747735500336,0.29765625,0.3625674322247505,0.608323934674263,0.0627451241016388,0.027482690569013358,0.6463242292404174,0.7375294804573059,0.002040350437164329,0.16632988750934596,nan,0.0,nan,0.0,0
8,260,2724,0.1031439393939394,2560,1.9361176490783691,0.27421875,0.7183434754610062,0.7601759821176529,0.302734375,0.3526787400245667,0.6088476985692978,0.0627451241016388,0.02301823431625962,0.6293641924858093,0.7372204214334488,0.018876945972442605,0.16632988750934596,nan,0.0,nan,0.0,0
8,280,2744,0.10390151515151516,2560,1.9509608745574951,0.25859375,0.7344948381185532,0.7547303736209869,0.323046875,0.3630760461091995,0.611852279305458,0.0627451241016388,0.02688064444810152,0.6477114289999009,0.7354891300201416,0.0009942919015883955,0.16632988750934596,nan,0.0,0.1796875,0.36926770000718534,0
8,300,2764,0.10465909090909092,2560,1.9377034187316895,0.266015625,0.7207372099161148,0.7578970789909363,0.31328125,0.354563307762146,0.6047837793827057,0.0627451241016388,0.025070664659142494,0.638030281662941,0.7346303135156631,0.013893103599548318,0.16632988750934596,nan,0.0,nan,0.0,0
8,320,2784,0.10541666666666667,2560,1.9514819145202638,0.27109375,0.7192378163337707,0.762472927570343,0.3015625,0.3588706165552139,0.6097564905881881,0.0627451241016388,0.023198497388511895,0.6287099093198776,0.7344948381185532,0.015257021784782498,0.16632988750934596,nan,0.0,nan,0.0,0
8,340,2804,0.10617424242424243,2560,1.9461920738220215,0.267578125,0.7187235325574874,0.7593928158283234,0.308203125,0.33315731436014173,0.6039957880973816,0.0627451241016388,0.021000393386930227,0.6211275696754456,0.7207372099161148,0.0020136773586273415,0.16632988750934596,nan,0.0,nan,0.0,0
8,352,2816,0.10662878787878789,1480,1.9194514938302942,0.2743243241632307,0.673982637315183,0.7495924569465019,0.2912162166189503,0.3490449826459627,0.6165265788903107,0.0627451241016388,0.02213971300705059,0.6266058061573957,0.7192378163337707,0.045255179018587666,0.16632988750934596,nan,0.0,nan,0.0,0
9,20,2836,0.10738636363636365,2560,1.8985172867774964,0.28203125,0.6469603031873703,0.7428146600723267,0.281640625,0.34032618850469587,0.6109142512083053,0.0627451241016388,0.018933717999607323,0.6025149405002594,0.7192378163337707,0.07227751314640041,0.16632988750934596,nan,0.0,0.2578125,0.361916800000472,0
9,40,2856,0.1081439393939394,2560,1.8674897313117982,0.287890625,0.5645277947187424,0.7232311427593231,0.287890625,0.3321638748049736,0.6033236354589462,0.0627451241016388,0.015932346507906914,0.5809663683176041,0.7187235325574874,0.15419573783874507,0.16632988750934596,nan,0.0,nan,0.0,0
9,60,2876,0.10890151515151517,2560,1.9075833797454833,0.276953125,0.6030376255512238,0.7422728478908539,0.284765625,0.34009196013212206,0.6060360103845597,0.0627451241016388,0.016624412126839162,0.5927654415369034,0.673982637315183,0.07094501176395929,0.16632988750934596,nan,0.0,nan,0.0,0
9,80,2896,0.10965909090909093,2560,1.8460439324378968,0.28125,0.4612168908119202,0.702839943766594,0.2703125,0.3192893922328949,0.600300869345665,0.0627451241016388,0.0144296545535326,0.5768758922815322,0.6469603031873703,0.1857434123754501,0.16632988750934596,nan,0.0,0.1875,0.37137320000329055,1
9,100,2916,0.11041666666666668,2560,1.7298214435577393,0.358984375,0.3121765650808811,0.6444649010896683,0.2046875,0.2686684884130955,0.5956613123416901,0.0627451241016388,0.015801683673635124,0.6037432551383972,0.6030376255512238,0.29086106047034266,0.16632988750934596,nan,0.0,0.09375,0.36629519998678006,1
9,120,2936,0.11117424242424244,2560,1.7670690298080445,0.334375,0.32863971777260303,0.6555688410997391,0.242578125,0.34220893010497094,0.5959752589464188,0.0627451241016388,0.019466392742469908,0.6345209598541259,0.5645277947187424,0.23588807694613934,0.16632988750934596,nan,0.0,0.09375,0.36815339999157004,1
9,140,2956,0.11193181818181819,2560,1.5575561463832854,0.4234375,0.0986033009365201,0.5803194940090179,0.15390625,0.1490641538053751,0.593942153453827,0.0627451241016388,0.023900574585422874,0.6493912130594254,0.4612168908119202,0.3626135898754001,0.16632988750934596,nan,0.0,0.046875,0.3655181999783963,1
9,160,2976,0.11268939393939395,2560,1.4385515689849853,0.46796875,0.016371023014653475,0.536183950304985,0.141015625,0.11929866815917194,0.5942622035741806,0.0627451241016388,0.030690054781734942,0.6850614786148072,0.32863971777260303,0.31226869475794955,0.16632988750934596,nan,0.0,0.0625,0.3773071999894455,1
9,180,2996,0.11344696969696971,2560,1.2909073173999785,0.527734375,-0.007283673816709779,0.5185112118721008,0.212890625,-0.015407882339786738,0.5933312922716141,0.0627451241016388,0.034788773581385615,0.699588605761528,0.3121765650808811,0.3194602388975909,0.16632988750934596,nan,0.0,0.0078125,0.37611199999810196,1
9,200,3016,0.11420454545454546,2560,1.2515221536159515,0.551171875,-0.013315874605905265,0.5090814113616944,0.2296875,-0.10417608632706106,0.5929779291152955,0.0627451241016388,0.03432021765038371,0.6995243757963181,0.0986033009365201,0.11191917554242536,0.16632988750934596,nan,0.0,0.0,0.369972799991956,0
9,220,3036,0.11496212121212122,2560,1.239519077539444,0.55234375,-0.016077717812731863,0.5040054470300674,0.3078125,-0.17221368933096529,0.5911388576030732,0.0627451241016388,0.04004214480519295,0.7195954948663712,0.016371023014653475,0.03244874082738534,0.16632988750934596,nan,0.0,0.0,0.37248160000308417,0
9,240,3056,0.11571969696969697,2560,1.1377066940069198,0.596875,-0.011159712792141363,0.5003195613622665,0.33203125,-0.2978587314486504,0.5918210595846176,0.0627451241016388,0.050173524767160416,0.7427167445421219,-0.007283673816709779,0.0038760389754315845,0.16632988750934596,nan,0.0,0.0,0.3695749999897089,0
9,260,3076,0.11647727272727273,2560,1.1364040136337281,0.5953125,-0.014243152271956206,0.5050294414162636,0.313671875,-0.2457442709710449,0.5923767268657685,0.0627451241016388,0.051467434503138065,0.7447783172130584,-0.011159712792141363,0.0030834394798148427,0.16632988750934596,nan,0.0,nan,0.0,0
9,280,3096,0.1172348484848485,2560,1.150962832570076,0.586328125,-0.008120219389093108,0.507487629354,0.26796875,-0.15902739390730858,0.5928063929080963,0.0627451241016388,0.046490130946040154,0.7337660402059555,-0.013315874605905265,-0.005195655216812157,0.16632988750934596,nan,0.0,nan,0.0,0
9,300,3116,0.11799242424242425,2560,1.0357316106557846,0.63359375,-0.018676688079722226,0.5025442972779274,0.33359375,-0.32327019050717354,0.5921978235244751,0.0627451241016388,0.04934353083372116,0.7359754979610443,-0.013315874605905265,0.00536081347381696,0.16632988750934596,nan,0.0,nan,0.0,0
9,320,3136,0.11875000000000001,2560,1.0448891669511795,0.637109375,-0.017338111577555538,0.5025174587965011,0.36328125,-0.3643719650804996,0.5918544888496399,0.0627451241016388,0.05885874647647142,0.7531348824501037,-0.014243152271956206,0.003094959305599332,0.16632988750934596,nan,0.0,0.0,0.37239770000451244,0
9,340,3156,0.11950757575757576,2560,1.025864553451538,0.6390625,-0.010375154798384755,0.5033279612660408,0.33203125,-0.32259503155946734,0.5928498804569244,0.0627451241016388,0.060602817311882974,0.7566280037164688,-0.014243152271956206,-0.003867997473571451,0.16632988750934596,nan,0.0,nan,0.0,0
9,352,3168,0.11996212121212123,1480,0.8650781824782088,0.7020270263826525,-0.014897996997712432,0.49513061433225064,0.36283783832111877,-0.4840520338432209,0.5918373558972333,0.0627451241016388,0.058601914829499016,0.7596950840305637,-0.014243152271956206,0.0006548447257562259,0.16632988750934596,nan,0.0,nan,0.0,0
10,20,3188,0.12071969696969698,2560,0.8847520023584365,0.69609375,-0.01453750224027317,0.5006425395607949,0.37734375,-0.5038694351911545,0.5915419459342957,0.0627451241016388,0.060851562581956384,0.7641814380884171,-0.014897996997712432,-0.00036049475743926175,0.16632988750934596,nan,0.0,nan,0.0,0
10,40,3208,0.12147727272727274,2560,0.9033062368631363,0.68515625,-0.008473202877212316,0.501080334186554,0.35,-0.3973914910107851,0.5925636470317841,0.0627451241016388,0.06037947423756122,0.7651636093854904,-0.014897996997712432,-0.006424794120500116,0.16632988750934596,nan,0.0,nan,0.0,0
10,60,3228,0.1222348484848485,2560,0.8002128273248672,0.72890625,-0.016750780423171817,0.49849040657281873,0.3703125,-0.5534903541207313,0.5916781336069107,0.0627451241016388,0.06392506770789623,0.7705947011709213,-0.01453750224027317,0.0022132781828986467,0.16632988750934596,nan,0.0,0.0,0.3642084999883082,0
10,80,3248,0.12299242424242425,2560,0.9106598556041717,0.7,-0.012977919587865473,0.5024636745452881,0.3265625,-0.38857712522149085,0.5921521693468094,0.0627451241016388,0.06507364977151156,0.7691712707281113,-0.01453750224027317,-0.0015595826524076976,0.16632988750934596,nan,0.0,nan,0.0,0
10,100,3268,0.12375000000000001,2560,0.7528635382652282,0.754296875,-0.017421669012401254,0.4988839581608772,0.39453125,-0.6264338791370392,0.5924391627311707,0.0627451241016388,0.05401952043175697,0.7544496119022369,-0.01453750224027317,0.002884166772128084,0.16632988750934596,nan,0.0,nan,0.0,0
10,120,3288,0.12450757575757576,2560,0.7931557387113571,0.73125,-0.010383089806418866,0.4991593822836876,0.375,-0.6066675990819931,0.5931820124387741,0.0627451241016388,0.059531324170529844,0.7650638282299042,-0.01453750224027317,-0.004154412433854305,0.16632988750934596,nan,0.0,nan,0.0,0
10,140,3308,0.12526515151515152,2560,0.790042731165886,0.73359375,-0.010916292225010693,0.5009634807705879,0.396875,-0.6267243713140488,0.5917596459388733,0.0627451241016388,0.05728665366768837,0.7638171166181564,-0.012977919587865473,-0.002061627362854779,0.16632988750934596,nan,0.0,nan,0.0,0
10,160,3328,0.1260227272727273,2560,0.72440125644207,0.753515625,-0.01271620427723974,0.4983730480074883,0.3890625,-0.6417522251605987,0.591910320520401,0.0627451241016388,0.06347803585231304,0.7717529088258743,-0.012977919587865473,-0.00026171531062573264,0.16632988750934596,nan,0.0,0.0,0.3749463999993168,0
10,180,3348,0.12678030303030305,2560,0.7464481562376022,0.745703125,-0.009633045556256548,0.4996245205402374,0.39609375,-0.6580042019486427,0.5919017970561982,0.0627451241016388,0.05902748424559832,0.765547439455986,-0.01271620427723974,-0.0030831587209831923,0.16632988750934596,nan,0.0,nan,0.0,0
10,200,3368,0.12753787878787878,2560,0.7965764343738556,0.723828125,-0.00506127571570687,0.5022127941250801,0.398828125,-0.6321217507123947,0.5922908961772919,0.0627451241016388,0.06116668786853552,0.7690515011548996,-0.010916292225010693,-0.005855016509303823,0.16632988750934596,nan,0.0,nan,0.0,0
10,220,3388,0.12829545454545455,2560,0.6928977102041245,0.75859375,-0.006089445983525366,0.4999029919505119,0.40625,-0.7167266190052033,0.5916832149028778,0.0627451241016388,0.057981130108237265,0.7643200010061264,-0.010383089806418866,-0.0042936438228935,0.16632988750934596,nan,0.0,nan,0.0,0
10,240,3408,0.1290530303030303,2560,0.6919491022825242,0.76484375,-0.003991885896539316,0.5000633388757706,0.3734375,-0.647868275642395,0.5915161401033402,0.0627451241016388,0.05860400684177876,0.7644148498773575,-0.009633045556256548,-0.005641159659717232,0.16632988750934596,nan,0.0,nan,0.0,0
10,260,3428,0.12981060606060607,2560,0.6718720182776451,0.771484375,-0.005113401007838548,0.49999657869338987,0.382421875,-0.6577192857861519,0.5926274836063385,0.0627451241016388,0.06280918978154659,0.7711683750152588,-0.006089445983525366,-0.0009760449756868184,0.16632988750934596,nan,0.0,0.0,0.3694117999984883,0
10,280,3448,0.13056818181818183,2560,0.6821328312158584,0.771484375,-0.009486278485564981,0.4993560895323753,0.401953125,-0.7715135037899017,0.5916588008403778,0.0627451241016388,0.06382832024246454,0.772281751036644,-0.005113401007838548,0.004372877477726434,0.16632988750934596,nan,0.0,nan,0.0,0
10,300,3468,0.13132575757575757,2560,0.7186158746480942,0.751171875,-0.00808920308481902,0.5006864026188851,0.409375,-0.7431189030408859,0.5919913142919541,0.0627451241016388,0.05931347459554672,0.7646087884902955,-0.005113401007838548,0.002975802076980472,0.16632988750934596,nan,0.0,nan,0.0,0
10,320,3488,0.13208333333333333,2560,0.6443710997700691,0.786328125,-0.007311724143801257,0.49785742461681365,0.398828125,-0.7325131952762604,0.5911264002323151,0.0627451241016388,0.0693829843774438,0.7792499542236329,-0.006089445983525366,0.001222278160275891,0.16632988750934596,nan,0.0,nan,0.0,0
10,340,3508,0.1328409090909091,2560,0.6736237645149231,0.774609375,-0.006685567996464669,0.5004416272044182,0.41953125,-0.8217655748128891,0.5923637509346008,0.0627451241016388,0.07582397684454918,0.7855165600776672,-0.007311724143801257,-0.0006261561473365875,0.16632988750934596,nan,0.0,nan,0.0,0
10,352,3520,0.13329545454545455,1480,0.6395806921494974,0.7810810817254557,-0.004635852494755306,0.4986878151829178,0.47635135038478954,-1.037788600535006,0.5920548838538092,0.0627451241016388,0.07546644786725173,0.7848686047502467,-0.007311724143801257,-0.0026758716490459505,0.16632988750934596,nan,0.0,0.0,0.3784966000239365,0
11,20,3540,0.1340530303030303,2560,0.613901749253273,0.79296875,-0.0064025292173028,0.49925577044487,0.433203125,-0.8613113477826119,0.5923501551151276,0.0627451241016388,0.06929599158465863,0.7760828107595443,-0.007311724143801257,-0.0009091949264984573,0.16632988750934596,nan,0.0,nan,0.0,0
11,40,3560,0.13481060606060608,2560,0.6892434462904931,0.778125,-0.005197591485921293,0.4996650844812393,0.44609375,-0.8963042378425599,0.5925228327512742,0.0627451241016388,0.07204964905977249,0.7815110504627227,-0.006685567996464669,-0.001487976510543376,0.16632988750934596,nan,0.0,nan,0.0,0
11,60,3580,0.13556818181818184,2560,0.6155130431056023,0.7984375,-0.011080276098800823,0.4975364878773689,0.435546875,-0.8602744787931442,0.5909340143203735,0.0627451241016388,0.06988458558917046,0.7769817620515823,-0.0064025292173028,0.004677746881498024,0.16632988750934596,nan,0.0,nan,0.0,0
11,80,3600,0.13632575757575757,2560,0.572440254688263,0.8109375,-0.0029518257128074766,0.5018142893910408,0.4265625,-0.9148377001285553,0.5923698633909226,0.0627451241016388,0.07263213992118836,0.7805328041315078,-0.0064025292173028,-0.003450703504495323,0.16632988750934596,nan,0.0,nan,0.0,0
11,100,3620,0.13708333333333333,2560,0.6139807999134064,0.7875,-0.008680397167336196,0.49811517000198363,0.41171875,-0.8685251832008362,0.5918914914131165,0.0627451241016388,0.06654450502246619,0.7724465876817703,-0.005197591485921293,0.003482805681414903,0.16632988750934596,nan,0.0,0.0,0.37448030000086874,0
11,120,3640,0.1378409090909091,2560,0.5427918195724487,0.818359375,-0.007571523787919432,0.4994626507163048,0.4,-0.8197174608707428,0.5923581600189209,0.0627451241016388,0.06693866699934006,0.7744261175394058,-0.0064025292173028,0.0011689945706166325,0.16632988750934596,nan,0.0,nan,0.0,0
11,140,3660,0.13859848484848486,2560,0.56585942953825,0.814453125,-0.0039177844359073784,0.4992928981781006,0.412109375,-0.8839723855257035,0.5924879908561707,0.0627451241016388,0.0633866773918271,0.7692939847707748,-0.007571523787919432,-0.0036537393520120537,0.16632988750934596,nan,0.0,nan,0.0,0
11,160,3680,0.13935606060606062,2560,0.5436905115842819,0.81796875,-0.0064161894610151645,0.49721300005912783,0.437109375,-0.9995947629213333,0.5926749110221863,0.0627451241016388,0.0675267070531845,0.7744695156812668,-0.007571523787919432,-0.0011553343269042676,0.16632988750934596,nan,0.0,nan,0.0,0
11,180,3700,0.14011363636363636,2560,0.6323959410190583,0.785546875,-0.004164500680053607,0.4976383328437805,0.42578125,-0.9279741406440735,0.5926676571369172,0.0627451241016388,0.06250212267041207,0.7664512276649476,-0.0064161894610151645,-0.0022516887809615575,0.16632988750934596,nan,0.0,nan,0.0,0
11,200,3720,0.14087121212121212,2560,0.6064857497811318,0.801171875,-0.0016596675442997367,0.5011338710784912,0.411328125,-0.8970170706510544,0.591988256573677,0.0627451241016388,0.06276363115757704,0.7660441786050797,-0.0064161894610151645,-0.004756521916715428,0.16632988750934596,nan,0.0,0.0,0.376183399988804,0
11,220,3740,0.14162878787878788,2560,0.6232081890106201,0.784765625,-0.0034953449241584165,0.499647918343544,0.434375,-0.8932409077882767,0.5915429621934891,0.0627451241016388,0.06731971502304077,0.7737424820661545,-0.004164500680053607,-0.0006691557558951905,0.16632988750934596,nan,0.0,nan,0.0,0
11,240,3760,0.14238636363636364,2560,0.5903274297714234,0.799609375,-0.004869357819552533,0.4959789410233498,0.4203125,-0.829866823554039,0.592767858505249,0.0627451241016388,0.06499614417552949,0.7693084865808487,-0.0039177844359073784,0.0009515733836451545,0.16632988750934596,nan,0.0,nan,0.0,0
11,260,3780,0.1431439393939394,2560,0.552052141726017,0.814453125,-0.001611189026152715,0.49917984902858736,0.428125,-0.9064201086759567,0.5925415277481079,0.0627451241016388,0.06676372978836298,0.7717444896697998,-0.004164500680053607,-0.0025533116539008917,0.16632988750934596,nan,0.0,nan,0.0,0
11,280,3800,0.14390151515151514,2560,0.5978611648082733,0.806640625,-0.005578432627953589,0.5004524424672127,0.38828125,-0.7755001962184906,0.5922776699066162,0.0627451241016388,0.0649346724152565,0.7706224501132966,-0.0034953449241584165,0.0020830877037951723,0.16632988750934596,nan,0.0,nan,0.0,0
11,300,3820,0.1446590909090909,2560,0.6162719249725341,0.794921875,-0.0031505166843999177,0.496906042098999,0.43203125,-0.884176641702652,0.591742467880249,0.0627451241016388,0.0642070323228836,0.7706421822309494,-0.0034953449241584165,-0.0003448282397584988,0.16632988750934596,nan,0.0,0.0,0.3707017000124324,0
11,320,3840,0.14541666666666667,2560,0.623725326359272,0.794921875,-0.004862686555134133,0.4997701197862625,0.439453125,-0.9073253214359284,0.591769677400589,0.0627451241016388,0.06234633475542069,0.7669787287712098,-0.0034953449241584165,0.0013673416309757163,0.16632988750934596,nan,0.0,nan,0.0,0
11,340,3860,0.14617424242424243,2560,0.5933616861701012,0.805078125,-0.0036817559855990114,0.4986806347966194,0.4171875,-0.8145616203546524,0.5918920069932938,0.0627451241016388,0.06597876884043216,0.7728274524211883,-0.004862686555134133,-0.0011809305695351215,0.16632988750934596,nan,0.0,nan,0.0,0
11,352,3872,0.1466287878787879,1480,0.6008604455638576,0.7972972963307355,-0.009618227143545408,0.49811309060534914,0.4466216229103707,-0.9051137631003922,0.592909169841457,0.0627451241016388,0.06686839159276034,0.7739257454872132,-0.0036817559855990114,0.005936471157946397,0.16632988750934596,nan,0.0,nan,0.0,0
12,20,3892,0.14738636363636365,2560,0.6375201225280762,0.790234375,-0.0016897210967727005,0.5014092937111855,0.39375,-0.807694461941719,0.5928837031126022,0.0627451241016388,0.062026999332010745,0.7652443796396255,-0.004862686555134133,-0.0031729654583614324,0.16632988750934596,nan,0.0,nan,0.0,0
12,40,3912,0.1481439393939394,2560,0.5687653928995132,0.81171875,-0.0018508378707338125,0.49889960438013076,0.415625,-0.855787193775177,0.5908556818962097,0.0627451241016388,0.062401819974184036,0.7662469893693924,-0.0036817559855990114,-0.001830918114865199,0.16632988750934596,nan,0.0,0.0,0.3799691000021994,0
12,60,3932,0.14890151515151515,2560,0.5242099672555923,0.823828125,-0.0033552681445144115,0.4965159252285957,0.41484375,-0.9006644994020462,0.5914367854595184,0.0627451241016388,0.06053567752242088,0.7637171119451522,-0.0036817559855990114,-0.00032648784108459984,0.16632988750934596,nan,0.0,nan,0.0,0
12,80,3952,0.1496590909090909,2560,0.5255039960145951,0.825,0.0007987913268152624,0.5010309994220734,0.402734375,-0.8771614372730255,0.5919070154428482,0.0627451241016388,0.0637447789311409,0.7688467085361481,-0.0033552681445144115,-0.004154059471329674,0.16632988750934596,nan,0.0,nan,0.0,0
12,100,3972,0.15041666666666667,2560,0.5786131858825684,0.804296875,0.00189909910550341,0.4991264477372169,0.409765625,-0.8785353928804398,0.5912784814834595,0.0627451241016388,0.06386603340506554,0.7687169253826142,-0.0018508378707338125,-0.0037499369762372227,0.16632988750934596,nan,0.0,nan,0.0,0
12,120,3992,0.15117424242424243,2560,0.5925570547580719,0.799609375,-0.0011667072423733771,0.4998836681246758,0.425390625,-0.8602920681238174,0.5911173760890961,0.0627451241016388,0.0643013583496213,0.7698447048664093,-0.0016897210967727005,-0.0005230138543993233,0.16632988750934596,nan,0.0,nan,0.0,0
12,140,4012,0.1519318181818182,2560,0.617485000193119,0.800390625,0.002492621948476881,0.5009934917092324,0.40703125,-0.787396302819252,0.591795626282692,0.0627451241016388,0.0598409116268158,0.7633860379457473,-0.0011667072423733771,-0.0036593291908502577,0.16632988750934596,nan,0.0,0.0,0.3721864999970421,0
12,160,4032,0.15268939393939396,2560,0.5370359525084496,0.825,-0.0027287766337394715,0.4964208111166954,0.40546875,-0.8232568562030792,0.5918534755706787,0.0627451241016388,0.06125352364033461,0.7651200294494629,0.0007987913268152624,0.003527567960554734,0.16632988750934596,nan,0.0,nan,0.0,0
12,180,4052,0.1534469696969697,2560,0.5498424291610717,0.81796875,-0.003205748851178214,0.4987779125571251,0.4375,-0.9293238043785095,0.591931301355362,0.0627451241016388,0.0646597808226943,0.7701658368110657,0.0007987913268152624,0.004004540177993477,0.16632988750934596,nan,0.0,nan,0.0,0
12,200,4072,0.15420454545454546,2560,0.5971254616975784,0.798828125,0.0008083444088697433,0.497831991314888,0.390625,-0.7566349983215332,0.5930942744016647,0.0627451241016388,0.05953489989042282,0.761262646317482,-0.0011667072423733771,-0.0019750516512431204,0.16632988750934596,nan,0.0,nan,0.0,0
12,220,4092,0.15496212121212122,2560,0.5833937406539917,0.81015625,0.001879128732252866,0.5012141063809394,0.39453125,-0.7558425962924957,0.5920485347509384,0.0627451241016388,0.05615858044475317,0.7542567402124405,-0.0011667072423733771,-0.003045835974626243,0.16632988750934596,nan,0.0,nan,0.0,0
12,240,4112,0.15571969696969698,2560,0.5984136998653412,0.799609375,-0.00020825060200877488,0.5005204677581787,0.379296875,-0.7729378253221512,0.5926127314567566,0.0627451241016388,0.05524361934512854,0.7532589823007584,0.0008083444088697433,0.0010165950108785183,0.16632988750934596,nan,0.0,0.0,0.3696664000162855,0
12,260,4132,0.15647727272727274,2560,0.5463558658957481,0.823828125,0.0013312251307070256,0.49859633296728134,0.37265625,-0.7504986464977265,0.592441713809967,0.0627451241016388,0.05371298063546419,0.7515590190887451,-0.00020825060200877488,-0.0015394757327158006,0.16632988750934596,nan,0.0,nan,0.0,0
12,280,4152,0.15723484848484848,2560,0.5533908307552338,0.816015625,0.0006663767038844526,0.49969229102134705,0.37734375,-0.7470014363527298,0.5926362544298172,0.0627451241016388,0.05373067036271095,0.751964595913887,0.0008083444088697433,0.00014196770498529074,0.16632988750934596,nan,0.0,nan,0.0,0
12,300,4172,0.15799242424242424,2560,0.632083722949028,0.783984375,0.003206448839046061,0.49798826575279237,0.3953125,-0.8357517749071122,0.5915082514286041,0.0627451241016388,0.0583416759967804,0.7603832006454467,0.0008083444088697433,-0.002398104430176318,0.16632988750934596,nan,0.0,nan,0.0,0
12,320,4192,0.15875,2560,0.5348845526576043,0.81875,0.0062034779053647075,0.5011515438556671,0.376171875,-0.7759550929069519,0.5910695642232895,0.0627451241016388,0.05809599757194519,0.7581777393817901,0.0013312251307070256,-0.004872252774657682,0.16632988750934596,nan,0.0,nan,0.0,0
12,340,4212,0.15950757575757576,2560,0.5684733137488365,0.805078125,-0.0002496597764547914,0.499820476770401,0.3859375,-0.8070145368576049,0.5931260645389557,0.0627451241016388,0.056322173215448856,0.7567582964897156,0.0013312251307070256,0.001580884907161817,0.16632988750934596,nan,0.0,0.0,0.37037180000334047,0
12,352,4224,0.15996212121212122,1480,0.633772725350148,0.7817567580455058,-0.003121869293721141,0.4965926039863277,0.39054054021835327,-0.7579494051031164,0.5923966858838056,0.0627451241016388,0.0633805490426115,0.7710973681630315,0.0013312251307070256,0.0044530944244281665,0.16632988750934596,nan,0.0,nan,0.0,0
13,20,4244,0.16071969696969698,2560,0.5643477350473404,0.80390625,0.003828799509210512,0.4992625042796135,0.350390625,-0.6408774226903915,0.5922348201274872,0.0627451241016388,0.0577653294429183,0.7637701362371445,0.0006663767038844526,-0.0031624228053260595,0.16632988750934596,nan,0.0,nan,0.0,0
13,40,4264,0.16147727272727275,2560,0.5801095679402352,0.805859375,-0.000754849286749959,0.4950648099184036,0.377734375,-0.7673188805580139,0.5929853022098541,0.0627451241016388,0.05316405985504389,0.7540651559829712,0.003206448839046061,0.00396129812579602,0.16632988750934596,nan,0.0,nan,0.0,0
13,60,4284,0.16223484848484848,2560,0.5809129476547241,0.8015625,-0.005788732186192647,0.49753444492816923,0.30859375,-0.6250310733914375,0.5930724084377289,0.0627451241016388,0.059634670801460746,0.7692499697208405,-0.0002496597764547914,0.0055390724097378555,0.16632988750934596,nan,0.0,nan,0.0,0
13,80,4304,0.16299242424242424,2560,0.6280178636312485,0.787109375,-0.007796460384270176,0.499349357187748,0.35390625,-0.6565852478146553,0.5920571893453598,0.0627451241016388,0.05939442962408066,0.773462438583374,-0.000754849286749959,0.007041611097520217,0.16632988750934596,nan,0.0,0.0,0.3714878000027966,0
13,100,4324,0.16375,2560,0.6302759647369385,0.791796875,-0.011908675270387904,0.5007730036973953,0.39609375,-0.7403678447008133,0.5929329127073288,0.0627451241016388,0.05730570051819086,0.770632141828537,-0.003121869293721141,0.008786805976666763,0.16632988750934596,nan,0.0,nan,0.0,0
13,120,4344,0.16450757575757577,2560,0.5787185505032539,0.807421875,-0.012344936974113808,0.4996404156088829,0.41640625,-0.8893399059772491,0.5924531519412994,0.0627451241016388,0.06636288966983557,0.7799526900053024,-0.005788732186192647,0.006556204787921161,0.16632988750934596,nan,0.0,nan,0.0,0
13,140,4364,0.16526515151515153,2560,0.5199374973773956,0.826171875,-0.012241284881019965,0.5002355113625526,0.4421875,-1.0116731166839599,0.5924522578716278,0.0627451241016388,0.06780078802257776,0.7804174929857254,-0.007796460384270176,0.004444824496749789,0.16632988750934596,nan,0.0,nan,0.0,0
13,160,4384,0.16602272727272727,2560,0.6023728430271149,0.798828125,-0.013057478255359457,0.49812152832746504,0.452734375,-1.0428989470005035,0.5919685542583466,0.0627451241016388,0.07651104182004928,0.7918809592723847,-0.011908675270387904,0.001148802984971553,0.16632988750934596,nan,0.0,nan,0.0,0
13,180,4404,0.16678030303030303,2560,0.5466780081391335,0.82421875,-0.01553219190100208,0.49694685339927674,0.45546875,-0.9879129827022552,0.5922879755496979,0.0627451241016388,0.071888842061162,0.7832537531852722,-0.012241284881019965,0.003290907019982114,0.16632988750934596,nan,0.0,0.0,0.36806169999181293,0
13,200,4424,0.1675378787878788,2560,0.6022845298051834,0.8015625,-0.015180099825374781,0.49934121370315554,0.43125,-0.8975296169519424,0.5919990748167038,0.0627451241016388,0.07197775170207024,0.783009386062622,-0.012344936974113808,0.0028351628512609736,0.16632988750934596,nan,0.0,nan,0.0,0
13,220,4444,0.16829545454545455,2560,0.6209390044212342,0.79375,-0.01242403740179725,0.500364576280117,0.375390625,-0.7278602451086045,0.5917891412973404,0.0627451241016388,0.07168272584676742,0.7850995033979415,-0.013057478255359457,-0.000633440853562206,0.16632988750934596,nan,0.0,nan,0.0,0
13,240,4464,0.16905303030303032,2560,0.6018769413232803,0.805078125,-0.015121167129836976,0.49827462434768677,0.419921875,-0.8537094354629516,0.5915270656347275,0.0627451241016388,0.0633208304643631,0.7740992248058319,-0.013057478255359457,0.002063688874477519,0.16632988750934596,nan,0.0,nan,0.0,0
13,260,4484,0.16981060606060605,2560,0.5825326696038247,0.8140625,-0.013969772413838654,0.4990797832608223,0.42265625,-0.8759301036596299,0.5924423456192016,0.0627451241016388,0.061663315445184705,0.7690993487834931,-0.015121167129836976,-0.0011513947159983214,0.16632988750934596,nan,0.0,nan,0.0,0
13,280,4504,0.1705681818181818,2560,0.6497682899236679,0.780859375,-0.014651756430976094,0.4985261410474777,0.38125,-0.7101640433073044,0.5927035212516785,0.0627451241016388,0.06147331651300192,0.7698941618204117,-0.015121167129836976,-0.0004694106988608823,0.16632988750934596,nan,0.0,0.0,0.3747494999843184,0
13,300,4524,0.1713257575757576,2560,0.6526294499635696,0.78828125,-0.0117278833524324,0.4975153744220734,0.3828125,-0.6908856347203255,0.5934998989105225,0.0627451241016388,0.05755705386400223,0.7672657340764999,-0.014651756430976094,-0.002923873078543693,0.16632988750934596,nan,0.0,nan,0.0,0
13,320,4544,0.17208333333333337,2560,0.7157628983259201,0.754296875,-0.008679361362010241,0.4976151943206787,0.36484375,-0.59151621311903,0.5934425562620163,0.0627451241016388,0.05661563146859407,0.7642915964126586,-0.013969772413838654,-0.005290411051828413,0.16632988750934596,nan,0.0,nan,0.0,0
13,340,4564,0.1728409090909091,2560,0.7402986377477646,0.749609375,-0.012681714323116466,0.4999015897512436,0.361328125,-0.5163468927145004,0.5931556940078735,0.0627451241016388,0.04927199631929398,0.749949049949646,-0.013969772413838654,-0.0012880580907221884,0.16632988750934596,nan,0.0,nan,0.0,0
13,352,4576,0.17329545454545456,1480,0.6703418254852295,0.771621623232558,-0.01906721606045156,0.4977057523018605,0.3587837834615965,-0.5952292084693909,0.5926093752319749,0.0627451241016388,0.052916271581843095,0.7559889674186706,-0.012681714323116466,0.006385501737335092,0.16632988750934596,nan,0.0,nan,0.0,0
14,20,4596,0.17405303030303032,2560,0.7571739703416824,0.7453125,-0.015459411276970059,0.4968247920274734,0.375,-0.6007540747523308,0.5924337029457092,0.0627451241016388,0.05934082344174385,0.7653614431619644,-0.012681714323116466,0.002777696953853593,0.16632988750934596,nan,0.0,0.0,0.3689433999825269,0
14,40,4616,0.17481060606060606,2560,0.7013094186782837,0.76875,-0.01028842176310718,0.49886463284492494,0.354296875,-0.5384424716234207,0.5926113277673721,0.0627451241016388,0.05889965426176787,0.7632614284753799,-0.012681714323116466,-0.0023932925600092855,0.16632988750934596,nan,0.0,nan,0.0,0
14,60,4636,0.17556818181818182,2560,0.7302281245589256,0.75390625,-0.006185393140185624,0.49965643882751465,0.343359375,-0.5666660279035568,0.5932206720113754,0.0627451241016388,0.05967517979443073,0.7646321654319763,-0.012681714323116466,-0.006496321182930842,0.16632988750934596,nan,0.0,nan,0.0,0
14,80,4656,0.17632575757575758,2560,0.6554699510335922,0.78203125,-0.001875087892403826,0.5013574108481407,0.35234375,-0.6060499742627143,0.5939341396093368,0.0627451241016388,0.05907744094729424,0.7610319167375564,-0.012681714323116466,-0.01080662643071264,0.16632988750934596,nan,0.0,nan,0.0,0
14,100,4676,0.17708333333333334,2560,0.6052891567349434,0.798828125,-0.007751468845526688,0.49790345728397367,0.362890625,-0.6516374379396439,0.5926494807004928,0.0627451241016388,0.05677158087491989,0.7582214653491974,-0.01028842176310718,-0.002536952917580493,0.16632988750934596,nan,0.0,nan,0.0,0
14,120,4696,0.1778409090909091,2560,0.7130220323801041,0.762109375,-0.006912516395095736,0.49863396883010863,0.3296875,-0.4988782972097397,0.5930860072374344,0.0627451241016388,0.06213188823312521,0.7670020550489426,-0.007751468845526688,-0.0008389524504309517,0.16632988750934596,nan,0.0,0.0,0.3704673000029288,0
14,140,4716,0.17859848484848484,2560,0.6696409329771995,0.7828125,-0.008629687927896156,0.49971556663513184,0.33359375,-0.5403626501560211,0.5925703883171082,0.0627451241016388,0.05702632069587708,0.758472490310669,-0.006912516395095736,0.00171717153280042,0.16632988750934596,nan,0.0,nan,0.0,0
14,160,4736,0.1793560606060606,2560,0.6263348057866096,0.783203125,-0.014611326763406396,0.4972875088453293,0.370703125,-0.5784240275621414,0.5927073389291764,0.0627451241016388,0.059208380058407784,0.7636921435594559,-0.006912516395095736,0.00769881036831066,0.16632988750934596,nan,0.0,nan,0.0,0
14,180,4756,0.18011363636363636,2560,0.5944614723324776,0.803515625,-0.013872976368293165,0.5007239207625389,0.3625,-0.7313033401966095,0.5912880152463913,0.0627451241016388,0.05762548819184303,0.76284761428833,-0.007751468845526688,0.006121507522766478,0.16632988750934596,nan,0.0,nan,0.0,0
14,200,4776,0.18087121212121213,2560,0.6348236575722694,0.7859375,-0.013941088522551581,0.4985188916325569,0.348046875,-0.6438254594802857,0.5912943720817566,0.0627451241016388,0.0653028091415763,0.7738132566213608,-0.008629687927896156,0.005311400594655425,0.16632988750934596,nan,0.0,nan,0.0,0
14,220,4796,0.1816287878787879,2560,0.6405691087245942,0.789453125,-0.015612191386753693,0.4991185635328293,0.36875,-0.6669297009706497,0.5913896083831787,0.0627451241016388,0.06405600272119046,0.772291624546051,-0.013872976368293165,0.001739215018460527,0.16632988750934596,nan,0.0,0.0,0.37224860000424087,0
14,240,4816,0.18238636363636365,2560,0.6239401161670685,0.7890625,-0.01668087993748486,0.49941420257091523,0.378125,-0.7243246763944626,0.5913377314805984,0.0627451241016388,0.06732331439852715,0.7728999316692352,-0.013941088522551581,0.002739791414933279,0.16632988750934596,nan,0.0,nan,0.0,0
14,260,4836,0.18314393939393941,2560,0.5885506391525268,0.80546875,-0.01806442686356604,0.49977405816316606,0.38828125,-0.7411934047937393,0.592242956161499,0.0627451241016388,0.06901898048818111,0.7755287379026413,-0.014611326763406396,0.0034531001001596433,0.16632988750934596,nan,0.0,nan,0.0,0
14,280,4856,0.18390151515151518,2560,0.5739969074726105,0.81328125,-0.018839311724877916,0.4994461238384247,0.3921875,-0.7818663358688355,0.593379870057106,0.0627451241016388,0.07044502422213554,0.7804707139730453,-0.015612191386753693,0.003227120338124223,0.16632988750934596,nan,0.0,nan,0.0,0
14,300,4876,0.18465909090909094,2560,0.6116162732243537,0.79140625,-0.014351416286081076,0.4994299694895744,0.384765625,-0.7237275972962379,0.5931376308202744,0.0627451241016388,0.0743209332227707,0.78291534781456,-0.01668087993748486,-0.0023294636514037837,0.16632988750934596,nan,0.0,nan,0.0,0
14,320,4896,0.18541666666666667,2560,0.5274629965424538,0.83125,-0.015877146215643734,0.4983051434159279,0.372265625,-0.7664194762706756,0.5920086055994034,0.0627451241016388,0.07775421738624573,0.7888766974210739,-0.01668087993748486,-0.000803733721841126,0.16632988750934596,nan,0.0,0.0,0.3753792999777943,0
14,340,4916,0.18617424242424244,2560,0.5266932189464569,0.81171875,-0.019989468599669637,0.5006861507892608,0.398046875,-0.8534244120121002,0.5927498072385788,0.0627451241016388,0.07445394732058049,0.7865019917488099,-0.01668087993748486,0.003308588662184777,0.16632988750934596,nan,0.0,nan,0.0,0
14,352,4928,0.1866287878787879,1480,0.5486306306478139,0.811486487130861,-0.017684659261155772,0.49614742784886745,0.3898648653481458,-0.8243216630574819,0.5910541363664575,0.0627451241016388,0.07719623277316222,0.787492342252989,-0.01806442686356604,-0.0003797676024102671,0.16632988750934596,nan,0.0,nan,0.0,0
15,20,4948,0.18738636363636363,2560,0.5578445658087731,0.815234375,-0.01530925752595067,0.4989528775215149,0.37890625,-0.7690076276659965,0.5910960048437118,0.0627451241016388,0.08274233154952526,0.793627792596817,-0.017684659261155772,-0.0023754017352051026,0.16632988750934596,nan,0.0,nan,0.0,0
15,40,4968,0.1881439393939394,2560,0.49400812983512876,0.840625,-0.016701637639198453,0.49750088453292846,0.358203125,-0.7567225813865661,0.5911812007427215,0.0627451241016388,0.09130385518074036,0.8030259191989899,-0.015877146215643734,0.0008244914235547192,0.16632988750934596,nan,0.0,nan,0.0,0
15,60,4988,0.18890151515151515,2560,0.5604278817772865,0.81484375,-0.01449826117604971,0.4989158779382706,0.380078125,-0.7411815375089645,0.5908156275749207,0.0627451241016388,0.08437215685844421,0.7952949166297912,-0.016701637639198453,-0.0022033764631487433,0.16632988750934596,nan,0.0,0.0,0.36624339999980293,0
15,80,5008,0.18965909090909092,2560,0.535604938864708,0.8359375,-0.01519544624898117,0.4982715755701065,0.39296875,-0.8656296581029892,0.591266268491745,0.0627451241016388,0.0814375091344118,0.792611563205719,-0.016701637639198453,-0.0015061913902172826,0.16632988750934596,nan,0.0,nan,0.0,0
15,100,5028,0.19041666666666668,2560,0.5653122052550316,0.80703125,-0.012965116361738183,0.5002868786454201,0.378125,-0.739094364643097,0.5917480677366257,0.0627451241016388,0.0812624927610159,0.793363380432129,-0.01530925752595067,-0.0023441411642124866,0.16632988750934596,nan,0.0,nan,0.0,0
15,120,5048,0.1911742424242424,2560,0.5182855635881424,0.8359375,-0.017746230389457197,0.4958381772041321,0.383203125,-0.8392235189676285,0.5921974420547486,0.0627451241016388,0.0738492414355278,0.7852303177118302,-0.01519544624898117,0.002550784140476027,0.16632988750934596,nan,0.0,nan,0.0,0
15,140,5068,0.1919318181818182,2560,0.5787164956331253,0.80859375,-0.01398890579584986,0.5019102901220321,0.403125,-0.8335325717926025,0.591986608505249,0.0627451241016388,0.077609071880579,0.7881290704011917,-0.01519544624898117,-0.001206540453131311,0.16632988750934596,nan,0.0,nan,0.0,0
15,160,5088,0.19268939393939397,2560,0.5991758301854133,0.79609375,-0.020162268017884344,0.49772480726242063,0.384765625,-0.8014142215251923,0.5909234553575515,0.0627451241016388,0.07169890217483044,0.7817798286676407,-0.01449826117604971,0.005664006841834634,0.16632988750934596,nan,0.0,0.0,0.37029019999317825,0
15,180,5108,0.19344696969696973,2560,0.564746929705143,0.812109375,-0.02045716899447143,0.49914934039115905,0.40234375,-0.8264906406402588,0.5925537317991256,0.0627451241016388,0.07196842022240162,0.7812979996204377,-0.01519544624898117,0.00526172274549026,0.16632988750934596,nan,0.0,nan,0.0,0
15,200,5128,0.19420454545454546,2560,0.5181874081492424,0.833203125,-0.01786677921190858,0.49855653047561643,0.41796875,-0.9268270671367645,0.5912314265966415,0.0627451241016388,0.07494114115834236,0.7861069530248642,-0.017746230389457197,0.00012054882245138288,0.16632988750934596,nan,0.0,nan,0.0,0
15,220,5148,0.19496212121212123,2560,0.5731823414564132,0.8078125,-0.016412551485700533,0.4988207682967186,0.382421875,-0.8017663329839706,0.5914487332105637,0.0627451241016388,0.07683397270739079,0.788024690747261,-0.01786677921190858,-0.0014542277262080475,0.16632988750934596,nan,0.0,nan,0.0,0
15,240,5168,0.195719696969697,2560,0.5725224792957306,0.808984375,-0.013445898052304983,0.49890138357877734,0.3421875,-0.6172150820493698,0.592163360118866,0.0627451241016388,0.07204194813966751,0.7827590882778168,-0.01786677921190858,-0.0044208811596035975,0.16632988750934596,nan,0.0,nan,0.0,0
15,260,5188,0.19647727272727275,2560,0.5864826127886772,0.8015625,-0.011511920182965697,0.4996315151453018,0.365234375,-0.6806278139352798,0.5917221307754517,0.0627451241016388,0.06658620964735747,0.7751451164484024,-0.01786677921190858,-0.006354859028942884,0.16632988750934596,nan,0.0,0.0,0.37032230000477284,0
15,280,5208,0.1972348484848485,2560,0.5895796328783035,0.804296875,-0.013475990365259349,0.499107252061367,0.3640625,-0.6743700370192528,0.5922100275754929,0.0627451241016388,0.06710596159100532,0.7756118565797806,-0.016412551485700533,-0.002936561120441184,0.16632988750934596,nan,0.0,nan,0.0,0
15,300,5228,0.19799242424242425,2560,0.6295423164963723,0.7921875,-0.017583581223152577,0.4980005994439125,0.3640625,-0.6170290365815163,0.5926562190055847,0.0627451241016388,0.06433667037636041,0.7720409035682678,-0.013475990365259349,0.004107590857893228,0.16632988750934596,nan,0.0,nan,0.0,0
15,320,5248,0.19875,2560,0.5861687541007996,0.80234375,-0.013419056707061828,0.4991167798638344,0.351171875,-0.6428434908390045,0.5916627466678619,0.0627451241016388,0.06766884252429009,0.7760004997253418,-0.013475990365259349,-5.693365819752112e-05,0.16632988750934596,nan,0.0,nan,0.0,0
15,340,5268,0.19950757575757577,2560,0.5715809091925621,0.8109375,-0.018491499428637325,0.49859569817781446,0.366015625,-0.7504632741212844,0.5920773983001709,0.0627451241016388,0.06657798178493976,0.7747389316558838,-0.013445898052304983,0.005045601376332342,0.16632988750934596,nan,0.0,nan,0.0,0
15,352,5280,0.1999621212121212,1480,0.55059000414771,0.8263513526401004,-0.02188677220932535,0.4978737940659394,0.3527027027027027,-0.7090838731946172,0.5926243376087498,0.0627451241016388,0.0734203927017547,0.783535968290793,-0.013475990365259349,0.008410781844066002,0.16632988750934596,nan,0.0,0.0,0.37697559999651276,0
16,20,5300,0.19928030303030303,2560,0.5715096727013588,0.8109375,-0.021874743048101664,0.4970495983958244,0.36796875,-0.7853386789560318,0.5924831569194794,0.0627451241016388,0.07189039066433907,0.7804243385791778,-0.017583581223152577,0.004291161824949086,0.16632988750934596,nan,0.0,nan,0.0,0
16,40,5320,0.1985227272727273,2560,0.6086879596114159,0.800390625,-0.020743795274756848,0.49784649163484573,0.416015625,-0.8765059351921082,0.5926725000143052,0.0627451241016388,0.08024354241788387,0.7900053679943084,-0.018491499428637325,0.002252295846119523,0.16632988750934596,nan,0.0,nan,0.0,0
16,60,5340,0.1977651515151515,2560,0.49942184537649154,0.838671875,-0.014860711991786957,0.4989143505692482,0.431640625,-0.9419457942247391,0.5934116631746292,0.0627451241016388,0.08315629810094834,0.7938998132944107,-0.020743795274756848,-0.005883083282969891,0.16632988750934596,nan,0.0,nan,0.0,0
16,80,5360,0.19700757575757577,2560,0.46019594073295594,0.844140625,-0.012551324733067304,0.49969661980867386,0.3875,-0.9265370577573776,0.5929308801889419,0.0627451241016388,0.07661993354558945,0.786053603887558,-0.020743795274756848,-0.008192470541689544,0.16632988750934596,nan,0.0,nan,0.0,0
16,100,5380,0.19625,2560,0.48310125470161436,0.848828125,-0.01120179936697241,0.49985225945711137,0.4078125,-0.8990421146154404,0.592054259777069,0.0627451241016388,0.0790627021342516,0.7885219246149063,-0.020743795274756848,-0.009541995907784439,0.16632988750934596,nan,0.0,0.0,0.3724786000093445,0
16,120,5400,0.19549242424242427,2560,0.5009470924735069,0.8359375,-0.020353640289977194,0.4961873471736908,0.4046875,-0.9419332027435303,0.5921201258897781,0.0627451241016388,0.08322332426905632,0.7943290054798127,-0.014860711991786957,0.0054929282981902375,0.16632988750934596,nan,0.0,nan,0.0,0
16,140,5420,0.19473484848484848,2560,0.4957375466823578,0.843359375,-0.018261484615504742,0.4994195491075516,0.36640625,-0.8029803723096848,0.5924623042345047,0.0627451241016388,0.08307877257466316,0.7951290369033813,-0.014860711991786957,0.0034007726237177856,0.16632988750934596,nan,0.0,nan,0.0,0
16,160,5440,0.19397727272727275,2560,0.4558711513876915,0.85546875,-0.014521822385722772,0.49773612171411513,0.39609375,-0.9156261801719665,0.5913276851177216,0.0627451241016388,0.08202365152537823,0.792546346783638,-0.014860711991786957,-0.00033888960606418515,0.16632988750934596,nan,0.0,nan,0.0,0
16,180,5460,0.19321969696969699,2560,0.5827617838978767,0.812109375,-0.014244990790029988,0.49949596673250196,0.4,-0.8681350335478782,0.5919983059167861,0.0627451241016388,0.07920154184103012,0.78968825340271,-0.014521822385722772,-0.00027683159569278325,0.16632988750934596,nan,0.0,nan,0.0,0
16,200,5480,0.19246212121212125,2560,0.5714809194207191,0.8078125,-0.015069595025852322,0.4961530178785324,0.365234375,-0.8016105741262436,0.5917559444904328,0.0627451241016388,0.0764346718788147,0.7873105466365814,-0.014521822385722772,0.0005477726401295503,0.16632988750934596,nan,0.0,0.0,0.37209610000718385,0
16,220,5500,0.19170454545454546,2560,0.5983731105923653,0.800390625,-0.016998202400282027,0.4985932782292366,0.3875,-0.7931970000267029,0.5915472865104675,0.0627451241016388,0.07606344223022461,0.7857852667570114,-0.015069595025852322,0.0019286073744297048,0.16632988750934596,nan,0.0,nan,0.0,0
16,240,5520,0.19094696969696973,2560,0.5553723007440567,0.821484375,-0.013276021019555629,0.4983187511563301,0.3921875,-0.7971664220094681,0.5911542505025864,0.0627451241016388,0.07521586827933788,0.7841963052749634,-0.015069595025852322,-0.0017935740062966932,0.16632988750934596,nan,0.0,nan,0.0,0
16,260,5540,0.19018939393939394,2560,0.48209678530693056,0.8375,-0.01978705758228898,0.4963808849453926,0.423046875,-1.0003207564353942,0.5922594875097275,0.0627451241016388,0.0808499090373516,0.7906821817159653,-0.014521822385722772,0.0052652351965662095,0.16632988750934596,nan,0.0,nan,0.0,0
16,280,5560,0.1894318181818182,2560,0.5282846093177795,0.82421875,-0.019117912789806724,0.49801319241523745,0.4015625,-0.8819689959287643,0.5914974421262741,0.0627451241016388,0.08353118970990181,0.7940641641616821,-0.015069595025852322,0.004048317763954402,0.16632988750934596,nan,0.0,nan,0.0,0
16,300,5580,0.18867424242424244,2560,0.4616178959608078,0.848828125,-0.015948055800981818,0.4968163952231407,0.43125,-1.063754889369011,0.5919318109750747,0.0627451241016388,0.07960640117526055,0.789644855260849,-0.016998202400282027,-0.0010501465993002085,0.16632988750934596,nan,0.0,0.0,0.3752389999863226,0
16,320,5600,0.1879166666666667,2560,0.490894778072834,0.833203125,-0.017994564166292547,0.4990462094545364,0.379296875,-0.8546780645847321,0.59240762591362,0.0627451241016388,0.0808079119771719,0.7930751711130142,-0.016998202400282027,0.00099636176601052,0.16632988750934596,nan,0.0,nan,0.0,0
16,340,5620,0.1871590909090909,2560,0.5480732768774033,0.826953125,-0.02156931845238432,0.49725889712572097,0.409765625,-0.8662235707044601,0.5923205316066742,0.0627451241016388,0.08455890864133835,0.7954333037137985,-0.017994564166292547,0.0035747542860917747,0.16632988750934596,nan,0.0,nan,0.0,0
16,352,5632,0.18670454545454548,1480,0.49079589263812917,0.8466216222659961,-0.010521077445229968,0.5044015808685406,0.4074324332379006,-0.9047209746128804,0.592340161027135,0.0627451241016388,0.0821910196462193,0.7927317960842236,-0.019117912789806724,-0.008596835344576757,0.16632988750934596,nan,0.0,nan,0.0,0
17,20,5652,0.1859469696969697,2560,0.4631616443395615,0.8453125,-0.02118989069131203,0.49349608570337294,0.401953125,-0.9635487288236618,0.5917075008153916,0.0627451241016388,0.0805923979729414,0.7901268512010574,-0.017994564166292547,0.0031953265250194846,0.16632988750934596,nan,0.0,nan,0.0,0
17,40,5672,0.18518939393939396,2560,0.561119082570076,0.819921875,-0.01861187684116885,0.5004507809877395,0.38671875,-0.847448605298996,0.5913756221532822,0.0627451241016388,0.07797121554613114,0.7880620986223221,-0.017994564166292547,0.0006173126748763025,0.16632988750934596,nan,0.0,0.0,0.38455819999217056,0
17,60,5692,0.1844318181818182,2560,0.5102260455489158,0.830859375,-0.013361669174628332,0.4995876505970955,0.39375,-0.8786095559597016,0.5916483789682389,0.0627451241016388,0.07899427376687526,0.7897588670253753,-0.01861187684116885,-0.005250207666540517,0.16632988750934596,nan,0.0,nan,0.0,0
17,80,5712,0.18367424242424246,2560,0.4683804020285606,0.846484375,-0.012353357649408281,0.4970362514257431,0.40078125,-0.9756681114435196,0.5915877193212509,0.0627451241016388,0.07960065566003323,0.7895936965942383,-0.01861187684116885,-0.006258519191760568,0.16632988750934596,nan,0.0,nan,0.0,0
17,100,5732,0.18291666666666667,2560,0.4166599839925766,0.860546875,-0.016831962973810732,0.49816679358482363,0.369140625,-0.8822805464267731,0.5920032680034637,0.0627451241016388,0.07827602103352546,0.7906341463327408,-0.013361669174628332,0.0034702937991824,0.16632988750934596,nan,0.0,nan,0.0,0
17,120,5752,0.18215909090909094,2560,0.4894025132060051,0.841796875,-0.015521662129322067,0.49675942659378053,0.391796875,-0.9083563208580017,0.5919290125370026,0.0627451241016388,0.0844620916992426,0.7951724261045456,-0.016831962973810732,-0.0013103008444886651,0.16632988750934596,nan,0.0,nan,0.0,0
17,140,5772,0.18140151515151515,2560,0.4891679406166077,0.834765625,-0.01838124074274674,0.49817671477794645,0.40546875,-0.9217877358198165,0.5919189661741256,0.0627451241016388,0.08253394924104214,0.7921913862228394,-0.015521662129322067,0.002859578613424672,0.16632988750934596,nan,0.0,0.0,0.3771001000131946,0
17,160,5792,0.1806439393939394,2560,0.49544794112443924,0.8375,-0.013801308878464624,0.49561056643724444,0.401171875,-0.8776603907346725,0.5921655237674713,0.0627451241016388,0.07980995886027813,0.7909590244293213,-0.015521662129322067,-0.0017203532508574433,0.16632988750934596,nan,0.0,nan,0.0,0
17,180,5812,0.17988636363636365,2560,0.4682079702615738,0.854296875,-0.018098412291146816,0.49907761812210083,0.413671875,-0.9332065731287003,0.5919798791408539,0.0627451241016388,0.08753777891397477,0.7997588455677033,-0.015521662129322067,0.002576750161824749,0.16632988750934596,nan,0.0,nan,0.0,0
17,200,5832,0.17912878787878792,2560,0.47068515568971636,0.85,-0.014885852404404432,0.49967347681522367,0.36796875,-0.841054943203926,0.591715258359909,0.0627451241016388,0.08408095091581344,0.7955782949924469,-0.016831962973810732,-0.0019461105694063008,0.16632988750934596,nan,0.0,nan,0.0,0
17,220,5852,0.17837121212121212,2560,0.4622984379529953,0.8515625,-0.01713370525976643,0.49700369834899905,0.414453125,-0.9350641667842865,0.5919519037008285,0.0627451241016388,0.0840425081551075,0.7951343864202499,-0.015521662129322067,0.0016120431304443624,0.16632988750934596,nan,0.0,nan,0.0,0
17,240,5872,0.1776136363636364,2560,0.42855683118104937,0.86875,-0.016006095221382566,0.4995283916592598,0.389453125,-0.9140162616968155,0.5913724452257156,0.0627451241016388,0.0868017751723528,0.797807028889656,-0.01713370525976643,-0.0011276100383838632,0.16632988750934596,nan,0.0,0.0,0.37454959997558035,0
17,260,5892,0.17685606060606063,2560,0.44153591990470886,0.85390625,-0.015061854105442762,0.4960107296705246,0.411328125,-1.0696304380893706,0.5906870722770691,0.0627451241016388,0.08272808790206909,0.7946361482143403,-0.016006095221382566,-0.0009442411159398048,0.16632988750934596,nan,0.0,nan,0.0,0
17,280,5912,0.17609848484848484,2560,0.4834671258926392,0.842578125,-0.023476563836447896,0.49680800288915633,0.393359375,-0.9666689425706864,0.5920517176389695,0.0627451241016388,0.08511673957109452,0.7958895087242126,-0.016006095221382566,0.0074704686150653295,0.16632988750934596,nan,0.0,nan,0.0,0
17,300,5932,0.1753409090909091,2560,0.46504908353090285,0.85078125,-0.0153578924422618,0.4987863048911095,0.376171875,-0.8590509802103042,0.5922189325094223,0.0627451241016388,0.08262785188853741,0.7948267340660096,-0.016006095221382566,-0.0006482027791207667,0.16632988750934596,nan,0.0,nan,0.0,0
17,320,5952,0.1745833333333333,2560,0.502164326608181,0.8359375,-0.010771947319153697,0.49757933169603347,0.41484375,-0.948605152964592,0.5919131129980088,0.0627451241016388,0.08086063787341118,0.7924671292304992,-0.016006095221382566,-0.0052341479022288695,0.16632988750934596,nan,0.0,nan,0.0,0
17,340,5972,0.17382575757575758,2560,0.4547737970948219,0.85234375,-0.014422298211138695,0.4984574794769287,0.384375,-0.8298662930727005,0.5910960108041763,0.0627451241016388,0.08437479734420776,0.7957858860492706,-0.0153578924422618,-0.0009355942311231047,0.16632988750934596,nan,0.0,0.0,0.37402540000039153,0
17,352,5984,0.17337121212121215,1480,0.42800853703473063,0.8608108120995599,-0.014903635931880894,0.4971004618180765,0.4358108104886235,-1.0814439419153574,0.5922765999226957,0.0627451241016388,0.0846716886436617,0.7962635723320214,-0.015061854105442762,-0.0001582181735618679,0.16632988750934596,nan,0.0,nan,0.0,0
18,20,6004,0.17261363636363636,2560,0.37984229922294616,0.8796875,-0.012471267487853765,0.4969139263033867,0.404296875,-1.0312847465276718,0.5921114832162857,0.0627451241016388,0.08212977983057498,0.7941821157932282,-0.014903635931880894,-0.0024323684440271283,0.16632988750934596,nan,0.0,nan,0.0,0
18,40,6024,0.17185606060606062,2560,0.4779184028506279,0.848046875,-0.018950902388314716,0.49796335101127626,0.358203125,-0.8281605273485184,0.5908668667078019,0.0627451241016388,0.07981476299464703,0.7918069988489151,-0.014422298211138695,0.004528604177176021,0.16632988750934596,nan,0.0,nan,0.0,0
18,60,6044,0.17109848484848486,2560,0.45227961540222167,0.853515625,-0.014367005211533978,0.49967373460531234,0.41171875,-0.9447329461574554,0.5914549678564072,0.0627451241016388,0.07966817915439606,0.7910425037145614,-0.014422298211138695,-5.52929996047169e-05,0.16632988750934596,nan,0.0,nan,0.0,0
18,80,6064,0.17034090909090913,2560,0.46006942391395567,0.84921875,-0.016850730311125516,0.4964167341589928,0.4015625,-0.9550779968500137,0.590630242228508,0.0627451241016388,0.08023652657866479,0.7909661322832108,-0.014422298211138695,0.0024284320999868204,0.16632988750934596,nan,0.0,0.0,0.3713229999993928,0
18,100,6084,0.16958333333333334,2560,0.5238853842020035,0.833203125,-0.01149810331990011,0.5005447581410408,0.333203125,-0.6544771909713745,0.5906678795814514,0.0627451241016388,0.078937479108572,0.7901637405157089,-0.014903635931880894,-0.003405532611980783,0.16632988750934596,nan,0.0,nan,0.0,0
18,120,6104,0.1688257575757576,2560,0.4437526434659958,0.857421875,-0.014853640284854919,0.497462098300457,0.381640625,-0.8916570395231247,0.5922143518924713,0.0627451241016388,0.07277031466364861,0.7830646395683288,-0.014367005211533978,0.0004866350733209405,0.16632988750934596,nan,0.0,nan,0.0,0
18,140,6124,0.16806818181818184,2560,0.5039553299546242,0.846484375,-0.014742587902583182,0.49820417910814285,0.36640625,-0.7479488715529442,0.5920457363128662,0.0627451241016388,0.07322383709251881,0.7838178932666778,-0.014853640284854919,-0.00011105238227173721,0.16632988750934596,nan,0.0,nan,0.0,0
18,160,6144,0.1673106060606061,2560,0.44055484384298327,0.86015625,-0.011235703073907644,0.4988230556249619,0.371484375,-0.7956999719142914,0.592220202088356,0.0627451241016388,0.07141281515359879,0.7823327332735062,-0.014742587902583182,-0.003506884828675538,0.16632988750934596,nan,0.0,nan,0.0,0
18,180,6164,0.1665530303030303,2560,0.46208586543798447,0.8515625,-0.01980136623606086,0.49710719734430314,0.365625,-0.8430982440710068,0.5916927546262741,0.0627451241016388,0.07025298066437244,0.7802961617708206,-0.014742587902583182,0.005058778333477678,0.16632988750934596,nan,0.0,0.0,0.3670947999926284,0
18,200,6184,0.16579545454545452,2560,0.47854855805635454,0.84765625,-0.016196694388054312,0.4962640255689621,0.39921875,-0.8876871168613434,0.5909659206867218,0.0627451241016388,0.0684597346931696,0.7787415474653244,-0.014742587902583182,0.0014541064854711305,0.16632988750934596,nan,0.0,nan,0.0,0
18,220,6204,0.1650378787878788,2560,0.45566449910402296,0.85078125,-0.010194826713996009,0.4986754208803177,0.39453125,-0.9344721406698226,0.5924710780382156,0.0627451241016388,0.07381044700741768,0.7822731763124466,-0.014853640284854919,-0.00465881357085891,0.16632988750934596,nan,0.0,nan,0.0,0
18,240,6224,0.16428030303030303,2560,0.4418238177895546,0.84921875,-0.009526234830264001,0.4994999095797539,0.372265625,-0.8714943915605545,0.5919995903968811,0.0627451241016388,0.0738762702792883,0.7849407523870469,-0.014742587902583182,-0.00521635307231918,0.16632988750934596,nan,0.0,nan,0.0,0
18,260,6244,0.1635227272727273,2560,0.4839138865470886,0.843359375,-0.012086764693958685,0.4986747890710831,0.37890625,-0.8467691242694855,0.5922629237174988,0.0627451241016388,0.07910869382321835,0.790296670794487,-0.011235703073907644,0.0008510616200510419,0.16632988750934596,nan,0.0,nan,0.0,0
18,280,6264,0.1627651515151515,2560,0.5137357607483863,0.830078125,-0.015288279938977212,0.4978520840406418,0.39140625,-0.8767506718635559,0.5927664667367936,0.0627451241016388,0.0735179353505373,0.7855346977710724,-0.012086764693958685,0.0032015152450185266,0.16632988750934596,nan,0.0,0.0,0.3741500000178348,0
18,300,6284,0.16200757575757577,2560,0.44923797696828843,0.855078125,-0.01173363893176429,0.4988731533288956,0.391015625,-0.8923952728509903,0.5921945124864578,0.0627451241016388,0.07812310606241227,0.7904262274503708,-0.012086764693958685,-0.0003531257621943954,0.16632988750934596,nan,0.0,nan,0.0,0
18,320,6304,0.16125,2560,0.5441882863640786,0.817578125,-0.009762252756627277,0.4992225840687752,0.383203125,-0.8294943034648895,0.5916923671960831,0.0627451241016388,0.07588096670806407,0.7888813942670823,-0.01173363893176429,-0.001971386175137013,0.16632988750934596,nan,0.0,nan,0.0,0
18,340,6324,0.16049242424242427,2560,0.5465761616826057,0.816796875,-0.007680215605068952,0.4992027372121811,0.37890625,-0.7424866944551468,0.5932519495487213,0.0627451241016388,0.07267418280243873,0.7830788403749466,-0.01173363893176429,-0.004053423326695338,0.16632988750934596,nan,0.0,nan,0.0,0
18,352,6336,0.1600378787878788,1480,0.4969462294836302,0.8398648664758012,-0.010069996611894788,0.49765252470970156,0.3621621624843494,-0.804392192492614,0.5908911521370347,0.0627451241016388,0.06781189558473794,0.7759331690298544,-0.01173363893176429,-0.0016636423198695023,0.16632988750934596,nan,0.0,nan,0.0,0
19,20,6356,0.15928030303030305,2560,0.5107132107019424,0.830859375,-0.008439584588631987,0.49871853142976763,0.358984375,-0.71097252368927,0.5927529841661453,0.0627451241016388,0.07257131710648537,0.782611346244812,-0.010069996611894788,-0.001630412023262801,0.16632988750934596,nan,0.0,0.0,0.368915900005959,0
19,40,6376,0.15852272727272732,2560,0.5105518162250519,0.827734375,-0.008992831356590614,0.49777731448411944,0.3390625,-0.6693957597017288,0.5925080806016922,0.0627451241016388,0.07128849066793919,0.7820170104503632,-0.009762252756627277,-0.0007694214000366628,0.16632988750934596,nan,0.0,nan,0.0,0
19,60,6396,0.15776515151515152,2560,0.451098820567131,0.85078125,-0.011967665865086019,0.5019419535994529,0.340234375,-0.7517043381929398,0.59160997569561,0.0627451241016388,0.07046015560626984,0.7829376995563507,-0.008992831356590614,0.0029748345084954046,0.16632988750934596,nan,0.0,nan,0.0,0
19,80,6416,0.1570075757575758,2560,0.48319495618343355,0.835546875,-0.016338088549673557,0.49608155637979506,0.37578125,-0.7880133002996444,0.5916209071874619,0.0627451241016388,0.07691381946206093,0.7891575038433075,-0.008992831356590614,0.007345257193082943,0.16632988750934596,nan,0.0,nan,0.0,0
19,100,6436,0.15625,2560,0.45758308917284013,0.844140625,-0.013221538883226459,0.49899942278862,0.39140625,-0.8947826892137527,0.5915025323629379,0.0627451241016388,0.07762699499726296,0.7891382128000259,-0.010069996611894788,0.003151542271331671,0.16632988750934596,nan,0.0,nan,0.0,0
19,120,6456,0.15549242424242424,2560,0.498926953971386,0.834375,-0.013684195774840192,0.4970769315958023,0.370703125,-0.7775974184274673,0.59251469373703,0.0627451241016388,0.07552308849990368,0.7865166753530503,-0.011967665865086019,0.0017165299097541727,0.16632988750934596,nan,0.0,0.0,0.3689176000189036,0
19,140,6476,0.1547348484848485,2560,0.46494908481836317,0.84296875,-0.016800885507836937,0.4977548077702522,0.385546875,-0.8765424966812134,0.5925392270088196,0.0627451241016388,0.07786397114396096,0.7883404791355133,-0.013221538883226459,0.0035793466246104785,0.16632988750934596,nan,0.0,nan,0.0,0
19,160,6496,0.1539772727272727,2560,0.4952611640095711,0.833203125,-0.016518272872781382,0.49584873467683793,0.382421875,-0.8811603128910065,0.5927337825298309,0.0627451241016388,0.0840942196547985,0.7958868116140365,-0.013684195774840192,0.0028340770979411907,0.16632988750934596,nan,0.0,nan,0.0,0
19,180,6516,0.15321969696969698,2560,0.49206075370311736,0.83671875,-0.016735900146886706,0.49820024222135545,0.366796875,-0.7816278904676437,0.5919339746236801,0.0627451241016388,0.08215500861406326,0.7935156404972077,-0.016338088549673557,0.0003978115972131484,0.16632988750934596,nan,0.0,nan,0.0,0
19,200,6536,0.15246212121212122,2560,0.4759595111012459,0.84375,-0.011963707709219307,0.49701297879219053,0.37421875,-0.800982341170311,0.5924961268901825,0.0627451241016388,0.07746030688285828,0.7881740242242813,-0.016518272872781382,-0.004554565163562075,0.16632988750934596,nan,0.0,nan,0.0,0
19,220,6556,0.15170454545454548,2560,0.41730219721794126,0.8640625,-0.012048370391130447,0.49867237359285355,0.336328125,-0.7844872623682022,0.592048916220665,0.0627451241016388,0.0789843112230301,0.7917512893676758,-0.016518272872781382,-0.004469902481650936,0.16632988750934596,nan,0.0,0.0,0.3696199999831151,0
19,240,6576,0.1509469696969697,2560,0.48780305683612823,0.8359375,-0.010427520686062054,0.49733341336250303,0.366796875,-0.8059301257133484,0.5924872249364853,0.0627451241016388,0.07568608485162258,0.7865934550762177,-0.016518272872781382,-0.006090752186719329,0.16632988750934596,nan,0.0,nan,0.0,0
19,260,6596,0.15018939393939396,2560,0.5033404886722564,0.83671875,-0.011368781537748873,0.50216523706913,0.33984375,-0.6852203190326691,0.5932731837034225,0.0627451241016388,0.07361163645982742,0.7847366064786911,-0.012048370391130447,-0.0006795888533815738,0.16632988750934596,nan,0.0,nan,0.0,0
19,280,6616,0.14943181818181817,2560,0.39824186712503434,0.87109375,-0.011403548554517329,0.4994217038154602,0.408203125,-1.0264306724071504,0.5912418603897095,0.0627451241016388,0.07061005532741546,0.780508890748024,-0.011963707709219307,-0.000560159154701978,0.16632988750934596,nan,0.0,nan,0.0,0
19,300,6636,0.14867424242424243,2560,0.380073681473732,0.87734375,-0.012807051371783017,0.5002787441015244,0.42890625,-1.1730892807245255,0.5924877434968948,0.0627451241016388,0.07451869323849677,0.7833385229110718,-0.011403548554517329,0.0014035028172656883,0.16632988750934596,nan,0.0,nan,0.0,0
19,320,6656,0.14791666666666667,2560,0.3758459582924843,0.876953125,-0.01974827971425839,0.49668160974979403,0.403515625,-0.9923468798398971,0.5923640191555023,0.0627451241016388,0.07702030129730701,0.7847029596567154,-0.011403548554517329,0.00834473115974106,0.16632988750934596,nan,0.0,0.0,0.37213750000228174,0
19,340,6676,0.14715909090909093,2560,0.3431456618010998,0.890625,-0.016208666516467927,0.49895198792219164,0.389453125,-1.0339743554592133,0.5929392725229263,0.0627451241016388,0.07868614494800567,0.7870290547609329,-0.011403548554517329,0.004805117961950598,0.16632988750934596,nan,0.0,nan,0.0,0
19,352,6688,0.14670454545454548,1480,0.3110550283177479,0.8999999993556255,-0.009570463434667201,0.501914204777898,0.4114864864864865,-1.239874167055697,0.5921499039675738,0.0627451241016388,0.0805981125783276,0.7901010941814732,-0.012807051371783017,-0.0032365879371158163,0.16632988750934596,nan,0.0,nan,0.0,0
20,20,6708,0.14594696969696971,2560,0.27648347020149233,0.9125,-0.014350174478022382,0.5005139812827111,0.401953125,-1.2101329416036606,0.5926361322402954,0.0627451241016388,0.081356967613101,0.7897101998329162,-0.012807051371783017,0.001543123106239365,0.16632988750934596,nan,0.0,nan,0.0,0
20,40,6728,0.14518939393939392,2560,0.2918154865503311,0.90390625,-0.015957872732542455,0.49582635164260863,0.409375,-1.303946191072464,0.5926349818706512,0.0627451241016388,0.07777406871318818,0.7862206339836121,-0.014350174478022382,0.0016076982545200728,0.16632988750934596,nan,0.0,nan,0.0,0
20,60,6748,0.1444318181818182,2560,0.3071219056844711,0.902734375,-0.015225448028650135,0.4964511960744858,0.406640625,-1.2355358064174653,0.5921929866075516,0.0627451241016388,0.08107672482728959,0.7898129910230637,-0.015957872732542455,-0.00073242470389232,0.16632988750934596,nan,0.0,0.0,0.36971910001011565,0
20,80,6768,0.1436742424242424,2560,0.3122850991785526,0.89453125,-0.015677374496590346,0.4994172528386116,0.4234375,-1.1990169614553452,0.5919679164886474,0.0627451241016388,0.07981629781425,0.7875083267688752,-0.015225448028650135,0.00045192646794021095,0.16632988750934596,nan,0.0,nan,0.0,0
20,100,6788,0.14291666666666666,2560,0.31752862185239794,0.9,-0.0078026384930126366,0.5017213329672814,0.407421875,-1.1680434584617614,0.5921736568212509,0.0627451241016388,0.07927261479198933,0.7879672408103943,-0.015225448028650135,-0.007422809535637499,0.16632988750934596,nan,0.0,nan,0.0,0
20,120,6808,0.1421590909090909,2560,0.2631133273243904,0.909765625,-0.011822967906482518,0.49639919102191926,0.431640625,-1.3460415422916412,0.5929664850234986,0.0627451241016388,0.07297185845673085,0.7790741056203843,-0.015225448028650135,-0.0034024801221676174,0.16632988750934596,nan,0.0,nan,0.0,0
20,140,6828,0.14140151515151517,2560,0.32928604185581206,0.890234375,-0.016192134594894013,0.49497745335102084,0.432421875,-1.3229388266801834,0.5922439813613891,0.0627451241016388,0.07329223491251469,0.7792294561862946,-0.015225448028650135,0.0009666865662438778,0.16632988750934596,nan,0.0,nan,0.0,0
20,160,6848,0.14064393939393938,2560,0.29507668912410734,0.905078125,-0.015097731060814112,0.49917489290237427,0.419140625,-1.3012568593025207,0.5914529353380203,0.0627451241016388,0.07327704913914204,0.7793777972459793,-0.015225448028650135,-0.00012771696783602307,0.16632988750934596,nan,0.0,0.0,0.3747521999757737,0
20,180,6868,0.13988636363636364,2560,0.30505006164312365,0.899609375,-0.01674156027729623,0.49723906368017196,0.411328125,-1.2795948028564452,0.5921369105577469,0.0627451241016388,0.07569276727735996,0.7830618977546692,-0.015097731060814112,0.0016438292164821181,0.16632988750934596,nan,0.0,nan,0.0,0
20,200,6888,0.13912878787878788,2560,0.32231463491916656,0.894921875,-0.012493478393298573,0.4982945889234543,0.40234375,-1.20991652905941,0.5925443261861801,0.0627451241016388,0.07515619024634361,0.7829585373401642,-0.015097731060814112,-0.002604252667515539,0.16632988750934596,nan,0.0,nan,0.0,0
20,220,6908,0.13837121212121214,2560,0.2923945151269436,0.900390625,-0.012042505887802691,0.49895046651363373,0.428515625,-1.3224651038646698,0.5924932092428208,0.0627451241016388,0.07181839719414711,0.7782400637865067,-0.015097731060814112,-0.003055225173011421,0.16632988750934596,nan,0.0,nan,0.0,0
20,240,6928,0.13761363636363635,2560,0.2912462092936039,0.9078125,-0.013190840638708323,0.4998944714665413,0.421484375,-1.3305894494056703,0.5935309261083603,0.0627451241016388,0.07301722131669522,0.7759722679853439,-0.015097731060814112,-0.0019068904221057892,0.16632988750934596,nan,0.0,nan,0.0,0
20,260,6948,0.13685606060606062,2560,0.2989744745194912,0.901953125,-0.013414173701312393,0.49987718015909194,0.421484375,-1.3333905518054963,0.5925992548465728,0.0627451241016388,0.07552242912352085,0.7813070327043533,-0.013190840638708323,0.0002233330626040704,0.16632988750934596,nan,0.0,0.0,0.3741061000037007,0
20,280,6968,0.13609848484848483,2560,0.22450840398669242,0.925390625,-0.011312414836720564,0.4980879634618759,0.419140625,-1.2964383363723755,0.5913070917129517,0.0627451241016388,0.07421202287077903,0.7810913145542144,-0.013190840638708323,-0.0018784258019877587,0.16632988750934596,nan,0.0,nan,0.0,0
20,300,6988,0.1353409090909091,2560,0.2599891021847725,0.917578125,-0.013897866354091093,0.4992262691259384,0.39140625,-1.2274586975574493,0.5915125727653503,0.0627451241016388,0.0742792297154665,0.7807931184768677,-0.012493478393298573,0.0014043879607925202,0.16632988750934596,nan,0.0,nan,0.0,0
20,320,7008,0.13458333333333333,2560,0.31022321805357933,0.9,-0.011653038207441568,0.499323795735836,0.39609375,-1.0955485343933105,0.5917774438858032,0.0627451241016388,0.07874411642551422,0.7867429047822952,-0.013190840638708323,-0.0015378024312667545,0.16632988750934596,nan,0.0,nan,0.0,0
20,340,7028,0.1338257575757576,2560,0.3251070499420166,0.89453125,-0.015438552421983331,0.49637986421585084,0.383203125,-1.0820613354444504,0.5927231013774872,0.0627451241016388,0.07985428459942341,0.7878965139389038,-0.013190840638708323,0.0022477117832750085,0.16632988750934596,nan,0.0,nan,0.0,0
20,352,7040,0.1333712121212121,1480,0.34442049442110834,0.8817567580455058,-0.014296907468422038,0.4963726523760203,0.42770270286379636,-1.2273946678316272,0.5934638661307258,0.0627451241016388,0.07714715161033579,0.7853956074328036,-0.013414173701312393,0.000882733767109645,0.16632988750934596,nan,0.0,0.0,0.37880169998970814,0
21,20,7060,0.13261363636363638,2560,0.28546626940369607,0.901953125,-0.012646933615906164,0.5010477840900421,0.43359375,-1.2851897120475768,0.5934148311614991,0.0627451241016388,0.0770777516067028,0.7849863708019257,-0.013897866354091093,-0.0012509327381849296,0.16632988750934596,nan,0.0,nan,0.0,0
21,40,7080,0.1318560606060606,2560,0.24235749244689941,0.92578125,-0.011657405807636679,0.49649875462055204,0.400390625,-1.2061717808246613,0.5928892970085144,0.0627451241016388,0.07652907855808735,0.7830893039703369,-0.013897866354091093,-0.0022404605464544144,0.16632988750934596,nan,0.0,nan,0.0,0
21,60,7100,0.13109848484848485,2560,0.24967184886336327,0.917578125,-0.012940225773490965,0.4975071087479591,0.396484375,-1.1798759013414384,0.5911197900772095,0.0627451241016388,0.07570294365286827,0.7826069742441177,-0.012646933615906164,0.00029329215758480166,0.16632988750934596,nan,0.0,nan,0.0,0
21,80,7120,0.1303409090909091,2560,0.2758440479636192,0.908984375,-0.011413327779155224,0.4983313366770744,0.409765625,-1.1847484081983566,0.5926765620708465,0.0627451241016388,0.08152916766703129,0.7893083572387696,-0.012940225773490965,-0.0015268979943357415,0.16632988750934596,nan,0.0,nan,0.0,0
21,100,7140,0.12958333333333336,2560,0.27195586636662483,0.90703125,-0.005183036293601617,0.5067424967885017,0.399609375,-1.2297419309616089,0.5920519739389419,0.0627451241016388,0.07973687164485455,0.786875781416893,-0.012646933615906164,-0.0074638973223045465,0.16632988750934596,nan,0.0,0.0,0.37408439998398535,0
21,120,7160,0.12882575757575757,2560,0.32989313304424284,0.88984375,-0.014541417377768085,0.49697025418281554,0.421484375,-1.1712841093540192,0.5934678554534912,0.0627451241016388,0.07357276901602745,0.7800156474113464,-0.011657405807636679,0.002884011570131406,0.16632988750934596,nan,0.0,nan,0.0,0
21,140,7180,0.12806818181818183,2560,0.30912324115633966,0.894140625,-0.01195419286377728,0.5012793391942978,0.4359375,-1.3238438367843628,0.5924733698368072,0.0627451241016388,0.07805365845561027,0.7864381223917007,-0.011657405807636679,0.0002967870561406006,0.16632988750934596,nan,0.0,nan,0.0,0
21,160,7200,0.12731060606060604,2560,0.28917807936668394,0.9078125,-0.011124586738878861,0.4976608410477638,0.393359375,-1.1427367001771926,0.5926816523075104,0.0627451241016388,0.0790607437491417,0.7860019922256469,-0.01195419286377728,-0.0008296061248984181,0.16632988750934596,nan,0.0,nan,0.0,0
21,180,7220,0.1265530303030303,2560,0.33153672218322755,0.889453125,-0.0120070755132474,0.49827691167593,0.41484375,-1.250770229101181,0.5928919702768326,0.0627451241016388,0.0734925415366888,0.779315635561943,-0.011413327779155224,0.0005937477340921763,0.16632988750934596,nan,0.0,nan,0.0,0
21,200,7240,0.12579545454545454,2560,0.2718533955514431,0.910546875,-0.011900281778071075,0.4965107083320618,0.39609375,-1.1460636973381042,0.5924119502305984,0.0627451241016388,0.07557263784110546,0.7829944610595703,-0.01195419286377728,-5.391108570620452e-05,0.16632988750934596,nan,0.0,0.0,0.37831279999227263,0
21,220,7260,0.1250378787878788,2560,0.25947324484586715,0.916015625,-0.012285749864531681,0.498929101228714,0.433984375,-1.328315144777298,0.5930680811405182,0.0627451241016388,0.0752551406621933,0.7829646110534668,-0.01195419286377728,0.00033155700075440143,0.16632988750934596,nan,0.0,nan,0.0,0
21,240,7280,0.12428030303030302,2560,0.31794777810573577,0.894140625,-0.015314487053547054,0.49892655611038206,0.40625,-1.169905024766922,0.593349602818489,0.0627451241016388,0.0785143181681633,0.7864623427391052,-0.01195419286377728,0.0033602941897697743,0.16632988750934596,nan,0.0,nan,0.0,0
21,260,7300,0.12352272727272728,2560,0.2867472544312477,0.9109375,-0.01392891415162012,0.5002168223261834,0.3921875,-1.1357292413711548,0.5913579523563385,0.0627451241016388,0.08108725138008595,0.7890620231628418,-0.0120070755132474,0.0019218386383727196,0.16632988750934596,nan,0.0,nan,0.0,0
21,280,7320,0.12276515151515151,2560,0.3178861171007156,0.89453125,-0.013006636284990237,0.4953361600637436,0.4265625,-1.2046056300401689,0.5923042535781861,0.0627451241016388,0.0747844573110342,0.782600823044777,-0.012285749864531681,0.0007208864204585556,0.16632988750934596,nan,0.0,nan,0.0,0
21,300,7340,0.12200757575757577,2560,0.30715616792440414,0.900390625,-0.015524700819514691,0.4999511867761612,0.403515625,-1.156015357375145,0.5925355434417725,0.0627451241016388,0.07439746856689453,0.7824759066104889,-0.013006636284990237,0.0025180645345244546,0.16632988750934596,nan,0.0,0.0,0.3785020000068471,0
21,320,7360,0.12125,2560,0.26748008392751216,0.91171875,-0.010596261732280255,0.4978558987379074,0.395703125,-1.1760719120502472,0.5927253991365433,0.0627451241016388,0.0756871473044157,0.7844587832689285,-0.01392891415162012,-0.003332652419339865,0.16632988750934596,nan,0.0,nan,0.0,0
21,340,7380,0.12049242424242426,2560,0.25487536415457723,0.9140625,-0.01064207453164272,0.4986234173178673,0.38828125,-1.1616873472929001,0.5928269863128662,0.0627451241016388,0.07635909393429756,0.783723795413971,-0.01392891415162012,-0.003286839619977399,0.16632988750934596,nan,0.0,nan,0.0,0
21,352,7392,0.12003787878787878,1480,0.3170657778108442,0.9000000006443746,-0.010380434071192065,0.5000523641302779,0.40540540621087356,-1.2266563067565093,0.5925449216688001,0.0627451241016388,0.07771466100538099,0.7858033988926861,-0.013006636284990237,-0.0026262022137981712,0.16632988750934596,nan,0.0,nan,0.0,0
22,20,7412,0.11928030303030304,2560,0.26784998178482056,0.910546875,-0.011900160531513392,0.4983459562063217,0.40625,-1.1009302765130997,0.593097698688507,0.0627451241016388,0.07520124651491641,0.7820920199155807,-0.01064207453164272,0.0012580859998706714,0.16632988750934596,nan,0.0,nan,0.0,0
22,40,7432,0.11852272727272727,2560,0.29243951886892317,0.9046875,-0.013258659251732752,0.49897106140851977,0.39609375,-1.0799782276153564,0.5918586879968644,0.0627451241016388,0.07445080317556858,0.7819646656513214,-0.01064207453164272,0.002616584720090031,0.16632988750934596,nan,0.0,0.0,0.37956329999724403,0
22,60,7452,0.11776515151515153,2560,0.28494624942541125,0.90390625,-0.013080610131146387,0.4968701764941216,0.405859375,-1.1483350306749345,0.5921044826507569,0.0627451241016388,0.0737249493598938,0.7813118308782577,-0.01064207453164272,0.002438535599503666,0.16632988750934596,nan,0.0,nan,0.0,0
22,80,7472,0.11700757575757575,2560,0.2695609822869301,0.91484375,-0.010956552915740759,0.497609469294548,0.400390625,-1.2047500789165497,0.5917900234460831,0.0627451241016388,0.07285313084721565,0.7808494508266449,-0.011900160531513392,-0.0009436076157726334,0.16632988750934596,nan,0.0,nan,0.0,0
22,100,7492,0.11625000000000002,2560,0.3136991418898106,0.894921875,-0.01640542799141258,0.4956175580620766,0.408203125,-1.196298885345459,0.5928119868040085,0.0627451241016388,0.07414717115461826,0.7818936020135879,-0.011900160531513392,0.0045052674598991885,0.16632988750934596,nan,0.0,nan,0.0,0
22,120,7512,0.11549242424242423,2560,0.2796068362891674,0.9078125,-0.00808799181249924,0.50494564473629,0.38125,-1.037489876151085,0.5937772333621979,0.0627451241016388,0.07881304807960987,0.7878670394420624,-0.013080610131146387,-0.004992618318647146,0.16632988750934596,nan,0.0,nan,0.0,0
22,140,7532,0.1147348484848485,2560,0.299852529913187,0.906640625,-0.013383829998201691,0.49461493641138077,0.394921875,-1.075321951508522,0.5928023219108581,0.0627451241016388,0.07247605547308922,0.7785537600517273,-0.013080610131146387,0.0003032198670553047,0.16632988750934596,nan,0.0,0.0,0.3727886000124272,0
22,160,7552,0.11397727272727272,2560,0.2901635028421879,0.90234375,-0.008999939472414554,0.502521912753582,0.373828125,-1.0567933827638627,0.5922203242778779,0.0627451241016388,0.0754938792437315,0.7824657529592514,-0.013080610131146387,-0.004080670658731833,0.16632988750934596,nan,0.0,nan,0.0,0
22,180,7572,0.11321969696969698,2560,0.274057424813509,0.90703125,-0.010534601821564137,0.49587136656045916,0.394140625,-1.1280244797468186,0.5937341213226318,0.0627451241016388,0.07715344205498695,0.783860644698143,-0.010956552915740759,-0.00042195109417662163,0.16632988750934596,nan,0.0,nan,0.0,0
22,200,7592,0.11246212121212121,2560,0.31855316236615183,0.90078125,-0.011726911598816513,0.4993890270590782,0.38671875,-1.1014239549636842,0.5938085168600082,0.0627451241016388,0.0723157398402691,0.7787965774536133,-0.010534601821564137,0.001192309777252376,0.16632988750934596,nan,0.0,nan,0.0,0
22,220,7612,0.11170454545454547,2560,0.3095205344259739,0.899609375,-0.012054650962818414,0.4972850888967514,0.4046875,-1.2156340956687928,0.5935937464237213,0.0627451241016388,0.07522179670631886,0.7807751953601837,-0.010534601821564137,0.0015200491412542764,0.16632988750934596,nan,0.0,nan,0.0,0
22,240,7632,0.1109469696969697,2560,0.2804506003856659,0.907421875,-0.0071442126063629985,0.504034948348999,0.380078125,-1.0800039321184158,0.5932111293077469,0.0627451241016388,0.07285550273954869,0.7802216529846191,-0.011726911598816513,-0.004582698992453515,0.16632988750934596,nan,0.0,0.0,0.3752731000131462,0
22,260,7652,0.11018939393939396,2560,0.24086135551333426,0.922265625,-0.007692624072660692,0.49912238121032715,0.3890625,-1.225152814388275,0.5923716425895691,0.0627451241016388,0.06730087399482727,0.7712546765804291,-0.010534601821564137,-0.002841977748903445,0.16632988750934596,nan,0.0,nan,0.0,0
22,280,7672,0.10943181818181819,2560,0.2500869624316692,0.91875,-0.012668577884323896,0.49748053699731826,0.3875,-1.255847805738449,0.591748571395874,0.0627451241016388,0.06746008805930614,0.7716672837734222,-0.010534601821564137,0.0021339760627597584,0.16632988750934596,nan,0.0,nan,0.0,0
22,300,7692,0.10867424242424245,2560,0.23849410749971867,0.92265625,-0.006714572446071543,0.49883500337600706,0.388671875,-1.2034372001886369,0.591385668516159,0.0627451241016388,0.07154045403003692,0.7767831414937973,-0.011726911598816513,-0.0050123391527449705,0.16632988750934596,nan,0.0,nan,0.0,0
22,320,7712,0.10791666666666666,2560,0.30034948885440826,0.90546875,-0.009085398085881024,0.5021433636546135,0.401953125,-1.233860296010971,0.5929785698652268,0.0627451241016388,0.07074932232499123,0.7759776413440704,-0.007692624072660692,0.0013927740132203322,0.16632988750934596,nan,0.0,nan,0.0,0
22,340,7732,0.10715909090909093,2560,0.33071600943803786,0.88828125,-0.007194888150843326,0.5008100032806396,0.417578125,-1.2212384074926377,0.5931982874870301,0.0627451241016388,0.07004989869892597,0.7763951569795609,-0.007692624072660692,-0.0004977359218173664,0.16632988750934596,nan,0.0,0.0,0.37520239999867044,0
22,352,7744,0.10670454545454544,1480,0.29849142963821823,0.9060810820476429,-0.012066485828443153,0.49760280831440074,0.41418919080012556,-1.14235520362854,0.5933367371559143,0.0627451241016388,0.07305488977077845,0.7777277382644447,-0.007692624072660692,0.004373861755782461,0.16632988750934596,nan,0.0,nan,0.0,0
23,20,7764,0.1059469696969697,2560,0.2961492635309696,0.9,-0.013597910292446613,0.49105772376060486,0.43828125,-1.2744968473911285,0.5930027186870575,0.0627451241016388,0.07260357141494751,0.7778804957866668,-0.009085398085881024,0.004512512206565589,0.16632988750934596,nan,0.0,nan,0.0,0
23,40,7784,0.10518939393939393,2560,0.29862267076969146,0.905078125,-0.006893713941099122,0.5049363613128662,0.361328125,-1.025244876742363,0.5933155238628387,0.0627451241016388,0.07500899396836758,0.7825891464948654,-0.009085398085881024,-0.002191684144781902,0.16632988750934596,nan,0.0,nan,0.0,0
23,60,7804,0.1044318181818182,2560,0.29848427698016167,0.90625,-0.01020647661644034,0.4971468776464462,0.377734375,-1.0493718206882476,0.5922425806522369,0.0627451241016388,0.07262535803020001,0.7803145229816437,-0.009085398085881024,0.0011210785305593163,0.16632988750934596,nan,0.0,nan,0.0,0
23,80,7824,0.10367424242424242,2560,0.2976945899426937,0.90703125,-0.012133914086734875,0.4972569927573204,0.366796875,-0.980085763335228,0.5937214136123657,0.0627451241016388,0.07274164110422135,0.7810396581888199,-0.01020647661644034,0.0019274374702945348,0.16632988750934596,nan,0.0,0.0,0.371326799999224,0
23,100,7844,0.10291666666666668,2560,0.28407819122076033,0.905078125,-0.009528026409680024,0.49913293272256853,0.41015625,-1.243827646970749,0.5928721278905869,0.0627451241016388,0.07152963653206826,0.7783836215734482,-0.012066485828443153,-0.002538459418763128,0.16632988750934596,nan,0.0,nan,0.0,0
23,120,7864,0.10215909090909091,2560,0.2870823659002781,0.90703125,-0.009361871582223102,0.49659844785928725,0.389453125,-1.14824438393116,0.5926962733268738,0.0627451241016388,0.07251627631485462,0.7785913705825805,-0.01020647661644034,-0.0008446050342172384,0.16632988750934596,nan,0.0,nan,0.0,0
23,140,7884,0.10140151515151517,2560,0.3026322960853577,0.907421875,-0.00793352612236049,0.5015532344579696,0.3890625,-1.1612494170665741,0.5920540064573288,0.0627451241016388,0.07286692894995213,0.7796826183795929,-0.009528026409680024,-0.001594500287319535,0.16632988750934596,nan,0.0,nan,0.0,0
23,160,7904,0.1006439393939394,2560,0.2844037938863039,0.911328125,-0.011211789568187669,0.5024769008159637,0.3953125,-1.1703739762306213,0.5932499140501022,0.0627451241016388,0.07046817727386952,0.7773754090070725,-0.009528026409680024,0.001683763158507644,0.16632988750934596,nan,0.0,nan,0.0,0
23,180,7924,0.09988636363636366,2560,0.2718315735459328,0.911328125,-0.015028577923658304,0.49111863523721694,0.400390625,-1.213420295715332,0.5928998529911041,0.0627451241016388,0.0705667033791542,0.7787072002887726,-0.009528026409680024,0.005500551513978279,0.16632988750934596,nan,0.0,0.0,0.3687516000063624,0
23,200,7944,0.09912878787878787,2560,0.27346753254532813,0.91328125,-0.00791194176126737,0.49829293638467786,0.36875,-1.060201358795166,0.5930224329233169,0.0627451241016388,0.07069475278258323,0.7790343910455704,-0.009528026409680024,-0.0016160846484126537,0.16632988750934596,nan,0.0,nan,0.0,0
23,220,7964,0.09837121212121214,2560,0.3057759329676628,0.90390625,-0.01043101265677251,0.500796777009964,0.423828125,-1.2627518802881241,0.591925448179245,0.0627451241016388,0.07260003983974457,0.7807781398296356,-0.009361871582223102,0.0010691410745494075,0.16632988750934596,nan,0.0,nan,0.0,0
23,240,7984,0.09761363636363636,2560,0.28488494977355006,0.90546875,-0.010187612881418317,0.49958294481039045,0.398046875,-1.104299145936966,0.5930629879236221,0.0627451241016388,0.07615687400102615,0.7843022048473358,-0.01043101265677251,-0.00024339977535419235,0.16632988750934596,nan,0.0,nan,0.0,0
23,260,8004,0.09685606060606063,2560,0.3020725592970848,0.900390625,-0.007569616410182789,0.497721366584301,0.3984375,-1.157191190123558,0.5932174921035767,0.0627451241016388,0.07596369199454785,0.783743017911911,-0.01043101265677251,-0.0028613962465897204,0.16632988750934596,nan,0.0,nan,0.0,0
23,280,8024,0.09609848484848485,2560,0.2598259299993515,0.912109375,-0.00934094934782479,0.4952617809176445,0.391796875,-1.1054891914129257,0.5921866327524186,0.0627451241016388,0.07441290281713009,0.7819256514310837,-0.010187612881418317,-0.000846663533593528,0.16632988750934596,nan,0.0,0.0,0.371665499988012,0
23,300,8044,0.09534090909090912,2560,0.3080411583185196,0.896875,-0.009017815859988332,0.5036831021308898,0.39296875,-1.1289591282606124,0.5925257563591003,0.0627451241016388,0.0755219455808401,0.7834045618772507,-0.00934094934782479,-0.00032313348783645675,0.16632988750934596,nan,0.0,nan,0.0,0
23,320,8064,0.09458333333333334,2560,0.2900570876896381,0.908984375,-0.008257797799888066,0.5002412334084511,0.384375,-1.0995672702789308,0.593214949965477,0.0627451241016388,0.07155866771936417,0.7795142441987991,-0.00934094934782479,-0.001083151547936723,0.16632988750934596,nan,0.0,nan,0.0,0
23,340,8084,0.0938257575757576,2560,0.2996044673025608,0.903125,-0.005751547220279462,0.4997974544763565,0.37265625,-1.0912679433822632,0.5921080470085144,0.0627451241016388,0.06870847158133983,0.7741328030824661,-0.009017815859988332,-0.00326626863970887,0.16632988750934596,nan,0.0,nan,0.0,0
23,352,8096,0.09337121212121212,1480,0.32606795494620866,0.8851351351351351,-0.013024014352845984,0.49126175561466734,0.39729729697511,-1.099328871997627,0.5926659065323907,0.0627451241016388,0.06693033116894799,0.7733147450395532,-0.008257797799888066,0.0047662165529579175,0.16632988750934596,nan,0.0,nan,0.0,0
24,20,8116,0.09261363636363638,2560,0.3032606475055218,0.89921875,-0.010681010867119766,0.4983987256884575,0.376171875,-1.0016583144664764,0.5929666101932526,0.0627451241016388,0.07033397816121578,0.7773914873600006,-0.009017815859988332,0.0016631950071314336,0.16632988750934596,nan,0.0,0.0,0.3571347999968566,0
24,40,8136,0.09185606060606061,2560,0.29597628563642503,0.904296875,-0.007248629548121244,0.497840641438961,0.345703125,-0.901568540930748,0.593350625038147,0.0627451241016388,0.07348320744931698,0.7825851261615753,-0.009017815859988332,-0.0017691863118670884,0.16632988750934596,nan,0.0,nan,0.0,0
24,60,8156,0.09109848484848487,2560,0.3376371316611767,0.886328125,-0.0077341060852631925,0.5008133068680763,0.34296875,-0.9074026077985764,0.5929025173187256,0.0627451241016388,0.06911687478423119,0.7768970668315888,-0.008257797799888066,-0.0005236917146248738,0.16632988750934596,nan,0.0,nan,0.0,0
24,80,8176,0.09034090909090908,2560,0.2768568806350231,0.912890625,-0.006268022279255092,0.49944866448640823,0.37421875,-1.0652130901813508,0.5932972133159637,0.0627451241016388,0.06744924858212471,0.7745847642421723,-0.0077341060852631925,-0.0014660838060081005,0.16632988750934596,nan,0.0,nan,0.0,0
24,100,8196,0.08958333333333335,2560,0.3441158108413219,0.892578125,-0.011119954212335869,0.49562811851501465,0.358203125,-0.9112816661596298,0.594617486000061,0.0627451241016388,0.06601902209222317,0.7725456893444062,-0.0077341060852631925,0.0033858481270726765,0.16632988750934596,nan,0.0,nan,0.0,0
24,120,8216,0.08882575757575757,2560,0.32984553650021553,0.89453125,-0.010171956452541053,0.4982734829187393,0.380078125,-1.0137514144182205,0.5926922053098679,0.0627451241016388,0.07046978920698166,0.7783864617347718,-0.0077341060852631925,0.00243785036727786,0.16632988750934596,nan,0.0,0.0,0.3653669999912381,0
24,140,8236,0.08806818181818184,2560,0.3287076599895954,0.88828125,-0.005966713657835498,0.5003053158521652,0.3640625,-0.9468447357416153,0.5933365076780319,0.0627451241016388,0.06905403956770897,0.777874544262886,-0.0077341060852631925,-0.0017673924274276944,0.16632988750934596,nan,0.0,nan,0.0,0
24,160,8256,0.08731060606060606,2560,0.3358129173517227,0.88203125,-0.0063537596724927425,0.4992832288146019,0.35859375,-0.9036086022853851,0.5930865108966827,0.0627451241016388,0.06755397208034992,0.7763770431280136,-0.0077341060852631925,-0.00138034641277045,0.16632988750934596,nan,0.0,nan,0.0,0
24,180,8276,0.08655303030303033,2560,0.2981562964618206,0.905859375,-0.009078711055917666,0.4932960644364357,0.326953125,-0.8184707581996917,0.5930114984512329,0.0627451241016388,0.06488581225275994,0.7709735959768296,-0.0063537596724927425,0.0027249513834249235,0.16632988750934596,nan,0.0,nan,0.0,0
24,200,8296,0.08579545454545455,2560,0.31180300116539,0.899609375,-0.005860481492709369,0.5009220257401467,0.338671875,-0.8453075110912323,0.5939034938812255,0.0627451241016388,0.06533681359142066,0.7724650472402572,-0.009078711055917666,-0.0032182295632082972,0.16632988750934596,nan,0.0,nan,0.0,0
24,220,8316,0.08503787878787882,2560,0.32542772889137267,0.895703125,-0.0074366911605466155,0.4967935085296631,0.374609375,-0.9217968791723251,0.5929012537002564,0.0627451241016388,0.06772956922650337,0.7753992140293121,-0.0063537596724927425,0.001082931488053873,0.16632988750934596,nan,0.0,0.0,0.3683442999899853,0
24,240,8336,0.08428030303030304,2560,0.31567545607686043,0.898046875,-0.01116999146179296,0.4948534816503525,0.349609375,-0.8868106961250305,0.5930867731571198,0.0627451241016388,0.0716396789997816,0.7809821367263794,-0.0063537596724927425,0.004816231789300218,0.16632988750934596,nan,0.0,nan,0.0,0
24,260,8356,0.0835227272727273,2560,0.3195271357893944,0.8984375,-0.008821278647519647,0.5010364681482316,0.36953125,-0.9363608181476593,0.5930044949054718,0.0627451241016388,0.07198408730328083,0.7818152397871018,-0.0074366911605466155,0.0013845874869730318,0.16632988750934596,nan,0.0,nan,0.0,0
24,280,8376,0.08276515151515151,2560,0.30030067935585975,0.905078125,-0.010504794784355908,0.4957107663154602,0.33359375,-0.8575891375541687,0.5922358423471451,0.0627451241016388,0.0736191388219595,0.7829010844230652,-0.008821278647519647,0.0016835161368362606,0.16632988750934596,nan,0.0,nan,0.0,0
24,300,8396,0.08200757575757578,2560,0.3190754182636738,0.900390625,-0.007141471662907861,0.5011290371417999,0.358203125,-1.0474367707967758,0.5936226159334183,0.0627451241016388,0.07075646296143531,0.7805124312639237,-0.008821278647519647,-0.001679806984611786,0.16632988750934596,nan,0.0,nan,0.0,0
24,320,8416,0.08125,2560,0.323330383002758,0.89296875,-0.007215796783566475,0.4969446942210197,0.35859375,-0.9775145590305329,0.5933039575815201,0.0627451241016388,0.06966579314321279,0.7792740732431411,-0.008821278647519647,-0.0016054818639531726,0.16632988750934596,nan,0.0,0.0,0.37288599999737926,0
24,340,8436,0.08049242424242423,2560,0.3476588726043701,0.883984375,-0.010107928630895912,0.4967711254954338,0.3296875,-0.8043231099843979,0.5929129481315613,0.0627451241016388,0.06412168014794588,0.7714730560779571,-0.008821278647519647,0.001286649983376265,0.16632988750934596,nan,0.0,nan,0.0,0
24,352,8448,0.08003787878787878,1480,0.3276050123008522,0.8851351344907606,-0.006369488432726546,0.4989702292390772,0.333108108591389,-0.8750811605840116,0.592044332542935,0.0627451241016388,0.06997494725762186,0.779062164474178,-0.008821278647519647,-0.0024517902147931014,0.16632988750934596,nan,0.0,nan,0.0,0
25,20,8468,0.07928030303030305,2560,0.32722941488027574,0.896875,-0.006927002780139446,0.49841920137405393,0.32421875,-0.8197576999664307,0.5928981930017472,0.0627451241016388,0.06840132847428322,0.7766005873680115,-0.007215796783566475,-0.00028879400342702883,0.16632988750934596,nan,0.0,nan,0.0,0
25,40,8488,0.07852272727272727,2560,0.3268295809626579,0.89375,-0.004977716691792011,0.5023922085762024,0.319140625,-0.8226584166288375,0.5929621577262878,0.0627451241016388,0.06765607669949532,0.7757316917181015,-0.007141471662907861,-0.0021637549711158504,0.16632988750934596,nan,0.0,nan,0.0,0
25,60,8508,0.07776515151515154,2560,0.29418670758605003,0.900390625,-0.004216935564181767,0.5004683330655098,0.348046875,-0.9049499690532684,0.5924869686365127,0.0627451241016388,0.06666507963091135,0.7749655902385711,-0.006927002780139446,-0.002710067215957679,0.16632988750934596,nan,0.0,0.0,0.3692287000012584,0
25,80,8528,0.07700757575757576,2560,0.2753808110952377,0.905859375,-0.0074962072947528215,0.4949175626039505,0.319140625,-0.8275220423936844,0.593411785364151,0.0627451241016388,0.07229839339852333,0.7823989003896713,-0.006369488432726546,0.0011267188620262755,0.16632988750934596,nan,0.0,nan,0.0,0
25,100,8548,0.07625000000000003,2560,0.27853755801916125,0.90546875,-0.006570866564288735,0.4983332470059395,0.338671875,-0.8865102589130401,0.5936902612447739,0.0627451241016388,0.0727237593382597,0.7825117170810699,-0.006369488432726546,0.00020137813156218941,0.16632988750934596,nan,0.0,nan,0.0,0
25,120,8568,0.07549242424242425,2560,0.2684638679027557,0.915625,-0.0027581920905504374,0.5003065899014473,0.31796875,-0.8608602523803711,0.5932243585586547,0.0627451241016388,0.07014446668326854,0.7792508035898209,-0.006570866564288735,-0.003812674473738298,0.16632988750934596,nan,0.0,nan,0.0,0
25,140,8588,0.0747348484848485,2560,0.26315635778009894,0.91953125,-0.009172853996278717,0.49724275469779966,0.301171875,-0.7569731563329697,0.5931912899017334,0.0627451241016388,0.0681562788784504,0.7779325246810913,-0.004977716691792011,0.0041951373044867065,0.16632988750934596,nan,0.0,nan,0.0,0
25,160,8608,0.07397727272727272,2560,0.27891457080841064,0.9046875,-0.006956037366762757,0.4997543469071388,0.359765625,-0.9944646716117859,0.5942897975444794,0.0627451241016388,0.06885493658483029,0.7787373214960098,-0.006570866564288735,0.0003851708024740219,0.16632988750934596,nan,0.0,0.0,0.3689576000033412,0
25,180,8628,0.07321969696969699,2560,0.26421535313129424,0.9171875,-0.008887493307702244,0.4943542554974556,0.343359375,-0.9587714284658432,0.5929847925901413,0.0627451241016388,0.06806335151195526,0.7771077185869217,-0.006956037366762757,0.0019314559409394864,0.16632988750934596,nan,0.0,nan,0.0,0
25,200,8648,0.07246212121212121,2560,0.3114151805639267,0.9,-0.004541047973907553,0.5047096446156502,0.36015625,-0.9889419436454773,0.5932833611965179,0.0627451241016388,0.06989382952451706,0.7798912853002549,-0.006956037366762757,-0.0024149893928552043,0.16632988750934596,nan,0.0,nan,0.0,0
25,220,8668,0.07170454545454548,2560,0.2935960695147514,0.90625,-0.009850843867752701,0.4926848202943802,0.336328125,-0.9424762308597565,0.593077740073204,0.0627451241016388,0.07003263644874096,0.7794259995222091,-0.006956037366762757,0.0028948065009899437,0.16632988750934596,nan,0.0,nan,0.0,0
25,240,8688,0.0709469696969697,2560,0.28032507970929144,0.912109375,-0.0037022128410171716,0.4995152935385704,0.334765625,-0.8959633857011795,0.5921960413455963,0.0627451241016388,0.06651189737021923,0.7748456090688706,-0.008887493307702244,-0.005185280466685072,0.16632988750934596,nan,0.0,nan,0.0,0
25,260,8708,0.07018939393939393,2560,0.3011177398264408,0.902734375,-0.005408309868653305,0.4992735683917999,0.309765625,-0.7902276515960693,0.5943165004253388,0.0627451241016388,0.061824603006243706,0.7681229084730148,-0.006956037366762757,-0.0015477274981094526,0.16632988750934596,nan,0.0,0.0,0.37131309998221695,0
25,280,8728,0.06943181818181819,2560,0.32561473548412323,0.89453125,-0.004971822202787734,0.5016731426119805,0.313671875,-0.8274915993213654,0.5948200464248657,0.0627451241016388,0.05974339619278908,0.7658751964569092,-0.005408309868653305,-0.0004364876658655703,0.16632988750934596,nan,0.0,nan,0.0,0
25,300,8748,0.0686742424242424,2560,0.30535964071750643,0.9015625,-0.004649845830863341,0.5001454770565033,0.3234375,-0.7751940280199051,0.5937306940555572,0.0627451241016388,0.06149202566593885,0.7678732126951218,-0.004971822202787734,-0.00032197637192439305,0.16632988750934596,nan,0.0,nan,0.0,0
25,320,8768,0.06791666666666667,2560,0.303658726811409,0.90390625,-0.008117458352353423,0.49719532430171964,0.331640625,-0.8655338108539581,0.5930106073617936,0.0627451241016388,0.0662121556699276,0.7741733491420746,-0.004971822202787734,0.003145636149565689,0.16632988750934596,nan,0.0,nan,0.0,0
25,340,8788,0.06715909090909089,2560,0.30561531260609626,0.901953125,-0.00516084746341221,0.4987444654107094,0.329296875,-0.8182971984148025,0.59355508685112,0.0627451241016388,0.0630046958103776,0.7710787922143936,-0.004971822202787734,0.00018902526062447578,0.16632988750934596,nan,0.0,nan,0.0,0
25,352,8800,0.06670454545454545,1480,0.28901076075193044,0.9087837828172219,-0.007335577250735179,0.49990608949919,0.32702702767140157,-0.8803585017049634,0.5931414281999743,0.0627451241016388,0.06586651874555124,0.7752151531142157,-0.00516084746341221,0.0021747297873229692,0.16632988750934596,nan,0.0,0.0,0.37901100001181476,0
26,20,8820,0.06594696969696971,2560,0.29007564634084704,0.90234375,-0.010226165287895128,0.49445941895246504,0.316796875,-0.7957710787653923,0.5936165064573288,0.0627451241016388,0.06436865366995334,0.773254731297493,-0.00516084746341221,0.005065317824482918,0.16632988750934596,nan,0.0,nan,0.0,0
26,40,8840,0.06518939393939394,2560,0.2585034057497978,0.916015625,-0.004991065274225548,0.49779511988162994,0.3234375,-0.8182019084692002,0.5936992853879929,0.0627451241016388,0.05874024257063866,0.7644031882286072,-0.007335577250735179,-0.0023445119765096315,0.16632988750934596,nan,0.0,nan,0.0,0
26,60,8860,0.0644318181818182,2560,0.27264292612671853,0.91171875,-0.006834619076107629,0.49956284910440446,0.2796875,-0.704563957452774,0.5945973932743073,0.0627451241016388,0.059286801517009734,0.7651914060115814,-0.007335577250735179,-0.0005009581746275504,0.16632988750934596,nan,0.0,nan,0.0,0
26,80,8880,0.06367424242424242,2560,0.2796294458210468,0.908984375,-0.0037234401912428438,0.4977495953440666,0.31875,-0.7825727432966232,0.5928561061620712,0.0627451241016388,0.06371476780623198,0.771872553229332,-0.006834619076107629,-0.003111178884864785,0.16632988750934596,nan,0.0,nan,0.0,0
26,100,8900,0.06291666666666669,2560,0.2754979982972145,0.912109375,-0.00869714769651182,0.49505464136600497,0.30625,-0.808797350525856,0.5933647364377975,0.0627451241016388,0.0659593241289258,0.7749842017889023,-0.006834619076107629,0.0018625286204041903,0.16632988750934596,nan,0.0,0.0,0.37450239999452606,0
26,120,8920,0.062159090909090914,2560,0.29376682043075564,0.904296875,-0.007932149019325152,0.49569119065999984,0.329296875,-0.8826826959848404,0.5927339196205139,0.0627451241016388,0.07079309485852718,0.7803752958774567,-0.006834619076107629,0.001097529943217523,0.16632988750934596,nan,0.0,nan,0.0,0
26,140,8940,0.06140151515151518,2560,0.2944553144276142,0.90625,-0.004788767453283072,0.5024100124835968,0.323046875,-0.8041312903165817,0.5935199946165085,0.0627451241016388,0.0588536249473691,0.7658299654722214,-0.006834619076107629,-0.002045851622824557,0.16632988750934596,nan,0.0,nan,0.0,0
26,160,8960,0.060643939393939396,2560,0.28786094337701795,0.9078125,-0.006826871691737324,0.4988729029893875,0.323046875,-0.8397835075855256,0.5941828608512878,0.0627451241016388,0.06229519620537758,0.7702896863222122,-0.006834619076107629,-7.747384370305338e-06,0.16632988750934596,nan,0.0,nan,0.0,0
26,180,8980,0.05988636363636362,2560,0.2748373754322529,0.909765625,-0.004147718416061252,0.4992960780858994,0.32109375,-0.8670498907566071,0.5934625148773194,0.0627451241016388,0.061411638371646406,0.7688283652067185,-0.006826871691737324,-0.0026791532756760715,0.16632988750934596,nan,0.0,nan,0.0,0
26,200,9000,0.059128787878787885,2560,0.28982909917831423,0.908984375,-0.0064767827978357674,0.49887326955795286,0.305078125,-0.760714265704155,0.5926571130752564,0.0627451241016388,0.0616979917511344,0.7693823933601379,-0.006826871691737324,-0.0003500888939015562,0.16632988750934596,nan,0.0,0.0,0.37435229998664,0
26,220,9020,0.0583712121212121,2560,0.2780545622110367,0.91796875,-0.007767089968547225,0.49741860926151277,0.30703125,-0.8071664988994598,0.5946762293577195,0.0627451241016388,0.05667149592190981,0.7608633041381836,-0.0064767827978357674,0.0012903071707114572,0.16632988750934596,nan,0.0,nan,0.0,0
26,240,9040,0.05761363636363637,2560,0.2679780311882496,0.9140625,-0.006512046704301611,0.5011882930994034,0.312890625,-0.8188420623540879,0.5934035152196884,0.0627451241016388,0.0578407347202301,0.7632598310709,-0.0064767827978357674,3.5263906465843146e-05,0.16632988750934596,nan,0.0,nan,0.0,0
26,260,9060,0.05685606060606059,2560,0.2531122677028179,0.915234375,-0.00885664380621165,0.4968509808182716,0.293359375,-0.7416507184505463,0.5932524591684342,0.0627451241016388,0.056759416870772836,0.7615027815103531,-0.006512046704301611,0.0023445971019100398,0.16632988750934596,nan,0.0,nan,0.0,0
26,280,9080,0.056098484848484856,2560,0.27125646024942396,0.910546875,-0.001704912551213056,0.5028558239340782,0.313671875,-0.7966468632221222,0.5941181421279907,0.0627451241016388,0.05781782437115908,0.763491976261139,-0.006512046704301611,-0.004807134153088555,0.16632988750934596,nan,0.0,nan,0.0,0
26,300,9100,0.05534090909090908,2560,0.25532886385917664,0.912109375,-0.005936811157152988,0.49894042015075685,0.3203125,-0.8253302365541458,0.5936648219823837,0.0627451241016388,0.0575133353471756,0.7632071882486343,-0.006512046704301611,-0.0005752355471486227,0.16632988750934596,nan,0.0,0.0,0.36748280000756495,0
26,320,9120,0.054583333333333345,2560,0.28195943087339403,0.914453125,-0.008896986924810335,0.49187190979719164,0.296484375,-0.8013210877776146,0.5932556420564652,0.0627451241016388,0.05948592741042376,0.766385269165039,-0.006512046704301611,0.0023849402205087245,0.16632988750934596,nan,0.0,nan,0.0,0
26,340,9140,0.05382575757575756,2560,0.28158772364258766,0.905078125,-0.005485836490697693,0.49761494249105453,0.307421875,-0.790253734588623,0.5930272608995437,0.0627451241016388,0.05825289152562618,0.7642581999301911,-0.006512046704301611,-0.0010262102136039172,0.16632988750934596,nan,0.0,nan,0.0,0
26,352,9152,0.053371212121212125,1480,0.301813171280397,0.9000000016109363,-0.004531373176723719,0.49996372429100244,0.31554054054054054,-0.7526538939089389,0.5942152013649812,0.0627451241016388,0.05808504274165308,0.7634459675969304,-0.005936811157152988,-0.0014054379804292689,0.16632988750934596,nan,0.0,nan,0.0,0
27,20,9172,0.05261363636363639,2560,0.265665478259325,0.915234375,-0.0035556114322389475,0.49967258870601655,0.261328125,-0.6849364981055259,0.5933403193950653,0.0627451241016388,0.05356331318616867,0.7578263461589814,-0.005485836490697693,-0.001930225058458746,0.16632988750934596,nan,0.0,nan,0.0,0
27,40,9192,0.05185606060606061,2560,0.28309753760695455,0.906640625,-0.006112524756463245,0.4962876796722412,0.294140625,-0.7176478877663612,0.5925295740365982,0.0627451241016388,0.05882481820881367,0.7676465421915054,-0.005485836490697693,0.0006266882657655513,0.16632988750934596,nan,0.0,0.0,0.38675240002339706,0
27,60,9212,0.05109848484848483,2560,0.28227566704154017,0.909375,-0.0067475111922249194,0.49730836004018786,0.306640625,-0.8080139368772506,0.5943284571170807,0.0627451241016388,0.06250889413058758,0.7715149343013763,-0.005485836490697693,0.001261674701527226,0.16632988750934596,nan,0.0,nan,0.0,0
27,80,9232,0.050340909090909096,2560,0.24864576980471612,0.92109375,-0.005138234863989055,0.5008659511804581,0.278515625,-0.7422082722187042,0.5939637660980225,0.0627451241016388,0.05897624008357525,0.7663220643997193,-0.005485836490697693,-0.00034760162670863844,0.16632988750934596,nan,0.0,nan,0.0,0
27,100,9252,0.04958333333333331,2560,0.27226946502923965,0.912109375,-0.00405284232692793,0.49913216680288314,0.306640625,-0.7553775995969773,0.5939111232757568,0.0627451241016388,0.058313212171196935,0.7651411354541778,-0.005138234863989055,-0.0010853925370611249,0.16632988750934596,nan,0.0,nan,0.0,0
27,120,9272,0.04882575757575758,2560,0.249349382519722,0.917578125,-0.0035488493158482015,0.5018809154629708,0.29453125,-0.7142793625593186,0.593653890490532,0.0627451241016388,0.05940660499036312,0.7669794261455536,-0.005138234863989055,-0.0015893855481408535,0.16632988750934596,nan,0.0,nan,0.0,0
27,140,9292,0.0480681818181818,2560,0.24327102825045585,0.923046875,-0.009959126071771606,0.49124235212802886,0.28359375,-0.7774963676929474,0.5938344597816467,0.0627451241016388,0.06023294366896152,0.7681538045406342,-0.005138234863989055,0.0048208912077825515,0.16632988750934596,nan,0.0,0.0,0.3697437000228092,0
27,160,9312,0.04731060606060607,2560,0.22797923237085344,0.923046875,-0.0014942851557862014,0.5006846278905869,0.26640625,-0.6896293818950653,0.5931209802627564,0.0627451241016388,0.061459078826010226,0.7705030500888824,-0.005138234863989055,-0.0036439497082028536,0.16632988750934596,nan,0.0,nan,0.0,0
27,180,9332,0.04655303030303029,2560,0.23167341835796834,0.9234375,-0.003125648043351248,0.5016262188553811,0.276171875,-0.7008715182542801,0.5946501642465591,0.0627451241016388,0.05814924668520689,0.766434520483017,-0.00405284232692793,-0.0009271942835766822,0.16632988750934596,nan,0.0,nan,0.0,0
27,200,9352,0.045795454545454556,2560,0.25472488105297086,0.915234375,-0.005541497931699268,0.4955079510807991,0.306640625,-0.7566075921058655,0.5934695124626159,0.0627451241016388,0.057046576589345935,0.7656892359256744,-0.0035488493158482015,0.001992648615851067,0.16632988750934596,nan,0.0,nan,0.0,0
27,220,9372,0.04503787878787877,2560,0.21290766224265098,0.933203125,-0.006586328946286813,0.49490434378385545,0.276171875,-0.7600636422634125,0.5921978265047073,0.0627451241016388,0.05798798892647028,0.7663017988204956,-0.0035488493158482015,0.003037479630438611,0.16632988750934596,nan,0.0,nan,0.0,0
27,240,9392,0.04428030303030304,2560,0.23133299201726915,0.92265625,-0.004541895099100657,0.4991595074534416,0.273828125,-0.6817423507571221,0.5941856622695922,0.0627451241016388,0.057885033451020716,0.767191419005394,-0.005541497931699268,-0.0009996028325986112,0.16632988750934596,nan,0.0,0.0,0.3730896000051871,0
27,260,9412,0.04352272727272726,2560,0.2562796093523502,0.91640625,-0.004774346001795493,0.5016081660985947,0.297265625,-0.7625906646251679,0.5944594264030456,0.0627451241016388,0.060126603953540324,0.7713329672813416,-0.004541895099100657,0.0002324509026948359,0.16632988750934596,nan,0.0,nan,0.0,0
27,280,9432,0.04276515151515153,2560,0.20098209530115127,0.93515625,-0.006935010442975909,0.49921596944332125,0.2859375,-0.7403715401887894,0.5924831598997116,0.0627451241016388,0.06306899096816779,0.7731882691383362,-0.004774346001795493,0.0021606644411804156,0.16632988750934596,nan,0.0,nan,0.0,0
27,300,9452,0.042007575757575744,2560,0.23357881233096123,0.925,-0.0019290266587631776,0.5014702007174492,0.31953125,-0.8179777532815933,0.5926557064056397,0.0627451241016388,0.06438093315809965,0.7756079077720642,-0.005541497931699268,-0.0036124712729360907,0.16632988750934596,nan,0.0,nan,0.0,0
27,320,9472,0.04125000000000001,2560,0.21565050184726714,0.930078125,-0.008459914079867303,0.49374416172504426,0.296484375,-0.7966387510299683,0.5927754938602448,0.0627451241016388,0.0688961585983634,0.7796614557504654,-0.004774346001795493,0.0036855680780718096,0.16632988750934596,nan,0.0,nan,0.0,0
27,340,9492,0.04049242424242423,2560,0.19794591777026654,0.9328125,-0.005173565552104265,0.49712271690368653,0.28515625,-0.8215972766280174,0.5932307094335556,0.0627451241016388,0.05954903773963451,0.7679839491844177,-0.004774346001795493,0.0003992195503087718,0.16632988750934596,nan,0.0,0.0,0.37410149999777786,0
27,352,9504,0.04003787878787879,1480,0.1994294033662693,0.9432432448541795,-0.0039473328336670594,0.4984784322815972,0.29189189205298555,-0.7828748419478133,0.5941316269539498,0.0627451241016388,0.05426105587063609,0.7609952614114092,-0.005173565552104265,-0.0012262327184372054,0.16632988750934596,nan,0.0,nan,0.0,0
28,20,9524,0.03928030303030301,2560,0.21319373212754728,0.93203125,-0.005337085854262113,0.5007993206381798,0.27734375,-0.7485484391450882,0.5937673151493073,0.0627451241016388,0.06032309215515852,0.7698263674974442,-0.005173565552104265,0.00016352030215784855,0.16632988750934596,nan,0.0,nan,0.0,0
28,40,9544,0.03852272727272728,2560,0.19238637313246726,0.9390625,-0.00687860234756954,0.49474806636571883,0.25859375,-0.6773698449134826,0.5943859279155731,0.0627451241016388,0.06023728344589472,0.7705005884170533,-0.005173565552104265,0.0017050367954652753,0.16632988750934596,nan,0.0,nan,0.0,0
28,60,9564,0.0377651515151515,2560,0.19594598114490508,0.93359375,-0.007217435701750219,0.49565977454185484,0.250390625,-0.6879787415266037,0.5946862757205963,0.0627451241016388,0.05706253480166197,0.7657001346349717,-0.005337085854262113,0.0018803498474881056,0.16632988750934596,nan,0.0,nan,0.0,0
28,80,9584,0.03700757575757576,2560,0.20372484177350997,0.934375,-0.0017302024818491191,0.5014531627297402,0.26328125,-0.703749144077301,0.5939922600984573,0.0627451241016388,0.053873812034726146,0.7620236426591873,-0.005337085854262113,-0.0036068833724129945,0.16632988750934596,nan,0.0,0.0,0.37063629998010583,0
28,100,9604,0.036249999999999984,2560,0.22239969223737716,0.928515625,-0.007210014134761878,0.49255804568529127,0.286328125,-0.7303952634334564,0.5934429377317428,0.0627451241016388,0.05688271783292294,0.7655577540397644,-0.005337085854262113,0.0018729282804997643,0.16632988750934596,nan,0.0,nan,0.0,0
28,120,9624,0.03549242424242425,2560,0.1868077103048563,0.941015625,0.00010875020816456527,0.5028234004974366,0.2515625,-0.6622982367873191,0.5929161220788955,0.0627451241016388,0.057128351740539075,0.7661324113607406,-0.00687860234756954,-0.006987352555734105,0.16632988750934596,nan,0.0,nan,0.0,0
28,140,9644,0.03473484848484847,2560,0.22625804245471953,0.928125,-0.0020324618279119024,0.5013462230563164,0.291015625,-0.7531395137310029,0.5929002314805984,0.0627451241016388,0.057460762560367584,0.7667440414428711,-0.00687860234756954,-0.004846140519657638,0.16632988750934596,nan,0.0,nan,0.0,0
28,160,9664,0.03397727272727274,2560,0.19471954703330993,0.931640625,-0.004616553249070421,0.494630067050457,0.27421875,-0.7616483449935914,0.5940979182720184,0.0627451241016388,0.0563316909596324,0.7662956058979035,-0.0020324618279119024,0.002584091421158519,0.16632988750934596,nan,0.0,nan,0.0,0
28,180,9684,0.033219696969696955,2560,0.17707976661622524,0.946875,-0.003917800635099411,0.5006828486919404,0.26796875,-0.7292307794094086,0.5930703669786453,0.0627451241016388,0.05451602581888437,0.7636471658945083,-0.0020324618279119024,0.001885338807187509,0.16632988750934596,nan,0.0,0.0,0.3696392000128981,0
28,200,9704,0.03246212121212122,2560,0.22241661623120307,0.933203125,-0.001047206250950694,0.5001930356025696,0.273828125,-0.7440240859985352,0.5939547389745712,0.0627451241016388,0.0576119851320982,0.7680145353078842,-0.003917800635099411,-0.0028705943841487174,0.16632988750934596,nan,0.0,nan,0.0,0
28,220,9724,0.031704545454545444,2560,0.19599821418523788,0.9375,-0.0023466314421966674,0.5005957439541817,0.27734375,-0.7640575468540192,0.5937799036502838,0.0627451241016388,0.05998717546463013,0.7701483458280564,-0.0020324618279119024,0.000314169614284765,0.16632988750934596,nan,0.0,nan,0.0,0
28,240,9744,0.03094696969696971,2560,0.18240630365908145,0.936328125,-0.004649188276380301,0.49734612852334975,0.283203125,-0.7749848067760468,0.5942561060190201,0.0627451241016388,0.06413673758506774,0.7759847909212112,-0.0023466314421966674,0.0023025568341836335,0.16632988750934596,nan,0.0,nan,0.0,0
28,260,9764,0.03018939393939393,2560,0.1722134355455637,0.94609375,-0.003009726182790473,0.4982481822371483,0.2625,-0.7536315530538559,0.5921839565038681,0.0627451241016388,0.06148889809846878,0.7730438113212585,-0.003917800635099411,-0.0009080744523089382,0.16632988750934596,nan,0.0,nan,0.0,0
28,280,9784,0.029431818181818194,2560,0.1825089067220688,0.941796875,-0.0041401430062251166,0.5001890957355499,0.28125,-0.7322098553180695,0.5937587976455688,0.0627451241016388,0.06378717422485351,0.7758037030696869,-0.003009726182790473,0.0011304168234346434,0.16632988750934596,nan,0.0,0.0,0.3697835000057239,0
28,300,9804,0.028674242424242415,2560,0.18163302578032017,0.94296875,-0.004046120634302497,0.49594943821430204,0.27421875,-0.7711796760559082,0.5930669367313385,0.0627451241016388,0.06339810285717248,0.7746111303567886,-0.003009726182790473,0.001036394451512024,0.16632988750934596,nan,0.0,nan,0.0,0
28,320,9824,0.02791666666666668,2560,0.1541123379021883,0.95078125,nan,0.49779944121837616,0.257421875,-0.7257474452257157,0.5940262109041214,0.0627451241016388,0.06174384243786335,0.7734576910734177,-0.004046120634302497,nan,0.16632988750934596,nan,0.0,nan,0.0,0
28,340,9844,0.0271590909090909,2560,0.17902008816599846,0.94375,-0.003062412329018116,0.501260769367218,0.283984375,-0.7935049951076507,0.5934289544820786,0.0627451241016388,0.06402201261371374,0.7757055789232254,nan,nan,0.16632988750934596,nan,0.0,nan,0.0,0
28,352,9856,0.02670454545454546,1480,0.18299841566665753,0.9439189179523572,-0.005173618341418537,0.49678813589585796,0.26486486470377124,-0.7710451016554961,0.5937665175747227,0.0627451241016388,0.06301550577218468,0.7746590011828655,nan,nan,0.16632988750934596,nan,0.0,nan,0.0,0
29,20,9876,0.02594696969696968,2560,0.15283959843218325,0.95,-0.002911820588633418,0.49890049546957016,0.2578125,-0.7315600126981735,0.5930510401725769,0.0627451241016388,0.06089695580303669,0.772051066160202,nan,nan,0.16632988750934596,nan,0.0,0.0,0.3726186999992933,0
29,40,9896,0.025189393939393945,2560,0.1749445330351591,0.9421875,-0.0014737872523255646,0.5010456249117852,0.25859375,-0.725482577085495,0.593426662683487,0.0627451241016388,0.05878527257591486,0.7691454142332077,nan,nan,0.16632988750934596,nan,0.0,nan,0.0,0
29,60,9916,0.024431818181818166,2560,0.1633775882422924,0.9484375,-0.0037034405671874993,0.49547756016254424,0.23515625,-0.6598155632615089,0.5945320308208466,0.0627451241016388,0.05532478764653206,0.764098146557808,nan,nan,0.16632988750934596,nan,0.0,nan,0.0,0
29,80,9936,0.02367424242424243,2560,0.1689631065353751,0.94140625,-0.0025300801848061384,0.4974613294005394,0.240234375,-0.6470826640725136,0.594360625743866,0.0627451241016388,0.05253656078130007,0.7587998002767563,-0.003062412329018116,-0.0005323321442119778,0.16632988750934596,nan,0.0,nan,0.0,0
29,100,9956,0.022916666666666655,2560,0.16358816921710967,0.94609375,-0.0076313430676236745,0.49402899444103243,0.240625,-0.6500569373369217,0.5933022946119308,0.0627451241016388,0.05328663177788258,0.7603834122419357,-0.002911820588633418,0.004719522478990257,0.16632988750934596,nan,0.0,nan,0.0,0
29,120,9976,0.02215909090909092,2560,0.15775074828416108,0.951171875,-0.002453103262814693,0.5005891293287277,0.2515625,-0.6933477357029915,0.5940475672483444,0.0627451241016388,0.055692118033766745,0.7644155085086822,-0.002911820588633418,-0.00045871732581872484,0.16632988750934596,nan,0.0,0.0,0.3797449999838136,0
29,140,9996,0.02140151515151514,2560,0.19055748991668225,0.94140625,-0.003951355040771887,0.5003157436847687,0.247265625,-0.6541407734155655,0.5936724573373795,0.0627451241016388,0.05930198840796948,0.7692538589239121,-0.0025300801848061384,0.0014212748559657485,0.16632988750934596,nan,0.0,nan,0.0,0
29,160,10016,0.020643939393939405,2560,0.17899480313062668,0.94453125,-0.0030700082003022543,0.4998275876045227,0.252734375,-0.6715195626020432,0.5939076960086822,0.0627451241016388,0.054952404089272024,0.7638452649116516,-0.0037034405671874993,-0.000633432366885245,0.16632988750934596,nan,0.0,nan,0.0,0
29,180,10036,0.019886363636363626,2560,0.17024232484400273,0.944140625,-0.005584974028170109,0.5007184490561485,0.248828125,-0.6357359945774078,0.5933010309934617,0.0627451241016388,0.0519246781244874,0.7591656178236008,-0.0030700082003022543,0.0025149658278678546,0.16632988750934596,nan,0.0,nan,0.0,0
29,200,10056,0.01912878787878789,2560,0.16305562816560268,0.945703125,-0.005506239115493372,0.4965132549405098,0.225390625,-0.6160741955041885,0.5923235774040222,0.0627451241016388,0.05474293660372496,0.7642984360456466,-0.003951355040771887,0.0015548840747214854,0.16632988750934596,nan,0.0,nan,0.0,0
29,220,10076,0.01837121212121211,2560,0.16768952868878842,0.946484375,-0.003940483971382492,0.4983123928308487,0.251171875,-0.6616263151168823,0.5926440119743347,0.0627451241016388,0.05178161356598139,0.7586074411869049,-0.003951355040771887,-1.0871069389395242e-05,0.16632988750934596,nan,0.0,0.0,0.37200709999888204,0
29,240,10096,0.017613636363636376,2560,0.15375527366995811,0.946484375,-0.0010168620327021926,0.5012626826763154,0.237109375,-0.6360127434134484,0.5926941126585007,0.0627451241016388,0.053623723424971105,0.7613755762577057,-0.003951355040771887,-0.002934493008069694,0.16632988750934596,nan,0.0,nan,0.0,0
29,260,10116,0.016856060606060597,2560,0.1545434884727001,0.947265625,-0.003981580946128815,0.4977137416601181,0.225,-0.646351945400238,0.5918719142675399,0.0627451241016388,0.054559269733726976,0.7638831555843353,-0.003940483971382492,4.10969747463236e-05,0.16632988750934596,nan,0.0,nan,0.0,0
29,280,10136,0.016098484848484862,2560,0.14814404919743537,0.950390625,-0.004007535218261182,0.4969371944665909,0.2234375,-0.6053512409329415,0.592836907505989,0.0627451241016388,0.05380457136780024,0.7622181117534638,-0.003981580946128815,2.5954272132366896e-05,0.16632988750934596,nan,0.0,nan,0.0,0
29,300,10156,0.015340909090909084,2560,0.14394626822322606,0.950390625,-0.0052726462483406065,0.4979747921228409,0.23359375,-0.6468516126275062,0.5929896205663681,0.0627451241016388,0.0542097382247448,0.7624418050050735,-0.003981580946128815,0.0012910653022117913,0.16632988750934596,nan,0.0,nan,0.0,0
29,320,10176,0.01458333333333335,2560,0.13193699195981026,0.957421875,-0.005647180567029864,0.497011199593544,0.2328125,-0.6464420422911644,0.5932823479175567,0.0627451241016388,0.05520253125578165,0.7648373514413833,-0.003981580946128815,0.0016655996209010487,0.16632988750934596,nan,0.0,0.0,0.3739816000161227,0
29,340,10196,0.01382575757575757,2560,0.13623600639402866,0.959765625,-0.005511181824840605,0.5002770915627479,0.23828125,-0.687663558125496,0.5915923058986664,0.0627451241016388,0.05686645656824112,0.767777043581009,-0.004007535218261182,0.001503646606579423,0.16632988750934596,nan,0.0,nan,0.0,0
29,352,10208,0.01337121212121213,1480,0.1306731967507182,0.9520270260604652,-0.003846818973889222,0.4974070607004939,0.21621621686059075,-0.6145472001385044,0.5937456127759573,0.0627451241016388,0.059126317259427665,0.7717093238959442,-0.0052726462483406065,-0.0014258272744513845,0.16632988750934596,nan,0.0,nan,0.0,0
30,20,10228,0.01261363636363635,2560,0.14618185311555862,0.95078125,-0.004471207206370309,0.5026358455419541,0.243359375,-0.6591205328702927,0.593571874499321,0.0627451241016388,0.058712214790284635,0.7702300935983658,-0.0052726462483406065,-0.0008014390419702972,0.16632988750934596,nan,0.0,nan,0.0,0
30,40,10248,0.011856060606060615,2560,0.12013116888701916,0.959765625,-0.0005386791308410466,0.49926085472106935,0.21640625,-0.6131714269518852,0.5929615259170532,0.0627451241016388,0.058585206605494024,0.7702262610197067,-0.0052726462483406065,-0.00473396711749956,0.16632988750934596,nan,0.0,nan,0.0,0
30,60,10268,0.011098484848484837,2560,0.10550664877519011,0.96796875,-0.002834459414589219,0.49668059349060056,0.22109375,-0.6387180373072624,0.592511636018753,0.0627451241016388,0.05689214244484901,0.7674020051956176,-0.004471207206370309,-0.0016367477917810904,0.16632988750934596,nan,0.0,0.0,0.3674798000138253,0
30,80,10288,0.010340909090909102,2560,0.12286693956702947,0.96171875,-0.004255026183091104,0.4987921565771103,0.2296875,-0.6471985012292862,0.592131444811821,0.0627451241016388,0.05696571245789528,0.7680318415164947,-0.003846818973889222,0.0004082072092018822,0.16632988750934596,nan,0.0,nan,0.0,0
30,100,10308,0.009583333333333322,2560,0.13634895011782647,0.9515625,-0.005510015145409853,0.4969001919031143,0.215625,-0.5957160353660583,0.5920481562614441,0.0627451241016388,0.05690207276493311,0.7677668929100037,-0.003846818973889222,0.0016631961715206306,0.16632988750934596,nan,0.0,nan,0.0,0
30,120,10328,0.008825757575757587,2560,0.11271440535783768,0.962109375,-0.0016829641710501165,0.49975803792476653,0.210546875,-0.5612282946705818,0.5917054653167725,0.0627451241016388,0.05628853496164084,0.7676932513713837,-0.004255026183091104,-0.002572062012040988,0.16632988750934596,nan,0.0,nan,0.0,0
30,140,10348,0.008068181818181808,2560,0.12843393087387084,0.959375,nan,0.49783796817064285,0.21640625,-0.6125151678919792,0.5926123470067978,0.0627451241016388,0.057424967922270295,0.7689736008644104,-0.002834459414589219,nan,0.16632988750934596,nan,0.0,nan,0.0,0
30,160,10368,0.007310606060606073,2560,0.11783244144171476,0.9625,-0.006690045283176005,0.49534341096878054,0.215234375,-0.6012541353702545,0.5924835443496704,0.0627451241016388,0.05616606455296278,0.7668888688087463,nan,nan,0.16632988750934596,nan,0.0,0.0,0.37032210000324994,0
30,180,10388,0.006553030303030294,2560,0.1247716125100851,0.954296875,-0.004230198977165855,0.4963859736919403,0.2078125,-0.5711001127958297,0.5933943629264832,0.0627451241016388,0.05644691288471222,0.7679785311222076,nan,nan,0.16632988750934596,nan,0.0,nan,0.0,0
30,200,10408,0.005795454545454559,2560,0.12701669260859488,0.959375,-0.0029898207169026135,0.5000981777906418,0.219140625,-0.6267304450273514,0.5933578670024872,0.0627451241016388,0.05737532414495945,0.7693441331386566,nan,nan,0.16632988750934596,nan,0.0,nan,0.0,0
30,220,10428,0.00503787878787878,2560,0.12619019728153943,0.9609375,-0.0022264233586611224,0.49886869788169863,0.21640625,-0.6569353446364403,0.593298876285553,0.0627451241016388,0.05665857959538698,0.7685126274824142,nan,nan,0.16632988750934596,nan,0.0,nan,0.0,0
30,240,10448,0.004280303030303046,2560,0.11809898763895035,0.96171875,-0.0017698759678751231,0.5010109126567841,0.205078125,-0.5936665952205658,0.5922996729612351,0.0627451241016388,0.05750254616141319,0.7697252333164215,nan,nan,0.16632988750934596,nan,0.0,nan,0.0,0
30,260,10468,0.0035227272727272664,2560,0.12273088209331036,0.96328125,-0.00032970440079225225,0.501480883359909,0.2109375,-0.567066079378128,0.5932501703500748,0.0627451241016388,0.05767733659595251,0.7700866013765335,-0.0029898207169026135,-0.002660116316110361,0.16632988750934596,nan,0.0,0.0,0.37555389999761246,0
30,280,10488,0.0027651515151515317,2560,0.10786415562033654,0.965234375,-0.004489972215378657,0.4951681911945343,0.20625,-0.581792514026165,0.593370458483696,0.0627451241016388,0.05920239146798849,0.7721252232789994,-0.0022264233586611224,0.0022635488567175344,0.16632988750934596,nan,0.0,nan,0.0,0
30,300,10508,0.0020075757575757527,2560,0.10730139221996068,0.966796875,-0.005185543349944055,0.5007306560873985,0.1921875,-0.5381199613213539,0.5930875301361084,0.0627451241016388,0.05878736674785614,0.77163065969944,-0.0022264233586611224,0.002959119991282933,0.16632988750934596,nan,0.0,nan,0.0,0
30,320,10528,0.0012500000000000178,2560,0.12228903155773878,0.96328125,-0.005867054694681429,0.4968832805752754,0.20078125,-0.6061786435544491,0.5922463923692703,0.0627451241016388,0.057635354436933996,0.7697274535894394,-0.0022264233586611224,0.0036406313360203063,0.16632988750934596,nan,0.0,nan,0.0,0
30,340,10548,0.0004924242424242387,2560,0.11707753222435713,0.96328125,-0.0034895139368018137,0.4991207286715508,0.21171875,-0.557345150411129,0.5928516566753388,0.0627451241016388,0.059313234873116016,0.7724646806716919,-0.004489972215378657,-0.001000458278576843,0.16632988750934596,nan,0.0,nan,0.0,0
30,352,10560,3.787878787879784e-05,1480,0.10743110034916852,0.9614864877752356,-0.0028323660862657266,0.5017224118516251,0.1959459457848523,-0.5718744848225568,0.5918287853936891,0.0627451241016388,0.06087463036985011,0.7743839785859391,-0.004489972215378657,-0.0016576061291129303,0.16632988750934596,nan,0.0,0.0,0.379002900008345,0
