epoch,batch,global_step,lr,window_samples,train_adv_loss,train_adv_acc,free_gradient_cosine,free_gradient_sign_agreement,free_prediction_disagreement,free_attack_loss_gain,free_boundary_fraction,free_delta_linf,control_gradient_participation_ratio,control_gradient_entropy,detector_baseline,detector_score,detector_threshold,detector_pgd10_acc,detector_seconds,observer_pgd10_acc,observer_pgd10_seconds,intervention_triggered
1,20,20,0.0010795454545454546,2560,2.870949554443359,0.0,0.05550619531422853,0.5115196377038955,0.386328125,0.5678840070962906,0.6010031521320343,0.03137257695198059,0.2511611871421337,0.8863101243972779,nan,nan,0.16632988750934596,nan,0.0,nan,0.0,0
1,40,40,0.002215909090909091,2560,2.620238494873047,0.00390625,0.15199797861278058,0.538322976231575,0.3171875,0.39864932298660277,0.6003018885850906,0.03137257695198059,0.2392568312585354,0.8823907166719437,nan,nan,0.16632988750934596,nan,0.0,nan,0.0,0
1,60,60,0.0033522727272727276,2560,2.3255066871643066,0.09296875,0.4701188638806343,0.6276422023773194,0.196875,0.17612666338682176,0.6002351403236389,0.03137257695198059,0.1902739591896534,0.8596899271011352,nan,nan,0.16632988750934596,nan,0.0,nan,0.0,0
1,80,80,0.004488636363636363,2560,2.239885139465332,0.155859375,0.7148850291967392,0.7058419764041901,0.16171875,0.11806025914847851,0.6012308984994889,0.03137257695198059,0.13782822713255882,0.819620817899704,0.15199797861278058,-0.5628870505839587,0.16632988750934596,nan,0.0,nan,0.0,0
1,100,100,0.005625,2560,2.191070556640625,0.169921875,0.7929440438747406,0.7401635706424713,0.201171875,0.13053534924983978,0.6020668238401413,0.03137257695198059,0.1120329037308693,0.7917261362075806,0.31105842124670746,-0.48188562262803314,0.16632988750934596,nan,0.0,0.171875,0.3731917999975849,0
1,120,120,0.006761363636363636,2560,2.1573384284973143,0.194921875,0.8393889874219894,0.7599106013774872,0.180078125,0.12999938912689685,0.6029920130968094,0.03137257695198059,0.09244992546737194,0.7663530051708222,0.4701188638806343,-0.36927012354135513,0.16632988750934596,nan,0.0,nan,0.0,0
1,140,140,0.007897727272727272,2560,2.125701427459717,0.198828125,0.8638448476791382,0.7803826868534088,0.20390625,0.15356551855802536,0.6006036311388016,0.03137257695198059,0.08704912476241589,0.7613903939723968,0.7148850291967392,-0.14895981848239892,0.16632988750934596,nan,0.0,nan,0.0,0
1,160,160,0.009034090909090908,2560,2.1089107751846314,0.2046875,0.8792081505060196,0.7927074670791626,0.197265625,0.15803847685456276,0.6020960718393326,0.03137257695198059,0.07771394401788712,0.7477897673845291,0.7929440438747406,-0.08626410663127904,0.16632988750934596,nan,0.0,nan,0.0,0
1,180,180,0.010170454545454547,2560,2.0982616424560545,0.198046875,0.8827365815639496,0.8083197474479675,0.194921875,0.17902464792132378,0.6025693416595459,0.03137257695198059,0.07578880786895752,0.7455514580011368,0.8393889874219894,-0.04334759414196021,0.16632988750934596,nan,0.0,nan,0.0,0
1,200,200,0.011306818181818182,2560,2.078140449523926,0.218359375,0.8825359612703323,0.8167572230100631,0.192578125,0.18781858086585998,0.6025472223758698,0.03137257695198059,0.07760952524840832,0.7512914329767227,0.8638448476791382,-0.01869111359119413,0.16632988750934596,nan,0.0,0.1953125,0.36937999998917803,0
1,220,220,0.012443181818181819,2560,2.0844124794006347,0.210546875,0.8877091318368912,0.8231211632490159,0.20546875,0.20047239139676093,0.6018935024738312,0.03137257695198059,0.07761500887572766,0.7553870707750321,0.8792081505060196,-0.008500981330871515,0.16632988750934596,nan,0.0,nan,0.0,0
1,240,240,0.013579545454545454,2560,2.000740480422974,0.242578125,0.9038049459457398,0.8328474909067154,0.208984375,0.19623780250549316,0.6017975091934205,0.03137257695198059,0.07548166997730732,0.7517064124345779,0.8825359612703323,-0.0212689846754075,0.16632988750934596,nan,0.0,nan,0.0,0
1,260,260,0.014715909090909089,2560,2.0220804810523987,0.22578125,0.9037695229053497,0.8374082058668136,0.2203125,0.21695485562086106,0.6033268183469772,0.03137257695198059,0.07549230419099331,0.7554166734218597,0.8827365815639496,-0.021032941341400102,0.16632988750934596,nan,0.0,nan,0.0,0
1,280,280,0.015852272727272725,2560,2.02677526473999,0.2296875,0.9035491645336151,0.8357333064079284,0.202734375,0.2198501504957676,0.602751561999321,0.03137257695198059,0.07055555880069733,0.7465077251195907,0.8877091318368912,-0.01584003269672396,0.16632988750934596,nan,0.0,nan,0.0,0
1,300,300,0.016988636363636362,2560,2.0064122438430787,0.2546875,0.9054358124732971,0.8442466974258422,0.191796875,0.21980928927659987,0.6034148067235947,0.03137257695198059,0.07467410266399384,0.753764408826828,0.9035491645336151,-0.0018866479396819624,0.16632988750934596,nan,0.0,0.1640625,0.3712350999994669,0
1,320,320,0.018125,2560,1.9946035861968994,0.249609375,0.9113392144441604,0.8432379603385926,0.19609375,0.21480732262134553,0.6044633477926254,0.03137257695198059,0.06776904053986073,0.7422584086656571,0.9037695229053497,-0.007569691538810708,0.16632988750934596,nan,0.0,nan,0.0,0
1,340,340,0.019261363636363635,2560,1.97869975566864,0.25390625,0.9093441814184189,0.8426497370004654,0.196484375,0.23829576671123504,0.6036551386117935,0.03137257695198059,0.06597026605159044,0.7411263376474381,0.9038049459457398,-0.005539235472679094,0.16632988750934596,nan,0.0,nan,0.0,0
1,352,352,0.019943181818181818,1480,2.0066332005165717,0.2418918918918919,0.9149473612372939,0.851730773577819,0.21013513513513513,0.22568797267772056,0.6041567873310398,0.03137257695198059,0.06982294870792209,0.750632885662285,0.9054358124732971,-0.009511548763996847,0.16632988750934596,nan,0.0,nan,0.0,0
2,20,372,0.021079545454545455,2560,1.9528170108795166,0.279296875,0.9079629331827164,0.8473832666873932,0.206640625,0.2362023964524269,0.603973788022995,0.03137257695198059,0.0707801952958107,0.7504397392272949,0.9093441814184189,0.0013812482357025146,0.16632988750934596,nan,0.0,nan,0.0,0
2,40,392,0.022215909090909088,2560,1.9871340990066528,0.254296875,0.911867442727089,0.8473001033067703,0.19921875,0.24036160632967948,0.6050836116075515,0.03137257695198059,0.06910604164004326,0.7478502452373504,0.9093441814184189,-0.0025232613086700884,0.16632988750934596,nan,0.0,0.2734375,0.37746219997643493,0
2,60,412,0.023352272727272725,2560,1.944000005722046,0.277734375,0.9130892783403397,0.8506252437829971,0.184375,0.2373015895485878,0.6037679195404053,0.03137257695198059,0.06698770336806774,0.7454406589269638,0.9113392144441604,-0.0017500638961792658,0.16632988750934596,nan,0.0,nan,0.0,0
2,80,432,0.024488636363636365,2560,1.956760859489441,0.265625,0.9121123433113099,0.8500183314085007,0.198046875,0.24639084115624427,0.6047468990087509,0.03137257695198059,0.06648268215358258,0.7436523169279099,0.911867442727089,-0.00024490058422088623,0.16632988750934596,nan,0.0,nan,0.0,0
2,100,452,0.025625,2560,1.9483172416687011,0.2578125,0.914336296916008,0.8533872127532959,0.2,0.23729902654886245,0.6049584925174714,0.03137257695198059,0.06715110298246145,0.7459752798080445,0.9121123433113099,-0.002223953604698181,0.16632988750934596,nan,0.0,nan,0.0,0
2,120,472,0.026761363636363635,2560,1.941334867477417,0.276953125,0.9168916314840316,0.8583580166101455,0.18671875,0.24899833723902703,0.6040196985006332,0.03137257695198059,0.06400028951466083,0.7389095604419709,0.9121123433113099,-0.004779288172721774,0.16632988750934596,nan,0.0,nan,0.0,0
2,140,492,0.027897727272727272,2560,1.9552277088165284,0.2546875,0.9145081013441085,0.8566229730844498,0.198828125,0.2516469582915306,0.6048340022563934,0.03137257695198059,0.06556464303284884,0.7442651867866517,0.9130892783403397,-0.001418823003768832,0.16632988750934596,nan,0.0,0.265625,0.3715790999995079,0
2,160,512,0.02903409090909091,2560,1.969131064414978,0.266796875,0.9155611842870712,0.8603838682174683,0.179296875,0.24840124994516372,0.6049620538949967,0.03137257695198059,0.067412980645895,0.7479236274957657,0.914336296916008,-0.001224887371063188,0.16632988750934596,nan,0.0,nan,0.0,0
2,180,532,0.030170454545454545,2560,1.952837836742401,0.2625,0.9176916390657425,0.8614166468381882,0.19765625,0.2537096694111824,0.6027242183685303,0.03137257695198059,0.06405922379344701,0.7404249638319016,0.9145081013441085,-0.0031835377216339333,0.16632988750934596,nan,0.0,nan,0.0,0
2,200,552,0.03130681818181818,2560,1.9225810050964356,0.269921875,0.9160457938909531,0.8605199426412582,0.202734375,0.2570112220942974,0.6047233760356903,0.03137257695198059,0.06667051054537296,0.7455282092094422,0.9155611842870712,-0.00048460960388185814,0.16632988750934596,nan,0.0,nan,0.0,0
2,220,572,0.032443181818181815,2560,1.95641131401062,0.25625,0.91759292781353,0.8601347804069519,0.18984375,0.2593072399497032,0.6042323052883148,0.03137257695198059,0.0650949727743864,0.7447709739208221,0.9160457938909531,-0.001547133922576882,0.16632988750934596,nan,0.0,nan,0.0,0
2,240,592,0.03357954545454545,2560,1.9142802953720093,0.265234375,0.9150801599025726,0.8555743128061295,0.21328125,0.26124074384570123,0.6038418114185333,0.03137257695198059,0.06448329724371434,0.7432478129863739,0.9160457938909531,0.0009656339883804543,0.16632988750934596,nan,0.0,0.203125,0.3777891999925487,0
2,260,612,0.03471590909090909,2560,1.9245713233947754,0.263671875,0.9190445810556411,0.8643585354089737,0.213671875,0.2646553203463554,0.602922585606575,0.03137257695198059,0.06295136660337448,0.7414838403463364,0.9160457938909531,-0.0029987871646880437,0.16632988750934596,nan,0.0,nan,0.0,0
2,280,632,0.035852272727272726,2560,1.8950650095939636,0.27578125,0.9136533468961716,0.8624612331390381,0.211328125,0.2743618331849575,0.6049600183963776,0.03137257695198059,0.06269050445407628,0.742045271396637,0.91759292781353,0.003939580917358354,0.16632988750934596,nan,0.0,nan,0.0,0
2,300,652,0.03698863636363636,2560,1.90871901512146,0.278515625,0.9177231460809707,0.86006840467453,0.19765625,0.27020492032170296,0.6027694940567017,0.03137257695198059,0.06209250930696726,0.7399428516626358,0.9160457938909531,-0.0016773521900176336,0.16632988750934596,nan,0.0,nan,0.0,0
2,320,672,0.038125,2560,1.8680978298187256,0.2953125,0.9180991441011429,0.8594422847032547,0.20390625,0.2726060926914215,0.6036709040403366,0.03137257695198059,0.06291378494352103,0.7421087145805358,0.91759292781353,-0.0005062162876129372,0.16632988750934596,nan,0.0,nan,0.0,0
2,340,692,0.03926136363636363,2560,1.9087568759918212,0.265234375,0.9182013869285583,0.8655909448862076,0.218359375,0.29087724834680556,0.60215824842453,0.03137257695198059,0.06595164854079485,0.7459906488656998,0.9177231460809707,-0.00047824084758762986,0.16632988750934596,nan,0.0,0.2265625,0.36898510000901297,0
2,352,704,0.039943181818181815,1480,1.8991912410065934,0.29054054070163415,0.9157735096441733,0.8641412602888571,0.20675675707894403,0.29042768615323145,0.6016841488915521,0.03137257695198059,0.06159678298879314,0.7414829669771967,0.9180991441011429,0.0023256344569696497,0.16632988750934596,nan,0.0,nan,0.0,0
3,20,724,0.04107954545454545,2560,1.9381126165390015,0.2640625,0.9203023761510849,0.865630230307579,0.19921875,0.29234351590275764,0.6030756860971451,0.03137257695198059,0.062324239313602446,0.7418849259614945,0.9177231460809707,-0.00257923007011418,0.16632988750934596,nan,0.0,nan,0.0,0
3,40,744,0.04221590909090909,2560,1.8728808641433716,0.287109375,0.9193112760782242,0.8679566979408264,0.208984375,0.2694424405694008,0.6033726006746292,0.03137257695198059,0.06560062225908041,0.747886273264885,0.9180991441011429,-0.0012121319770812544,0.16632988750934596,nan,0.0,nan,0.0,0
3,60,764,0.043352272727272725,2560,1.880353045463562,0.275,0.9219339966773987,0.8670950770378113,0.21484375,0.28336379304528236,0.6043562740087509,0.03137257695198059,0.06038662828505039,0.738560026884079,0.9182013869285583,-0.0037326097488403764,0.16632988750934596,nan,0.0,nan,0.0,0
3,80,784,0.04448863636363636,2560,1.9042261958122253,0.28828125,0.9169476658105851,0.8618118435144424,0.198046875,0.2817114099860191,0.6020141810178756,0.03137257695198059,0.05874796379357576,0.7359555423259735,0.9193112760782242,0.0023636102676390935,0.16632988750934596,nan,0.0,0.2578125,0.36893379999673925,0
3,100,804,0.04562499999999999,2560,1.8779178380966186,0.2859375,0.9212411642074585,0.8623382776975632,0.223828125,0.29407570511102676,0.6040414422750473,0.03137257695198059,0.058894535154104234,0.7369670987129211,0.9193112760782242,-0.0019298881292343362,0.16632988750934596,nan,0.0,nan,0.0,0
3,120,824,0.046761363636363636,2560,1.8773967504501343,0.285546875,0.9161095321178436,0.8654213190078736,0.22890625,0.30280994176864623,0.6039080500602723,0.03137257695198059,0.06359138134866953,0.7456165969371795,0.9203023761510849,0.004192844033241272,0.16632988750934596,nan,0.0,nan,0.0,0
3,140,844,0.04789772727272727,2560,1.857022476196289,0.301953125,0.9111699819564819,0.8627072781324386,0.216796875,0.30326640158891677,0.600151726603508,0.03137257695198059,0.06065095700323582,0.741696497797966,0.9193112760782242,0.008141294121742249,0.16632988750934596,nan,0.0,nan,0.0,0
3,160,864,0.04903409090909091,2560,1.849344140291214,0.299609375,0.9101694226264954,0.8588024288415909,0.219140625,0.3096319854259491,0.6033324062824249,0.03137257695198059,0.059854657389223576,0.7395744889974594,0.9169476658105851,0.006778243184089705,0.16632988750934596,nan,0.0,nan,0.0,0
3,180,884,0.050170454545454546,2560,1.836370873451233,0.299609375,0.9151050865650177,0.8618349939584732,0.213671875,0.29567611813545225,0.6065510034561157,0.03137257695198059,0.05832575429230928,0.738314938545227,0.9161095321178436,0.0010044455528259721,0.16632988750934596,nan,0.0,0.25,0.36788989999331534,0
3,200,904,0.05130681818181818,2560,1.8226096630096436,0.30703125,0.9115730226039886,0.8563287317752838,0.22578125,0.30129837691783906,0.6010214716196061,0.03137257695198059,0.05863370224833488,0.7373407185077667,0.9151050865650177,0.0035320639610290083,0.16632988750934596,nan,0.0,nan,0.0,0
3,220,924,0.05244318181818181,2560,1.8509022891521454,0.29296875,0.9079720050096511,0.856888598203659,0.23828125,0.30141170173883436,0.6060061395168305,0.03137257695198059,0.06043911371380091,0.7416812241077423,0.9115730226039886,0.003601017594337508,0.16632988750934596,nan,0.0,nan,0.0,0
3,240,944,0.05357954545454545,2560,1.8254192352294922,0.3,0.9110741078853607,0.8572859615087509,0.22734375,0.3154174774885178,0.6047875910997391,0.03137257695198059,0.06244726032018662,0.7435175836086273,0.9111699819564819,9.587407112121582e-05,0.16632988750934596,nan,0.0,nan,0.0,0
3,260,964,0.054715909090909086,2560,1.8068268775939942,0.315234375,0.9147261142730713,0.8623441278934478,0.241015625,0.310770221054554,0.60405835211277,0.03137257695198059,0.06291453838348389,0.7448238044977188,0.9110741078853607,-0.0036520063877105713,0.16632988750934596,nan,0.0,nan,0.0,0
3,280,984,0.05585227272727273,2560,1.8399441719055176,0.29921875,0.9113056629896163,0.8593530237674714,0.228125,0.31639707982540133,0.6011880457401275,0.03137257695198059,0.06139425802975893,0.7458786785602569,0.9115730226039886,0.0002673596143722978,0.16632988750934596,nan,0.0,0.2890625,0.3712439000082668,0
3,300,1004,0.056988636363636366,2560,1.7848352789878845,0.324609375,0.9076601296663285,0.8573561578989028,0.225,0.31266670525074003,0.6032108545303345,0.03137257695198059,0.05971661657094955,0.7392753571271896,0.9113056629896163,0.003645533323287875,0.16632988750934596,nan,0.0,nan,0.0,0
3,320,1024,0.058124999999999996,2560,1.8005114912986755,0.322265625,0.9089109569787979,0.8576881617307663,0.2203125,0.32607732266187667,0.6010316431522369,0.03137257695198059,0.05752427205443382,0.737877044081688,0.9110741078853607,0.0021631509065628274,0.16632988750934596,nan,0.0,nan,0.0,0
3,340,1044,0.05926136363636363,2560,1.787334179878235,0.316796875,0.9010448515415191,0.8526710659265518,0.232421875,0.331219345331192,0.6025433987379074,0.03137257695198059,0.06087696272879839,0.74477878510952,0.9110741078853607,0.010029256343841553,0.16632988750934596,nan,0.0,nan,0.0,0
3,352,1056,0.05994318181818181,1480,1.818712246095812,0.31081081089135765,0.9053719765431172,0.8584112099699072,0.23648648632539285,0.34865646362304686,0.6010843566946081,0.03137257695198059,0.06136260187706432,0.7455980977496586,0.9089109569787979,0.003538980435680683,0.16632988750934596,nan,0.0,nan,0.0,0
4,20,1076,0.061079545454545456,2560,1.7703765749931335,0.32578125,0.9007565170526505,0.8541394799947739,0.226953125,0.3141822889447212,0.602203768491745,0.03137257695198059,0.06696147676557303,0.7527004420757294,0.9076601296663285,0.006903612613678001,0.16632988750934596,nan,0.0,0.2421875,0.3624022000003606,0
4,40,1096,0.06221590909090909,2560,1.7798428595066071,0.32890625,0.9038587629795074,0.8549377679824829,0.227734375,0.33861504644155505,0.6043054074048996,0.03137257695198059,0.062015640549361706,0.7478292793035507,0.9053719765431172,0.0015132135636097832,0.16632988750934596,nan,0.0,nan,0.0,0
4,60,1116,0.06335227272727273,2560,1.7594070553779602,0.308984375,0.8974600523710251,0.8542822748422623,0.242578125,0.3360752746462822,0.6027930110692978,0.03137257695198059,0.06094538737088442,0.7452889442443847,0.9038587629795074,0.006398710608482294,0.16632988750934596,nan,0.0,nan,0.0,0
4,80,1136,0.06448863636363636,2560,1.7686523914337158,0.328515625,0.9042477488517762,0.8532838344573974,0.24375,0.32112438082695005,0.6021715998649597,0.03137257695198059,0.05978852957487106,0.7417308658361434,0.9010448515415191,-0.0032028973102570246,0.16632988750934596,nan,0.0,nan,0.0,0
4,100,1156,0.065625,2560,1.789576530456543,0.31484375,0.9057161808013916,0.8537719935178757,0.23828125,0.34351376742124556,0.6062070399522781,0.03137257695198059,0.05942831858992577,0.7411086857318878,0.9038587629795074,-0.0018574178218841997,0.16632988750934596,nan,0.0,nan,0.0,0
4,120,1176,0.06676136363636363,2560,1.7915892720222473,0.32265625,0.9073529958724975,0.8582990199327469,0.2296875,0.32374962866306306,0.6038280665874481,0.03137257695198059,0.05687600150704384,0.737083426117897,0.9038587629795074,-0.0034942328929901123,0.16632988750934596,nan,0.0,0.2890625,0.37214269998366944,0
4,140,1196,0.06789772727272726,2560,1.7703254461288451,0.31015625,0.8977619230747222,0.8511009484529495,0.24453125,0.3355389922857285,0.5995196223258972,0.03137257695198059,0.060083500854671,0.7433958679437638,0.9042477488517762,0.006485825777053922,0.16632988750934596,nan,0.0,nan,0.0,0
4,160,1216,0.0690340909090909,2560,1.7684556484222411,0.330078125,0.8967028230428695,0.8518764704465867,0.22421875,0.33451113402843474,0.6050298273563385,0.03137257695198059,0.05731850303709507,0.7373175024986267,0.9042477488517762,0.007544925808906644,0.16632988750934596,nan,0.0,nan,0.0,0
4,180,1236,0.07017045454545454,2560,1.7450928270816803,0.32734375,0.8925260186195374,0.8499993830919266,0.25625,0.35029643923044207,0.6049467921257019,0.03137257695198059,0.05995605085045099,0.7440741568803787,0.9042477488517762,0.01172173023223877,0.16632988750934596,nan,0.0,nan,0.0,0
4,200,1256,0.07130681818181818,2560,1.766222083568573,0.32265625,0.8970734924077988,0.8536444514989853,0.237109375,0.35098275542259216,0.5989664912223815,0.03137257695198059,0.05794155951589346,0.7397261142730713,0.8977619230747222,0.0006884306669234785,0.16632988750934596,nan,0.0,nan,0.0,0
4,220,1276,0.07244318181818182,2560,1.744195318222046,0.333203125,0.8939691245555877,0.8464976161718368,0.244140625,0.3410267397761345,0.6060032099485397,0.03137257695198059,0.0563537273555994,0.738373601436615,0.8970734924077988,0.0031043678522110207,0.16632988750934596,nan,0.0,0.3046875,0.37118059999193065,0
4,240,1296,0.07357954545454545,2560,1.7607685327529907,0.328515625,0.897243133187294,0.8519926935434341,0.244140625,0.3495702013373375,0.6006158411502838,0.03137257695198059,0.05749427322298288,0.7382175624370575,0.8967028230428695,-0.0005403101444244607,0.16632988750934596,nan,0.0,nan,0.0,0
4,260,1316,0.07471590909090908,2560,1.740709137916565,0.34453125,0.8942663431167602,0.849310964345932,0.233203125,0.3405392125248909,0.6018900752067566,0.03137257695198059,0.0589952701702714,0.7412853896617889,0.8967028230428695,0.0024364799261092918,0.16632988750934596,nan,0.0,nan,0.0,0
4,280,1336,0.07585227272727273,2560,1.7530143678188324,0.334765625,0.8967006415128708,0.8495759546756745,0.23984375,0.3472840815782547,0.6015304803848267,0.03137257695198059,0.06265716608613729,0.7483305424451828,0.8942663431167602,-0.0024342983961105347,0.16632988750934596,nan,0.0,nan,0.0,0
4,300,1356,0.07698863636363637,2560,1.7464564919471741,0.33046875,0.8925875067710877,0.8487012475728989,0.2375,0.3400825083255768,0.6019991785287857,0.03137257695198059,0.058983085118234156,0.7400844156742096,0.8967006415128708,0.004113134741783098,0.16632988750934596,nan,0.0,nan,0.0,0
4,320,1376,0.078125,2560,1.6813396275043488,0.362109375,0.8918239831924438,0.8474542200565338,0.248828125,0.35624188035726545,0.6030689507722855,0.03137257695198059,0.06122995428740978,0.7453979134559632,0.8942663431167602,0.0024423599243164062,0.16632988750934596,nan,0.0,0.2734375,0.3740309000131674,0
4,340,1396,0.07926136363636364,2560,1.7386124968528747,0.339453125,0.8957235753536225,0.8496526300907135,0.230859375,0.3595424219965935,0.600917074084282,0.03137257695198059,0.05727629363536835,0.7373216420412063,0.8942663431167602,-0.001457232236862227,0.16632988750934596,nan,0.0,nan,0.0,0
4,352,1408,0.07994318181818182,1480,1.7344269804052403,0.3331081081081081,0.8845974181149457,0.844356854864069,0.24662162137998117,0.3588069250454774,0.5998256042196944,0.03137257695198059,0.05731593239549044,0.7394030132809201,0.8942663431167602,0.009668925001814488,0.16632988750934596,nan,0.0,nan,0.0,0
5,20,1428,0.08107954545454545,2560,1.7082316040992738,0.340234375,0.8926866471767425,0.84770687520504,0.257421875,0.3608570173382759,0.6019176691770554,0.03137257695198059,0.0633153896778822,0.7486726015806198,0.8925875067710877,-9.914040565484061e-05,0.16632988750934596,nan,0.0,nan,0.0,0
5,40,1448,0.08221590909090909,2560,1.7141219139099122,0.347265625,0.8877873808145523,0.8418475061655044,0.2453125,0.3628514692187309,0.6071213006973266,0.03137257695198059,0.059697660990059374,0.7435378104448318,0.8925875067710877,0.004800125956535339,0.16632988750934596,nan,0.0,nan,0.0,0
5,60,1468,0.08335227272727272,2560,1.6859923660755158,0.352734375,0.8877640753984452,0.8486845850944519,0.26015625,0.37447407394647597,0.5955393642187119,0.03137257695198059,0.06279553715139627,0.7483899414539337,0.8918239831924438,0.004059907793998674,0.16632988750934596,nan,0.0,0.21875,0.3665149000007659,0
5,80,1488,0.08448863636363636,2560,1.6996992826461792,0.351953125,0.8817673087120056,0.8433337032794952,0.251953125,0.3674394443631172,0.5996013909578324,0.03137257695198059,0.06012026891112328,0.7440137952566147,0.8877873808145523,0.006020072102546736,0.16632988750934596,nan,0.0,nan,0.0,0
5,100,1508,0.08562499999999999,2560,1.7131515622138977,0.35703125,0.8890063971281051,0.8427939295768738,0.244140625,0.3550344482064247,0.5994355648756027,0.03137257695198059,0.05947711523622275,0.7433160960674285,0.8877640753984452,-0.0012423217296599898,0.16632988750934596,nan,0.0,nan,0.0,0
5,120,1528,0.08676136363636362,2560,1.6915994822978973,0.35234375,0.8778235733509063,0.842755913734436,0.249609375,0.37247346341609955,0.6031167566776275,0.03137257695198059,0.05969828609377146,0.743465119600296,0.8877873808145523,0.009963807463646002,0.16632988750934596,nan,0.0,nan,0.0,0
5,140,1548,0.08789772727272727,2560,1.7000572621822356,0.37109375,0.8775137424468994,0.8370104670524597,0.23359375,0.36149615943431856,0.6031836360692978,0.03137257695198059,0.05248731840401888,0.7304476350545883,0.8877640753984452,0.01025033295154576,0.16632988750934596,nan,0.0,nan,0.0,0
5,160,1568,0.0890340909090909,2560,1.6893660306930542,0.359765625,0.8820457309484482,0.8451103419065475,0.23984375,0.361091086268425,0.6014129877090454,0.03137257695198059,0.057100705057382586,0.7402188330888748,0.8817673087120056,-0.0002784222364425881,0.16632988750934596,nan,0.0,0.2734375,0.36596570000983775,0
5,180,1588,0.09017045454545455,2560,1.6599795937538147,0.37734375,0.8831338822841645,0.8426133662462234,0.233203125,0.3547739773988724,0.6005110621452332,0.03137257695198059,0.05791543945670128,0.7399951547384263,0.8817673087120056,-0.0013665735721588579,0.16632988750934596,nan,0.0,nan,0.0,0
5,200,1608,0.09130681818181818,2560,1.6502328038215637,0.378125,0.8823083907365799,0.8442826747894288,0.236328125,0.3761971086263657,0.6000418573617935,0.03137257695198059,0.05951187685132027,0.7429866373538971,0.8820457309484482,-0.00026265978813166946,0.16632988750934596,nan,0.0,nan,0.0,0
5,220,1628,0.09244318181818183,2560,1.6755253493785858,0.369921875,0.8771249622106552,0.8397901117801666,0.246875,0.36515453457832336,0.5982806116342545,0.03137257695198059,0.05917886570096016,0.7428302615880966,0.8820457309484482,0.004920768737793013,0.16632988750934596,nan,0.0,nan,0.0,0
5,240,1648,0.09357954545454546,2560,1.6598409473896027,0.3734375,0.8813341379165649,0.8403211176395416,0.2640625,0.37382102608680723,0.6029977411031723,0.03137257695198059,0.05817477535456419,0.7405397117137908,0.8820457309484482,0.0007115930318832842,0.16632988750934596,nan,0.0,nan,0.0,0
5,260,1668,0.09471590909090909,2560,1.6429200649261475,0.373828125,0.8728456705808639,0.8380823999643325,0.271484375,0.3837660372257233,0.6039954125881195,0.03137257695198059,0.057252748683094976,0.7394413113594055,0.8820457309484482,0.00920006036758425,0.16632988750934596,nan,0.0,0.2578125,0.373344099993119,0
5,280,1688,0.09585227272727273,2560,1.6362420737743377,0.358984375,0.8785019248723984,0.8394708216190339,0.271484375,0.3788396567106247,0.6004849910736084,0.03137257695198059,0.057233511842787264,0.7392754584550858,0.8813341379165649,0.002832213044166476,0.16632988750934596,nan,0.0,nan,0.0,0
5,300,1708,0.09698863636363636,2560,1.6374465942382812,0.369140625,0.8746862977743148,0.8376861810684204,0.250390625,0.37183849811553954,0.5992093533277512,0.03137257695198059,0.05345206763595343,0.7339553952217102,0.8785019248723984,0.003815627098083585,0.16632988750934596,nan,0.0,nan,0.0,0
5,320,1728,0.098125,2560,1.6638485968112946,0.366796875,0.8800598531961441,0.8394506007432938,0.262109375,0.3803016126155853,0.6000836879014969,0.03137257695198059,0.05562243722379208,0.7357286006212235,0.8771249622106552,-0.002934890985488936,0.16632988750934596,nan,0.0,nan,0.0,0
5,340,1748,0.09926136363636363,2560,1.6711496114730835,0.36640625,0.876966941356659,0.8353936761617661,0.25078125,0.36102606654167174,0.6032548427581788,0.03137257695198059,0.05872281137853861,0.7431670010089875,0.8785019248723984,0.001534983515739441,0.16632988750934596,nan,0.0,nan,0.0,0
5,352,1760,0.0999431818181818,1480,1.6831007029559162,0.35405405373186677,0.8827458974477407,0.8409668168506107,0.24797297305351979,0.3660184607312486,0.5988101118319743,0.03137257695198059,0.054473635030759346,0.7324055085311065,0.876966941356659,-0.0057789560910816995,0.16632988750934596,nan,0.0,0.2890625,0.3782765000069048,0
6,20,1780,0.10107954545454545,2560,1.6505995452404023,0.3703125,0.8730889856815338,0.8353429406881332,0.26015625,0.376925128698349,0.6033888667821884,0.03137257695198059,0.05532806664705277,0.7378131091594696,0.8785019248723984,0.005412939190864607,0.16632988750934596,nan,0.0,nan,0.0,0
6,40,1800,0.10221590909090908,2560,1.6440995454788208,0.371875,0.8821673840284348,0.8411111384630203,0.25859375,0.3700354889035225,0.6034235835075379,0.03137257695198059,0.055442994087934495,0.7337802827358246,0.876966941356659,-0.0052004426717757735,0.16632988750934596,nan,0.0,nan,0.0,0
6,60,1820,0.10335227272727272,2560,1.5973033845424651,0.40234375,0.8714289158582688,0.83280730843544,0.24609375,0.37059529721736906,0.601531109213829,0.03137257695198059,0.05550115387886763,0.7374510645866394,0.8800598531961441,0.008630937337875344,0.16632988750934596,nan,0.0,nan,0.0,0
6,80,1840,0.10448863636363635,2560,1.6252614438533783,0.369140625,0.8675346493721008,0.8328774929046631,0.267578125,0.38307963460683825,0.5981812983751297,0.03137257695198059,0.057985303178429606,0.7412812560796738,0.876966941356659,0.009432291984558194,0.16632988750934596,nan,0.0,nan,0.0,0
6,100,1860,0.10562500000000001,2560,1.640645295381546,0.37265625,0.8676908075809479,0.8354545772075653,0.265234375,0.3722403571009636,0.6001744836568832,0.03137257695198059,0.057595971040427685,0.740197303891182,0.8730889856815338,0.00539817810058596,0.16632988750934596,nan,0.0,0.3046875,0.3662446000089403,0
6,120,1880,0.10676136363636364,2560,1.6101273238658904,0.3921875,0.8687378466129303,0.8314630061388015,0.252734375,0.37374159693717957,0.5994239985942841,0.03137257695198059,0.05508182439953089,0.7351108878850937,0.8714289158582688,0.002691069245338462,0.16632988750934596,nan,0.0,nan,0.0,0
6,140,1900,0.10789772727272727,2560,1.6206215977668763,0.387109375,0.8685461908578873,0.8327392727136612,0.267578125,0.3951168701052666,0.5983538508415223,0.03137257695198059,0.054003634862601756,0.7341891407966614,0.8687378466129303,0.00019165575504298538,0.16632988750934596,nan,0.0,nan,0.0,0
6,160,1920,0.10903409090909091,2560,1.6042523026466369,0.383984375,0.8700147122144699,0.8346245020627976,0.259765625,0.3770061329007149,0.5968600153923035,0.03137257695198059,0.056762196123600006,0.7383912593126297,0.8685461908578873,-0.0014685213565825972,0.16632988750934596,nan,0.0,nan,0.0,0
6,180,1940,0.11017045454545454,2560,1.6406826674938202,0.383984375,0.8624084532260895,0.8361319422721862,0.26953125,0.40079106837511064,0.5967244625091552,0.03137257695198059,0.05840081535279751,0.7406678795814514,0.8685461908578873,0.006137737631797813,0.16632988750934596,nan,0.0,nan,0.0,0
6,200,1960,0.11130681818181819,2560,1.5985819399356842,0.394140625,0.8574624925851821,0.8277785181999207,0.27578125,0.391729100048542,0.5996921718120575,0.03137257695198059,0.05631387066096068,0.7394318670034409,0.8685461908578873,0.011083698272705167,0.16632988750934596,nan,0.0,0.3046875,0.377977700001793,0
6,220,1980,0.11244318181818182,2560,1.6061427354812623,0.395703125,0.8654573261737823,0.8296802699565887,0.2609375,0.3800787448883057,0.6025715142488479,0.03137257695198059,0.05070416536182165,0.7260550826787948,0.8685461908578873,0.003088864684104964,0.16632988750934596,nan,0.0,nan,0.0,0
6,240,2000,0.11357954545454545,2560,1.6108964443206788,0.3875,0.8643531262874603,0.8335205256938935,0.2671875,0.390311099588871,0.596837505698204,0.03137257695198059,0.05567079093307257,0.7379843264818191,0.8654573261737823,0.0011041998863220437,0.16632988750934596,nan,0.0,nan,0.0,0
6,260,2020,0.11471590909090909,2560,1.611255133152008,0.392578125,0.8598359078168869,0.8297233790159225,0.25703125,0.3863347977399826,0.6038610011339187,0.03137257695198059,0.05392661169171333,0.7336463510990143,0.8643531262874603,0.004517218470573403,0.16632988750934596,nan,0.0,nan,0.0,0
6,280,2040,0.11585227272727272,2560,1.618142879009247,0.381640625,0.867392075061798,0.8357807338237763,0.26484375,0.38247841894626616,0.6029542416334153,0.03137257695198059,0.054506524838507174,0.7340372711420059,0.8624084532260895,-0.0049836218357085516,0.16632988750934596,nan,0.0,nan,0.0,0
6,300,2060,0.11698863636363635,2560,1.6144220650196075,0.391015625,0.8637892961502075,0.8298315882682801,0.266015625,0.39511312544345856,0.6004735499620437,0.03137257695198059,0.05488964840769768,0.7352979153394699,0.8643531262874603,0.0005638301372528076,0.16632988750934596,nan,0.0,0.2734375,0.37189939999370836,0
6,320,2080,0.118125,2560,1.66047043800354,0.357421875,0.8723295837640762,0.8329503536224365,0.291015625,0.38256225138902666,0.5970293849706649,0.03137257695198059,0.05386639963835478,0.7340620547533036,0.8643531262874603,-0.007976457476615906,0.16632988750934596,nan,0.0,nan,0.0,0
6,340,2100,0.11926136363636362,2560,1.6143815577030183,0.38984375,0.86502785384655,0.8308162868022919,0.26015625,0.3792393147945404,0.6031766444444656,0.03137257695198059,0.05444441828876734,0.7351664125919342,0.8643531262874603,-0.000674727559089705,0.16632988750934596,nan,0.0,nan,0.0,0
6,352,2112,0.11994318181818181,1480,1.6087544634535507,0.38648648713086103,0.8620472331304808,0.8314620452958185,0.2621621628065367,0.38366004663544734,0.5988270447060868,0.03137257695198059,0.057038162829908166,0.739990700257791,0.86502785384655,0.0029806207160691933,0.16632988750934596,nan,0.0,nan,0.0,0
7,20,2132,0.12107954545454545,2560,1.5900382161140443,0.390234375,0.8580702722072602,0.8282299220561982,0.255078125,0.37206322848796847,0.5995311915874482,0.03137257695198059,0.05403736382722855,0.7329247891902924,0.86502785384655,0.006957581639289834,0.16632988750934596,nan,0.0,nan,0.0,0
7,40,2152,0.1222159090909091,2560,1.581356692314148,0.382421875,0.8564161688089371,0.8320551723241806,0.28359375,0.4086918234825134,0.5928768396377564,0.03137257695198059,0.05339128449559212,0.7334081172943115,0.8637892961502075,0.00737312734127038,0.16632988750934596,nan,0.0,0.296875,0.3819853000168223,0
7,60,2172,0.12335227272727273,2560,1.587377816438675,0.40625,0.854296812415123,0.8289627313613892,0.246484375,0.3917369723320007,0.5987524837255478,0.03137257695198059,0.05232958793640137,0.7304038614034652,0.8620472331304808,0.007750420715357809,0.16632988750934596,nan,0.0,nan,0.0,0
7,80,2192,0.12448863636363636,2560,1.6071131527423859,0.383984375,0.861150586605072,0.8290516078472138,0.280859375,0.3969224363565445,0.5989743739366531,0.03137257695198059,0.053580238670110705,0.7334959626197814,0.8580702722072602,-0.0030803143978118674,0.16632988750934596,nan,0.0,nan,0.0,0
7,100,2212,0.125625,2560,1.5856657326221466,0.4,0.8618097215890884,0.8328337579965591,0.251171875,0.39218703359365464,0.596301794052124,0.03137257695198059,0.05267355293035507,0.7325904309749603,0.8580702722072602,-0.0037394493818282415,0.16632988750934596,nan,0.0,nan,0.0,0
7,120,2232,0.12676136363636364,2560,1.6179217755794526,0.366796875,0.8654598832130432,0.8306934624910355,0.27890625,0.40024715214967727,0.6034209132194519,0.03137257695198059,0.05326844938099384,0.7328135818243027,0.8580702722072602,-0.007389611005783059,0.16632988750934596,nan,0.0,nan,0.0,0
7,140,2252,0.12789772727272727,2560,1.5750742733478547,0.37890625,0.8608808904886246,0.8287934839725495,0.2703125,0.378056563436985,0.5956324458122253,0.03137257695198059,0.0484051687642932,0.7224952638149261,0.861150586605072,0.00026969611644744873,0.16632988750934596,nan,0.0,0.2890625,0.36960969999199733,0
7,160,2272,0.1290340909090909,2560,1.6088495969772338,0.385546875,0.8449193596839905,0.8182445764541626,0.26953125,0.40191585272550584,0.5998413294553757,0.03137257695198059,0.05032910611480475,0.727660995721817,0.861150586605072,0.016231226921081587,0.16632988750934596,nan,0.0,nan,0.0,0
7,180,2292,0.13017045454545453,2560,1.6052955210208892,0.3890625,0.8590418606996536,0.8321988672018051,0.26484375,0.38369586020708085,0.5969719171524048,0.03137257695198059,0.05345970913767815,0.7334198176860809,0.861150586605072,0.0021087259054184404,0.16632988750934596,nan,0.0,nan,0.0,0
7,200,2312,0.13130681818181816,2560,1.571475875377655,0.4015625,0.8536052167415619,0.824067834019661,0.2515625,0.37799041271209716,0.5987442225217819,0.03137257695198059,0.054483278468251226,0.7346066743135452,0.8608808904886246,0.0072756737470627275,0.16632988750934596,nan,0.0,nan,0.0,0
7,220,2332,0.13244318181818182,2560,1.5857915818691253,0.408984375,0.8523789584636688,0.8264816462993622,0.256640625,0.41647764593362807,0.5939834743738175,0.03137257695198059,0.05079108495265246,0.7276188760995865,0.8590418606996536,0.006662902235984758,0.16632988750934596,nan,0.0,nan,0.0,0
7,240,2352,0.13357954545454545,2560,1.5825480461120605,0.406640625,0.8459752172231674,0.822113311290741,0.253125,0.39178292751312255,0.5993421167135239,0.03137257695198059,0.053020113706588747,0.7328339487314224,0.8536052167415619,0.007629999518394492,0.16632988750934596,nan,0.0,0.3046875,0.3712169000064023,0
7,260,2372,0.13471590909090908,2560,1.5410583555698394,0.41328125,0.8488534778356552,0.8276463985443115,0.2625,0.4045443594455719,0.5971325099468231,0.03137257695198059,0.05109362285584211,0.7289276629686355,0.8523789584636688,0.003525480628013611,0.16632988750934596,nan,0.0,nan,0.0,0
7,280,2392,0.1358522727272727,2560,1.5875014901161193,0.376171875,0.8483668863773346,0.8249505490064621,0.29140625,0.3921741783618927,0.5988593012094497,0.03137257695198059,0.05188858229666948,0.7283063918352127,0.8523789584636688,0.004012072086334251,0.16632988750934596,nan,0.0,nan,0.0,0
7,300,2412,0.13698863636363634,2560,1.583768093585968,0.397265625,0.8490618288516998,0.8229500025510788,0.26640625,0.3931933015584946,0.5959551721811295,0.03137257695198059,0.0473961791023612,0.7205492287874222,0.8488534778356552,-0.00020835101604455009,0.16632988750934596,nan,0.0,nan,0.0,0
7,320,2432,0.138125,2560,1.5538425862789154,0.408984375,0.8444262504577636,0.8252105921506881,0.265625,0.40147300958633425,0.5992239803075791,0.03137257695198059,0.05015558283776045,0.7267302364110947,0.8488534778356552,0.004427227377891585,0.16632988750934596,nan,0.0,nan,0.0,0
7,340,2452,0.13926136363636363,2560,1.5425112843513489,0.405859375,0.8414350152015686,0.8202348262071609,0.272265625,0.40194901674985883,0.5959813594818115,0.03137257695198059,0.05065211709588766,0.7275796860456467,0.8483668863773346,0.006931871175765991,0.16632988750934596,nan,0.0,0.3359375,0.3729075000155717,0
7,352,2464,0.13994318181818183,1480,1.5973040065249882,0.3885135139967944,0.8535605791452768,0.8254297978169209,0.27770270302489,0.40586685425526386,0.5963383555412293,0.031372576770750255,0.04853764170327702,0.7261998434324523,0.8483668863773346,-0.005193692767942237,0.16632988750934596,nan,0.0,nan,0.0,0
8,20,2484,0.14107954545454546,2560,1.5434846878051758,0.41484375,0.8507940739393234,0.8290296137332916,0.260546875,0.3981994554400444,0.6027301996946335,0.03137257695198059,0.05326262060552835,0.7334014892578125,0.8483668863773346,-0.002427187561988786,0.16632988750934596,nan,0.0,nan,0.0,0
8,40,2504,0.1422159090909091,2560,1.594235360622406,0.4015625,0.852909329533577,0.824663308262825,0.271875,0.4110764041543007,0.5980860531330109,0.03137257695198059,0.051959851011633876,0.7295531243085861,0.8490618288516998,-0.003847500681877225,0.16632988750934596,nan,0.0,nan,0.0,0
8,60,2524,0.14335227272727272,2560,1.5793766915798186,0.40703125,0.8563627064228058,0.8290580928325653,0.2734375,0.39147596806287766,0.591951897740364,0.03137257695198059,0.05307872220873833,0.7326769798994064,0.8507940739393234,-0.005568632483482383,0.16632988750934596,nan,0.0,nan,0.0,0
8,80,2544,0.14448863636363635,2560,1.5279211819171905,0.41640625,0.8448876976966858,0.8196568965911866,0.2734375,0.4058502897620201,0.5972100734710694,0.03137257695198059,0.047529076039791104,0.7222349464893341,0.852909329533577,0.008021631836891197,0.16632988750934596,nan,0.0,0.3046875,0.3701162000070326,0
8,100,2564,0.145625,2560,1.511811488866806,0.428125,0.8361681997776031,0.8163434505462647,0.293359375,0.42523017823696135,0.5963791072368622,0.03137257695198059,0.052270719036459926,0.7305746883153915,0.852909329533577,0.01674112975597386,0.16632988750934596,nan,0.0,nan,0.0,0
8,120,2584,0.14676136363636363,2560,1.5331768810749054,0.41640625,0.8373806893825531,0.8236965358257293,0.253515625,0.4028714239597321,0.5932065576314927,0.03137257695198059,0.05259968750178814,0.7316680818796157,0.8507940739393234,0.013413384556770325,0.16632988750934596,nan,0.0,nan,0.0,0
8,140,2604,0.14789772727272726,2560,1.5530558347702026,0.410546875,0.8334264516830444,0.8123165309429169,0.2375,0.385067392885685,0.5960472315549851,0.03137257695198059,0.048055731877684596,0.7204928815364837,0.8448876976966858,0.011461246013641402,0.16632988750934596,nan,0.0,nan,0.0,0
8,160,2624,0.1490340909090909,2560,1.5872167944908142,0.394140625,0.8373771369457245,0.826300072669983,0.279296875,0.3985492244362831,0.591086345911026,0.03137257695198059,0.05236128531396389,0.7309642046689987,0.8373806893825531,3.552436828591077e-06,0.16632988750934596,nan,0.0,nan,0.0,0
8,180,2644,0.15017045454545455,2560,1.5563027918338777,0.40078125,0.8423460811376572,0.8226893275976181,0.28671875,0.39877689629793167,0.5962375849485397,0.03137257695198059,0.04894975386559963,0.7241333812475205,0.8373771369457245,-0.004968944191932723,0.16632988750934596,nan,0.0,0.2734375,0.3716044999891892,0
8,200,2664,0.15130681818181818,2560,1.54275923371315,0.419140625,0.8344282627105712,0.821350371837616,0.267578125,0.38722422122955324,0.5942492395639419,0.03137257695198059,0.05249082986265421,0.7316037833690643,0.8373771369457245,0.0029488742351532204,0.16632988750934596,nan,0.0,nan,0.0,0
8,220,2684,0.1524431818181818,2560,1.5272922456264495,0.412890625,0.8347116768360138,0.8195611506700515,0.280078125,0.4045265421271324,0.5965861201286315,0.03137257695198059,0.057271535880863665,0.7402410000562668,0.8373771369457245,0.0026654601097106934,0.16632988750934596,nan,0.0,nan,0.0,0
8,240,2704,0.15357954545454547,2560,1.5558997809886932,0.40703125,0.8346316576004028,0.8186231106519699,0.285546875,0.42156785875558855,0.5955113887786865,0.03137257695198059,0.048642574809491634,0.7232108503580094,0.8347116768360138,8.001923561096191e-05,0.16632988750934596,nan,0.0,nan,0.0,0
8,260,2724,0.1547159090909091,2560,1.5536287724971771,0.412890625,0.8288300454616546,0.8112688928842544,0.2671875,0.4069713905453682,0.5931625574827194,0.03137257695198059,0.047331328876316546,0.7188273757696152,0.8347116768360138,0.005881631374359153,0.16632988750934596,nan,0.0,nan,0.0,0
8,280,2744,0.15585227272727273,2560,1.5491937100887299,0.4,0.8342876613140107,0.816742730140686,0.282421875,0.40082084834575654,0.5908631831407547,0.03137257695198059,0.04828256703913212,0.7230601638555527,0.8346316576004028,0.0003439962863921453,0.16632988750934596,nan,0.0,0.359375,0.3724660000007134,0
8,300,2764,0.15698863636363636,2560,1.554950124025345,0.410546875,0.8360829859972,0.8192957788705826,0.275,0.40887791514396665,0.5983326137065887,0.03137257695198059,0.04582192488014698,0.7190806269645691,0.8344282627105712,-0.0016547232866287453,0.16632988750934596,nan,0.0,nan,0.0,0
8,320,2784,0.158125,2560,1.5707423508167266,0.407421875,0.8381476372480392,0.8234475612640381,0.27265625,0.41838459074497225,0.5953626185655594,0.03137257695198059,0.04800163861364126,0.7231001526117324,0.8346316576004028,-0.0035159796476363914,0.16632988750934596,nan,0.0,nan,0.0,0
8,340,2804,0.15926136363636365,2560,1.5516032516956328,0.408984375,0.837354126572609,0.8237648189067841,0.272265625,0.39403375536203383,0.5952217280864716,0.03137257695198059,0.0525948291644454,0.7318440020084381,0.8346316576004028,-0.0027224689722061823,0.16632988750934596,nan,0.0,nan,0.0,0
8,352,2816,0.15994318181818182,1480,1.528014680501577,0.42837837902275294,0.8513689160346984,0.8234762194994334,0.26486486526759895,0.3924899043263616,0.5981553306450715,0.03137257695198059,0.0549833642067136,0.7347472052316408,0.8360829859972,-0.015285930037498452,0.16632988750934596,nan,0.0,nan,0.0,0
9,20,2836,0.16107954545454548,2560,1.5447277486324311,0.409375,0.8381017863750457,0.8227710902690888,0.258203125,0.4071550354361534,0.5928786218166351,0.03137257695198059,0.051825642585754395,0.7310335695743561,0.837354126572609,-0.0007476598024367398,0.16632988750934596,nan,0.0,0.34375,0.3668216000078246,0
9,40,2856,0.1622159090909091,2560,1.5484638869762422,0.405078125,0.8423936694860459,0.8245061486959457,0.27890625,0.4091393709182739,0.5979328364133835,0.03137257695198059,0.04908537957817316,0.7250737547874451,0.8381017863750457,-0.00429188311100015,0.16632988750934596,nan,0.0,nan,0.0,0
9,60,2876,0.16335227272727273,2560,1.502417367696762,0.406640625,0.8246679186820984,0.8123203456401825,0.27578125,0.4113451585173607,0.5950742244720459,0.03137257695198059,0.0472855094820261,0.7206708312034606,0.8381476372480392,0.013479718565940768,0.16632988750934596,nan,0.0,nan,0.0,0
9,80,2896,0.16448863636363636,2560,1.5344680428504944,0.4171875,0.8185323417186737,0.81713208258152,0.2640625,0.41072622388601304,0.5937921077013015,0.03137257695198059,0.050973295047879216,0.7279300481081009,0.8381017863750457,0.019569444656372004,0.16632988750934596,nan,0.0,nan,0.0,0
9,100,2916,0.165625,2560,1.5706428289413452,0.407421875,0.8382907420396805,0.8212436854839325,0.27890625,0.405998121201992,0.5971004635095596,0.03137257695198059,0.051242597959935667,0.7272130817174911,0.8381017863750457,-0.0001889556646347268,0.16632988750934596,nan,0.0,nan,0.0,0
9,120,2936,0.16676136363636365,2560,1.5148764610290528,0.41484375,0.8290995806455612,0.8252960413694381,0.2828125,0.39971499145030975,0.5947644710540771,0.03137257695198059,0.04921252578496933,0.725835970044136,0.8381017863750457,0.009002205729484514,0.16632988750934596,nan,0.0,0.265625,0.3693386999948416,0
9,140,2956,0.16789772727272728,2560,1.5376758396625518,0.418359375,0.8286091834306717,0.8175767451524735,0.2625,0.4096751019358635,0.5902158260345459,0.03137257695198059,0.04816968441009521,0.7215877115726471,0.8290995806455612,0.0004903972148895264,0.16632988750934596,nan,0.0,nan,0.0,0
9,160,2976,0.1690340909090909,2560,1.4970685958862304,0.428515625,0.8269723176956176,0.8081442773342132,0.275390625,0.40334898978471756,0.6020945489406586,0.03137257695198059,0.047374779172241685,0.7192958027124405,0.8286091834306717,0.0016368657350540605,0.16632988750934596,nan,0.0,nan,0.0,0
9,180,2996,0.17017045454545454,2560,1.5269414961338044,0.409765625,0.8294715106487274,0.8213026821613312,0.279296875,0.40656371265649793,0.5931102961301804,0.03137257695198059,0.05167387034744024,0.7314468294382095,0.8286091834306717,-0.0008623272180556807,0.16632988750934596,nan,0.0,nan,0.0,0
9,200,3016,0.17130681818181817,2560,1.5401411354541779,0.423046875,0.8280618011951446,0.8151859492063522,0.264453125,0.41658166944980624,0.5978279292583466,0.03137257695198059,0.047376747615635394,0.7204357594251632,0.8290995806455612,0.0010377794504166094,0.16632988750934596,nan,0.0,nan,0.0,0
9,220,3036,0.17244318181818183,2560,1.5557034313678741,0.41171875,0.8213761657476425,0.8126556605100632,0.282421875,0.41897194385528563,0.5974479883909225,0.03137257695198059,0.04864172637462616,0.7230524033308029,0.8286091834306717,0.007233017683029197,0.16632988750934596,nan,0.0,0.359375,0.37247289999504574,0
9,240,3056,0.17357954545454546,2560,1.5526522636413573,0.404296875,0.8361033052206039,0.8175672113895416,0.2671875,0.40022711753845214,0.6026624262332916,0.03137257695198059,0.05246805194765329,0.7319842010736466,0.8280618011951446,-0.008041504025459334,0.16632988750934596,nan,0.0,nan,0.0,0
9,260,3076,0.1747159090909091,2560,1.5606782615184784,0.41015625,0.8253414928913116,0.816336327791214,0.27421875,0.41222598403692245,0.5932488977909088,0.03137257695198059,0.0460556784644723,0.7172168463468551,0.8280618011951446,0.0027203083038329634,0.16632988750934596,nan,0.0,nan,0.0,0
9,280,3096,0.17585227272727272,2560,1.5547873675823212,0.412890625,0.818374615907669,0.8124853909015656,0.273828125,0.409847255051136,0.59601531624794,0.03137257695198059,0.0445952519774437,0.7134296208620071,0.8280618011951446,0.009687185287475586,0.16632988750934596,nan,0.0,nan,0.0,0
9,300,3116,0.17698863636363635,2560,1.5456771433353425,0.413671875,0.8341875463724137,0.817140981554985,0.273046875,0.41143743246793746,0.5933226495981216,0.03137257695198059,0.04708702471107244,0.7199303656816483,0.8253414928913116,-0.008846053481102012,0.16632988750934596,nan,0.0,nan,0.0,0
9,320,3136,0.178125,2560,1.534977412223816,0.416796875,0.8196450769901276,0.8114728450775146,0.279296875,0.4068307876586914,0.593787407875061,0.03137257695198059,0.04480648264288902,0.7136698067188263,0.8253414928913116,0.005696415901184082,0.16632988750934596,nan,0.0,0.296875,0.3740471999917645,0
9,340,3156,0.17926136363636364,2560,1.534038209915161,0.43828125,0.8283293604850769,0.8181219875812531,0.249609375,0.41331343799829484,0.592361980676651,0.03137257695198059,0.04949719998985529,0.726621326804161,0.8253414928913116,-0.0029878675937652366,0.16632988750934596,nan,0.0,nan,0.0,0
9,352,3168,0.17994318181818184,1480,1.5716463179201694,0.3871621624843494,0.8243004624908035,0.8173920769949217,0.3033783788616593,0.43460752593504415,0.5946172669127181,0.03137257695198059,0.04803186310706912,0.7239133126026875,0.8253414928913116,0.0010410304005081805,0.16632988750934596,nan,0.0,nan,0.0,0
10,20,3188,0.18107954545454547,2560,1.5109500586986542,0.419140625,0.8314125865697861,0.8180664241313934,0.265625,0.4090327277779579,0.5983134180307388,0.03137257695198059,0.051846560835838315,0.7307768315076828,0.8243004624908035,-0.007112124078982651,0.16632988750934596,nan,0.0,nan,0.0,0
10,40,3208,0.1822159090909091,2560,1.5196020603179932,0.419140625,0.8173009783029557,0.8138019740581512,0.28203125,0.4241096630692482,0.5889176845550537,0.03137257695198059,0.046290173567831515,0.7203586786985398,0.8283293604850769,0.01102838218212121,0.16632988750934596,nan,0.0,nan,0.0,0
10,60,3228,0.18335227272727272,2560,1.5302275002002717,0.42265625,0.8234444916248321,0.8120216578245163,0.289453125,0.4030067056417465,0.5982251703739166,0.03137257695198059,0.04680090937763452,0.7217267364263534,0.8243004624908035,0.0008559708659713339,0.16632988750934596,nan,0.0,0.21875,0.3665419000026304,0
10,80,3248,0.18448863636363635,2560,1.4679939806461335,0.438671875,0.8171874314546586,0.8135928034782409,0.2796875,0.41627614200115204,0.5928970515727997,0.03137257695198059,0.04592846389859915,0.7190823346376419,0.8243004624908035,0.007113031036144912,0.16632988750934596,nan,0.0,nan,0.0,0
10,100,3268,0.185625,2560,1.562311691045761,0.40078125,0.8178442150354386,0.8125184506177903,0.28125,0.4280861660838127,0.5914351403713226,0.03137257695198059,0.045426930859684946,0.7161258429288864,0.8234444916248321,0.005600276589393549,0.16632988750934596,nan,0.0,nan,0.0,0
10,120,3288,0.18676136363636364,2560,1.54181609749794,0.415625,0.828873273730278,0.8185695827007293,0.275390625,0.4118102893233299,0.58499795794487,0.03137257695198059,0.04456067364662886,0.7145633310079574,0.8178442150354386,-0.011029058694839389,0.16632988750934596,nan,0.0,nan,0.0,0
10,140,3308,0.18789772727272727,2560,1.5287081480026246,0.412890625,0.8262997835874557,0.8137363612651825,0.2859375,0.4150809422135353,0.5964940577745438,0.03137257695198059,0.04793765414506197,0.7224365115165711,0.8178442150354386,-0.008455568552017123,0.16632988750934596,nan,0.0,nan,0.0,0
10,160,3328,0.1890340909090909,2560,1.5538035452365875,0.405859375,0.823911264538765,0.8083685725927353,0.282421875,0.408408485352993,0.591780748963356,0.03137257695198059,0.04602538384497166,0.7180501013994217,0.8234444916248321,-0.0004667729139328225,0.16632988750934596,nan,0.0,0.3515625,0.37665959997684695,0
10,180,3348,0.19017045454545453,2560,1.5042589008808136,0.422265625,0.8192118853330612,0.8111386805772781,0.28046875,0.4168022871017456,0.5910604000091553,0.03137257695198059,0.0435720756649971,0.7142025113105774,0.823911264538765,0.004699379205703735,0.16632988750934596,nan,0.0,nan,0.0,0
10,200,3368,0.1913068181818182,2560,1.5453656911849976,0.41875,0.8186583578586578,0.8132765561342239,0.266015625,0.42187499552965163,0.5926939845085144,0.03137257695198059,0.04751654881983995,0.722090619802475,0.823911264538765,0.005252906680107139,0.16632988750934596,nan,0.0,nan,0.0,0
10,220,3388,0.19244318181818182,2560,1.5137845695018768,0.426171875,0.8224585622549057,0.8165205836296081,0.27890625,0.40676924139261245,0.5933889001607895,0.03137257695198059,0.046145426109433174,0.7204453527927399,0.823911264538765,0.0014527022838592973,0.16632988750934596,nan,0.0,nan,0.0,0
10,240,3408,0.19357954545454545,2560,1.5285414516925813,0.40859375,0.8154875248670578,0.8040947139263153,0.2734375,0.4198983430862427,0.5893842220306397,0.03137257695198059,0.04638565257191658,0.7188884437084198,0.8224585622549057,0.006971037387847878,0.16632988750934596,nan,0.0,nan,0.0,0
10,260,3428,0.19471590909090908,2560,1.5632681965827941,0.402734375,0.8113869488239288,0.8127096980810166,0.2734375,0.4011032283306122,0.5931058436632156,0.03137257695198059,0.04954608827829361,0.7257876724004746,0.8192118853330612,0.007824936509132407,0.16632988750934596,nan,0.0,0.3359375,0.37087429998791777,0
10,280,3448,0.1958522727272727,2560,1.4949160397052765,0.424609375,0.8157662481069565,0.8121292293071747,0.258203125,0.40245267301797866,0.597443288564682,0.03137257695198059,0.04745511803776026,0.7213534265756607,0.8186583578586578,0.0028921097517012884,0.16632988750934596,nan,0.0,nan,0.0,0
10,300,3468,0.19698863636363637,2560,1.5563609182834626,0.408203125,0.8228367745876313,0.815494304895401,0.27890625,0.42618597149848936,0.5915222376585006,0.03137257695198059,0.048407310619950294,0.7238672524690628,0.8157662481069565,-0.007070526480674744,0.16632988750934596,nan,0.0,nan,0.0,0
10,320,3488,0.198125,2560,1.5618577539920806,0.41640625,0.8242692559957504,0.8151425838470459,0.28359375,0.4241525873541832,0.5967106103897095,0.03137257695198059,0.0444059694185853,0.7162100970745087,0.8157662481069565,-0.008503007888793879,0.16632988750934596,nan,0.0,nan,0.0,0
10,340,3508,0.19926136363636363,2560,1.526042753458023,0.430078125,0.8186130970716476,0.8129027247428894,0.266796875,0.4023035004734993,0.5899013698101043,0.03137257695198059,0.045707354135811326,0.7169369280338287,0.8157662481069565,-0.0028468489646911177,0.16632988750934596,nan,0.0,nan,0.0,0
10,352,3520,0.19994318181818183,1480,1.5684279358064805,0.4006756753534884,0.8095407134777791,0.8086190687643515,0.26418918951137643,0.4065363814701905,0.601419118288401,0.03137257695198059,0.04880812695702991,0.7241716745737437,0.8186130970716476,0.009072383593868527,0.16632988750934596,nan,0.0,0.3359375,0.3790349999908358,0
11,20,3540,0.20107954545454546,2560,1.5537062168121338,0.41953125,0.8236146390438079,0.8184862971305847,0.26875,0.39500046223402024,0.5860491663217544,0.03137257695198059,0.045152866281569004,0.7147040903568268,0.8186130970716476,-0.005001541972160295,0.16632988750934596,nan,0.0,nan,0.0,0
11,40,3560,0.20221590909090909,2560,1.4990403771400451,0.415625,0.8118299841880798,0.8076169490814209,0.3,0.4235853046178818,0.5867428064346314,0.03137257695198059,0.04672252833843231,0.7205024480819702,0.8228367745876313,0.011006790399551436,0.16632988750934596,nan,0.0,nan,0.0,0
11,60,3580,0.20335227272727271,2560,1.5315557539463043,0.422265625,0.8176627099514008,0.8141703426837921,0.275390625,0.4251313373446465,0.5928758203983306,0.03137257695198059,0.04648746978491545,0.7213800579309464,0.8186130970716476,0.000950387120246865,0.16632988750934596,nan,0.0,nan,0.0,0
11,80,3600,0.20448863636363637,2560,1.4992111265659331,0.417578125,0.8145586371421814,0.8106570154428482,0.29453125,0.41772124320268633,0.5898178279399872,0.03137257695198059,0.04762456826865673,0.722538074851036,0.8176627099514008,0.003104072809219427,0.16632988750934596,nan,0.0,nan,0.0,0
11,100,3620,0.205625,2560,1.5317550122737884,0.423046875,0.827894189953804,0.818605825304985,0.2765625,0.41424586772918703,0.5937304407358169,0.03137257695198059,0.04858173467218876,0.7234618812799454,0.8145586371421814,-0.013335552811622686,0.16632988750934596,nan,0.0,0.265625,0.3709920000110287,0
11,120,3640,0.20676136363636363,2560,1.5267562747001648,0.412109375,0.8129623234272003,0.8135861933231354,0.284765625,0.43602160066366197,0.5962052822113038,0.03137257695198059,0.04660972263664007,0.7227749973535538,0.8176627099514008,0.004700386524200462,0.16632988750934596,nan,0.0,nan,0.0,0
11,140,3660,0.20789772727272726,2560,1.5235734283924103,0.416796875,0.8265134304761886,0.81661277115345,0.283984375,0.3900041773915291,0.5976276606321335,0.03137257695198059,0.045403295569121836,0.7192514985799789,0.8145586371421814,-0.011954793334007285,0.16632988750934596,nan,0.0,nan,0.0,0
11,160,3680,0.2090340909090909,2560,1.529647821187973,0.426171875,0.7976351171731949,0.8089037775993347,0.271875,0.43308932781219484,0.5955289453268051,0.03137257695198059,0.04687305148690939,0.7212757587432861,0.8176627099514008,0.02002759277820587,0.16632988750934596,nan,0.0,nan,0.0,0
11,180,3700,0.21017045454545455,2560,1.526508092880249,0.42578125,0.8118032664060593,0.8095988154411315,0.26640625,0.4243964284658432,0.5918435603380203,0.03137257695198059,0.05215971618890762,0.7318725407123565,0.8145586371421814,0.002755370736122087,0.16632988750934596,nan,0.0,nan,0.0,0
11,200,3720,0.21130681818181818,2560,1.523841667175293,0.410546875,0.8321588814258576,0.8194500178098678,0.283203125,0.4152685537934303,0.5893692255020142,0.03137257695198059,0.047321931831538676,0.7206169337034225,0.8129623234272003,-0.01919655799865727,0.16632988750934596,nan,0.0,0.3046875,0.3707010999787599,0
11,220,3740,0.2124431818181818,2560,1.536795336008072,0.408984375,0.8195307910442352,0.8106926172971726,0.27265625,0.41657592356204987,0.5907769739627838,0.03137257695198059,0.04576991684734821,0.7175064653158187,0.8129623234272003,-0.00656846761703489,0.16632988750934596,nan,0.0,nan,0.0,0
11,240,3760,0.21357954545454544,2560,1.5180327653884889,0.41640625,0.823117944598198,0.8166083246469498,0.277734375,0.4242150455713272,0.5959404200315476,0.03137257695198059,0.043225332349538806,0.7117124199867249,0.8195307910442352,-0.003587153553962774,0.16632988750934596,nan,0.0,nan,0.0,0
11,260,3780,0.21471590909090907,2560,1.5917005360126495,0.39140625,0.8184837877750397,0.8124570459127426,0.292578125,0.43156987279653547,0.5939945459365845,0.03137257695198059,0.04635648708790541,0.718997910618782,0.8195307910442352,0.00104700326919549,0.16632988750934596,nan,0.0,nan,0.0,0
11,280,3800,0.21585227272727273,2560,1.550480842590332,0.417578125,0.8199111878871918,0.8183680385351181,0.28125,0.40315462946891784,0.5940101832151413,0.03137257695198059,0.04572542030364275,0.7183235943317413,0.8195307910442352,-0.00038039684295654297,0.16632988750934596,nan,0.0,nan,0.0,0
11,300,3820,0.21698863636363636,2560,1.5270282983779908,0.41328125,0.8136274069547653,0.8084990471601486,0.26796875,0.4133479744195938,0.5932724267244339,0.03137257695198059,0.044029117189347745,0.7129693835973739,0.8199111878871918,0.00628378093242643,0.16632988750934596,nan,0.0,0.3125,0.3729005000204779,0
11,320,3840,0.21812499999999999,2560,1.5639968156814574,0.40546875,0.8111714243888855,0.8046341121196747,0.28515625,0.407341867685318,0.5912861078977585,0.03137257695198059,0.04367457684129476,0.7138240307569503,0.8195307910442352,0.008359366655349754,0.16632988750934596,nan,0.0,nan,0.0,0
11,340,3860,0.21926136363636362,2560,1.5532409965991973,0.4046875,0.8320228219032287,0.8190319299697876,0.26484375,0.40161811113357543,0.5944749414920807,0.03137257695198059,0.04896950628608465,0.7270297080278396,0.8184837877750397,-0.01353903412818902,0.16632988750934596,nan,0.0,nan,0.0,0
11,352,3872,0.21994318181818182,1480,1.550242367306271,0.4155405402183533,0.797532236253893,0.8001770757340096,0.2581081081081081,0.4224184060418928,0.5986482310939479,0.03137257695198059,0.04755526785109494,0.7224218085005477,0.8184837877750397,0.020951551521146694,0.16632988750934596,nan,0.0,nan,0.0,0
12,20,3892,0.22107954545454545,2560,1.5528878033161164,0.411328125,0.8329136937856674,0.8218020319938659,0.246484375,0.39278756231069567,0.5920805782079697,0.03137257695198059,0.04388594478368759,0.7148070424795151,0.8136274069547653,-0.019286286830902055,0.16632988750934596,nan,0.0,nan,0.0,0
12,40,3912,0.22221590909090908,2560,1.5276038348674774,0.43203125,0.8236975133419037,0.8183812648057938,0.26796875,0.4055292338132858,0.5914974421262741,0.03137257695198059,0.042234379798173904,0.7107029467821121,0.8136274069547653,-0.010070106387138344,0.16632988750934596,nan,0.0,0.265625,0.38363450000179,0
12,60,3932,0.22335227272727273,2560,1.5531516790390014,0.41484375,0.8058114469051361,0.8119358211755753,0.2640625,0.42552961558103564,0.5942697137594223,0.03137257695198059,0.0429485933855176,0.7113844066858291,0.8236975133419037,0.0178860664367676,0.16632988750934596,nan,0.0,nan,0.0,0
12,80,3952,0.22448863636363636,2560,1.475428956747055,0.440625,0.8115930706262589,0.8088310450315476,0.286328125,0.42412483394145967,0.5926326990127564,0.03137257695198059,0.043267995305359366,0.711848396062851,0.8236975133419037,0.012104442715644814,0.16632988750934596,nan,0.0,nan,0.0,0
12,100,3972,0.225625,2560,1.5341697871685027,0.41640625,0.8107388645410538,0.8112644344568253,0.259375,0.44212962985038756,0.5935965359210968,0.03137257695198059,0.04677142612636089,0.7203752398490906,0.8115930706262589,0.0008542060852050337,0.16632988750934596,nan,0.0,nan,0.0,0
12,120,3992,0.22676136363636362,2560,1.5203676164150237,0.41796875,0.8173970252275466,0.811954391002655,0.265625,0.40278879553079605,0.5888887017965316,0.03137257695198059,0.04483982976526022,0.7156696259975434,0.8115930706262589,-0.005803954601287797,0.16632988750934596,nan,0.0,nan,0.0,0
12,140,4012,0.22789772727272725,2560,1.5324374854564666,0.4125,0.8056553572416305,0.8031879663467407,0.273046875,0.4154730349779129,0.5923980861902237,0.03137257695198059,0.04467410445213318,0.7157858639955521,0.8115930706262589,0.00593771338462834,0.16632988750934596,nan,0.0,0.34375,0.3668087999976706,0
12,160,4032,0.22903409090909088,2560,1.5450186371803283,0.41640625,0.8194807678461075,0.8138238549232483,0.28125,0.4056901648640633,0.589333102107048,0.03137257695198059,0.046626131422817706,0.7208454936742783,0.8107388645410538,-0.008741903305053644,0.16632988750934596,nan,0.0,nan,0.0,0
12,180,4052,0.23017045454545454,2560,1.5805294156074523,0.394921875,0.8203020423650742,0.81712127327919,0.29296875,0.4276751860976219,0.5945888727903366,0.03137257695198059,0.044473651237785815,0.7140425324440003,0.8115930706262589,-0.008708971738815352,0.16632988750934596,nan,0.0,nan,0.0,0
12,200,4072,0.23130681818181817,2560,1.5475594401359558,0.41953125,0.8062713325023652,0.8080527156591415,0.2609375,0.4125023648142815,0.5903840571641922,0.03137257695198059,0.04443922378122807,0.7145542681217194,0.8173970252275466,0.01112569272518149,0.16632988750934596,nan,0.0,nan,0.0,0
12,220,4092,0.2324431818181818,2560,1.5407148599624634,0.419921875,0.8153713315725326,0.8129841089248657,0.269140625,0.4095358371734619,0.5934999078512192,0.03137257695198059,0.04328181091696024,0.7123011678457261,0.8173970252275466,0.002025693655014038,0.16632988750934596,nan,0.0,nan,0.0,0
12,240,4112,0.23357954545454543,2560,1.5569391965866088,0.407421875,0.8108713150024414,0.8126252651214599,0.249609375,0.41240532100200655,0.5881869226694107,0.03137257695198059,0.0455193717032671,0.717162749171257,0.8153713315725326,0.0045000165700912476,0.16632988750934596,nan,0.0,0.3125,0.366533199994592,0
12,260,4132,0.23471590909090906,2560,1.5054663836956024,0.421875,0.8071903854608535,0.8072001338005066,0.287109375,0.42239099442958833,0.5993400782346725,0.03137257695198059,0.04274134375154972,0.7119768410921097,0.8153713315725326,0.008180946111679077,0.16632988750934596,nan,0.0,nan,0.0,0
12,280,4152,0.23585227272727272,2560,1.534045261144638,0.41796875,0.8147798180580139,0.8125637263059616,0.284375,0.4252126678824425,0.592090505361557,0.03137257695198059,0.04750608839094639,0.7210230082273483,0.8108713150024414,-0.003908503055572554,0.16632988750934596,nan,0.0,nan,0.0,0
12,300,4172,0.23698863636363635,2560,1.5597457408905029,0.4140625,0.8179074764251709,0.8110318660736084,0.27421875,0.4099358290433884,0.6050998866558075,0.03137257695198059,0.04519739747047424,0.7163652420043946,0.8108713150024414,-0.007036161422729559,0.16632988750934596,nan,0.0,nan,0.0,0
12,320,4192,0.23812499999999998,2560,1.5225820660591125,0.412890625,0.7998930752277374,0.8068102777004242,0.278125,0.41946705877780915,0.5893112391233444,0.03137257695198059,0.040209124237298964,0.7047440320253372,0.8147798180580139,0.014886742830276467,0.16632988750934596,nan,0.0,nan,0.0,0
12,340,4212,0.2392613636363636,2560,1.540391319990158,0.405078125,0.8194931715726852,0.8178611934185028,0.27578125,0.4130270525813103,0.5970578730106354,0.03137257695198059,0.049566893838346004,0.7259232252836227,0.8108713150024414,-0.008621856570243835,0.16632988750934596,nan,0.0,0.3046875,0.37164530000882223,0
12,352,4224,0.2399431818181818,1480,1.5029711446246585,0.42500000064437454,0.8000849788253371,0.7990124621906796,0.27702702702702703,0.4212019172874657,0.5955318061081138,0.03137257695198059,0.04636279980878572,0.7194749738719012,0.8147798180580139,0.014694839232676782,0.16632988750934596,nan,0.0,nan,0.0,0
13,20,4244,0.24107954545454544,2560,1.5010759294033051,0.421875,0.8125714391469956,0.8130597621202469,0.2890625,0.4234104514122009,0.5934869349002838,0.03137257695198059,0.04706717934459448,0.7240539103746414,0.8147798180580139,0.002208378911018327,0.16632988750934596,nan,0.0,nan,0.0,0
13,40,4264,0.24221590909090907,2560,1.5715140640735625,0.403125,0.8181930333375931,0.8190447658300399,0.28203125,0.42301625907421114,0.5962144374847412,0.03137257695198059,0.04545089080929756,0.716664120554924,0.8125714391469956,-0.00562159419059749,0.16632988750934596,nan,0.0,nan,0.0,0
13,60,4284,0.24335227272727272,2560,1.541503095626831,0.40390625,0.8159428685903549,0.8155267298221588,0.279296875,0.40579318553209304,0.5982648402452468,0.03137257695198059,0.04315848220139742,0.7111629724502564,0.8125714391469956,-0.0033714294433593306,0.16632988750934596,nan,0.0,nan,0.0,0
13,80,4304,0.24448863636363635,2560,1.5667857229709625,0.40390625,0.8131534487009049,0.8122614771127701,0.2890625,0.4204708859324455,0.5893768519163132,0.03137257695198059,0.04522840902209282,0.7185146301984787,0.8159428685903549,0.002789419889450029,0.16632988750934596,nan,0.0,0.328125,0.3655215000035241,0
13,100,4324,0.24562499999999998,2560,1.5444693565368652,0.410546875,0.8027595520019531,0.8025235682725906,0.271484375,0.41105144172906877,0.5888380885124207,0.03137257695198059,0.044197145849466324,0.7169556170701981,0.8131534487009049,0.010393896698951743,0.16632988750934596,nan,0.0,nan,0.0,0
13,120,4344,0.2467613636363636,2560,1.5487194240093232,0.422265625,0.8197346568107605,0.8160043299198151,0.26015625,0.4065033972263336,0.5919122338294983,0.03137257695198059,0.04661427102982998,0.7201665163040161,0.8131534487009049,-0.00658120810985563,0.16632988750934596,nan,0.0,nan,0.0,0
13,140,4364,0.24789772727272724,2560,1.5583090841770173,0.40625,0.8058104008436203,0.8107887387275696,0.290625,0.43016820549964907,0.5896277368068695,0.03137257695198059,0.044178316555917266,0.7136691778898239,0.8159428685903549,0.010132467746734597,0.16632988750934596,nan,0.0,nan,0.0,0
13,160,4384,0.2490340909090909,2560,1.502888524532318,0.435546875,0.8140124708414078,0.8116275906562805,0.273828125,0.4095389172434807,0.5944299221038818,0.03137257695198059,0.04174153245985508,0.708577686548233,0.8131534487009049,-0.0008590221405029297,0.16632988750934596,nan,0.0,nan,0.0,0
13,180,4404,0.2501704545454545,2560,1.5392065167427063,0.412890625,0.8290988981723786,0.8138516992330551,0.278515625,0.42321680039167403,0.5913255274295807,0.03137257695198059,0.05011518578976393,0.7280389159917832,0.8131534487009049,-0.015945449471473694,0.16632988750934596,nan,0.0,0.3203125,0.3712537999963388,0
13,200,4424,0.25130681818181816,2560,1.5297869443893433,0.409375,0.8104149848222733,0.8155628383159638,0.279296875,0.4203466922044754,0.5926553338766098,0.03137257695198059,0.046464079059660435,0.7195954918861389,0.8140124708414078,0.003597486019134566,0.16632988750934596,nan,0.0,nan,0.0,0
13,220,4444,0.2524431818181818,2560,1.5475977122783662,0.409375,0.8175557494163513,0.8101706385612488,0.289453125,0.4242655381560326,0.5949900507926941,0.03137257695198059,0.04567853417247534,0.7189096421003341,0.8140124708414078,-0.0035432785749435203,0.16632988750934596,nan,0.0,nan,0.0,0
13,240,4464,0.2535795454545454,2560,1.5302401602268219,0.421484375,0.8104870438575744,0.8106344968080521,0.26640625,0.40643860697746276,0.5862967312335968,0.03137257695198059,0.040427794121205805,0.7073434680700302,0.8140124708414078,0.003525426983833402,0.16632988750934596,nan,0.0,nan,0.0,0
13,260,4484,0.2547159090909091,2560,1.5458241760730744,0.416015625,0.811195719242096,0.8086218714714051,0.26796875,0.42538689970970156,0.5935054987668991,0.03137257695198059,0.04514385405927897,0.7176548928022385,0.8140124708414078,0.0028167515993118286,0.16632988750934596,nan,0.0,nan,0.0,0
13,280,4504,0.2558522727272727,2560,1.5449734032154083,0.423046875,0.8081254690885544,0.810044115781784,0.25625,0.42033677995204927,0.589453148841858,0.03137257695198059,0.039555132389068604,0.704675880074501,0.811195719242096,0.003070250153541565,0.16632988750934596,nan,0.0,0.3046875,0.37119560001883656,0
13,300,4524,0.2569886363636364,2560,1.5504137694835662,0.398828125,0.8053284168243409,0.8084593653678894,0.293359375,0.4079691916704178,0.5929392725229263,0.03137257695198059,0.04313490651547909,0.7110078811645508,0.8104870438575744,0.005158627033233554,0.16632988750934596,nan,0.0,nan,0.0,0
13,320,4544,0.258125,2560,1.549574428796768,0.411328125,0.8096678256988525,0.8122183680534363,0.26796875,0.41733912080526353,0.5885474115610123,0.03137257695198059,0.04856472350656986,0.724276927113533,0.8104870438575744,0.0008192181587218794,0.16632988750934596,nan,0.0,nan,0.0,0
13,340,4564,0.25926136363636365,2560,1.5016091227531434,0.42734375,0.8118066281080246,0.8093559473752976,0.28359375,0.39813282936811445,0.59051134288311,0.03137257695198059,0.044843186624348164,0.7161820620298386,0.8096678256988525,-0.0021388024091720803,0.16632988750934596,nan,0.0,nan,0.0,0
13,352,4576,0.2599431818181818,1480,1.5246800164918641,0.4074324322713388,0.8038093734431911,0.8109326746012714,0.27702702670483975,0.432417318627641,0.5851813419445141,0.03137257695198059,0.04738881910169447,0.7234562761074788,0.8096678256988525,0.005858452255661395,0.16632988750934596,nan,0.0,nan,0.0,0
14,20,4596,0.2610795454545454,2560,1.5456002175807952,0.419140625,0.8139461427927017,0.8094515681266785,0.284375,0.4136223360896111,0.5929811060428619,0.03137257695198059,0.04893226437270641,0.7256121188402176,0.8081254690885544,-0.0058206737041472945,0.16632988750934596,nan,0.0,0.3359375,0.3625023000058718,0
14,40,4616,0.2622159090909091,2560,1.5267354667186737,0.408203125,0.8096596479415894,0.8154840022325516,0.283203125,0.40821159780025484,0.5953300654888153,0.03137257695198059,0.04492100737988949,0.7169205516576767,0.8096678256988525,8.177757263139185e-06,0.16632988750934596,nan,0.0,nan,0.0,0
14,60,4636,0.2633522727272727,2560,1.534752643108368,0.410546875,0.8157931298017502,0.8168331384658813,0.275390625,0.424105304479599,0.5942062556743621,0.03137257695198059,0.042861942760646345,0.7115871161222458,0.8096678256988525,-0.0061253041028976885,0.16632988750934596,nan,0.0,nan,0.0,0
14,80,4656,0.26448863636363634,2560,1.5576928675174713,0.40078125,0.8207213342189789,0.8186673730611801,0.27890625,0.4136848941445351,0.5921891629695892,0.03137257695198059,0.04475669916719198,0.7176283657550812,0.8118066281080246,-0.00891470611095424,0.16632988750934596,nan,0.0,nan,0.0,0
14,100,4676,0.265625,2560,1.516561359167099,0.417578125,0.8028678834438324,0.8064808160066604,0.29921875,0.4382460728287697,0.5881200402975082,0.03137257695198059,0.04663701020181179,0.720296972990036,0.8139461427927017,0.011078259348869302,0.16632988750934596,nan,0.0,nan,0.0,0
14,120,4696,0.2667613636363636,2560,1.5672054827213286,0.40390625,0.8144579797983169,0.8112835139036179,0.281640625,0.4249105483293533,0.5966947048902511,0.03137257695198059,0.046148578822612765,0.7178781598806381,0.8139461427927017,-0.00051183700561519,0.16632988750934596,nan,0.0,0.3125,0.3715463999833446,0
14,140,4716,0.26789772727272726,2560,1.6027312338352204,0.394140625,0.8203371524810791,0.8105462551116943,0.279296875,0.4130923941731453,0.5923848688602448,0.03137257695198059,0.044640931859612466,0.7157704412937165,0.8144579797983169,-0.005879172682762168,0.16632988750934596,nan,0.0,nan,0.0,0
14,160,4736,0.26903409090909086,2560,1.5636153161525725,0.406640625,0.8181773543357849,0.8149344384670257,0.2671875,0.4058147117495537,0.5902274042367935,0.03137257695198059,0.04175936914980412,0.7095957487821579,0.8157931298017502,-0.00238422453403464,0.16632988750934596,nan,0.0,nan,0.0,0
14,180,4756,0.2701704545454545,2560,1.573726612329483,0.403125,0.8119459986686707,0.8088822931051254,0.284765625,0.41502825617790223,0.5915354639291763,0.03137257695198059,0.04566419869661331,0.7158148109912872,0.8181773543357849,0.006231355667114191,0.16632988750934596,nan,0.0,nan,0.0,0
14,200,4776,0.2713068181818182,2560,1.5273332953453065,0.410546875,0.8247884094715119,0.8130338311195373,0.271875,0.4039343401789665,0.5931473046541214,0.03137257695198059,0.04315976742655039,0.7115458935499192,0.8144579797983169,-0.010330429673194974,0.16632988750934596,nan,0.0,nan,0.0,0
14,220,4796,0.27244318181818183,2560,1.5536583423614503,0.42109375,0.8170977145433426,0.8079203516244888,0.276171875,0.417675119638443,0.5917727410793304,0.03137257695198059,0.04329880680888891,0.7123322814702988,0.8181773543357849,0.0010796397924422996,0.16632988750934596,nan,0.0,0.3359375,0.3721302999765612,0
14,240,4816,0.27357954545454544,2560,1.519340205192566,0.423046875,0.8023269444704055,0.8080058038234711,0.267578125,0.4169367104768753,0.5930645197629929,0.03137257695198059,0.04528580624610186,0.7157229542732239,0.8181773543357849,0.015850409865379333,0.16632988750934596,nan,0.0,nan,0.0,0
14,260,4836,0.2747159090909091,2560,1.5300568878650664,0.422265625,0.8072475492954254,0.8059335321187973,0.272265625,0.4241194546222687,0.5939556300640106,0.03137257695198059,0.04156208597123623,0.7080075085163117,0.8170977145433426,0.009850165247917153,0.16632988750934596,nan,0.0,nan,0.0,0
14,280,4856,0.27585227272727275,2560,1.545097178220749,0.412109375,0.8284155309200287,0.8183085262775421,0.2765625,0.39566619843244555,0.5909375667572021,0.03137257695198059,0.04628438521176577,0.7207554370164871,0.8119459986686707,-0.016469532251358054,0.16632988750934596,nan,0.0,nan,0.0,0
14,300,4876,0.27698863636363635,2560,1.5151490092277526,0.4328125,0.8085165381431579,0.8159257471561432,0.278515625,0.43301648944616317,0.5913551568984985,0.03137257695198059,0.045404745452106,0.7187641829252243,0.8170977145433426,0.008581176400184631,0.16632988750934596,nan,0.0,nan,0.0,0
14,320,4896,0.278125,2560,1.5399051904678345,0.425390625,0.8125647366046905,0.8066866785287857,0.275390625,0.4202877998352051,0.5864935755729676,0.03137257695198059,0.04207291286438704,0.7090147048234939,0.8085165381431579,-0.004048198461532593,0.16632988750934596,nan,0.0,0.3359375,0.36775969999143854,0
14,340,4916,0.2792613636363636,2560,1.5930623233318328,0.3984375,0.820656168460846,0.8155973017215729,0.26796875,0.4173116460442543,0.593524444103241,0.03137257695198059,0.04301164150238037,0.7142124235630035,0.8085165381431579,-0.012139630317688055,0.16632988750934596,nan,0.0,nan,0.0,0
14,352,4928,0.2799431818181818,1480,1.5859536222509436,0.410135135618416,0.815821682440268,0.8144905335194356,0.2527027027027027,0.4223320139420999,0.5960227234943493,0.03137257695198059,0.045039297378546485,0.717826623207814,0.8125647366046905,-0.0032569458355774517,0.16632988750934596,nan,0.0,nan,0.0,0
15,20,4948,0.28107954545454544,2560,1.5651103019714356,0.38671875,0.8120685905218125,0.8126981288194657,0.28359375,0.41946849822998045,0.5908043146133423,0.03137257695198059,0.04265362396836281,0.7127356767654419,0.815821682440268,0.00375309191845552,0.16632988750934596,nan,0.0,nan,0.0,0
15,40,4968,0.28221590909090905,2560,1.5353053152561187,0.416015625,0.8035428702831269,0.8108329981565475,0.270703125,0.407700689136982,0.5902285397052764,0.03137257695198059,0.046744867041707036,0.7223680645227433,0.8125647366046905,0.009021866321563654,0.16632988750934596,nan,0.0,nan,0.0,0
15,60,4988,0.2833522727272727,2560,1.5346949696540833,0.41953125,0.8005194753408432,0.8052835017442703,0.2796875,0.4095753788948059,0.5929278194904327,0.03137257695198059,0.046775151416659354,0.7201565504074097,0.8125647366046905,0.012045261263847307,0.16632988750934596,nan,0.0,0.34375,0.3707579000038095,0
15,80,5008,0.28448863636363636,2560,1.5068424463272094,0.41875,0.7843951225280762,0.7988634943962097,0.271875,0.4341693311929703,0.5939585596323014,0.03137257695198059,0.041902278922498225,0.7104591965675354,0.8120685905218125,0.027673467993736267,0.16632988750934596,nan,0.0,nan,0.0,0
15,100,5028,0.28562499999999996,2560,1.5767711699008942,0.410546875,0.8186530917882919,0.814378622174263,0.28046875,0.4262817233800888,0.592455443739891,0.03137257695198059,0.044128196127712724,0.7143732607364655,0.8035428702831269,-0.015110221505165056,0.16632988750934596,nan,0.0,nan,0.0,0
15,120,5048,0.2867613636363636,2560,1.618682622909546,0.375390625,0.8164010435342789,0.8138893336057663,0.28359375,0.4102243795990944,0.5925520837306977,0.03137257695198059,0.04390423782169819,0.7145371317863465,0.8035428702831269,-0.012858173251152016,0.16632988750934596,nan,0.0,nan,0.0,0
15,140,5068,0.2878977272727273,2560,1.5438139975070952,0.405859375,0.8207749187946319,0.8132515192031861,0.2828125,0.4104865908622742,0.5917350947856903,0.03137257695198059,0.04825315158814192,0.7247458457946777,0.8035428702831269,-0.01723204851150506,0.16632988750934596,nan,0.0,nan,0.0,0
15,160,5088,0.28903409090909093,2560,1.5187524378299713,0.41875,0.8103021174669266,0.8144085109233856,0.279296875,0.42788078635931015,0.5943387478590012,0.03137257695198059,0.04695445168763399,0.722667446732521,0.8164010435342789,0.006098926067352295,0.16632988750934596,nan,0.0,0.3125,0.3740614000125788,0
15,180,5108,0.29017045454545454,2560,1.5377785205841064,0.4265625,0.8014227449893951,0.811728048324585,0.279296875,0.42315150052309036,0.5962040185928345,0.03137257695198059,0.0459141967818141,0.7205021739006042,0.8164010435342789,0.01497829854488375,0.16632988750934596,nan,0.0,nan,0.0,0
15,200,5128,0.2913068181818182,2560,1.5017451465129852,0.416796875,0.8010373294353486,0.81209756731987,0.28046875,0.41755867600440977,0.5944736629724503,0.03137257695198059,0.04269938487559557,0.7120638608932495,0.8164010435342789,0.015363714098930337,0.16632988750934596,nan,0.0,nan,0.0,0
15,220,5148,0.2924431818181818,2560,1.5695287048816682,0.4109375,0.8045426040887833,0.8062100917100906,0.264453125,0.4284320428967476,0.5945685267448425,0.03137257695198059,0.0418855220079422,0.7111272543668747,0.8103021174669266,0.005759513378143288,0.16632988750934596,nan,0.0,nan,0.0,0
15,240,5168,0.29357954545454545,2560,1.5701668918132783,0.396484375,0.8104390352964401,0.8028403162956238,0.287109375,0.4153015226125717,0.5983336418867111,0.03137257695198059,0.04303452577441931,0.7113201320171356,0.8045426040887833,-0.005896431207656816,0.16632988750934596,nan,0.0,nan,0.0,0
15,260,5188,0.2947159090909091,2560,1.5569429755210877,0.42265625,0.7941321671009064,0.8049902856349945,0.278515625,0.4187828779220581,0.5889311641454696,0.03137257695198059,0.04151936732232571,0.7090755760669708,0.8045426040887833,0.010410436987876914,0.16632988750934596,nan,0.0,0.28125,0.37592429999494925,0
15,280,5208,0.2958522727272727,2560,1.5133408069610597,0.420703125,0.8065294444561004,0.804030379652977,0.273046875,0.40167240649461744,0.5933506220579148,0.03137257695198059,0.04141896571964025,0.7058756947517395,0.8014227449893951,-0.005106699466705278,0.16632988750934596,nan,0.0,nan,0.0,0
15,300,5228,0.29698863636363637,2560,1.5500033915042877,0.405078125,0.8046074837446213,0.8033088833093643,0.294921875,0.4378945454955101,0.5883541285991669,0.03137257695198059,0.0407613848336041,0.7057461053133011,0.8045426040887833,-6.48796558380127e-05,0.16632988750934596,nan,0.0,nan,0.0,0
15,320,5248,0.298125,2560,1.5451498687267304,0.41953125,0.8135415017604828,0.8132530450820923,0.24609375,0.4076018676161766,0.5931438624858856,0.03137257695198059,0.046379334293305874,0.7201168417930603,0.8046074837446213,-0.008934018015861467,0.16632988750934596,nan,0.0,nan,0.0,0
15,340,5268,0.29926136363636363,2560,1.5506808817386628,0.423046875,0.8083707422018052,0.8099846065044403,0.26875,0.4144817337393761,0.5918295711278916,0.03137257695198059,0.04490058831870556,0.7165847450494767,0.8065294444561004,-0.0018412977457047397,0.16632988750934596,nan,0.0,nan,0.0,0
15,352,5280,0.2999431818181818,1480,1.5582859335718928,0.4081081077859208,0.8310571277463759,0.8207607639802469,0.26013513489349466,0.39320775399336944,0.5895461723611162,0.031372576770750255,0.04554283264521006,0.7181756783176113,0.8065294444561004,-0.024527683290275437,0.16632988750934596,nan,0.0,0.2734375,0.37964269999065436,0
16,20,5300,0.2989204545454545,2560,1.5180231750011444,0.412890625,0.8020850419998169,0.8018305689096451,0.2765625,0.4141413033008575,0.5894155085086823,0.03137257695198059,0.04095933698117733,0.7062256634235382,0.8083707422018052,0.006285700201988265,0.16632988750934596,nan,0.0,nan,0.0,0
16,40,5320,0.2977840909090909,2560,1.5421170055866242,0.418359375,0.8100538164377212,0.812320226430893,0.278125,0.4212703377008438,0.5855002284049988,0.03137257695198059,0.045495929196476936,0.7182473003864288,0.8083707422018052,-0.001683074235916071,0.16632988750934596,nan,0.0,nan,0.0,0
16,60,5340,0.29664772727272726,2560,1.5459735155105592,0.41484375,0.8073876887559891,0.8082807064056396,0.27109375,0.4190587431192398,0.598775890469551,0.03137257695198059,0.04166727140545845,0.707888251543045,0.8100538164377212,0.0026661276817321333,0.16632988750934596,nan,0.0,nan,0.0,0
16,80,5360,0.29551136363636366,2560,1.5740042567253112,0.402734375,0.8315838545560836,0.8165583461523056,0.28203125,0.41295566856861116,0.5961167871952057,0.03137257695198059,0.044638068228960034,0.7161455392837525,0.8083707422018052,-0.023213112354278476,0.16632988750934596,nan,0.0,nan,0.0,0
16,100,5380,0.294375,2560,1.51979718208313,0.425,0.8031887322664261,0.8049119532108306,0.25625,0.4081374928355217,0.5916034936904907,0.03137257695198059,0.04504790268838406,0.7159684836864472,0.8100538164377212,0.006865084171295166,0.16632988750934596,nan,0.0,0.28125,0.3745729000074789,0
16,120,5400,0.2932386363636364,2560,1.5661095201969146,0.4046875,0.8109159052371979,0.813638961315155,0.2875,0.4307553842663765,0.5866390377283096,0.03137257695198059,0.04827340915799141,0.7250188916921616,0.8073876887559891,-0.0035282164812088235,0.16632988750934596,nan,0.0,nan,0.0,0
16,140,5420,0.2921022727272727,2560,1.5432885050773621,0.407421875,0.8147754907608032,0.8149153590202332,0.278515625,0.41532786935567856,0.5942086756229401,0.03137257695198059,0.04366963021457195,0.7123888462781907,0.8100538164377212,-0.004721674323082015,0.16632988750934596,nan,0.0,nan,0.0,0
16,160,5440,0.2909659090909091,2560,1.574900108575821,0.40390625,0.7974270552396774,0.8057944178581238,0.2734375,0.4138935297727585,0.5974715113639831,0.03137257695198059,0.04396458938717842,0.7150538682937622,0.8109159052371979,0.013488849997520536,0.16632988750934596,nan,0.0,nan,0.0,0
16,180,5460,0.2898295454545454,2560,1.4910068213939667,0.43671875,0.8216308057308197,0.8134477138519287,0.264453125,0.3990251913666725,0.5926344752311706,0.03137257695198059,0.04845720715820789,0.724414724111557,0.8109159052371979,-0.010714900493621782,0.16632988750934596,nan,0.0,nan,0.0,0
16,200,5480,0.2886931818181818,2560,1.5625744938850403,0.417578125,0.8142131090164184,0.8090201258659363,0.270703125,0.4382046818733215,0.6000138819217682,0.03137257695198059,0.04236201774328947,0.7109922289848327,0.8109159052371979,-0.0032972037792204922,0.16632988750934596,nan,0.0,0.328125,0.3737990999943577,0
16,220,5500,0.28755681818181816,2560,1.5534819602966308,0.4125,0.81361183822155,0.8126402795314789,0.275390625,0.40789766758680346,0.5938719630241394,0.03137257695198059,0.0406605577096343,0.7047660231590271,0.8142131090164184,0.0006012707948683804,0.16632988750934596,nan,0.0,nan,0.0,0
16,240,5520,0.28642045454545456,2560,1.5521341800689696,0.424609375,0.8048311918973923,0.8011894464492798,0.27265625,0.4401802197098732,0.5865507960319519,0.03137257695198059,0.04301473144441843,0.7118517965078354,0.8142131090164184,0.00938191711902614,0.16632988750934596,nan,0.0,nan,0.0,0
16,260,5540,0.2852840909090909,2560,1.5083875238895417,0.423828125,0.7972887635231019,0.8029416561126709,0.262890625,0.42462658137083054,0.5937783777713775,0.03137257695198059,0.04647814054042101,0.71971016228199,0.81361183822155,0.01632307469844818,0.16632988750934596,nan,0.0,nan,0.0,0
16,280,5560,0.2841477272727273,2560,1.533182030916214,0.408203125,0.801409649848938,0.8092314541339874,0.28203125,0.4110687166452408,0.589304119348526,0.03137257695198059,0.044397684000432494,0.7146836698055268,0.81361183822155,0.012202188372612,0.16632988750934596,nan,0.0,nan,0.0,0
16,300,5580,0.28301136363636364,2560,1.5445138573646546,0.41171875,0.8097602814435959,0.8088983118534088,0.29140625,0.4233788952231407,0.5898737818002701,0.03137257695198059,0.04219251647591591,0.709583255648613,0.8048311918973923,-0.0049290895462036355,0.16632988750934596,nan,0.0,0.296875,0.3754420999903232,0
16,320,5600,0.28187500000000004,2560,1.546055668592453,0.40703125,0.8045483469963074,0.8040196925401688,0.294140625,0.4236985921859741,0.5900383174419404,0.03137257695198059,0.045660635083913804,0.717543876171112,0.8048311918973923,0.0002828449010848777,0.16632988750934596,nan,0.0,nan,0.0,0
16,340,5620,0.28073863636363633,2560,1.5369625389575958,0.420703125,0.8177201181650162,0.8104075282812119,0.275390625,0.40324632823467255,0.6042282313108445,0.03137257695198059,0.055104024894535544,0.738297963142395,0.8045483469963074,-0.013171771168708823,0.16632988750934596,nan,0.0,nan,0.0,0
16,352,5632,0.2800568181818182,1480,1.5315147818745793,0.4472972968140164,0.8153182126380302,0.8084941306629696,0.24662162226599615,0.43313159700986503,0.5835972853609034,0.03137257695198059,0.050159266168201294,0.7269013424177427,0.8045483469963074,-0.010769865641722776,0.16632988750934596,nan,0.0,nan,0.0,0
17,20,5652,0.2789204545454545,2560,1.5428318977355957,0.41171875,0.8142029166221618,0.8094734340906143,0.273046875,0.4271547019481659,0.5938883632421493,0.03137257695198059,0.046343063563108446,0.7192141085863113,0.8097602814435959,-0.004442635178565912,0.16632988750934596,nan,0.0,nan,0.0,0
17,40,5672,0.2777840909090909,2560,1.5633381485939026,0.40625,0.8284163862466812,0.8119795709848404,0.265625,0.4107779085636139,0.5909956842660904,0.03137257695198059,0.04773950781673193,0.722732064127922,0.8142029166221618,-0.014213469624519415,0.16632988750934596,nan,0.0,0.3203125,0.38801799999782816,0
17,60,5692,0.27664772727272724,2560,1.5297875940799712,0.41484375,0.8150045663118363,0.8136876553297043,0.26640625,0.4108013644814491,0.5949043452739715,0.03137257695198059,0.046909622848033905,0.7222254365682602,0.8153182126380302,0.000313646326193906,0.16632988750934596,nan,0.0,nan,0.0,0
17,80,5712,0.27551136363636364,2560,1.529314774274826,0.407421875,0.8070472717285156,0.8082403987646103,0.27265625,0.4165752649307251,0.5883681207895279,0.03137257695198059,0.04648127611726523,0.7195953011512757,0.8153182126380302,0.008270940909514524,0.16632988750934596,nan,0.0,nan,0.0,0
17,100,5732,0.274375,2560,1.556249475479126,0.408984375,0.7933112859725953,0.7992841303348541,0.273046875,0.4221324220299721,0.5947047084569931,0.03137257695198059,0.04059047382324934,0.705549681186676,0.8150045663118363,0.021693280339241006,0.16632988750934596,nan,0.0,nan,0.0,0
17,120,5752,0.2732386363636364,2560,1.5314741551876068,0.417578125,0.8079505234956741,0.8065666407346725,0.27734375,0.4277604788541794,0.5959481745958328,0.03137257695198059,0.045461300574243066,0.7171442419290542,0.8142029166221618,0.006252393126487732,0.16632988750934596,nan,0.0,nan,0.0,0
17,140,5772,0.2721022727272727,2560,1.509377121925354,0.426953125,0.8014952629804611,0.8126251369714736,0.284375,0.4333835169672966,0.5930481135845185,0.03137257695198059,0.041417583078145984,0.7075272619724273,0.8079505234956741,0.006455260515212946,0.16632988750934596,nan,0.0,0.265625,0.37685279999277554,0
17,160,5792,0.2709659090909091,2560,1.4731364369392395,0.44453125,0.7986193805932998,0.8011732906103134,0.26171875,0.4220839485526085,0.5869330257177353,0.03137257695198059,0.044055145047605035,0.7160536527633667,0.8070472717285156,0.008427891135215804,0.16632988750934596,nan,0.0,nan,0.0,0
17,180,5812,0.26982954545454546,2560,1.5097247540950776,0.437109375,0.7967301726341247,0.8079614222049714,0.269921875,0.4354513496160507,0.5951282680034637,0.03137257695198059,0.0413410872220993,0.7077866792678833,0.8014952629804611,0.004765090346336431,0.16632988750934596,nan,0.0,nan,0.0,0
17,200,5832,0.26869318181818186,2560,1.52050661444664,0.42265625,0.7917954742908477,0.8071107417345047,0.271875,0.42011924982070925,0.5810255885124207,0.03137257695198059,0.041382357478141785,0.7061342775821686,0.7986193805932998,0.00682390630245211,0.16632988750934596,nan,0.0,nan,0.0,0
17,220,5852,0.26755681818181815,2560,1.5355795621871948,0.40625,0.7692551881074905,0.7943117946386338,0.283203125,0.42872454226017,0.595889937877655,0.03137257695198059,0.043439819291234014,0.7126261919736863,0.7986193805932998,0.02936419248580935,0.16632988750934596,nan,0.0,nan,0.0,0
17,240,5872,0.26642045454545454,2560,1.536841768026352,0.419921875,0.8110325932502747,0.8124635249376297,0.283984375,0.4096108853816986,0.5965192407369614,0.03137257695198059,0.044622468017041686,0.7176467508077622,0.7967301726341247,-0.014302420616149947,0.16632988750934596,nan,0.0,0.3125,0.3779730000242125,0
17,260,5892,0.2652840909090909,2560,1.5195753633975984,0.428125,0.7981942027807236,0.8046492427587509,0.267578125,0.41546698957681655,0.5933883875608444,0.03137257695198059,0.039954432658851145,0.7046148270368576,0.7967301726341247,-0.0014640301465989047,0.16632988750934596,nan,0.0,nan,0.0,0
17,280,5912,0.26414772727272723,2560,1.506641787290573,0.43046875,0.8057816356420517,0.8095950007438659,0.276171875,0.4195492535829544,0.5970593929290772,0.03137257695198059,0.043164328671991825,0.7134627431631089,0.7967301726341247,-0.00905146300792703,0.16632988750934596,nan,0.0,nan,0.0,0
17,300,5932,0.2630113636363636,2560,1.5206638276576996,0.416796875,0.8090094357728959,0.8074127346277237,0.27734375,0.4001968547701836,0.5990413814783097,0.03137257695198059,0.04239938389509916,0.7120238333940506,0.7981942027807236,-0.010815232992172241,0.16632988750934596,nan,0.0,nan,0.0,0
17,320,5952,0.26187499999999997,2560,1.5686864316463471,0.41328125,0.8051881730556488,0.8058531641960144,0.279296875,0.4301224023103714,0.6008018672466278,0.03137257695198059,0.041742057725787166,0.707208463549614,0.8057816356420517,0.0005934625864029153,0.16632988750934596,nan,0.0,nan,0.0,0
17,340,5972,0.26073863636363637,2560,1.519194883108139,0.426171875,0.809839180111885,0.8089247643947601,0.267578125,0.42071460336446764,0.5913645625114441,0.03137257695198059,0.04245433732867241,0.7114693701267243,0.8057816356420517,-0.004057544469833307,0.16632988750934596,nan,0.0,0.2421875,0.37949839999782853,0
17,352,5984,0.2600568181818182,1480,1.5575411287513938,0.39594594675141415,0.817746626042031,0.8122380478962048,0.28175675675675677,0.4276932951566335,0.5949977710440352,0.03137257695198059,0.04708884440966555,0.7218137654098304,0.8057816356420517,-0.011964990399979225,0.16632988750934596,nan,0.0,nan,0.0,0
18,20,6004,0.25892045454545454,2560,1.506931436061859,0.424609375,0.7991917937994003,0.8057388484477996,0.271484375,0.4123083531856537,0.59109345972538,0.03137257695198059,0.03775002080947161,0.6982627868652344,0.8090094357728959,0.00981764197349555,0.16632988750934596,nan,0.0,nan,0.0,0
18,40,6024,0.25778409090909093,2560,1.498576819896698,0.440625,0.8075814485549927,0.8021949917078018,0.26953125,0.4220368504524231,0.5906643092632293,0.03137257695198059,0.043061272241175175,0.7121994763612747,0.8090094357728959,0.0014279872179031594,0.16632988750934596,nan,0.0,nan,0.0,0
18,60,6044,0.2566477272727273,2560,1.4986824631690978,0.42578125,0.7977588951587677,0.8044492363929748,0.2828125,0.4291943937540054,0.5941365778446197,0.03137257695198059,0.040389249473810195,0.7072971582412719,0.8075814485549927,0.009822553396224953,0.16632988750934596,nan,0.0,nan,0.0,0
18,80,6064,0.2555113636363637,2560,1.5042321741580964,0.4234375,0.7911837875843049,0.8040720850229264,0.2734375,0.4320553243160248,0.5940661340951919,0.03137257695198059,0.039669138938188554,0.7038214027881622,0.8075814485549927,0.016397660970687844,0.16632988750934596,nan,0.0,0.3359375,0.3709509000182152,0
18,100,6084,0.25437499999999996,2560,1.4816026031970977,0.43515625,0.7959882974624634,0.802974471449852,0.270703125,0.4141975849866867,0.594171679019928,0.03137257695198059,0.044192712754011154,0.7162876695394516,0.7991917937994003,0.0032034963369369507,0.16632988750934596,nan,0.0,nan,0.0,0
18,120,6104,0.25323863636363636,2560,1.516758394241333,0.428125,0.7972402006387711,0.7971966028213501,0.2625,0.41540533006191255,0.5878743648529052,0.03137257695198059,0.03940375093370676,0.7014910221099854,0.7977588951587677,0.0005186945199966431,0.16632988750934596,nan,0.0,nan,0.0,0
18,140,6124,0.2521022727272727,2560,1.5149550139904022,0.4234375,0.8017940044403076,0.8058737635612487,0.293359375,0.4332965224981308,0.5923660457134247,0.03137257695198059,0.04731556754559278,0.7223095059394836,0.7972402006387711,-0.004553803801536471,0.16632988750934596,nan,0.0,nan,0.0,0
18,160,6144,0.2509659090909091,2560,1.5320034205913544,0.42421875,0.8025085061788559,0.8078364282846451,0.261328125,0.4221476525068283,0.5967938989400864,0.03137257695198059,0.04406839460134506,0.7125815629959107,0.7972402006387711,-0.005268305540084839,0.16632988750934596,nan,0.0,nan,0.0,0
18,180,6164,0.24982954545454544,2560,1.4726767241954803,0.441796875,0.7930361896753311,0.8026499658823013,0.2734375,0.4166768565773964,0.5901130884885788,0.03137257695198059,0.041127439215779306,0.7068308383226395,0.7972402006387711,0.00420401096344003,0.16632988750934596,nan,0.0,0.3125,0.37302899998030625,0
18,200,6184,0.24869318181818179,2560,1.510771280527115,0.43515625,0.8051851391792297,0.8040771722793579,0.2515625,0.43020007461309434,0.5976055324077606,0.03137257695198059,0.042130783572793006,0.7090442717075348,0.7972402006387711,-0.007944938540458635,0.16632988750934596,nan,0.0,nan,0.0,0
18,220,6204,0.24755681818181818,2560,1.5036242067813874,0.43359375,0.7963657855987549,0.7996727138757705,0.274609375,0.41246947050094607,0.5946591943502426,0.03137257695198059,0.04500616192817688,0.7145459443330765,0.8017940044403076,0.0054282188415526456,0.16632988750934596,nan,0.0,nan,0.0,0
18,240,6224,0.2464204545454545,2560,1.5267307460308075,0.40859375,0.7969259202480317,0.8033793330192566,0.275,0.427216474711895,0.5936953395605087,0.03137257695198059,0.04016450960189104,0.7043386250734329,0.8017940044403076,0.004868084192275912,0.16632988750934596,nan,0.0,nan,0.0,0
18,260,6244,0.2452840909090909,2560,1.4779926419258118,0.442578125,0.7859912693500519,0.7941814601421356,0.268359375,0.43356738388538363,0.5908458948135376,0.03137257695198059,0.04171912539750337,0.7086876600980758,0.7969259202480317,0.010934650897979736,0.16632988750934596,nan,0.0,nan,0.0,0
18,280,6264,0.24414772727272724,2560,1.4902494490146636,0.43984375,0.7831619590520859,0.7993952602148056,0.2609375,0.4371931552886963,0.5869200587272644,0.03137257695198059,0.04089590311050415,0.7065565764904023,0.7963657855987549,0.013203826546669073,0.16632988750934596,nan,0.0,0.2890625,0.37779060000320897,0
18,300,6284,0.24301136363636364,2560,1.523610097169876,0.437890625,0.8055872321128845,0.8117742121219635,0.265234375,0.42900591641664504,0.5923350274562835,0.03137257695198059,0.04486831147223711,0.7152119040489197,0.7963657855987549,-0.009221446514129594,0.16632988750934596,nan,0.0,nan,0.0,0
18,320,6304,0.24187499999999995,2560,1.5107556998729705,0.417578125,0.7932411640882492,0.7992017269134521,0.262109375,0.4194341942667961,0.5988301783800125,0.03137257695198059,0.04220139868557453,0.7116584867238999,0.7963657855987549,0.003124621510505743,0.16632988750934596,nan,0.0,nan,0.0,0
18,340,6324,0.24073863636363635,2560,1.4985414028167725,0.442578125,0.7954541712999343,0.7995318293571472,0.26640625,0.4231837779283524,0.5931282281875611,0.03137257695198059,0.037397999316453934,0.6961896032094955,0.7932411640882492,-0.0022130072116851585,0.16632988750934596,nan,0.0,nan,0.0,0
18,352,6336,0.2400568181818182,1480,1.4658070886457288,0.43243243307680695,0.8054987659325471,0.8084488208229478,0.29797297329516026,0.4209600216633565,0.5893820952724766,0.03137257695198059,0.04596385025494808,0.7195598905150955,0.7932411640882492,-0.012257601844297916,0.16632988750934596,nan,0.0,nan,0.0,0
19,20,6356,0.23892045454545452,2560,1.4859094440937042,0.434765625,0.7924335300922394,0.8024456262588501,0.293359375,0.44051079005002974,0.5908185511827468,0.03137257695198059,0.03837347254157066,0.6995854914188385,0.7954541712999343,0.003020641207694963,0.16632988750934596,nan,0.0,0.28125,0.36927619998459704,0
19,40,6376,0.23778409090909092,2560,1.5380914747714995,0.416796875,0.814643207192421,0.810205614566803,0.277734375,0.4278007343411446,0.5938294947147369,0.03137257695198059,0.04449453186243772,0.7181172907352448,0.7954541712999343,-0.01918903589248666,0.16632988750934596,nan,0.0,nan,0.0,0
19,60,6396,0.23664772727272726,2560,1.4640761613845825,0.439453125,0.7970847487449646,0.8024598687887192,0.273046875,0.4241895005106926,0.5952859401702881,0.03137257695198059,0.04044426903128624,0.7057727217674256,0.7954541712999343,-0.0016305774450302568,0.16632988750934596,nan,0.0,nan,0.0,0
19,80,6416,0.23551136363636366,2560,1.4786069989204407,0.447265625,0.770433309674263,0.79181889295578,0.281640625,0.4528940856456757,0.5875850945711136,0.03137257695198059,0.038695063628256324,0.7005978226661682,0.7970847487449646,0.026651439070701555,0.16632988750934596,nan,0.0,nan,0.0,0
19,100,6436,0.234375,2560,1.4849682927131653,0.426953125,0.7925895810127258,0.8038833826780319,0.280859375,0.4214622601866722,0.5892367243766785,0.03137257695198059,0.04217947330325842,0.7097914099693299,0.7970847487449646,0.004495167732238792,0.16632988750934596,nan,0.0,nan,0.0,0
19,120,6456,0.23323863636363631,2560,1.458450037240982,0.4375,0.7957978069782257,0.7973109155893325,0.291015625,0.4418828472495079,0.5941443353891372,0.03137257695198059,0.04100009258836508,0.7086522966623306,0.7925895810127258,-0.0032082259654998557,0.16632988750934596,nan,0.0,0.3125,0.3729694999929052,0
19,140,6476,0.2321022727272727,2560,1.5041873157024384,0.428515625,0.796450263261795,0.7991016626358032,0.266015625,0.4196167767047882,0.5874536037445068,0.03137257695198059,0.04298635628074408,0.7123896509408951,0.7957978069782257,-0.0006524562835693581,0.16632988750934596,nan,0.0,nan,0.0,0
19,160,6496,0.23096590909090906,2560,1.523067259788513,0.41640625,0.788218405842781,0.7953192591667175,0.277734375,0.4226985901594162,0.5897440820932388,0.03137257695198059,0.037061176262795925,0.6953990757465363,0.7957978069782257,0.007579401135444641,0.16632988750934596,nan,0.0,nan,0.0,0
19,180,6516,0.22982954545454545,2560,1.4903183162212372,0.426953125,0.7954014629125595,0.8025039911270142,0.2734375,0.4235801830887794,0.5925778925418854,0.03137257695198059,0.04408025108277798,0.714221042394638,0.7925895810127258,-0.0028118818998337236,0.16632988750934596,nan,0.0,nan,0.0,0
19,200,6536,0.22869318181818177,2560,1.4811210453510284,0.442578125,0.7929607778787613,0.8015819758176803,0.278125,0.4195760503411293,0.5926675289869309,0.03137257695198059,0.043356339633464816,0.7120894163846969,0.7954014629125595,0.00244068503379824,0.16632988750934596,nan,0.0,nan,0.0,0
19,220,6556,0.22755681818181817,2560,1.483714747428894,0.428125,0.7977238833904267,0.8023886561393738,0.26953125,0.4390455290675163,0.5916679561138153,0.03137257695198059,0.04043170697987079,0.7053553074598312,0.7954014629125595,-0.0023224204778671265,0.16632988750934596,nan,0.0,0.3046875,0.3701356000092346,0
19,240,6576,0.2264204545454545,2560,1.455948793888092,0.441796875,0.7935938000679016,0.7964611232280732,0.276171875,0.41709247678518296,0.589753994345665,0.03137257695198059,0.04067757297307253,0.7058287799358368,0.7954014629125595,0.0018076628446579424,0.16632988750934596,nan,0.0,nan,0.0,0
19,260,6596,0.2252840909090909,2560,1.4788481831550597,0.43984375,0.7965728431940079,0.8028212428092957,0.262890625,0.42809843122959135,0.5963567316532135,0.03137257695198059,0.03927927762269974,0.7012527197599411,0.7935938000679016,-0.0029790431261063066,0.16632988750934596,nan,0.0,nan,0.0,0
19,280,6616,0.22414772727272725,2560,1.4501379609107972,0.443359375,0.7801833987236023,0.7987972438335419,0.277734375,0.43214826881885526,0.5899376153945923,0.03137257695198059,0.03971360344439745,0.7054465860128403,0.7954014629125595,0.015218064188957214,0.16632988750934596,nan,0.0,nan,0.0,0
19,300,6636,0.22301136363636365,2560,1.4715314269065858,0.439453125,0.7964894384145736,0.8016028255224228,0.28125,0.4272300288081169,0.5880396723747253,0.03137257695198059,0.04086883533746004,0.7060768187046051,0.7935938000679016,-0.002895638346672058,0.16632988750934596,nan,0.0,nan,0.0,0
19,320,6656,0.22187499999999996,2560,1.4814158618450164,0.426953125,0.789245018362999,0.7972970604896545,0.286328125,0.4394249752163887,0.5854929834604263,0.03137257695198059,0.040383359789848326,0.7061362594366074,0.7964894384145736,0.007244420051574663,0.16632988750934596,nan,0.0,0.3515625,0.37148339999839664,0
19,340,6676,0.22073863636363636,2560,1.4870074093341827,0.434375,0.7763175904750824,0.7950191676616669,0.28828125,0.4355687007308006,0.5917104303836822,0.03137257695198059,0.03752780184149742,0.6981179565191269,0.7935938000679016,0.01727620959281917,0.16632988750934596,nan,0.0,nan,0.0,0
19,352,6688,0.22005681818181821,1480,1.455907901557716,0.4405405408627278,0.794050479257429,0.806280373882603,0.2777027022194218,0.41908983797640414,0.5955060746218707,0.03137257695198059,0.04158100584471548,0.7100342183499723,0.789245018362999,-0.004805460894430014,0.16632988750934596,nan,0.0,nan,0.0,0
20,20,6708,0.21892045454545453,2560,1.4633700609207154,0.441015625,0.7818168550729752,0.7969523310661316,0.285546875,0.4377963751554489,0.5950190454721451,0.03137257695198059,0.04060448203235865,0.7062422096729278,0.789245018362999,0.007428163290023826,0.16632988750934596,nan,0.0,nan,0.0,0
20,40,6728,0.21778409090909087,2560,1.4450513005256653,0.443359375,0.7829754471778869,0.7973516017198563,0.285546875,0.430663700401783,0.5900451898574829,0.03137257695198059,0.04178764522075653,0.7112015157938003,0.789245018362999,0.006269571185112066,0.16632988750934596,nan,0.0,nan,0.0,0
20,60,6748,0.21664772727272727,2560,1.4355558395385741,0.451171875,0.7779738783836365,0.794402077794075,0.271875,0.42997742593288424,0.5895865261554718,0.03137257695198059,0.038309821672737596,0.7008563667535782,0.7829754471778869,0.0050015687942503995,0.16632988750934596,nan,0.0,0.3515625,0.36582999999518506,0
20,80,6768,0.2155113636363636,2560,1.4711890459060668,0.444140625,0.7881605565547943,0.7989513635635376,0.282421875,0.4411571457982063,0.5902829647064209,0.03137257695198059,0.040120717324316504,0.7051064372062683,0.7818168550729752,-0.006343701481819175,0.16632988750934596,nan,0.0,nan,0.0,0
20,100,6788,0.214375,2560,1.4170714378356934,0.45390625,0.7793292224407196,0.7914076626300812,0.293359375,0.4348409563302994,0.58769710958004,0.03137257695198059,0.04276532996445894,0.7100570291280747,0.7829754471778869,0.0036462247371673584,0.16632988750934596,nan,0.0,nan,0.0,0
20,120,6808,0.21323863636363632,2560,1.473070389032364,0.450390625,0.7929254531860351,0.7992389917373657,0.259375,0.4276421844959259,0.593909478187561,0.03137257695198059,0.04110385570675135,0.7094124317169189,0.7818168550729752,-0.011108598113059975,0.16632988750934596,nan,0.0,nan,0.0,0
20,140,6828,0.21210227272727272,2560,1.4829660892486571,0.444140625,0.7896228611469269,0.7963833063840866,0.2640625,0.43235443383455274,0.5914177149534225,0.03137257695198059,0.04027723968029022,0.7059035390615463,0.7829754471778869,-0.006647413969040006,0.16632988750934596,nan,0.0,nan,0.0,0
20,160,6848,0.21096590909090907,2560,1.4522405683994293,0.45390625,0.7842347890138626,0.7984709590673447,0.266015625,0.4175288274884224,0.5948662012815475,0.03137257695198059,0.04094806686043739,0.7052691549062728,0.7881605565547943,0.003925767540931768,0.16632988750934596,nan,0.0,0.2578125,0.37419640002190135,0
20,180,6868,0.20982954545454546,2560,1.4645203232765198,0.44296875,0.7880227237939834,0.8004146784543991,0.26640625,0.43527511656284334,0.5950499385595321,0.03137257695198059,0.041259294003248216,0.7074344843626023,0.7881605565547943,0.00013783276081091866,0.16632988750934596,nan,0.0,nan,0.0,0
20,200,6888,0.20869318181818178,2560,1.4595223367214203,0.459765625,0.7936291366815567,0.7986043483018875,0.2625,0.4253846362233162,0.5966039180755616,0.03137257695198059,0.041929852962493894,0.7084612131118775,0.7880227237939834,-0.005606412887573242,0.16632988750934596,nan,0.0,nan,0.0,0
20,220,6908,0.20755681818181818,2560,1.4772476613521577,0.440625,0.7924605280160903,0.8043791681528092,0.272265625,0.4269678473472595,0.5874670833349228,0.03137257695198059,0.0411786112934351,0.7071514219045639,0.7896228611469269,-0.0028376668691634244,0.16632988750934596,nan,0.0,nan,0.0,0
20,240,6928,0.20642045454545452,2560,1.4832722544670105,0.441015625,0.7794955641031265,0.7936170190572739,0.273828125,0.4425946742296219,0.5947103023529052,0.03137257695198059,0.041180111654102805,0.7065378308296204,0.7896228611469269,0.010127297043800443,0.16632988750934596,nan,0.0,nan,0.0,0
20,260,6948,0.20528409090909092,2560,1.441793578863144,0.442578125,0.7968512028455734,0.8055093258619308,0.294140625,0.4238144516944885,0.5976392269134522,0.03137257695198059,0.042717748880386354,0.7113595128059387,0.7880227237939834,-0.00882847905159001,0.16632988750934596,nan,0.0,0.359375,0.37049100000876933,0
20,280,6968,0.20414772727272726,2560,1.4388800978660583,0.4546875,0.7679927617311477,0.7819010615348816,0.278515625,0.44227317422628404,0.5915171504020691,0.03137257695198059,0.0389464657753706,0.698565024137497,0.7924605280160903,0.024467766284942627,0.16632988750934596,nan,0.0,nan,0.0,0
20,300,6988,0.20301136363636366,2560,1.4371502578258515,0.450390625,0.7894420742988586,0.7940310329198838,0.277734375,0.432951357960701,0.5885643184185028,0.03137257695198059,0.04107233043760061,0.7071908354759217,0.7924605280160903,0.0030184537172317505,0.16632988750934596,nan,0.0,nan,0.0,0
20,320,7008,0.20187499999999997,2560,1.4371533334255218,0.4359375,0.7800928235054017,0.7957996547222137,0.294140625,0.435195392370224,0.5844337642192841,0.03137257695198059,0.03958920128643513,0.7037588834762574,0.7894420742988586,0.009349250793456942,0.16632988750934596,nan,0.0,nan,0.0,0
20,340,7028,0.20073863636363637,2560,1.4629780888557433,0.4515625,0.7718836218118668,0.7890824854373932,0.28125,0.4428026780486107,0.5929002344608307,0.03137257695198059,0.03930035680532455,0.7025054067373275,0.7800928235054017,0.008209201693534895,0.16632988750934596,nan,0.0,nan,0.0,0
20,352,7040,0.20005681818181814,1480,1.481639468347704,0.44189189221407915,0.8064274391612491,0.799817907488024,0.27702702718812067,0.42449998323981825,0.5888632503715722,0.031372576770750255,0.04316705602246362,0.7119714991466419,0.7800928235054017,-0.026334615655847493,0.16632988750934596,nan,0.0,0.3125,0.3783566000056453,0
21,20,7060,0.19892045454545454,2560,1.4199755251407624,0.46796875,0.7798909366130828,0.7995440393686295,0.260546875,0.4230162039399147,0.5908275812864303,0.03137257695198059,0.03877219036221504,0.7020738005638123,0.7800928235054017,0.0002018868923188144,0.16632988750934596,nan,0.0,nan,0.0,0
21,40,7080,0.19778409090909088,2560,1.4095067441463471,0.459375,0.7742648363113404,0.7874656856060028,0.291015625,0.4476961329579353,0.5829787135124207,0.03137257695198059,0.03725178875029087,0.697415167093277,0.7800928235054017,0.0058279871940613015,0.16632988750934596,nan,0.0,nan,0.0,0
21,60,7100,0.19664772727272728,2560,1.4144975304603578,0.461328125,0.7766268908977508,0.787949514389038,0.26953125,0.4278779670596123,0.5900871455669403,0.03137257695198059,0.0408111359924078,0.705913171172142,0.7798909366130828,0.003264045715332009,0.16632988750934596,nan,0.0,nan,0.0,0
21,80,7120,0.1955113636363636,2560,1.4598722815513612,0.437890625,0.7743299394845963,0.7954783350229263,0.279296875,0.43956988006830217,0.5923627436161041,0.03137257695198059,0.04284441936761141,0.7114809572696685,0.7766268908977508,0.0022969514131545576,0.16632988750934596,nan,0.0,nan,0.0,0
21,100,7140,0.194375,2560,1.442536288499832,0.44921875,0.7844379186630249,0.7981421291828156,0.277734375,0.43151935040950773,0.5899793148040772,0.03137257695198059,0.03867384195327759,0.7011117696762085,0.7766268908977508,-0.007811027765274092,0.16632988750934596,nan,0.0,0.3359375,0.37269519999972545,0
21,120,7160,0.19323863636363633,2560,1.410368150472641,0.458203125,0.7703502953052521,0.7864025324583054,0.278515625,0.4404981553554535,0.6009403437376022,0.03137257695198059,0.03936806339770556,0.7027103453874588,0.7766268908977508,0.006276595592498713,0.16632988750934596,nan,0.0,nan,0.0,0
21,140,7180,0.19210227272727273,2560,1.4575414896011352,0.44140625,0.7764486700296402,0.7854831874370575,0.270703125,0.43267371207475663,0.5883403927087784,0.03137257695198059,0.03919862564653158,0.7013687521219254,0.7743299394845963,-0.0021187305450439675,0.16632988750934596,nan,0.0,nan,0.0,0
21,160,7200,0.19096590909090908,2560,1.449822050333023,0.44921875,0.7819293290376663,0.796344393491745,0.29609375,0.435450342297554,0.5913982599973678,0.03137257695198059,0.04216095227748155,0.7113532304763794,0.7764486700296402,-0.005480659008026079,0.16632988750934596,nan,0.0,nan,0.0,0
21,180,7220,0.18982954545454547,2560,1.4259800136089325,0.465625,0.7915784806013108,0.7977942317724228,0.25625,0.431680454313755,0.5960122585296631,0.03137257695198059,0.03994798492640257,0.7041831523180008,0.7764486700296402,-0.01512981057167051,0.16632988750934596,nan,0.0,nan,0.0,0
21,200,7240,0.1886931818181818,2560,1.4444851875305176,0.441015625,0.7688121259212494,0.7887194514274597,0.2796875,0.4334291532635689,0.5958440363407135,0.03137257695198059,0.039460535161197186,0.7024494558572769,0.7819293290376663,0.013117203116416953,0.16632988750934596,nan,0.0,0.296875,0.3769476000161376,0
21,220,7260,0.18755681818181819,2560,1.431853222846985,0.45625,0.7761346578598023,0.7906826168298722,0.2796875,0.4350033849477768,0.5900519281625748,0.03137257695198059,0.03985554706305265,0.7050342112779617,0.7764486700296402,0.00031401216983795166,0.16632988750934596,nan,0.0,nan,0.0,0
21,240,7280,0.18642045454545453,2560,1.4204654395580292,0.4515625,0.7715972691774369,0.7886120021343231,0.291015625,0.4487572193145752,0.587891036272049,0.03137257695198059,0.03878051340579987,0.7023199677467347,0.7764486700296402,0.004851400852203369,0.16632988750934596,nan,0.0,nan,0.0,0
21,260,7300,0.18528409090909093,2560,1.4300770819187165,0.460546875,0.7812027901411056,0.7934747278690338,0.270703125,0.43023933917284013,0.5913143277168273,0.03137257695198059,0.040555639564990996,0.7052678227424621,0.7761346578598023,-0.005068132281303317,0.16632988750934596,nan,0.0,nan,0.0,0
21,280,7320,0.18414772727272724,2560,1.426978302001953,0.45859375,0.781496313214302,0.7959325402975083,0.263671875,0.4252164676785469,0.5921628534793854,0.03137257695198059,0.03930581528693437,0.7028534322977066,0.7761346578598023,-0.005361655354499728,0.16632988750934596,nan,0.0,nan,0.0,0
21,300,7340,0.18301136363636364,2560,1.4266164481639863,0.459375,0.7662447959184646,0.7929096430540085,0.28125,0.44987876117229464,0.5900120049715042,0.03137257695198059,0.036119688861072065,0.6950264006853104,0.7761346578598023,0.009889861941337674,0.16632988750934596,nan,0.0,0.34375,0.3700154000252951,0
21,320,7360,0.18187499999999998,2560,1.4537170112133027,0.446875,0.7785758465528488,0.7927346795797348,0.284765625,0.44346367120742797,0.5983156979084014,0.03137257695198059,0.0376958180218935,0.6972908765077591,0.7761346578598023,-0.0024411886930465476,0.16632988750934596,nan,0.0,nan,0.0,0
21,340,7380,0.18073863636363638,2560,1.4676479876041413,0.441796875,0.7909402638673783,0.7979277491569519,0.284765625,0.43585178554058074,0.5899056911468505,0.03137257695198059,0.039847407117486,0.7024374902248383,0.7785758465528488,-0.012364417314529419,0.16632988750934596,nan,0.0,nan,0.0,0
21,352,7392,0.18005681818181815,1480,1.4214971452145964,0.4608108103275299,0.7869501516625688,0.7991453045123332,0.28378378362269013,0.43478263938749157,0.5882095758979385,0.03137257695198059,0.035959933516947,0.6956395806492985,0.7812027901411056,-0.005747361521463157,0.16632988750934596,nan,0.0,nan,0.0,0
22,20,7412,0.17892045454545455,2560,1.3725579023361205,0.462890625,0.7713318675756454,0.7850921809673309,0.296484375,0.4323295682668686,0.5900642544031143,0.03137257695198059,0.04089742675423622,0.7058151841163636,0.781496313214302,0.010164445638656594,0.16632988750934596,nan,0.0,nan,0.0,0
22,40,7432,0.1777840909090909,2560,1.401391053199768,0.4671875,0.7664131820201874,0.7878699213266372,0.290625,0.4688453748822212,0.592345067858696,0.03137257695198059,0.041084480658173564,0.706663915514946,0.7785758465528488,0.01216266453266146,0.16632988750934596,nan,0.0,0.328125,0.3863623000215739,0
22,60,7452,0.1766477272727273,2560,1.41668803691864,0.458203125,0.766701802611351,0.7918913722038269,0.28984375,0.43058564364910124,0.5946384638547897,0.03137257695198059,0.037938189879059794,0.6999164044857025,0.7785758465528488,0.011874043941497825,0.16632988750934596,nan,0.0,nan,0.0,0
22,80,7472,0.1755113636363636,2560,1.4292559444904327,0.453515625,0.7834417641162872,0.7971126705408096,0.299609375,0.44359561055898666,0.5813361078500747,0.03137257695198059,0.04193204324692488,0.7105501383543015,0.7713318675756454,-0.012109896540641762,0.16632988750934596,nan,0.0,nan,0.0,0
22,100,7492,0.174375,2560,1.4368768453598022,0.458203125,0.7718999713659287,0.7895603328943253,0.275,0.45153075605630877,0.6008616328239441,0.03137257695198059,0.03821878638118505,0.6994889140129089,0.7713318675756454,-0.0005681037902832697,0.16632988750934596,nan,0.0,nan,0.0,0
22,120,7512,0.17323863636363634,2560,1.416578871011734,0.463671875,0.7722670465707779,0.7939773827791214,0.2734375,0.4295126736164093,0.5910782009363175,0.03137257695198059,0.039076759666204455,0.7014126092195511,0.7713318675756454,-0.0009351789951325129,0.16632988750934596,nan,0.0,nan,0.0,0
22,140,7532,0.17210227272727274,2560,1.3870417058467865,0.459375,0.7673231452703476,0.7893553674221039,0.274609375,0.42917813509702685,0.5882782101631164,0.03137257695198059,0.03834236320108175,0.6992395788431167,0.7718999713659287,0.004576826095581077,0.16632988750934596,nan,0.0,0.34375,0.3770292999979574,0
22,160,7552,0.17096590909090906,2560,1.4172919631004333,0.4546875,0.7590429693460464,0.7851510584354401,0.2890625,0.45645408481359484,0.6003812432289124,0.03137257695198059,0.037554492242634296,0.6977930396795273,0.7718999713659287,0.012857002019882269,0.16632988750934596,nan,0.0,nan,0.0,0
22,180,7572,0.16982954545454546,2560,1.4351134121417999,0.465625,0.7920530319213868,0.7986362695693969,0.261328125,0.44037574231624604,0.5920404076576233,0.03137257695198059,0.04094964824616909,0.7073264926671982,0.7718999713659287,-0.02015306055545807,0.16632988750934596,nan,0.0,nan,0.0,0
22,200,7592,0.1686931818181818,2560,1.4309153258800507,0.44921875,0.7691632270812988,0.7916345179080964,0.288671875,0.44973154217004774,0.5900587946176529,0.03137257695198059,0.038982687145471574,0.7011271417140961,0.7718999713659287,0.0027367442846298884,0.16632988750934596,nan,0.0,nan,0.0,0
22,220,7612,0.1675568181818182,2560,1.3961410880088807,0.4734375,0.7725653618574142,0.7876537531614304,0.26484375,0.43003901839256287,0.5861651301383972,0.03137257695198059,0.036478922516107556,0.6971547394990921,0.7691632270812988,-0.0034021347761153953,0.16632988750934596,nan,0.0,nan,0.0,0
22,240,7632,0.16642045454545454,2560,1.3951795637607574,0.47265625,0.7722198814153671,0.7803142786026,0.2765625,0.4468612179160118,0.5815583795309067,0.03137257695198059,0.038264799118041995,0.6998773336410522,0.7691632270812988,-0.0030566543340683205,0.16632988750934596,nan,0.0,0.3125,0.3782099000236485,0
22,260,7652,0.16528409090909094,2560,1.4071994245052337,0.470703125,0.7635803103446961,0.7870474696159363,0.27421875,0.4468971058726311,0.5897912561893464,0.03137257695198059,0.03780491389334202,0.6980965346097946,0.7722198814153671,0.008639571070671037,0.16632988750934596,nan,0.0,nan,0.0,0
22,280,7672,0.16414772727272725,2560,1.3751798868179321,0.47578125,0.7709938704967498,0.7881560176610947,0.279296875,0.4433066353201866,0.5939806818962097,0.03137257695198059,0.03666230347007513,0.6953468203544617,0.7722198814153671,0.001226010918617293,0.16632988750934596,nan,0.0,nan,0.0,0
22,300,7692,0.16301136363636365,2560,1.3876263856887818,0.4578125,0.7557088434696198,0.7800538629293442,0.286328125,0.44177602231502533,0.5932295739650726,0.03137257695198059,0.040665144473314284,0.7041810721158981,0.7709938704967498,0.015285027027130083,0.16632988750934596,nan,0.0,nan,0.0,0
22,320,7712,0.161875,2560,1.4139704048633575,0.453515625,0.7597170740365982,0.7930165797472,0.287109375,0.4318046808242798,0.5849517971277237,0.03137257695198059,0.03791155852377415,0.6996143460273743,0.7709938704967498,0.011276796460151672,0.16632988750934596,nan,0.0,nan,0.0,0
22,340,7732,0.1607386363636364,2560,1.4317514061927796,0.45078125,0.7776878476142883,0.7872100979089737,0.289453125,0.45509798675775526,0.5888711452484131,0.03137257695198059,0.036816155537962914,0.6960917919874191,0.7635803103446961,-0.01410753726959224,0.16632988750934596,nan,0.0,0.3515625,0.37810479998006485,0
22,352,7744,0.16005681818181816,1480,1.4030593002164686,0.45540540604977997,0.7692785575583174,0.7847051588264672,0.2824324325935261,0.4316378124662348,0.5890906817204243,0.03137257695198059,0.03653557763711826,0.6962795099696597,0.7635803103446961,-0.0056982472136213325,0.16632988750934596,nan,0.0,nan,0.0,0
23,20,7764,0.15892045454545456,2560,1.3709977626800538,0.476171875,0.7831111967563629,0.7962122768163681,0.2703125,0.42544823288917544,0.5921573847532272,0.03137257695198059,0.03722321055829525,0.6955065160989762,0.7692785575583174,-0.013832639198045449,0.16632988750934596,nan,0.0,nan,0.0,0
23,40,7784,0.15778409090909087,2560,1.3665687322616578,0.473828125,0.7578177720308303,0.7829745143651963,0.27890625,0.45438338071107864,0.5856381952762604,0.03137257695198059,0.040952181071043016,0.706932646036148,0.7692785575583174,0.011460785527487083,0.16632988750934596,nan,0.0,nan,0.0,0
23,60,7804,0.15664772727272727,2560,1.376175445318222,0.467578125,0.7573931634426116,0.7838839411735534,0.28125,0.4520110100507736,0.5894606500864029,0.03137257695198059,0.03884070198982954,0.7026780158281326,0.7692785575583174,0.011885394115705772,0.16632988750934596,nan,0.0,nan,0.0,0
23,80,7824,0.15551136363636361,2560,1.3757768750190735,0.469921875,0.7721225589513778,0.7947934627532959,0.29453125,0.45373146086931226,0.590474209189415,0.03137257695198059,0.03589104656130075,0.6936238914728164,0.7692785575583174,-0.0028440013930604024,0.16632988750934596,nan,0.0,0.3984375,0.3656736999982968,0
23,100,7844,0.154375,2560,1.3681323647499084,0.47265625,0.7598519295454025,0.7836674004793167,0.278515625,0.43856710344552996,0.5853948146104813,0.03137257695198059,0.03772458545863629,0.6983244389295578,0.7692785575583174,0.00942662801291494,0.16632988750934596,nan,0.0,nan,0.0,0
23,120,7864,0.15323863636363635,2560,1.390251737833023,0.475390625,0.769372034072876,0.7867902308702469,0.27109375,0.45222052186727524,0.5927471399307251,0.03137257695198059,0.038495886418968436,0.7003077447414399,0.7598519295454025,-0.009520104527473539,0.16632988750934596,nan,0.0,nan,0.0,0
23,140,7884,0.15210227272727275,2560,1.3825177252292633,0.47578125,0.7686222791671753,0.7890604853630065,0.27578125,0.4425841927528381,0.5966902643442153,0.03137257695198059,0.039584293588995935,0.7027751088142395,0.7598519295454025,-0.00877034962177281,0.16632988750934596,nan,0.0,nan,0.0,0
23,160,7904,0.15096590909090907,2560,1.39234459400177,0.462890625,0.7538508653640748,0.7825958490371704,0.26953125,0.43888221234083175,0.5923123866319656,0.03137257695198059,0.038013062253594396,0.7001295179128647,0.7686222791671753,0.014771413803100542,0.16632988750934596,nan,0.0,nan,0.0,0
23,180,7924,0.14982954545454547,2560,1.4061742305755616,0.461328125,0.758727741241455,0.7834210842847824,0.285546875,0.45172750055789945,0.5884248316287994,0.03137257695198059,0.039365417696535586,0.7024459630250931,0.7686222791671753,0.00989453792572026,0.16632988750934596,nan,0.0,0.375,0.372028899990255,0
23,200,7944,0.1486931818181818,2560,1.355480319261551,0.4875,0.7580168664455413,0.7826297998428344,0.26640625,0.42635671645402906,0.5850058406591415,0.03137257695198059,0.03739924170076847,0.6979236662387848,0.7598519295454025,0.001835063099861145,0.16632988750934596,nan,0.0,nan,0.0,0
23,220,7964,0.1475568181818182,2560,1.34502032995224,0.487109375,0.7513780981302262,0.7801727473735809,0.290625,0.45096568018198013,0.590250039100647,0.03137257695198059,0.037256397679448126,0.697471660375595,0.758727741241455,0.007349643111228876,0.16632988750934596,nan,0.0,nan,0.0,0
23,240,7984,0.14642045454545452,2560,1.4019837737083436,0.466015625,0.7530251055955887,0.7840576410293579,0.290625,0.46361851692199707,0.5861510217189789,0.03137257695198059,0.036949945241212846,0.6961638182401657,0.7580168664455413,0.0049917608499526755,0.16632988750934596,nan,0.0,nan,0.0,0
23,260,8004,0.14528409090909092,2560,1.3959879994392395,0.467578125,0.7716093003749848,0.7850185573101044,0.268359375,0.42698436230421066,0.5914469569921493,0.03137257695198059,0.036645757779479024,0.6969257682561875,0.7538508653640748,-0.017758435010910012,0.16632988750934596,nan,0.0,nan,0.0,0
23,280,8024,0.14414772727272726,2560,1.3718758881092072,0.477734375,0.7587691217660903,0.7866985470056533,0.27734375,0.4470270112156868,0.5918696284294128,0.03137257695198059,0.03569798078387976,0.6929814845323563,0.7580168664455413,-0.0007522553205490112,0.16632988750934596,nan,0.0,0.3828125,0.36955079998006113,0
23,300,8044,0.14301136363636366,2560,1.3850600123405457,0.46171875,0.7387948393821716,0.7753935635089875,0.296875,0.47006952911615374,0.5917615443468094,0.03137257695198059,0.03653622902929783,0.6958970040082931,0.7580168664455413,0.01922202706336973,0.16632988750934596,nan,0.0,nan,0.0,0
23,320,8064,0.141875,2560,1.3671420335769653,0.46875,0.7606494337320328,0.7825487911701202,0.279296875,0.428829987347126,0.5866090357303619,0.03137257695198059,0.03595632985234261,0.69436075091362,0.7530251055955887,-0.007624328136444092,0.16632988750934596,nan,0.0,nan,0.0,0
23,340,8084,0.1407386363636364,2560,1.3601403892040254,0.4765625,0.7619349032640457,0.7843115657567978,0.289453125,0.44173484146595,0.583051061630249,0.03137257695198059,0.03672710750252008,0.6947938203811646,0.7587691217660903,-0.0031657814979553223,0.16632988750934596,nan,0.0,nan,0.0,0
23,352,8096,0.14005681818181817,1480,1.3818787864736608,0.46756756708428665,0.7359003025132257,0.7804593141014512,0.29121621621621624,0.4422876222713574,0.5933422339929116,0.03137257695198059,0.03885706979277972,0.7013764197761948,0.7606494337320328,0.024749131218807063,0.16632988750934596,nan,0.0,nan,0.0,0
24,20,8116,0.13892045454545457,2560,1.3547916889190674,0.483984375,0.7629244387149811,0.7846077173948288,0.254296875,0.42762395590543745,0.5881224542856216,0.03137257695198059,0.03799365637823939,0.6997595310211182,0.7587691217660903,-0.004155316948890708,0.16632988750934596,nan,0.0,0.34375,0.371452399995178,0
24,40,8136,0.13778409090909088,2560,1.3428993463516234,0.483203125,0.755405169725418,0.7759464383125305,0.28515625,0.4382973939180374,0.5847002923488617,0.03137257695198059,0.03776222318410873,0.6982993394136429,0.7606494337320328,0.005244264006614707,0.16632988750934596,nan,0.0,nan,0.0,0
24,60,8156,0.13664772727272728,2560,1.3492350220680236,0.490234375,0.7504353195428848,0.7797121971845626,0.28125,0.468923756480217,0.5945068567991256,0.03137257695198059,0.036597070284187794,0.6951349407434464,0.7606494337320328,0.010214114189147971,0.16632988750934596,nan,0.0,nan,0.0,0
24,80,8176,0.13551136363636362,2560,1.3366475403308868,0.494921875,0.763023179769516,0.7829918086528778,0.268359375,0.43979351222515106,0.5912969231605529,0.03137257695198059,0.0385409252718091,0.7007704526185989,0.755405169725418,-0.0076180100440979,0.16632988750934596,nan,0.0,nan,0.0,0
24,100,8196,0.13437500000000002,2560,1.3335915625095367,0.491796875,0.7406800806522369,0.7774499416351318,0.2671875,0.4464286625385284,0.590210235118866,0.03137257695198059,0.03675082456320524,0.6958738595247269,0.755405169725418,0.014725089073181152,0.16632988750934596,nan,0.0,nan,0.0,0
24,120,8216,0.13323863636363634,2560,1.3511752843856812,0.488671875,0.7447159349918365,0.7747566401958466,0.274609375,0.4493345469236374,0.5978817075490952,0.03137257695198059,0.034667057916522026,0.6884687185287476,0.755405169725418,0.01068923473358152,0.16632988750934596,nan,0.0,0.3671875,0.3719275000039488,0
24,140,8236,0.13210227272727273,2560,1.3391068398952484,0.5015625,0.7630899488925934,0.7890040248632431,0.2671875,0.44952947795391085,0.5837331354618073,0.03137257695198059,0.04003317169845104,0.7042295843362808,0.7504353195428848,-0.012654629349708624,0.16632988750934596,nan,0.0,nan,0.0,0
24,160,8256,0.13096590909090908,2560,1.3661175310611724,0.465234375,0.7517674952745438,0.7808813899755478,0.28984375,0.4563766807317734,0.5893943965435028,0.03137257695198059,0.038969488069415095,0.7018928319215775,0.7504353195428848,-0.0013321757316590022,0.16632988750934596,nan,0.0,nan,0.0,0
24,180,8276,0.12982954545454548,2560,1.3738643169403075,0.47734375,0.7501790523529053,0.779190468788147,0.28046875,0.4433063670992851,0.5837494134902954,0.03137257695198059,0.03486461406573653,0.689495787024498,0.7517674952745438,0.001588442921638511,0.16632988750934596,nan,0.0,nan,0.0,0
24,200,8296,0.12869318181818182,2560,1.3319758176803589,0.4875,0.75319544672966,0.7840329647064209,0.275390625,0.4360993728041649,0.5874251246452331,0.03137257695198059,0.03595182914286852,0.6932217329740524,0.7501790523529053,-0.0030163943767547163,0.16632988750934596,nan,0.0,nan,0.0,0
24,220,8316,0.12755681818181822,2560,1.3331075668334962,0.4828125,0.7652519047260284,0.7843963801860809,0.28515625,0.45003223717212676,0.5889460474252701,0.03137257695198059,0.03716330211609602,0.6969562709331513,0.7517674952745438,-0.013484409451484658,0.16632988750934596,nan,0.0,0.3359375,0.37055690001579933,0
24,240,8336,0.12642045454545453,2560,1.3538849890232085,0.475390625,0.7501106202602387,0.773742064833641,0.28359375,0.4562159895896912,0.58583744764328,0.03137257695198059,0.03517108336091042,0.6925131291151047,0.75319544672966,0.00308482646942132,0.16632988750934596,nan,0.0,nan,0.0,0
24,260,8356,0.12528409090909093,2560,1.337434035539627,0.49453125,0.7527122378349305,0.7744101375341416,0.270703125,0.44713267087936404,0.5845952540636062,0.03137257695198059,0.035073131509125235,0.691221758723259,0.7517674952745438,-0.0009447425603866799,0.16632988750934596,nan,0.0,nan,0.0,0
24,280,8376,0.12414772727272727,2560,1.3176091015338898,0.48984375,0.7451617777347564,0.7824361324310303,0.267578125,0.4323261708021164,0.5925857722759247,0.03137257695198059,0.0364709721878171,0.6948300570249557,0.7527122378349305,0.007550460100174017,0.16632988750934596,nan,0.0,nan,0.0,0
24,300,8396,0.12301136363636367,2560,1.3388008952140809,0.487109375,0.7415443450212479,0.7774153649806976,0.282421875,0.4445446714758873,0.5926446467638016,0.03137257695198059,0.03785971011966467,0.6977497935295105,0.7527122378349305,0.011167892813682578,0.16632988750934596,nan,0.0,nan,0.0,0
24,320,8416,0.121875,2560,1.3651470363140106,0.469921875,0.7329813420772553,0.7739333033561706,0.290625,0.45916408747434617,0.5922087550163269,0.03137257695198059,0.03565621040761471,0.6921922653913498,0.7501106202602387,0.017129278182983376,0.16632988750934596,nan,0.0,0.3046875,0.37236189999384806,0
24,340,8436,0.12073863636363633,2560,1.3320373177528382,0.490625,0.7653830587863922,0.7872254908084869,0.27734375,0.4388750344514847,0.5836242824792862,0.03137257695198059,0.035822190903127195,0.6934585005044938,0.7451617777347564,-0.020221281051635787,0.16632988750934596,nan,0.0,nan,0.0,0
24,352,8448,0.12005681818181817,1480,1.3822307973294645,0.46959459427240735,0.7542788582879144,0.7779624748874355,0.2777027027027027,0.456400743207416,0.5758072224823204,0.03137257695198059,0.03734984782499236,0.6993509576127336,0.7451617777347564,-0.009117080553157964,0.16632988750934596,nan,0.0,nan,0.0,0
25,20,8468,0.11892045454545457,2560,1.288221651315689,0.505078125,0.7541914910078049,0.7748394221067428,0.28984375,0.44402343183755877,0.5885551631450653,0.03137257695198059,0.03567836545407772,0.6928040117025376,0.7451617777347564,-0.009029713273048467,0.16632988750934596,nan,0.0,nan,0.0,0
25,40,8488,0.1177840909090909,2560,1.3087014555931091,0.489453125,0.7240509688854218,0.7760592311620712,0.290625,0.46406367123126985,0.5885908991098404,0.03137257695198059,0.03720151800662279,0.6962878733873368,0.7541914910078049,0.030140522122383162,0.16632988750934596,nan,0.0,nan,0.0,0
25,60,8508,0.11664772727272729,2560,1.288797628879547,0.510546875,0.7430978953838349,0.7801826685667038,0.278515625,0.4400432169437408,0.5892481625080108,0.03137257695198059,0.03571306634694338,0.6923824697732925,0.7541914910078049,0.011093595623970054,0.16632988750934596,nan,0.0,0.359375,0.36644640000304207,0
25,80,8528,0.11551136363636362,2560,1.3285061776638032,0.483203125,0.7346672356128693,0.7698557734489441,0.291796875,0.4627399891614914,0.588446831703186,0.03137257695198059,0.03933453019708395,0.7022646754980088,0.7541914910078049,0.01952425539493563,0.16632988750934596,nan,0.0,nan,0.0,0
25,100,8548,0.11437500000000002,2560,1.3497560620307922,0.491015625,0.761999997496605,0.7855121821165085,0.265234375,0.44329258501529695,0.5932200342416764,0.03137257695198059,0.0368791738525033,0.6978211402893066,0.7430978953838349,-0.018902102112770103,0.16632988750934596,nan,0.0,nan,0.0,0
25,120,8568,0.11323863636363635,2560,1.2638354897499084,0.5109375,0.7279733419418335,0.7668293237686157,0.269921875,0.43616942763328553,0.5865921229124069,0.03137257695198059,0.03618582282215357,0.6943070322275162,0.7430978953838349,0.015124553442001365,0.16632988750934596,nan,0.0,nan,0.0,0
25,140,8588,0.11210227272727276,2560,1.3003841400146485,0.497265625,0.7329668372869491,0.7761805385351181,0.27421875,0.45149520188570025,0.5932630121707916,0.03137257695198059,0.03527110107243061,0.6926242053508759,0.7346672356128693,0.0017003983259201716,0.16632988750934596,nan,0.0,nan,0.0,0
25,160,8608,0.11096590909090909,2560,1.3459615051746368,0.494140625,0.7410146474838257,0.7782966762781143,0.289453125,0.4608133316040039,0.5839471340179443,0.03137257695198059,0.03697206834331155,0.695996779203415,0.7346672356128693,-0.006347411870956443,0.16632988750934596,nan,0.0,0.3203125,0.368430200003786,0
25,180,8628,0.10982954545454549,2560,1.3062174379825593,0.48671875,0.7455982089042663,0.7727736324071884,0.28515625,0.4471873342990875,0.5866980433464051,0.03137257695198059,0.037933933362364766,0.6980228662490845,0.7346672356128693,-0.010930973291397028,0.16632988750934596,nan,0.0,nan,0.0,0
25,200,8648,0.10869318181818181,2560,1.324652749300003,0.498046875,0.7393858134746552,0.7797420650720597,0.26171875,0.439105162024498,0.5860630303621293,0.03137257695198059,0.0355629226192832,0.6919190883636475,0.7410146474838257,0.0016288340091705766,0.16632988750934596,nan,0.0,nan,0.0,0
25,220,8668,0.10755681818181821,2560,1.2839307487010956,0.501953125,0.7464641600847244,0.7749527186155319,0.275390625,0.4326300546526909,0.5906643033027649,0.03137257695198059,0.035848763026297095,0.6937371224164963,0.7393858134746552,-0.0070783466100692305,0.16632988750934596,nan,0.0,nan,0.0,0
25,240,8688,0.10642045454545454,2560,1.3593184411525727,0.487890625,0.7302416652441025,0.7735762447118759,0.271484375,0.47732174694538115,0.5872895658016205,0.03137257695198059,0.03703009728342295,0.6954742521047592,0.7410146474838257,0.010772982239723228,0.16632988750934596,nan,0.0,nan,0.0,0
25,260,8708,0.10528409090909087,2560,1.3390877842903137,0.486328125,0.7505964487791061,0.7772869378328323,0.283984375,0.4353619158267975,0.5973285883665085,0.03137257695198059,0.034585895296186206,0.6881787359714509,0.7410146474838257,-0.009581801295280412,0.16632988750934596,nan,0.0,0.40625,0.37831010000081733,0
25,280,8728,0.10414772727272727,2560,1.3195639193058013,0.497265625,0.7548301845788956,0.772802111506462,0.283984375,0.44415782392024994,0.5798296838998794,0.03137257695198059,0.03467615526169539,0.6893808513879776,0.7455982089042663,-0.0092319756746293,0.16632988750934596,nan,0.0,nan,0.0,0
25,300,8748,0.10301136363636361,2560,1.2992763638496398,0.492578125,0.7256782948970795,0.771010485291481,0.278125,0.4541024625301361,0.5894278377294541,0.03137257695198059,0.03506731726229191,0.6901909828186035,0.7464641600847244,0.020785865187644914,0.16632988750934596,nan,0.0,nan,0.0,0
25,320,8768,0.10187500000000001,2560,1.286052757501602,0.505078125,0.7429405868053436,0.7756546318531037,0.262890625,0.4401025354862213,0.586962902545929,0.03137257695198059,0.0363763720728457,0.6936091214418412,0.7464641600847244,0.0035235732793807983,0.16632988750934596,nan,0.0,nan,0.0,0
25,340,8788,0.10073863636363634,2560,1.3153310120105743,0.49765625,0.7444641649723053,0.7729246973991394,0.273828125,0.448790468275547,0.5907854944467544,0.03137257695198059,0.034429121389985086,0.6876305192708969,0.7429405868053436,-0.0015235781669616921,0.16632988750934596,nan,0.0,nan,0.0,0
25,352,8800,0.10005681818181818,1480,1.2702431092391142,0.51689189092533,0.7411764202891169,0.7739645123481751,0.2756756756756757,0.43921300962164594,0.5889672791635668,0.03137257695198059,0.03525409569611421,0.6918853350587794,0.7444641649723053,0.003287744683188376,0.16632988750934596,nan,0.0,0.4140625,0.37836309999693185,0
26,20,8820,0.09892045454545458,2560,1.2543547689914702,0.509375,0.7250696450471878,0.7668870538473129,0.275390625,0.4394728720188141,0.5921355068683625,0.03137257695198059,0.03632709430530667,0.6932726591825485,0.7429405868053436,0.017870941758155734,0.16632988750934596,nan,0.0,nan,0.0,0
26,40,8840,0.0977840909090909,2560,1.2388396620750428,0.5265625,0.7235373347997666,0.7674141138792038,0.261328125,0.4383785858750343,0.5824066370725631,0.03137257695198059,0.03557329513132572,0.6923038601875305,0.7411764202891169,0.017639085489350337,0.16632988750934596,nan,0.0,nan,0.0,0
26,60,8860,0.0966477272727273,2560,1.2707120418548583,0.508984375,0.7135166198015213,0.7574525326490402,0.27109375,0.4633470132946968,0.5878541499376297,0.03137257695198059,0.0358781810849905,0.6909400999546051,0.7411764202891169,0.027659800487595643,0.16632988750934596,nan,0.0,nan,0.0,0
26,80,8880,0.09551136363636363,2560,1.3210441648960114,0.499609375,0.7377531349658966,0.7753847926855088,0.279296875,0.46879349648952484,0.5860528528690339,0.03137257695198059,0.0360711183398962,0.693486899137497,0.7250696450471878,-0.012683489918708712,0.16632988750934596,nan,0.0,nan,0.0,0
26,100,8900,0.09437500000000003,2560,1.2857749879360199,0.509375,0.7347232550382614,0.7704857051372528,0.271875,0.4407007068395615,0.5854189723730088,0.03137257695198059,0.03433248121291399,0.6865681260824203,0.7250696450471878,-0.009653609991073564,0.16632988750934596,nan,0.0,0.3671875,0.3724452000169549,0
26,120,8920,0.09323863636363636,2560,1.2376402556896209,0.522265625,0.7411171823740006,0.7729981958866119,0.272265625,0.4505571976304054,0.5891634792089462,0.03137257695198059,0.03509569764137268,0.6909708380699158,0.7250696450471878,-0.016047537326812744,0.16632988750934596,nan,0.0,nan,0.0,0
26,140,8940,0.09210227272727275,2560,1.3054258525371552,0.49375,0.7171410411596298,0.7712232172489166,0.290625,0.4578256756067276,0.5921038538217545,0.03137257695198059,0.034127413481473926,0.6882197082042694,0.7347232550382614,0.01758221387863157,0.16632988750934596,nan,0.0,nan,0.0,0
26,160,8960,0.09096590909090908,2560,1.319847398996353,0.503125,0.7422838568687439,0.7727601587772369,0.266796875,0.4431267842650414,0.5938083827495575,0.03137257695198059,0.03283063555136323,0.6849340200424194,0.7347232550382614,-0.007560601830482461,0.16632988750934596,nan,0.0,nan,0.0,0
26,180,8980,0.08982954545454543,2560,1.3101804435253144,0.491796875,0.7318368196487427,0.7689033657312393,0.287890625,0.4616032689809799,0.5889971643686295,0.03137257695198059,0.032761319633573295,0.6816599726676941,0.7377531349658966,0.005916315317153864,0.16632988750934596,nan,0.0,nan,0.0,0
26,200,9000,0.08869318181818182,2560,1.2540003180503845,0.52109375,0.7529957920312882,0.7791404902935029,0.265234375,0.4237869426608086,0.5862664699554443,0.03137257695198059,0.036975635588169097,0.6968155115842819,0.7347232550382614,-0.018272536993026778,0.16632988750934596,nan,0.0,0.390625,0.371826599992346,0
26,220,9020,0.08755681818181815,2560,1.285720908641815,0.511328125,0.7253069967031479,0.7624429225921631,0.274609375,0.45320906192064286,0.5877285152673721,0.03137257695198059,0.03473056526854634,0.6897189944982529,0.7411171823740006,0.015810185670852683,0.16632988750934596,nan,0.0,nan,0.0,0
26,240,9040,0.08642045454545455,2560,1.248307853937149,0.512890625,0.736558398604393,0.7712881922721863,0.2875,0.43226010352373123,0.5838835626840592,0.03137257695198059,0.035675288550555705,0.6934991031885147,0.7318368196487427,-0.004721578955650285,0.16632988750934596,nan,0.0,nan,0.0,0
26,260,9060,0.08528409090909088,2560,1.2679675459861754,0.509765625,0.7131152272224426,0.7632951319217682,0.276953125,0.4579780474305153,0.5922985285520553,0.03137257695198059,0.0361493818461895,0.6926879465579987,0.736558398604393,0.0234431713819504,0.16632988750934596,nan,0.0,nan,0.0,0
26,280,9080,0.08414772727272728,2560,1.239758598804474,0.5265625,0.7248358577489853,0.7663573205471039,0.27890625,0.4581494078040123,0.5866264522075653,0.03137257695198059,0.034818385168910025,0.6899658441543579,0.7318368196487427,0.0070009618997574075,0.16632988750934596,nan,0.0,nan,0.0,0
26,300,9100,0.0830113636363636,2560,1.2581804931163787,0.5109375,0.716081964969635,0.7660873591899872,0.278515625,0.4501384049654007,0.59106625020504,0.03137257695198059,0.033591975644230845,0.686561432480812,0.7253069967031479,0.009225031733512856,0.16632988750934596,nan,0.0,0.359375,0.372334999992745,0
26,320,9120,0.081875,2560,1.220344340801239,0.523046875,0.7198706895112992,0.759587624669075,0.28125,0.456843638420105,0.5880709528923035,0.03137257695198059,0.034100827667862176,0.6866198956966401,0.7248358577489853,0.004965168237686113,0.16632988750934596,nan,0.0,nan,0.0,0
26,340,9140,0.08073863636363633,2560,1.2850414752960204,0.496484375,0.7253277868032455,0.7703675836324692,0.29609375,0.4553347572684288,0.5793711602687835,0.03137257695198059,0.03549978956580162,0.6912506699562073,0.7198706895112992,-0.005457097291946322,0.16632988750934596,nan,0.0,nan,0.0,0
26,352,9152,0.08005681818181817,1480,1.2516749414237769,0.5256756759978629,0.7427953107936962,0.7731610536575317,0.26148648624484605,0.44526163468489777,0.5945739365912772,0.03137257695198059,0.035857462641355156,0.6916757480518237,0.7198706895112992,-0.02292462128239703,0.16632988750934596,nan,0.0,nan,0.0,0
27,20,9172,0.07892045454545457,2560,1.213774847984314,0.528125,0.7296414732933044,0.766038915514946,0.273046875,0.43321406096220016,0.5875287532806397,0.03137257695198059,0.035358032770454885,0.6909467369318009,0.7248358577489853,-0.004805615544319131,0.16632988750934596,nan,0.0,nan,0.0,0
27,40,9192,0.0777840909090909,2560,1.2372836410999297,0.522265625,0.7196393221616745,0.7617815881967545,0.273828125,0.4564961507916451,0.5817554652690887,0.03137257695198059,0.03280967399477959,0.6840979278087616,0.7253277868032455,0.005688464641571023,0.16632988750934596,nan,0.0,0.359375,0.37872409998090006,0
27,60,9212,0.07664772727272724,2560,1.2193095207214355,0.521875,0.7198741644620895,0.7600231379270553,0.272265625,0.4401389941573143,0.5919628322124482,0.03137257695198059,0.03438015189021826,0.687333396077156,0.7253277868032455,0.005453622341155984,0.16632988750934596,nan,0.0,nan,0.0,0
27,80,9232,0.07551136363636364,2560,1.2275339782238006,0.51484375,0.7229715824127197,0.7657093226909637,0.282421875,0.45447988957166674,0.5846176356077194,0.03137257695198059,0.033633028622716665,0.6844706267118454,0.7253277868032455,0.0023562043905257513,0.16632988750934596,nan,0.0,nan,0.0,0
27,100,9252,0.07437499999999997,2560,1.1933239579200745,0.55234375,0.7209404945373535,0.7571878015995026,0.25390625,0.4464683666825294,0.586873134970665,0.03137257695198059,0.033610567729920146,0.6847010731697083,0.7229715824127197,0.002031087875366211,0.16632988750934596,nan,0.0,nan,0.0,0
27,120,9272,0.07323863636363637,2560,1.1971590876579286,0.541796875,0.700829929113388,0.7561030328273773,0.271484375,0.452375228703022,0.5901541590690613,0.03137257695198059,0.033394270576536655,0.6844783842563629,0.7209404945373535,0.0201105654239655,0.16632988750934596,nan,0.0,nan,0.0,0
27,140,9292,0.0721022727272727,2560,1.2666509330272675,0.508984375,0.705262365937233,0.7560831904411316,0.289453125,0.4757110640406609,0.5911370724439621,0.03137257695198059,0.03541948329657316,0.6907489120960235,0.7198741644620895,0.0146117985248565,0.16632988750934596,nan,0.0,0.4296875,0.3718102999846451,0
27,160,9312,0.0709659090909091,2560,1.2380092144012451,0.523828125,0.7242890179157258,0.765353661775589,0.28359375,0.45064429342746737,0.5834874719381332,0.03137257695198059,0.03263416178524494,0.6798859864473343,0.7198741644620895,-0.004414853453636236,0.16632988750934596,nan,0.0,nan,0.0,0
27,180,9332,0.06982954545454542,2560,1.223941147327423,0.529296875,0.722054198384285,0.7701793849468231,0.265625,0.44714646190404894,0.583666381239891,0.03137257695198059,0.033802145067602395,0.6867522776126862,0.7209404945373535,-0.0011137038469314353,0.16632988750934596,nan,0.0,nan,0.0,0
27,200,9352,0.06869318181818182,2560,1.2489046633243561,0.51875,0.7244293808937072,0.768503588438034,0.279296875,0.4569350019097328,0.5937177211046218,0.03137257695198059,0.03613069243729115,0.6941173225641251,0.7209404945373535,-0.003488886356353693,0.16632988750934596,nan,0.0,nan,0.0,0
27,220,9372,0.06755681818181815,2560,1.2089680850505828,0.54375,0.725032702088356,0.7663323938846588,0.25,0.4424209326505661,0.5858356684446335,0.03137257695198059,0.032629771158099174,0.6836309611797333,0.722054198384285,-0.002978503704071045,0.16632988750934596,nan,0.0,nan,0.0,0
27,240,9392,0.06642045454545455,2560,1.2338975965976715,0.533984375,0.7158156543970108,0.7575856775045395,0.273046875,0.4672602415084839,0.5886898279190064,0.03137257695198059,0.0336789789609611,0.6841599851846695,0.7242890179157258,0.008473363518714971,0.16632988750934596,nan,0.0,0.375,0.37287899997318164,0
27,260,9412,0.06528409090909089,2560,1.1758357286453247,0.55078125,0.7075391113758087,0.7597395718097687,0.255859375,0.4308564022183418,0.5882799983024597,0.03137257695198059,0.03282372858375311,0.6826166599988938,0.7242890179157258,0.016749906539917037,0.16632988750934596,nan,0.0,nan,0.0,0
27,280,9432,0.06414772727272729,2560,1.1823632180690766,0.53203125,0.7066471844911575,0.7654401302337647,0.275,0.4458322376012802,0.5878439694643021,0.03137257695198059,0.03261971529573202,0.6826153218746185,0.722054198384285,0.015407013893127486,0.16632988750934596,nan,0.0,nan,0.0,0
27,300,9452,0.06301136363636362,2560,1.2003229796886443,0.52890625,0.7011109024286271,0.757349294424057,0.281640625,0.46171292662620544,0.5915298670530319,0.03137257695198059,0.0318964283913374,0.6801907509565354,0.7158156543970108,0.014704751968383722,0.16632988750934596,nan,0.0,nan,0.0,0
27,320,9472,0.06187500000000001,2560,1.2131474912166595,0.528125,0.7198572099208832,0.7657465755939483,0.263671875,0.43980988413095473,0.5785217434167862,0.03137257695198059,0.03281140029430389,0.6801081746816635,0.7075391113758087,-0.012318098545074485,0.16632988750934596,nan,0.0,nan,0.0,0
27,340,9492,0.06073863636363634,2560,1.251216423511505,0.516796875,0.6979544132947921,0.7487177699804306,0.27734375,0.46394258439540864,0.5825770318508148,0.03137257695198059,0.03266017697751522,0.6822586566209793,0.7075391113758087,0.009584698081016585,0.16632988750934596,nan,0.0,0.3515625,0.3747493000118993,0
27,352,9504,0.06005681818181818,1480,1.20619422422873,0.5425675672453802,0.7333044277655112,0.7680917214702916,0.26689189229462595,0.43301627700393264,0.5840587367882599,0.03137257695198059,0.03307489514149524,0.6827772955636721,0.7066471844911575,-0.026657243274353704,0.16632988750934596,nan,0.0,nan,0.0,0
28,20,9524,0.05892045454545451,2560,1.1423144072294236,0.5640625,0.7271776705980301,0.7589211970567703,0.246484375,0.42406885921955106,0.5840854853391647,0.03137257695198059,0.03252979787066579,0.6797767698764801,0.7066471844911575,-0.02053048610687258,0.16632988750934596,nan,0.0,nan,0.0,0
28,40,9544,0.05778409090909091,2560,1.1903744906187057,0.52109375,0.7077953308820725,0.7582527369260788,0.291015625,0.45576040893793107,0.5866652399301528,0.03137257695198059,0.03539432846009731,0.6919560253620147,0.7198572099208832,0.01206187903881073,0.16632988750934596,nan,0.0,nan,0.0,0
28,60,9564,0.05664772727272724,2560,1.1826428532600404,0.54296875,0.7185605049133301,0.7645787715911865,0.26171875,0.45497302860021593,0.5896001368761062,0.03137257695198059,0.033576284628361465,0.6831244587898254,0.7198572099208832,0.0012967050075530784,0.16632988750934596,nan,0.0,nan,0.0,0
28,80,9584,0.05551136363636364,2560,1.180135142803192,0.5375,0.7039715439081192,0.7577682733535767,0.27109375,0.4527226388454437,0.5883485376834869,0.03137257695198059,0.032131602242589,0.6793714016675949,0.7185605049133301,0.014588961005210899,0.16632988750934596,nan,0.0,0.3671875,0.37104669999098405,0
28,100,9604,0.05437499999999997,2560,1.1733413338661194,0.549609375,0.7187216371297837,0.7613725244998932,0.270703125,0.4524679139256477,0.5843007624149322,0.03137257695198059,0.03148325402289629,0.6775997936725616,0.7185605049133301,-0.00016113221645353004,0.16632988750934596,nan,0.0,nan,0.0,0
28,120,9624,0.05323863636363637,2560,1.2209340512752533,0.5265625,0.6952642530202866,0.746892186999321,0.27578125,0.44944738149642943,0.5846017301082611,0.03137257695198059,0.03239060575142503,0.6806030720472336,0.7185605049133301,0.023296251893043518,0.16632988750934596,nan,0.0,nan,0.0,0
28,140,9644,0.0521022727272727,2560,1.1865488946437837,0.53515625,0.7139818549156189,0.7604493647813797,0.274609375,0.44141246378421783,0.5842162072658539,0.03137257695198059,0.03305679624900222,0.683096781373024,0.7077953308820725,-0.00618652403354647,0.16632988750934596,nan,0.0,nan,0.0,0
28,160,9664,0.050965909090909096,2560,1.1606662392616272,0.5546875,0.7151418387889862,0.7609558284282685,0.274609375,0.4403461813926697,0.5842872798442841,0.03137257695198059,0.0351146575063467,0.6907115370035172,0.7139818549156189,-0.001159983873367243,0.16632988750934596,nan,0.0,nan,0.0,0
28,180,9684,0.04982954545454543,2560,1.1415590286254882,0.569140625,0.7108930706977844,0.7491499781608582,0.24921875,0.45030140727758405,0.5882268428802491,0.03137257695198059,0.03385140858590603,0.6852999031543732,0.7139818549156189,0.0030887842178345393,0.16632988750934596,nan,0.0,0.421875,0.37819230000604875,0
28,200,9704,0.04869318181818183,2560,1.1337336361408235,0.551953125,0.7021991670131683,0.752186730504036,0.2828125,0.45023942142724993,0.5903164058923721,0.03137257695198059,0.033977176435291766,0.6884574115276336,0.7139818549156189,0.011782687902450628,0.16632988750934596,nan,0.0,nan,0.0,0
28,220,9724,0.04755681818181816,2560,1.1631577253341674,0.55078125,0.7017668098211288,0.7521882623434066,0.283203125,0.466640442609787,0.5885485500097275,0.03137257695198059,0.032582150772213936,0.6813344925642013,0.7108930706977844,0.009126260876655579,0.16632988750934596,nan,0.0,nan,0.0,0
28,240,9744,0.046420454545454556,2560,1.2052790582180024,0.52578125,0.6880224525928498,0.7429471522569656,0.284765625,0.46456235349178315,0.5845380336046219,0.03137257695198059,0.031631192471832034,0.6789287149906158,0.7108930706977844,0.022870618104934626,0.16632988750934596,nan,0.0,nan,0.0,0
28,260,9764,0.04528409090909089,2560,1.1635431498289108,0.556640625,0.7214393496513367,0.7655727624893188,0.255078125,0.4383973255753517,0.5891830623149872,0.03137257695198059,0.03331521824002266,0.6839731872081757,0.7021991670131683,-0.0192401826381684,0.16632988750934596,nan,0.0,nan,0.0,0
28,280,9784,0.04414772727272729,2560,1.1448795527219773,0.54375,0.6978683561086655,0.7515683650970459,0.28203125,0.4492445170879364,0.5819819331169128,0.03137257695198059,0.03206705218181014,0.6777778178453445,0.7021991670131683,0.004330810904502824,0.16632988750934596,nan,0.0,0.390625,0.37116989999776706,0
28,300,9804,0.04301136363636362,2560,1.1384775459766387,0.55703125,0.6866741895675659,0.7472112238407135,0.273046875,0.44956295341253283,0.5846373438835144,0.03137257695198059,0.032397219073027374,0.6815676748752594,0.7017668098211288,0.01509262025356295,0.16632988750934596,nan,0.0,nan,0.0,0
28,320,9824,0.041875000000000016,2560,1.1222406685352326,0.5625,0.7108964890241622,0.7609649896621704,0.259375,0.4342760771512985,0.5828420251607895,0.03137257695198059,0.03383934460580349,0.6853309482336044,0.6978683561086655,-0.01302813291549676,0.16632988750934596,nan,0.0,nan,0.0,0
28,340,9844,0.040738636363636345,2560,1.134515756368637,0.5484375,0.6851644515991211,0.7516544610261917,0.280859375,0.4519914150238037,0.5849131524562836,0.03137257695198059,0.031339393462985754,0.6764479637145996,0.6978683561086655,0.012703904509544395,0.16632988750934596,nan,0.0,nan,0.0,0
28,352,9856,0.040056818181818186,1480,1.159813412460121,0.5601351364238842,0.6799908051619659,0.7504480471482148,0.2533783778950975,0.46570030660242645,0.5800376824430518,0.031372576770750255,0.033467075248827804,0.6844275700079429,0.6978683561086655,0.017877550946699627,0.16632988750934596,nan,0.0,nan,0.0,0
29,20,9876,0.038920454545454515,2560,1.0991399824619292,0.580078125,0.7244638234376908,0.7568457454442978,0.26328125,0.43495229482650755,0.592038232088089,0.03137257695198059,0.03371775122359395,0.6859470993280411,0.6866741895675659,-0.037789633870124906,0.16632988750934596,nan,0.0,0.3828125,0.3695368000189774,0
29,40,9896,0.03778409090909091,2560,1.0957737624645234,0.583203125,0.6967853099107743,0.7465877711772919,0.259375,0.4519044876098633,0.58463174700737,0.03137257695198059,0.0324711749330163,0.6802733689546585,0.6866741895675659,-0.01011112034320838,0.16632988750934596,nan,0.0,nan,0.0,0
29,60,9916,0.03664772727272725,2560,1.1087679028511048,0.572265625,0.6726776987314225,0.7393027245998383,0.261328125,0.44611617624759675,0.584793871641159,0.03137257695198059,0.03416974004358053,0.6851140558719635,0.6967853099107743,0.024107611179351784,0.16632988750934596,nan,0.0,nan,0.0,0
29,80,9936,0.035511363636363646,2560,1.1029698491096496,0.573828125,0.7027396053075791,0.7524849057197571,0.2578125,0.4500866621732712,0.5839803278446197,0.03137257695198059,0.03321142513304949,0.684699860215187,0.6851644515991211,-0.01757515370845797,0.16632988750934596,nan,0.0,nan,0.0,0
29,100,9956,0.034374999999999975,2560,1.0683179676532746,0.58828125,0.6911646753549576,0.7446899592876435,0.25,0.4320389747619629,0.5834980249404907,0.03137257695198059,0.03148772194981575,0.6773185342550277,0.6967853099107743,0.005620634555816628,0.16632988750934596,nan,0.0,nan,0.0,0
29,120,9976,0.03323863636363637,2560,1.1059598922729492,0.56875,0.6849271535873414,0.7441940516233444,0.270703125,0.4415383219718933,0.5954223871231079,0.03137257695198059,0.03321375884115696,0.6836806952953338,0.6967853099107743,0.0118581563234329,0.16632988750934596,nan,0.0,0.421875,0.3725773000041954,0
29,140,9996,0.03210227272727271,2560,1.1114530384540557,0.569140625,0.668271791934967,0.733784630894661,0.2578125,0.4450425237417221,0.5877062648534774,0.03137257695198059,0.03245113892480731,0.6803279042243957,0.6911646753549576,0.02289288341999063,0.16632988750934596,nan,0.0,nan,0.0,0
29,160,10016,0.030965909090909103,2560,1.0912792295217515,0.57578125,0.6954201579093933,0.7497020930051803,0.266796875,0.4376619443297386,0.5841620326042175,0.03137257695198059,0.03106090473011136,0.6760722070932388,0.6849271535873414,-0.010493004322051913,0.16632988750934596,nan,0.0,nan,0.0,0
29,180,10036,0.029829545454545435,2560,1.0901892989873887,0.583203125,0.6946855396032333,0.7488104671239852,0.25625,0.4430462807416916,0.5941127985715866,0.03137257695198059,0.03335367999970913,0.6827568382024765,0.6911646753549576,-0.0035208642482756902,0.16632988750934596,nan,0.0,nan,0.0,0
29,200,10056,0.028693181818181833,2560,1.0442176818847657,0.5875,0.6597138673067093,0.7312058985233307,0.2625,0.4412894621491432,0.5822370171546936,0.03137257695198059,0.032686442229896785,0.6828387945890426,0.6911646753549576,0.03145080804824829,0.16632988750934596,nan,0.0,nan,0.0,0
29,220,10076,0.027556818181818165,2560,1.0566511511802674,0.587109375,0.6786836802959442,0.7420185327529907,0.259765625,0.43306259214878084,0.5866157680749893,0.03137257695198059,0.03149448866024614,0.6786946892738343,0.6849271535873414,0.0062434732913971835,0.16632988750934596,nan,0.0,0.453125,0.3725744000112172,0
29,240,10096,0.026420454545454563,2560,1.1209272742271423,0.56171875,0.658612722158432,0.740365493297577,0.275390625,0.4477278426289558,0.5864153772592544,0.03137257695198059,0.03185380129143596,0.67880699634552,0.6786836802959442,0.02007095813751214,0.16632988750934596,nan,0.0,nan,0.0,0
29,260,10116,0.025284090909090895,2560,1.084770742058754,0.58203125,0.6807975143194198,0.7382946223020553,0.267578125,0.44723008275032045,0.5816749811172486,0.03137257695198059,0.03145049139857292,0.6767389804124833,0.6786836802959442,-0.002113834023475647,0.16632988750934596,nan,0.0,nan,0.0,0
29,280,10136,0.024147727272727293,2560,1.0740937054157258,0.58359375,0.7040952712297439,0.75345219373703,0.263671875,0.4388417139649391,0.5866006463766098,0.03137257695198059,0.032213101722300054,0.6806031078100204,0.6786836802959442,-0.025411590933799744,0.16632988750934596,nan,0.0,nan,0.0,0
29,300,10156,0.023011363636363625,2560,1.1006760776042939,0.57265625,0.6750981003046036,0.7402692377567291,0.271484375,0.4561192989349365,0.5771834343671799,0.03137257695198059,0.032670734263956544,0.6817452609539032,0.6786836802959442,0.0035855799913405706,0.16632988750934596,nan,0.0,nan,0.0,0
29,320,10176,0.021875000000000023,2560,1.0832062780857086,0.5921875,0.6746992647647858,0.7369377344846726,0.25546875,0.44588602930307386,0.5857099115848541,0.03137257695198059,0.03324292376637459,0.683332747220993,0.6786836802959442,0.0039844155311583584,0.16632988750934596,nan,0.0,0.4375,0.37503140000626445,0
29,340,10196,0.02073863636363635,2560,1.0472638219594956,0.599609375,0.7020670473575592,0.7480220973491669,0.239453125,0.4244839310646057,0.5851865381002426,0.03137257695198059,0.031633999291807414,0.6770959347486496,0.6750981003046036,-0.026968947052955605,0.16632988750934596,nan,0.0,nan,0.0,0
29,352,10208,0.020056818181818193,1480,1.0453683414974728,0.5864864874530483,0.6564423477327501,0.7286203400508777,0.2567567565956631,0.4420517441388723,0.5922227012144553,0.031372576770750255,0.03031940160168184,0.6733713162911905,0.6807975143194198,0.024355166586669696,0.16632988750934596,nan,0.0,nan,0.0,0
30,20,10228,0.01892045454545452,2560,1.0338064938783647,0.59296875,0.6700734436511994,0.739308312535286,0.260546875,0.4349823996424675,0.5894555628299714,0.03137257695198059,0.03140304954722524,0.6769604235887527,0.6750981003046036,0.005024656653404236,0.16632988750934596,nan,0.0,nan,0.0,0
30,40,10248,0.01778409090909092,2560,1.0003261387348175,0.6140625,0.7001893520355225,0.7427134364843369,0.254296875,0.4171257019042969,0.5886743068695068,0.03137257695198059,0.03307823212817311,0.6821618288755417,0.6746992647647858,-0.02549008727073665,0.16632988750934596,nan,0.0,nan,0.0,0
30,60,10268,0.01664772727272725,2560,1.0088051319122315,0.608984375,0.7012680530548095,0.7460406213998795,0.248046875,0.4293713092803955,0.5895347833633423,0.03137257695198059,0.03261205339804292,0.6800769478082657,0.6746992647647858,-0.026568788290023737,0.16632988750934596,nan,0.0,0.46875,0.36476939998101443,0
30,80,10288,0.01551136363636365,2560,1.0119271248579025,0.598828125,0.6779574781656266,0.7346242487430572,0.260546875,0.4345938995480537,0.5800637781620026,0.03137257695198059,0.03261842411011458,0.680995711684227,0.7001893520355225,0.02223187386989589,0.16632988750934596,nan,0.0,nan,0.0,0
30,100,10308,0.014374999999999982,2560,0.9984917730093003,0.608984375,0.67376309633255,0.7367551416158676,0.250390625,0.4312070429325104,0.5885751277208329,0.03137257695198059,0.03224562304094434,0.6800830513238907,0.6779574781656266,0.0041943818330765215,0.16632988750934596,nan,0.0,nan,0.0,0
30,120,10328,0.01323863636363638,2560,0.9997901290655136,0.601171875,0.6697981417179107,0.7316394925117493,0.253515625,0.42295448780059813,0.575168001651764,0.03137257695198059,0.03188371043652296,0.6772229105234147,0.6779574781656266,0.008159336447715826,0.16632988750934596,nan,0.0,nan,0.0,0
30,140,10348,0.012102272727272712,2560,0.9919680058956146,0.61171875,0.673116734623909,0.7319989740848541,0.249609375,0.42117387652397154,0.5806713312864303,0.03137257695198059,0.03189175184816122,0.6780307531356812,0.6779574781656266,0.004840743541717596,0.16632988750934596,nan,0.0,nan,0.0,0
30,160,10368,0.01096590909090911,2560,1.0213298678398133,0.596484375,0.6649924457073212,0.7369758814573288,0.260546875,0.4345762073993683,0.5851547390222549,0.03137257695198059,0.03190495939925313,0.6771138131618499,0.67376309633255,0.00877065062522886,0.16632988750934596,nan,0.0,0.4765625,0.37036580001586117,0
30,180,10388,0.00982954545454544,2560,1.0105947524309158,0.608984375,0.6597133547067642,0.7362078547477722,0.254296875,0.43195945024490356,0.5863071590662002,0.03137257695198059,0.03161682123318314,0.6768010169267654,0.673116734623909,0.013403379917144798,0.16632988750934596,nan,0.0,nan,0.0,0
30,200,10408,0.008693181818181838,2560,0.9691959828138351,0.633203125,0.6818366557359695,0.7375196009874344,0.236328125,0.42824413180351256,0.582645696401596,0.03137257695198059,0.03203966021537781,0.6775836318731308,0.6697981417179107,-0.012038514018058777,0.16632988750934596,nan,0.0,nan,0.0,0
30,220,10428,0.00755681818181817,2560,0.9842369109392166,0.61953125,0.6780737847089767,0.7308830410242081,0.241796875,0.4224469974637032,0.5835820734500885,0.03137257695198059,0.03272605864331126,0.6803585827350617,0.6697981417179107,-0.008275642991065979,0.16632988750934596,nan,0.0,nan,0.0,0
30,240,10448,0.006420454545454568,2560,0.9726193219423294,0.6203125,0.6708366930484772,0.7286286860704422,0.24375,0.42387878596782685,0.5790966272354126,0.03137257695198059,0.03138572368770838,0.6758922964334488,0.673116734623909,0.0022800415754318237,0.16632988750934596,nan,0.0,nan,0.0,0
30,260,10468,0.005284090909090899,2560,0.9833715200424195,0.6140625,0.6470001816749573,0.7319509118795395,0.2421875,0.4259807616472244,0.5762965112924576,0.03137257695198059,0.031227425206452608,0.6750541776418686,0.6708366930484772,0.02383651137351983,0.16632988750934596,nan,0.0,0.4921875,0.37220529999467544,0
30,280,10488,0.004147727272727297,2560,0.9788982331752777,0.61328125,0.6576289504766464,0.7213667780160904,0.25390625,0.41897985339164734,0.5798420190811158,0.03137257695198059,0.032012104615569116,0.6797450989484787,0.6708366930484772,0.013207742571830772,0.16632988750934596,nan,0.0,nan,0.0,0
30,300,10508,0.0030113636363636284,2560,0.9484414160251617,0.619921875,0.6744982987642288,0.7221387445926666,0.25234375,0.4101195365190506,0.5896039545536041,0.03137257695198059,0.03169640358537436,0.6773737281560898,0.6708366930484772,-0.0036616057157516924,0.16632988750934596,nan,0.0,nan,0.0,0
30,320,10528,0.0018750000000000266,2560,0.952767476439476,0.6171875,0.6711615860462189,0.7358791500329971,0.259375,0.4165619269013405,0.5777520626783371,0.03137257695198059,0.032998593803495166,0.6815280437469482,0.6708366930484772,-0.00032489299774174363,0.16632988750934596,nan,0.0,nan,0.0,0
30,340,10548,0.000738636363636358,2560,0.9598803579807281,0.621484375,0.661023685336113,0.721402508020401,0.2546875,0.42066549956798555,0.5897695034742355,0.03137257695198059,0.032508584856987,0.6803947746753692,0.6708366930484772,0.009813007712364152,0.16632988750934596,nan,0.0,nan,0.0,0
30,352,10560,5.681818181819675e-05,1480,1.0027808263495162,0.6108108101664362,0.6591810413309046,0.733102188883601,0.23918918951137647,0.43313143108342145,0.5878361067256412,0.03137257695198059,0.032570337383328256,0.6813033171602197,0.661023685336113,0.0018426440052083937,0.16632988750934596,nan,0.0,0.5234375,0.3783052999933716,0
