epoch,batch,global_step,lr,window_samples,train_adv_loss,train_adv_acc,free_gradient_cosine,free_gradient_sign_agreement,free_prediction_disagreement,free_attack_loss_gain,free_boundary_fraction,free_delta_linf,control_gradient_participation_ratio,control_gradient_entropy,detector_baseline,detector_score,detector_threshold,detector_pgd10_acc,detector_seconds,observer_pgd10_acc,observer_pgd10_seconds,intervention_triggered
1,20,20,0.0010795454545454546,2560,2.907265472412109,0.0,0.03187079140916467,0.5024397730827331,0.4140625,0.6017043173313141,0.9156419306993484,0.03137257695198059,0.25078933835029604,0.8862638056278229,nan,nan,0.16632988750934596,nan,0.0,nan,0.0,0
1,40,40,0.002215909090909091,2560,2.6236923217773436,0.000390625,0.09285277482122183,0.5183265894651413,0.357421875,0.39341910034418104,0.9148267358541489,0.03137257695198059,0.24778423607349395,0.885318499803543,nan,nan,0.16632988750934596,nan,0.0,nan,0.0,0
1,60,60,0.0033522727272727276,2560,2.364559364318848,0.069140625,0.332516023516655,0.5807675838470459,0.1859375,0.16142713315784932,0.9135180413722992,0.03137257695198059,0.21480142325162888,0.872293335199356,nan,nan,0.16632988750934596,nan,0.0,nan,0.0,0
1,80,80,0.004488636363636363,2560,2.2785770416259767,0.120703125,0.5914615720510483,0.6564819544553757,0.17265625,0.09917548038065434,0.9138528406620026,0.03137257695198059,0.16586173623800277,0.844718211889267,0.09285277482122183,-0.4986087972298265,0.16632988750934596,nan,0.0,nan,0.0,0
1,100,100,0.005625,2560,2.2257450103759764,0.14609375,0.7398094117641449,0.7147796839475632,0.251171875,0.11812529414892196,0.9143165737390518,0.03137257695198059,0.13439912311732768,0.8181935340166092,0.21268439916893842,-0.5271250125952065,0.16632988750934596,nan,0.0,0.140625,0.39215390000026673,0
1,120,120,0.006761363636363636,2560,2.208541679382324,0.168359375,0.8038820862770081,0.7430910974740982,0.19375,0.11855260170996189,0.9137531489133834,0.03137257695198059,0.1057922039180994,0.7880946129560471,0.332516023516655,-0.4713660627603531,0.16632988750934596,nan,0.0,nan,0.0,0
1,140,140,0.007897727272727272,2560,2.1965707778930663,0.154296875,0.8305956900119782,0.7611641079187393,0.194921875,0.12697633914649487,0.9145786464214325,0.03137257695198059,0.08679339215159416,0.7617889523506165,0.5914615720510483,-0.23913411796092987,0.16632988750934596,nan,0.0,nan,0.0,0
1,160,160,0.009034090909090908,2560,2.185690689086914,0.180078125,0.8538399815559388,0.7783197045326233,0.204296875,0.12547346167266368,0.9110056698322296,0.03137257695198059,0.07491732910275459,0.7429538339376449,0.7398094117641449,-0.11403056979179382,0.16632988750934596,nan,0.0,nan,0.0,0
1,180,180,0.010170454545454547,2560,2.157035303115845,0.192578125,0.8690505474805832,0.7887433558702469,0.198828125,0.1413120448589325,0.9105615168809891,0.03137257695198059,0.06910010725259781,0.7287979304790497,0.8038820862770081,-0.06516846120357511,0.16632988750934596,nan,0.0,nan,0.0,0
1,200,200,0.011306818181818182,2560,2.14468994140625,0.1953125,0.8745857954025269,0.8011079400777816,0.208984375,0.16064937859773637,0.9131523370742798,0.03137257695198059,0.0730992864817381,0.7381891250610352,0.8305956900119782,-0.043990105390548706,0.16632988750934596,nan,0.0,0.25,0.36278970004059374,0
1,220,220,0.012443181818181819,2560,2.1217856407165527,0.1859375,0.8751042187213898,0.8107242792844772,0.231640625,0.17187440395355225,0.9118353664875031,0.03137257695198059,0.074535396322608,0.7435940951108932,0.8538399815559388,-0.021264237165451005,0.16632988750934596,nan,0.0,nan,0.0,0
1,240,240,0.013579545454545454,2560,2.101754570007324,0.216796875,0.8848363071680069,0.8183366298675537,0.23046875,0.19655464738607406,0.9160578668117523,0.03137257695198059,0.07436780594289302,0.7474020540714263,0.8690505474805832,-0.015785759687423684,0.16632988750934596,nan,0.0,nan,0.0,0
1,260,260,0.014715909090909089,2560,2.0885058403015138,0.20546875,0.888405230641365,0.8270553797483444,0.189453125,0.20175822600722312,0.9137559533119202,0.03137257695198059,0.0755391351878643,0.7512947797775269,0.8745857954025269,-0.013819435238838107,0.16632988750934596,nan,0.0,nan,0.0,0
1,280,280,0.015852272727272725,2560,2.059839677810669,0.21640625,0.8942201405763626,0.8265499323606491,0.1921875,0.19341120943427087,0.9204721003770828,0.03137257695198059,0.06972558572888374,0.739906159043312,0.8751042187213898,-0.019115921854972795,0.16632988750934596,nan,0.0,nan,0.0,0
1,300,300,0.016988636363636362,2560,2.0450270652770994,0.212109375,0.8883779346942902,0.8225348323583603,0.21796875,0.22115752175450326,0.9206454128026962,0.03137257695198059,0.06659522913396358,0.739893102645874,0.8848363071680069,-0.0035416275262832864,0.16632988750934596,nan,0.0,0.2578125,0.35922220000065863,0
1,320,320,0.018125,2560,2.054221248626709,0.23203125,0.8950870215892792,0.8308545619249343,0.2046875,0.2200317971408367,0.9161172330379486,0.03137257695198059,0.06809801291674375,0.7397579789161682,0.8883779346942902,-0.006709086894989058,0.16632988750934596,nan,0.0,nan,0.0,0
1,340,340,0.019261363636363635,2560,2.045341444015503,0.23828125,0.896340262889862,0.8349482476711273,0.1890625,0.22936362847685815,0.9184205502271652,0.03137257695198059,0.07076593451201915,0.7455343455076218,0.888405230641365,-0.00793503224849701,0.16632988750934596,nan,0.0,nan,0.0,0
1,352,352,0.019943181818181818,1480,2.0515702505369444,0.22770270286379635,0.9030832906027098,0.8419026845210308,0.1945945945945946,0.2275092551031628,0.9150810982729938,0.03137257695198059,0.0691978376459431,0.7441643653689204,0.8942201405763626,-0.008863150026347189,0.16632988750934596,nan,0.0,nan,0.0,0
2,20,372,0.021079545454545455,2560,2.0337857246398925,0.2390625,0.9037492871284485,0.8369933038949966,0.184375,0.22774915918707847,0.9212645441293716,0.03137257695198059,0.06163229364901781,0.7285603702068328,0.8950870215892792,-0.008662265539169267,0.16632988750934596,nan,0.0,nan,0.0,0
2,40,392,0.022215909090909088,2560,2.052105712890625,0.225,0.8909036308526993,0.8292882442474365,0.188671875,0.2325468108057976,0.919886925816536,0.03137257695198059,0.06162793133407831,0.7300810545682908,0.896340262889862,0.005436632037162714,0.16632988750934596,nan,0.0,0.1875,0.3878903000149876,0
2,60,412,0.023352272727272725,2560,2.0338608980178834,0.230859375,0.9120470315217972,0.8457850366830826,0.21015625,0.21623944416642188,0.9183784753084183,0.03137257695198059,0.06198045071214438,0.7300605714321137,0.896340262889862,-0.01570676863193521,0.16632988750934596,nan,0.0,nan,0.0,0
2,80,432,0.024488636363636365,2560,2.0310336112976075,0.237109375,0.9036029428243637,0.8449825465679168,0.1953125,0.23703325167298317,0.9197887629270554,0.03137257695198059,0.06597291957587004,0.7405168175697326,0.9030832906027098,-0.0005196522216539545,0.16632988750934596,nan,0.0,nan,0.0,0
2,100,452,0.025625,2560,2.0041606426239014,0.245703125,0.9045780569314956,0.8438827753067016,0.19453125,0.2334776885807514,0.9206145137548447,0.03137257695198059,0.06284342147409916,0.7340478032827378,0.9036029428243637,-0.0009751141071319136,0.16632988750934596,nan,0.0,nan,0.0,0
2,120,472,0.026761363636363635,2560,1.9901941776275636,0.239453125,0.901347017288208,0.8429770350456238,0.210546875,0.24268221110105515,0.9194753199815751,0.03137257695198059,0.058368421345949176,0.7271981626749039,0.9037492871284485,0.0024022698402405007,0.16632988750934596,nan,0.0,nan,0.0,0
2,140,492,0.027897727272727272,2560,1.991585659980774,0.24375,0.9048009485006332,0.8514363825321197,0.20078125,0.24099357202649116,0.9208497554063797,0.03137257695198059,0.0633307121694088,0.7370231747627258,0.9036029428243637,-0.0011980056762694868,0.16632988750934596,nan,0.0,0.203125,0.36910040001384914,0
2,160,512,0.02903409090909091,2560,2.0052888870239256,0.2453125,0.9049017667770386,0.8460950344800949,0.2140625,0.24767791405320166,0.9176787257194519,0.03137257695198059,0.05803773291409016,0.7248108416795731,0.9045780569314956,-0.00032370984554297433,0.16632988750934596,nan,0.0,nan,0.0,0
2,180,532,0.030170454545454545,2560,1.987221622467041,0.243359375,0.9005628764629364,0.8468040645122528,0.2203125,0.24810209572315217,0.9183377772569656,0.03137257695198059,0.06077612899243832,0.7329806864261628,0.9045780569314956,0.0040151804685591985,0.16632988750934596,nan,0.0,nan,0.0,0
2,200,552,0.03130681818181818,2560,1.9719815254211426,0.25625,0.9127310693264008,0.8542148739099502,0.188671875,0.25836156979203223,0.9170136988162995,0.03137257695198059,0.059178880602121356,0.7275602966547012,0.9045780569314956,-0.00815301239490518,0.16632988750934596,nan,0.0,nan,0.0,0
2,220,572,0.032443181818181815,2560,2.003642725944519,0.251953125,0.9070211529731751,0.8505640774965286,0.212890625,0.27060210779309274,0.9197911769151688,0.03137257695198059,0.05839896947145462,0.7275147140026093,0.9048009485006332,-0.002220204472541898,0.16632988750934596,nan,0.0,nan,0.0,0
2,240,592,0.03357954545454545,2560,1.9730116367340087,0.258984375,0.9009482145309449,0.8507025599479675,0.200390625,0.256060478836298,0.9171283930540085,0.03137257695198059,0.05978096555918455,0.7308195024728775,0.9049017667770386,0.003953552246093728,0.16632988750934596,nan,0.0,0.171875,0.35908439999911934,0
2,260,612,0.03471590909090909,2560,1.9586880207061768,0.250390625,0.8954058408737182,0.8418786555528641,0.22734375,0.25947345942258837,0.9171755701303482,0.03137257695198059,0.05925746913999319,0.7310609072446823,0.9049017667770386,0.009495925903320379,0.16632988750934596,nan,0.0,nan,0.0,0
2,280,632,0.035852272727272726,2560,1.9718429565429687,0.255078125,0.9015564054250718,0.8508772730827332,0.20390625,0.2522255465388298,0.9158856898546219,0.03137257695198059,0.06009201165288687,0.7343863606452942,0.9009482145309449,-0.0006081908941268921,0.16632988750934596,nan,0.0,nan,0.0,0
2,300,652,0.03698863636363636,2560,1.953286838531494,0.2546875,0.8960061818361282,0.8424872279167175,0.222265625,0.27321388721466067,0.9173150599002838,0.03137257695198059,0.05197045858949423,0.7147983610630035,0.9015564054250718,0.005550223588943526,0.16632988750934596,nan,0.0,nan,0.0,0
2,320,672,0.038125,2560,1.9943780422210693,0.246484375,0.9117662668228149,0.8543097376823425,0.212109375,0.25609876587986946,0.9173665523529053,0.03137257695198059,0.05573585759848356,0.7185609757900238,0.9009482145309449,-0.01081805229187005,0.16632988750934596,nan,0.0,nan,0.0,0
2,340,692,0.03926136363636363,2560,1.9753121376037597,0.24921875,0.9038972377777099,0.853621044754982,0.223828125,0.27593347430229187,0.9174803614616394,0.03137257695198059,0.061370442435145375,0.7378861546516419,0.9009482145309449,-0.002949023246765048,0.16632988750934596,nan,0.0,0.2734375,0.35613019997254014,0
2,352,704,0.039943181818181815,1480,1.9553305110415897,0.2479729727313325,0.9020870411718214,0.8500055148794844,0.22297297248969206,0.2706983537287325,0.9174356215708964,0.03137257695198059,0.06007254836527077,0.737065221812274,0.9015564054250718,-0.0005306357467496081,0.16632988750934596,nan,0.0,nan,0.0,0
3,20,724,0.04107954545454545,2560,1.954990315437317,0.258203125,0.9057780146598816,0.8531053125858307,0.199609375,0.2667252041399479,0.9162164211273194,0.03137257695198059,0.05734199099242687,0.7267333984375,0.9020870411718214,-0.003690973488060245,0.16632988750934596,nan,0.0,nan,0.0,0
3,40,744,0.04221590909090909,2560,1.9214794635772705,0.255078125,0.9070573538541794,0.854325121641159,0.216796875,0.27879597917199134,0.9148876368999481,0.03137257695198059,0.05682703368365764,0.7249650985002518,0.9038972377777099,-0.003160116076469488,0.16632988750934596,nan,0.0,nan,0.0,0
3,60,764,0.043352272727272725,2560,1.9483467102050782,0.26171875,0.905016565322876,0.8473340570926666,0.2140625,0.2792940497398376,0.9200009882450104,0.03137257695198059,0.056679187528789046,0.7268538802862168,0.9057780146598816,0.0007614493370056152,0.16632988750934596,nan,0.0,nan,0.0,0
3,80,784,0.04448863636363636,2560,1.9188599109649658,0.27421875,0.9037474185228348,0.852389931678772,0.22734375,0.2785300865769386,0.9180159419775009,0.03137257695198059,0.05052567329257727,0.7150479108095169,0.905016565322876,0.0012691468000411987,0.16632988750934596,nan,0.0,0.2734375,0.3836887999204919,0
3,100,804,0.04562499999999999,2560,1.9738408088684083,0.25234375,0.9068254739046097,0.8554212182760239,0.21015625,0.2748412661254406,0.9166680872440338,0.03137257695198059,0.054313254170119764,0.721637350320816,0.905016565322876,-0.0018089085817336592,0.16632988750934596,nan,0.0,nan,0.0,0
3,120,824,0.046761363636363636,2560,1.909611177444458,0.266796875,0.8996681243181228,0.8496629297733307,0.217578125,0.2884343147277832,0.9180966913700104,0.03137257695198059,0.05474708899855614,0.7224335342645645,0.9057780146598816,0.006109890341758795,0.16632988750934596,nan,0.0,nan,0.0,0
3,140,844,0.04789772727272727,2560,1.9349281072616578,0.273828125,0.9058342784643173,0.8524331629276276,0.20703125,0.2812977805733681,0.9169930934906005,0.03137257695198059,0.05494488459080458,0.7261037290096283,0.905016565322876,-0.0008177131414413008,0.16632988750934596,nan,0.0,nan,0.0,0
3,160,864,0.04903409090909091,2560,1.9291494846343995,0.254296875,0.9031067073345185,0.8488996088504791,0.225,0.2898188129067421,0.9182143092155457,0.03137257695198059,0.05351748373359442,0.7216740369796752,0.905016565322876,0.0019098579883575217,0.16632988750934596,nan,0.0,nan,0.0,0
3,180,884,0.050170454545454546,2560,1.9097115516662597,0.270703125,0.9038456737995147,0.8483369380235672,0.212890625,0.2767430804669857,0.9157022088766098,0.03137257695198059,0.0518817650154233,0.7195288985967636,0.9037474185228348,-9.825527667994827e-05,0.16632988750934596,nan,0.0,0.28125,0.36458569997921586,0
3,200,904,0.05130681818181818,2560,1.9028438091278077,0.2875,0.8903378814458847,0.8439941614866256,0.23515625,0.3049316443502903,0.9157058954238891,0.03137257695198059,0.05240857657045126,0.7211063086986542,0.9038456737995147,0.013507792353630088,0.16632988750934596,nan,0.0,nan,0.0,0
3,220,924,0.05244318181818181,2560,1.9103323459625243,0.260546875,0.9026215136051178,0.8504930078983307,0.25859375,0.29658598005771636,0.9171464443206787,0.03137257695198059,0.05190864820033312,0.718177005648613,0.9031067073345185,0.0004851937294007014,0.16632988750934596,nan,0.0,nan,0.0,0
3,240,944,0.05357954545454545,2560,1.9152207851409913,0.279296875,0.8956139504909515,0.8475297451019287,0.206640625,0.29819500669836996,0.9126824885606766,0.03137257695198059,0.05331089682877064,0.7246693074703217,0.9031067073345185,0.007492756843566983,0.16632988750934596,nan,0.0,nan,0.0,0
3,260,964,0.054715909090909086,2560,1.9026573181152344,0.28359375,0.8950910240411758,0.8463490962982178,0.21015625,0.289552903175354,0.9207351893186569,0.03137257695198059,0.05541600119322539,0.726028436422348,0.9026215136051178,0.007530489563941978,0.16632988750934596,nan,0.0,nan,0.0,0
3,280,984,0.05585227272727273,2560,1.8909006118774414,0.28203125,0.9031488955020904,0.851596599817276,0.223046875,0.2846285030245781,0.9147187739610672,0.03137257695198059,0.04801573175936937,0.7091237127780914,0.8956139504909515,-0.007534945011138938,0.16632988750934596,nan,0.0,0.203125,0.36368640000000596,0
3,300,1004,0.056988636363636366,2560,1.897000241279602,0.29296875,0.8965618908405304,0.8454750210046769,0.230078125,0.29433839619159696,0.9151025295257569,0.03137257695198059,0.05178926400840282,0.7186974495649338,0.8956139504909515,-0.0009479403495789018,0.16632988750934596,nan,0.0,nan,0.0,0
3,320,1024,0.058124999999999996,2560,1.878957998752594,0.291796875,0.8884476274251938,0.8414576411247253,0.241796875,0.31060888171195983,0.919165313243866,0.03137257695198059,0.050514112785458566,0.7190566956996918,0.8965618908405304,0.008114263415336609,0.16632988750934596,nan,0.0,nan,0.0,0
3,340,1044,0.05926136363636363,2560,1.9024734258651734,0.2765625,0.8894378989934921,0.8462061822414398,0.247265625,0.30689654052257537,0.9154787868261337,0.03137257695198059,0.05551042687147856,0.7307017326354981,0.8956139504909515,0.006176051497459367,0.16632988750934596,nan,0.0,nan,0.0,0
3,352,1056,0.05994318181818181,1480,1.8836160221615352,0.306756757078944,0.8954463865305926,0.8454543883736069,0.22905405357077316,0.2934311109620172,0.9134251120928172,0.03137257695198059,0.051724199668781175,0.7214592611467516,0.8950910240411758,-0.0003553624894168106,0.16632988750934596,nan,0.0,nan,0.0,0
4,20,1076,0.061079545454545456,2560,1.8326575756072998,0.309765625,0.8892751485109329,0.8399765163660049,0.25078125,0.32007493227720263,0.9180051356554031,0.03137257695198059,0.05021621007472277,0.7172304064035415,0.8954463865305926,0.006171238019659686,0.16632988750934596,nan,0.0,0.21875,0.37182650004979223,0
4,40,1096,0.06221590909090909,2560,1.875573205947876,0.280859375,0.8925117701292038,0.8410013973712921,0.246484375,0.3040980786085129,0.9155245661735535,0.03137257695198059,0.051504412293434144,0.7202192276716233,0.8894378989934921,-0.00307387113571167,0.16632988750934596,nan,0.0,nan,0.0,0
4,60,1116,0.06335227272727273,2560,1.8455971717834472,0.294140625,0.8844522655010223,0.8393351525068283,0.2421875,0.31855006963014604,0.9134924799203873,0.03137257695198059,0.05340621080249548,0.7254132390022278,0.8894378989934921,0.004985633492469832,0.16632988750934596,nan,0.0,nan,0.0,0
4,80,1136,0.06448863636363636,2560,1.8503669500350952,0.29375,0.8837463676929473,0.83995261490345,0.27890625,0.32526601999998095,0.9136698573827744,0.03137257695198059,0.05268307086080313,0.7225767523050308,0.8894378989934921,0.005691531300544783,0.16632988750934596,nan,0.0,nan,0.0,0
4,100,1156,0.065625,2560,1.8407917737960815,0.300390625,0.8906442075967789,0.8414444148540496,0.26171875,0.3207508370280266,0.9168274194002152,0.03137257695198059,0.051166713051497933,0.7211690604686737,0.8892751485109329,-0.0013690590858459473,0.16632988750934596,nan,0.0,nan,0.0,0
4,120,1176,0.06676136363636363,2560,1.8427665472030639,0.28984375,0.8914825320243835,0.8451732873916626,0.259375,0.3366307482123375,0.9195860713720322,0.03137257695198059,0.05355941485613584,0.7255106300115586,0.8892751485109329,-0.0022073835134506226,0.16632988750934596,nan,0.0,0.2421875,0.36345259996596724,0
4,140,1196,0.06789772727272726,2560,1.8413914442062378,0.28828125,0.8885854214429856,0.8404620081186295,0.248046875,0.3168358147144318,0.9164458155632019,0.03137257695198059,0.05156626813113689,0.7225874811410904,0.8906442075967789,0.0020587861537932906,0.16632988750934596,nan,0.0,nan,0.0,0
4,160,1216,0.0690340909090909,2560,1.8540478110313416,0.29375,0.8846096068620681,0.8378861904144287,0.247265625,0.32760964781045915,0.9169181972742081,0.03137257695198059,0.05033856369554997,0.7206108659505844,0.8885854214429856,0.003975814580917447,0.16632988750934596,nan,0.0,nan,0.0,0
4,180,1236,0.07017045454545454,2560,1.8381851077079774,0.324609375,0.8897885680198669,0.8443353205919266,0.234375,0.32305136173963545,0.9193554162979126,0.03137257695198059,0.05219846274703741,0.7229152202606202,0.8885854214429856,-0.0012031465768813643,0.16632988750934596,nan,0.0,nan,0.0,0
4,200,1256,0.07130681818181818,2560,1.806212830543518,0.32578125,0.8855545282363891,0.8377751886844635,0.24375,0.33807542771100996,0.916625103354454,0.03137257695198059,0.04913111068308353,0.7162046402692794,0.8897885680198669,0.004234039783477805,0.16632988750934596,nan,0.0,nan,0.0,0
4,220,1276,0.07244318181818182,2560,1.8408082365989684,0.296875,0.8904367923736572,0.8445104211568832,0.268359375,0.3297663077712059,0.919008532166481,0.03137257695198059,0.05016128495335579,0.7176015555858613,0.8885854214429856,-0.0018513709306716697,0.16632988750934596,nan,0.0,0.3203125,0.3556269999826327,0
4,240,1296,0.07357954545454545,2560,1.8318370819091796,0.3078125,0.8871086806058883,0.839369735121727,0.257421875,0.33003866523504255,0.9188537836074829,0.03137257695198059,0.04909395724534989,0.7183003574609756,0.8885854214429856,0.0014767408370972568,0.16632988750934596,nan,0.0,nan,0.0,0
4,260,1316,0.07471590909090908,2560,1.7905017495155335,0.323046875,0.8924386769533157,0.8450699031352997,0.255859375,0.32504705935716627,0.9179725795984268,0.03137257695198059,0.05616846047341824,0.7337355792522431,0.8871086806058883,-0.005329996347427368,0.16632988750934596,nan,0.0,nan,0.0,0
4,280,1336,0.07585227272727273,2560,1.8192829847335816,0.316796875,0.8816212296485901,0.8395561426877975,0.26171875,0.3329783231019974,0.918480196595192,0.03137257695198059,0.049704848974943164,0.7196342557668686,0.8897885680198669,0.008167338371276811,0.16632988750934596,nan,0.0,nan,0.0,0
4,300,1356,0.07698863636363637,2560,1.8207483470439911,0.29609375,0.8874777764081955,0.8356919825077057,0.26484375,0.32884884178638457,0.9124823421239853,0.03137257695198059,0.049901597760617734,0.7206222534179687,0.8871086806058883,-0.0003690958023071511,0.16632988750934596,nan,0.0,nan,0.0,0
4,320,1376,0.078125,2560,1.7940155684947967,0.313671875,0.8883832395076752,0.8421655148267746,0.264453125,0.347501328587532,0.915001830458641,0.03137257695198059,0.05066121183335781,0.7238770663738251,0.8874777764081955,-0.0009054630994796975,0.16632988750934596,nan,0.0,0.3046875,0.38120569998864084,0
4,340,1396,0.07926136363636364,2560,1.796868085861206,0.31875,0.8784819096326828,0.8336815029382706,0.235546875,0.33631093353033065,0.9202889978885651,0.03137257695198059,0.050370733812451364,0.7222215175628662,0.8874777764081955,0.008995866775512673,0.16632988750934596,nan,0.0,nan,0.0,0
4,352,1408,0.07994318181818182,1480,1.7689783689138052,0.32027027091464483,0.8802635308858511,0.8377544944350784,0.26621621669949713,0.33464347285193363,0.9172363477784234,0.03137257695198059,0.050507486128323786,0.7220508652764398,0.8874777764081955,0.007214245522344398,0.16632988750934596,nan,0.0,nan,0.0,0
5,20,1428,0.08107954545454545,2560,1.8080556869506836,0.315625,0.8837861776351928,0.8384928494691849,0.261328125,0.3544031232595444,0.9211179286241531,0.03137257695198059,0.050757655315101145,0.725121158361435,0.8816212296485901,-0.0021649479866027166,0.16632988750934596,nan,0.0,nan,0.0,0
5,40,1448,0.08221590909090909,2560,1.7803969383239746,0.329296875,0.888293308019638,0.8411394923925399,0.249609375,0.3357724785804749,0.9162394374608993,0.03137257695198059,0.04998482260853052,0.719762098789215,0.8837861776351928,-0.004507130384445168,0.16632988750934596,nan,0.0,nan,0.0,0
5,60,1468,0.08335227272727272,2560,1.7938128411769867,0.31640625,0.8726144164800644,0.8293569117784501,0.25703125,0.36324301511049273,0.9152783870697021,0.03137257695198059,0.05040939655154943,0.7224373787641525,0.8837861776351928,0.011171761155128412,0.16632988750934596,nan,0.0,0.265625,0.37110370001755655,0
5,80,1488,0.08448863636363636,2560,1.8168302536010743,0.315625,0.8784909218549728,0.8326639980077744,0.241796875,0.3275190323591232,0.9196279078722001,0.03137257695198059,0.054149719141423705,0.7315708041191101,0.8802635308858511,0.0017726090308782805,0.16632988750934596,nan,0.0,nan,0.0,0
5,100,1508,0.08562499999999999,2560,1.7815804123878478,0.31796875,0.8799140363931656,0.8371226251125335,0.2421875,0.3459660172462463,0.918413046002388,0.03137257695198059,0.05053195506334305,0.7245383411645889,0.8802635308858511,0.00034949449268550925,0.16632988750934596,nan,0.0,nan,0.0,0
5,120,1528,0.08676136363636362,2560,1.7734085202217102,0.323828125,0.8709734380245209,0.8285942286252975,0.27109375,0.34855117201805114,0.9169100642204284,0.03137257695198059,0.04874788206070661,0.7188414841890335,0.8799140363931656,0.008940598368644692,0.16632988750934596,nan,0.0,nan,0.0,0
5,140,1548,0.08789772727272727,2560,1.7420251369476318,0.3421875,0.8785393834114075,0.8349806696176529,0.26640625,0.3487591058015823,0.9164123743772506,0.03137257695198059,0.051480383425951,0.7255642771720886,0.8784909218549728,-4.8461556434675757e-05,0.16632988750934596,nan,0.0,nan,0.0,0
5,160,1568,0.0890340909090909,2560,1.7853996336460114,0.326171875,0.880885460972786,0.8332185268402099,0.2515625,0.3523812547326088,0.9176090449094773,0.03137257695198059,0.05350559800863266,0.7312148839235306,0.8784909218549728,-0.002394539117813177,0.16632988750934596,nan,0.0,0.2734375,0.35931129998061806,0
5,180,1588,0.09017045454545455,2560,1.770367193222046,0.311328125,0.8700489372014999,0.8294248133897781,0.255859375,0.34426358342170715,0.9151798486709595,0.03137257695198059,0.047814484871923926,0.7175278604030609,0.8785393834114075,0.008490446209907576,0.16632988750934596,nan,0.0,nan,0.0,0
5,200,1608,0.09130681818181818,2560,1.7751784920692444,0.331640625,0.8785388857126236,0.8366409420967102,0.251953125,0.3546809658408165,0.914788207411766,0.03137257695198059,0.05303296241909265,0.7294659405946732,0.8785393834114075,4.976987838523073e-07,0.16632988750934596,nan,0.0,nan,0.0,0
5,220,1628,0.09244318181818183,2560,1.7411773145198821,0.349609375,0.868833863735199,0.8289212793111801,0.255859375,0.3653081223368645,0.9133175134658813,0.03137257695198059,0.05205392651259899,0.7278818219900132,0.8785388857126236,0.009705021977424622,0.16632988750934596,nan,0.0,nan,0.0,0
5,240,1648,0.09357954545454546,2560,1.7591080725193025,0.316015625,0.8658389687538147,0.8279709041118621,0.26796875,0.36395214796066283,0.916140004992485,0.03137257695198059,0.05056576430797577,0.7265643179416656,0.8785388857126236,0.012699916958808899,0.16632988750934596,nan,0.0,nan,0.0,0
5,260,1668,0.09471590909090909,2560,1.7702102303504943,0.324609375,0.8625374734401703,0.8256650477647781,0.273828125,0.36441765576601026,0.9192168116569519,0.03137257695198059,0.05322654116898775,0.7321456015110016,0.8700489372014999,0.0075114637613296065,0.16632988750934596,nan,0.0,0.234375,0.356203299947083,0
5,280,1688,0.09585227272727273,2560,1.754703986644745,0.3453125,0.8649006396532058,0.8290545374155045,0.25546875,0.367999330163002,0.9147415339946747,0.03137257695198059,0.051740093529224394,0.7273722112178802,0.868833863735199,0.0039332240819931474,0.16632988750934596,nan,0.0,nan,0.0,0
5,300,1708,0.09698863636363636,2560,1.7247372627258302,0.326953125,0.8647188305854797,0.8249884456396103,0.279296875,0.3582570984959602,0.9187646389007569,0.03137257695198059,0.05168549027293921,0.7274477243423462,0.8658389687538147,0.0011201381683350053,0.16632988750934596,nan,0.0,nan,0.0,0
5,320,1728,0.098125,2560,1.7508047938346862,0.328515625,0.8633978962898254,0.8304162561893463,0.2734375,0.3718480095267296,0.9162301599979401,0.03137257695198059,0.04878255315124989,0.7205027192831039,0.8649006396532058,0.00150274336338041,0.16632988750934596,nan,0.0,nan,0.0,0
5,340,1748,0.09926136363636363,2560,1.759372067451477,0.332421875,0.8670732527971268,0.8284410029649735,0.26015625,0.35030106008052825,0.911908107995987,0.03137257695198059,0.052260037325322625,0.728344851732254,0.8647188305854797,-0.002354422211647056,0.16632988750934596,nan,0.0,nan,0.0,0
5,352,1760,0.0999431818181818,1480,1.7605239881051553,0.3270270273492143,0.8733989499710701,0.8355974767659161,0.26148648672812697,0.37974448800086974,0.9143737387012791,0.03137257695198059,0.053970648167101114,0.7312457993223861,0.8647188305854797,-0.008680119385590435,0.16632988750934596,nan,0.0,0.3046875,0.37741559999994934,0
6,20,1780,0.10107954545454545,2560,1.7217512488365174,0.34453125,0.8629360854625702,0.8272261470556259,0.2640625,0.3593581095337868,0.9135087609291077,0.03137257695198059,0.05048547443002462,0.7251193016767502,0.8649006396532058,0.001964554190635681,0.16632988750934596,nan,0.0,nan,0.0,0
6,40,1800,0.10221590909090908,2560,1.7355656504631043,0.333203125,0.8541009902954102,0.8254179894924164,0.277734375,0.3789434790611267,0.9154668390750885,0.03137257695198059,0.05147262718528509,0.7252525717020035,0.8647188305854797,0.010617840290069513,0.16632988750934596,nan,0.0,nan,0.0,0
6,60,1820,0.10335227272727272,2560,1.712899386882782,0.352734375,0.861335563659668,0.82833431661129,0.247265625,0.369105389714241,0.9132944911718368,0.03137257695198059,0.05022649262100458,0.7252492755651474,0.8633978962898254,0.0020623326301574263,0.16632988750934596,nan,0.0,nan,0.0,0
6,80,1840,0.10448863636363635,2560,1.705761444568634,0.3359375,0.8598829656839371,0.8227080225944519,0.271484375,0.36000667959451677,0.909105834364891,0.03137257695198059,0.05098427087068558,0.7262210458517074,0.8629360854625702,0.0030531197786330955,0.16632988750934596,nan,0.0,nan,0.0,0
6,100,1860,0.10562500000000001,2560,1.7134938359260559,0.345703125,0.8611104011535644,0.8250717401504517,0.25703125,0.36716389656066895,0.913928872346878,0.03137257695198059,0.04916088320314884,0.7214516520500183,0.861335563659668,0.00022516250610360444,0.16632988750934596,nan,0.0,0.234375,0.36971390002872795,0
6,120,1880,0.10676136363636364,2560,1.7254441857337952,0.328125,0.8592132419347763,0.8237345576286316,0.289453125,0.38150905519723893,0.916873699426651,0.03137257695198059,0.051135674491524695,0.7265552252531051,0.8611104011535644,0.0018971592187880804,0.16632988750934596,nan,0.0,nan,0.0,0
6,140,1900,0.10789772727272727,2560,1.7184352993965148,0.34453125,0.8447357475757599,0.8142418056726456,0.28828125,0.3844600945711136,0.9097699671983719,0.03137257695198059,0.04925379250198603,0.7216722041368484,0.8598829656839371,0.015147218108177207,0.16632988750934596,nan,0.0,nan,0.0,0
6,160,1920,0.10903409090909091,2560,1.7377675294876098,0.344921875,0.8628505498170853,0.8299372583627701,0.26640625,0.37740139067173006,0.9157149165868759,0.03137257695198059,0.050917813740670684,0.7260687708854675,0.8598829656839371,-0.0029675841331482378,0.16632988750934596,nan,0.0,nan,0.0,0
6,180,1940,0.11017045454545454,2560,1.6824583172798158,0.36171875,0.860391053557396,0.8256853938102722,0.268359375,0.37065406143665314,0.9083055078983306,0.03137257695198059,0.04926164243370294,0.7229925334453583,0.8598829656839371,-0.0005080878734589067,0.16632988750934596,nan,0.0,nan,0.0,0
6,200,1960,0.11130681818181819,2560,1.730803257226944,0.32734375,0.8545755028724671,0.8228370934724808,0.283203125,0.389621502161026,0.9169195920228959,0.03137257695198059,0.048794437944889066,0.7203399479389191,0.860391053557396,0.005815550684928894,0.16632988750934596,nan,0.0,0.3125,0.36658300005365163,0
6,220,1980,0.11244318181818182,2560,1.7144670724868774,0.3453125,0.8610579490661621,0.8293832331895828,0.272265625,0.35450505614280703,0.9154556453227997,0.03137257695198059,0.04766857121139765,0.7193304479122162,0.8592132419347763,-0.0018447071313857366,0.16632988750934596,nan,0.0,nan,0.0,0
6,240,2000,0.11357954545454545,2560,1.7088082909584046,0.340234375,0.849696010351181,0.8195528894662857,0.283984375,0.3938683673739433,0.9142995417118073,0.03137257695198059,0.04912493117153645,0.7240560561418533,0.860391053557396,0.01069504320621495,0.16632988750934596,nan,0.0,nan,0.0,0
6,260,2020,0.11471590909090909,2560,1.723930013179779,0.346484375,0.8598793327808381,0.8300485193729401,0.28125,0.3862278193235397,0.9113001704216004,0.03137257695198059,0.04979923944920302,0.7242059707641602,0.860391053557396,0.0005117207765579224,0.16632988750934596,nan,0.0,nan,0.0,0
6,280,2040,0.11585227272727272,2560,1.6680949568748473,0.369140625,0.8448593020439148,0.8183831751346589,0.26796875,0.38319810628890993,0.9132106959819793,0.03137257695198059,0.04864421728998423,0.7235935658216477,0.8598793327808381,0.015020030736923262,0.16632988750934596,nan,0.0,nan,0.0,0
6,300,2060,0.11698863636363635,2560,1.7311737954616546,0.34453125,0.8501394540071487,0.8187484920024872,0.27890625,0.38724399358034134,0.9160892695188523,0.03137257695198059,0.04993306398391724,0.7238893121480942,0.8545755028724671,0.004436048865318343,0.16632988750934596,nan,0.0,0.375,0.35683929990045726,0
6,320,2080,0.118125,2560,1.6976196944713593,0.35859375,0.8541593611240387,0.8233340173959732,0.280078125,0.3866759017109871,0.9154102474451065,0.03137257695198059,0.047770370915532115,0.7205238580703736,0.8501394540071487,-0.004019907116889931,0.16632988750934596,nan,0.0,nan,0.0,0
6,340,2100,0.11926136363636362,2560,1.7202010810375215,0.353125,0.8474896609783172,0.8228748500347137,0.258203125,0.3725209355354309,0.9082685083150863,0.03137257695198059,0.051707605645060536,0.7280782431364059,0.8501394540071487,0.002649793028831504,0.16632988750934596,nan,0.0,nan,0.0,0
6,352,2112,0.11994318181818181,1480,1.703439725411905,0.3371621628065367,0.8504969538869085,0.8144856904004071,0.29729729697511004,0.38997359710770685,0.9182586521715731,0.03137257695198059,0.04506357235682977,0.7140416341858942,0.8501394540071487,-0.0003574998797597484,0.16632988750934596,nan,0.0,nan,0.0,0
7,20,2132,0.12107954545454545,2560,1.6795854687690734,0.360546875,0.8563762664794922,0.8259992122650146,0.264453125,0.3889468476176262,0.9141241878271102,0.03137257695198059,0.050555432215332985,0.7261197447776795,0.8501394540071487,-0.006236812472343423,0.16632988750934596,nan,0.0,nan,0.0,0
7,40,2152,0.1222159090909091,2560,1.6836783945560456,0.356640625,0.8551078915596009,0.8221658319234848,0.2828125,0.3715130090713501,0.9100507259368896,0.03137257695198059,0.0577985854819417,0.7408543497323989,0.8504969538869085,-0.004610937672692383,0.16632988750934596,nan,0.0,0.3046875,0.38783250004053116,0
7,60,2172,0.12335227272727273,2560,1.678633338212967,0.340234375,0.8459431827068329,0.8167415797710419,0.306640625,0.38891217708587644,0.910432580113411,0.03137257695198059,0.04869040194898844,0.7222767621278763,0.8541593611240387,0.008216178417205788,0.16632988750934596,nan,0.0,nan,0.0,0
7,80,2192,0.12448863636363636,2560,1.6961520075798036,0.34921875,0.8452191561460495,0.8192271053791046,0.287109375,0.39480177164077757,0.9121321588754654,0.03137257695198059,0.05021869987249374,0.7254493743181228,0.8504969538869085,0.005277797740859014,0.16632988750934596,nan,0.0,nan,0.0,0
7,100,2212,0.125625,2560,1.7246428787708283,0.337109375,0.8488528072834015,0.8240415185689927,0.27421875,0.39126266092061995,0.9132609248161316,0.03137257695198059,0.04967515915632248,0.7245281130075455,0.8504969538869085,0.0016441466035069796,0.16632988750934596,nan,0.0,nan,0.0,0
7,120,2232,0.12676136363636364,2560,1.667098879814148,0.363671875,0.8425264000892639,0.8144114375114441,0.283984375,0.3822724461555481,0.9172238826751709,0.03137257695198059,0.04663651064038277,0.717112335562706,0.8488528072834015,0.006326407194137573,0.16632988750934596,nan,0.0,nan,0.0,0
7,140,2252,0.12789772727272727,2560,1.6742198467254639,0.356640625,0.8404462099075317,0.8128017723560333,0.288671875,0.3991087108850479,0.9125106990337372,0.03137257695198059,0.04898629784584045,0.7214198291301728,0.8459431827068329,0.00549697279930117,0.16632988750934596,nan,0.0,0.3046875,0.3697291000280529,0
7,160,2272,0.1290340909090909,2560,1.6744499802589417,0.364453125,0.8492652207612992,0.8218331933021545,0.26484375,0.3682863011956215,0.9140467435121536,0.03137257695198059,0.052649768255651,0.7303991734981536,0.8452191561460495,-0.0040460646152497,0.16632988750934596,nan,0.0,nan,0.0,0
7,180,2292,0.13017045454545453,2560,1.6466019451618195,0.357421875,0.8315561413764954,0.812803539633751,0.2890625,0.3925946891307831,0.9096156001091004,0.03137257695198059,0.05039790403097868,0.7257608950138092,0.8452191561460495,0.013663014769554116,0.16632988750934596,nan,0.0,nan,0.0,0
7,200,2312,0.13130681818181816,2560,1.6646972358226777,0.36171875,0.8370233833789825,0.8182729244232178,0.289453125,0.4077758565545082,0.9118442744016647,0.03137257695198059,0.04729168266057968,0.7211200624704361,0.8425264000892639,0.0055030167102814165,0.16632988750934596,nan,0.0,nan,0.0,0
7,220,2332,0.13244318181818182,2560,1.7114662528038025,0.35078125,0.8507955759763718,0.814285296201706,0.267578125,0.38236537128686904,0.9108365565538407,0.03137257695198059,0.04983770791441202,0.7242078989744186,0.8404462099075317,-0.010349366068840071,0.16632988750934596,nan,0.0,nan,0.0,0
7,240,2352,0.13357954545454545,2560,1.6487955451011658,0.36484375,0.8488094359636307,0.8192048609256745,0.26484375,0.37846183180809023,0.9107989221811295,0.03137257695198059,0.04733283072710037,0.7186513453722,0.8404462099075317,-0.00836322605609896,0.16632988750934596,nan,0.0,0.359375,0.3805505000054836,0
7,260,2372,0.13471590909090908,2560,1.6340833187103272,0.386328125,0.8364680111408234,0.8121647089719772,0.26015625,0.3843129053711891,0.9115539759397506,0.03137257695198059,0.048924633860588075,0.7217301666736603,0.8488094359636307,0.012341424822807312,0.16632988750934596,nan,0.0,nan,0.0,0
7,280,2392,0.1358522727272727,2560,1.647913897037506,0.372265625,0.8312083721160889,0.8146994441747666,0.288671875,0.4000981092453003,0.9072166681289673,0.03137257695198059,0.04559387844055891,0.7166164636611938,0.8370233833789825,0.005815011262893632,0.16632988750934596,nan,0.0,nan,0.0,0
7,300,2412,0.13698863636363634,2560,1.6366674721240997,0.396484375,0.8304522216320038,0.8101129084825516,0.244140625,0.3905558094382286,0.9100436121225357,0.03137257695198059,0.04501512255519628,0.7145438402891159,0.8370233833789825,0.006571161746978693,0.16632988750934596,nan,0.0,nan,0.0,0
7,320,2432,0.138125,2560,1.6855942606925964,0.35078125,0.8390117347240448,0.8107586115598678,0.292578125,0.3866345375776291,0.9093270808458328,0.03137257695198059,0.044875907711684704,0.7146509706974029,0.8364680111408234,-0.0025437235832214133,0.16632988750934596,nan,0.0,nan,0.0,0
7,340,2452,0.13926136363636363,2560,1.6369659006595612,0.374609375,0.8306463569402694,0.8125515162944794,0.273046875,0.3969472169876099,0.9068793147802353,0.03137257695198059,0.04678733497858047,0.7168798416852951,0.8364680111408234,0.005821654200553916,0.16632988750934596,nan,0.0,0.296875,0.37175539997406304,0
7,352,2464,0.13994318181818183,1480,1.6948786368241182,0.35202702767140154,0.8300261723028647,0.816904671449919,0.2891891891891892,0.4227428801961847,0.9116109864131824,0.031372576770750255,0.04925445271907626,0.723106545048791,0.8312083721160889,0.001182199813224205,0.16632988750934596,nan,0.0,nan,0.0,0
8,20,2484,0.14107954545454546,2560,1.693795770406723,0.355859375,0.8422126978635788,0.8119522273540497,0.28828125,0.385010926425457,0.9155737698078156,0.03137257695198059,0.04350570254027843,0.7089390188455582,0.8306463569402694,-0.011566340923309326,0.16632988750934596,nan,0.0,nan,0.0,0
8,40,2504,0.1422159090909091,2560,1.6001300930976867,0.38828125,0.823337072134018,0.8158984065055848,0.2796875,0.3949222579598427,0.9101257622241974,0.03137257695198059,0.04551678448915482,0.7164212346076966,0.8306463569402694,0.0073092848062514815,0.16632988750934596,nan,0.0,nan,0.0,0
8,60,2524,0.14335227272727272,2560,1.6701876401901246,0.3640625,0.8342496573925018,0.8138625025749207,0.286328125,0.40682458877563477,0.9074001610279083,0.03137257695198059,0.046596848778426646,0.7179478794336319,0.8306463569402694,-0.0036033004522323386,0.16632988750934596,nan,0.0,nan,0.0,0
8,80,2544,0.14448863636363635,2560,1.6345583617687225,0.380078125,0.8394497215747834,0.811197429895401,0.281640625,0.3956881895661354,0.9151587396860122,0.03137257695198059,0.04386910647153854,0.7140724003314972,0.8306463569402694,-0.008803364634513922,0.16632988750934596,nan,0.0,0.3671875,0.3844772999873385,0
8,100,2564,0.145625,2560,1.7104545712471009,0.358203125,0.8419190675020218,0.8189359188079834,0.2765625,0.4042440041899681,0.9117330104112625,0.03137257695198059,0.04485787767916918,0.7142081618309021,0.8342496573925018,-0.007669410109520047,0.16632988750934596,nan,0.0,nan,0.0,0
8,120,2584,0.14676136363636363,2560,1.6587751150131225,0.36953125,0.8297040581703186,0.8123719722032547,0.262109375,0.37673803567886355,0.9089257746934891,0.03137257695198059,0.043538499251008035,0.7103914827108383,0.8394497215747834,0.00974566340446481,0.16632988750934596,nan,0.0,nan,0.0,0
8,140,2604,0.14789772727272726,2560,1.6496529698371887,0.366796875,0.8298097282648087,0.8138343989849091,0.2921875,0.4021973416209221,0.9130348414182663,0.03137257695198059,0.04299042765051127,0.7106279790401459,0.8342496573925018,0.0044399291276930875,0.16632988750934596,nan,0.0,nan,0.0,0
8,160,2624,0.1490340909090909,2560,1.667081993818283,0.369921875,0.8320589542388916,0.8155970513820648,0.28828125,0.4093278169631958,0.9104005426168442,0.03137257695198059,0.04748372733592987,0.7201035588979721,0.8342496573925018,0.0021907031536101407,0.16632988750934596,nan,0.0,nan,0.0,0
8,180,2644,0.15017045454545455,2560,1.5712919533252716,0.41015625,0.8276393562555313,0.8140945643186569,0.27265625,0.3953313663601875,0.91084024310112,0.03137257695198059,0.04492532759904862,0.7148677498102188,0.8320589542388916,0.004419597983360335,0.16632988750934596,nan,0.0,0.3671875,0.37946139997802675,0
8,200,2664,0.15130681818181818,2560,1.6297379076480865,0.369140625,0.8261717230081558,0.8109215021133422,0.284765625,0.4033502355217934,0.9081937342882156,0.03137257695198059,0.04644592590630055,0.7184177935123444,0.8298097282648087,0.003638005256652921,0.16632988750934596,nan,0.0,nan,0.0,0
8,220,2684,0.1524431818181818,2560,1.6585605084896087,0.351953125,0.8401916295289993,0.8195621728897095,0.296484375,0.4022859498858452,0.9140962094068528,0.03137257695198059,0.04491830188781023,0.7140750795602798,0.8297040581703186,-0.010487571358680725,0.16632988750934596,nan,0.0,nan,0.0,0
8,240,2704,0.15357954545454547,2560,1.6242156803607941,0.375,0.8126308292150497,0.8025332301855087,0.303125,0.4048768669366837,0.905586764216423,0.03137257695198059,0.048640845157206056,0.7217371940612793,0.8298097282648087,0.017178899049759,0.16632988750934596,nan,0.0,nan,0.0,0
8,260,2724,0.1547159090909091,2560,1.663714051246643,0.366015625,0.8278707414865494,0.8102174311876297,0.29140625,0.40714562237262725,0.907524761557579,0.03137257695198059,0.047791425697505475,0.7193836659193039,0.8276393562555313,-0.0002313852310180664,0.16632988750934596,nan,0.0,nan,0.0,0
8,280,2744,0.15585227272727273,2560,1.6356394469738007,0.3796875,0.8305289328098298,0.8123306512832642,0.28046875,0.4031651556491852,0.9077999353408813,0.03137257695198059,0.04815580267459154,0.7230489462614059,0.8276393562555313,-0.0028895765542984453,0.16632988750934596,nan,0.0,0.328125,0.3778257999802008,0
8,300,2764,0.15698863636363636,2560,1.651155138015747,0.354296875,0.8299122154712677,0.8137785822153092,0.2890625,0.4013463258743286,0.9103468745946884,0.03137257695198059,0.044715387374162675,0.7124253243207932,0.8278707414865494,-0.0020414739847183228,0.16632988750934596,nan,0.0,nan,0.0,0
8,320,2784,0.158125,2560,1.6498109459877015,0.37421875,0.8347412198781967,0.8117822200059891,0.270703125,0.3966572225093842,0.9075518399477005,0.03137257695198059,0.04530909918248653,0.7135548740625381,0.8299122154712677,-0.004829004406929016,0.16632988750934596,nan,0.0,nan,0.0,0
8,340,2804,0.15926136363636365,2560,1.6259083569049835,0.378125,0.8215835362672805,0.811882546544075,0.26796875,0.38659156411886214,0.9045785427093506,0.03137257695198059,0.045893285609781745,0.7146204322576523,0.8299122154712677,0.008328679203987166,0.16632988750934596,nan,0.0,nan,0.0,0
8,352,2816,0.15994318181818182,1480,1.6155071155444996,0.3675675682119421,0.8169815379220087,0.8077619327081217,0.2939189192411062,0.393179682944272,0.9066648447835768,0.03137257695198059,0.04526684620493167,0.7158217162699313,0.8299122154712677,0.012930677549259029,0.16632988750934596,nan,0.0,nan,0.0,0
9,20,2836,0.16107954545454548,2560,1.5978731513023376,0.390234375,0.8193243712186813,0.8044517755508422,0.2875,0.4143654778599739,0.9068484216928482,0.03137257695198059,0.046760141290724276,0.7195687860250473,0.8299122154712677,0.01058784425258641,0.16632988750934596,nan,0.0,0.328125,0.37571459996979684,0
9,40,2856,0.1622159090909091,2560,1.6355947315692902,0.363671875,0.8142866313457489,0.809122109413147,0.30390625,0.41752155870199203,0.9079659909009934,0.03137257695198059,0.044014584831893445,0.7111042737960815,0.8215835362672805,0.007296904921531677,0.16632988750934596,nan,0.0,nan,0.0,0
9,60,2876,0.16335227272727273,2560,1.626810485124588,0.378125,0.8142739564180375,0.8066809594631195,0.298828125,0.40042308568954466,0.9057866632938385,0.03137257695198059,0.04252093024551869,0.7101696491241455,0.8193243712186813,0.005050414800643832,0.16632988750934596,nan,0.0,nan,0.0,0
9,80,2896,0.16448863636363636,2560,1.5857935786247253,0.390234375,0.8250891894102097,0.8064532160758973,0.291796875,0.3995041087269783,0.9127201288938522,0.03137257695198059,0.03902403470128775,0.6988385915756226,0.8169815379220087,-0.008107651488201029,0.16632988750934596,nan,0.0,nan,0.0,0
9,100,2916,0.165625,2560,1.6222216963768006,0.378515625,0.8152275294065475,0.8093261957168579,0.29453125,0.41184645891189575,0.9101181149482727,0.03137257695198059,0.04638183228671551,0.7183511555194855,0.8169815379220087,0.0017540085154611473,0.16632988750934596,nan,0.0,nan,0.0,0
9,120,2936,0.16676136363636365,2560,1.6171266853809356,0.39140625,0.8148593664169311,0.8085905909538269,0.280859375,0.41973698884248734,0.9057487666606903,0.03137257695198059,0.04342959076166153,0.7111049205064773,0.8152275294065475,0.00036816298961639404,0.16632988750934596,nan,0.0,0.359375,0.3759493000106886,0
9,140,2956,0.16789772727272728,2560,1.5955769956111907,0.390234375,0.8068663001060485,0.8037374019622803,0.297265625,0.4089940473437309,0.9084507137537002,0.03137257695198059,0.04987779594957829,0.7249538511037826,0.8148593664169311,0.00799306631088259,0.16632988750934596,nan,0.0,nan,0.0,0
9,160,2976,0.1690340909090909,2560,1.6200138211250306,0.38828125,0.815450233221054,0.8081868648529053,0.297265625,0.4155227392911911,0.9098854213953018,0.03137257695198059,0.04615664929151535,0.719888424873352,0.8148593664169311,-0.0005908668041229026,0.16632988750934596,nan,0.0,nan,0.0,0
9,180,2996,0.17017045454545454,2560,1.610834890604019,0.38203125,0.8173109233379364,0.8007342219352722,0.274609375,0.39614150673151016,0.9048805445432663,0.03137257695198059,0.04449311085045338,0.7141692399978637,0.8152275294065475,-0.0020833939313888994,0.16632988750934596,nan,0.0,nan,0.0,0
9,200,3016,0.17130681818181817,2560,1.6380730748176575,0.373828125,0.8119176417589188,0.8062411159276962,0.3015625,0.41667394936084745,0.9037588983774185,0.03137257695198059,0.04400533623993397,0.7113726556301116,0.8152275294065475,0.0033098876476287398,0.16632988750934596,nan,0.0,nan,0.0,0
9,220,3036,0.17244318181818183,2560,1.6196230232715607,0.37734375,0.8085162580013275,0.8058153957128524,0.29609375,0.41904753297567365,0.9048422694206237,0.03137257695198059,0.04627076927572489,0.717419010400772,0.8148593664169311,0.006343108415603593,0.16632988750934596,nan,0.0,0.3671875,0.36409029993228614,0
9,240,3056,0.17357954545454546,2560,1.620396900177002,0.38984375,0.8227127522230149,0.8101122736930847,0.278515625,0.40100826472043993,0.905953872203827,0.03137257695198059,0.04336181357502937,0.7107508689165115,0.8119176417589188,-0.010795110464096092,0.16632988750934596,nan,0.0,nan,0.0,0
9,260,3076,0.1747159090909091,2560,1.627591496706009,0.3703125,0.8165871053934097,0.8073325037956238,0.29453125,0.41178224235773087,0.9085418879985809,0.03137257695198059,0.045230512879788874,0.7167992472648621,0.815450233221054,-0.0011368721723556963,0.16632988750934596,nan,0.0,nan,0.0,0
9,280,3096,0.17585227272727272,2560,1.6221638381481172,0.376953125,0.8098801463842392,0.8040680080652237,0.296484375,0.40601584762334825,0.9058194667100906,0.03137257695198059,0.044394077733159065,0.7144731372594834,0.8165871053934097,0.00670695900917051,0.16632988750934596,nan,0.0,nan,0.0,0
9,300,3116,0.17698863636363635,2560,1.6287052869796752,0.37890625,0.8179114609956741,0.8004824489355087,0.287109375,0.41086336970329285,0.9057777613401413,0.03137257695198059,0.04369953218847513,0.7119057416915894,0.8119176417589188,-0.005993819236755349,0.16632988750934596,nan,0.0,nan,0.0,0
9,320,3136,0.178125,2560,1.623439770936966,0.381640625,0.8151566028594971,0.8062158197164535,0.2875,0.4072941541671753,0.9100764065980911,0.03137257695198059,0.04315894115716219,0.7100145608186722,0.8165871053934097,0.0014305025339126365,0.16632988750934596,nan,0.0,0.359375,0.3562612999230623,0
9,340,3156,0.17926136363636364,2560,1.6129242599010467,0.391015625,0.8240436911582947,0.8129426538944244,0.266796875,0.39675364047288897,0.907941335439682,0.03137257695198059,0.04261474907398224,0.7066428989171982,0.8165871053934097,-0.007456585764884949,0.16632988750934596,nan,0.0,nan,0.0,0
9,352,3168,0.17994318181818184,1480,1.656099998628771,0.362837838643306,0.8172609129467526,0.7988994008785969,0.2844594596205531,0.4139111699284734,0.9034701160482458,0.031372576770750255,0.04250248581976504,0.7093030256194037,0.8165871053934097,-0.0006738075533428978,0.16632988750934596,nan,0.0,nan,0.0,0
10,20,3188,0.18107954545454547,2560,1.6114315211772918,0.38984375,0.81069096326828,0.8036900997161865,0.274609375,0.40114971697330476,0.9079033076763153,0.03137257695198059,0.04348596092313528,0.7092567414045334,0.8172609129467526,0.006569949678472575,0.16632988750934596,nan,0.0,nan,0.0,0
10,40,3208,0.1822159090909091,2560,1.6417512595653534,0.38046875,0.8163145810365677,0.8095349818468094,0.3,0.4169775560498238,0.9108782649040222,0.03137257695198059,0.04481067210435867,0.716414076089859,0.8172609129467526,0.0009463319101848944,0.16632988750934596,nan,0.0,nan,0.0,0
10,60,3228,0.18335227272727272,2560,1.5992056250572204,0.376953125,0.8139106214046479,0.8052093654870986,0.296484375,0.4119371369481087,0.9026536524295807,0.03137257695198059,0.04297465998679399,0.7078673958778381,0.8163145810365677,0.002403959631919861,0.16632988750934596,nan,0.0,0.375,0.3694378000218421,0
10,80,3248,0.18448863636363635,2560,1.6269815742969513,0.36796875,0.8035539001226425,0.8015355557203293,0.309765625,0.4246536210179329,0.9045953303575516,0.03137257695198059,0.04546235278248787,0.7166436284780502,0.8163145810365677,0.012760680913925238,0.16632988750934596,nan,0.0,nan,0.0,0
10,100,3268,0.185625,2560,1.6342748165130616,0.37421875,0.79984050989151,0.7974132716655731,0.293359375,0.4207513317465782,0.9086600214242935,0.03137257695198059,0.04748087525367737,0.7212551087141037,0.8139106214046479,0.014070111513137862,0.16632988750934596,nan,0.0,nan,0.0,0
10,120,3288,0.18676136363636364,2560,1.5811817467212677,0.39609375,0.8072802364826203,0.8030972987413406,0.298046875,0.39588566273450854,0.9097163081169128,0.03137257695198059,0.04322507884353399,0.7109017163515091,0.81069096326828,0.00341072678565979,0.16632988750934596,nan,0.0,nan,0.0,0
10,140,3308,0.18789772727272727,2560,1.6247838675975799,0.362890625,0.8147019475698472,0.8033377557992936,0.298046875,0.4257208377122879,0.9020907282829285,0.03137257695198059,0.04544146787375212,0.7165637701749802,0.8072802364826203,-0.00742171108722689,0.16632988750934596,nan,0.0,nan,0.0,0
10,160,3328,0.1890340909090909,2560,1.6157496511936187,0.3765625,0.8044974386692048,0.7998509883880616,0.284765625,0.40886323899030685,0.9044058650732041,0.03137257695198059,0.03980980049818754,0.7011428654193879,0.8072802364826203,0.002782797813415505,0.16632988750934596,nan,0.0,0.359375,0.3788397000171244,0
10,180,3348,0.19017045454545453,2560,1.6152389287948608,0.393359375,0.8111251950263977,0.8025977045297623,0.29453125,0.4095636874437332,0.9044705897569656,0.03137257695198059,0.043944981321692465,0.7133832901716233,0.8044974386692048,-0.0066277563571929266,0.16632988750934596,nan,0.0,nan,0.0,0
10,200,3368,0.1913068181818182,2560,1.5894939422607421,0.3953125,0.7918397516012192,0.7967352777719497,0.29296875,0.42311925143003465,0.9050410151481628,0.03137257695198059,0.0427489610388875,0.7083639323711395,0.8072802364826203,0.01544048488140104,0.16632988750934596,nan,0.0,nan,0.0,0
10,220,3388,0.19244318181818182,2560,1.638839101791382,0.367578125,0.8203731775283813,0.8083128809928894,0.294140625,0.41864828318357467,0.9041265100240707,0.03137257695198059,0.04608707409352064,0.7185430943965911,0.8072802364826203,-0.013092941045761086,0.16632988750934596,nan,0.0,nan,0.0,0
10,240,3408,0.19357954545454545,2560,1.6189639270305634,0.38671875,0.8109151482582092,0.8069331109523773,0.278125,0.3965958908200264,0.90970359146595,0.03137257695198059,0.040149521082639694,0.7038887917995453,0.8111251950263977,0.00021004676818847656,0.16632988750934596,nan,0.0,nan,0.0,0
10,260,3428,0.19471590909090908,2560,1.6225109696388245,0.379296875,0.8117955893278122,0.8086200892925263,0.310546875,0.41814874559640886,0.9069098353385925,0.03137257695198059,0.04496913328766823,0.7167095452547073,0.8109151482582092,-0.0008804410696029441,0.16632988750934596,nan,0.0,0.375,0.3613195000216365,0
10,280,3448,0.1958522727272727,2560,1.5989126801490783,0.387109375,0.8053721457719802,0.7991474360227585,0.283984375,0.41819930970668795,0.9062420129776001,0.03137257695198059,0.04214384667575359,0.7079928189516067,0.8111251950263977,0.005753049254417442,0.16632988750934596,nan,0.0,nan,0.0,0
10,300,3468,0.19698863636363637,2560,1.6614685714244843,0.366015625,0.8133062362670899,0.8023107081651688,0.280859375,0.402774415910244,0.9088894009590149,0.03137257695198059,0.050509881041944024,0.7283188939094544,0.8109151482582092,-0.0023910880088806596,0.16632988750934596,nan,0.0,nan,0.0,0
10,320,3488,0.198125,2560,1.6097340881824493,0.382421875,0.8130695790052413,0.8104257166385651,0.285546875,0.40734436810016633,0.9068372279405594,0.03137257695198059,0.04276093803346157,0.7089214771986008,0.8117955893278122,-0.0012739896774291992,0.16632988750934596,nan,0.0,nan,0.0,0
10,340,3508,0.19926136363636363,2560,1.6203956007957458,0.36796875,0.8003050982952118,0.7983937740325928,0.30234375,0.43618895411491393,0.913094088435173,0.03137257695198059,0.04476590603590012,0.7146211564540863,0.8117955893278122,0.011490491032600358,0.16632988750934596,nan,0.0,nan,0.0,0
10,352,3520,0.19994318181818183,1480,1.70681344882862,0.3364864861642992,0.8100884511664107,0.8037503352036347,0.3141891891891892,0.43602413953961555,0.9109779850856677,0.03137257695198059,0.04753173438681139,0.7212852010855804,0.8117955893278122,0.0017071381614014447,0.16632988750934596,nan,0.0,0.3671875,0.35757870005909353,0
11,20,3540,0.20107954545454546,2560,1.6058253943920135,0.38515625,0.8219423860311508,0.8146415889263153,0.2984375,0.3906066417694092,0.9075574457645417,0.03137257695198059,0.04397223349660635,0.7113071113824845,0.8100884511664107,-0.011853934864740068,0.16632988750934596,nan,0.0,nan,0.0,0
11,40,3560,0.20221590909090909,2560,1.6191970944404601,0.362109375,0.8088401168584823,0.8063470512628556,0.31015625,0.4396794393658638,0.9106006860733032,0.03137257695198059,0.04493407756090164,0.7150121361017228,0.8130695790052413,0.004229462146759011,0.16632988750934596,nan,0.0,nan,0.0,0
11,60,3580,0.20335227272727271,2560,1.5978682696819306,0.39453125,0.8033223152160645,0.8006424069404602,0.28046875,0.40696449428796766,0.9063914179801941,0.03137257695198059,0.04360405132174492,0.7140000641345978,0.8100884511664107,0.006766135950346253,0.16632988750934596,nan,0.0,nan,0.0,0
11,80,3600,0.20448863636363637,2560,1.613851261138916,0.373828125,0.7990795135498047,0.7991565942764283,0.271875,0.4136661186814308,0.9054922997951508,0.03137257695198059,0.04314824882894754,0.7107586115598679,0.8088401168584823,0.009760603308677673,0.16632988750934596,nan,0.0,nan,0.0,0
11,100,3620,0.205625,2560,1.6433955371379851,0.35625,0.8039577662944793,0.7999491602182388,0.295703125,0.401563461124897,0.907344201207161,0.03137257695198059,0.041906514577567576,0.7092892348766326,0.8088401168584823,0.004882350564002991,0.16632988750934596,nan,0.0,0.359375,0.36626679997425526,0
11,120,3640,0.20676136363636363,2560,1.613701730966568,0.387890625,0.8096210539340973,0.7998774409294128,0.280078125,0.40287670493125916,0.9076284021139145,0.03137257695198059,0.04131052680313587,0.7066254705190659,0.8039577662944793,-0.0056632876396179865,0.16632988750934596,nan,0.0,nan,0.0,0
11,140,3660,0.20789772727272726,2560,1.62471284866333,0.3796875,0.8060723602771759,0.7985818445682525,0.28125,0.420035320520401,0.9120542138814927,0.03137257695198059,0.04290238935500383,0.7093728750944137,0.8039577662944793,-0.002114593982696533,0.16632988750934596,nan,0.0,nan,0.0,0
11,160,3680,0.2090340909090909,2560,1.600626915693283,0.38984375,0.8027661919593811,0.8011558741331101,0.287109375,0.40318354964256287,0.9059787958860397,0.03137257695198059,0.04167179651558399,0.708101961016655,0.8039577662944793,0.0011915743350982,0.16632988750934596,nan,0.0,nan,0.0,0
11,180,3700,0.21017045454545455,2560,1.5629651248455048,0.400390625,0.7867253959178925,0.794399282336235,0.306640625,0.41070263683795927,0.9028190791606903,0.03137257695198059,0.04235608819872141,0.7112044632434845,0.8039577662944793,0.01723237037658687,0.16632988750934596,nan,0.0,nan,0.0,0
11,200,3720,0.21130681818181818,2560,1.5979320287704468,0.396484375,0.7848579674959183,0.7982418268918992,0.307421875,0.43271453082561495,0.909294781088829,0.03137257695198059,0.041674726828932765,0.7082415759563446,0.8039577662944793,0.019099798798561052,0.16632988750934596,nan,0.0,0.328125,0.35805689997505397,0
11,220,3740,0.2124431818181818,2560,1.6013033449649812,0.380859375,0.7966896265745163,0.7913776606321334,0.298828125,0.41962303817272184,0.9052406549453735,0.03137257695198059,0.04580213706940413,0.7152087241411209,0.8027661919593811,0.006076565384864896,0.16632988750934596,nan,0.0,nan,0.0,0
11,240,3760,0.21357954545454544,2560,1.650184339284897,0.3703125,0.8092101722955704,0.8046023160219192,0.300390625,0.41942750513553617,0.9094449549913406,0.03137257695198059,0.03889222657307982,0.6990707725286484,0.7966896265745163,-0.0125205457210541,0.16632988750934596,nan,0.0,nan,0.0,0
11,260,3780,0.21471590909090907,2560,1.6150269746780395,0.373828125,0.8125556319952011,0.8037984371185303,0.29609375,0.3933759331703186,0.9106929957866668,0.03137257695198059,0.04427195489406586,0.7133457988500596,0.7966896265745163,-0.015866005420684837,0.16632988750934596,nan,0.0,nan,0.0,0
11,280,3800,0.21585227272727273,2560,1.621132731437683,0.383203125,0.7960444688796997,0.80117367208004,0.26796875,0.40176328718662263,0.8978018581867218,0.03137257695198059,0.03862817399203777,0.6976736754179,0.7966896265745163,0.000645157694816545,0.16632988750934596,nan,0.0,nan,0.0,0
11,300,3820,0.21698863636363636,2560,1.6203534781932831,0.365625,0.7963581532239914,0.7971112728118896,0.300390625,0.41067965775728227,0.9058497279882431,0.03137257695198059,0.04079326875507831,0.7044077008962631,0.7966896265745163,0.00033147335052485793,0.16632988750934596,nan,0.0,0.34375,0.3562130000209436,0
11,320,3840,0.21812499999999999,2560,1.6137029886245728,0.387890625,0.790920177102089,0.7943461298942566,0.28515625,0.4335119634866714,0.902713543176651,0.03137257695198059,0.040992545709013936,0.706310099363327,0.7966896265745163,0.0057694494724273016,0.16632988750934596,nan,0.0,nan,0.0,0
11,340,3860,0.21926136363636362,2560,1.60669487118721,0.380859375,0.807636308670044,0.8003250300884247,0.2984375,0.420982563495636,0.9048094660043716,0.03137257695198059,0.04083809051662683,0.7042481869459152,0.7963581532239914,-0.011278155446052596,0.16632988750934596,nan,0.0,nan,0.0,0
11,352,3872,0.21994318181818182,1480,1.6578066941854117,0.3587837837837838,0.8051467737636051,0.7990588677896036,0.29054054118491507,0.4194417649024242,0.9041844989802387,0.03137257695198059,0.04252681184459377,0.7124868077200812,0.7963581532239914,-0.008788620539613712,0.16632988750934596,nan,0.0,nan,0.0,0
12,20,3892,0.22107954545454545,2560,1.6038443267345428,0.380859375,0.8067106276750564,0.8050279140472412,0.3078125,0.40279763787984846,0.9071365535259247,0.03137257695198059,0.04010680839419365,0.701480147242546,0.7963581532239914,-0.010352474451065019,0.16632988750934596,nan,0.0,nan,0.0,0
12,40,3912,0.22221590909090908,2560,1.5670182704925537,0.39375,0.795325967669487,0.8046819299459458,0.29296875,0.42539379447698594,0.901332238316536,0.03137257695198059,0.04094379935413599,0.7068200409412384,0.8051467737636051,0.009820806094118062,0.16632988750934596,nan,0.0,0.3671875,0.39177180000115186,0
12,60,3932,0.22335227272727273,2560,1.614121550321579,0.3765625,0.7987413495779038,0.7968295037746429,0.302734375,0.4272018224000931,0.9032680690288544,0.03137257695198059,0.043063997849822046,0.7108579993247985,0.8051467737636051,0.006405424185701336,0.16632988750934596,nan,0.0,nan,0.0,0
12,80,3952,0.22448863636363636,2560,1.5944733381271363,0.38515625,0.8048900306224823,0.8016736537218094,0.292578125,0.41590328365564344,0.9081117182970047,0.03137257695198059,0.040196347422897814,0.7023645579814911,0.8051467737636051,0.00025674314112278385,0.16632988750934596,nan,0.0,nan,0.0,0
12,100,3972,0.225625,2560,1.6107324540615082,0.3828125,0.7936911672353745,0.7915677517652512,0.3015625,0.42784773707389834,0.9046432644128799,0.03137257695198059,0.039437411911785604,0.7010750055313111,0.8048900306224823,0.011198863387107849,0.16632988750934596,nan,0.0,nan,0.0,0
12,120,3992,0.22676136363636362,2560,1.6222426354885102,0.4,0.7911163747310639,0.7946844905614853,0.275,0.4140144005417824,0.9010245233774186,0.03137257695198059,0.045087681896984574,0.7153537660837174,0.7987413495779038,0.007624974846839883,0.16632988750934596,nan,0.0,nan,0.0,0
12,140,4012,0.22789772727272725,2560,1.6356941699981689,0.376171875,0.8056266933679581,0.8078125268220901,0.307421875,0.4298874750733376,0.9089478969573974,0.03137257695198059,0.043059218768030406,0.7088876873254776,0.795325967669487,-0.01030072569847107,0.16632988750934596,nan,0.0,0.3828125,0.3729457000736147,0
12,160,4032,0.22903409090909088,2560,1.6294928669929505,0.37890625,0.8046362131834031,0.803774407505989,0.273046875,0.4004853844642639,0.9061335444450378,0.03137257695198059,0.045039533823728564,0.7172494530677795,0.7987413495779038,-0.00589486360549929,0.16632988750934596,nan,0.0,nan,0.0,0
12,180,4052,0.23017045454545454,2560,1.6065319359302521,0.3890625,0.800614184141159,0.797803521156311,0.2828125,0.416458235681057,0.9019991785287857,0.03137257695198059,0.04194113537669182,0.7089536845684051,0.8046362131834031,0.004022029042244024,0.16632988750934596,nan,0.0,nan,0.0,0
12,200,4072,0.23130681818181817,2560,1.629150927066803,0.37890625,0.7950256526470184,0.7984005212783813,0.291796875,0.4271432772278786,0.9013073176145554,0.03137257695198059,0.04161449652165174,0.708719152212143,0.800614184141159,0.005588531494140625,0.16632988750934596,nan,0.0,nan,0.0,0
12,220,4092,0.2324431818181818,2560,1.6310558021068573,0.384375,0.8088304966688156,0.8059996485710144,0.27421875,0.40692289769649503,0.9030122339725495,0.03137257695198059,0.04099991824477911,0.7061847239732743,0.800614184141159,-0.008216312527656533,0.16632988750934596,nan,0.0,nan,0.0,0
12,240,4112,0.23357954545454543,2560,1.6567274987697602,0.3703125,0.7883521407842636,0.7962950527667999,0.266015625,0.4061712309718132,0.9008663356304168,0.03137257695198059,0.03712371177971363,0.6968797087669373,0.8046362131834031,0.016284072399139427,0.16632988750934596,nan,0.0,0.3359375,0.3803990000160411,0
12,260,4132,0.23471590909090906,2560,1.6197638988494873,0.377734375,0.7967731386423111,0.7982862025499344,0.2953125,0.3951626464724541,0.9100497186183929,0.03137257695198059,0.041651129350066186,0.710466930270195,0.800614184141159,0.003841045498847895,0.16632988750934596,nan,0.0,nan,0.0,0
12,280,4152,0.23585227272727272,2560,1.6175891280174255,0.381640625,0.8038584947586059,0.796992763876915,0.28203125,0.4091109335422516,0.9085813105106354,0.03137257695198059,0.04329349305480719,0.7105737417936325,0.7967731386423111,-0.007085356116294794,0.16632988750934596,nan,0.0,nan,0.0,0
12,300,4172,0.23698863636363635,2560,1.6221930980682373,0.383984375,0.8101302534341812,0.7992284297943115,0.284765625,0.4142490640282631,0.9071974635124207,0.03137257695198059,0.04036402832716703,0.7034757941961288,0.7967731386423111,-0.013357114791870073,0.16632988750934596,nan,0.0,nan,0.0,0
12,320,4192,0.23812499999999998,2560,1.6386881411075591,0.379296875,0.8086356967687607,0.7970677882432937,0.28125,0.41331266760826113,0.911427840590477,0.03137257695198059,0.038917066529393196,0.7004185557365418,0.8038584947586059,-0.004777202010154746,0.16632988750934596,nan,0.0,nan,0.0,0
12,340,4212,0.2392613636363636,2560,1.6113695204257965,0.383984375,0.8024985045194626,0.8027429193258285,0.27421875,0.41713076680898664,0.9020646631717681,0.03137257695198059,0.04057626966387033,0.7058394521474838,0.8038584947586059,0.0013599902391433494,0.16632988750934596,nan,0.0,0.359375,0.35674189997371286,0
12,352,4224,0.2399431818181818,1480,1.6264998042905652,0.39256756805084847,0.7894815348290108,0.794586258321195,0.2668918920529855,0.42945094253565813,0.9046734426472638,0.03137257695198059,0.04394626130123396,0.7152264901109644,0.8038584947586059,0.01437695992959509,0.16632988750934596,nan,0.0,nan,0.0,0
13,20,4244,0.24107954545454544,2560,1.6089510798454285,0.38828125,0.7944295912981033,0.7941725581884385,0.301953125,0.4255805820226669,0.9048243403434754,0.03137257695198059,0.03985783867537975,0.7025777339935303,0.8038584947586059,0.009428903460502625,0.16632988750934596,nan,0.0,nan,0.0,0
13,40,4264,0.24221590909090907,2560,1.6452586889266967,0.37578125,0.801213338971138,0.801953399181366,0.29375,0.42901432067155837,0.905574056506157,0.03137257695198059,0.04404006134718656,0.7119847953319549,0.8024985045194626,0.001285165548324585,0.16632988750934596,nan,0.0,nan,0.0,0
13,60,4284,0.24335227272727272,2560,1.6149916768074035,0.3796875,0.8126978367567063,0.8069818079471588,0.297265625,0.40682005882263184,0.9044946283102036,0.03137257695198059,0.042697612568736075,0.7098687350749969,0.801213338971138,-0.01148449778556826,0.16632988750934596,nan,0.0,nan,0.0,0
13,80,4304,0.24448863636363635,2560,1.5964077770709992,0.387890625,0.8071161836385727,0.7993587672710418,0.284375,0.4191563993692398,0.9047607600688934,0.03137257695198059,0.043852404318749906,0.7132506906986237,0.801213338971138,-0.005902844667434737,0.16632988750934596,nan,0.0,0.3046875,0.37714220001362264,0
13,100,4324,0.24562499999999998,2560,1.6241159856319427,0.38828125,0.8071403801441193,0.807639080286026,0.27578125,0.41325091421604154,0.9062553733587265,0.03137257695198059,0.04081782605499029,0.7021259963512421,0.801213338971138,-0.005927041172981262,0.16632988750934596,nan,0.0,nan,0.0,0
13,120,4344,0.2467613636363636,2560,1.582608062028885,0.401953125,0.7788476645946503,0.7877575129270553,0.25703125,0.4146029844880104,0.9028527766466141,0.03137257695198059,0.040024526230990884,0.6992992371320724,0.8071161836385727,0.02826851904392247,0.16632988750934596,nan,0.0,nan,0.0,0
13,140,4364,0.24789772727272724,2560,1.6072142899036408,0.390234375,0.810660207271576,0.8052485406398773,0.27734375,0.41403674334287643,0.9073511898517609,0.03137257695198059,0.04318466056138277,0.711741316318512,0.8071161836385727,-0.0035440236330032127,0.16632988750934596,nan,0.0,nan,0.0,0
13,160,4384,0.2490340909090909,2560,1.6068008303642274,0.38515625,0.7948308646678924,0.8004132807254791,0.31015625,0.41763254106044767,0.909921532869339,0.03137257695198059,0.039403837732970716,0.7030027151107788,0.8071403801441193,0.012309515476226829,0.16632988750934596,nan,0.0,nan,0.0,0
13,180,4404,0.2501704545454545,2560,1.6413835763931275,0.376171875,0.8090216040611267,0.8021432429552078,0.29453125,0.4134924203157425,0.9099055141210556,0.03137257695198059,0.04214927274733782,0.7083629906177521,0.8071161836385727,-0.0019054204225539273,0.16632988750934596,nan,0.0,0.359375,0.3617545000743121,0
13,200,4424,0.25130681818181816,2560,1.60614954829216,0.378125,0.7984474092721939,0.7994594782590866,0.287890625,0.40148909091949464,0.9092145532369613,0.03137257695198059,0.03722408264875412,0.6961430668830871,0.8071403801441193,0.008692970871925332,0.16632988750934596,nan,0.0,nan,0.0,0
13,220,4444,0.2524431818181818,2560,1.6260447800159454,0.366015625,0.8020338475704193,0.8032734096050262,0.296875,0.4133536756038666,0.9068252801895141,0.03137257695198059,0.04024248197674751,0.7039815813302994,0.7984474092721939,-0.0035864382982253584,0.16632988750934596,nan,0.0,nan,0.0,0
13,240,4464,0.2535795454545454,2560,1.6132121145725251,0.38515625,0.7987161636352539,0.7971776455640793,0.302734375,0.417127688229084,0.9063439846038819,0.03137257695198059,0.03810894824564457,0.6990705698728561,0.8020338475704193,0.0033176839351654053,0.16632988750934596,nan,0.0,nan,0.0,0
13,260,4484,0.2547159090909091,2560,1.640032297372818,0.3703125,0.7957115799188614,0.7993778347969055,0.30234375,0.41917919367551804,0.9085116237401962,0.03137257695198059,0.038963273912668225,0.7024342685937881,0.7987161636352539,0.0030045837163924505,0.16632988750934596,nan,0.0,nan,0.0,0
13,280,4504,0.2558522727272727,2560,1.6528154969215394,0.36640625,0.8126362562179565,0.8068960994482041,0.28984375,0.3986730441451073,0.9009517908096314,0.03137257695198059,0.039024905674159525,0.700195387005806,0.7987161636352539,-0.013920092582702659,0.16632988750934596,nan,0.0,0.4296875,0.3565799000207335,0
13,300,4524,0.2569886363636364,2560,1.6111681163311005,0.39453125,0.7915281504392624,0.7937518000602722,0.27578125,0.4068167731165886,0.9096819818019867,0.03137257695198059,0.03786451872438192,0.6976164698600769,0.7987161636352539,0.007188013195991494,0.16632988750934596,nan,0.0,nan,0.0,0
13,320,4544,0.258125,2560,1.6220192790031434,0.382421875,0.8068377017974854,0.7974993616342545,0.285546875,0.41905288249254224,0.9022944360971451,0.03137257695198059,0.04029455613344908,0.7042250245809555,0.7987161636352539,-0.00812153816223149,0.16632988750934596,nan,0.0,nan,0.0,0
13,340,4564,0.25926136363636365,2560,1.6172513306140899,0.391796875,0.7988805055618287,0.7980397790670395,0.278125,0.41737058460712434,0.900438842177391,0.03137257695198059,0.04052998535335064,0.7058168292045593,0.7987161636352539,-0.00016434192657477364,0.16632988750934596,nan,0.0,nan,0.0,0
13,352,4576,0.2599431818181818,1480,1.656130567756859,0.3783783783783784,0.8149536967277526,0.8089199514002413,0.3020270271881207,0.4250609786123843,0.9100986477491018,0.03137257695198059,0.042867141398223674,0.7143418766356803,0.7988805055618287,-0.016073191165923983,0.16632988750934596,nan,0.0,nan,0.0,0
14,20,4596,0.2610795454545454,2560,1.6104448795318604,0.390234375,0.7978156119585037,0.8017078548669815,0.29453125,0.39900871068239213,0.9101331293582916,0.03137257695198059,0.04014740698039532,0.702557948231697,0.8068377017974854,0.009022089838981673,0.16632988750934596,nan,0.0,0.359375,0.3703175999689847,0
14,40,4616,0.2622159090909091,2560,1.6407551109790801,0.38125,0.7872571468353271,0.802075344324112,0.268359375,0.4320797994732857,0.9073227137327194,0.03137257695198059,0.03901353906840086,0.7001110941171647,0.7988805055618287,0.011623358726501554,0.16632988750934596,nan,0.0,nan,0.0,0
14,60,4636,0.2633522727272727,2560,1.6455193161964417,0.3703125,0.7916978001594543,0.798912450671196,0.295703125,0.40868793427944183,0.9126931726932526,0.03137257695198059,0.040159257128834724,0.7046401351690292,0.7988805055618287,0.007182705402374312,0.16632988750934596,nan,0.0,nan,0.0,0
14,80,4656,0.26448863636363634,2560,1.599296474456787,0.37890625,0.7897498071193695,0.794890108704567,0.307421875,0.42609324753284455,0.9040952205657959,0.03137257695198059,0.038931804895401004,0.6983818620443344,0.7978156119585037,0.008065804839134216,0.16632988750934596,nan,0.0,nan,0.0,0
14,100,4676,0.265625,2560,1.6432738184928894,0.379296875,0.7993276089429855,0.7971541315317154,0.305859375,0.428926682472229,0.907181316614151,0.03137257695198059,0.04542332347482443,0.7193318367004394,0.7916978001594543,-0.0076298087835311446,0.16632988750934596,nan,0.0,nan,0.0,0
14,120,4696,0.2667613636363636,2560,1.6191139817237854,0.37265625,0.8068241387605667,0.7979297906160354,0.304296875,0.4027960389852524,0.9050897181034088,0.03137257695198059,0.03747815825045109,0.6972880512475967,0.7916978001594543,-0.015126338601112344,0.16632988750934596,nan,0.0,0.34375,0.3629485999699682,0
14,140,4716,0.26789772727272726,2560,1.5994768619537354,0.390625,0.7958639234304428,0.8003504633903503,0.2796875,0.4118054240942001,0.9060653895139694,0.03137257695198059,0.042629644833505155,0.7087912619113922,0.7916978001594543,-0.00416612327098842,0.16632988750934596,nan,0.0,nan,0.0,0
14,160,4736,0.26903409090909086,2560,1.6334749341011048,0.384765625,0.7856264889240265,0.7930343806743622,0.28125,0.4087315693497658,0.9021478116512298,0.03137257695198059,0.038470483664423225,0.6965026468038559,0.7958639234304428,0.010237434506416232,0.16632988750934596,nan,0.0,nan,0.0,0
14,180,4756,0.2701704545454545,2560,1.6280851662158966,0.372265625,0.8007643401622773,0.8036225765943528,0.28359375,0.4154407441616058,0.908972692489624,0.03137257695198059,0.04136719685047865,0.7055431842803955,0.7958639234304428,-0.0049004167318345004,0.16632988750934596,nan,0.0,nan,0.0,0
14,200,4776,0.2713068181818182,2560,1.6195359766483306,0.381640625,0.8037973195314407,0.7963393062353135,0.290234375,0.4054912686347961,0.9084390223026275,0.03137257695198059,0.034323330782353875,0.6841103196144104,0.7993276089429855,-0.004469710588455245,0.16632988750934596,nan,0.0,nan,0.0,0
14,220,4796,0.27244318181818183,2560,1.6090612649917602,0.36953125,0.7926248073577881,0.7934175044298172,0.2859375,0.4195661976933479,0.912767818570137,0.03137257695198059,0.0417506268247962,0.707170495390892,0.8007643401622773,0.008139532804489202,0.16632988750934596,nan,0.0,0.3515625,0.3558791000396013,0
14,240,4816,0.27357954545454544,2560,1.6272539854049684,0.381640625,0.8042830735445022,0.807115575671196,0.274609375,0.40534310042858124,0.9065287441015244,0.03137257695198059,0.037460821121931075,0.6967144876718521,0.7958639234304428,-0.00841915011405947,0.16632988750934596,nan,0.0,nan,0.0,0
14,260,4836,0.2747159090909091,2560,1.6704700469970704,0.369921875,0.7983476847410202,0.80034741461277,0.294921875,0.4051927670836449,0.9115025997161865,0.03137257695198059,0.04152730479836464,0.7047759264707565,0.8007643401622773,0.002416655421257019,0.16632988750934596,nan,0.0,nan,0.0,0
14,280,4856,0.27585227272727275,2560,1.6432738065719605,0.36484375,0.7917626768350601,0.80489402115345,0.277734375,0.39760889261960985,0.9039061367511749,0.03137257695198059,0.03767414931207895,0.6972040086984634,0.8007643401622773,0.009001663327217191,0.16632988750934596,nan,0.0,nan,0.0,0
14,300,4876,0.27698863636363635,2560,1.6106021642684936,0.387109375,0.7880947411060333,0.7922256708145141,0.291015625,0.40096514075994494,0.9060526728630066,0.03137257695198059,0.042373089119791985,0.7088785976171493,0.7983476847410202,0.010252943634986966,0.16632988750934596,nan,0.0,nan,0.0,0
14,320,4896,0.278125,2560,1.6389286279678346,0.378125,0.8032643765211105,0.8027766108512878,0.283984375,0.41873365491628645,0.9046660333871841,0.03137257695198059,0.042271869629621504,0.7075780779123306,0.7926248073577881,-0.010639569163322427,0.16632988750934596,nan,0.0,0.3046875,0.35700530000030994,0
14,340,4916,0.2792613636363636,2560,1.6441331684589386,0.37734375,0.7930886268615722,0.7979412257671357,0.27421875,0.40695596635341647,0.8984938532114028,0.03137257695198059,0.03923889277502894,0.7004645586013794,0.7983476847410202,0.005259057879448026,0.16632988750934596,nan,0.0,nan,0.0,0
14,352,4928,0.2799431818181818,1480,1.6295092524708927,0.368243242921056,0.7911634812483916,0.7947987198829651,0.2972972977805782,0.39459472765793674,0.9063641728581608,0.03137257695198059,0.03281472482391306,0.6818645770485336,0.7930886268615722,0.0019251456131805789,0.16632988750934596,nan,0.0,nan,0.0,0
15,20,4948,0.28107954545454544,2560,1.6084242045879364,0.390625,0.7916585773229599,0.7963927149772644,0.294140625,0.42141049206256864,0.9055857509374619,0.03137257695198059,0.041118564829230306,0.7070693373680115,0.7917626768350601,0.00010409951210021973,0.16632988750934596,nan,0.0,nan,0.0,0
15,40,4968,0.28221590909090905,2560,1.6130304634571075,0.385546875,0.8008872628211975,0.8029850214719773,0.273046875,0.4144449606537819,0.9151715844869613,0.03137257695198059,0.042867018468678,0.7119857877492904,0.7916585773229599,-0.009228685498237632,0.16632988750934596,nan,0.0,nan,0.0,0
15,60,4988,0.2833522727272727,2560,1.6156209588050843,0.377734375,0.7833674073219299,0.790350615978241,0.28046875,0.42249821722507475,0.9030347377061844,0.03137257695198059,0.041355612501502034,0.707458209991455,0.7930886268615722,0.009721219539642334,0.16632988750934596,nan,0.0,0.3515625,0.37042490008752793,0
15,80,5008,0.28448863636363636,2560,1.6160652041435242,0.391015625,0.7925791323184967,0.8024624049663543,0.2734375,0.41645395308732985,0.9088559657335281,0.03137257695198059,0.040591486170887946,0.7035313546657562,0.7916585773229599,-0.000920554995536893,0.16632988750934596,nan,0.0,nan,0.0,0
15,100,5028,0.28562499999999996,2560,1.6188555479049682,0.391796875,0.7899966150522232,0.7932843744754792,0.271484375,0.415792441368103,0.9112276911735535,0.03137257695198059,0.040159379132092,0.7024933844804764,0.7916585773229599,0.0016619622707366721,0.16632988750934596,nan,0.0,nan,0.0,0
15,120,5048,0.2867613636363636,2560,1.6491882801055908,0.372265625,0.7939730972051621,0.7979403376579285,0.3015625,0.42273855209350586,0.8983611017465591,0.03137257695198059,0.03950819279998541,0.7028002202510834,0.7916585773229599,-0.002314519882202215,0.16632988750934596,nan,0.0,nan,0.0,0
15,140,5068,0.2878977272727273,2560,1.6395504951477051,0.3671875,0.7953249603509903,0.8001369595527649,0.31171875,0.4142410114407539,0.9084114223718643,0.03137257695198059,0.04269284699112177,0.7106194853782654,0.7925791323184967,-0.002745828032493569,0.16632988750934596,nan,0.0,nan,0.0,0
15,160,5088,0.28903409090909093,2560,1.6707680106163025,0.353125,0.8082770258188248,0.8094209283590317,0.299609375,0.4283236116170883,0.9029448479413986,0.03137257695198059,0.04427324216812849,0.7146960973739624,0.7925791323184967,-0.01569789350032802,0.16632988750934596,nan,0.0,0.2890625,0.3619185999268666,0
15,180,5108,0.29017045454545454,2560,1.653149026632309,0.360546875,0.8120836585760116,0.8082006007432938,0.293359375,0.40032669752836225,0.906062850356102,0.03137257695198059,0.03815201763063669,0.6992924630641937,0.7939730972051621,-0.018110561370849543,0.16632988750934596,nan,0.0,nan,0.0,0
15,200,5128,0.2913068181818182,2560,1.6278407454490662,0.381640625,0.7947415739297867,0.7960705012083054,0.278125,0.40996252149343493,0.9014314204454422,0.03137257695198059,0.04696011170744896,0.719817516207695,0.7953249603509903,0.0005833864212035911,0.16632988750934596,nan,0.0,nan,0.0,0
15,220,5148,0.2924431818181818,2560,1.6436015725135804,0.36796875,0.808469581604004,0.8022983700037003,0.298828125,0.40816457867622374,0.9035122156143188,0.03137257695198059,0.04196946956217289,0.7065863847732544,0.7953249603509903,-0.013144621253013633,0.16632988750934596,nan,0.0,nan,0.0,0
15,240,5168,0.29357954545454545,2560,1.5813582599163056,0.39765625,0.7773660391569137,0.7897650629281998,0.287890625,0.42301267981529234,0.9023911952972412,0.03137257695198059,0.03971442300826311,0.7030994921922684,0.8082770258188248,0.030910986661911055,0.16632988750934596,nan,0.0,nan,0.0,0
15,260,5188,0.2947159090909091,2560,1.6441905438899993,0.370703125,0.8075227379798889,0.8016693323850632,0.291796875,0.4127811536192894,0.9055243343114853,0.03137257695198059,0.03922068532556296,0.70262311398983,0.8082770258188248,0.0007542878389358298,0.16632988750934596,nan,0.0,0.296875,0.35638730006758124,0
15,280,5208,0.2958522727272727,2560,1.6533101201057434,0.36953125,0.78947674036026,0.800904992222786,0.283203125,0.40798484683036806,0.9118589013814926,0.03137257695198059,0.03875190066173673,0.6996093094348907,0.8075227379798889,0.018045997619628884,0.16632988750934596,nan,0.0,nan,0.0,0
15,300,5228,0.29698863636363637,2560,1.5963382303714753,0.380859375,0.7943695098161697,0.7993440210819245,0.291015625,0.4146977558732033,0.9109755337238312,0.03137257695198059,0.04087985455989838,0.7027185946702957,0.7947415739297867,0.00037206411361700997,0.16632988750934596,nan,0.0,nan,0.0,0
15,320,5248,0.298125,2560,1.6420957565307617,0.3625,0.7983247637748718,0.7962600886821747,0.305078125,0.4243528202176094,0.9011074274778366,0.03137257695198059,0.04127876553684473,0.7088723570108414,0.7943695098161697,-0.00395525395870211,0.16632988750934596,nan,0.0,nan,0.0,0
15,340,5268,0.29926136363636363,2560,1.6669130086898805,0.369140625,0.8196806907653809,0.80682412981987,0.2859375,0.39999699890613555,0.8996237635612487,0.03137257695198059,0.04337291345000267,0.7095594674348831,0.7943695098161697,-0.025311180949211143,0.16632988750934596,nan,0.0,nan,0.0,0
15,352,5280,0.2999431818181818,1480,1.6677998285035829,0.3682432440487114,0.7990921458682498,0.7924325427493534,0.2945945945945946,0.4157327391005851,0.9033975365999583,0.03137257695198059,0.04366200074956224,0.7118448959814535,0.7983247637748718,-0.0007673820933780107,0.16632988750934596,nan,0.0,0.359375,0.3589624000014737,0
16,20,5300,0.2989204545454545,2560,1.6590313553810119,0.365234375,0.7956794321537017,0.7954990535974502,0.280078125,0.4036403581500053,0.9021203547716141,0.03137257695198059,0.044941251166164875,0.7163828402757645,0.7983247637748718,0.0026453316211700884,0.16632988750934596,nan,0.0,nan,0.0,0
16,40,5320,0.2977840909090909,2560,1.645099002122879,0.3796875,0.7973285287618637,0.7935795038938522,0.277734375,0.42754618376493453,0.9100895166397095,0.03137257695198059,0.044606800004839894,0.7154262095689774,0.7983247637748718,0.000996235013008162,0.16632988750934596,nan,0.0,nan,0.0,0
16,60,5340,0.29664772727272726,2560,1.5840928971767425,0.3875,0.8037305772304535,0.8006033778190613,0.291015625,0.4121170789003372,0.908628860116005,0.03137257695198059,0.04544988702982664,0.7163052916526794,0.7983247637748718,-0.005405813455581665,0.16632988750934596,nan,0.0,nan,0.0,0
16,80,5360,0.29551136363636366,2560,1.637767642736435,0.369140625,0.8011653333902359,0.8023282617330552,0.304296875,0.4141503691673279,0.9133201837539673,0.03137257695198059,0.04052019063383341,0.7047476828098297,0.7990921458682498,-0.002073187521986042,0.16632988750934596,nan,0.0,nan,0.0,0
16,100,5380,0.294375,2560,1.617682534456253,0.3859375,0.7984051376581192,0.8028200924396515,0.28359375,0.4058874979615211,0.9020459651947021,0.03137257695198059,0.043111024610698226,0.7096452504396439,0.7990921458682498,0.0006870082101306796,0.16632988750934596,nan,0.0,0.3203125,0.376498099998571,0
16,120,5400,0.2932386363636364,2560,1.637549525499344,0.3765625,0.7849209815263748,0.7969818323850631,0.2765625,0.41756869554519654,0.909668242931366,0.03137257695198059,0.03987172320485115,0.7023535013198853,0.7984051376581192,0.013484156131744363,0.16632988750934596,nan,0.0,nan,0.0,0
16,140,5420,0.2921022727272727,2560,1.6240938782691956,0.371484375,0.7976892441511154,0.7990453243255615,0.3109375,0.43457188457250595,0.9095699518918992,0.03137257695198059,0.04247298333793879,0.7076442688703537,0.7984051376581192,0.0007158935070037398,0.16632988750934596,nan,0.0,nan,0.0,0
16,160,5440,0.2909659090909091,2560,1.6453723847866057,0.38203125,0.8058861553668976,0.8047827571630478,0.286328125,0.4025413006544113,0.9122839778661728,0.03137257695198059,0.03872749889269471,0.69874527156353,0.7984051376581192,-0.0074810177087784036,0.16632988750934596,nan,0.0,nan,0.0,0
16,180,5460,0.2898295454545454,2560,1.642823737859726,0.36796875,0.7752275258302689,0.7912978053092956,0.300390625,0.42312523573637006,0.9076180964708328,0.03137257695198059,0.04177769236266613,0.7074134051799774,0.7984051376581192,0.023177611827850275,0.16632988750934596,nan,0.0,nan,0.0,0
16,200,5480,0.2886931818181818,2560,1.648066258430481,0.362890625,0.7983594059944152,0.8002749294042587,0.29921875,0.425153948366642,0.9018655270338058,0.03137257695198059,0.0405858239158988,0.7058245152235031,0.7976892441511154,-0.0006701618432998213,0.16632988750934596,nan,0.0,0.40625,0.357845599995926,0
16,220,5500,0.28755681818181816,2560,1.6014842927455901,0.38359375,0.7990436285734177,0.8006453335285186,0.308984375,0.4241363227367401,0.9086953699588776,0.03137257695198059,0.04152813330292702,0.7074140459299088,0.7976892441511154,-0.0013543844223022905,0.16632988750934596,nan,0.0,nan,0.0,0
16,240,5520,0.28642045454545456,2560,1.6321503281593324,0.376171875,0.8109711080789566,0.805999019742012,0.291015625,0.4290186777710915,0.9069566309452057,0.03137257695198059,0.04766163527965546,0.7191468864679337,0.7983594059944152,-0.01261170208454132,0.16632988750934596,nan,0.0,nan,0.0,0
16,260,5540,0.2852840909090909,2560,1.6273687422275542,0.381640625,0.8039934605360031,0.7960958003997802,0.267578125,0.41199656277894975,0.9052532374858856,0.03137257695198059,0.036222688015550376,0.6922823637723923,0.7990436285734177,-0.00494983196258536,0.16632988750934596,nan,0.0,nan,0.0,0
16,280,5560,0.2841477272727273,2560,1.6077436208724976,0.372265625,0.791868069767952,0.7951189875602722,0.29453125,0.40564344823360443,0.9133396327495575,0.03137257695198059,0.04010404292494059,0.7033306807279587,0.7990436285734177,0.0071755588054657204,0.16632988750934596,nan,0.0,nan,0.0,0
16,300,5580,0.28301136363636364,2560,1.6070241928100586,0.380859375,0.7921259224414825,0.7979320734739304,0.29921875,0.42696990370750426,0.9046573787927628,0.03137257695198059,0.04216694608330727,0.7077375799417496,0.7990436285734177,0.0069177061319352084,0.16632988750934596,nan,0.0,0.3671875,0.35576489998493344,0
16,320,5600,0.28187500000000004,2560,1.642862284183502,0.376953125,0.7923864692449569,0.7955845057964325,0.29921875,0.42652795314788816,0.9047811031341553,0.03137257695198059,0.04241648484021425,0.7083135515451431,0.7990436285734177,0.006657159328460782,0.16632988750934596,nan,0.0,nan,0.0,0
16,340,5620,0.28073863636363633,2560,1.6121494710445403,0.395703125,0.7886276453733444,0.7928421199321747,0.273046875,0.4043655678629875,0.9101642817258835,0.03137257695198059,0.04004011899232864,0.7033508688211441,0.7923864692449569,0.0037588238716125266,0.16632988750934596,nan,0.0,nan,0.0,0
16,352,5632,0.2800568181818182,1480,1.6785656987009823,0.35945946026492764,0.8007644102380083,0.8045900812020172,0.2912162166994971,0.4216063936014433,0.9106130938272219,0.03137257695198059,0.040571732557303196,0.7037281600204675,0.7921259224414825,-0.008638487796525762,0.16632988750934596,nan,0.0,nan,0.0,0
17,20,5652,0.2789204545454545,2560,1.5921597480773926,0.39609375,0.7995800256729126,0.8019786983728409,0.26875,0.40101598352193835,0.9063962578773499,0.03137257695198059,0.04195753950625658,0.7073963403701782,0.7921259224414825,-0.0074541032314301425,0.16632988750934596,nan,0.0,nan,0.0,0
17,40,5672,0.2777840909090909,2560,1.5716814160346986,0.38984375,0.7890110641717911,0.7942196160554886,0.3078125,0.4443094253540039,0.9110490381717682,0.03137257695198059,0.040435233525931834,0.7043055385351181,0.7923864692449569,0.0033754050731658047,0.16632988750934596,nan,0.0,0.3671875,0.39088690001517534,0
17,60,5692,0.27664772727272724,2560,1.6034952044486999,0.394140625,0.7920245230197906,0.7883276849985122,0.277734375,0.42360492050647736,0.901118990778923,0.03137257695198059,0.039795486442744735,0.7032841444015503,0.7923864692449569,0.0003619462251662764,0.16632988750934596,nan,0.0,nan,0.0,0
17,80,5712,0.27551136363636364,2560,1.5994668126106262,0.387109375,0.7731266021728516,0.7941185235977173,0.298828125,0.41999089568853376,0.905727532505989,0.03137257695198059,0.042109405249357225,0.7086267411708832,0.7920245230197906,0.018897920846939087,0.16632988750934596,nan,0.0,nan,0.0,0
17,100,5732,0.274375,2560,1.6163788437843323,0.3796875,0.7994689881801605,0.7973908931016922,0.296484375,0.4166180446743965,0.9063156306743622,0.03137257695198059,0.04518355168402195,0.7168252676725387,0.7920245230197906,-0.007444465160369895,0.16632988750934596,nan,0.0,nan,0.0,0
17,120,5752,0.2732386363636364,2560,1.5983708918094635,0.384765625,0.7973893076181412,0.7998512387275696,0.28828125,0.41874039769172666,0.913878270983696,0.03137257695198059,0.03859603498131037,0.6993117898702621,0.7920245230197906,-0.005364784598350547,0.16632988750934596,nan,0.0,nan,0.0,0
17,140,5772,0.2721022727272727,2560,1.6263004779815673,0.3765625,0.7848294287919998,0.7932816982269287,0.316796875,0.43433990627527236,0.9083695888519288,0.03137257695198059,0.039995078928768635,0.7038106024265289,0.7920245230197906,0.007195094227790855,0.16632988750934596,nan,0.0,0.390625,0.3689635000191629,0
17,160,5792,0.2709659090909091,2560,1.5692028284072876,0.396875,0.7932227641344071,0.7983212977647781,0.289453125,0.40733168125152586,0.9119582056999207,0.03137257695198059,0.04071414414793253,0.7049590915441513,0.7920245230197906,-0.0011982411146164162,0.16632988750934596,nan,0.0,nan,0.0,0
17,180,5812,0.26982954545454546,2560,1.5941489338874817,0.3984375,0.7826198101043701,0.7877650141716004,0.2875,0.44269163608551027,0.899562981724739,0.03137257695198059,0.04005335997790098,0.7047743320465087,0.7932227641344071,0.01060295403003697,0.16632988750934596,nan,0.0,nan,0.0,0
17,200,5832,0.26869318181818186,2560,1.5752606391906738,0.396875,0.7909620374441146,0.7915202021598816,0.28984375,0.42086911499500274,0.9056030511856079,0.03137257695198059,0.0363570686429739,0.6933685332536698,0.7932227641344071,0.002260726690292425,0.16632988750934596,nan,0.0,nan,0.0,0
17,220,5852,0.26755681818181815,2560,1.6220140039920807,0.379296875,0.7811290323734283,0.7921456903219223,0.29140625,0.4407999858260155,0.9100461542606354,0.03137257695198059,0.039657401666045186,0.703226986527443,0.7909620374441146,0.009833005070686296,0.16632988750934596,nan,0.0,nan,0.0,0
17,240,5872,0.26642045454545454,2560,1.6596214711666106,0.35546875,0.7934346139431,0.7956131160259247,0.280078125,0.3974399000406265,0.9051122188568115,0.03137257695198059,0.03737116865813732,0.6966021448373795,0.7848294287919998,-0.008605185151100203,0.16632988750934596,nan,0.0,0.359375,0.35785150004085153,0
17,260,5892,0.2652840909090909,2560,1.6179337859153748,0.39375,0.7877499639987946,0.7942002773284912,0.275,0.40561137944459913,0.9033182978630065,0.03137257695198059,0.04115877822041512,0.7050450682640076,0.7909620374441146,0.0032120734453200406,0.16632988750934596,nan,0.0,nan,0.0,0
17,280,5912,0.26414772727272723,2560,1.589363831281662,0.3921875,0.771927210688591,0.7890253871679306,0.302734375,0.4405867591500282,0.9083032160997391,0.03137257695198059,0.0351806016638875,0.6906947016716003,0.7877499639987946,0.015822753310203552,0.16632988750934596,nan,0.0,nan,0.0,0
17,300,5932,0.2630113636363636,2560,1.5731707692146302,0.415234375,0.7802924931049346,0.7888168543577194,0.27265625,0.428354386985302,0.9037066340446472,0.03137257695198059,0.036853629164397717,0.6935807257890702,0.7877499639987946,0.007457470893859952,0.16632988750934596,nan,0.0,nan,0.0,0
17,320,5952,0.26187499999999997,2560,1.6016692578792573,0.3875,0.7890314489603043,0.7967949092388154,0.29765625,0.4279398426413536,0.9012779355049133,0.03137257695198059,0.03746606800705195,0.6981535881757737,0.7811290323734283,-0.00790241658687596,0.16632988750934596,nan,0.0,nan,0.0,0
17,340,5972,0.26073863636363637,2560,1.634334933757782,0.3875,0.7952044695615769,0.7962415248155594,0.28125,0.41466427147388457,0.9049837917089463,0.03137257695198059,0.04483537133783102,0.7156132698059082,0.7877499639987946,-0.007454505562782265,0.16632988750934596,nan,0.0,0.390625,0.357455600053072,0
17,352,5984,0.2600568181818182,1480,1.572136471722577,0.3898648648648649,0.7915392070203214,0.8000943709064174,0.3094594596205531,0.4028251622174237,0.9028263233803414,0.03137257695198059,0.03683551487487716,0.6962388950425226,0.7877499639987946,-0.0037892430215268336,0.16632988750934596,nan,0.0,nan,0.0,0
18,20,6004,0.25892045454545454,2560,1.5669581413269043,0.405078125,0.7948845654726029,0.798210296034813,0.286328125,0.4185295909643173,0.9076366662979126,0.03137257695198059,0.04038204550743103,0.7045949280261994,0.7890314489603043,-0.005853116512298584,0.16632988750934596,nan,0.0,nan,0.0,0
18,40,6024,0.25778409090909093,2560,1.5699746787548066,0.395703125,0.7622810125350952,0.7874391049146652,0.31171875,0.4414059415459633,0.9086577296257019,0.03137257695198059,0.04054844491183758,0.7040787726640702,0.7915392070203214,0.029258194485226263,0.16632988750934596,nan,0.0,nan,0.0,0
18,60,6044,0.2566477272727273,2560,1.594779658317566,0.38203125,0.7873215049505233,0.7906710565090179,0.2890625,0.4394943296909332,0.9044072687625885,0.03137257695198059,0.0419765604659915,0.7073796838521957,0.7915392070203214,0.004217702069798102,0.16632988750934596,nan,0.0,nan,0.0,0
18,80,6064,0.2555113636363637,2560,1.601138412952423,0.39296875,0.7757552027702331,0.7853515803813934,0.293359375,0.41329462379217147,0.9086638271808625,0.03137257695198059,0.034972593653947115,0.6902327418327332,0.7915392070203214,0.0157840042500883,0.16632988750934596,nan,0.0,0.3515625,0.384852199931629,0
18,100,6084,0.25437499999999996,2560,1.5971410810947417,0.382421875,0.7963711082935333,0.7913927912712098,0.2984375,0.42545329630374906,0.9043369501829147,0.03137257695198059,0.04058922175318003,0.7031626760959625,0.7873215049505233,-0.009049603343009971,0.16632988750934596,nan,0.0,nan,0.0,0
18,120,6104,0.25323863636363636,2560,1.5934812664985656,0.398828125,0.7836608976125717,0.7903609126806259,0.26796875,0.41406483948230743,0.906397134065628,0.03137257695198059,0.03940753825008869,0.7039016902446746,0.7873215049505233,0.0036606073379515935,0.16632988750934596,nan,0.0,nan,0.0,0
18,140,6124,0.2521022727272727,2560,1.586198753118515,0.399609375,0.7889071941375733,0.7945499658584595,0.292578125,0.4432735174894333,0.9082686334848404,0.03137257695198059,0.040753035619854924,0.7056388169527054,0.7836608976125717,-0.005246296525001526,0.16632988750934596,nan,0.0,nan,0.0,0
18,160,6144,0.2509659090909091,2560,1.6098104178905488,0.390625,0.7937818467617035,0.7952129513025283,0.297265625,0.4301075994968414,0.9128990322351456,0.03137257695198059,0.038589711487293246,0.7009073853492737,0.7873215049505233,-0.006460341811180159,0.16632988750934596,nan,0.0,nan,0.0,0
18,180,6164,0.24982954545454544,2560,1.5812699258327485,0.393359375,0.7879643738269806,0.7908441066741944,0.300390625,0.4227497771382332,0.9084437280893326,0.03137257695198059,0.040268991980701684,0.7039638221263885,0.7889071941375733,0.0009428203105926736,0.16632988750934596,nan,0.0,0.3671875,0.3659207000164315,0
18,200,6184,0.24869318181818179,2560,1.5607672035694122,0.406640625,0.7835548609495163,0.7863458216190338,0.302734375,0.43830331563949587,0.8996944725513458,0.03137257695198059,0.036254790239036085,0.6941432565450668,0.7889071941375733,0.005352333188056946,0.16632988750934596,nan,0.0,nan,0.0,0
18,220,6204,0.24755681818181818,2560,1.63309485912323,0.3828125,0.8023854404687881,0.793332314491272,0.2859375,0.44019549936056135,0.9112481623888016,0.03137257695198059,0.03938990030437708,0.702589949965477,0.7879643738269806,-0.014421066641807534,0.16632988750934596,nan,0.0,nan,0.0,0
18,240,6224,0.2464204545454545,2560,1.603304123878479,0.400390625,0.7976755648851395,0.8017574518918991,0.28125,0.4236343398690224,0.9077658504247665,0.03137257695198059,0.03929909244179726,0.7012967735528945,0.7889071941375733,-0.008768370747566201,0.16632988750934596,nan,0.0,nan,0.0,0
18,260,6244,0.2452840909090909,2560,1.5818965137004852,0.390234375,0.7765321016311646,0.785528963804245,0.28984375,0.4309458702802658,0.9055064082145691,0.03137257695198059,0.03898906502872705,0.7010492026805878,0.7937818467617035,0.017249745130538896,0.16632988750934596,nan,0.0,nan,0.0,0
18,280,6264,0.24414772727272724,2560,1.5568106472492218,0.388671875,0.7822243481874466,0.7923474818468094,0.29453125,0.41909107863903045,0.9134959131479263,0.03137257695198059,0.03670912217348814,0.6944387167692184,0.7879643738269806,0.005740025639534019,0.16632988750934596,nan,0.0,0.3828125,0.35558279999531806,0
18,300,6284,0.24301136363636364,2560,1.5489098727703094,0.408984375,0.7829843163490295,0.7910199701786041,0.290625,0.4262639358639717,0.9153125941753387,0.03137257695198059,0.04498375952243805,0.714120727777481,0.7835548609495163,0.0005705446004867776,0.16632988750934596,nan,0.0,nan,0.0,0
18,320,6304,0.24187499999999995,2560,1.5872795462608338,0.4,0.7759813666343689,0.7867366999387742,0.28359375,0.4206617116928101,0.9078074395656586,0.03137257695198059,0.03882343303412199,0.697231650352478,0.7829843163490295,0.0070029497146606445,0.16632988750934596,nan,0.0,nan,0.0,0
18,340,6324,0.24073863636363635,2560,1.5807657957077026,0.389453125,0.7893040269613266,0.7881837397813797,0.278125,0.41435259133577346,0.9019681453704834,0.03137257695198059,0.041565587371587755,0.7058312803506851,0.7822243481874466,-0.007079678773880049,0.16632988750934596,nan,0.0,nan,0.0,0
18,352,6336,0.2400568181818182,1480,1.6020385432887723,0.39459459427240734,0.7910548374459551,0.7915470339156486,0.2959459459459459,0.43788468128926045,0.9096174024246835,0.03137257695198059,0.041476404626627224,0.7078865118928858,0.7822243481874466,-0.00883048925850849,0.16632988750934596,nan,0.0,nan,0.0,0
19,20,6356,0.23892045454545452,2560,1.5766554117202758,0.401953125,0.7798413515090943,0.7889671593904495,0.283203125,0.42854172438383104,0.9017358362674713,0.03137257695198059,0.041110843606293204,0.7077314615249634,0.7829843163490295,0.0031429648399352583,0.16632988750934596,nan,0.0,0.359375,0.3736377999885008,0
19,40,6376,0.23778409090909092,2560,1.5863523423671722,0.4125,0.7741666048765182,0.779599529504776,0.2796875,0.44063921123743055,0.9083177149295807,0.03137257695198059,0.03960535489022732,0.702616548538208,0.7829843163490295,0.008817711472511314,0.16632988750934596,nan,0.0,nan,0.0,0
19,60,6396,0.23664772727272726,2560,1.5412699341773988,0.403125,0.7878589808940888,0.7910272210836411,0.2953125,0.4145511224865913,0.9036506921052933,0.03137257695198059,0.04143364764750004,0.707442581653595,0.7798413515090943,-0.008017629384994507,0.16632988750934596,nan,0.0,nan,0.0,0
19,80,6416,0.23551136363636366,2560,1.5493134081363678,0.408984375,0.7640989154577256,0.7820816248655319,0.298046875,0.42878919541835786,0.90428227186203,0.03137257695198059,0.03917183335870504,0.7006735563278198,0.7878589808940888,0.02376006543636322,0.16632988750934596,nan,0.0,nan,0.0,0
19,100,6436,0.234375,2560,1.562096631526947,0.40078125,0.7601257473230362,0.7826636224985123,0.289453125,0.4396514505147934,0.9028466761112213,0.03137257695198059,0.03707021148875356,0.6937254518270493,0.7798413515090943,0.01971560418605811,0.16632988750934596,nan,0.0,nan,0.0,0
19,120,6456,0.23323863636363631,2560,1.5719175457954406,0.4140625,0.779957365989685,0.7871499538421631,0.287109375,0.4233443409204483,0.9135980159044266,0.03137257695198059,0.04056013021618128,0.7032950133085251,0.7741666048765182,-0.005790761113166787,0.16632988750934596,nan,0.0,0.375,0.3631172999739647,0
19,140,6476,0.2321022727272727,2560,1.5428624331951142,0.405859375,0.7631596773862839,0.7820545345544815,0.27265625,0.4180101826786995,0.9039951503276825,0.03137257695198059,0.03758642617613077,0.6992505043745041,0.7741666048765182,0.011006927490234353,0.16632988750934596,nan,0.0,nan,0.0,0
19,160,6496,0.23096590909090906,2560,1.5020621836185455,0.421875,0.7603714406490326,0.7882297754287719,0.28046875,0.4419566661119461,0.9070729702711106,0.03137257695198059,0.03882421273738146,0.7008823692798615,0.7640989154577256,0.0037274748086929543,0.16632988750934596,nan,0.0,nan,0.0,0
19,180,6516,0.22982954545454545,2560,1.5710753560066224,0.410546875,0.7776824563741684,0.7857472985982895,0.284375,0.431044502556324,0.903774282336235,0.03137257695198059,0.039402592740952966,0.7025867104530334,0.7631596773862839,-0.014522778987884566,0.16632988750934596,nan,0.0,nan,0.0,0
19,200,6536,0.22869318181818177,2560,1.5542961180210113,0.407421875,0.7756761074066162,0.7909051448106765,0.284765625,0.4368585735559464,0.9069442987442017,0.03137257695198059,0.039738035574555394,0.7029413998126983,0.7631596773862839,-0.012516430020332314,0.16632988750934596,nan,0.0,nan,0.0,0
19,220,6556,0.22755681818181817,2560,1.5784616887569427,0.4109375,0.772628903388977,0.7877041101455688,0.283203125,0.45254538804292677,0.9058476984500885,0.03137257695198059,0.04305435996502638,0.7100787252187729,0.7756761074066162,0.003047204017639138,0.16632988750934596,nan,0.0,0.375,0.356368999928236,0
19,240,6576,0.2264204545454545,2560,1.5376477479934691,0.421875,0.7684273988008499,0.7861833155155182,0.28515625,0.42312592566013335,0.9124311089515686,0.03137257695198059,0.03901066780090332,0.7009872198104858,0.772628903388977,0.004201504588127181,0.16632988750934596,nan,0.0,nan,0.0,0
19,260,6596,0.2252840909090909,2560,1.5740019798278808,0.390625,0.7967739135026932,0.7932431757450104,0.308984375,0.4318075254559517,0.9088722407817841,0.03137257695198059,0.045598534680902955,0.716389873623848,0.772628903388977,-0.02414501011371617,0.16632988750934596,nan,0.0,nan,0.0,0
19,280,6616,0.22414772727272725,2560,1.5471663534641267,0.4109375,0.742574417591095,0.767160815000534,0.28984375,0.4354076385498047,0.9017730921506881,0.03137257695198059,0.035376392770558596,0.6911709845066071,0.7756761074066162,0.033101689815521196,0.16632988750934596,nan,0.0,nan,0.0,0
19,300,6636,0.22301136363636365,2560,1.5923023641109466,0.387890625,0.7878715336322785,0.7883810877799988,0.296484375,0.4210067689418793,0.904299309849739,0.03137257695198059,0.039395326375961305,0.705033203959465,0.772628903388977,-0.015242630243301414,0.16632988750934596,nan,0.0,nan,0.0,0
19,320,6656,0.22187499999999996,2560,1.5438966810703278,0.39921875,0.7595458596944809,0.7829175561666488,0.3109375,0.429778029024601,0.912016698718071,0.03137257695198059,0.03840790167450905,0.6986795097589493,0.772628903388977,0.0130830436944962,0.16632988750934596,nan,0.0,0.3984375,0.3763431999832392,0
19,340,6676,0.22073863636363636,2560,1.554384136199951,0.413671875,0.7646146863698959,0.779429268836975,0.291015625,0.4384868875145912,0.9088549464941025,0.03137257695198059,0.037295329570770266,0.6966687947511673,0.7684273988008499,0.003812712430953935,0.16632988750934596,nan,0.0,nan,0.0,0
19,352,6688,0.22005681818181821,1480,1.5550380004418862,0.4175675672453803,0.7735121697992892,0.7767760818069046,0.29459459443350094,0.4453931017501934,0.9109647986051198,0.03137257695198059,0.0382712894194835,0.6999639614208325,0.7646146863698959,-0.008897483429393227,0.16632988750934596,nan,0.0,nan,0.0,0
20,20,6708,0.21892045454545453,2560,1.5585443079471588,0.405078125,0.7809158146381379,0.7906070858240127,0.300390625,0.42865242511034013,0.9064883172512055,0.03137257695198059,0.03588562551885843,0.6906330943107605,0.7646146863698959,-0.016301128268241927,0.16632988750934596,nan,0.0,nan,0.0,0
20,40,6728,0.21778409090909087,2560,1.5452196955680848,0.415625,0.7836706757545471,0.7879275232553482,0.282421875,0.43995041847229005,0.8994844019412994,0.03137257695198059,0.04134634267538786,0.7056753128767014,0.7735121697992892,-0.010158505955257913,0.16632988750934596,nan,0.0,nan,0.0,0
20,60,6748,0.21664772727272727,2560,1.5251876175403596,0.409765625,0.7703438490629196,0.7822114497423172,0.2859375,0.41850706189870834,0.9072392910718918,0.03137257695198059,0.039215360023081305,0.7035486727952958,0.7735121697992892,0.003168320736369523,0.16632988750934596,nan,0.0,0.3515625,0.36929519998375326,0
20,80,6768,0.2155113636363636,2560,1.5437836706638337,0.416015625,0.7701666474342346,0.7887302547693252,0.299609375,0.44035189747810366,0.9017118006944657,0.03137257695198059,0.03949891794472933,0.702127867937088,0.7735121697992892,0.0033455223650545873,0.16632988750934596,nan,0.0,nan,0.0,0
20,100,6788,0.214375,2560,1.5593896389007569,0.412890625,0.757929116487503,0.7736118555068969,0.288671875,0.4254724845290184,0.9019854426383972,0.03137257695198059,0.03684349153190851,0.6949963927268982,0.7735121697992892,0.01558305331178611,0.16632988750934596,nan,0.0,nan,0.0,0
20,120,6808,0.21323863636363632,2560,1.5431953370571136,0.416015625,0.7625422656536103,0.7795130610466003,0.294140625,0.45537162870168685,0.9039882838726043,0.03137257695198059,0.03759823571890593,0.6968382656574249,0.7703438490629196,0.007801583409309365,0.16632988750934596,nan,0.0,nan,0.0,0
20,140,6828,0.21210227272727272,2560,1.5266332268714904,0.41796875,0.7536787748336792,0.7710988551378251,0.296484375,0.4283281773328781,0.9060156732797623,0.03137257695198059,0.03742172159254551,0.6961719304323196,0.7701666474342346,0.016487872600555398,0.16632988750934596,nan,0.0,nan,0.0,0
20,160,6848,0.21096590909090907,2560,1.5470710337162017,0.39453125,0.7521694481372834,0.7684576898813248,0.309765625,0.4574847906827927,0.9048996210098267,0.03137257695198059,0.03590925158932805,0.6914890795946121,0.7625422656536103,0.010372817516326904,0.16632988750934596,nan,0.0,0.3515625,0.36990890000015497,0
20,180,6868,0.20982954545454546,2560,1.5646339118480683,0.39765625,0.7739756971597671,0.7874021112918854,0.285546875,0.4114529490470886,0.9017298579216003,0.03137257695198059,0.04208611696958542,0.7110214531421661,0.757929116487503,-0.016046580672264055,0.16632988750934596,nan,0.0,nan,0.0,0
20,200,6888,0.20869318181818178,2560,1.518946385383606,0.43203125,0.7449796795845032,0.7672886103391647,0.285546875,0.441384656727314,0.9047842800617218,0.03137257695198059,0.03536605089902878,0.6921914100646973,0.757929116487503,0.012949436902999878,0.16632988750934596,nan,0.0,nan,0.0,0
20,220,6908,0.20755681818181818,2560,1.547612226009369,0.405078125,0.7700124979019165,0.7808091700077057,0.298046875,0.4439127191901207,0.9025952905416489,0.03137257695198059,0.038311314024031165,0.6990546941757202,0.7536787748336792,-0.016333723068237327,0.16632988750934596,nan,0.0,nan,0.0,0
20,240,6928,0.20642045454545452,2560,1.5328035175800323,0.415234375,0.7615274399518966,0.7844641596078873,0.3015625,0.43609454333782194,0.9085516780614853,0.03137257695198059,0.04050628188997507,0.7061425238847733,0.7536787748336792,-0.007848665118217468,0.16632988750934596,nan,0.0,nan,0.0,0
20,260,6948,0.20528409090909092,2560,1.5603807330131532,0.390234375,0.7692773193120956,0.7811842739582062,0.30859375,0.4439287081360817,0.90738285779953,0.03137257695198059,0.038081816770136355,0.6992852568626404,0.7615274399518966,-0.007749879360198997,0.16632988750934596,nan,0.0,0.375,0.37304780003614724,0
20,280,6968,0.20414772727272726,2560,1.5378181219100953,0.408203125,0.7781273365020752,0.7900327205657959,0.303515625,0.4371258780360222,0.9070737421512604,0.03137257695198059,0.03669431572780013,0.6927459180355072,0.7692773193120956,-0.008850017189979575,0.16632988750934596,nan,0.0,nan,0.0,0
20,300,6988,0.20301136363636366,2560,1.5438418209552764,0.402734375,0.7732262790203095,0.7861754328012467,0.2984375,0.4264217257499695,0.906811797618866,0.03137257695198059,0.03743299385532737,0.6956895858049392,0.7692773193120956,-0.0039489597082138506,0.16632988750934596,nan,0.0,nan,0.0,0
20,320,7008,0.20187499999999997,2560,1.5758083164691925,0.4078125,0.7678353309631347,0.7900711268186569,0.2828125,0.43893067091703414,0.9105130702257156,0.03137257695198059,0.042705456539988515,0.7098547488451004,0.7700124979019165,0.0021771669387817827,0.16632988750934596,nan,0.0,nan,0.0,0
20,340,7028,0.20073863636363637,2560,1.5091894805431365,0.41953125,0.7765441417694092,0.7905786097049713,0.29296875,0.4201327696442604,0.9033606320619583,0.03137257695198059,0.04003899730741978,0.7032798767089844,0.7692773193120956,-0.007266822457313582,0.16632988750934596,nan,0.0,nan,0.0,0
20,352,7040,0.20005681818181814,1480,1.5326625817530863,0.4013513518346323,0.7705592297218942,0.7878752473238352,0.3222972977805782,0.4464153122257542,0.9083179551201898,0.03137257695198059,0.03761636689305305,0.6960680004712697,0.7732262790203095,0.002667049298415325,0.16632988750934596,nan,0.0,0.359375,0.37670110003091395,0
21,20,7060,0.19892045454545454,2560,1.5405985236167907,0.407421875,0.7735925644636155,0.7811232447624207,0.29375,0.4351662859320641,0.9000981867313385,0.03137257695198059,0.04147363752126694,0.7091906309127808,0.7732262790203095,-0.00036628544330596924,0.16632988750934596,nan,0.0,nan,0.0,0
21,40,7080,0.19778409090909088,2560,1.546016812324524,0.409375,0.7634983718395233,0.7777567714452743,0.306640625,0.43895295560359954,0.9047594904899597,0.03137257695198059,0.0383379964157939,0.6993129998445511,0.7732262790203095,0.0097279071807862,0.16632988750934596,nan,0.0,nan,0.0,0
21,60,7100,0.19664772727272728,2560,1.5305339455604554,0.396484375,0.7548735111951828,0.7712195217609406,0.322265625,0.4438296243548393,0.9009901940822601,0.03137257695198059,0.03628385048359632,0.6947851151227951,0.7705592297218942,0.015685718526711412,0.16632988750934596,nan,0.0,nan,0.0,0
21,80,7120,0.1955113636363636,2560,1.5040636718273164,0.430859375,0.7574522018432617,0.7771376430988312,0.288671875,0.4353457301855087,0.9033867061138153,0.03137257695198059,0.037598842196166514,0.6957322001457215,0.7705592297218942,0.013107027878632493,0.16632988750934596,nan,0.0,nan,0.0,0
21,100,7140,0.194375,2560,1.5116637587547301,0.41484375,0.767561811208725,0.7765948176383972,0.287890625,0.43105909526348113,0.9012921810150146,0.03137257695198059,0.038798850029706955,0.7011885911226272,0.7634983718395233,-0.004063439369201727,0.16632988750934596,nan,0.0,0.3984375,0.377669999958016,0
21,120,7160,0.19323863636363633,2560,1.5227811694145204,0.42265625,0.7412204504013061,0.7704586207866668,0.28359375,0.4437770262360573,0.9031231105327606,0.03137257695198059,0.039678299054503444,0.7031420320272446,0.7634983718395233,0.022277921438217163,0.16632988750934596,nan,0.0,nan,0.0,0
21,140,7180,0.19210227272727273,2560,1.533074152469635,0.40859375,0.7660958647727967,0.785792949795723,0.296875,0.43984358906745913,0.9065616846084594,0.03137257695198059,0.03898362163454294,0.70206358730793,0.7574522018432617,-0.008643662929535001,0.16632988750934596,nan,0.0,nan,0.0,0
21,160,7200,0.19096590909090908,2560,1.5189512610435485,0.423046875,0.7664646118879318,0.7748597681522369,0.2953125,0.4322177544236183,0.9096187740564347,0.03137257695198059,0.037841351516544816,0.6973865061998368,0.7574522018432617,-0.009012410044670127,0.16632988750934596,nan,0.0,nan,0.0,0
21,180,7220,0.18982954545454547,2560,1.5133757948875428,0.42734375,0.7558189362287522,0.7756146937608719,0.2875,0.44812347590923307,0.9033395349979401,0.03137257695198059,0.03426490463316441,0.6873900264501571,0.7660958647727967,0.010276928544044495,0.16632988750934596,nan,0.0,nan,0.0,0
21,200,7240,0.1886931818181818,2560,1.4871821582317353,0.425,0.7565177887678146,0.7741549402475357,0.282421875,0.4344186544418335,0.9012419581413269,0.03137257695198059,0.03646856434643268,0.6939744353294373,0.7660958647727967,0.009578076004982061,0.16632988750934596,nan,0.0,0.34375,0.37670799996703863,0
21,220,7260,0.18755681818181819,2560,1.5176598727703094,0.41171875,0.7698899120092392,0.7824733942747116,0.299609375,0.4533789619803429,0.9058101862668991,0.03137257695198059,0.03723128996789456,0.6956317096948623,0.7565177887678146,-0.01337212324142456,0.16632988750934596,nan,0.0,nan,0.0,0
21,240,7280,0.18642045454545453,2560,1.5387036383152009,0.42421875,0.7678877621889114,0.7772621393203736,0.273828125,0.4292241737246513,0.9105500787496567,0.03137257695198059,0.03671942502260208,0.6959128648042678,0.7660958647727967,-0.0017918974161147405,0.16632988750934596,nan,0.0,nan,0.0,0
21,260,7300,0.18528409090909093,2560,1.512786442041397,0.422265625,0.7657742887735367,0.783308944106102,0.2984375,0.4383956268429756,0.9016695886850357,0.03137257695198059,0.036980489082634446,0.6930421978235245,0.7664646118879318,0.0006903231143950972,0.16632988750934596,nan,0.0,nan,0.0,0
21,280,7320,0.18414772727272724,2560,1.4965715944766997,0.415625,0.7632752418518066,0.7750586420297623,0.294921875,0.4399775341153145,0.9004397213459014,0.03137257695198059,0.037158851698040965,0.6949527531862258,0.7657742887735367,0.002499046921730086,0.16632988750934596,nan,0.0,nan,0.0,0
21,300,7340,0.18301136363636364,2560,1.497436338663101,0.424609375,0.7471419006586075,0.7643295437097549,0.29453125,0.4395582124590874,0.9153876185417176,0.03137257695198059,0.035576382838189605,0.6898802161216736,0.7657742887735367,0.018632388114929177,0.16632988750934596,nan,0.0,0.3828125,0.3726007000077516,0
21,320,7360,0.18187499999999998,2560,1.4921191871166228,0.41953125,0.7428753614425659,0.7729722499847412,0.3078125,0.4513759270310402,0.9036862850189209,0.03137257695198059,0.03851744923740626,0.7005284577608109,0.7657742887735367,0.022898927330970764,0.16632988750934596,nan,0.0,nan,0.0,0
21,340,7380,0.18073863636363638,2560,1.5632283389568329,0.40546875,0.7467359513044357,0.7652671992778778,0.282421875,0.4339527115225792,0.9018028497695922,0.03137257695198059,0.0349045304581523,0.6912628591060639,0.7632752418518066,0.01653929054737091,0.16632988750934596,nan,0.0,nan,0.0,0
21,352,7392,0.18005681818181815,1480,1.4512324281640956,0.43445945945945946,0.7540792110803965,0.7660389597351487,0.26824324332379007,0.39497596943700636,0.9049538754128121,0.03137257695198059,0.03604919133154122,0.6932748459480904,0.7471419006586075,-0.0069373104217890225,0.16632988750934596,nan,0.0,nan,0.0,0
22,20,7412,0.17892045454545455,2560,1.49905846118927,0.4203125,0.7166869759559631,0.7579849421977997,0.305859375,0.4716314122080803,0.9014841943979264,0.03137257695198059,0.03612651657313108,0.6938738077878952,0.7471419006586075,0.030454924702644437,0.16632988750934596,nan,0.0,nan,0.0,0
22,40,7432,0.1777840909090909,2560,1.4846923053264618,0.42578125,0.7355897098779678,0.763318020105362,0.28984375,0.4339239850640297,0.8988651484251022,0.03137257695198059,0.03893332649022341,0.702460664510727,0.7467359513044357,0.011146241426467918,0.16632988750934596,nan,0.0,0.40625,0.3859198000282049,0
22,60,7452,0.1766477272727273,2560,1.503592997789383,0.415234375,0.7141339629888535,0.7582205653190612,0.305078125,0.4464797884225845,0.9136501520872116,0.03137257695198059,0.034393056854605676,0.6888245314359664,0.7428753614425659,0.028741398453712486,0.16632988750934596,nan,0.0,nan,0.0,0
22,80,7472,0.1755113636363636,2560,1.459918463230133,0.4359375,0.7326954066753387,0.7607959926128387,0.290234375,0.44040232747793195,0.9014398187398911,0.03137257695198059,0.03571619354188442,0.6933617740869522,0.7355897098779678,0.002894303202629067,0.16632988750934596,nan,0.0,nan,0.0,0
22,100,7492,0.174375,2560,1.5286470592021941,0.426953125,0.7327563643455506,0.7544170618057251,0.274609375,0.4611752271652222,0.908182293176651,0.03137257695198059,0.03585662553086877,0.6931038051843643,0.7326954066753387,-6.0957670211858606e-05,0.16632988750934596,nan,0.0,nan,0.0,0
22,120,7512,0.17323863636363634,2560,1.5118486166000367,0.4265625,0.7575965285301208,0.774471428990364,0.287890625,0.4314477309584618,0.9082565486431122,0.03137257695198059,0.037264731526374814,0.6987716585397721,0.7326954066753387,-0.024901121854782104,0.16632988750934596,nan,0.0,nan,0.0,0
22,140,7532,0.17210227272727274,2560,1.509787929058075,0.422265625,0.7510869711637497,0.7680921107530594,0.291015625,0.4296251177787781,0.9049687922000885,0.03137257695198059,0.03955821711570025,0.7013705193996429,0.7327563643455506,-0.01833060681819909,0.16632988750934596,nan,0.0,0.390625,0.37141490005888045,0
22,160,7552,0.17096590909090906,2560,1.467133527994156,0.44453125,0.7380418747663497,0.7630723506212235,0.276171875,0.442752106487751,0.9056890130043029,0.03137257695198059,0.038899213448166846,0.7029060393571853,0.7327563643455506,-0.0052855104207991666,0.16632988750934596,nan,0.0,nan,0.0,0
22,180,7572,0.16982954545454546,2560,1.4896387994289397,0.441015625,0.7222473442554473,0.7581648707389832,0.3,0.44591625183820727,0.9041488856077194,0.03137257695198059,0.036290017608553174,0.6951959222555161,0.7380418747663497,0.015794530510902405,0.16632988750934596,nan,0.0,nan,0.0,0
22,200,7592,0.1686931818181818,2560,1.4408744633197785,0.448828125,0.7294190049171447,0.7591353297233582,0.2890625,0.4357639417052269,0.9070709466934204,0.03137257695198059,0.03904222771525383,0.7018676996231079,0.7380418747663497,0.008622869849205017,0.16632988750934596,nan,0.0,nan,0.0,0
22,220,7612,0.1675568181818182,2560,1.472008180618286,0.43203125,0.7161849588155746,0.7583561182022095,0.3046875,0.45015950351953504,0.8968756556510925,0.03137257695198059,0.0373774329200387,0.6979838520288467,0.7380418747663497,0.021856915950775102,0.16632988750934596,nan,0.0,nan,0.0,0
22,240,7632,0.16642045454545454,2560,1.4611758053302766,0.43046875,0.7185759216547012,0.7630971550941468,0.291015625,0.4361500397324562,0.9037225276231766,0.03137257695198059,0.03701791353523731,0.6983718037605285,0.7294190049171447,0.010843083262443542,0.16632988750934596,nan,0.0,0.3515625,0.3780170000391081,0
22,260,7652,0.16528409090909094,2560,1.448258376121521,0.4453125,0.6929862588644028,0.7453093439340591,0.29921875,0.44789974242448805,0.9036897242069244,0.03137257695198059,0.03693439494818449,0.6983449399471283,0.7222473442554473,0.02926108539104455,0.16632988750934596,nan,0.0,nan,0.0,0
22,280,7672,0.16414772727272725,2560,1.502416181564331,0.428515625,0.6566748768091202,0.7328259974718094,0.2796875,0.4320304661989212,0.8998214930295945,0.03137257695198059,0.03849733360111714,0.7047238767147064,0.7185759216547012,0.06190104484558101,0.16632988750934596,nan,0.0,nan,0.0,0
22,300,7692,0.16301136363636365,2560,1.2528142780065536,0.541015625,0.29312186799943446,0.6283092707395553,0.180078125,0.2704071350395679,0.905307799577713,0.03137257695198059,0.03240201771259308,0.6837632805109024,0.7161849588155746,0.4230630908161402,0.16632988750934596,nan,0.0,0.1875,0.37668139999732375,1
22,320,7712,0.161875,2560,0.9230237185955048,0.673046875,0.057611498446203765,0.5462380915880203,0.10859375,0.17197124436497688,0.9141714960336685,0.03137257695198059,0.03671557158231735,0.6919198870658875,0.6929862588644028,0.6353747604181991,0.16632988750934596,nan,0.0,0.0625,0.3724639000138268,1
22,340,7732,0.1607386363636364,2560,0.9985623508691788,0.64921875,0.038380263326689604,0.5365200161933898,0.109765625,0.13658556891605259,0.9115271478891372,0.03137257695198059,0.04245625864714384,0.7081360846757889,0.6566748768091202,0.6182946134824305,0.16632988750934596,nan,0.0,0.0859375,0.3730603000149131,1
22,352,7744,0.16005681818181816,1480,1.0151672440606194,0.6317567577233185,0.042625680525560636,0.5377894620637635,0.11148648640593967,0.15284388999681214,0.9177468477068721,0.03137257695198059,0.04264061597956193,0.7095674927170212,0.29312186799943446,0.2504961874738738,0.16632988750934596,nan,0.0,0.0390625,0.38062389998231083,1
23,20,7764,0.15892045454545456,2560,1.0479526191949844,0.62265625,0.04527145095635206,0.5421103313565254,0.1359375,0.1832934357225895,0.9157385706901551,0.03137257695198059,0.051861361414194104,0.7188332825899124,0.057611498446203765,0.012340047489851708,0.16632988750934596,nan,0.0,0.078125,0.37453359994105995,0
23,40,7784,0.15778409090909087,2560,0.9403680562973022,0.65625,0.044603635417297484,0.5290424525737762,0.16015625,0.058070869697257874,0.9142858028411865,0.03137257695198059,0.06546738818287849,0.7355793833732605,0.04527145095635206,0.000667815539054574,0.16632988750934596,nan,0.0,0.0546875,0.3696865000529215,0
23,60,7804,0.15664772727272727,2560,1.1660380840301514,0.576171875,0.08861144594848155,0.5527024835348129,0.144140625,0.254342445358634,0.9184518396854401,0.03137257695198059,0.06155084855854511,0.7386400401592255,0.044603635417297484,-0.04400781053118407,0.16632988750934596,nan,0.0,0.1796875,0.3775869000237435,0
23,80,7824,0.15551136363636361,2560,0.8767234802246093,0.68359375,0.012398977763950825,0.5207739681005478,0.10703125,0.0868173073977232,0.9142573237419128,0.03137257695198059,0.055550114065408704,0.7253917485475541,0.044603635417297484,0.03220465765334666,0.16632988750934596,nan,0.0,0.0859375,0.38109109993092716,0
23,100,7844,0.154375,2560,0.8593759775161743,0.700390625,0.024811194208450616,0.5170176357030869,0.140234375,0.055053650843910874,0.9167844355106354,0.03137257695198059,0.049565531127154824,0.7140254646539688,0.044603635417297484,0.019792441208846868,0.16632988750934596,nan,0.0,nan,0.0,0
23,120,7864,0.15323863636363635,2560,1.0464729577302934,0.62265625,0.025691548327449708,0.5331800043582916,0.181640625,0.1398689172230661,0.9169628322124481,0.03137257695198059,0.04453035313636065,0.7037768483161926,0.044603635417297484,0.018912087089847776,0.16632988750934596,nan,0.0,nan,0.0,0
23,140,7884,0.15210227272727275,2560,0.9728974848985672,0.655859375,0.01984259393066168,0.5171708628535271,0.109765625,0.10729703139513731,0.9165786951780319,0.03137257695198059,0.04830249361693859,0.7200644016265869,0.025691548327449708,0.0058489543967880295,0.16632988750934596,nan,0.0,nan,0.0,0
23,160,7904,0.15096590909090907,2560,0.821162748336792,0.718359375,0.024392793979495765,0.5116972759366035,0.10546875,0.0812112553510815,0.9155572533607483,0.03137257695198059,0.04678257405757904,0.7224847614765167,0.024811194208450616,0.00041840022895485093,0.16632988750934596,nan,0.0,nan,0.0,0
23,180,7924,0.14982954545454547,2560,0.852283188700676,0.7,0.03917304463684559,0.5275914654135704,0.117578125,0.08504985901527107,0.9146710932254791,0.03137257695198059,0.04496124275028705,0.7161442518234253,0.024392793979495765,-0.014780250657349822,0.16632988750934596,nan,0.0,0.0390625,0.3821882000193,0
23,200,7944,0.1486931818181818,2560,0.6658345252275467,0.76953125,0.017156519007403403,0.5129562586545944,0.159375,-0.10252895769663155,0.9154243767261505,0.03137257695198059,0.03901522941887379,0.6953566908836365,0.024811194208450616,0.007654675201047213,0.16632988750934596,nan,0.0,nan,0.0,0
23,220,7964,0.1475568181818182,2560,0.7074401319026947,0.75234375,0.01625156864756718,0.5056877300143242,0.1578125,-0.0735456308349967,0.9126451075077057,0.03137257695198059,0.03796429093927145,0.6947772920131683,0.024392793979495765,0.008141225331928584,0.16632988750934596,nan,0.0,nan,0.0,0
23,240,7984,0.14642045454545452,2560,0.6977440118789673,0.762109375,0.02165983817540109,0.5115441814064979,0.190234375,-0.1412562538869679,0.9184093624353409,0.03137257695198059,0.03661698903888464,0.6921114683151245,0.01984259393066168,-0.0018172442447394119,0.16632988750934596,nan,0.0,nan,0.0,0
23,260,8004,0.14528409090909092,2560,0.7991345286369324,0.722265625,0.029950551432557405,0.5084205761551857,0.16953125,-0.059626086615026,0.9141744136810303,0.03137257695198059,0.03590730419382453,0.6894878625869751,0.02165983817540109,-0.008290713257156315,0.16632988750934596,nan,0.0,nan,0.0,0
23,280,8024,0.14414772727272726,2560,0.644617834687233,0.781640625,0.028852812852710484,0.5081245586276054,0.169140625,-0.10242289053276181,0.9145822048187255,0.03137257695198059,0.03608471862971783,0.6875824183225632,0.02165983817540109,-0.007192974677309394,0.16632988750934596,nan,0.0,0.0078125,0.37686770001892,0
23,300,8044,0.14301136363636366,2560,0.6447871312499046,0.780859375,0.050513080600649116,0.5114842921495437,0.1859375,-0.17459041122347116,0.9146638423204422,0.03137257695198059,0.03164745187386871,0.6702334821224213,0.02165983817540109,-0.028853242425248025,0.16632988750934596,nan,0.0,nan,0.0,0
23,320,8064,0.141875,2560,0.6482747703790664,0.78359375,0.020404511783272027,0.5104253247380257,0.207421875,-0.2763006066903472,0.9136894434690476,0.03137257695198059,0.03093331027776003,0.6674764186143876,0.028852812852710484,0.008448301069438457,0.16632988750934596,nan,0.0,nan,0.0,0
23,340,8084,0.1407386363636364,2560,0.6286321327090263,0.7859375,0.02828047671355307,0.5056677684187889,0.223828125,-0.2958227448165417,0.9158142238855362,0.03137257695198059,0.030445189401507377,0.667185178399086,0.028852812852710484,0.0005723361391574144,0.16632988750934596,nan,0.0,nan,0.0,0
23,352,8096,0.14005681818181817,1480,0.639813803659903,0.7770270267048398,0.0217299997403815,0.5110534258790919,0.20810810843029537,-0.26769167619782525,0.9145351848086796,0.03137257695198059,0.030828851018403026,0.6611894104931806,0.028852812852710484,0.007122813112328985,0.16632988750934596,nan,0.0,nan,0.0,0
24,20,8116,0.13892045454545457,2560,0.5926145538687706,0.7921875,0.04598579602316022,0.5008311107754707,0.228515625,-0.3308016903698444,0.9143336176872253,0.03137257695198059,0.032472556363791226,0.6708716779947281,0.02828047671355307,-0.01770531930960715,0.16632988750934596,nan,0.0,0.0,0.36803569993935525,0
24,40,8136,0.13778409090909088,2560,0.5862028196454048,0.805078125,0.034974564076401295,0.5082758739590645,0.205078125,-0.2941509423777461,0.9139185786247254,0.03137257695198059,0.02685096301138401,0.652632686495781,0.02828047671355307,-0.006694087362848225,0.16632988750934596,nan,0.0,nan,0.0,0
24,60,8156,0.13664772727272728,2560,0.5128207713365555,0.825,0.015211126348003746,0.5038753658533096,0.21796875,-0.3105145260691643,0.9147911310195923,0.03137257695198059,0.028732779342681168,0.6613212853670121,0.02828047671355307,0.013069350365549324,0.16632988750934596,nan,0.0,nan,0.0,0
24,80,8176,0.13551136363636362,2560,0.5330064073204994,0.82578125,0.033271078509278594,0.5059711590409279,0.24375,-0.36902729496359826,0.9132939875125885,0.03137257695198059,0.029397437069565057,0.6635582506656647,0.02828047671355307,-0.004990601795725524,0.16632988750934596,nan,0.0,nan,0.0,0
24,100,8196,0.13437500000000002,2560,0.5543478220701218,0.812890625,0.0350728563265875,0.5036485195159912,0.18671875,-0.20472867265343667,0.916329848766327,0.03137257695198059,0.024923670385032893,0.6462358117103577,0.033271078509278594,-0.0018017778173089055,0.16632988750934596,nan,0.0,nan,0.0,0
24,120,8216,0.13323863636363634,2560,0.46249453276395797,0.84765625,0.03759217378683388,0.5045958399772644,0.21796875,-0.3708679750561714,0.9150394588708878,0.03137257695198059,0.03433945635333657,0.6845881670713425,0.034974564076401295,-0.0026176097104325877,0.16632988750934596,nan,0.0,0.0,0.3585340999998152,0
24,140,8236,0.13210227272727273,2560,0.5040360212326049,0.830859375,0.029153263941407204,0.510503527522087,0.234765625,-0.4053917065262794,0.9158966243267059,0.03137257695198059,0.03205917039886117,0.6758696436882019,0.034974564076401295,0.00582130013499409,0.16632988750934596,nan,0.0,nan,0.0,0
24,160,8256,0.13096590909090908,2560,0.4377449989318848,0.85234375,0.029587220679968596,0.5016583889722824,0.255859375,-0.48475188910961153,0.9147556453943253,0.03137257695198059,0.0252270445227623,0.6433751255273819,0.033271078509278594,0.003683857829309998,0.16632988750934596,nan,0.0,nan,0.0,0
24,180,8276,0.12982954545454548,2560,0.4789834961295128,0.84921875,0.046740315458737317,0.5060389384627342,0.253515625,-0.47181555032730105,0.9131389796733856,0.03137257695198059,0.027132353466004133,0.6536192655563354,0.033271078509278594,-0.013469236949458722,0.16632988750934596,nan,0.0,nan,0.0,0
24,200,8296,0.12869318181818182,2560,0.43912705332040786,0.858984375,0.01470911258365959,0.5056259304285049,0.247265625,-0.44908330738544466,0.9153696864843368,0.03137257695198059,0.027206176426261663,0.658256533741951,0.0350728563265875,0.02036374374292791,0.16632988750934596,nan,0.0,nan,0.0,0
24,220,8316,0.12755681818181822,2560,0.47471289038658143,0.84453125,0.01816331916488707,0.5000433683395386,0.235546875,-0.4257043682038784,0.9162305414676666,0.03137257695198059,0.03167556272819638,0.6817030489444733,0.029587220679968596,0.011423901515081526,0.16632988750934596,nan,0.0,0.0,0.3566653000889346,0
24,240,8336,0.12642045454545453,2560,0.540409117937088,0.82265625,0.03642172999680042,0.5030498638749122,0.21328125,-0.36164339184761046,0.9146910518407821,0.03137257695198059,0.03319537471979857,0.6798734068870544,0.029153263941407204,-0.0072684660553932155,0.16632988750934596,nan,0.0,nan,0.0,0
24,260,8356,0.12528409090909093,2560,0.4935023099184036,0.83515625,0.03944544191472232,0.5089336514472962,0.219140625,-0.3629119545221329,0.9137513697147369,0.03137257695198059,0.03334172833710909,0.6815760999917984,0.029587220679968596,-0.009858221234753727,0.16632988750934596,nan,0.0,nan,0.0,0
24,280,8376,0.12414772727272727,2560,0.5099717512726784,0.832421875,0.018477267515845597,0.5071083262562752,0.203125,-0.3400623517110944,0.9144172847270966,0.03137257695198059,0.03221243619918823,0.6806306600570678,0.03642172999680042,0.017944462480954822,0.16632988750934596,nan,0.0,nan,0.0,0
24,300,8396,0.12301136363636367,2560,0.4288928836584091,0.8640625,0.03651884775608778,0.506507633626461,0.21953125,-0.43131072670221327,0.9139883905649185,0.03137257695198059,0.03219552794471383,0.682496526837349,0.018477267515845597,-0.018041580240242185,0.16632988750934596,nan,0.0,nan,0.0,0
24,320,8416,0.121875,2560,0.44431869834661486,0.853515625,0.019278434314765037,0.5047083660960198,0.236328125,-0.4164494939148426,0.9162932217121125,0.03137257695198059,0.03171968748793006,0.676922830939293,0.03642172999680042,0.017143295682035382,0.16632988750934596,nan,0.0,0.0,0.35623040003702044,0
24,340,8436,0.12073863636363633,2560,0.45671002715826037,0.845703125,0.039162781462073325,0.5057307034730911,0.2328125,-0.4241927549242973,0.9151645869016647,0.03137257695198059,0.03159449901431799,0.6744343042373657,0.03642172999680042,-0.002741051465272905,0.16632988750934596,nan,0.0,nan,0.0,0
24,352,8448,0.12005681818181817,1480,0.3908510309618873,0.8756756753534884,0.037599399449253404,0.5056330584190988,0.23108108148381518,-0.4195802627383052,0.9174017377801844,0.03137257695198059,0.03482487453399478,0.6903920760025849,0.03651884775608778,-0.0010805516931656212,0.16632988750934596,nan,0.0,nan,0.0,0
25,20,8468,0.11892045454545457,2560,0.3916758030653,0.867578125,0.02851986517198384,0.508122780919075,0.230859375,-0.4549184933304787,0.9133016139268875,0.03137257695198059,0.0384370120242238,0.7018250018358231,0.03651884775608778,0.007998982584103944,0.16632988750934596,nan,0.0,nan,0.0,0
25,40,8488,0.1177840909090909,2560,0.38944335728883744,0.868359375,0.02284198929555714,0.5041422694921494,0.2296875,-0.4690014883875847,0.9155536860227584,0.03137257695198059,0.03913176693022251,0.7064705789089203,0.03651884775608778,0.013676858460530641,0.16632988750934596,nan,0.0,nan,0.0,0
25,60,8508,0.11664772727272729,2560,0.38159670531749723,0.88125,0.028257815854158253,0.5090414822101593,0.215625,-0.41215092688798904,0.916448998451233,0.03137257695198059,0.03558168383315206,0.6985904395580291,0.02851986517198384,0.0002620493178255856,0.16632988750934596,nan,0.0,0.0,0.37074639997445047,0
25,80,8528,0.11551136363636362,2560,0.39753870368003846,0.8671875,0.024162127263844015,0.5091373607516289,0.216015625,-0.3955676957964897,0.9156082332134247,0.03137257695198059,0.03329693265259266,0.691767331957817,0.02851986517198384,0.004357737908139824,0.16632988750934596,nan,0.0,nan,0.0,0
25,100,8548,0.11437500000000002,2560,0.4215789273381233,0.861328125,0.041423296509310606,0.5106367871165276,0.2265625,-0.3970413997769356,0.914610305428505,0.03137257695198059,0.028669465240091084,0.6779702693223953,0.028257815854158253,-0.013165480655152353,0.16632988750934596,nan,0.0,nan,0.0,0
25,120,8568,0.11323863636363635,2560,0.44254336804151534,0.850390625,0.031453343387693164,0.5114428326487541,0.2125,-0.3128883272409439,0.9154280543327331,0.03137257695198059,0.02721779951825738,0.674034783244133,0.028257815854158253,-0.003195527533534911,0.16632988750934596,nan,0.0,nan,0.0,0
25,140,8588,0.11210227272727276,2560,0.4462966099381447,0.851171875,0.027677680260967463,0.5034748271107674,0.2171875,-0.37702471315860747,0.9135593622922897,0.03137257695198059,0.02452909601852298,0.6601281493902207,0.028257815854158253,0.0005801355931907906,0.16632988750934596,nan,0.0,nan,0.0,0
25,160,8608,0.11096590909090909,2560,0.4778922900557518,0.83984375,0.03835398233495653,0.5110625132918358,0.24765625,-0.47240171730518343,0.9143426418304443,0.03137257695198059,0.026706020627170802,0.6739783018827439,0.028257815854158253,-0.010096166480798276,0.16632988750934596,nan,0.0,0.0,0.3630549000808969,0
25,180,8628,0.10982954545454549,2560,0.42295844554901124,0.863671875,0.03180275389458984,0.5093904003500939,0.240234375,-0.46631184965372086,0.9158158808946609,0.03137257695198059,0.02786542186513543,0.6795190662145615,0.031453343387693164,-0.0003494105068966788,0.16632988750934596,nan,0.0,nan,0.0,0
25,200,8648,0.10869318181818181,2560,0.46162857711315153,0.847265625,0.023454815510194748,0.5083929851651192,0.2140625,-0.380860997736454,0.916453692317009,0.03137257695198059,0.02368710096925497,0.6678436279296875,0.03180275389458984,0.008347938384395095,0.16632988750934596,nan,0.0,nan,0.0,0
25,220,8668,0.10755681818181821,2560,0.433478082716465,0.863671875,0.034935204405337573,0.5128395289182663,0.230859375,-0.43601529747247697,0.9157347530126572,0.03137257695198059,0.023626852966845035,0.6648688316345215,0.031453343387693164,-0.0034818610176444095,0.16632988750934596,nan,0.0,nan,0.0,0
25,240,8688,0.10642045454545454,2560,0.40215359181165694,0.86875,0.013960509933531285,0.5025178387761116,0.23203125,-0.4455950751900673,0.915923073887825,0.03137257695198059,0.022082306258380414,0.6539412617683411,0.03180275389458984,0.01784224396105856,0.16632988750934596,nan,0.0,nan,0.0,0
25,260,8708,0.10528409090909087,2560,0.42405014038085936,0.866015625,0.022436906571965665,0.5095859721302987,0.226953125,-0.40430622845888137,0.9165621668100357,0.03137257695198059,0.01861192975193262,0.6440010607242584,0.03180275389458984,0.009365847322624177,0.16632988750934596,nan,0.0,0.0,0.35762430005706847,0
25,280,8728,0.10414772727272727,2560,0.32197508290410043,0.89296875,0.017396826925687493,0.503981414437294,0.22578125,-0.4932057857513428,0.9162007808685303,0.03137257695198059,0.020117900613695384,0.6541029900312424,0.023454815510194748,0.006057988584507255,0.16632988750934596,nan,0.0,nan,0.0,0
25,300,8748,0.10301136363636361,2560,0.42533406615257263,0.86171875,0.016059429058805107,0.5030184552073479,0.259375,-0.5276698276400567,0.9149041712284088,0.03137257695198059,0.0235086121596396,0.6694211930036544,0.022436906571965665,0.006377477513160559,0.16632988750934596,nan,0.0,nan,0.0,0
25,320,8768,0.10187500000000001,2560,0.45499703735113145,0.852734375,0.024923654296435414,0.5124900981783866,0.259765625,-0.4692325502634048,0.9142924100160599,0.03137257695198059,0.022931389417499302,0.6578106194734573,0.017396826925687493,-0.007526827370747922,0.16632988750934596,nan,0.0,nan,0.0,0
25,340,8788,0.10073863636363634,2560,0.5088806301355362,0.83046875,0.02208627494983375,0.5130920588970185,0.199609375,-0.2631792835891247,0.9149593591690064,0.03137257695198059,0.025041909702122212,0.6674839109182358,0.017396826925687493,-0.004689448024146257,0.16632988750934596,nan,0.0,nan,0.0,0
25,352,8800,0.10005681818181818,1480,0.5072993310722145,0.83040540604978,0.027428307016757695,0.5196452037708179,0.17432432472705842,-0.2550073686483744,0.9139514491364763,0.03137257695198059,0.02271733377632257,0.6635027144406292,0.02208627494983375,-0.005342032066923946,0.16632988750934596,nan,0.0,0.0,0.35759709996636957,0
26,20,8820,0.09892045454545458,2560,0.6296926066279411,0.7765625,0.0012887233635410667,0.4985144466161728,0.16171875,-0.09130154177546501,0.9147213220596313,0.03137257695198059,0.02387893255800009,0.6697607010602951,0.02208627494983375,0.020797551586292682,0.16632988750934596,nan,0.0,nan,0.0,0
26,40,8840,0.0977840909090909,2560,0.5100514441728592,0.824609375,0.014560184557922184,0.5062238201498985,0.183984375,-0.24520537704229356,0.9138174891471863,0.03137257695198059,0.025818816851824522,0.6783150345087051,0.02208627494983375,0.007526090391911565,0.16632988750934596,nan,0.0,nan,0.0,0
26,60,8860,0.0966477272727273,2560,0.4358318239450455,0.852734375,0.002125164889730513,0.5076324597001076,0.176953125,-0.24479961767792702,0.914415380358696,0.03137257695198059,0.023800003342330456,0.6699166238307953,0.02208627494983375,0.019961110060103236,0.16632988750934596,nan,0.0,nan,0.0,0
26,80,8880,0.09551136363636363,2560,0.550493934750557,0.81953125,-0.0008165355655364692,0.5049991756677628,0.19140625,-0.19332128865644335,0.914916118979454,0.03137257695198059,0.02455066181719303,0.6716533184051514,0.014560184557922184,0.015376720123458653,0.16632988750934596,nan,0.0,nan,0.0,0
26,100,8900,0.09437500000000003,2560,0.497730253636837,0.838671875,0.014546138443984091,0.5011778637766838,0.18515625,-0.22146387733519077,0.9177131861448288,0.03137257695198059,0.029369317553937437,0.6813615441322327,0.002125164889730513,-0.012420973554253579,0.16632988750934596,nan,0.0,0.0,0.3695658999495208,0
26,120,8920,0.09323863636363636,2560,0.4675300523638725,0.83984375,0.02496984908939339,0.508047117292881,0.156640625,-0.21957377046346666,0.9142710506916046,0.03137257695198059,0.02876302944496274,0.6810799241065979,0.002125164889730513,-0.022844684199662877,0.16632988750934596,nan,0.0,nan,0.0,0
26,140,8940,0.09210227272727275,2560,0.465510256588459,0.851953125,0.028371635562507436,0.4996519863605499,0.174609375,-0.2615128979086876,0.9142739862203598,0.03137257695198059,0.026941017434000968,0.6734173446893692,0.014546138443984091,-0.013825497118523345,0.16632988750934596,nan,0.0,nan,0.0,0
26,160,8960,0.09096590909090908,2560,0.3586556129157543,0.88984375,0.0246281010680832,0.5101983606815338,0.2125,-0.3987362965941429,0.9141451746225357,0.03137257695198059,0.025131457950919867,0.6701675385236741,0.014546138443984091,-0.010081962624099107,0.16632988750934596,nan,0.0,nan,0.0,0
26,180,8980,0.08982954545454543,2560,0.3822487711906433,0.873828125,0.013885875348933041,0.5044784739613533,0.20078125,-0.3592198982834816,0.9152877986431122,0.03137257695198059,0.023870243318378927,0.6722653031349182,0.0246281010680832,0.010742225719150157,0.16632988750934596,nan,0.0,nan,0.0,0
26,200,9000,0.08869318181818182,2560,0.3513014540076256,0.889453125,-0.002819203329272568,0.5004549816250801,0.219921875,-0.44467152655124664,0.9132045924663543,0.03137257695198059,0.020658666733652353,0.661335614323616,0.0246281010680832,0.027447304397355765,0.16632988750934596,nan,0.0,0.0,0.35617679997812957,0
26,220,9020,0.08755681818181815,2560,0.3578940942883492,0.88359375,0.0023004783899523316,0.5058157756924629,0.226953125,-0.4658018656075001,0.9152581721544266,0.03137257695198059,0.02098622703924775,0.6604452788829803,0.0246281010680832,0.022327622678130866,0.16632988750934596,nan,0.0,nan,0.0,0
26,240,9040,0.08642045454545455,2560,0.3143165193498135,0.891796875,-0.0020036737609189005,0.4981467053294182,0.201953125,-0.4092083364725113,0.9147180140018463,0.03137257695198059,0.02329040179029107,0.6708295792341232,0.013885875348933041,0.015889549109851943,0.16632988750934596,nan,0.0,nan,0.0,0
26,260,9060,0.08528409090909088,2560,0.2928785182535648,0.90625,0.01439701762283221,0.5110706493258477,0.21015625,-0.4538508251309395,0.9149158656597137,0.03137257695198059,0.022418251167982815,0.6669621884822845,0.0023004783899523316,-0.012096539232879878,0.16632988750934596,nan,0.0,nan,0.0,0
26,280,9080,0.08414772727272728,2560,0.2601932045072317,0.915234375,0.000342209346126765,0.4959301143884659,0.221875,-0.5047703638672829,0.9144893854856491,0.03137257695198059,0.020833556540310383,0.663559302687645,0.0023004783899523316,0.0019582690438255668,0.16632988750934596,nan,0.0,nan,0.0,0
26,300,9100,0.0830113636363636,2560,0.2958150252699852,0.908984375,0.003226532624103129,0.5009877651929855,0.2140625,-0.47451701015233994,0.9149341821670532,0.03137257695198059,0.022289880085736513,0.6687881529331208,0.000342209346126765,-0.002884323277976364,0.16632988750934596,nan,0.0,0.0,0.3579884999198839,0
26,320,9120,0.081875,2560,0.3172744192183018,0.9,0.0023416368290781974,0.5061531215906143,0.220703125,-0.4727153554558754,0.9150526881217956,0.03137257695198059,0.023523103818297385,0.6728285819292068,0.0023004783899523316,-4.1158439125865785e-05,0.16632988750934596,nan,0.0,nan,0.0,0
26,340,9140,0.08073863636363633,2560,0.40159298181533815,0.867578125,-0.004076164029538631,0.5016731381416321,0.195703125,-0.35168772786855695,0.9159682154655456,0.03137257695198059,0.02166988532990217,0.6623236536979675,0.0023416368290781974,0.006417800858616828,0.16632988750934596,nan,0.0,nan,0.0,0
26,352,9152,0.08005681818181817,1480,0.39035644772890454,0.8770270276714016,0.011017194777928493,0.5175376701999355,0.19999999983890637,-0.3471964185302322,0.9140169916926204,0.03137257695198059,0.019783953526938285,0.6580345566208298,0.0023416368290781974,-0.008675557948850296,0.16632988750934596,nan,0.0,nan,0.0,0
27,20,9172,0.07892045454545457,2560,0.34174887612462046,0.8875,0.0037608711398206653,0.5013139203190804,0.201171875,-0.4051775857806206,0.9155662745237351,0.03137257695198059,0.020727856457233428,0.6613331854343414,0.0023416368290781974,-0.001419234310742468,0.16632988750934596,nan,0.0,nan,0.0,0
27,40,9192,0.0777840909090909,2560,0.396355839073658,0.87109375,0.005950891645625234,0.5009998470544815,0.2,-0.3669294446706772,0.913936761021614,0.03137257695198059,0.025471746269613505,0.6781876862049103,0.003226532624103129,-0.002724359021522105,0.16632988750934596,nan,0.0,0.0,0.3887937000254169,0
27,60,9212,0.07664772727272724,2560,0.38782499730587006,0.869140625,0.007404011790640652,0.5087832346558571,0.169921875,-0.3038095772266388,0.9148395717144012,0.03137257695198059,0.02970773270353675,0.6938442915678025,0.0037608711398206653,-0.003643140650819987,0.16632988750934596,nan,0.0,nan,0.0,0
27,80,9232,0.07551136363636364,2560,0.30650014951825144,0.89765625,0.0069588810671120886,0.5052439510822296,0.180859375,-0.3520530857145786,0.9141355097293854,0.03137257695198059,0.027788583748042585,0.6874099314212799,0.005950891645625234,-0.001007989421486855,0.16632988750934596,nan,0.0,nan,0.0,0
27,100,9252,0.07437499999999997,2560,0.35921144783496856,0.885546875,0.007838559756055474,0.5060950115323066,0.197265625,-0.3487178646028042,0.9137736201286316,0.03137257695198059,0.02615217212587595,0.6830100834369659,0.0069588810671120886,-0.000879678688943385,0.16632988750934596,nan,0.0,nan,0.0,0
27,120,9272,0.07323863636363637,2560,0.4380693197250366,0.8546875,0.002421906357631087,0.5046221584081649,0.165625,-0.25032548792660236,0.9140902400016785,0.03137257695198059,0.025225887820124627,0.6778714209794998,0.0069588810671120886,0.004536974709481001,0.16632988750934596,nan,0.0,nan,0.0,0
27,140,9292,0.0721022727272727,2560,0.33083597496151923,0.88984375,0.006229468714445829,0.4996243953704834,0.189453125,-0.3589945249259472,0.9140120416879653,0.03137257695198059,0.024843866750597954,0.6738459259271622,0.0069588810671120886,0.0007294123526662595,0.16632988750934596,nan,0.0,0.0,0.3758008999284357,0
27,160,9312,0.0709659090909091,2560,0.2901681616902351,0.90546875,0.00627709177788347,0.5064828380942344,0.18828125,-0.40554942935705185,0.91272012591362,0.03137257695198059,0.025966981146484613,0.676184818148613,0.0069588810671120886,0.0006817892892286188,0.16632988750934596,nan,0.0,nan,0.0,0
27,180,9332,0.06982954545454542,2560,0.2513323903083801,0.918359375,0.019917058473220096,0.5071622371673584,0.195703125,-0.41832797080278394,0.9153887569904328,0.03137257695198059,0.02532661724835634,0.6763537704944611,0.00627709177788347,-0.013639966695336627,0.16632988750934596,nan,0.0,nan,0.0,0
27,200,9352,0.06869318181818182,2560,0.26614387333393097,0.9171875,-0.002528725634329021,0.4996861904859543,0.20703125,-0.4178009986877441,0.9176656305789948,0.03137257695198059,0.02672085789963603,0.6865816950798035,0.00627709177788347,0.00880581741221249,0.16632988750934596,nan,0.0,nan,0.0,0
27,220,9372,0.06755681818181815,2560,0.2189133357256651,0.93515625,0.0003640672075562179,0.5049825206398963,0.20078125,-0.4283273234963417,0.9130864679813385,0.03137257695198059,0.028970764391124247,0.6945147067308426,0.006229468714445829,0.005865401506889611,0.16632988750934596,nan,0.0,nan,0.0,0
27,240,9392,0.06642045454545455,2560,0.24251200817525387,0.9234375,0.0031752671289723366,0.5004532009363174,0.217578125,-0.49673138856887816,0.9126203089952469,0.03137257695198059,0.029073335602879523,0.6935729086399078,0.006229468714445829,0.0030542015854734925,0.16632988750934596,nan,0.0,0.0,0.379905000096187,0
27,260,9412,0.06528409090909089,2560,0.24981988370418548,0.9171875,0.019808229053160174,0.5093526348471642,0.20078125,-0.41798011139035224,0.9155170679092407,0.03137257695198059,0.03157329997047782,0.7004485100507736,0.0031752671289723366,-0.01663296192418784,0.16632988750934596,nan,0.0,nan,0.0,0
27,280,9432,0.06414772727272729,2560,0.28290108814835546,0.9140625,0.020790422288700938,0.5033044323325158,0.232421875,-0.5114618092775345,0.9133271753787995,0.03137257695198059,0.032106883451342584,0.7013593196868897,0.0031752671289723366,-0.017615155159728602,0.16632988750934596,nan,0.0,nan,0.0,0
27,300,9452,0.06301136363636362,2560,0.24660483375191689,0.922265625,0.005258722719736398,0.5004090800881386,0.220703125,-0.49146456122398374,0.914759972691536,0.03137257695198059,0.027948286663740874,0.6922414928674698,0.0031752671289723366,-0.002083455590764061,0.16632988750934596,nan,0.0,nan,0.0,0
27,320,9472,0.06187500000000001,2560,0.2890401564538479,0.899609375,0.006358943117083982,0.5041483730077744,0.2109375,-0.46284504532814025,0.9172140926122665,0.03137257695198059,0.02990938611328602,0.6964331865310669,0.005258722719736398,-0.0011002203973475844,0.16632988750934596,nan,0.0,nan,0.0,0
27,340,9492,0.06073863636363634,2560,0.3046525441110134,0.905078125,0.006642924412153662,0.5043122798204422,0.19296875,-0.40033291205763816,0.9155962824821472,0.03137257695198059,0.02940942319110036,0.689683610200882,0.006358943117083982,-0.0002839812950696796,0.16632988750934596,nan,0.0,0.0,0.37013900000602007,0
27,352,9504,0.06005681818181818,1480,0.2892355567700154,0.906756757078944,0.017590154626884975,0.5053948634379619,0.18783783775729102,-0.3509209025550533,0.916594762093312,0.03137257695198059,0.03063357861058132,0.6954359518515097,0.006642924412153662,-0.010947230214731313,0.16632988750934596,nan,0.0,nan,0.0,0
28,20,9524,0.05892045454545451,2560,0.22234948202967644,0.923046875,0.016302931308746337,0.5088395580649376,0.221875,-0.46458018869161605,0.9147393763065338,0.03137257695198059,0.031789311300963165,0.6995650202035903,0.006642924412153662,-0.009660006896592676,0.16632988750934596,nan,0.0,nan,0.0,0
28,40,9544,0.05778409090909091,2560,0.24073107913136482,0.91640625,0.007754258130444214,0.5070907741785049,0.177734375,-0.3683307759463787,0.9142723321914673,0.03137257695198059,0.029498357232660054,0.6938807815313339,0.006642924412153662,-0.001111333718290552,0.16632988750934596,nan,0.0,nan,0.0,0
28,60,9564,0.05664772727272724,2560,0.23737112060189247,0.92578125,0.0015075751522090285,0.49934490472078324,0.183203125,-0.40724646151065824,0.9139799982309341,0.03137257695198059,0.02741462327539921,0.6880883038043976,0.007754258130444214,0.0062466829782351855,0.16632988750934596,nan,0.0,nan,0.0,0
28,80,9584,0.05551136363636364,2560,0.21881302669644356,0.9328125,0.005883318046107889,0.5032706096768379,0.18046875,-0.4003170095384121,0.9143437951803207,0.03137257695198059,0.029238929413259028,0.6929969370365143,0.007754258130444214,0.001870940084336325,0.16632988750934596,nan,0.0,0.0078125,0.36359349999111146,0
28,100,9604,0.05437499999999997,2560,0.2105738040059805,0.93203125,0.016877488302998244,0.5107381343841553,0.185546875,-0.41340114921331406,0.9156177759170532,0.03137257695198059,0.029967984557151793,0.6927906095981597,0.007754258130444214,-0.00912323017255403,0.16632988750934596,nan,0.0,nan,0.0,0
28,120,9624,0.05323863636363637,2560,0.22759167701005936,0.928125,0.007314341131132096,0.5022158458828926,0.20234375,-0.44531045332551,0.914447546005249,0.03137257695198059,0.034769988339394334,0.7095719844102859,0.007754258130444214,0.0004399169993121177,0.16632988750934596,nan,0.0,nan,0.0,0
28,140,9644,0.0521022727272727,2560,0.19773761071264745,0.94296875,-0.0013435025815851987,0.4924610272049904,0.1921875,-0.438669490814209,0.915048623085022,0.03137257695198059,0.034865934029221536,0.7128440201282501,0.007314341131132096,0.008657843712717295,0.16632988750934596,nan,0.0,nan,0.0,0
28,160,9664,0.050965909090909096,2560,0.2046029757708311,0.937890625,0.003494289447553456,0.49826559871435167,0.2078125,-0.46713921427726746,0.9148950159549714,0.03137257695198059,0.03459474984556436,0.7101910591125489,0.005883318046107889,0.0023890285985544327,0.16632988750934596,nan,0.0,nan,0.0,0
28,180,9684,0.04982954545454543,2560,0.18810188136994838,0.941015625,0.019957448448985816,0.5102441340684891,0.2109375,-0.5340353131294251,0.915381646156311,0.03137257695198059,0.03546958100050688,0.7111352980136871,0.005883318046107889,-0.014074130402877928,0.16632988750934596,nan,0.0,0.0,0.35650710004847497,0
28,200,9704,0.04869318181818183,2560,0.18979113176465034,0.938671875,0.0025972118790377864,0.4988503858447075,0.1953125,-0.4230701610445976,0.9158135920763015,0.03137257695198059,0.03443237394094467,0.7098441243171691,0.007314341131132096,0.004717129252094309,0.16632988750934596,nan,0.0,nan,0.0,0
28,220,9724,0.04755681818181816,2560,0.2030665550380945,0.938671875,0.010506970016285777,0.5082253947854042,0.21171875,-0.5445563703775406,0.9160924434661866,0.03137257695198059,0.032591292075812815,0.7074697047472001,0.003494289447553456,-0.007012680568732322,0.16632988750934596,nan,0.0,nan,0.0,0
28,240,9744,0.046420454545454556,2560,0.22868275679647923,0.928515625,0.002789427200332284,0.4982007533311844,0.203515625,-0.4435435876250267,0.9151152521371841,0.03137257695198059,0.032447564881294966,0.7061555057764053,0.003494289447553456,0.000704862247221172,0.16632988750934596,nan,0.0,nan,0.0,0
28,260,9764,0.04528409090909089,2560,0.214206001162529,0.92734375,0.016161265829578043,0.5064132869243622,0.175390625,-0.39642025604844094,0.9139356136322021,0.03137257695198059,0.035840161703526975,0.7135862559080124,0.003494289447553456,-0.012666976382024587,0.16632988750934596,nan,0.0,nan,0.0,0
28,280,9784,0.04414772727272729,2560,0.22979862838983536,0.9328125,-0.0013239488936960698,0.4963793560862541,0.17578125,-0.3508686847984791,0.9126640588045121,0.03137257695198059,0.036367473937571046,0.7107344597578049,0.010506970016285777,0.011830918909981848,0.16632988750934596,nan,0.0,0.0,0.3560136000160128,0
28,300,9804,0.04301136363636362,2560,0.19096636064350606,0.93828125,0.02060845399973914,0.5152538478374481,0.18046875,-0.3913975924253464,0.914128515124321,0.03137257695198059,0.03514745179563761,0.7060915201902389,0.002789427200332284,-0.01781902679940686,0.16632988750934596,nan,0.0,nan,0.0,0
28,320,9824,0.041875000000000016,2560,0.22939097434282302,0.92578125,0.002828328078612685,0.49874688386917115,0.20625,-0.43998589739203453,0.9135504513978958,0.03137257695198059,0.035461162216961384,0.7072093933820724,0.010506970016285777,0.007678641937673092,0.16632988750934596,nan,0.0,nan,0.0,0
28,340,9844,0.040738636363636345,2560,0.1753175485879183,0.948046875,-0.005590957193635404,0.4979978039860725,0.18359375,-0.4631767734885216,0.9139040797948838,0.03137257695198059,0.03612310476601124,0.7102737158536911,0.002828328078612685,0.008419285272248089,0.16632988750934596,nan,0.0,nan,0.0,0
28,352,9856,0.040056818181818186,1480,0.18401131710490665,0.9432432435654305,0.010129042211416606,0.5107820154847326,0.19932432456596477,-0.48326866723395684,0.9139749765396118,0.03137257695198059,0.03402402600323832,0.704734822866079,0.002828328078612685,-0.0073007141328039205,0.16632988750934596,nan,0.0,nan,0.0,0
29,20,9876,0.038920454545454515,2560,0.17007644511759282,0.944921875,0.003484092152211815,0.5037660107016564,0.180859375,-0.4127238795161247,0.9137238949537277,0.03137257695198059,0.03596159983426332,0.7106466799974441,0.002828328078612685,-0.0006557640735991299,0.16632988750934596,nan,0.0,0.0,0.3733274000696838,0
29,40,9896,0.03778409090909091,2560,0.14461998865008355,0.953515625,0.003408212575595826,0.49470903128385546,0.1671875,-0.3923976317048073,0.9141617029905319,0.03137257695198059,0.033067073300480844,0.7041656374931335,0.003484092152211815,7.587957661598895e-05,0.16632988750934596,nan,0.0,nan,0.0,0
29,60,9916,0.03664772727272725,2560,0.14681487157940865,0.951953125,0.002838304580654949,0.502650597691536,0.164453125,-0.4145710617303848,0.9142956018447876,0.03137257695198059,0.03213981529697776,0.701535239815712,0.003408212575595826,0.0005699079949408772,0.16632988750934596,nan,0.0,nan,0.0,0
29,80,9936,0.035511363636363646,2560,0.1783132679760456,0.94296875,0.00802261385251768,0.5019283473491669,0.187890625,-0.4094632603228092,0.915528130531311,0.03137257695198059,0.03149454891681671,0.699723282456398,0.003408212575595826,-0.004614401276921853,0.16632988750934596,nan,0.0,nan,0.0,0
29,100,9956,0.034374999999999975,2560,0.18312643021345137,0.9390625,-0.0041360777337104086,0.49720435589551926,0.190234375,-0.46082609295845034,0.9154604732990265,0.03137257695198059,0.03169519472867251,0.6993375718593597,0.003484092152211815,0.007620169885922224,0.16632988750934596,nan,0.0,nan,0.0,0
29,120,9976,0.03323863636363637,2560,0.17337036356329918,0.94375,0.007376101496629417,0.5084559202194214,0.180859375,-0.4268360137939453,0.9138331294059754,0.03137257695198059,0.031605513952672484,0.7007098346948624,0.003408212575595826,-0.003967888921033591,0.16632988750934596,nan,0.0,0.0078125,0.3710312999319285,0
29,140,9996,0.03210227272727271,2560,0.21212766282260417,0.9328125,0.012723415903747082,0.511290630698204,0.169921875,-0.3689105428755283,0.9135902494192123,0.03137257695198059,0.02887215418741107,0.6903622835874558,0.003408212575595826,-0.009315203328151257,0.16632988750934596,nan,0.0,nan,0.0,0
29,160,10016,0.030965909090909103,2560,0.19471711292862892,0.9421875,0.004711442033294588,0.5068774044513702,0.1640625,-0.3600068144500256,0.9149701654911041,0.03137257695198059,0.02970622628927231,0.6919069141149521,0.007376101496629417,0.0026646594633348286,0.16632988750934596,nan,0.0,nan,0.0,0
29,180,10036,0.029829545454545435,2560,0.19604965373873712,0.9375,-0.0014640703040640802,0.499190029501915,0.19140625,-0.3973283298313618,0.9136661767959595,0.03137257695198059,0.030248368717730047,0.6914265215396881,0.007376101496629417,0.008840171800693497,0.16632988750934596,nan,0.0,nan,0.0,0
29,200,10056,0.028693181818181833,2560,0.20313928574323653,0.931640625,0.007079971628263593,0.5053074032068252,0.1625,-0.3691890753805637,0.9134333521127701,0.03137257695198059,0.032845201529562475,0.7023603558540344,0.004711442033294588,-0.002368529594969005,0.16632988750934596,nan,0.0,nan,0.0,0
29,220,10076,0.027556818181818165,2560,0.2054399136453867,0.933203125,0.002692061371635646,0.5036426663398743,0.17578125,-0.38569999784231185,0.914549532532692,0.03137257695198059,0.03323117196559906,0.702547824382782,0.007079971628263593,0.004387910256627947,0.16632988750934596,nan,0.0,0.0,0.36272930004633963,0
29,240,10096,0.026420454545454563,2560,0.19710349701344967,0.94140625,0.004205133765935898,0.5056888714432717,0.162890625,-0.33784638047218324,0.9173620969057084,0.03137257695198059,0.03419174253940582,0.7043623089790344,0.004711442033294588,0.0005063082673586903,0.16632988750934596,nan,0.0,nan,0.0,0
29,260,10116,0.025284090909090895,2560,0.16462346948683262,0.948046875,-0.005051073152571917,0.49984539300203323,0.160546875,-0.3694463238120079,0.9143824487924576,0.03137257695198059,0.03319801725447178,0.6992706030607223,0.004205133765935898,0.009256206918507814,0.16632988750934596,nan,0.0,nan,0.0,0
29,280,10136,0.024147727272727293,2560,0.1378069758415222,0.95859375,0.009502962144324556,0.5025133952498436,0.166015625,-0.40231615081429484,0.914833602309227,0.03137257695198059,0.03193361945450306,0.6962876051664353,0.002692061371635646,-0.00681090077268891,0.16632988750934596,nan,0.0,nan,0.0,0
29,300,10156,0.023011363636363625,2560,0.14121239222586154,0.95625,-0.005071829131338745,0.500862269103527,0.1828125,-0.4091009750962257,0.9139488428831101,0.03137257695198059,0.031052384711802005,0.6962461709976197,0.004205133765935898,0.009276962897274643,0.16632988750934596,nan,0.0,nan,0.0,0
29,320,10176,0.021875000000000023,2560,0.1256974209100008,0.963671875,0.014637292077532038,0.5135996639728546,0.149609375,-0.38570029735565187,0.9153111934661865,0.03137257695198059,0.0301773133687675,0.6946063727140427,0.002692061371635646,-0.011945230705896391,0.16632988750934596,nan,0.0,0.0,0.3559406000422314,0
29,340,10196,0.02073863636363635,2560,0.1432243376970291,0.953125,-0.0007537613855674863,0.4957901105284691,0.16953125,-0.4063794419169426,0.9143664211034774,0.03137257695198059,0.030780305061489342,0.6952893257141113,0.004205133765935898,0.004958895151503384,0.16632988750934596,nan,0.0,nan,0.0,0
29,352,10208,0.020056818181818193,1480,0.13275945541020986,0.9581081097190445,-0.010043577335120455,0.4957948546151857,0.16824324340433688,-0.4163885103689658,0.9126148330198752,0.03137257695198059,0.030925704176361497,0.6980901553824141,-0.0007537613855674863,0.009289815949552969,0.16632988750934596,nan,0.0,nan,0.0,0
30,20,10228,0.01892045454545452,2560,0.14553132094442844,0.955078125,0.0010074516176246107,0.4989315181970596,0.15703125,-0.3373439945280552,0.9153499811887741,0.03137257695198059,0.031053338665515184,0.6986065685749054,-0.0007537613855674863,-0.001761213003192097,0.16632988750934596,nan,0.0,nan,0.0,0
30,40,10248,0.01778409090909092,2560,0.13431279808282853,0.960546875,0.0061416329233907165,0.5024363368749618,0.146875,-0.3332965612411499,0.9144877284765244,0.03137257695198059,0.031703709810972217,0.6987865716218948,-0.0007537613855674863,-0.006895394308958203,0.16632988750934596,nan,0.0,nan,0.0,0
30,60,10268,0.01664772727272725,2560,0.1358916714787483,0.958203125,0.002217123645823449,0.5005288571119308,0.144921875,-0.3270222470164299,0.9156275600194931,0.03137257695198059,0.031139491964131592,0.6976647704839707,0.0010074516176246107,-0.0012096720281988384,0.16632988750934596,nan,0.0,0.0,0.37034800008405,0
30,80,10288,0.01551136363636365,2560,0.12823072224855422,0.96015625,0.01203695151489228,0.510673925280571,0.15703125,-0.3544220045208931,0.9151230096817017,0.03137257695198059,0.030213748477399348,0.6959126174449921,0.0010074516176246107,-0.01102949989726767,0.16632988750934596,nan,0.0,nan,0.0,0
30,100,10308,0.014374999999999982,2560,0.13021115623414517,0.957421875,0.010924345254898072,0.5093283519148827,0.14609375,-0.34262666031718253,0.9144343286752701,0.03137257695198059,0.030024315137416123,0.6943248689174653,0.002217123645823449,-0.008707221609074622,0.16632988750934596,nan,0.0,nan,0.0,0
30,120,10328,0.01323863636363638,2560,0.1394452640786767,0.953515625,0.009584541816730052,0.49898619651794435,0.153125,-0.34247544705867766,0.9156303614377975,0.03137257695198059,0.02997981058433652,0.6960619658231735,0.0061416329233907165,-0.0034429088933393354,0.16632988750934596,nan,0.0,nan,0.0,0
30,140,10348,0.012102272727272712,2560,0.14548489395529032,0.955078125,-0.003265520872082561,0.4897111415863037,0.1625,-0.3816335715353489,0.9167513698339462,0.03137257695198059,0.029190397076308727,0.6934998214244843,0.009584541816730052,0.012850062688812613,0.16632988750934596,nan,0.0,nan,0.0,0
30,160,10368,0.01096590909090911,2560,0.1409248558804393,0.95234375,0.010042153130052611,0.5103391230106353,0.1578125,-0.37066446542739867,0.9137647181749344,0.03137257695198059,0.03115047076717019,0.6988637655973434,0.009584541816730052,-0.000457611313322559,0.16632988750934596,nan,0.0,0.0,0.3706757000181824,0
30,180,10388,0.00982954545454544,2560,0.1140341255813837,0.964453125,0.004985153232701123,0.4986871212720871,0.156640625,-0.3910024411976337,0.9147893458604812,0.03137257695198059,0.030575301870703696,0.6974012732505799,0.010042153130052611,0.005056999897351488,0.16632988750934596,nan,0.0,nan,0.0,0
30,200,10408,0.008693181818181838,2560,0.10437780786305666,0.9640625,-0.01318964614183642,0.49285037964582445,0.155078125,-0.3533309750258923,0.9135458797216416,0.03137257695198059,0.03038947256281972,0.6954402327537537,0.009584541816730052,0.02277418795856647,0.16632988750934596,nan,0.0,nan,0.0,0
30,220,10428,0.00755681818181817,2560,0.10304891262203456,0.9703125,0.010075885814148932,0.5106872782111168,0.148828125,-0.3718179173767567,0.9124392390251159,0.03137257695198059,0.032171358820050955,0.7008343487977982,0.004985153232701123,-0.005090732581447809,0.16632988750934596,nan,0.0,nan,0.0,0
30,240,10448,0.006420454545454568,2560,0.096161431632936,0.97109375,0.0038888618408236654,0.5028933376073838,0.148046875,-0.3730583406984806,0.9148956418037415,0.03137257695198059,0.032002476137131454,0.7021984428167343,0.004985153232701123,0.0010962913918774577,0.16632988750934596,nan,0.0,nan,0.0,0
30,260,10468,0.005284090909090899,2560,0.11319583430886268,0.96640625,0.002068865403998643,0.49536871165037155,0.161328125,-0.3917992770671844,0.9153335809707641,0.03137257695198059,0.03154329899698496,0.6999345868825912,0.004985153232701123,0.00291628782870248,0.16632988750934596,nan,0.0,0.0078125,0.3660122000146657,0
30,280,10488,0.004147727272727297,2560,0.09746374189853668,0.972265625,0.014570317964535206,0.5149758905172348,0.1421875,-0.360397869348526,0.9143019586801528,0.03137257695198059,0.031952939182519915,0.7009410083293914,0.0038888618408236654,-0.01068145612371154,0.16632988750934596,nan,0.0,nan,0.0,0
30,300,10508,0.0030113636363636284,2560,0.09760295767337084,0.971875,-0.0032995995250530543,0.5003529980778694,0.13046875,-0.3137085512280464,0.9150464564561844,0.03137257695198059,0.03160671489313245,0.7008601814508438,0.0038888618408236654,0.00718846136587672,0.16632988750934596,nan,0.0,nan,0.0,0
30,320,10528,0.0018750000000000266,2560,0.09389276150614023,0.97109375,0.010541190308867954,0.5022993892431259,0.13203125,-0.3479367420077324,0.9155033320188523,0.03137257695198059,0.03157976763322949,0.70137138068676,0.0038888618408236654,-0.006652328468044289,0.16632988750934596,nan,0.0,nan,0.0,0
30,340,10548,0.000738636363636358,2560,0.09607856180518866,0.965234375,0.010761189734330401,0.5084744974970817,0.134765625,-0.3199588220566511,0.9141566187143326,0.03137257695198059,0.031234138552099465,0.7001907765865326,0.0038888618408236654,-0.006872327893506736,0.16632988750934596,nan,0.0,nan,0.0,0
30,352,10560,5.681818181819675e-05,1480,0.11236897658657383,0.9655405421514769,0.005697106699635451,0.5034494313033852,0.1466216219438089,-0.3408552237459131,0.9134369979033599,0.03137257695198059,0.03153664534156387,0.7001897605689796,0.010541190308867954,0.004844083609232504,0.16632988750934596,nan,0.0,0.0,0.3674363000318408,0
