epoch,batch,global_step,lr,window_samples,train_adv_loss,train_adv_acc,free_gradient_cosine,free_gradient_sign_agreement,free_prediction_disagreement,free_attack_loss_gain,free_boundary_fraction,free_delta_linf,control_gradient_participation_ratio,control_gradient_entropy,detector_baseline,detector_score,detector_threshold,detector_pgd10_acc,detector_seconds,observer_pgd10_acc,observer_pgd10_seconds,intervention_triggered
1,20,20,0.0007196969696969698,2560,2.7672714233398437,0.0,0.003077847562963143,0.49601059705018996,0.46640625,0.4564810425043106,0.5943051844835281,0.0627451241016388,0.2517041876912117,0.8864178270101547,nan,nan,0.16632988750934596,nan,0.0,nan,0.0,0
1,40,40,0.0014772727272727272,2560,2.628937911987305,0.0,0.004548935021739453,0.49670360386371615,0.48515625,0.39812484532594683,0.5935341089963913,0.0627451241016388,0.2473364993929863,0.8849175691604614,nan,nan,0.16632988750934596,nan,0.0,nan,0.0,0
1,60,60,0.002234848484848485,2560,2.46645450592041,0.023046875,0.01691817697137594,0.5007352411746979,0.35234375,0.33987554013729093,0.5938073724508286,0.0627451241016388,0.23665525317192077,0.8811767250299454,nan,nan,0.16632988750934596,nan,0.0,nan,0.0,0
1,80,80,0.0029924242424242426,2560,2.3686171531677247,0.063671875,0.06552221290767193,0.5114901453256607,0.290234375,0.2938913621008396,0.5946782618761063,0.0627451241016388,0.22327175214886666,0.8760055184364319,0.004548935021739453,-0.06097327788593248,0.16632988750934596,nan,0.0,nan,0.0,0
1,100,100,0.00375,2560,2.3100865364074705,0.094140625,0.20561730861663818,0.5431038111448288,0.317578125,0.24295011758804322,0.5949961543083191,0.0627451241016388,0.2047053948044777,0.8665682286024093,0.010733555996557696,-0.19488375262008048,0.16632988750934596,nan,0.0,0.0078125,0.37752749997889623,0
1,120,120,0.004507575757575758,2560,2.265020561218262,0.1203125,0.3672708600759506,0.5837403804063797,0.294140625,0.1859198532998562,0.5968569606542588,0.0627451241016388,0.18159499615430832,0.8526901960372925,0.01691817697137594,-0.3503526831045747,0.16632988750934596,nan,0.0,nan,0.0,0
1,140,140,0.005265151515151515,2560,2.2463376998901365,0.151953125,0.517230087518692,0.6253962367773056,0.23515625,0.17188327237963677,0.5953917384147644,0.0627451241016388,0.15265629813075066,0.8335649162530899,0.06552221290767193,-0.45170787461102013,0.16632988750934596,nan,0.0,nan,0.0,0
1,160,160,0.006022727272727273,2560,2.23558931350708,0.1234375,0.5820311516523361,0.6453855097293854,0.315234375,0.1529196348041296,0.5971532434225082,0.0627451241016388,0.13005285635590552,0.8158540755510331,0.20561730861663818,-0.3764138430356979,0.16632988750934596,nan,0.0,nan,0.0,0
1,180,180,0.0067803030303030315,2560,2.234167766571045,0.146875,0.6626322209835053,0.6711341977119446,0.232421875,0.16332010328769683,0.5977835595607758,0.0627451241016388,0.10943472683429718,0.7941948920488358,0.3672708600759506,-0.29536136090755466,0.16632988750934596,nan,0.0,nan,0.0,0
1,200,200,0.007537878787878788,2560,2.2186582565307615,0.171484375,0.6824748575687408,0.6821393519639969,0.240625,0.16040013805031778,0.5990066707134247,0.0627451241016388,0.09962506480515003,0.7826533079147339,0.517230087518692,-0.16524477005004878,0.16632988750934596,nan,0.0,0.1015625,0.37263850000454113,0
1,220,220,0.008295454545454547,2560,2.226276969909668,0.152734375,0.6982141554355621,0.6915729761123657,0.26796875,0.1690455436706543,0.5986975491046905,0.0627451241016388,0.09191673919558525,0.7731101214885712,0.5820311516523361,-0.11618300378322599,0.16632988750934596,nan,0.0,nan,0.0,0
1,240,240,0.009053030303030304,2560,2.181805896759033,0.18203125,0.7209854155778885,0.6931466579437255,0.247265625,0.1693765364587307,0.5988361537456512,0.0627451241016388,0.08110192865133285,0.7563510864973069,0.6626322209835053,-0.05835319459438326,0.16632988750934596,nan,0.0,nan,0.0,0
1,260,260,0.009810606060606061,2560,2.196033000946045,0.158203125,0.7301677733659744,0.7019214779138565,0.3046875,0.18666078597307206,0.6009108424186707,0.0627451241016388,0.07592495419085026,0.7465315073728561,0.6824748575687408,-0.04769291579723356,0.16632988750934596,nan,0.0,nan,0.0,0
1,280,280,0.010568181818181819,2560,2.193248176574707,0.16640625,0.7509172111749649,0.7152716457843781,0.262890625,0.17944569289684295,0.6013140559196473,0.0627451241016388,0.06997692901641131,0.7373423725366592,0.6982141554355621,-0.052703055739402815,0.16632988750934596,nan,0.0,nan,0.0,0
1,300,300,0.011325757575757576,2560,2.1850678443908693,0.184765625,0.7425722032785416,0.7151053309440613,0.2515625,0.19583409279584885,0.6027012050151825,0.0627451241016388,0.06965692546218634,0.733148381114006,0.7209854155778885,-0.021586787700653032,0.16632988750934596,nan,0.0,0.1171875,0.37408310000319034,0
1,320,320,0.012083333333333335,2560,2.1855465888977053,0.18515625,0.748977568745613,0.7120318353176117,0.216796875,0.1882440559566021,0.6039271235466004,0.0627451241016388,0.0635581661015749,0.7218715697526932,0.7301677733659744,-0.018809795379638672,0.16632988750934596,nan,0.0,nan,0.0,0
1,340,340,0.012840909090909092,2560,2.1787460803985597,0.174609375,0.7728930979967117,0.730060088634491,0.271484375,0.19624022394418716,0.6041176110506058,0.0627451241016388,0.06086449772119522,0.7188643217086792,0.7425722032785416,-0.03032089471817012,0.16632988750934596,nan,0.0,nan,0.0,0
1,352,352,0.013295454545454548,1480,2.1763831873197814,0.18716216208161535,0.7612146158476134,0.7330073865684303,0.22432432432432434,0.19844645406748798,0.6008822189795004,0.0627451241016388,0.0592476095098096,0.7180426494495289,0.748977568745613,-0.012237047102000354,0.16632988750934596,nan,0.0,nan,0.0,0
2,20,372,0.014053030303030303,2560,2.169431209564209,0.185546875,0.7871999651193619,0.7437908351421356,0.281640625,0.2076568827033043,0.6041282802820206,0.0627451241016388,0.0597488658502698,0.7161491602659226,0.7509172111749649,-0.03628275394439695,0.16632988750934596,nan,0.0,nan,0.0,0
2,40,392,0.01481060606060606,2560,2.178777503967285,0.1734375,0.7861813694238663,0.7524645656347275,0.26015625,0.21130038499832154,0.6008564203977584,0.0627451241016388,0.06143267583101988,0.7186945796012878,0.7612146158476134,-0.024966753576252887,0.16632988750934596,nan,0.0,0.1484375,0.3841822999820579,0
2,60,412,0.015568181818181818,2560,2.158083772659302,0.18203125,0.7929007083177566,0.7458896845579147,0.2609375,0.20706631764769554,0.6022533625364304,0.0627451241016388,0.05707673002034426,0.7095978945493698,0.7728930979967117,-0.020007610321044922,0.16632988750934596,nan,0.0,nan,0.0,0
2,80,432,0.016325757575757577,2560,2.1620352506637572,0.191796875,0.8025646507740021,0.7607157617807389,0.262890625,0.22760555669665336,0.6026274561882019,0.0627451241016388,0.05561972688883543,0.7066101461648941,0.7861813694238663,-0.01638328135013578,0.16632988750934596,nan,0.0,nan,0.0,0
2,100,452,0.017083333333333336,2560,2.153224468231201,0.189453125,0.7887731164693832,0.7486084192991257,0.24375,0.21726784482598305,0.6031585901975631,0.0627451241016388,0.055573954433202746,0.7042469918727875,0.7871999651193619,-0.00157315135002134,0.16632988750934596,nan,0.0,nan,0.0,0
2,120,472,0.01784090909090909,2560,2.159082317352295,0.187890625,0.7886712789535523,0.75616495013237,0.267578125,0.2228238970041275,0.6025947779417038,0.0627451241016388,0.054416953772306445,0.7037303805351257,0.7887731164693832,0.00010183751583092704,0.16632988750934596,nan,0.0,nan,0.0,0
2,140,492,0.018598484848484847,2560,2.1496367931365965,0.18671875,0.7864853858947753,0.7495525538921356,0.272265625,0.22850528210401536,0.6040388971567154,0.0627451241016388,0.05255405437201262,0.6988906741142273,0.7887731164693832,0.002287730574607849,0.16632988750934596,nan,0.0,0.1328125,0.3708572999748867,0
2,160,512,0.01935606060606061,2560,2.1655439853668215,0.19921875,0.7957760989665985,0.7581282496452332,0.225390625,0.2128109246492386,0.6077958643436432,0.0627451241016388,0.0529736764729023,0.7027789652347565,0.7887731164693832,-0.007002982497215315,0.16632988750934596,nan,0.0,nan,0.0,0
2,180,532,0.020113636363636365,2560,2.159331941604614,0.179296875,0.7952166944742203,0.7660900294780731,0.254296875,0.23532753959298133,0.6014721095561981,0.0627451241016388,0.05113976430147886,0.6998949438333512,0.7887731164693832,-0.0064435780048370805,0.16632988750934596,nan,0.0,nan,0.0,0
2,200,552,0.020871212121212124,2560,2.1349830627441406,0.18515625,0.8088265657424927,0.7636617243289947,0.2890625,0.22828172594308854,0.6058784693479538,0.0627451241016388,0.049075795151293275,0.6923941016197205,0.7887731164693832,-0.02005344927310948,0.16632988750934596,nan,0.0,nan,0.0,0
2,220,572,0.02162878787878788,2560,2.161946678161621,0.18125,0.8051550298929214,0.7608705073595047,0.26484375,0.2312815561890602,0.5991286128759384,0.0627451241016388,0.049174608662724495,0.6919171780347824,0.7952166944742203,-0.00993833541870115,0.16632988750934596,nan,0.0,nan,0.0,0
2,240,592,0.02238636363636364,2560,2.132143020629883,0.203515625,0.8046546667814255,0.7673837274312973,0.230859375,0.23390002846717833,0.6039389550685883,0.0627451241016388,0.048720093257725236,0.6912896275520325,0.7957760989665985,-0.008878567814826988,0.16632988750934596,nan,0.0,0.15625,0.3727194000093732,0
2,260,612,0.023143939393939397,2560,2.1273566246032716,0.1890625,0.7973332464694977,0.7625402003526688,0.262890625,0.24044769555330275,0.6043275415897369,0.0627451241016388,0.04683227930217981,0.6895991623401642,0.8046546667814255,0.00732142031192784,0.16632988750934596,nan,0.0,nan,0.0,0
2,280,632,0.023901515151515153,2560,2.1205913543701174,0.2,0.8042950838804245,0.7633850365877152,0.257421875,0.2506422556936741,0.6042160242795944,0.0627451241016388,0.046507804095745085,0.6851808488368988,0.8046546667814255,0.00035958290100102097,0.16632988750934596,nan,0.0,nan,0.0,0
2,300,652,0.02465909090909091,2560,2.1267656326293944,0.200390625,0.7937598824501038,0.7582953333854675,0.2375,0.23975852206349374,0.6019143611192703,0.0627451241016388,0.04601497072726488,0.6839696854352951,0.8046546667814255,0.010894784331321739,0.16632988750934596,nan,0.0,nan,0.0,0
2,320,672,0.025416666666666667,2560,2.109719181060791,0.214453125,0.7987575232982635,0.7653551906347275,0.225390625,0.23535970225930214,0.6078204035758972,0.0627451241016388,0.044344117306172846,0.6805607199668884,0.8042950838804245,0.0055375605821609275,0.16632988750934596,nan,0.0,nan,0.0,0
2,340,692,0.026174242424242423,2560,2.132057762145996,0.1796875,0.8074102759361267,0.7722072750329971,0.270703125,0.2547359950840473,0.6000558465719223,0.0627451241016388,0.04844448249787092,0.6943300992250443,0.7987575232982635,-0.008652752637863137,0.16632988750934596,nan,0.0,0.1875,0.3691924999875482,0
2,352,704,0.02662878787878788,1480,2.1275418668179897,0.2033783784589252,0.7902324479979438,0.7592047749338924,0.25743243259352605,0.2540043555401467,0.6051109120652483,0.0627451241016388,0.04180693988864486,0.6776345691165409,0.7987575232982635,0.008525075300319762,0.16632988750934596,nan,0.0,nan,0.0,0
3,20,724,0.02738636363636364,2560,2.1479645729064942,0.1921875,0.811167424917221,0.7749038904905319,0.255859375,0.2537273943424225,0.6068810969591141,0.0627451241016388,0.046731322444975375,0.6870391726493835,0.7987575232982635,-0.012409901618957497,0.16632988750934596,nan,0.0,nan,0.0,0
3,40,744,0.028143939393939395,2560,2.1225619316101074,0.2078125,0.8039890408515931,0.7680193752050399,0.248828125,0.24215710014104844,0.602635207772255,0.0627451241016388,0.044448642432689665,0.6832642257213593,0.7987575232982635,-0.005231517553329512,0.16632988750934596,nan,0.0,nan,0.0,0
3,60,764,0.02890151515151515,2560,2.116950511932373,0.201953125,0.7973217338323593,0.7658439815044403,0.2421875,0.24573612734675407,0.6037511348724365,0.0627451241016388,0.04171928185969591,0.6735067874193191,0.8039890408515931,0.006667307019233792,0.16632988750934596,nan,0.0,nan,0.0,0
3,80,784,0.02965909090909091,2560,2.1528227806091307,0.1859375,0.811094680428505,0.7664622157812119,0.219921875,0.22641834393143653,0.5987028986215591,0.0627451241016388,0.040615375712513925,0.6644945025444031,0.8039890408515931,-0.007105639576911904,0.16632988750934596,nan,0.0,0.1953125,0.3719099999871105,0
3,100,804,0.030416666666666665,2560,2.1284365177154543,0.2,0.8026861518621444,0.7659310847520828,0.238671875,0.2319030173122883,0.6061980098485946,0.0627451241016388,0.041520189680159095,0.6720436215400696,0.8039890408515931,0.0013028889894486362,0.16632988750934596,nan,0.0,nan,0.0,0
3,120,824,0.031174242424242427,2560,2.1289549827575684,0.196875,0.7930297553539276,0.7628439754247666,0.2515625,0.2593724198639393,0.6062351435422897,0.0627451241016388,0.04151094239205122,0.6726753950119019,0.8039890408515931,0.01095928549766545,0.16632988750934596,nan,0.0,nan,0.0,0
3,140,844,0.031931818181818186,2560,2.114951992034912,0.201953125,0.7908435612916946,0.7674396693706512,0.2421875,0.2350388415157795,0.6061034083366394,0.0627451241016388,0.04020135328173637,0.6717117995023727,0.8026861518621444,0.011842590570449785,0.16632988750934596,nan,0.0,nan,0.0,0
3,160,864,0.03268939393939394,2560,2.1116247177124023,0.2109375,0.7890248268842697,0.7587710231542587,0.248046875,0.259236303716898,0.6072956264019013,0.0627451241016388,0.039846931397914884,0.6693403393030166,0.7973217338323593,0.0082969069480896,0.16632988750934596,nan,0.0,nan,0.0,0
3,180,884,0.0334469696969697,2560,2.082183337211609,0.203515625,0.7916035860776901,0.7713121026754379,0.273828125,0.25101392939686773,0.6076240688562393,0.0627451241016388,0.03953412901610136,0.6716456085443496,0.7930297553539276,0.00142616927623751,0.16632988750934596,nan,0.0,0.1640625,0.3700544000021182,0
3,200,904,0.03420454545454545,2560,2.083306980133057,0.212109375,0.7859701007604599,0.7624338924884796,0.26953125,0.26077608987689016,0.6031058222055435,0.0627451241016388,0.03577243341132998,0.6573597580194473,0.7916035860776901,0.00563348531723018,0.16632988750934596,nan,0.0,nan,0.0,0
3,220,924,0.034962121212121215,2560,2.108414125442505,0.19296875,0.7921844273805618,0.762932226061821,0.26953125,0.25724856108427047,0.6079546779394149,0.0627451241016388,0.04013382922858,0.6697078675031662,0.7908435612916946,-0.0013408660888671875,0.16632988750934596,nan,0.0,nan,0.0,0
3,240,944,0.03571969696969697,2560,2.0935744285583495,0.20546875,0.8040166586637497,0.7751854151487351,0.25390625,0.25959324911236764,0.6037735193967819,0.0627451241016388,0.03879719413816929,0.6686023443937301,0.7908435612916946,-0.013173097372055076,0.16632988750934596,nan,0.0,nan,0.0,0
3,260,964,0.036477272727272726,2560,2.0851616144180296,0.201171875,0.7977166175842285,0.7679443597793579,0.26484375,0.25714158862829206,0.6057028651237488,0.0627451241016388,0.03906132783740759,0.6661570489406585,0.7916035860776901,-0.006113031506538413,0.16632988750934596,nan,0.0,nan,0.0,0
3,280,984,0.03723484848484849,2560,2.10308256149292,0.20546875,0.7827487647533417,0.7673289179801941,0.255859375,0.2579128950834274,0.604013842344284,0.0627451241016388,0.03635705346241593,0.6620979994535446,0.7921844273805618,0.009435662627220176,0.16632988750934596,nan,0.0,0.1640625,0.373008700000355,0
3,300,1004,0.037992424242424244,2560,2.087584400177002,0.2078125,0.8028870195150375,0.7780148983001709,0.25078125,0.24914606437087058,0.6052664697170258,0.0627451241016388,0.03684380706399679,0.6617693394422531,0.7921844273805618,-0.010702592134475664,0.16632988750934596,nan,0.0,nan,0.0,0
3,320,1024,0.03875000000000001,2560,2.0968058109283447,0.21171875,0.7945649057626725,0.7739652246236801,0.25625,0.2751606494188309,0.59992436170578,0.0627451241016388,0.03670882917940617,0.6659382402896881,0.7977166175842285,0.003151711821556047,0.16632988750934596,nan,0.0,nan,0.0,0
3,340,1044,0.03950757575757576,2560,2.099924182891846,0.19921875,0.7933587282896042,0.7733394771814346,0.27734375,0.26905756294727323,0.6097208857536316,0.0627451241016388,0.03849453274160623,0.669651883840561,0.7977166175842285,0.004357889294624329,0.16632988750934596,nan,0.0,nan,0.0,0
3,352,1056,0.03996212121212121,1480,2.101787418932528,0.209459459217819,0.7815920929651002,0.7679964848466821,0.2614864866475801,0.2832479053252452,0.6046250549522606,0.0627451241016388,0.037950077854298256,0.6668822114532058,0.7945649057626725,0.01297281279757223,0.16632988750934596,nan,0.0,nan,0.0,0
4,20,1076,0.040719696969696975,2560,2.0796652317047117,0.209375,0.7805456042289733,0.7679874539375305,0.277734375,0.2617486670613289,0.605905169248581,0.0627451241016388,0.03787037394940853,0.6639842033386231,0.7933587282896042,0.012813124060630843,0.16632988750934596,nan,0.0,0.1875,0.3727190000063274,0
4,40,1096,0.04147727272727273,2560,2.082644462585449,0.21953125,0.7970253944396972,0.7695619165897369,0.258984375,0.26921604871749877,0.6040049403905868,0.0627451241016388,0.03578396746888757,0.6597113639116288,0.7933587282896042,-0.003666666150093034,0.16632988750934596,nan,0.0,nan,0.0,0
4,60,1116,0.042234848484848486,2560,2.0535622596740724,0.211328125,0.7917554706335068,0.7739222377538681,0.2625,0.276594590395689,0.6032369166612626,0.0627451241016388,0.03758668499067426,0.6653660386800766,0.7933587282896042,0.0016032576560973677,0.16632988750934596,nan,0.0,nan,0.0,0
4,80,1136,0.04299242424242425,2560,2.0773759365081785,0.2046875,0.793030908703804,0.7793941646814346,0.282421875,0.2633511140942574,0.6059960901737214,0.0627451241016388,0.036415718123316766,0.6583547204732895,0.7917554706335068,-0.0012754380702971746,0.16632988750934596,nan,0.0,nan,0.0,0
4,100,1156,0.043750000000000004,2560,2.0779701232910157,0.212890625,0.7874388813972473,0.7711195826530457,0.27578125,0.2828611947596073,0.6047079890966416,0.0627451241016388,0.03492436781525612,0.6585184603929519,0.7917554706335068,0.004316589236259549,0.16632988750934596,nan,0.0,nan,0.0,0
4,120,1176,0.04450757575757576,2560,2.0793243408203126,0.223828125,0.793589386343956,0.7723484218120575,0.25703125,0.2675003319978714,0.607485094666481,0.0627451241016388,0.032414309680461884,0.6427943468093872,0.7917554706335068,-0.0018339157104492188,0.16632988750934596,nan,0.0,0.15625,0.37046299999929033,0
4,140,1196,0.045265151515151515,2560,2.0699843168258667,0.2125,0.7915812641382217,0.7775923639535904,0.265625,0.2608902096748352,0.6035905361175538,0.0627451241016388,0.03626957945525646,0.6632980406284332,0.793030908703804,0.0014496445655822754,0.16632988750934596,nan,0.0,nan,0.0,0
4,160,1216,0.04602272727272727,2560,2.0787492036819457,0.209375,0.7759562134742737,0.7670256465673446,0.275,0.28388696536421776,0.6115396082401275,0.0627451241016388,0.03238346604630351,0.6467515587806701,0.7917554706335068,0.015799257159233138,0.16632988750934596,nan,0.0,nan,0.0,0
4,180,1236,0.04678030303030303,2560,2.0627956867218016,0.215234375,0.7902044504880905,0.7751585811376571,0.300390625,0.2688132867217064,0.6080481469631195,0.0627451241016388,0.034275516867637634,0.6578879803419113,0.7915812641382217,0.0013768136501312034,0.16632988750934596,nan,0.0,nan,0.0,0
4,200,1256,0.047537878787878796,2560,2.0803027153015137,0.214453125,0.7790964186191559,0.766451022028923,0.280078125,0.28947521895170214,0.6055868953466416,0.0627451241016388,0.03704033847898245,0.6657776892185211,0.7902044504880905,0.01110803186893461,0.16632988750934596,nan,0.0,nan,0.0,0
4,220,1276,0.04829545454545455,2560,2.0814897537231447,0.218359375,0.7809518277645111,0.7700092524290085,0.291796875,0.290524622797966,0.6042732506990433,0.0627451241016388,0.0355693306773901,0.6650819003582,0.7902044504880905,0.009252622723579407,0.16632988750934596,nan,0.0,0.1484375,0.37435359999653883,0
4,240,1296,0.04905303030303031,2560,2.086323070526123,0.207421875,0.7874484568834305,0.7756332606077194,0.28203125,0.2754108622670174,0.6095067471265793,0.0627451241016388,0.03628566674888134,0.6649495244026185,0.7809518277645111,-0.00649662911891935,0.16632988750934596,nan,0.0,nan,0.0,0
4,260,1316,0.04981060606060606,2560,2.055253601074219,0.225390625,0.7944761663675308,0.7744955897331238,0.260546875,0.28460957035422324,0.6030025660991669,0.0627451241016388,0.03612544219940901,0.6656183630228043,0.7809518277645111,-0.013524338603019714,0.16632988750934596,nan,0.0,nan,0.0,0
4,280,1336,0.050568181818181825,2560,2.067106342315674,0.21015625,0.788129323720932,0.7715361446142197,0.264453125,0.2731534749269485,0.6028696954250335,0.0627451241016388,0.03588098417967558,0.668086713552475,0.7874484568834305,-0.0006808668375015703,0.16632988750934596,nan,0.0,nan,0.0,0
4,300,1356,0.05132575757575758,2560,2.0562440395355224,0.21484375,0.7806846499443054,0.771011620759964,0.27890625,0.2851614594459534,0.6030412197113038,0.0627451241016388,0.03470443282276392,0.6596080780029296,0.7874484568834305,0.006763806939125039,0.16632988750934596,nan,0.0,nan,0.0,0
4,320,1376,0.05208333333333334,2560,2.038161039352417,0.2390625,0.781275063753128,0.7768791407346726,0.27421875,0.28874319419264793,0.6030178248882294,0.0627451241016388,0.03527664076536894,0.6636242717504501,0.7874484568834305,0.006173393130302407,0.16632988750934596,nan,0.0,0.171875,0.37323269998887554,0
4,340,1396,0.0528409090909091,2560,2.0690370082855223,0.20703125,0.8048670053482055,0.7784966945648193,0.28515625,0.2801622562110424,0.6056839197874069,0.0627451241016388,0.03331733914092183,0.6547521889209748,0.7874484568834305,-0.017418548464775085,0.16632988750934596,nan,0.0,nan,0.0,0
4,352,1408,0.05329545454545455,1480,2.063338162447955,0.22770270310543678,0.7886117632324631,0.7785338962400282,0.2716216211383407,0.2804897851235158,0.6132056078395328,0.0627451241016388,0.035064139982333056,0.6616121926823177,0.788129323720932,-0.0004824395115310409,0.16632988750934596,nan,0.0,nan,0.0,0
5,20,1428,0.054053030303030304,2560,2.0537436485290526,0.221484375,0.7799877196550369,0.775453969836235,0.271484375,0.2986680164933205,0.607769924402237,0.0627451241016388,0.03566602244973183,0.6652001053094864,0.788129323720932,0.008141604065895147,0.16632988750934596,nan,0.0,nan,0.0,0
5,40,1448,0.05481060606060606,2560,2.0684720039367677,0.223828125,0.7934270799160004,0.776738753914833,0.27109375,0.2925835721194744,0.6095756709575653,0.0627451241016388,0.03327360432595015,0.6562337011098862,0.781275063753128,-0.012152016162872314,0.16632988750934596,nan,0.0,nan,0.0,0
5,60,1468,0.05556818181818182,2560,2.038954198360443,0.229296875,0.7912193417549134,0.7801189601421357,0.280859375,0.30941577851772306,0.6090151578187942,0.0627451241016388,0.03513411413878202,0.666420790553093,0.7886117632324631,-0.0026075785224503045,0.16632988750934596,nan,0.0,0.1328125,0.3628751000214834,0
5,80,1488,0.05632575757575758,2560,2.0612295627593995,0.2171875,0.7775612115859986,0.7775919765233994,0.252734375,0.2841856934130192,0.6113998562097549,0.0627451241016388,0.0350318206474185,0.6629557251930237,0.7912193417549134,0.013658130168914817,0.16632988750934596,nan,0.0,nan,0.0,0
5,100,1508,0.05708333333333333,2560,2.051309418678284,0.230078125,0.7813277095556259,0.7709466487169265,0.2734375,0.29118784964084626,0.6064196437597275,0.0627451241016388,0.033541849628090856,0.657928216457367,0.7886117632324631,0.0072840536768371544,0.16632988750934596,nan,0.0,nan,0.0,0
5,120,1528,0.05784090909090909,2560,2.043829345703125,0.2109375,0.7835064470767975,0.7741577357053757,0.291796875,0.30621452182531356,0.6124158412218094,0.0627451241016388,0.035194825194776055,0.6626359343528747,0.7813277095556259,-0.002178737521171592,0.16632988750934596,nan,0.0,nan,0.0,0
5,140,1548,0.058598484848484844,2560,2.0577746629714966,0.216796875,0.7875452846288681,0.7724886745214462,0.302734375,0.2824421629309654,0.6031203150749207,0.0627451241016388,0.030534331407397985,0.6439362823963165,0.7835064470767975,-0.004038837552070573,0.16632988750934596,nan,0.0,nan,0.0,0
5,160,1568,0.05935606060606061,2560,2.0213625907897947,0.23984375,0.7714366853237152,0.7704788416624069,0.2984375,0.3010320529341698,0.6083475947380066,0.0627451241016388,0.03284240569919348,0.6593107581138611,0.7835064470767975,0.012069761753082275,0.16632988750934596,nan,0.0,0.203125,0.3688802999968175,0
5,180,1588,0.06011363636363637,2560,2.0167113304138184,0.23125,0.7783206939697266,0.7734885096549988,0.28671875,0.30754484981298447,0.6088803857564926,0.0627451241016388,0.0328622761182487,0.6560868144035339,0.7813277095556259,0.003007015585899331,0.16632988750934596,nan,0.0,nan,0.0,0
5,200,1608,0.06087121212121213,2560,2.0156338453292846,0.235546875,0.7865911811590195,0.7782219082117081,0.291015625,0.3122073009610176,0.6057476252317429,0.0627451241016388,0.03178368406370282,0.652631688117981,0.7813277095556259,-0.005263471603393577,0.16632988750934596,nan,0.0,nan,0.0,0
5,220,1628,0.06162878787878789,2560,2.0387251377105713,0.24140625,0.783317357301712,0.7717149257659912,0.28203125,0.29503631219267845,0.6086063623428345,0.0627451241016388,0.030461869947612286,0.6465419083833694,0.7835064470767975,0.00018908977508547142,0.16632988750934596,nan,0.0,nan,0.0,0
5,240,1648,0.06238636363636364,2560,2.0255102157592773,0.241796875,0.7697042316198349,0.7659657984972,0.2859375,0.311290417611599,0.6098817348480224,0.0627451241016388,0.0322777334600687,0.6531891286373138,0.783317357301712,0.013613125681877114,0.16632988750934596,nan,0.0,nan,0.0,0
5,260,1668,0.0631439393939394,2560,2.010488247871399,0.2484375,0.7743571400642395,0.7733315974473953,0.310546875,0.3188104882836342,0.6128569424152375,0.0627451241016388,0.03453045506030321,0.6674659639596939,0.7783206939697266,0.003963553905487083,0.16632988750934596,nan,0.0,0.1875,0.37119939998956397,0
5,280,1688,0.06390151515151515,2560,2.024814486503601,0.232421875,0.7749532014131546,0.7705497920513154,0.285546875,0.30619969218969345,0.6103711605072022,0.0627451241016388,0.03504922520369291,0.6672624379396439,0.7783206939697266,0.0033674925565719827,0.16632988750934596,nan,0.0,nan,0.0,0
5,300,1708,0.06465909090909092,2560,1.9962746143341064,0.256640625,0.7748733580112457,0.7638476222753525,0.2765625,0.32061146646738053,0.6145912319421768,0.0627451241016388,0.03236106988042593,0.6537200719118118,0.7749532014131546,7.984340190891892e-05,0.16632988750934596,nan,0.0,nan,0.0,0
5,320,1728,0.06541666666666666,2560,2.0371336936950684,0.22109375,0.7653452098369599,0.7664168238639831,0.31640625,0.3102130383253098,0.6098206996917724,0.0627451241016388,0.03378074001520872,0.6617670685052872,0.7748733580112457,0.009528148174285822,0.16632988750934596,nan,0.0,nan,0.0,0
5,340,1748,0.06617424242424243,2560,2.018328857421875,0.237109375,0.775204649567604,0.7723620295524597,0.269921875,0.2956278666853905,0.6084671199321747,0.0627451241016388,0.03226923355832696,0.6563115984201431,0.7743571400642395,-0.0008475095033645408,0.16632988750934596,nan,0.0,nan,0.0,0
5,352,1760,0.06662878787878788,1480,2.048237322472237,0.2128378381600251,0.7603639928070275,0.7665494432320465,0.2770270273492143,0.31716225356669037,0.6094480392095205,0.0627451241016388,0.03275355964496329,0.6574047462360278,0.7748733580112457,0.014509365204218194,0.16632988750934596,nan,0.0,0.1171875,0.3764466000138782,0
6,20,1780,0.06738636363636363,2560,2.0221094131469726,0.237890625,0.7733656883239746,0.7673219233751297,0.28515625,0.3050308898091316,0.6103954434394836,0.0627451241016388,0.03174309115856886,0.6566589146852493,0.7748733580112457,0.0015076696872711182,0.16632988750934596,nan,0.0,nan,0.0,0
6,40,1800,0.0681439393939394,2560,2.0177299976348877,0.25,0.7721127361059189,0.7739840388298035,0.2859375,0.3166869327425957,0.6074082881212235,0.0627451241016388,0.030223212204873562,0.6481498330831528,0.7733656883239746,0.0012529522180556585,0.16632988750934596,nan,0.0,nan,0.0,0
6,60,1820,0.06890151515151514,2560,1.9752410173416137,0.248828125,0.7689399510622025,0.7691171199083329,0.305859375,0.3267343282699585,0.6140506953001023,0.0627451241016388,0.029603319894522428,0.6482728302478791,0.7721127361059189,0.0031727850437164307,0.16632988750934596,nan,0.0,nan,0.0,0
6,80,1840,0.0696590909090909,2560,2.0274532079696654,0.218359375,0.7806420892477035,0.7813055872917175,0.313671875,0.29959163144230844,0.6070785701274872,0.0627451241016388,0.03173115234822035,0.6588843375444412,0.7721127361059189,-0.008529353141784601,0.16632988750934596,nan,0.0,nan,0.0,0
6,100,1860,0.07041666666666667,2560,2.0055119514465334,0.237109375,0.764327222108841,0.7680483669042587,0.31015625,0.31444475054740906,0.6075566828250885,0.0627451241016388,0.032816553767770526,0.6621323883533478,0.7721127361059189,0.007785513997077942,0.16632988750934596,nan,0.0,0.203125,0.3737861000117846,0
6,120,1880,0.07117424242424243,2560,1.9909796714782715,0.2453125,0.7745214879512787,0.7720418512821198,0.28984375,0.3128244072198868,0.6070953577756881,0.0627451241016388,0.030444157589226962,0.6496102809906006,0.7721127361059189,-0.0024087518453598245,0.16632988750934596,nan,0.0,nan,0.0,0
6,140,1900,0.0719318181818182,2560,2.013372802734375,0.234375,0.7617875695228576,0.7705987513065338,0.30703125,0.3274168387055397,0.6104617029428482,0.0627451241016388,0.031506648566573855,0.6588543653488159,0.7721127361059189,0.010325166583061263,0.16632988750934596,nan,0.0,nan,0.0,0
6,160,1920,0.07268939393939394,2560,1.973318862915039,0.249609375,0.7653191775083542,0.7743293970823288,0.292578125,0.33435878455638884,0.6084851801395417,0.0627451241016388,0.03204279616475105,0.6558469235897064,0.7689399510622025,0.0036207735538482666,0.16632988750934596,nan,0.0,nan,0.0,0
6,180,1940,0.0734469696969697,2560,2.0201083183288575,0.23828125,0.7667523384094238,0.7774589687585831,0.296875,0.3058846890926361,0.607112142443657,0.0627451241016388,0.030512830056250096,0.653560408949852,0.7653191775083542,-0.0014331609010695967,0.16632988750934596,nan,0.0,nan,0.0,0
6,200,1960,0.07420454545454545,2560,1.9963754177093507,0.254296875,0.773292601108551,0.769224438071251,0.269921875,0.34141516387462617,0.607010418176651,0.0627451241016388,0.030278185755014418,0.6511018812656403,0.7653191775083542,-0.007973423600196816,0.16632988750934596,nan,0.0,0.1796875,0.37400810001417994,0
6,220,1980,0.07496212121212122,2560,1.9830932021141052,0.257421875,0.758354178071022,0.7671853631734848,0.29375,0.3325760290026665,0.614697414636612,0.0627451241016388,0.029915117658674717,0.6489869982004166,0.7667523384094238,0.008398160338401794,0.16632988750934596,nan,0.0,nan,0.0,0
6,240,2000,0.07571969696969698,2560,1.9955709457397461,0.237890625,0.7609418153762817,0.7683805048465728,0.31875,0.3278103217482567,0.6098410516977311,0.0627451241016388,0.029165985900908707,0.6485153526067734,0.7653191775083542,0.004377362132072515,0.16632988750934596,nan,0.0,nan,0.0,0
6,260,2020,0.07647727272727273,2560,2.0005425930023195,0.24453125,0.7784565597772598,0.7749701410531997,0.30546875,0.3299553617835045,0.6195475459098816,0.0627451241016388,0.031014746986329556,0.6567017287015915,0.7653191775083542,-0.013137382268905595,0.16632988750934596,nan,0.0,nan,0.0,0
6,280,2040,0.07723484848484849,2560,1.9957928657531738,0.24296875,0.7572834223508835,0.7659457087516784,0.271875,0.33139572888612745,0.6096070736646653,0.0627451241016388,0.02807090925052762,0.6444380193948746,0.7667523384094238,0.009468916058540278,0.16632988750934596,nan,0.0,nan,0.0,0
6,300,2060,0.07799242424242425,2560,1.9976984977722168,0.24140625,0.7661361008882522,0.7712361872196197,0.27109375,0.3163358554244041,0.6152120172977448,0.0627451241016388,0.03084311569109559,0.658419993519783,0.7609418153762817,-0.005194285511970542,0.16632988750934596,nan,0.0,0.1953125,0.3723345999896992,0
6,320,2080,0.07875,2560,2.007962393760681,0.240234375,0.7466367304325103,0.7647551447153091,0.29765625,0.3190068915486336,0.6100319117307663,0.0627451241016388,0.027841039188206195,0.6435054123401642,0.7609418153762817,0.014305084943771362,0.16632988750934596,nan,0.0,nan,0.0,0
6,340,2100,0.07950757575757576,2560,1.991317367553711,0.259765625,0.749743378162384,0.7654353022575379,0.278125,0.33882819712162016,0.6074447900056839,0.0627451241016388,0.029909119941294193,0.6528403699398041,0.7609418153762817,0.011198437213897683,0.16632988750934596,nan,0.0,nan,0.0,0
6,352,2112,0.0799621212121212,1480,1.9946784760500933,0.2243243247270584,0.7565065580445367,0.7694355983991881,0.34121621702168436,0.301483012373383,0.6078699311694583,0.0627451241016388,0.02712077914258918,0.6402100991558384,0.7572834223508835,0.000776864306346825,0.16632988750934596,nan,0.0,nan,0.0,0
7,20,2132,0.08071969696969698,2560,1.9620227336883544,0.258984375,0.7589169889688492,0.7689027339220047,0.30703125,0.32680789679288863,0.609822353720665,0.0627451241016388,0.026654516533017158,0.6410016000270844,0.7565065580445367,-0.002410430924312479,0.16632988750934596,nan,0.0,nan,0.0,0
7,40,2152,0.08147727272727273,2560,1.9761303901672362,0.244140625,0.7479446351528167,0.7604035854339599,0.297265625,0.34169637262821195,0.6074905574321747,0.0627451241016388,0.02740812664851546,0.6421271592378617,0.7565065580445367,0.008561922891719975,0.16632988750934596,nan,0.0,0.15625,0.38488510000752285,0
7,60,2172,0.0822348484848485,2560,1.9914982795715332,0.24765625,0.7581037193536758,0.7743994563817977,0.290625,0.3312000140547752,0.6142622798681259,0.0627451241016388,0.02929141940549016,0.6520288825035095,0.749743378162384,-0.008360341191291809,0.16632988750934596,nan,0.0,nan,0.0,0
7,80,2192,0.08299242424242426,2560,1.995976209640503,0.24296875,0.7488015800714493,0.7624771237373352,0.32421875,0.32353111952543256,0.6082865506410599,0.0627451241016388,0.02769009592011571,0.6427082240581512,0.7565065580445367,0.007704977973087446,0.16632988750934596,nan,0.0,nan,0.0,0
7,100,2212,0.08375,2560,1.9665460109710693,0.2578125,0.7614964365959167,0.767145311832428,0.323828125,0.34741206616163256,0.6082262814044952,0.0627451241016388,0.025563548505306243,0.6384892582893371,0.7565065580445367,-0.00498987855138,0.16632988750934596,nan,0.0,nan,0.0,0
7,120,2232,0.08450757575757577,2560,1.99285831451416,0.247265625,0.7550474464893341,0.7724589228630065,0.31015625,0.3423573225736618,0.6165509819984436,0.0627451241016388,0.026953601464629173,0.6413735121488571,0.7581037193536758,0.003056272864341736,0.16632988750934596,nan,0.0,nan,0.0,0
7,140,2252,0.08526515151515152,2560,1.9627978801727295,0.2609375,0.7515349686145782,0.76436527967453,0.275,0.3137230724096298,0.601941442489624,0.0627451241016388,0.02408919231966138,0.6274588376283645,0.7550474464893341,0.003512477874755837,0.16632988750934596,nan,0.0,0.1875,0.3688428000023123,0
7,160,2272,0.08602272727272728,2560,2.0023529052734377,0.23671875,0.7504089862108231,0.7653281062841415,0.3109375,0.323319236934185,0.6106052547693253,0.0627451241016388,0.02622102536261082,0.6382878541946411,0.7550474464893341,0.004638460278511003,0.16632988750934596,nan,0.0,nan,0.0,0
7,180,2292,0.08678030303030304,2560,1.9909494876861573,0.25,0.7476914674043655,0.7665025383234024,0.26796875,0.338579860329628,0.6102471828460694,0.0627451241016388,0.02644785987213254,0.6395747810602188,0.7515349686145782,0.0038435012102127075,0.16632988750934596,nan,0.0,nan,0.0,0
7,200,2312,0.08753787878787879,2560,1.9535612106323241,0.253125,0.7363016366958618,0.7634569972753524,0.287109375,0.3243850156664848,0.6097097009420395,0.0627451241016388,0.02506454149261117,0.6362389534711838,0.7515349686145782,0.015233331918716453,0.16632988750934596,nan,0.0,nan,0.0,0
7,220,2332,0.08829545454545455,2560,1.9798262596130372,0.25234375,0.7260934740304947,0.763187301158905,0.28828125,0.33877925127744674,0.6060898005962372,0.0627451241016388,0.025116284005343915,0.637872937321663,0.7504089862108231,0.024315512180328347,0.16632988750934596,nan,0.0,nan,0.0,0
7,240,2352,0.0890530303030303,2560,1.9688315629959106,0.25390625,0.7315365940332412,0.7577814906835556,0.30546875,0.3344842419028282,0.6129492610692978,0.0627451241016388,0.02365893227979541,0.629343318939209,0.7476914674043655,0.016154873371124312,0.16632988750934596,nan,0.0,0.1484375,0.373389300017152,0
7,260,2372,0.08981060606060606,2560,1.9379920482635498,0.264453125,0.7355877995491028,0.7667480707168579,0.296875,0.34671962410211565,0.6090014338493347,0.0627451241016388,0.025073650665581225,0.6343482136726379,0.7363016366958618,0.0007138371467589888,0.16632988750934596,nan,0.0,nan,0.0,0
7,280,2392,0.09056818181818183,2560,1.9631656169891358,0.248046875,0.7259254366159439,0.7624268978834152,0.30390625,0.340324866771698,0.6103238612413406,0.0627451241016388,0.022911342326551676,0.6255843311548233,0.7355877995491028,0.009662362933158919,0.16632988750934596,nan,0.0,nan,0.0,0
7,300,2412,0.09132575757575757,2560,1.9694334030151368,0.25859375,0.7029298812150955,0.7530624568462372,0.309375,0.3339457094669342,0.6087661892175674,0.0627451241016388,0.02261188281700015,0.6244876682758331,0.7315365940332412,0.028606712818145752,0.16632988750934596,nan,0.0,nan,0.0,0
7,320,2432,0.09208333333333334,2560,1.9518652439117432,0.2546875,0.6987577348947525,0.7602958858013154,0.28984375,0.3385123506188393,0.6079296350479126,0.0627451241016388,0.023628105502575637,0.6290390700101852,0.7260934740304947,0.027335739135742276,0.16632988750934596,nan,0.0,nan,0.0,0
7,340,2452,0.0928409090909091,2560,1.9541594505310058,0.258984375,0.7050230830907822,0.7602434933185578,0.313671875,0.34817259609699247,0.61120226085186,0.0627451241016388,0.022543084248900412,0.6246555835008621,0.7259254366159439,0.020902353525161677,0.16632988750934596,nan,0.0,0.1328125,0.3714015000150539,0
7,352,2464,0.09329545454545456,1480,1.9471689591536652,0.2628378378378378,0.6833109746108184,0.7510381685720907,0.3074324328351665,0.33508968627130664,0.6088594600961015,0.0627451241016388,0.01908302198390703,0.6012243831479872,0.7050230830907822,0.021712108479963854,0.16632988750934596,nan,0.0,nan,0.0,0
8,20,2484,0.0940530303030303,2560,1.911661195755005,0.2828125,0.6484469562768936,0.7466760247945785,0.290625,0.3453893706202507,0.6095619410276413,0.0627451241016388,0.020969719626009464,0.6173183768987656,0.7029298812150955,0.05448292493820184,0.16632988750934596,nan,0.0,nan,0.0,0
8,40,2504,0.09481060606060607,2560,1.8627069473266602,0.29765625,0.31073076450265946,0.6909649103879929,0.23984375,0.25730666480958464,0.6069610774517059,0.0627451241016388,0.01981753297150135,0.6085288941860199,0.6987577348947525,0.388026970392093,0.16632988750934596,nan,0.0,0.09375,0.3838115000107791,1
8,60,2524,0.09556818181818183,2560,1.4698691308498382,0.455078125,-0.005927645985502749,0.5500943690538407,0.20859375,-0.005457765609025955,0.5967519313097001,0.0627451241016388,0.026557835377752782,0.6570409178733826,0.6833109746108184,0.6892386205963211,0.16632988750934596,nan,0.0,0.0,0.36779099999694154,1
8,80,2544,0.09632575757575758,2560,1.5176007509231568,0.441015625,-0.0071818680502474305,0.5391648828983306,0.2453125,0.04993441272526979,0.5947326809167862,0.0627451241016388,0.042724144831299785,0.7080871999263764,0.6484469562768936,0.6556288243271411,0.16632988750934596,nan,0.0,0.015625,0.36903390000225045,1
8,100,2564,0.09708333333333334,2560,1.3533888161182404,0.50546875,-0.015430783724877984,0.5149981349706649,0.307421875,-0.2035208614077419,0.5935926079750061,0.0627451241016388,0.05279266647994518,0.7316371679306031,0.31073076450265946,0.32616154822753746,0.16632988750934596,nan,0.0,0.0078125,0.3719532999966759,1
8,120,2584,0.09784090909090909,2560,1.195189154148102,0.580859375,-0.016025359637569635,0.5058063685894012,0.403515625,-0.3912594519555569,0.5925730615854263,0.0627451241016388,0.06139986030757427,0.7492666989564896,-0.005927645985502749,0.010097713652066886,0.16632988750934596,nan,0.0,0.0,0.3707210999855306,0
8,140,2604,0.09859848484848485,2560,1.2141787111759186,0.55546875,-0.016576776280999184,0.5018367990851402,0.38671875,-0.4164534233510494,0.5934030145406723,0.0627451241016388,0.06713321227580309,0.7597400516271591,-0.0071818680502474305,0.009394908230751753,0.16632988750934596,nan,0.0,0.0,0.3679967000207398,0
8,160,2624,0.09935606060606061,2560,1.2950255692005157,0.550390625,-0.013200656068511308,0.5046084269881248,0.34296875,-0.3051361025311053,0.5931834161281586,0.0627451241016388,0.07280834577977657,0.7681281566619873,-0.015430783724877984,-0.0022301276563666764,0.16632988750934596,nan,0.0,0.0,0.3662502999941353,0
8,180,2644,0.10011363636363638,2560,1.1174465984106063,0.6015625,-0.018520879838615657,0.5007351040840149,0.3890625,-0.362893708050251,0.5923767268657685,0.0627451241016388,0.08147244192659855,0.7813402235507965,-0.015430783724877984,0.0030900961137376726,0.16632988750934596,nan,0.0,0.0,0.3682095999829471,0
8,200,2664,0.10087121212121214,2560,0.9368159741163253,0.678125,-0.021711456961929797,0.4978195294737816,0.444140625,-0.6691537410020828,0.5924382746219635,0.0627451241016388,0.0841615729033947,0.7859693497419358,-0.016025359637569635,0.005686097324360161,0.16632988750934596,nan,0.0,nan,0.0,0
8,220,2684,0.10162878787878789,2560,0.9575547486543655,0.6609375,-0.01833581526298076,0.5039468243718147,0.458984375,-0.7121176809072495,0.5925049006938934,0.0627451241016388,0.08326374217867852,0.7850503027439117,-0.016576776280999184,0.0017590389819815769,0.16632988750934596,nan,0.0,nan,0.0,0
8,240,2704,0.10238636363636365,2560,1.0597295492887497,0.625,-0.01895294600399211,0.5027510523796082,0.47265625,-0.7290139988064765,0.5925655573606491,0.0627451241016388,0.08463329151272773,0.7845424383878707,-0.01833581526298076,0.00061713074101135,0.16632988750934596,nan,0.0,nan,0.0,0
8,260,2724,0.1031439393939394,2560,0.8846360743045807,0.696484375,-0.016739596240222455,0.4981133922934532,0.498828125,-0.7926668077707291,0.5926180690526962,0.0627451241016388,0.08322531282901764,0.7849711000919342,-0.018520879838615657,-0.0017812835983932011,0.16632988750934596,nan,0.0,nan,0.0,0
8,280,2744,0.10390151515151516,2560,0.8702345162630081,0.697265625,-0.0150015126215294,0.4991347163915634,0.494921875,-0.9387901619076728,0.5910714656114578,0.0627451241016388,0.0965454000979662,0.8018623948097229,-0.018520879838615657,-0.003519367217086256,0.16632988750934596,nan,0.0,0.0,0.3707107999944128,0
8,300,2764,0.10465909090909092,2560,1.4923647224903107,0.472265625,-0.00023321371409110725,0.5057085812091827,0.346875,-0.03555380925536156,0.5916937679052353,0.0627451241016388,0.09980760850012302,0.8034377872943879,-0.01833581526298076,-0.018102601548889652,0.16632988750934596,nan,0.0,nan,0.0,0
8,320,2784,0.10541666666666667,2560,1.4974824130535125,0.442578125,0.011712530255317688,0.5273768275976181,0.18359375,0.14807280115783214,0.5928825616836548,0.0627451241016388,0.08495215401053428,0.7829100668430329,-0.016739596240222455,-0.028452126495540145,0.16632988750934596,nan,0.0,nan,0.0,0
8,340,2804,0.10617424242424243,2560,1.1915292918682099,0.562109375,-0.010079700889764353,0.5040635630488396,0.269140625,-0.10717988978140056,0.5911516964435577,0.0627451241016388,0.08434556238353252,0.7810715019702912,-0.0150015126215294,-0.004921811731765048,0.16632988750934596,nan,0.0,nan,0.0,0
8,352,2816,0.10662878787878789,1480,1.094187162373517,0.6128378384822124,-0.009966304706963332,0.5053181113423528,0.30945945978164674,-0.23169741872194652,0.5889334101934691,0.0627451241016388,0.07963508460167291,0.7742558463199719,-0.010079700889764353,-0.00011339618280102083,0.16632988750934596,nan,0.0,nan,0.0,0
9,20,2836,0.10738636363636365,2560,0.9488482207059861,0.6609375,-0.01598222164902836,0.5000421002507209,0.387890625,-0.45349031165242193,0.5890813499689103,0.0627451241016388,0.08421416282653808,0.783003082871437,-0.009966304706963332,0.006015916942065028,0.16632988750934596,nan,0.0,0.0,0.3677832999965176,0
9,40,2856,0.1081439393939394,2560,0.9999939650297165,0.647265625,-0.011517893162090332,0.505264937877655,0.377734375,-0.39428849518299103,0.5904023677110672,0.0627451241016388,0.08733948059380055,0.7884108901023865,-0.009966304706963332,0.001551588455127,0.16632988750934596,nan,0.0,nan,0.0,0
9,60,2876,0.10890151515151517,2560,0.8311105579137802,0.710546875,-0.021292957360856235,0.4992366939783096,0.423828125,-0.5824341788887978,0.591005602478981,0.0627451241016388,0.09118462391197682,0.7943658471107483,-0.010079700889764353,0.011213256471091882,0.16632988750934596,nan,0.0,nan,0.0,0
9,80,2896,0.10965909090909093,2560,0.8720049113035202,0.701171875,-0.014791177946608513,0.5041960582137108,0.411328125,-0.611556202173233,0.5908366054296493,0.0627451241016388,0.09272977448999882,0.7977729439735413,-0.011517893162090332,0.003273284784518181,0.16632988750934596,nan,0.0,nan,0.0,0
9,100,2916,0.11041666666666668,2560,1.074096181988716,0.622265625,-0.0216323655389715,0.5009385570883751,0.390234375,-0.4618041755631566,0.5910475611686706,0.0627451241016388,0.0841409370303154,0.7872367680072785,-0.014791177946608513,0.006841187592362987,0.16632988750934596,nan,0.0,nan,0.0,0
9,120,2936,0.11117424242424244,2560,0.8140437424182891,0.715625,-0.016497605480253696,0.5021774381399154,0.422265625,-0.576911386847496,0.5904417902231216,0.0627451241016388,0.07841643318533897,0.7786488503217697,-0.01598222164902836,0.0005153838312253363,0.16632988750934596,nan,0.0,0.0,0.37012749997666106,0
9,140,2956,0.11193181818181819,2560,0.8527432024478913,0.7125,-0.025297057442367078,0.4967909619212151,0.471484375,-0.736413198709488,0.5903980433940887,0.0627451241016388,0.08627383448183537,0.7905841380357742,-0.016497605480253696,0.008799451962113382,0.16632988750934596,nan,0.0,nan,0.0,0
9,160,2976,0.11268939393939395,2560,0.9111375719308853,0.686328125,-0.017536427930463106,0.5013632610440254,0.39296875,-0.4671774923801422,0.5901781886816024,0.0627451241016388,0.08169980198144913,0.7849554598331452,-0.021292957360856235,-0.003756529430393129,0.16632988750934596,nan,0.0,nan,0.0,0
9,180,2996,0.11344696969696971,2560,0.9376059979200363,0.677734375,-0.021815036912448703,0.49889540672302246,0.37265625,-0.37141911312937737,0.5911958247423172,0.0627451241016388,0.08017139919102192,0.7860407054424285,-0.017536427930463106,0.004278608981985597,0.16632988750934596,nan,0.0,nan,0.0,0
9,200,3016,0.11420454545454546,2560,1.03597551882267,0.643359375,-0.004278594418428839,0.5067057445645332,0.373046875,-0.2985020369291306,0.5908949762582779,0.0627451241016388,0.07971813231706619,0.7856118142604828,-0.0216323655389715,-0.017353771120542663,0.16632988750934596,nan,0.0,nan,0.0,0
9,220,3036,0.11496212121212122,2560,0.9907996505498886,0.663671875,-0.008546284527983516,0.5004251047968864,0.415625,-0.37841384038329123,0.5897664666175843,0.0627451241016388,0.08120101280510425,0.7852845311164856,-0.017536427930463106,-0.00899014340247959,0.16632988750934596,nan,0.0,0.0,0.3751518000208307,0
9,240,3056,0.11571969696969697,2560,0.9098733454942703,0.683203125,-0.014708045811858028,0.5081686764955521,0.38125,-0.4359869360923767,0.590097576379776,0.0627451241016388,0.0649953305721283,0.7610431969165802,-0.017536427930463106,-0.002828382118605078,0.16632988750934596,nan,0.0,nan,0.0,0
9,260,3076,0.11647727272727273,2560,0.9236447721719742,0.676171875,-0.020660872245207428,0.5077423259615899,0.431640625,-0.6300149247050285,0.5886636316776276,0.0627451241016388,0.05557272918522358,0.7392286241054535,-0.014708045811858028,0.005952826433349399,0.16632988750934596,nan,0.0,nan,0.0,0
9,280,3096,0.1172348484848485,2560,1.503987917304039,0.5140625,0.009130066307261587,0.5103925243020058,0.374609375,0.19809741228818895,0.5917746394872665,0.0627451241016388,0.0673217885196209,0.7642897695302964,-0.014708045811858028,-0.023838112119119615,0.16632988750934596,nan,0.0,nan,0.0,0
9,300,3116,0.11799242424242425,2560,2.126681089401245,0.2140625,0.4225068762898445,0.6795145869255066,0.3609375,0.5318844303488731,0.5902483880519866,0.0627451241016388,0.09733578450977802,0.7961150348186493,-0.008546284527983516,-0.431053160817828,0.16632988750934596,nan,0.0,nan,0.0,0
9,320,3136,0.11875000000000001,2560,2.0918133735656737,0.2046875,0.6266111612319947,0.7397209405899048,0.340234375,0.2997257366776466,0.5894361108541488,0.0627451241016388,0.11723295152187348,0.8150513976812362,-0.008546284527983516,-0.6351574457599782,0.16632988750934596,nan,0.0,0.1484375,0.3699403000064194,0
9,340,3156,0.11950757575757576,2560,2.045279693603516,0.21875,0.652729719877243,0.7407467067241669,0.343359375,0.3393763780593872,0.5885666191577912,0.0627451241016388,0.11849596165120602,0.8146788120269776,0.009130066307261587,-0.6435996535699815,0.16632988750934596,nan,0.0,nan,0.0,0
9,352,3168,0.11996212121212123,1480,2.035998045431601,0.2344594596205531,0.6406543783239416,0.7368540374008385,0.3635135143189817,0.3705590492970235,0.588177680647051,0.0627451241016388,0.11212923345533578,0.8081043523711127,0.4225068762898445,-0.21814750203409705,0.16632988750934596,nan,0.0,nan,0.0,0
10,20,3188,0.12071969696969698,2560,1.9983895301818848,0.2484375,0.6433417350053787,0.7354287683963776,0.3421875,0.37751092910766604,0.5891603022813797,0.0627451241016388,0.11576117761433125,0.8126787394285202,0.6266111612319947,-0.01673057377338405,0.16632988750934596,nan,0.0,nan,0.0,0
10,40,3208,0.12147727272727274,2560,2.0003852367401125,0.250390625,0.6180713325738907,0.7329157680273056,0.34609375,0.38525038957595825,0.5903879970312118,0.0627451241016388,0.10690781995654106,0.8051948308944702,0.6406543783239416,0.02258304575005088,0.16632988750934596,nan,0.0,nan,0.0,0
10,60,3228,0.1222348484848485,2560,1.9598273277282714,0.2671875,0.5904520153999329,0.7223132014274597,0.33671875,0.37319965213537215,0.590544018149376,0.0627451241016388,0.10210582651197911,0.8019786357879639,0.6406543783239416,0.0502023629240087,0.16632988750934596,nan,0.0,0.1484375,0.36701740001444705,0
10,80,3248,0.12299242424242425,2560,1.9028594493865967,0.28203125,0.5350927203893662,0.7070456355810165,0.341796875,0.3725551664829254,0.5910138696432113,0.0627451241016388,0.09678974859416485,0.7978934407234192,0.6406543783239416,0.10556165793457539,0.16632988750934596,nan,0.0,nan,0.0,0
10,100,3268,0.12375000000000001,2560,1.8846609711647033,0.27890625,0.43983085453510284,0.6861483514308929,0.31875,0.3762519657611847,0.5927574306726455,0.0627451241016388,0.08508828803896903,0.7853750586509705,0.6180713325738907,0.17824047803878784,0.16632988750934596,nan,0.0,0.125,0.36545770001248457,1
10,120,3288,0.12450757575757576,2560,1.795310378074646,0.3296875,0.33883979022502897,0.6614433497190475,0.288671875,0.3558029755949974,0.5920630306005478,0.0627451241016388,0.0715889997780323,0.7704624742269516,0.5904520153999329,0.2516122251749039,0.16632988750934596,nan,0.0,0.140625,0.36879080001381226,1
10,140,3308,0.12526515151515152,2560,1.6582486271858214,0.376171875,0.2669554382562637,0.6220194727182389,0.247265625,0.3348503276705742,0.5945788353681565,0.0627451241016388,0.06617595627903938,0.7640927076339722,0.5350927203893662,0.26813728213310245,0.16632988750934596,nan,0.0,0.1015625,0.37136709998594597,1
10,160,3328,0.1260227272727273,2560,1.5425446510314942,0.4125,0.17879762202501298,0.5865307062864303,0.20546875,0.2845603570342064,0.5948237359523774,0.0627451241016388,0.06409730818122625,0.7618164777755737,0.43983085453510284,0.26103323251008986,0.16632988750934596,nan,0.0,0.0625,0.36599789999308996,1
10,180,3348,0.12678030303030305,2560,1.2483354270458222,0.550390625,0.06125186745775864,0.5353842616081238,0.151953125,0.12849798921961336,0.5928246974945068,0.0627451241016388,0.060000700689852235,0.7552587747573852,0.33883979022502897,0.27758792276727035,0.16632988750934596,nan,0.0,0.0,0.3662527999840677,1
10,200,3368,0.12753787878787878,2560,0.978317478299141,0.655078125,-0.004887750814668834,0.5093078836798668,0.22734375,-0.16225183010101318,0.5921453088521957,0.0627451241016388,0.06864163875579835,0.7671890914440155,0.2669554382562637,0.2718431890709326,0.16632988750934596,nan,0.0,0.0,0.3720683999999892,1
10,220,3388,0.12829545454545455,2560,0.824373859167099,0.721875,-0.01105041969276499,0.5013163328170777,0.28515625,-0.34356761127710345,0.5921257227659226,0.0627451241016388,0.07419436313211918,0.7760831475257873,0.17879762202501298,0.18984804171777797,0.16632988750934596,nan,0.0,0.0078125,0.37313459999859333,1
10,240,3408,0.1290530303030303,2560,0.8079019904136657,0.728125,-0.010440030158497393,0.499656055867672,0.337109375,-0.4728859648108482,0.5918350428342819,0.0627451241016388,0.07722348980605602,0.7804835259914398,0.06125186745775864,0.07169189761625604,0.16632988750934596,nan,0.0,0.0,0.36673850001534447,0
10,260,3428,0.12981060606060607,2560,0.8718811571598053,0.697265625,-0.012083382112905383,0.5003535076975822,0.33125,-0.4331798404455185,0.5922509670257569,0.0627451241016388,0.07236810512840748,0.7735107660293579,-0.004887750814668834,0.007195631298236549,0.16632988750934596,nan,0.0,0.0,0.37239609999232925,0
10,280,3448,0.13056818181818183,2560,0.7177746444940567,0.7515625,-0.010808060562703758,0.5013885647058487,0.3,-0.4352271296083927,0.5917144984006881,0.0627451241016388,0.07136252336204052,0.7706871837377548,-0.010440030158497393,0.00036803040420636465,0.16632988750934596,nan,0.0,0.0,0.37456789999851026,0
10,300,3468,0.13132575757575757,2560,0.5982411310076714,0.79921875,-0.008532119501614943,0.5004774838685989,0.333203125,-0.6048106253147125,0.5929434657096863,0.0627451241016388,0.0767492774873972,0.7792445898056031,-0.010808060562703758,-0.0022759410610888146,0.16632988750934596,nan,0.0,nan,0.0,0
10,320,3488,0.13208333333333333,2560,0.6154073968529701,0.7984375,-0.013719650427810847,0.49695867747068406,0.360546875,-0.7388459861278533,0.5920382410287857,0.0627451241016388,0.07716339826583862,0.7797650575637818,-0.010808060562703758,0.0029115898651070893,0.16632988750934596,nan,0.0,nan,0.0,0
10,340,3508,0.1328409090909091,2560,0.7094425112009048,0.76328125,-0.010465871868655085,0.5001083493232727,0.34296875,-0.5886752247810364,0.5927125543355942,0.0627451241016388,0.07416312620043755,0.7755293428897858,-0.010808060562703758,-0.0003421886940486729,0.16632988750934596,nan,0.0,nan,0.0,0
10,352,3520,0.13329545454545455,1480,0.7695176243782044,0.745945945945946,-0.008059871790779603,0.5009449043789426,0.39256756837303575,-0.6597288895297695,0.5927519108798053,0.0627451241016388,0.07251937606850185,0.7745805385950449,-0.010808060562703758,-0.002748188771924155,0.16632988750934596,nan,0.0,0.0,0.37841810000827536,0
11,20,3540,0.1340530303030303,2560,0.6603916168212891,0.782421875,-0.006443116819718852,0.5018263652920723,0.387890625,-0.7578423589468002,0.5930015772581101,0.0627451241016388,0.07511215358972549,0.7774006575345993,-0.010465871868655085,-0.004022755048936233,0.16632988750934596,nan,0.0,nan,0.0,0
11,40,3560,0.13481060606060608,2560,0.5125179439783096,0.82578125,-0.01109334077918902,0.5030634731054306,0.417578125,-0.9165133327245713,0.5929663509130478,0.0627451241016388,0.07623666562139989,0.7787575364112854,-0.008532119501614943,0.0025612212775740772,0.16632988750934596,nan,0.0,nan,0.0,0
11,60,3580,0.13556818181818184,2560,0.5903132557868958,0.809765625,-0.01047230897238478,0.4979549527168274,0.4171875,-0.9247316896915436,0.5918366998434067,0.0627451241016388,0.07616592608392239,0.7783168464899063,-0.010465871868655085,6.437103729694735e-06,0.16632988750934596,nan,0.0,nan,0.0,0
11,80,3600,0.13632575757575757,2560,0.668872220814228,0.773828125,-0.00983947206987068,0.4973070964217186,0.3890625,-0.7621597439050675,0.5920546442270279,0.0627451241016388,0.06796121522784233,0.7670664310455322,-0.010465871868655085,-0.0006263997987844046,0.16632988750934596,nan,0.0,nan,0.0,0
11,100,3620,0.13708333333333333,2560,0.5439326599240303,0.823828125,-0.005955512449145317,0.5067740306258202,0.42109375,-0.8300450325012207,0.5935141444206238,0.0627451241016388,0.06758968364447356,0.767222660779953,-0.00983947206987068,-0.0038839596207253637,0.16632988750934596,nan,0.0,0.0,0.3792260000191163,0
11,120,3640,0.1378409090909091,2560,0.4681291088461876,0.847265625,-0.008157280029263348,0.4972862347960472,0.44296875,-1.1135050773620605,0.5932290583848954,0.0627451241016388,0.07279625944793225,0.7743544936180115,-0.00983947206987068,-0.0016821920406073325,0.16632988750934596,nan,0.0,nan,0.0,0
11,140,3660,0.13859848484848486,2560,0.5223718091845513,0.830859375,-0.0060263601713813845,0.5040495723485947,0.41796875,-1.0429954379796982,0.5925591945648193,0.0627451241016388,0.0713443960994482,0.7721007406711579,-0.00983947206987068,-0.003813111898489296,0.16632988750934596,nan,0.0,nan,0.0,0
11,160,3680,0.13935606060606062,2560,0.5659488618373871,0.811328125,-0.014992737415013835,0.4977652356028557,0.462109375,-1.1186008334159852,0.5922793269157409,0.0627451241016388,0.07328080609440804,0.7747917264699936,-0.008157280029263348,0.006835457385750487,0.16632988750934596,nan,0.0,nan,0.0,0
11,180,3700,0.14011363636363636,2560,0.49428147822618484,0.823046875,-0.0070332551724277435,0.5029918789863587,0.416796875,-0.9466698557138443,0.5932982265949249,0.0627451241016388,0.08027173653244972,0.7849324762821197,-0.008157280029263348,-0.0011240248568356046,0.16632988750934596,nan,0.0,nan,0.0,0
11,200,3720,0.14087121212121212,2560,0.5299833178520202,0.823828125,-0.0056420730659738185,0.5021408259868622,0.430859375,-1.012817132472992,0.5936657130718231,0.0627451241016388,0.07631593532860279,0.7803384959697723,-0.0070332551724277435,-0.001391182106453925,0.16632988750934596,nan,0.0,0.0,0.37256190000334755,0
11,220,3740,0.14162878787878788,2560,0.5583395391702652,0.807421875,-0.005080918257590383,0.501205962896347,0.4171875,-0.9017431408166885,0.5928112238645553,0.0627451241016388,0.07562648244202137,0.7799112200737,-0.0070332551724277435,-0.0019523369148373602,0.16632988750934596,nan,0.0,nan,0.0,0
11,240,3760,0.14238636363636364,2560,0.5773252412676811,0.8078125,-0.007965294847963378,0.49857484400272367,0.4296875,-1.0000824749469757,0.5915232479572297,0.0627451241016388,0.0730978574603796,0.7747228741645813,-0.0060263601713813845,0.0019389346765819934,0.16632988750934596,nan,0.0,nan,0.0,0
11,260,3780,0.1431439393939394,2560,0.4897808119654655,0.844140625,-0.007343045755987987,0.5011283993721009,0.444140625,-0.9768793523311615,0.5939719051122665,0.0627451241016388,0.06604339201003313,0.7669946730136872,-0.0070332551724277435,0.0003097905835602434,0.16632988750934596,nan,0.0,nan,0.0,0
11,280,3800,0.14390151515151514,2560,0.44629027545452116,0.853125,-0.009907308963011018,0.498661944270134,0.463671875,-1.188152661919594,0.5935558497905731,0.0627451241016388,0.07140603885054589,0.7752735823392868,-0.0070332551724277435,0.0028740537905832747,0.16632988750934596,nan,0.0,nan,0.0,0
11,300,3820,0.1446590909090909,2560,0.47841002494096757,0.844140625,-0.011516715836478397,0.4996908903121948,0.431640625,-1.0741502493619919,0.5947518795728683,0.0627451241016388,0.07885181866586208,0.7835468649864197,-0.007343045755987987,0.00417367008049041,0.16632988750934596,nan,0.0,0.0,0.37455900001805276,0
11,320,3840,0.14541666666666667,2560,0.6232273444533348,0.797265625,-0.004855240430333652,0.5009068936109543,0.44609375,-1.0003099292516708,0.5929596126079559,0.0627451241016388,0.07201995365321637,0.774502557516098,-0.007965294847963378,-0.003110054417629726,0.16632988750934596,nan,0.0,nan,0.0,0
11,340,3860,0.14617424242424243,2560,0.49661217629909515,0.84296875,-0.008265172451501712,0.4970261961221695,0.446484375,-1.0373663425445556,0.5940967679023743,0.0627451241016388,0.07022559382021427,0.7719985216856002,-0.007965294847963378,0.00029987760353833437,0.16632988750934596,nan,0.0,nan,0.0,0
11,352,3872,0.1466287878787879,1480,0.47234448194503786,0.8472972982638591,-0.009858029033686664,0.4965571890006194,0.4560810818865493,-1.1150497191661113,0.5939303797644537,0.0627451241016388,0.07869303963474325,0.7824160801397787,-0.008265172451501712,0.0015928565821849514,0.16632988750934596,nan,0.0,nan,0.0,0
12,20,3892,0.14738636363636365,2560,0.4107378825545311,0.866796875,-0.0061862203700002285,0.4987545177340508,0.458203125,-1.2144285976886748,0.5932780086994172,0.0627451241016388,0.07717439569532872,0.7823333382606507,-0.009858029033686664,-0.003671808663686435,0.16632988750934596,nan,0.0,nan,0.0,0
12,40,3912,0.1481439393939394,2560,0.4125870048999786,0.86484375,-0.010047543758992106,0.499496091902256,0.462109375,-1.2590422987937928,0.5947972774505615,0.0627451241016388,0.07780462950468063,0.7829866886138916,-0.008265172451501712,0.0017823713074903939,0.16632988750934596,nan,0.0,0.0,0.38178419999894686,0
12,60,3932,0.14890151515151515,2560,0.48953246176242826,0.840625,-0.010100387257989497,0.5000480815768242,0.472265625,-1.2326509654521942,0.5939304560422898,0.0627451241016388,0.08208916299045085,0.7864787161350251,-0.008265172451501712,0.0018352148064877845,0.16632988750934596,nan,0.0,nan,0.0,0
12,80,3952,0.1496590909090909,2560,0.39320272356271746,0.875390625,-0.004051373712718487,0.4995275005698204,0.46875,-1.187546470761299,0.5932665675878525,0.0627451241016388,0.08332387506961822,0.7887458354234695,-0.009858029033686664,-0.0058066553209681765,0.16632988750934596,nan,0.0,nan,0.0,0
12,100,3972,0.15041666666666667,2560,0.40358428955078124,0.873828125,-0.013421670318348334,0.49493473768234253,0.46953125,-1.253976082801819,0.5939645349979401,0.0627451241016388,0.07950894348323345,0.7829578459262848,-0.009858029033686664,0.0035636412846616703,0.16632988750934596,nan,0.0,nan,0.0,0
12,120,3992,0.15117424242424243,2560,0.43076212257146834,0.852734375,-0.005339442362310365,0.5039797604084015,0.445703125,-1.2184383511543273,0.5932991176843643,0.0627451241016388,0.08361062072217465,0.7881642192602157,-0.010047543758992106,-0.004708101396681741,0.16632988750934596,nan,0.0,nan,0.0,0
12,140,4012,0.1519318181818182,2560,0.40979180186986924,0.866015625,-0.006382238320657052,0.501373179256916,0.43828125,-1.1593385756015777,0.5940474420785904,0.0627451241016388,0.08376001082360744,0.7882559686899185,-0.010047543758992106,-0.003665305438335054,0.16632988750934596,nan,0.0,0.0,0.37694960000226274,0
12,160,4032,0.15268939393939396,2560,0.40317843332886694,0.86953125,-0.011637461069040001,0.4988070324063301,0.49765625,-1.410862010717392,0.5938424587249755,0.0627451241016388,0.08161772638559342,0.7851088434457779,-0.006382238320657052,0.005255222748382949,0.16632988750934596,nan,0.0,nan,0.0,0
12,180,4052,0.1534469696969697,2560,0.33978250697255136,0.89453125,-0.007447943621082231,0.500253188610077,0.473828125,-1.3154392540454865,0.5939627528190613,0.0627451241016388,0.09044387079775333,0.7947877734899521,-0.006382238320657052,0.0010657053004251788,0.16632988750934596,nan,0.0,nan,0.0,0
12,200,4072,0.15420454545454546,2560,0.6151107981801033,0.809375,-0.010907371784560383,0.4991860866546631,0.455859375,-1.0800171442329884,0.593457818031311,0.0627451241016388,0.08360297903418541,0.7868460893630982,-0.007447943621082231,0.0034594281634781517,0.16632988750934596,nan,0.0,nan,0.0,0
12,220,4092,0.15496212121212122,2560,0.4611823931336403,0.848046875,-0.009954696905333548,0.4945633053779602,0.469140625,-1.1167256504297256,0.592779564857483,0.0627451241016388,0.07374166660010814,0.7761304020881653,-0.007447943621082231,0.0025067532842513174,0.16632988750934596,nan,0.0,nan,0.0,0
12,240,4112,0.15571969696969698,2560,0.32579788044095037,0.8921875,-0.006461177923483774,0.49684271067380903,0.492578125,-1.409311008453369,0.5939686119556427,0.0627451241016388,0.0820173505693674,0.786343452334404,-0.009954696905333548,-0.0034935189818497744,0.16632988750934596,nan,0.0,0.0,0.3725875999953132,0
12,260,4132,0.15647727272727274,2560,0.36444334536790846,0.884375,-0.006359084497671574,0.5043098628520966,0.47109375,-1.3644344568252564,0.5940975308418274,0.0627451241016388,0.08659223392605782,0.7905829936265946,-0.009954696905333548,-0.0035956124076619743,0.16632988750934596,nan,0.0,nan,0.0,0
12,280,4152,0.15723484848484848,2560,0.3837148979306221,0.877734375,-0.012305196677334606,0.49824664890766146,0.465234375,-1.282947388291359,0.5928531855344772,0.0627451241016388,0.08439533151686192,0.7889945924282074,-0.007447943621082231,0.004857253056252375,0.16632988750934596,nan,0.0,nan,0.0,0
12,300,4172,0.15799242424242424,2560,0.3904500752687454,0.86875,-0.008310571376932785,0.4989149868488312,0.47890625,-1.2490909457206727,0.5929764032363891,0.0627451241016388,0.08789984062314034,0.7926208227872849,-0.009954696905333548,-0.0016441255284007639,0.16632988750934596,nan,0.0,nan,0.0,0
12,320,4192,0.15875,2560,0.3650158949196339,0.8796875,-0.008980376151157543,0.5002833187580109,0.473046875,-1.3297650009393691,0.5926150262355805,0.0627451241016388,0.08913211151957512,0.7951675862073898,-0.008310571376932785,0.0006698047742247585,0.16632988750934596,nan,0.0,nan,0.0,0
12,340,4212,0.15950757575757576,2560,0.4023922547698021,0.871484375,-0.013867713435320183,0.49703345000743865,0.497265625,-1.4213826060295105,0.5929176568984985,0.0627451241016388,0.08429220616817475,0.7901120543479919,-0.008310571376932785,0.005557142058387398,0.16632988750934596,nan,0.0,0.0,0.3684484999976121,0
12,352,4224,0.15996212121212122,1480,0.3831293444375734,0.8736486483264614,-0.006241847625052607,0.49812123002232733,0.47770270254160907,-1.2273284564147124,0.5929230258271501,0.0627451241016388,0.08860745840781444,0.7930122008194794,-0.008980376151157543,-0.002738528526104936,0.16632988750934596,nan,0.0,nan,0.0,0
13,20,4244,0.16071969696969698,2560,0.4109188452363014,0.866015625,-0.009306943870615213,0.5004665523767471,0.433984375,-1.1572770476341248,0.5933955073356628,0.0627451241016388,0.08339762687683105,0.787500187754631,-0.008980376151157543,0.00032656771945767035,0.16632988750934596,nan,0.0,nan,0.0,0
13,40,4264,0.16147727272727275,2560,0.43620837554335595,0.858203125,-0.0112281892914325,0.4992749631404877,0.463671875,-1.2341293513774871,0.5937839686870575,0.0627451241016388,0.08237880393862725,0.7866361558437347,-0.008980376151157543,0.002247813140274956,0.16632988750934596,nan,0.0,nan,0.0,0
13,60,4284,0.16223484848484848,2560,0.40830843448638915,0.857421875,-0.012988489319104702,0.4995938763022423,0.475,-1.3563703715801239,0.5938144862651825,0.0627451241016388,0.08629382513463497,0.7912555128335953,-0.009306943870615213,0.003681545448489488,0.16632988750934596,nan,0.0,nan,0.0,0
13,80,4304,0.16299242424242424,2560,0.4727461516857147,0.8453125,-0.00707369910669513,0.50070980489254,0.511328125,-1.4091087639331819,0.592838180065155,0.0627451241016388,0.08369453325867653,0.7877374053001404,-0.0112281892914325,-0.004154490184737369,0.16632988750934596,nan,0.0,0.0,0.3699651000206359,0
13,100,4324,0.16375,2560,0.40172241181135177,0.8734375,-0.010833404876757413,0.49922842979431153,0.494921875,-1.4192916601896286,0.5932637721300125,0.0627451241016388,0.08026602193713188,0.7838391155004502,-0.009306943870615213,0.0015264610061421994,0.16632988750934596,nan,0.0,nan,0.0,0
13,120,4344,0.16450757575757577,2560,0.3785269930958748,0.8828125,-0.014330734804389067,0.49687730371952055,0.49921875,-1.4741027653217316,0.5936144649982452,0.0627451241016388,0.08579774647951126,0.788722887635231,-0.010833404876757413,0.003497329927631654,0.16632988750934596,nan,0.0,nan,0.0,0
13,140,4364,0.16526515151515153,2560,0.35735122114419937,0.884765625,-0.009286419110139832,0.49760680347681047,0.487890625,-1.4432402491569518,0.593493539094925,0.0627451241016388,0.07914369441568851,0.7835642129182816,-0.0112281892914325,-0.0019417701812926673,0.16632988750934596,nan,0.0,nan,0.0,0
13,160,4384,0.16602272727272727,2560,0.30016566142439843,0.8984375,-0.008277049055323005,0.49714726209640503,0.508984375,-1.5595334410667419,0.5938926935195923,0.0627451241016388,0.08718279041349888,0.7918635368347168,-0.010833404876757413,-0.002556355821434408,0.16632988750934596,nan,0.0,nan,0.0,0
13,180,4404,0.16678030303030303,2560,0.41752338856458665,0.866796875,-0.01062617169227451,0.5007780864834785,0.47890625,-1.337740558385849,0.5951369106769562,0.0627451241016388,0.0811910655349493,0.7839749246835709,-0.009286419110139832,0.0013397525821346786,0.16632988750934596,nan,0.0,0.0,0.36966550000943244,0
13,200,4424,0.1675378787878788,2560,0.373604054749012,0.877734375,-0.007920827055932023,0.4979222744703293,0.495703125,-1.4072872161865235,0.5922484338283539,0.0627451241016388,0.07755940072238446,0.7788771599531173,-0.01062617169227451,-0.0027053446363424875,0.16632988750934596,nan,0.0,nan,0.0,0
13,220,4444,0.16829545454545455,2560,0.4015276819467545,0.861328125,-0.011964428448118269,0.4999140530824661,0.5234375,-1.567974144220352,0.5932921320199966,0.0627451241016388,0.07806773744523525,0.7806084543466568,-0.009286419110139832,0.002678009337978437,0.16632988750934596,nan,0.0,nan,0.0,0
13,240,4464,0.16905303030303032,2560,0.35558241605758667,0.884375,-0.007653826754540205,0.49928857386112213,0.48359375,-1.4455066323280334,0.5928721308708191,0.0627451241016388,0.07259762063622474,0.773947337269783,-0.009286419110139832,-0.0016325923555996266,0.16632988750934596,nan,0.0,nan,0.0,0
13,260,4484,0.16981060606060605,2560,0.32612528279423714,0.895703125,-0.010474155901465564,0.4984021678566933,0.508203125,-1.6571523308753968,0.5931480616331101,0.0627451241016388,0.076261842623353,0.7777633965015411,-0.008277049055323005,0.0021971068461425595,0.16632988750934596,nan,0.0,nan,0.0,0
13,280,4504,0.1705681818181818,2560,0.4284986764192581,0.86328125,-0.007788972114212811,0.49860485047101977,0.527734375,-1.6268799006938934,0.5931076318025589,0.0627451241016388,0.08124961331486702,0.7835301369428634,-0.010474155901465564,-0.0026851837872527533,0.16632988750934596,nan,0.0,0.0,0.3752597999991849,0
13,300,4524,0.1713257575757576,2560,0.3730544552206993,0.88203125,-0.012767569971038029,0.4962596967816353,0.52421875,-1.5642692565917968,0.5913033992052078,0.0627451241016388,0.08067226894199848,0.7824225813150406,-0.007920827055932023,0.004846742915106006,0.16632988750934596,nan,0.0,nan,0.0,0
13,320,4544,0.17208333333333337,2560,0.35704658180475235,0.883984375,-0.014000145843601786,0.49782449305057525,0.50859375,-1.6232255578041077,0.5931504726409912,0.0627451241016388,0.07870643213391304,0.7814113587141037,-0.010474155901465564,0.0035259899421362217,0.16632988750934596,nan,0.0,nan,0.0,0
13,340,4564,0.1728409090909091,2560,0.3330563738942146,0.89609375,-0.014558697980828584,0.49612136036157606,0.48125,-1.5231550693511964,0.593443700671196,0.0627451241016388,0.07954055406153202,0.7806232154369355,-0.010474155901465564,0.00408454207936302,0.16632988750934596,nan,0.0,nan,0.0,0
13,352,4576,0.17329545454545456,1480,0.341867779718863,0.8912162168605907,-0.012879754955301413,0.49567960436279707,0.5351351349740415,-1.6754367338644491,0.5934475934183275,0.0627451241016388,0.0771912148272669,0.7796984997955528,-0.012767569971038029,0.00011218498426338389,0.16632988750934596,nan,0.0,nan,0.0,0
14,20,4596,0.17405303030303032,2560,0.3167967930436134,0.890234375,-0.006842856964794919,0.5009688183665275,0.4671875,-1.469042807817459,0.593197900056839,0.0627451241016388,0.07523941062390804,0.7776751548051835,-0.012879754955301413,-0.006036897990506494,0.16632988750934596,nan,0.0,0.0,0.37158089998411015,0
14,40,4616,0.17481060606060606,2560,0.3334548719227314,0.890234375,-0.0132652937900275,0.4986461728811264,0.509375,-1.587960535287857,0.5932429194450378,0.0627451241016388,0.08314273096621036,0.7856033831834793,-0.012879754955301413,0.00038553883472608637,0.16632988750934596,nan,0.0,nan,0.0,0
14,60,4636,0.17556818181818182,2560,0.34950983077287673,0.88515625,-0.01266455477452837,0.5003629207611084,0.491796875,-1.5176767528057098,0.5926273554563523,0.0627451241016388,0.0863433588296175,0.7887902408838272,-0.0132652937900275,-0.0006007390154991292,0.16632988750934596,nan,0.0,nan,0.0,0
14,80,4656,0.17632575757575758,2560,0.3769966036081314,0.88046875,-0.009119601105339825,0.5016592770814896,0.4984375,-1.567886346578598,0.5938494652509689,0.0627451241016388,0.08024209178984165,0.7829961448907852,-0.012879754955301413,-0.0037601538499615877,0.16632988750934596,nan,0.0,nan,0.0,0
14,100,4676,0.17708333333333334,2560,0.5172015815973282,0.825390625,-0.012750540248816833,0.5020944118499756,0.47421875,-1.2855156660079956,0.5929273188114166,0.0627451241016388,0.07516061849892139,0.7747031629085541,-0.01266455477452837,8.59854742884629e-05,0.16632988750934596,nan,0.0,nan,0.0,0
14,120,4696,0.1778409090909091,2560,0.3986606627702713,0.869921875,-0.014276078471448272,0.4970826551318169,0.523046875,-1.4830125212669372,0.5937066584825516,0.0627451241016388,0.07100315541028976,0.768509304523468,-0.01266455477452837,0.0016115236969199021,0.16632988750934596,nan,0.0,0.0,0.3683661000104621,0
14,140,4716,0.17859848484848484,2560,0.48114980906248095,0.841015625,-0.011313355737365782,0.4983760938048363,0.52421875,-1.5597309589385986,0.5934957027435303,0.0627451241016388,0.08373632319271565,0.7873625576496124,-0.012750540248816833,-0.001437184511451051,0.16632988750934596,nan,0.0,nan,0.0,0
14,160,4736,0.1793560606060606,2560,0.4798150107264519,0.844140625,-0.013062327395891771,0.4977960094809532,0.509375,-1.366422951221466,0.5927922755479813,0.0627451241016388,0.07460897862911224,0.7778386831283569,-0.01266455477452837,0.00039777262136340107,0.16632988750934596,nan,0.0,nan,0.0,0
14,180,4756,0.18011363636363636,2560,0.4537179544568062,0.857421875,-0.009034123847959563,0.5000443950295448,0.513671875,-1.4473098933696746,0.5938489466905594,0.0627451241016388,0.07584060132503509,0.7802133649587631,-0.012750540248816833,-0.0037164164008572694,0.16632988750934596,nan,0.0,nan,0.0,0
14,200,4776,0.18087121212121213,2560,0.33449526950716973,0.894140625,-0.009131103282561526,0.4995091870427132,0.501953125,-1.5676177084445952,0.5933816522359848,0.0627451241016388,0.08054009042680263,0.7861019045114517,-0.012750540248816833,-0.003619436966255307,0.16632988750934596,nan,0.0,nan,0.0,0
14,220,4796,0.1816287878787879,2560,0.3930346056818962,0.869921875,-0.013132238283287734,0.4978556454181671,0.5140625,-1.619938999414444,0.5929629176855087,0.0627451241016388,0.08002811260521411,0.785523745417595,-0.011313355737365782,0.0018188825459219526,0.16632988750934596,nan,0.0,0.0,0.37370659998850897,0
14,240,4816,0.18238636363636365,2560,0.4108403235673904,0.86796875,-0.010017201717710122,0.5007230326533317,0.4671875,-1.3454532325267792,0.5929989069700241,0.0627451241016388,0.07826894335448742,0.7836235731840133,-0.011313355737365782,-0.0012961540196556598,0.16632988750934596,nan,0.0,nan,0.0,0
14,260,4836,0.18314393939393941,2560,0.38146179020404813,0.872265625,-0.009320350654888898,0.5013369396328926,0.502734375,-1.4884410738945006,0.5936852991580963,0.0627451241016388,0.07546368576586246,0.7810636341571808,-0.010017201717710122,-0.000696851062821224,0.16632988750934596,nan,0.0,nan,0.0,0
14,280,4856,0.18390151515151518,2560,0.3621864840388298,0.880078125,-0.01657023507868871,0.4901266857981682,0.49140625,-1.4386045575141906,0.5924562007188797,0.0627451241016388,0.07927379719913005,0.7844236135482788,-0.009320350654888898,0.007249884423799813,0.16632988750934596,nan,0.0,nan,0.0,0
14,300,4876,0.18465909090909094,2560,0.35347314178943634,0.88359375,-0.009320245811250061,0.5043008327484131,0.496875,-1.5135287642478943,0.5936343103647232,0.0627451241016388,0.07561453841626645,0.7802366495132447,-0.010017201717710122,-0.0006969559064600606,0.16632988750934596,nan,0.0,nan,0.0,0
14,320,4896,0.18541666666666667,2560,0.42496013045310976,0.86875,-0.015146061149425804,0.4963422268629074,0.503125,-1.5022842228412627,0.5930501580238342,0.0627451241016388,0.07034902796149253,0.7741569608449936,-0.010017201717710122,0.005128859431715682,0.16632988750934596,nan,0.0,0.0,0.3708774000115227,0
14,340,4916,0.18617424242424244,2560,0.4118246003985405,0.869140625,-0.015072706952923908,0.4956535443663597,0.51015625,-1.4842562198638916,0.5929236322641372,0.0627451241016388,0.07483788318932057,0.7807468742132186,-0.010017201717710122,0.005055505235213786,0.16632988750934596,nan,0.0,nan,0.0,0
14,352,4928,0.1866287878787879,1480,0.543925039188282,0.8209459465903205,-0.013145411809956705,0.5022966972879461,0.5060810817254556,-1.457920580296903,0.593275811865523,0.0627451241016388,0.07183991755182678,0.7763145076261985,-0.015072706952923908,-0.001927295142967203,0.16632988750934596,nan,0.0,nan,0.0,0
15,20,4948,0.18738636363636363,2560,0.4406300611793995,0.859765625,-0.009491325734416023,0.5023730129003525,0.5421875,-1.456649911403656,0.5931363582611084,0.0627451241016388,0.06101994458585978,0.7643956303596496,-0.015072706952923908,-0.005581381218507885,0.16632988750934596,nan,0.0,nan,0.0,0
15,40,4968,0.1881439393939394,2560,0.3188463017344475,0.90625,-0.008118487265892326,0.5015058055520057,0.498046875,-1.5428641736507416,0.592517614364624,0.0627451241016388,0.06530225239694118,0.7701637148857117,-0.013145411809956705,-0.005026924544064379,0.16632988750934596,nan,0.0,nan,0.0,0
15,60,4988,0.18890151515151515,2560,0.3710666373372078,0.882421875,-0.014983072387985885,0.49733671844005584,0.4859375,-1.4977353513240814,0.5926096796989441,0.0627451241016388,0.07360113747417926,0.7809380978345871,-0.013145411809956705,0.0018376605780291797,0.16632988750934596,nan,0.0,0.0,0.3663408000138588,0
15,80,5008,0.18965909090909092,2560,0.3458728700876236,0.88828125,-0.008434539334848523,0.5006869122385978,0.474609375,-1.5083336114883423,0.5926858514547348,0.0627451241016388,0.07278382740914821,0.7795009225606918,-0.013145411809956705,-0.004710872475108182,0.16632988750934596,nan,0.0,nan,0.0,0
15,100,5028,0.19041666666666668,2560,0.3167474679648876,0.9015625,-0.00984938592882827,0.5003203183412552,0.51328125,-1.6866123855113984,0.5931676417589188,0.0627451241016388,0.07000906765460968,0.7760228395462037,-0.009491325734416023,0.00035806019441224704,0.16632988750934596,nan,0.0,nan,0.0,0
15,120,5048,0.1911742424242424,2560,0.36663820371031763,0.8875,-0.01165671130293049,0.4992106303572655,0.514453125,-1.7674991548061372,0.5922788143157959,0.0627451241016388,0.07321944497525693,0.7805660367012024,-0.009491325734416023,0.002165385568514467,0.16632988750934596,nan,0.0,nan,0.0,0
15,140,5068,0.1919318181818182,2560,0.31665685027837753,0.896875,-0.013281803135760129,0.5011921092867851,0.503125,-1.6362292647361756,0.5926755458116532,0.0627451241016388,0.06518557742238044,0.769645357131958,-0.00984938592882827,0.003432417206931859,0.16632988750934596,nan,0.0,nan,0.0,0
15,160,5088,0.19268939393939397,2560,0.31923697218298913,0.896875,-0.01424097305862233,0.5007936000823975,0.49921875,-1.654988831281662,0.592555382847786,0.0627451241016388,0.0660952527076006,0.7717734575271606,-0.01165671130293049,0.00258426175569184,0.16632988750934596,nan,0.0,0.0,0.36905740000656806,0
15,180,5108,0.19344696969696973,2560,0.40869133174419403,0.87421875,-0.018673446914181113,0.49752758592367174,0.495703125,-1.5727809250354767,0.5931816279888154,0.0627451241016388,0.06383490785956383,0.7673248767852783,-0.01165671130293049,0.007016735611250623,0.16632988750934596,nan,0.0,nan,0.0,0
15,200,5128,0.19420454545454546,2560,0.3086363673210144,0.903125,-0.008801679371390491,0.49671695828437806,0.49609375,-1.6111930847167968,0.5937056422233582,0.0627451241016388,0.07124811746180057,0.7772330582141876,-0.013281803135760129,-0.004480123764369638,0.16632988750934596,nan,0.0,nan,0.0,0
15,220,5148,0.19496212121212123,2560,0.38926425874233245,0.877734375,-0.014988727393210865,0.49661790281534196,0.5109375,-1.5034070432186126,0.5929916560649872,0.0627451241016388,0.0757685799151659,0.7814859420061111,-0.013281803135760129,0.0017069242574507364,0.16632988750934596,nan,0.0,nan,0.0,0
15,240,5168,0.195719696969697,2560,0.4043828070163727,0.86796875,-0.007894901919644325,0.5042926922440529,0.528515625,-1.6155928671360016,0.5931281000375748,0.0627451241016388,0.07223215214908123,0.7784529000520706,-0.01424097305862233,-0.0063460711389780045,0.16632988750934596,nan,0.0,nan,0.0,0
15,260,5188,0.19647727272727275,2560,0.36926845759153365,0.875,-0.016980376723222435,0.4944352596998215,0.497265625,-1.5422900795936585,0.5924606561660767,0.0627451241016388,0.06880685687065125,0.7761803805828095,-0.01424097305862233,0.0027394036646001055,0.16632988750934596,nan,0.0,0.0,0.3726124999811873,0
15,280,5208,0.1972348484848485,2560,0.32048514410853385,0.896875,-0.015452532697236166,0.4947342023253441,0.526953125,-1.7473492085933686,0.5935541987419128,0.0627451241016388,0.06223636344075203,0.7673521041870117,-0.014988727393210865,0.0004638053040253009,0.16632988750934596,nan,0.0,nan,0.0,0
15,300,5228,0.19799242424242425,2560,0.3755732744932175,0.871875,-0.013040925015229732,0.49978499114513397,0.5171875,-1.5990027964115143,0.5930876642465591,0.0627451241016388,0.05974493809044361,0.7651092946529389,-0.014988727393210865,-0.0019478023779811327,0.16632988750934596,nan,0.0,nan,0.0,0
15,320,5248,0.19875,2560,0.3955437816679478,0.8734375,-0.010738516721175984,0.5011804088950157,0.4703125,-1.4290419161319732,0.5918744623661041,0.0627451241016388,0.06657219026237726,0.771530830860138,-0.014988727393210865,-0.004250210672034882,0.16632988750934596,nan,0.0,nan,0.0,0
15,340,5268,0.19950757575757577,2560,0.43905655294656754,0.861328125,-0.013115857134107501,0.499779649078846,0.483984375,-1.3581646025180816,0.5927504390478134,0.0627451241016388,0.062085076794028284,0.7645245015621185,-0.013040925015229732,7.493211887776852e-05,0.16632988750934596,nan,0.0,nan,0.0,0
15,352,5280,0.1999621212121212,1480,0.4003875647042249,0.8736486489708359,-0.008478259959736386,0.501330465883822,0.5432432437265241,-1.6753277044038515,0.5937471573417251,0.0627451241016388,0.05872070942376111,0.7617067356367369,-0.013115857134107501,-0.004637597174371115,0.16632988750934596,nan,0.0,0.0,0.3780345999985002,0
16,20,5300,0.19928030303030303,2560,0.35795205235481264,0.889453125,-0.01517471523839049,0.4976121410727501,0.51796875,-1.6304467082023621,0.5927590876817703,0.0627451241016388,0.059356766007840636,0.7624052196741105,-0.013040925015229732,0.0021337902231607572,0.16632988750934596,nan,0.0,nan,0.0,0
16,40,5320,0.1985227272727273,2560,0.34134555235505104,0.888671875,-0.011728877667337656,0.49735490381717684,0.53046875,-1.7767105937004088,0.5929747432470321,0.0627451241016388,0.06551613360643387,0.7717680722475052,-0.013040925015229732,-0.0013120473478920765,0.16632988750934596,nan,0.0,nan,0.0,0
16,60,5340,0.1977651515151515,2560,0.7282113790512085,0.795703125,-0.014418718608794734,0.5028123378753662,0.43515625,-1.0792279958724975,0.5933091700077057,0.0627451241016388,0.06017411686480045,0.761571827530861,-0.011728877667337656,0.002689840941457078,0.16632988750934596,nan,0.0,nan,0.0,0
16,80,5360,0.19700757575757577,2560,1.3417461842298508,0.590234375,-0.03630882874131203,0.5128310054540635,0.36015625,-0.1248284937813878,0.5959102869033813,0.0627451241016388,0.03586581973358989,0.7038268208503723,-0.013115857134107501,0.023192971607204526,0.16632988750934596,nan,0.0,nan,0.0,0
16,100,5380,0.19625,2560,0.6570127010345459,0.783984375,-0.017399117397144438,0.4950164929032326,0.41484375,-0.8007012695074082,0.5922147303819656,0.0627451241016388,0.041115806065499784,0.7183404982089996,-0.014418718608794734,0.0029803987883497036,0.16632988750934596,nan,0.0,0.0,0.37473399998270907,0
16,120,5400,0.19549242424242427,2560,0.5864942014217377,0.799609375,-0.016584470687666907,0.5013796657323837,0.43125,-1.0433078020811082,0.5925021022558212,0.0627451241016388,0.05338196530938148,0.7456297695636749,-0.01517471523839049,0.0014097554492764168,0.16632988750934596,nan,0.0,nan,0.0,0
16,140,5420,0.19473484848484848,2560,0.5499382764101028,0.8203125,-0.017121555958874525,0.4966566890478134,0.46640625,-1.1320211231708526,0.5929017633199691,0.0627451241016388,0.051676496490836145,0.7430603682994843,-0.016584470687666907,0.0005370852712076185,0.16632988750934596,nan,0.0,nan,0.0,0
16,160,5440,0.19397727272727275,2560,0.47831199020147325,0.84609375,-0.006264743232168257,0.5022097438573837,0.49296875,-1.2628450006246568,0.5923024654388428,0.0627451241016388,0.05465889424085617,0.7495293468236923,-0.017121555958874525,-0.010856812726706268,0.16632988750934596,nan,0.0,nan,0.0,0
16,180,5460,0.19321969696969699,2560,0.44085067361593244,0.85546875,-0.012452377122826874,0.5011809170246124,0.4828125,-1.2749654829502106,0.5921380549669266,0.0627451241016388,0.05218798648566007,0.7467683255672455,-0.017121555958874525,-0.004669178836047651,0.16632988750934596,nan,0.0,nan,0.0,0
16,200,5480,0.19246212121212125,2560,0.383362877368927,0.880078125,-0.013236461993074045,0.4970353588461876,0.4484375,-1.2348675906658173,0.5929641932249069,0.0627451241016388,0.05271359384059906,0.7476382404565811,-0.016584470687666907,-0.003348008694592862,0.16632988750934596,nan,0.0,0.0,0.3703601000015624,0
16,220,5500,0.19170454545454546,2560,0.385306678712368,0.872265625,-0.007284463028190658,0.5032039761543274,0.4859375,-1.3362132132053375,0.5931254237890243,0.0627451241016388,0.05515720322728157,0.7531104683876038,-0.013236461993074045,-0.005951998964883387,0.16632988750934596,nan,0.0,nan,0.0,0
16,240,5520,0.19094696969696973,2560,0.38697529733181,0.872265625,-0.010244219179730863,0.49971861839294435,0.50078125,-1.421247673034668,0.5932001978158951,0.0627451241016388,0.057106648571789265,0.7573485046625137,-0.012452377122826874,-0.0022081579430960115,0.16632988750934596,nan,0.0,nan,0.0,0
16,260,5540,0.19018939393939394,2560,0.3533037379384041,0.884375,-0.010141208267305047,0.4988859921693802,0.47890625,-1.3945495903491973,0.5930417656898499,0.0627451241016388,0.055743044801056386,0.7557117938995361,-0.010244219179730863,-0.00010301091242581606,0.16632988750934596,nan,0.0,nan,0.0,0
16,280,5560,0.1894318181818182,2560,0.34757483303546904,0.89453125,-0.010629597498336807,0.4992106303572655,0.49453125,-1.5019445061683654,0.5923612207174301,0.0627451241016388,0.05983421877026558,0.7623746693134308,-0.010244219179730863,0.00038537831860594417,0.16632988750934596,nan,0.0,nan,0.0,0
16,300,5580,0.18867424242424244,2560,0.32100648880004884,0.901953125,-0.008136006444692612,0.5010147199034691,0.4796875,-1.4023549795150756,0.5924499690532684,0.0627451241016388,0.06462193857878447,0.769389083981514,-0.010244219179730863,-0.0021082127350382507,0.16632988750934596,nan,0.0,0.0,0.37118699998245575,0
16,320,5600,0.1879166666666667,2560,0.35481906682252884,0.886328125,-0.008638545102439821,0.4989991709589958,0.4734375,-1.389239454269409,0.5929650813341141,0.0627451241016388,0.06786278858780861,0.7744867503643036,-0.010141208267305047,-0.0015026631648652252,0.16632988750934596,nan,0.0,nan,0.0,0
16,340,5620,0.1871590909090909,2560,0.34308195412158965,0.8875,-0.009207612706813962,0.5002597972750664,0.48828125,-1.4200814604759215,0.5935229182243347,0.0627451241016388,0.06713468097150325,0.7725873768329621,-0.010141208267305047,-0.0009335955604910847,0.16632988750934596,nan,0.0,nan,0.0,0
16,352,5632,0.18670454545454548,1480,0.34219453689214346,0.8986486496152104,-0.01435135163876505,0.4967810962651227,0.43243243194915154,-1.223415648615038,0.5921934614310393,0.0627451241016388,0.06454510112871994,0.7695090735280836,-0.009207612706813962,0.005143738931951088,0.16632988750934596,nan,0.0,nan,0.0,0
17,20,5652,0.1859469696969697,2560,0.3182403609156609,0.9015625,-0.004425010061822832,0.5023691982030869,0.4484375,-1.3767663359642028,0.5925341516733169,0.0627451241016388,0.06884900331497193,0.7753572463989258,-0.009207612706813962,-0.00478260264499113,0.16632988750934596,nan,0.0,nan,0.0,0
17,40,5672,0.18518939393939396,2560,0.3876006260514259,0.8765625,-0.010201275019790046,0.49789112657308576,0.478125,-1.4121843963861465,0.5927561610937119,0.0627451241016388,0.06937473155558109,0.7761267721652985,-0.008638545102439821,0.0015627299173502241,0.16632988750934596,nan,0.0,0.0,0.38584180001635104,0
17,60,5692,0.1844318181818182,2560,0.29415282905101775,0.90703125,-0.009131498186616228,0.49835931062698363,0.50625,-1.6299871504306793,0.5934524655342102,0.0627451241016388,0.06831291876733303,0.7737847417593002,-0.009207612706813962,-7.611452019773424e-05,0.16632988750934596,nan,0.0,nan,0.0,0
17,80,5712,0.18367424242424246,2560,0.30538042485713957,0.901953125,-0.011780575418379157,0.499360927939415,0.47265625,-1.5233023285865783,0.5927292108535767,0.0627451241016388,0.07059137858450412,0.7763667583465577,-0.009207612706813962,0.0025729627115651955,0.16632988750934596,nan,0.0,nan,0.0,0
17,100,5732,0.18291666666666667,2560,0.3785397090017796,0.877734375,-0.010257978655863554,0.49920362830162046,0.496875,-1.518720668554306,0.592898964881897,0.0627451241016388,0.07150715254247189,0.7786825627088547,-0.010201275019790046,5.670363607350806e-05,0.16632988750934596,nan,0.0,nan,0.0,0
17,120,5752,0.18215909090909094,2560,0.35522869154810904,0.89375,-0.011190382647328079,0.49617298096418383,0.510546875,-1.5882843017578125,0.5934983730316162,0.0627451241016388,0.06676885187625885,0.771740871667862,-0.010201275019790046,0.0009891076275380332,0.16632988750934596,nan,0.0,nan,0.0,0
17,140,5772,0.18140151515151515,2560,0.3118250757455826,0.896875,-0.009780700702685862,0.5036502987146377,0.4578125,-1.3549205899238586,0.5930337488651276,0.0627451241016388,0.06744731701910496,0.7723943799734115,-0.010257978655863554,-0.0004772779531776912,0.16632988750934596,nan,0.0,0.0,0.37306319997878745,0
17,160,5792,0.1806439393939394,2560,0.3095144882798195,0.901171875,-0.008084775472525507,0.49835765808820726,0.458203125,-1.4974553346633912,0.5924721002578736,0.0627451241016388,0.06716577112674713,0.7729793816804886,-0.010257978655863554,-0.0021732031833380464,0.16632988750934596,nan,0.0,nan,0.0,0
17,180,5812,0.17988636363636365,2560,0.3169820949435234,0.89453125,-0.008200221671722829,0.4985847622156143,0.47421875,-1.531391179561615,0.591614043712616,0.0627451241016388,0.06868800967931747,0.7740573525428772,-0.010257978655863554,-0.0020577569841407246,0.16632988750934596,nan,0.0,nan,0.0,0
17,200,5832,0.17912878787878792,2560,0.3395321197807789,0.889453125,-0.01363717506173998,0.4967783734202385,0.471484375,-1.5430405199527741,0.5928086787462234,0.0627451241016388,0.0698221404105425,0.775868397951126,-0.009780700702685862,0.0038564743590541184,0.16632988750934596,nan,0.0,nan,0.0,0
17,220,5852,0.17837121212121212,2560,0.3590612880885601,0.89140625,-0.006806847429834307,0.5011858806014061,0.4734375,-1.4228403925895692,0.592678216099739,0.0627451241016388,0.07005247361958027,0.7766435772180558,-0.009780700702685862,-0.002973853272851556,0.16632988750934596,nan,0.0,nan,0.0,0
17,240,5872,0.1776136363636364,2560,0.3679612189531326,0.883984375,-0.008239854630664923,0.4987704142928123,0.490234375,-1.4830425381660461,0.5927631497383118,0.0627451241016388,0.07074629291892051,0.7771450877189636,-0.008200221671722829,3.963295894209365e-05,0.16632988750934596,nan,0.0,0.0,0.37217049999162555,0
17,260,5892,0.17685606060606063,2560,0.4017299324274063,0.864453125,-0.015640282665845006,0.49713504761457444,0.486328125,-1.458850359916687,0.5921933710575104,0.0627451241016388,0.06531850825995207,0.769989600777626,-0.008200221671722829,0.007440060994122177,0.16632988750934596,nan,0.0,nan,0.0,0
17,280,5912,0.17609848484848484,2560,0.33270003721117974,0.895703125,-0.01007559618446976,0.4980896145105362,0.501171875,-1.469409167766571,0.5923641413450241,0.0627451241016388,0.06568471528589725,0.7710251688957215,-0.008239854630664923,0.0018357415538048372,0.16632988750934596,nan,0.0,nan,0.0,0
17,300,5932,0.1753409090909091,2560,0.30325108394026756,0.90546875,-0.010232426924631,0.4985229641199112,0.51171875,-1.608440452814102,0.5921122401952743,0.0627451241016388,0.0648647103458643,0.7699749439954757,-0.01007559618446976,0.00015683074016123975,0.16632988750934596,nan,0.0,nan,0.0,0
17,320,5952,0.1745833333333333,2560,0.33436590507626535,0.890234375,-0.004068941943114623,0.5050472423434258,0.487109375,-1.502698975801468,0.5928342401981354,0.0627451241016388,0.06344100404530764,0.7685462981462479,-0.01007559618446976,-0.0060066542413551366,0.16632988750934596,nan,0.0,nan,0.0,0
17,340,5972,0.17382575757575758,2560,0.36904345750808715,0.8859375,-0.011695769184734672,0.49448675513267515,0.481640625,-1.4681175351142883,0.5924762964248658,0.0627451241016388,0.05957089327275753,0.7642402112483978,-0.01007559618446976,0.0016201730002649121,0.16632988750934596,nan,0.0,0.0,0.37298919999739155,0
17,352,5984,0.17337121212121215,1480,0.4199704427976866,0.8702702702702703,-0.016733048584412883,0.49487811923027036,0.4824324327546197,-1.3693732010351645,0.5932001513403815,0.0627451241016388,0.05941868122365024,0.7628411985732414,-0.010232426924631,0.0065006216597818835,0.16632988750934596,nan,0.0,nan,0.0,0
18,20,6004,0.17261363636363636,2560,0.3567131221294403,0.884765625,-0.008452584262704477,0.5009234219789505,0.47421875,-1.3593634635210037,0.5925065606832505,0.0627451241016388,0.06354402042925358,0.7688587188720704,-0.010232426924631,-0.0017798426619265225,0.16632988750934596,nan,0.0,nan,0.0,0
18,40,6024,0.17185606060606062,2560,0.3105099283158779,0.89765625,-0.009040332221775315,0.4983525723218918,0.494921875,-1.5175215184688569,0.5927293270826339,0.0627451241016388,0.0659163186326623,0.7737150341272354,-0.010232426924631,-0.0011920947028556846,0.16632988750934596,nan,0.0,nan,0.0,0
18,60,6044,0.17109848484848486,2560,0.3020571000874043,0.9078125,-0.013545203069224954,0.4994253903627396,0.501171875,-1.5784258127212525,0.5937359094619751,0.0627451241016388,0.06146681122481823,0.7668060153722763,-0.009040332221775315,0.004504870847449639,0.16632988750934596,nan,0.0,nan,0.0,0
18,80,6064,0.17034090909090913,2560,0.2785020411014557,0.91171875,-0.013281492283567786,0.49427695125341414,0.467578125,-1.5183861434459687,0.5920922815799713,0.0627451241016388,0.061330627836287024,0.7667288213968277,-0.011695769184734672,0.0015857230988331143,0.16632988750934596,nan,0.0,0.0,0.37288889999035746,0
18,100,6084,0.16958333333333334,2560,0.2807866409420967,0.90546875,-0.00568646164610982,0.5037661373615265,0.451171875,-1.4405336320400237,0.5921186000108719,0.0627451241016388,0.05752202030271292,0.7608801901340485,-0.013281492283567786,-0.007595030637457967,0.16632988750934596,nan,0.0,nan,0.0,0
18,120,6104,0.1688257575757576,2560,0.3201634004712105,0.90234375,-0.012262613652274013,0.4941527143120766,0.467578125,-1.5380964756011963,0.5932163447141647,0.0627451241016388,0.0591703062877059,0.7621712416410447,-0.009040332221775315,0.003222281430498698,0.16632988750934596,nan,0.0,nan,0.0,0
18,140,6124,0.16806818181818184,2560,0.3611337020993233,0.885546875,-0.012596180371474475,0.49850134998559953,0.5296875,-1.7479993164539338,0.5938343226909637,0.0627451241016388,0.05980034470558167,0.7642007440328598,-0.012262613652274013,0.00033356671920046176,0.16632988750934596,nan,0.0,nan,0.0,0
18,160,6144,0.1673106060606061,2560,0.28382970541715624,0.912890625,-0.008446559132426045,0.49782932102680205,0.50390625,-1.7018394112586974,0.593939733505249,0.0627451241016388,0.05731551796197891,0.7602085322141647,-0.012596180371474475,-0.0041496212390484295,0.16632988750934596,nan,0.0,nan,0.0,0
18,180,6164,0.1665530303030303,2560,0.3086721733212471,0.89921875,-0.012122422188986093,0.4993211328983307,0.45234375,-1.407719999551773,0.5912502497434616,0.0627451241016388,0.05837519038468599,0.7620576739311218,-0.012262613652274013,-0.00014019146328791976,0.16632988750934596,nan,0.0,0.0,0.37136930000269786,0
18,200,6184,0.16579545454545452,2560,0.3321622312068939,0.89296875,-0.013744129799306393,0.49801179468631745,0.47890625,-1.6351042091846466,0.5931736201047897,0.0627451241016388,0.05752944201231003,0.7601217061281205,-0.012122422188986093,0.0016217076103202995,0.16632988750934596,nan,0.0,nan,0.0,0
18,220,6204,0.1650378787878788,2560,0.3168528780341148,0.89921875,-0.012334129546070471,0.4985096096992493,0.497265625,-1.6987837851047516,0.5935301661491394,0.0627451241016388,0.054045293107628824,0.7547160238027573,-0.012262613652274013,7.151589379645815e-05,0.16632988750934596,nan,0.0,nan,0.0,0
18,240,6224,0.16428030303030303,2560,0.35402868390083314,0.890625,-0.008720552956219763,0.5001443341374397,0.48203125,-1.5236961007118226,0.5921684443950653,0.0627451241016388,0.05614015981554985,0.7571026623249054,-0.012334129546070471,-0.0036135765898507085,0.16632988750934596,nan,0.0,nan,0.0,0
18,260,6244,0.1635227272727273,2560,0.3636779814958572,0.878515625,-0.010953049431554973,0.500334945321083,0.489453125,-1.5763167142868042,0.5930972009897232,0.0627451241016388,0.05788641441613436,0.7594770342111588,-0.012122422188986093,-0.0011693727574311197,0.16632988750934596,nan,0.0,nan,0.0,0
18,280,6264,0.1627651515151515,2560,0.38492506742477417,0.87265625,-0.01188623991329223,0.49762053340673446,0.4921875,-1.5206709027290344,0.5927625149488449,0.0627451241016388,0.06029587239027023,0.7634730815887452,-0.012122422188986093,-0.00023618227569386328,0.16632988750934596,nan,0.0,0.0,0.37280310000642203,0
18,300,6284,0.16200757575757577,2560,0.4476419910788536,0.852734375,-0.01371821248321794,0.5012085154652596,0.497265625,-1.358769291639328,0.593290987610817,0.0627451241016388,0.05869503226131201,0.7602292716503143,-0.01188623991329223,0.0018319725699257102,0.16632988750934596,nan,0.0,nan,0.0,0
18,320,6304,0.16125,2560,0.3511983945965767,0.891015625,-0.01355055992025882,0.4967979595065117,0.46171875,-1.3361894547939301,0.5932109981775284,0.0627451241016388,0.056793737784028055,0.7575239956378936,-0.01188623991329223,0.0016643200069665909,0.16632988750934596,nan,0.0,nan,0.0,0
18,340,6324,0.16049242424242427,2560,0.3830672726035118,0.876953125,-0.013151299091987312,0.5011277690529823,0.4796875,-1.4772039592266082,0.5926602870225907,0.0627451241016388,0.058540834859013555,0.7603083312511444,-0.01188623991329223,0.001265059178695082,0.16632988750934596,nan,0.0,nan,0.0,0
18,352,6336,0.1600378787878788,1480,0.34335142567351057,0.8905405405405405,-0.02038946979351946,0.48915928441124995,0.46283783783783783,-1.407714702631976,0.592825364744341,0.0627451241016388,0.06051102818266765,0.7640356953079636,-0.013151299091987312,0.007238170701532147,0.16632988750934596,nan,0.0,nan,0.0,0
19,20,6356,0.15928030303030305,2560,0.3728983893990517,0.876171875,-0.010696557199116797,0.5005511149764061,0.471875,-1.4421245217323304,0.5929021447896957,0.0627451241016388,0.059202907420694825,0.7620519280433655,-0.01355055992025882,-0.002854002721142024,0.16632988750934596,nan,0.0,0.0,0.37212350001209415,0
19,40,6376,0.15852272727272732,2560,0.4023061729967594,0.8640625,-0.014443608757574111,0.49967957884073255,0.481640625,-1.3249176263809204,0.5934786677360535,0.0627451241016388,0.060592683404684065,0.7635778248310089,-0.01355055992025882,0.0008930488373152905,0.16632988750934596,nan,0.0,nan,0.0,0
19,60,6396,0.15776515151515152,2560,0.3891993373632431,0.87890625,-0.008807503600837662,0.5032516658306122,0.469921875,-1.4043156623840332,0.5922284662723541,0.0627451241016388,0.05743459220975637,0.7597023963928222,-0.01355055992025882,-0.004743056319421159,0.16632988750934596,nan,0.0,nan,0.0,0
19,80,6416,0.1570075757575758,2560,0.4226177975535393,0.857421875,-0.01490206338930875,0.49568813294172287,0.453125,-1.232009342312813,0.5923933953046798,0.0627451241016388,0.05529640074819327,0.7566294223070145,-0.013151299091987312,0.0017507642973214384,0.16632988750934596,nan,0.0,nan,0.0,0
19,100,6436,0.15625,2560,0.4656452193856239,0.84765625,-0.011058474215678871,0.5017514675855637,0.446875,-1.176840928196907,0.5935734003782273,0.0627451241016388,0.05098229311406612,0.7469821691513061,-0.014443608757574111,-0.00338513454189524,0.16632988750934596,nan,0.0,nan,0.0,0
19,120,6456,0.15549242424242424,2560,0.42393506318330765,0.86171875,-0.013438891107216477,0.49632238894701003,0.44921875,-1.1699515461921692,0.5936824977397919,0.0627451241016388,0.048040935024619105,0.7421251714229584,-0.011058474215678871,0.0023804168915376057,0.16632988750934596,nan,0.0,0.0,0.36845149999135174,0
19,140,6476,0.1547348484848485,2560,0.4162251353263855,0.86875,-0.011562812470947393,0.500166080892086,0.47421875,-1.354375970363617,0.5938918024301529,0.0627451241016388,0.04614963680505753,0.739836910367012,-0.013438891107216477,-0.001876078636269084,0.16632988750934596,nan,0.0,nan,0.0,0
19,160,6496,0.1539772727272727,2560,0.3680386424064636,0.876171875,-0.012115397036541253,0.4971168637275696,0.473828125,-1.446568113565445,0.592261654138565,0.0627451241016388,0.04666524175554514,0.7437874704599381,-0.011562812470947393,0.00055258456559386,0.16632988750934596,nan,0.0,nan,0.0,0
19,180,6516,0.15321969696969698,2560,0.34529606699943544,0.8890625,-0.010010619071545079,0.5042907893657684,0.470703125,-1.42889846265316,0.5924058496952057,0.0627451241016388,0.04529295694082976,0.7400090217590332,-0.012115397036541253,-0.0021047779649961736,0.16632988750934596,nan,0.0,nan,0.0,0
19,200,6536,0.15246212121212122,2560,0.3352950006723404,0.89296875,-0.018453284224960953,0.4940311565995216,0.465234375,-1.4217436373233796,0.5920166194438934,0.0627451241016388,0.045322433859109876,0.7410087198019027,-0.011562812470947393,0.00689047175401356,0.16632988750934596,nan,0.0,nan,0.0,0
19,220,6556,0.15170454545454548,2560,0.3354737631976604,0.89453125,-0.011216776783112437,0.5002007946372032,0.471484375,-1.4419286489486693,0.5920854061841965,0.0627451241016388,0.04717694185674191,0.7444796741008759,-0.012115397036541253,-0.0008986202534288154,0.16632988750934596,nan,0.0,0.0,0.37083159998292103,0
19,240,6576,0.1509469696969697,2560,0.3114959508180618,0.897265625,-0.014488101203460247,0.495687372982502,0.443359375,-1.3707433938980103,0.5934025019407272,0.0627451241016388,0.046692055836319926,0.7441043138504029,-0.011562812470947393,0.002925288732512854,0.16632988750934596,nan,0.0,nan,0.0,0
19,260,6596,0.15018939393939396,2560,0.28260243833065035,0.905859375,-0.014318136509973555,0.4983717739582062,0.459765625,-1.4268863201141357,0.5934520900249481,0.0627451241016388,0.04552123099565506,0.7418515592813492,-0.012115397036541253,0.0022027394734323025,0.16632988750934596,nan,0.0,nan,0.0,0
19,280,6616,0.14943181818181817,2560,0.30595398396253587,0.898828125,-0.014589573530247434,0.5004092037677765,0.444921875,-1.4097471296787263,0.5931425988674164,0.0627451241016388,0.046265520714223386,0.7416056901216507,-0.014318136509973555,0.00027143702027387917,0.16632988750934596,nan,0.0,nan,0.0,0
19,300,6636,0.14867424242424243,2560,0.39640278443694116,0.872265625,-0.016433111065998672,0.49696516841650007,0.44921875,-1.2989976525306701,0.5931785762310028,0.0627451241016388,0.044751053862273696,0.7386918246746064,-0.014488101203460247,0.0019450098625384254,0.16632988750934596,nan,0.0,nan,0.0,0
19,320,6656,0.14791666666666667,2560,0.39990410059690473,0.866796875,-0.012314363534096628,0.5013340085744857,0.44453125,-1.2147571086883544,0.5930927455425262,0.0627451241016388,0.045902651734650135,0.7405238181352616,-0.014488101203460247,-0.0021737376693636186,0.16632988750934596,nan,0.0,0.0,0.37514950000331737,0
19,340,6676,0.14715909090909093,2560,0.3663671098649502,0.8765625,-0.012906230124644934,0.49649112969636916,0.4484375,-1.3183102667331696,0.5926229059696198,0.0627451241016388,0.047173452004790305,0.744492968916893,-0.014488101203460247,-0.0015818710788153122,0.16632988750934596,nan,0.0,nan,0.0,0
19,352,6688,0.14670454545454548,1480,0.4304289875803767,0.8628378378378379,-0.015941479349055807,0.50140348769523,0.43986486486486487,-1.248688918835408,0.5929953865102819,0.0627451241016388,0.04096590181862986,0.7314266678449269,-0.014318136509973555,0.0016233428390822514,0.16632988750934596,nan,0.0,nan,0.0,0
20,20,6708,0.14594696969696971,2560,0.4123842120170593,0.876171875,-0.0146221668808721,0.5046666607260704,0.495703125,-1.420213407278061,0.5942207515239716,0.0627451241016388,0.04230800848454237,0.7317807465791702,-0.014589573530247434,3.259335062466562e-05,0.16632988750934596,nan,0.0,nan,0.0,0
20,40,6728,0.14518939393939392,2560,0.2816170744597912,0.91328125,-0.015249834727728739,0.49695537984371185,0.472265625,-1.3950434923171997,0.5916034936904907,0.0627451241016388,0.042638221941888335,0.7307688742876053,-0.0146221668808721,0.0006276678468566388,0.16632988750934596,nan,0.0,nan,0.0,0
20,60,6748,0.1444318181818182,2560,0.32990786880254747,0.89140625,-0.015193110157269984,0.5018765911459923,0.42578125,-1.2699095010757446,0.5934553980827332,0.0627451241016388,0.04278555959463119,0.7326024413108826,-0.0146221668808721,0.0005709432763978846,0.16632988750934596,nan,0.0,0.0,0.3652531999978237,0
20,80,6768,0.1436742424242424,2560,0.30721317082643507,0.90390625,-0.016628336696885525,0.502759438753128,0.4625,-1.3908045053482057,0.5937209010124207,0.0627451241016388,0.04363711215555668,0.734633794426918,-0.015193110157269984,0.001435226539615541,0.16632988750934596,nan,0.0,nan,0.0,0
20,100,6788,0.14291666666666666,2560,0.31759760305285456,0.904296875,-0.01620902536669746,0.49871509671211245,0.437890625,-1.3664473176002503,0.5920393824577331,0.0627451241016388,0.04512753877788782,0.7380725622177124,-0.015249834727728739,0.0009591906389687203,0.16632988750934596,nan,0.0,nan,0.0,0
20,120,6808,0.1421590909090909,2560,0.3439990095794201,0.891796875,-0.015517268906114623,0.4983385890722275,0.465625,-1.3538635671138763,0.5934129327535629,0.0627451241016388,0.042270080931484696,0.7334521144628525,-0.015249834727728739,0.0002674341783858846,0.16632988750934596,nan,0.0,nan,0.0,0
20,140,6828,0.14140151515151517,2560,0.30571939423680305,0.9015625,-0.01267378217598889,0.501935851573944,0.447265625,-1.33616401553154,0.5952831417322159,0.0627451241016388,0.04421317353844643,0.7376463711261749,-0.015517268906114623,-0.0028434867301257334,0.16632988750934596,nan,0.0,nan,0.0,0
20,160,6848,0.14064393939393938,2560,0.31984833925962447,0.896875,-0.0153863521409221,0.49896826446056364,0.474609375,-1.5364645063877105,0.5922016352415085,0.0627451241016388,0.04225866440683603,0.7339025139808655,-0.015517268906114623,-0.00013091676519252395,0.16632988750934596,nan,0.0,0.0,0.3676915999967605,0
20,180,6868,0.13988636363636364,2560,0.28880437687039373,0.91328125,-0.01945522167952731,0.49695919156074525,0.4421875,-1.3339602291584014,0.5928394556045532,0.0627451241016388,0.04021362327039242,0.7282329380512238,-0.015517268906114623,0.003937952773412688,0.16632988750934596,nan,0.0,nan,0.0,0
20,200,6888,0.13912878787878788,2560,0.2881223626434803,0.901953125,-0.017215592897264285,0.5007091626524925,0.44375,-1.3990342557430266,0.5938111811876297,0.0627451241016388,0.041926907189190385,0.7307698160409928,-0.015517268906114623,0.0016983239911496622,0.16632988750934596,nan,0.0,nan,0.0,0
20,220,6908,0.13837121212121214,2560,0.38156218975782397,0.877734375,-0.016003885795362292,0.4973555400967598,0.47109375,-1.3905240654945374,0.5927699029445648,0.0627451241016388,0.0486380560323596,0.7464638382196427,-0.015517268906114623,0.00048661688924766903,0.16632988750934596,nan,0.0,nan,0.0,0
20,240,6928,0.13761363636363635,2560,0.3947492383420467,0.875390625,-0.014808828965760768,0.4998486995697021,0.449609375,-1.2556194245815278,0.5924714595079422,0.0627451241016388,0.047546930983662604,0.7457296699285507,-0.016003885795362292,-0.0011950568296015245,0.16632988750934596,nan,0.0,nan,0.0,0
20,260,6948,0.13685606060606062,2560,0.34720706641674043,0.892578125,-0.01819123651366681,0.503234626352787,0.451953125,-1.218474218249321,0.5942173212766647,0.0627451241016388,0.04591536596417427,0.7406466782093049,-0.016003885795362292,0.0021873507183045177,0.16632988750934596,nan,0.0,0.0,0.3744600999925751,0
20,280,6968,0.13609848484848483,2560,0.34162542372941973,0.89375,-0.01297766026109457,0.49790472984313966,0.476171875,-1.412132054567337,0.5916588068008423,0.0627451241016388,0.04490812886506319,0.7388097465038299,-0.017215592897264285,-0.004237932636169716,0.16632988750934596,nan,0.0,nan,0.0,0
20,300,6988,0.1353409090909091,2560,0.29831909090280534,0.907421875,-0.008754961244994775,0.5027635052800179,0.455859375,-1.4042514622211457,0.592608916759491,0.0627451241016388,0.047567353770136836,0.7448781549930572,-0.016003885795362292,-0.0072489245503675175,0.16632988750934596,nan,0.0,nan,0.0,0
20,320,7008,0.13458333333333333,2560,0.32274224534630774,0.894140625,-0.011884948587976396,0.5049497157335281,0.453515625,-1.3343119829893113,0.5923355340957641,0.0627451241016388,0.04824280347675085,0.7448091626167297,-0.014808828965760768,-0.0029238803777843717,0.16632988750934596,nan,0.0,nan,0.0,0
20,340,7028,0.1338257575757576,2560,0.40580729097127916,0.86953125,-0.015892913658171894,0.496603786945343,0.44296875,-1.2535927057266236,0.5927350580692291,0.0627451241016388,0.050229711644351485,0.7492634326219558,-0.01297766026109457,0.0029152533970773237,0.16632988750934596,nan,0.0,nan,0.0,0
20,352,7040,0.1333712121212121,1480,0.40264171442470037,0.8695945955611564,-0.014540528183853305,0.5026068228322107,0.4310810809199874,-1.1535379706202327,0.5927211059106363,0.0627451241016388,0.051486640061075624,0.749825855203577,-0.01297766026109457,0.0015628679227587348,0.16632988750934596,nan,0.0,0.0,0.3779486999846995,0
21,20,7060,0.13261363636363638,2560,0.38999851495027543,0.871875,-0.012222680705599486,0.5014832973480224,0.426953125,-1.1136436671018601,0.5933005154132843,0.0627451241016388,0.050574027746915814,0.7479669630527497,-0.01297766026109457,-0.0007549795554950833,0.16632988750934596,nan,0.0,nan,0.0,0
21,40,7080,0.1318560606060606,2560,0.3919541835784912,0.8734375,-0.013536029495298862,0.49975104331970216,0.448828125,-1.2383394151926042,0.5932243555784226,0.0627451241016388,0.0444075183942914,0.7373571395874023,-0.012222680705599486,0.001313348789699376,0.16632988750934596,nan,0.0,nan,0.0,0
21,60,7100,0.13109848484848485,2560,0.31727237850427625,0.9,-0.013672070324537345,0.4992908611893654,0.42421875,-1.1638317257165909,0.5931837916374206,0.0627451241016388,0.0479854442179203,0.7449358135461808,-0.013536029495298862,0.00013604082923848217,0.16632988750934596,nan,0.0,nan,0.0,0
21,80,7120,0.1303409090909091,2560,0.31083957478404045,0.90625,-0.011621513427235186,0.5034497767686844,0.45234375,-1.3667900919914246,0.5939140498638154,0.0627451241016388,0.051856065168976784,0.7519326776266098,-0.013672070324537345,-0.002050556897302158,0.16632988750934596,nan,0.0,nan,0.0,0
21,100,7140,0.12958333333333336,2560,0.2851003035902977,0.90625,-0.015342725883238017,0.49666520953178406,0.4484375,-1.3924298882484436,0.5933253109455109,0.0627451241016388,0.04904988706111908,0.7465076804161072,-0.013536029495298862,0.0018066963879391548,0.16632988750934596,nan,0.0,0.0,0.37109920001239516,0
21,120,7160,0.12882575757575757,2560,0.27165533825755117,0.913671875,-0.0111502224142896,0.5010691478848457,0.41796875,-1.2241217851638795,0.5930617183446885,0.0627451241016388,0.04288739543408156,0.7321164339780808,-0.013536029495298862,-0.002385807081009262,0.16632988750934596,nan,0.0,nan,0.0,0
21,140,7180,0.12806818181818183,2560,0.3542026475071907,0.88828125,-0.010739136778283864,0.5020580425858497,0.432421875,-1.2607275873422623,0.5924008876085282,0.0627451241016388,0.040786934271454814,0.7271393030881882,-0.013536029495298862,-0.002796892717014998,0.16632988750934596,nan,0.0,nan,0.0,0
21,160,7200,0.12731060606060604,2560,0.2905817270278931,0.899609375,-0.014175461838021874,0.49946367293596267,0.4625,-1.391921591758728,0.5945086300373077,0.0627451241016388,0.0412891399115324,0.7269145905971527,-0.011621513427235186,0.002553948410786688,0.16632988750934596,nan,0.0,nan,0.0,0
21,180,7220,0.1265530303030303,2560,0.3250988148152828,0.891015625,-0.009407570643816143,0.5010195553302765,0.433984375,-1.288569873571396,0.5924652338027954,0.0627451241016388,0.044606370665133,0.7352060884237289,-0.011621513427235186,-0.002213942783419043,0.16632988750934596,nan,0.0,nan,0.0,0
21,200,7240,0.12579545454545454,2560,0.35110094398260117,0.8859375,-0.015284891522605903,0.5028590053319931,0.45703125,-1.3318518817424774,0.5942046016454696,0.0627451241016388,0.04499358646571636,0.7356126546859741,-0.0111502224142896,0.004134669108316303,0.16632988750934596,nan,0.0,0.0,0.37477590001071803,0
21,220,7260,0.1250378787878788,2560,0.3094776779413223,0.89765625,-0.011228863039286807,0.49856695979833604,0.447265625,-1.381971889734268,0.5931398004293442,0.0627451241016388,0.046233133599162105,0.7383835226297378,-0.0111502224142896,7.864062499720638e-05,0.16632988750934596,nan,0.0,nan,0.0,0
21,240,7280,0.12428030303030302,2560,0.2726986467838287,0.912890625,-0.011525291728321462,0.501056683063507,0.435546875,-1.2787636250257493,0.5915344446897507,0.0627451241016388,0.04670548290014267,0.7391875475645066,-0.011228863039286807,0.00029642868903465534,0.16632988750934596,nan,0.0,nan,0.0,0
21,260,7300,0.12352272727272728,2560,0.3054963581264019,0.905859375,-0.010529134632088244,0.5030042171478272,0.447265625,-1.344591698050499,0.5931167840957642,0.0627451241016388,0.04861955475062132,0.7428876698017121,-0.011525291728321462,-0.0009961570962332186,0.16632988750934596,nan,0.0,nan,0.0,0
21,280,7320,0.12276515151515151,2560,0.3663409173488617,0.879296875,-0.011128296604147181,0.4996944576501846,0.449609375,-1.2578279376029968,0.5930315852165222,0.0627451241016388,0.049768404103815556,0.7451268196105957,-0.011228863039286807,-0.00010056643513962557,0.16632988750934596,nan,0.0,nan,0.0,0
21,300,7340,0.12200757575757577,2560,0.33783931136131284,0.890625,-0.007437287486391142,0.49963431507349015,0.437109375,-1.1856826841831207,0.5927967250347137,0.0627451241016388,0.04856224823743105,0.7434045106172562,-0.011228863039286807,-0.003791575552895665,0.16632988750934596,nan,0.0,0.0,0.3754211000050418,0
21,320,7360,0.12125,2560,0.34633014649152755,0.891015625,-0.007523547630989924,0.5030012890696526,0.444921875,-1.284440129995346,0.5935661494731903,0.0627451241016388,0.04732514172792435,0.7397902369499206,-0.011128296604147181,-0.0036047489731572575,0.16632988750934596,nan,0.0,nan,0.0,0
21,340,7380,0.12049242424242426,2560,0.33678375855088233,0.890234375,-0.010633314371807501,0.49891371130943296,0.460546875,-1.3653512984514236,0.5928235501050949,0.0627451241016388,0.04569513313472271,0.7355596095323562,-0.010529134632088244,0.00010417973971925745,0.16632988750934596,nan,0.0,nan,0.0,0
21,352,7392,0.12003787878787878,1480,0.310471367191624,0.9054054060497799,-0.011101494996330223,0.5003202557563782,0.42770270350817086,-1.225835664207871,0.5921932365443255,0.0627451241016388,0.04216641711222159,0.7270851389781848,-0.010529134632088244,0.0005723603642419795,0.16632988750934596,nan,0.0,nan,0.0,0
22,20,7412,0.11928030303030304,2560,0.3197489954531193,0.9078125,-0.01054016756825149,0.5017134457826614,0.42890625,-1.1878034591674804,0.5928730219602585,0.0627451241016388,0.04863860458135605,0.7406028479337692,-0.010633314371807501,-9.314680355601047e-05,0.16632988750934596,nan,0.0,nan,0.0,0
22,40,7432,0.11852272727272727,2560,0.31747659742832185,0.897265625,-0.005611973942723125,0.5028616786003113,0.436328125,-1.2473074078559876,0.5943557918071747,0.0627451241016388,0.05008118189871311,0.7432098388671875,-0.01054016756825149,-0.004928193625528365,0.16632988750934596,nan,0.0,0.0,0.3873998000053689,0
22,60,7452,0.11776515151515153,2560,0.40778319984674455,0.871484375,-0.004735402046935633,0.501502375304699,0.45625,-1.2368566781282424,0.5934593349695205,0.0627451241016388,0.04754424002021551,0.738518288731575,-0.01054016756825149,-0.005804765521315858,0.16632988750934596,nan,0.0,nan,0.0,0
22,80,7472,0.11700757575757575,2560,0.3399119846522808,0.890234375,-0.003860547614749521,0.49866767078638075,0.44140625,-1.2077482253313065,0.5932327508926392,0.0627451241016388,0.04426620583981276,0.7325851112604141,-0.01054016756825149,-0.00667961995350197,0.16632988750934596,nan,0.0,nan,0.0,0
22,100,7492,0.11625000000000002,2560,0.31096617206931115,0.902734375,-0.010708632518071682,0.49465142339468005,0.436328125,-1.1870027124881743,0.5923905879259109,0.0627451241016388,0.045122125186026096,0.7353081673383712,-0.005611973942723125,0.0050966585753485566,0.16632988750934596,nan,0.0,nan,0.0,0
22,120,7512,0.11549242424242423,2560,0.3514278165996075,0.8828125,-0.007127997936913743,0.49890736043453215,0.43125,-1.297166532278061,0.5930145412683487,0.0627451241016388,0.04606788195669651,0.7364903807640075,-0.005611973942723125,0.0015160239941906179,0.16632988750934596,nan,0.0,nan,0.0,0
22,140,7532,0.1147348484848485,2560,0.3390508100390434,0.8921875,-0.005296026007272303,0.49882368743419647,0.454296875,-1.2728619277477264,0.5926890254020691,0.0627451241016388,0.045680281892418864,0.7372014433145523,-0.005611973942723125,-0.0003159479354508223,0.16632988750934596,nan,0.0,0.0,0.3735062000050675,0
22,160,7552,0.11397727272727272,2560,0.36945939883589746,0.879296875,-0.0052856199035886675,0.5004284083843231,0.43515625,-1.2233573734760284,0.5933231621980667,0.0627451241016388,0.04501119144260883,0.7355857998132705,-0.005296026007272303,-1.0406103683635592e-05,0.16632988750934596,nan,0.0,nan,0.0,0
22,180,7572,0.11321969696969698,2560,0.4283318489789963,0.85390625,-0.002838457850157283,0.5020727947354316,0.441015625,-1.172028124332428,0.5926468074321747,0.0627451241016388,0.04163893908262253,0.7291612088680267,-0.005296026007272303,-0.00245756815711502,0.16632988750934596,nan,0.0,nan,0.0,0
22,200,7592,0.11246212121212121,2560,0.414045150578022,0.870703125,-0.0016790620400570333,0.5029909983277321,0.443359375,-1.1124790251255035,0.5925566494464874,0.0627451241016388,0.04080941341817379,0.7266768723726272,-0.005296026007272303,-0.0036169639672152696,0.16632988750934596,nan,0.0,nan,0.0,0
22,220,7612,0.11170454545454547,2560,0.4355444923043251,0.85703125,-0.005276608339045197,0.5002960383892059,0.419140625,-0.9937299370765686,0.5930225521326065,0.0627451241016388,0.03899821657687426,0.7232454687356948,-0.0052856199035886675,-9.01156454347074e-06,0.16632988750934596,nan,0.0,nan,0.0,0
22,240,7632,0.1109469696969697,2560,0.38080564588308335,0.878125,-0.004153699649032205,0.5010283276438713,0.42578125,-1.0792827963829041,0.5922774225473404,0.0627451241016388,0.04028179217129946,0.7227132737636566,-0.005276608339045197,-0.0011229086900129918,0.16632988750934596,nan,0.0,0.0,0.37263830000301823,0
22,260,7652,0.11018939393939396,2560,0.36567397862672807,0.88359375,-0.0020651189028285445,0.49975778460502623,0.428125,-1.2016151279211045,0.5939839839935303,0.0627451241016388,0.03943230900913477,0.7205137550830841,-0.004153699649032205,-0.0020885807462036605,0.16632988750934596,nan,0.0,nan,0.0,0
22,280,7672,0.10943181818181819,2560,0.366216816008091,0.88125,-0.003720363677712157,0.5041814327239991,0.417578125,-1.1203149676322937,0.5920912623405457,0.0627451241016388,0.04046944249421358,0.7256141602993011,-0.002838457850157283,0.0008819058275548741,0.16632988750934596,nan,0.0,nan,0.0,0
22,300,7692,0.10867424242424245,2560,0.32726761922240255,0.89140625,-0.008031872956780716,0.4996709331870079,0.406640625,-1.113611289858818,0.5920299679040909,0.0627451241016388,0.040575028583407405,0.7250372052192688,-0.003720363677712157,0.004311509279068559,0.16632988750934596,nan,0.0,nan,0.0,0
22,320,7712,0.10791666666666666,2560,0.4989378750324249,0.83828125,-0.0019658542994875463,0.49993338286876676,0.421484375,-1.0612589240074157,0.5928173273801803,0.0627451241016388,0.0406767787411809,0.7256759256124496,-0.004153699649032205,-0.0021878453495446587,0.16632988750934596,nan,0.0,nan,0.0,0
22,340,7732,0.10715909090909093,2560,0.48041994869709015,0.84296875,-0.007867330417502672,0.495269151031971,0.41875,-0.9516661822795868,0.5915338069200515,0.0627451241016388,0.04038326535373926,0.7271768838167191,-0.003720363677712157,0.004146966739790515,0.16632988750934596,nan,0.0,0.0,0.3745264000026509,0
22,352,7744,0.10670454545454544,1480,0.42636784733952704,0.8628378394487742,-0.0018966208388273781,0.5050242536776774,0.4371621618399749,-1.0186167162817878,0.5936699625608083,0.0627451241016388,0.04426269722548691,0.7322654305277644,-0.003720363677712157,-0.001823742838884779,0.16632988750934596,nan,0.0,nan,0.0,0
23,20,7764,0.1059469696969697,2560,0.35794623047113416,0.8828125,-0.003054084605537355,0.49681219905614854,0.413671875,-1.0822785794734955,0.5924631893634796,0.0627451241016388,0.045219908468425274,0.7351205945014954,-0.003720363677712157,-0.0006662790721748022,0.16632988750934596,nan,0.0,nan,0.0,0
23,40,7784,0.10518939393939393,2560,0.40766471326351167,0.86328125,-0.00020824833190999926,0.5021783351898194,0.4015625,-1.037517586350441,0.5942533046007157,0.0627451241016388,0.04413230959326029,0.7371797561645508,-0.003054084605537355,-0.0028458362736273556,0.16632988750934596,nan,0.0,nan,0.0,0
23,60,7804,0.1044318181818182,2560,0.44433033764362334,0.851171875,-0.0038614286459051073,0.49737346917390823,0.43359375,-0.9898729413747788,0.5926009029150009,0.0627451241016388,0.04219270143657923,0.733848512172699,-0.0019658542994875463,0.001895574346417561,0.16632988750934596,nan,0.0,nan,0.0,0
23,80,7824,0.10367424242424242,2560,0.348849780857563,0.888671875,0.00131667030218523,0.5029787823557854,0.395703125,-0.9651573538780213,0.59288370013237,0.0627451241016388,0.043664316087961196,0.7368398159742355,-0.003054084605537355,-0.004370754907722585,0.16632988750934596,nan,0.0,0.0,0.36931060001370497,0
23,100,7844,0.10291666666666668,2560,0.353420352935791,0.8796875,-0.0013576370605733246,0.5007639721035957,0.39140625,-1.0544299274682998,0.5928969323635102,0.0627451241016388,0.04130336921662092,0.7293765515089035,-0.0018966208388273781,-0.0005389837782540535,0.16632988750934596,nan,0.0,nan,0.0,0
23,120,7864,0.10215909090909091,2560,0.44036944061517713,0.85703125,-0.00041465543035883455,0.4998152554035187,0.406640625,-1.0361996233463286,0.59320248067379,0.0627451241016388,0.04104981850832701,0.7309574156999588,-0.0013576370605733246,-0.00094298163021449,0.16632988750934596,nan,0.0,nan,0.0,0
23,140,7884,0.10140151515151517,2560,0.41607529371976854,0.8625,-0.0001872004650067538,0.5037053644657135,0.38359375,-0.9690406173467636,0.5935021936893463,0.0627451241016388,0.04347727689892054,0.7375850260257721,-0.00041465543035883455,-0.00022745496535208075,0.16632988750934596,nan,0.0,nan,0.0,0
23,160,7904,0.1006439393939394,2560,0.42165386974811553,0.862890625,-0.0011857808131026104,0.49814455211162567,0.41328125,-1.0048022329807282,0.5934050410985947,0.0627451241016388,0.04169640801846981,0.7315632790327072,-0.00041465543035883455,0.0007711253827437758,0.16632988750934596,nan,0.0,nan,0.0,0
23,180,7924,0.09988636363636366,2560,0.3499014645814896,0.88671875,-0.00033046834287233653,0.5019341930747032,0.40859375,-1.020483747124672,0.5912398189306259,0.0627451241016388,0.04385587722063065,0.7379232048988342,-0.00041465543035883455,-8.418708748649803e-05,0.16632988750934596,nan,0.0,0.0,0.3700933999789413,0
23,200,7944,0.09912878787878787,2560,0.34270081520080564,0.887109375,-0.0035572710214182733,0.4965624615550041,0.390625,-1.0418052405118943,0.5922948360443115,0.0627451241016388,0.0441255372017622,0.7379166632890701,-0.00041465543035883455,0.003142615591059439,0.16632988750934596,nan,0.0,nan,0.0,0
23,220,7964,0.09837121212121214,2560,0.3261057175695896,0.894140625,-0.00020388970733620226,0.500034986436367,0.411328125,-1.1333122700452805,0.5932597011327744,0.0627451241016388,0.046337283402681353,0.740333205461502,-0.00041465543035883455,-0.0002107657230226323,0.16632988750934596,nan,0.0,nan,0.0,0
23,240,7984,0.09761363636363636,2560,0.3429522693157196,0.88359375,-0.00027523503813426943,0.5056031748652459,0.387109375,-1.08736093044281,0.5928020626306534,0.0627451241016388,0.042540077678859235,0.7337450563907624,-0.00033046834287233653,-5.52333047380671e-05,0.16632988750934596,nan,0.0,nan,0.0,0
23,260,8004,0.09685606060606063,2560,0.3247618585824966,0.894921875,-0.003827899356838316,0.4975737378001213,0.431640625,-1.262274044752121,0.5933038234710694,0.0627451241016388,0.04485289230942726,0.741001409292221,-0.00033046834287233653,0.0034974310139659795,0.16632988750934596,nan,0.0,nan,0.0,0
23,280,8024,0.09609848484848485,2560,0.31523186415433885,0.890234375,-0.006605306421988644,0.49762892425060273,0.393359375,-1.0829114824533463,0.5929764002561569,0.0627451241016388,0.04859155025333166,0.7477655231952667,-0.00033046834287233653,0.006274838079116307,0.16632988750934596,nan,0.0,0.0,0.3712891000031959,0
23,300,8044,0.09534090909090912,2560,0.3278763651847839,0.89296875,-0.0042029563570395116,0.4992400035262108,0.398828125,-1.1675520837306976,0.5926796138286591,0.0627451241016388,0.04507243577390909,0.7435086905956269,-0.0035572710214182733,0.0006456853356212383,0.16632988750934596,nan,0.0,nan,0.0,0
23,320,8064,0.09458333333333334,2560,0.33192559480667116,0.89296875,-0.005721888097468764,0.494830334186554,0.4140625,-1.1265863299369812,0.5921889156103134,0.0627451241016388,0.04455052074044943,0.7430302143096924,-0.003827899356838316,0.0018939887406304477,0.16632988750934596,nan,0.0,nan,0.0,0
23,340,8084,0.0938257575757576,2560,0.3620686709880829,0.88359375,-0.00016102410736493767,0.5026620373129844,0.415625,-1.1362660944461822,0.5926791101694107,0.0627451241016388,0.04553507976233959,0.7467904061079025,-0.0042029563570395116,-0.004041932249674574,0.16632988750934596,nan,0.0,nan,0.0,0
23,352,8096,0.09337121212121212,1480,0.42265914291948886,0.8601351354573225,0.0017625585248744165,0.49841904221354305,0.36959459475568823,-0.9078836180068351,0.5902086615562439,0.0627451241016388,0.04566080467523755,0.7481589133675034,-0.0042029563570395116,-0.005965514881913928,0.16632988750934596,nan,0.0,nan,0.0,0
24,20,8116,0.09261363636363638,2560,0.33719187751412394,0.889453125,-0.003398623736575246,0.5010826244950295,0.415234375,-1.067577376961708,0.5928212732076645,0.0627451241016388,0.04245385024696589,0.7340820997953414,-0.0042029563570395116,-0.0008043326204642655,0.16632988750934596,nan,0.0,0.0,0.3631617999926675,0
24,40,8136,0.09185606060606061,2560,0.2963420063257217,0.9109375,-0.00520112260710448,0.4978485330939293,0.421875,-1.165573564171791,0.5916734308004379,0.0627451241016388,0.04438720364123583,0.7401492536067963,-0.003398623736575246,0.0018024988705292342,0.16632988750934596,nan,0.0,nan,0.0,0
24,60,8156,0.09109848484848487,2560,0.3157116942107677,0.899609375,-0.0013055435323622079,0.5007178068161011,0.401171875,-1.1092539042234422,0.5923338800668716,0.0627451241016388,0.04162252303212881,0.7330768525600433,-0.003398623736575246,-0.002093080204213038,0.16632988750934596,nan,0.0,nan,0.0,0
24,80,8176,0.09034090909090908,2560,0.340613454580307,0.892578125,-0.003967663092771545,0.501224909722805,0.371875,-0.9972260862588882,0.5918364316225052,0.0627451241016388,0.04334960225969553,0.7409359127283096,-0.0013055435323622079,0.0026621195604093375,0.16632988750934596,nan,0.0,nan,0.0,0
24,100,8196,0.08958333333333335,2560,0.30456085652112963,0.90859375,-0.0035216880729421972,0.4995079204440117,0.37734375,-1.083563369512558,0.5914853602647782,0.0627451241016388,0.048064256086945534,0.7496012210845947,-0.003398623736575246,0.0001230643363669512,0.16632988750934596,nan,0.0,nan,0.0,0
24,120,8216,0.08882575757575757,2560,0.3039299823343754,0.90390625,-0.00403566452441737,0.5021806269884109,0.392578125,-1.1191397964954377,0.5927140712738037,0.0627451241016388,0.04597434755414724,0.7448161214590072,-0.0035216880729421972,0.000513976451475173,0.16632988750934596,nan,0.0,0.0,0.3704661999945529,0
24,140,8236,0.08806818181818184,2560,0.2888303577899933,0.90625,-0.0034948111802805214,0.4966691449284554,0.377734375,-1.0265013128519058,0.5933841943740845,0.0627451241016388,0.04781943131238222,0.7446726441383362,-0.003967663092771545,-0.000472851912491024,0.16632988750934596,nan,0.0,nan,0.0,0
24,160,8256,0.08731060606060606,2560,0.2975521571934223,0.905078125,-0.001509231358068064,0.5018426477909088,0.390625,-1.144459742307663,0.5926573604345322,0.0627451241016388,0.04536339771002531,0.7430262923240661,-0.0035216880729421972,-0.002012456714874133,0.16632988750934596,nan,0.0,nan,0.0,0
24,180,8276,0.08655303030303033,2560,0.3248847253620625,0.898046875,-0.003840677038533613,0.4997614711523056,0.391015625,-1.072907343506813,0.5918402642011642,0.0627451241016388,0.045650824531912805,0.7449087977409363,-0.0035216880729421972,0.00031898896559141594,0.16632988750934596,nan,0.0,nan,0.0,0
24,200,8296,0.08579545454545455,2560,0.3294782593846321,0.896875,-0.0010111632436746731,0.4981435269117355,0.395703125,-1.0949580430984498,0.592266994714737,0.0627451241016388,0.04577925708144903,0.7453850150108338,-0.0035216880729421972,-0.002510524829267524,0.16632988750934596,nan,0.0,nan,0.0,0
24,220,8316,0.08503787878787882,2560,0.31522789746522906,0.896875,-0.0006784431170672178,0.5003475323319435,0.375,-0.9808402121067047,0.5928533136844635,0.0627451241016388,0.046720323339104655,0.7471352070569992,-0.0034948111802805214,-0.0028163680632133036,0.16632988750934596,nan,0.0,0.0,0.3737192000262439,0
24,240,8336,0.08428030303030304,2560,0.3150655247271061,0.89921875,-0.003003094386076555,0.4994876965880394,0.415625,-1.1447324484586716,0.5943112879991531,0.0627451241016388,0.047538402304053304,0.7460650086402894,-0.001509231358068064,0.001493863028008491,0.16632988750934596,nan,0.0,nan,0.0,0
24,260,8356,0.0835227272727273,2560,0.309575954079628,0.903125,-0.0033039825269952417,0.4977794781327248,0.399609375,-1.0800171405076981,0.5934847712516784,0.0627451241016388,0.045601412653923035,0.7442704170942307,-0.001509231358068064,0.0017947511689271778,0.16632988750934596,nan,0.0,nan,0.0,0
24,280,8376,0.08276515151515151,2560,0.3153782643377781,0.903125,-0.001087583793560043,0.5004521802067756,0.38359375,-0.9945815086364747,0.5916992425918579,0.0627451241016388,0.0488589059561491,0.7499342352151871,-0.003003094386076555,-0.0019155105925165118,0.16632988750934596,nan,0.0,nan,0.0,0
24,300,8396,0.08200757575757578,2560,0.2910851903259754,0.902734375,-0.002095244568772614,0.5018324673175811,0.41484375,-1.1528572022914887,0.5926965326070786,0.0627451241016388,0.04903321899473667,0.7526076823472977,-0.001087583793560043,0.001007660775212571,0.16632988750934596,nan,0.0,nan,0.0,0
24,320,8416,0.08125,2560,0.29251028001308443,0.905078125,-0.0024016826413571835,0.5007312893867493,0.394921875,-1.132760539650917,0.5925417751073837,0.0627451241016388,0.04411337338387966,0.74157774746418,-0.002095244568772614,0.00030643807258456945,0.16632988750934596,nan,0.0,0.0,0.3736462999950163,0
24,340,8436,0.08049242424242423,2560,0.23795465268194677,0.92109375,-0.007218501518946141,0.4949165523052216,0.38984375,-1.1669641494750977,0.5916041195392608,0.0627451241016388,0.03930499441921711,0.7340188920497894,-0.0024016826413571835,0.004816818877588957,0.16632988750934596,nan,0.0,nan,0.0,0
24,352,8448,0.08003787878787878,1480,0.3370623417802759,0.8804054063719672,-0.0009434986255458883,0.49432473392099946,0.40878378378378377,-1.2153820959297386,0.5919352344564489,0.0627451241016388,0.04044461616793194,0.739321198334565,-0.0024016826413571835,-0.0014581840158112954,0.16632988750934596,nan,0.0,nan,0.0,0
25,20,8468,0.07928030303030305,2560,0.2659309409558773,0.91640625,0.0023160443350207062,0.5054027736186981,0.419921875,-1.1982435882091522,0.5923885583877564,0.0627451241016388,0.04562435243278742,0.740975308418274,-0.002095244568772614,-0.004411288903793321,0.16632988750934596,nan,0.0,nan,0.0,0
25,40,8488,0.07852272727272727,2560,0.33792465031147,0.887890625,0.0008375458768568933,0.5010098904371262,0.405078125,-1.1381591528654098,0.5917045801877976,0.0627451241016388,0.047722425870597364,0.7485156059265137,-0.002095244568772614,-0.0029327904456295075,0.16632988750934596,nan,0.0,nan,0.0,0
25,60,8508,0.07776515151515154,2560,0.30734778717160227,0.898828125,-0.002598177472827956,0.4986508831381798,0.378515625,-1.0436712712049485,0.5919178187847137,0.0627451241016388,0.04400972872972488,0.7432133764028549,-0.0009434986255458883,0.001654678847282068,0.16632988750934596,nan,0.0,0.0,0.3640758999972604,0
25,80,8528,0.07700757575757576,2560,0.3358158193528652,0.8875,-2.4749751901254058e-05,0.49668796807527543,0.398828125,-1.0102960586547851,0.5915972560644149,0.0627451241016388,0.03921149522066116,0.7329004436731339,-0.0009434986255458883,-0.0009187488736446342,0.16632988750934596,nan,0.0,nan,0.0,0
25,100,8548,0.07625000000000003,2560,0.2779498718678951,0.91484375,0.004056422464782372,0.5090060114860535,0.39140625,-1.085668906569481,0.5933335810899735,0.0627451241016388,0.0431744335219264,0.7379212081432343,-2.4749751901254058e-05,-0.004081172216683626,0.16632988750934596,nan,0.0,nan,0.0,0
25,120,8568,0.07549242424242425,2560,0.2935175053775311,0.908984375,-0.00034848563955165447,0.498813259601593,0.34921875,-0.959331950545311,0.5917005121707917,0.0627451241016388,0.04370433557778597,0.7396974116563797,0.0008375458768568933,0.0011860315164085478,0.16632988750934596,nan,0.0,nan,0.0,0
25,140,8588,0.0747348484848485,2560,0.3151546850800514,0.895703125,-0.0040408379398286344,0.4971215710043907,0.353515625,-0.9484299838542938,0.5921830743551254,0.0627451241016388,0.044490822032094,0.736512440443039,-2.4749751901254058e-05,0.00401608818792738,0.16632988750934596,nan,0.0,nan,0.0,0
25,160,8608,0.07397727272727272,2560,0.3273103803396225,0.899609375,0.004519358777906745,0.5040544003248215,0.3703125,-0.9870873332023621,0.5906601101160049,0.0627451241016388,0.04372797477990389,0.7395244002342224,-0.00034848563955165447,-0.0048678444174584,0.16632988750934596,nan,0.0,0.0,0.37163540002075024,0
25,180,8628,0.07321969696969699,2560,0.2932348743081093,0.903125,-0.0009174673003144562,0.4970731198787689,0.3703125,-0.9750126332044602,0.5909857630729676,0.0627451241016388,0.04277222584933042,0.73823282122612,-2.4749751901254058e-05,0.0008927175484132021,0.16632988750934596,nan,0.0,nan,0.0,0
25,200,8648,0.07246212121212121,2560,0.26928285509347916,0.91328125,-1.0033650323748588e-05,0.5005331799387932,0.3828125,-1.0478057265281677,0.5934250086545945,0.0627451241016388,0.04114664401859045,0.733014139533043,-0.00034848563955165447,-0.0003384519892279059,0.16632988750934596,nan,0.0,nan,0.0,0
25,220,8668,0.07170454545454548,2560,0.22510408163070678,0.930859375,0.010122843249700964,0.5109347268939018,0.355859375,-1.0661871910095215,0.5932031214237213,0.0627451241016388,0.043115605041384696,0.7341534554958343,-0.00034848563955165447,-0.010471328889252618,0.16632988750934596,nan,0.0,nan,0.0,0
25,240,8688,0.0709469696969697,2560,0.280219292640686,0.9109375,-0.006007662738556974,0.4943757489323616,0.3828125,-1.134420183300972,0.5923103541135788,0.0627451241016388,0.041600526124238965,0.7345610529184341,-1.0033650323748588e-05,0.005997629088233225,0.16632988750934596,nan,0.0,nan,0.0,0
25,260,8708,0.07018939393939393,2560,0.3037634380161762,0.901953125,-0.004914231563452632,0.49822274446487425,0.398046875,-1.1153234511613845,0.5922602534294128,0.0627451241016388,0.042093067243695256,0.7383219391107559,-1.0033650323748588e-05,0.004904197913128883,0.16632988750934596,nan,0.0,0.0,0.3705977000063285,0
25,280,8728,0.06943181818181819,2560,0.2578702226281166,0.919140625,-0.0037274497735779732,0.49939004331827164,0.413671875,-1.1776093751192094,0.5935130089521408,0.0627451241016388,0.04288164898753166,0.7373770236968994,-0.0009174673003144562,0.002809982473263517,0.16632988750934596,nan,0.0,nan,0.0,0
25,300,8748,0.0686742424242424,2560,0.25945966616272925,0.921875,-0.006840786302927881,0.5006111249327659,0.3734375,-1.081110143661499,0.5920721918344498,0.0627451241016388,0.042230984568595885,0.7347707718610763,-0.0037274497735779732,0.003113336529349908,0.16632988750934596,nan,0.0,nan,0.0,0
25,320,8768,0.06791666666666667,2560,0.29710267707705496,0.903515625,0.0006366722693201155,0.5014634639024734,0.35390625,-0.9432369887828826,0.5903897821903229,0.0627451241016388,0.04239825550466776,0.7408717900514603,-0.004914231563452632,-0.005550903832772747,0.16632988750934596,nan,0.0,nan,0.0,0
25,340,8788,0.06715909090909089,2560,0.2951715849339962,0.905078125,-0.0016302955569699406,0.4988573849201202,0.371484375,-1.0132860630750655,0.5921647638082504,0.0627451241016388,0.04220437314361334,0.7397238165140152,-0.004914231563452632,-0.003283936006482691,0.16632988750934596,nan,0.0,nan,0.0,0
25,352,8800,0.06670454545454545,1480,0.2702581692386318,0.9094594584928977,-0.0005940379977628992,0.4987346644337113,0.35067567551458206,-0.9310429589168445,0.5912501064506737,0.0627451241016388,0.04625903329736478,0.7493412936055982,-0.0037274497735779732,-0.003133411775815074,0.16632988750934596,nan,0.0,0.0,0.3785624000011012,0
26,20,8820,0.06594696969696971,2560,0.2598662167787552,0.9125,-0.00180718582123518,0.5028741374611855,0.370703125,-1.0052443087100982,0.5929802149534226,0.0627451241016388,0.04282814897596836,0.7400763243436813,-0.0016302955569699406,0.00017689026426523933,0.16632988750934596,nan,0.0,nan,0.0,0
26,40,8840,0.06518939393939394,2560,0.2804765418171883,0.912890625,-0.0032773673825431614,0.4975753888487816,0.34453125,-0.9083940416574479,0.5909568995237351,0.0627451241016388,0.0432832483202219,0.7452761143445968,-0.0016302955569699406,0.0016470718255732208,0.16632988750934596,nan,0.0,nan,0.0,0
26,60,8860,0.0644318181818182,2560,0.26573347970843314,0.915234375,-0.003770850534783676,0.4967717587947845,0.348046875,-0.9045808374881744,0.5917900294065476,0.0627451241016388,0.042291431315243246,0.7397629678249359,-0.0016302955569699406,0.0021405549778137356,0.16632988750934596,nan,0.0,nan,0.0,0
26,80,8880,0.06367424242424242,2560,0.3187453724443913,0.897265625,0.0010561918781604618,0.5025417476892471,0.368359375,-0.9273819297552108,0.5936321496963501,0.0627451241016388,0.04449616800993681,0.7436369776725769,-0.00180718582123518,-0.0028633776993956415,0.16632988750934596,nan,0.0,nan,0.0,0
26,100,8900,0.06291666666666669,2560,0.30577791705727575,0.893359375,-0.0004749685773276724,0.5021703243255615,0.359765625,-0.9311941057443619,0.5936069667339325,0.0627451241016388,0.04322503488510847,0.7454168647527695,-0.00180718582123518,-0.0013322172439075076,0.16632988750934596,nan,0.0,0.0,0.3716542999900412,0
26,120,8920,0.062159090909090914,2560,0.2672184742987156,0.9078125,0.002693743584677577,0.4991658702492714,0.33984375,-0.8830552935600281,0.5936231225728988,0.0627451241016388,0.04355620443820953,0.7444715142250061,-0.00180718582123518,-0.004500929405912757,0.16632988750934596,nan,0.0,nan,0.0,0
26,140,8940,0.06140151515151518,2560,0.2693122819066048,0.916015625,-0.0004894108307780698,0.502073934674263,0.35546875,-0.927778372168541,0.5941154688596726,0.0627451241016388,0.04674723371863365,0.7438497096300125,-0.0004749685773276724,1.4442253450397424e-05,0.16632988750934596,nan,0.0,nan,0.0,0
26,160,8960,0.060643939393939396,2560,0.2950350075960159,0.903125,0.00042327442788518964,0.49739927500486375,0.374609375,-1.06335509121418,0.5922046840190888,0.0627451241016388,0.048618707619607446,0.7444808959960938,-0.0004749685773276724,-0.000898243005212862,0.16632988750934596,nan,0.0,nan,0.0,0
26,180,8980,0.05988636363636362,2560,0.2696913845837116,0.903125,0.0021877526422031226,0.4996635615825653,0.40078125,-1.053645321726799,0.593851363658905,0.0627451241016388,0.05176190491765738,0.7481166601181031,0.00042327442788518964,-0.0017644782143179329,0.16632988750934596,nan,0.0,nan,0.0,0
26,200,9000,0.059128787878787885,2560,0.2321411520242691,0.924609375,-0.00046468839282169937,0.4978823482990265,0.3359375,-0.9137957692146301,0.5926142573356629,0.0627451241016388,0.055378654040396214,0.7553119152784348,0.00042327442788518964,0.000887962820706889,0.16632988750934596,nan,0.0,0.0,0.3724110000184737,0
26,220,9020,0.0583712121212121,2560,0.2765408977866173,0.909375,0.003218631644267589,0.5026531353592872,0.359375,-1.0160859733819962,0.5938597559928894,0.0627451241016388,0.05431074872612953,0.7563858419656754,0.00042327442788518964,-0.0027953572163823995,0.16632988750934596,nan,0.0,nan,0.0,0
26,240,9040,0.05761363636363637,2560,0.2609696127474308,0.915234375,-0.002032459923066199,0.4976895749568939,0.359765625,-0.9483111441135407,0.5932932764291763,0.0627451241016388,0.054891916923224926,0.758216404914856,0.00042327442788518964,0.0024557343509513884,0.16632988750934596,nan,0.0,nan,0.0,0
26,260,9060,0.05685606060606059,2560,0.26478528752923014,0.9171875,-0.0015173566120211036,0.499471677839756,0.359765625,-0.990629467368126,0.5921388179063797,0.0627451241016388,0.054628632962703705,0.7596339911222458,0.00042327442788518964,0.0019406310399062933,0.16632988750934596,nan,0.0,nan,0.0,0
26,280,9080,0.056098484848484856,2560,0.24172166213393212,0.922265625,0.001834800782671664,0.5002411052584648,0.346484375,-0.9361932381987572,0.5929550409317017,0.0627451241016388,0.05598428137600422,0.75997014939785,-0.00046468839282169937,-0.0022994891754933634,0.16632988750934596,nan,0.0,nan,0.0,0
26,300,9100,0.05534090909090908,2560,0.22948258444666864,0.9265625,0.005162936350097879,0.5037498593330383,0.33515625,-0.9435790836811065,0.5932569056749344,0.0627451241016388,0.05431999582797289,0.7577372193336487,-0.00046468839282169937,-0.005627624742919579,0.16632988750934596,nan,0.0,0.0,0.3721396999899298,0
26,320,9120,0.054583333333333345,2560,0.2173598412424326,0.930078125,-0.00037704178830608723,0.4958961620926857,0.34375,-0.9593964964151382,0.59394571185112,0.0627451241016388,0.0569766053929925,0.7605262964963913,0.001834800782671664,0.002211842570977751,0.16632988750934596,nan,0.0,nan,0.0,0
26,340,9140,0.05382575757575756,2560,0.259207122027874,0.91640625,0.0002616615267470479,0.5005881160497665,0.360546875,-0.9940878033638001,0.5925694972276687,0.0627451241016388,0.055806088633835314,0.7607158064842224,-0.00037704178830608723,-0.0006387033150531351,0.16632988750934596,nan,0.0,nan,0.0,0
26,352,9152,0.053371212121212125,1480,0.24606418819040865,0.916216217182778,0.0011066970339900738,0.5002360150620744,0.310810811616279,-0.8629809965958466,0.5939229001870027,0.0627451241016388,0.05682414117697123,0.7592245991165574,0.0002616615267470479,-0.0008450355072430259,0.16632988750934596,nan,0.0,nan,0.0,0
27,20,9172,0.05261363636363639,2560,0.22537675201892854,0.92578125,-0.0009749327786266804,0.5004620999097824,0.33125,-0.9294024556875229,0.5940413326025009,0.0627451241016388,0.05507048461586237,0.7557913362979889,0.0011066970339900738,0.002081629812616754,0.16632988750934596,nan,0.0,nan,0.0,0
27,40,9192,0.05185606060606061,2560,0.254968186467886,0.91953125,-0.0011659962037811056,0.5043472439050675,0.339453125,-0.9168714821338654,0.5923123925924301,0.0627451241016388,0.05655812695622444,0.7608602464199066,0.0002616615267470479,0.0014276577305281535,0.16632988750934596,nan,0.0,0.0,0.3821416999853682,0
27,60,9212,0.05109848484848483,2560,0.2422205165028572,0.9203125,0.003324345767032355,0.50186438113451,0.3375,-0.9417992413043976,0.5943214625120163,0.0627451241016388,0.05608743783086538,0.7589888662099838,-0.00037704178830608723,-0.0037013875553384423,0.16632988750934596,nan,0.0,nan,0.0,0
27,80,9232,0.050340909090909096,2560,0.23378340676426887,0.919140625,-0.0017067275883164256,0.49899738281965256,0.33984375,-0.9247985154390335,0.5936964869499206,0.0627451241016388,0.054438482783734796,0.7554944932460785,0.0002616615267470479,0.0019683891150634736,0.16632988750934596,nan,0.0,nan,0.0,0
27,100,9252,0.04958333333333331,2560,0.25078928731381894,0.9125,-0.0016114354773890227,0.49823062866926193,0.333984375,-0.9395159095525741,0.5927576929330826,0.0627451241016388,0.05498948507010937,0.7596407175064087,-0.0009749327786266804,0.0006365026987623423,0.16632988750934596,nan,0.0,nan,0.0,0
27,120,9272,0.04882575757575758,2560,0.2784438468515873,0.912109375,0.0019799163565039635,0.5020445704460144,0.331640625,-0.8896339714527131,0.5922106593847275,0.0627451241016388,0.05596507955342531,0.7635337948799134,-0.0011659962037811056,-0.003145912560285069,0.16632988750934596,nan,0.0,nan,0.0,0
27,140,9292,0.0480681818181818,2560,0.2710650682449341,0.914453125,0.002895817294484004,0.4991049513220787,0.34453125,-0.9185638099908828,0.593868401646614,0.0627451241016388,0.05537698920816183,0.760215449333191,-0.0011659962037811056,-0.00406181349826511,0.16632988750934596,nan,0.0,0.0,0.3694866999867372,0
27,160,9312,0.04731060606060607,2560,0.2575106918811798,0.912890625,0.001440091384574771,0.49826775789260863,0.356640625,-0.950750133395195,0.5937818080186844,0.0627451241016388,0.056885397620499135,0.7612915188074112,0.0019799163565039635,0.0005398249719291925,0.16632988750934596,nan,0.0,nan,0.0,0
27,180,9332,0.04655303030303029,2560,0.22195304408669472,0.930859375,0.007055843394482508,0.5027719005942345,0.323046875,-0.8559551388025284,0.5944884151220322,0.0627451241016388,0.054334957338869574,0.7562029719352722,0.001440091384574771,-0.005615752009907738,0.16632988750934596,nan,0.0,nan,0.0,0
27,200,9352,0.045795454545454556,2560,0.23179010823369026,0.926171875,0.003182518237736076,0.5022503033280372,0.327734375,-0.9154044568538666,0.5936386317014695,0.0627451241016388,0.05212470162659884,0.7548378974199295,0.0019799163565039635,-0.0012026018812321126,0.16632988750934596,nan,0.0,nan,0.0,0
27,220,9372,0.04503787878787877,2560,0.25519758462905884,0.921484375,0.002150368306320161,0.49812737554311753,0.326171875,-0.8550239354372025,0.5923272699117661,0.0627451241016388,0.05221750847995281,0.7556681573390961,0.002895817294484004,0.0007454489881638434,0.16632988750934596,nan,0.0,nan,0.0,0
27,240,9392,0.04428030303030304,2560,0.27344522550702094,0.91640625,0.008364807374891824,0.5009208813309669,0.3265625,-0.8853776305913925,0.5926241725683212,0.0627451241016388,0.05159502327442169,0.7529982715845108,0.002895817294484004,-0.00546899008040782,0.16632988750934596,nan,0.0,0.0,0.37226199998985976,0
27,260,9412,0.04352272727272726,2560,0.22035628259181977,0.93203125,-0.001783719501690939,0.4984312877058983,0.304296875,-0.8038174688816071,0.5935234278440475,0.0627451241016388,0.05121491942554712,0.7540976405143738,0.003182518237736076,0.004966237739427015,0.16632988750934596,nan,0.0,nan,0.0,0
27,280,9432,0.04276515151515153,2560,0.26533694863319396,0.912890625,0.01017699046060443,0.5053533062338829,0.327734375,-0.8690358489751816,0.5925027430057526,0.0627451241016388,0.049819749779999256,0.7505144506692887,0.003182518237736076,-0.006994472222868354,0.16632988750934596,nan,0.0,nan,0.0,0
27,300,9452,0.042007575757575744,2560,0.2839711308479309,0.901953125,0.003050548248575069,0.4996331721544266,0.3328125,-0.8278297305107116,0.5923661768436432,0.0627451241016388,0.047686178050935266,0.748952054977417,0.003182518237736076,0.00013196998916100702,0.16632988750934596,nan,0.0,nan,0.0,0
27,320,9472,0.04125000000000001,2560,0.2532414890825748,0.92578125,0.0021270351426210254,0.49578477144241334,0.310546875,-0.820138530433178,0.5918196499347687,0.0627451241016388,0.05052954033017158,0.753038090467453,0.003050548248575069,0.0009235131059540437,0.16632988750934596,nan,0.0,nan,0.0,0
27,340,9492,0.04049242424242423,2560,0.2718574143946171,0.912890625,0.005341342557221651,0.5048473477363586,0.326953125,-0.8795537352561951,0.5932026088237763,0.0627451241016388,0.05299429390579462,0.7552493423223495,0.003050548248575069,-0.0022907943086465823,0.16632988750934596,nan,0.0,0.0,0.3724311999976635,0
27,352,9504,0.04003787878787879,1480,0.28292069837853717,0.9081081084302953,0.008973167967554685,0.501622998714447,0.3243243248076052,-0.815658204619949,0.5931612188751633,0.0627451241016388,0.052647558559437056,0.7570872119955114,0.003050548248575069,-0.005922619718979616,0.16632988750934596,nan,0.0,nan,0.0,0
28,20,9524,0.03928030303030301,2560,0.21856583952903746,0.927734375,0.001279425882967189,0.4963969051837921,0.294921875,-0.7884607702493668,0.5943336755037307,0.0627451241016388,0.05437313802540302,0.7555257111787796,0.005341342557221651,0.004061916674254463,0.16632988750934596,nan,0.0,nan,0.0,0
28,40,9544,0.03852272727272728,2560,0.24070994928479195,0.92265625,0.0035633715044241397,0.49798864871263504,0.323828125,-0.8333623498678208,0.59367855489254,0.0627451241016388,0.05409252941608429,0.7550408184528351,0.003050548248575069,-0.0005128232558490706,0.16632988750934596,nan,0.0,nan,0.0,0
28,60,9564,0.0377651515151515,2560,0.22740830890834332,0.922265625,0.006469876115443185,0.5005273371934891,0.29375,-0.7481421530246735,0.5928805261850357,0.0627451241016388,0.053602692857384684,0.752521562576294,0.0035633715044241397,-0.002906504611019045,0.16632988750934596,nan,0.0,nan,0.0,0
28,80,9584,0.03700757575757576,2560,0.21760372519493104,0.934375,0.004492049536202103,0.49986853301525114,0.301953125,-0.8622055113315582,0.5934854000806808,0.0627451241016388,0.05598136130720377,0.7553393125534058,0.005341342557221651,0.0008492930210195482,0.16632988750934596,nan,0.0,0.0,0.3721213000244461,0
28,100,9604,0.036249999999999984,2560,0.19585336074233056,0.93359375,0.008775913290446625,0.5066347986459732,0.29765625,-0.8286502599716187,0.5924724757671356,0.0627451241016388,0.0555252080783248,0.7538012474775314,0.004492049536202103,-0.004283863754244522,0.16632988750934596,nan,0.0,nan,0.0,0
28,120,9624,0.03549242424242425,2560,0.24972350820899009,0.915234375,0.005808095424436032,0.4955232083797455,0.3296875,-0.8722142696380615,0.5932628840208054,0.0627451241016388,0.056868202053010464,0.7587650805711746,0.004492049536202103,-0.0013160458882339292,0.16632988750934596,nan,0.0,nan,0.0,0
28,140,9644,0.03473484848484847,2560,0.21579288691282272,0.928515625,0.007740350684616715,0.5075116634368897,0.31484375,-0.8225087627768517,0.5934359431266785,0.0627451241016388,0.05405669510364532,0.7542500346899033,0.005808095424436032,-0.0019322552601806825,0.16632988750934596,nan,0.0,nan,0.0,0
28,160,9664,0.03397727272727274,2560,0.16990091949701308,0.946484375,0.0029712130519328637,0.49790638238191604,0.292578125,-0.8392761170864105,0.5930345118045807,0.0627451241016388,0.05518665201961994,0.7547948777675628,0.006469876115443185,0.003498663063510321,0.16632988750934596,nan,0.0,nan,0.0,0
28,180,9684,0.033219696969696955,2560,0.18511485643684863,0.941015625,-0.001710617437493056,0.4962947994470596,0.31640625,-0.9341323256492615,0.5935341000556946,0.0627451241016388,0.05606115907430649,0.7552232086658478,0.005808095424436032,0.007518712861929088,0.16632988750934596,nan,0.0,0.0,0.3694153999967966,0
28,200,9704,0.03246212121212122,2560,0.17761139050126076,0.941015625,0.0018645534088136627,0.49912377893924714,0.307421875,-0.8766424119472503,0.5934299647808075,0.0627451241016388,0.055921036191284655,0.7571031957864761,0.005808095424436032,0.003943542015622369,0.16632988750934596,nan,0.0,nan,0.0,0
28,220,9724,0.031704545454545444,2560,0.17782408706843852,0.94296875,0.007196906948229298,0.5014873698353768,0.2984375,-0.8534254610538483,0.5926494747400284,0.0627451241016388,0.05741228461265564,0.7579344093799592,0.0029712130519328637,-0.004225693896296435,0.16632988750934596,nan,0.0,nan,0.0,0
28,240,9744,0.03094696969696971,2560,0.20183938518166541,0.934375,0.004394960653735324,0.5035329326987267,0.324609375,-0.9731647968292236,0.5934013575315475,0.0627451241016388,0.056670277006924154,0.7561441540718079,0.0029712130519328637,-0.0014237476018024607,0.16632988750934596,nan,0.0,nan,0.0,0
28,260,9764,0.03018939393939393,2560,0.1887964941561222,0.93671875,0.004079904744867235,0.5009313091635704,0.30234375,-0.8523840576410293,0.5926304072141647,0.0627451241016388,0.056475825048983096,0.7568996518850326,0.0029712130519328637,-0.0011086916929343715,0.16632988750934596,nan,0.0,nan,0.0,0
28,280,9784,0.029431818181818194,2560,0.21208538189530374,0.93515625,0.005378761375322938,0.5010423168540001,0.323046875,-0.9253221988677979,0.5931193172931671,0.0627451241016388,0.05652884934097528,0.7568584859371186,0.004079904744867235,-0.0012988566304557025,0.16632988750934596,nan,0.0,0.0,0.37317030000849627,0
28,300,9804,0.028674242424242415,2560,0.2236501581966877,0.921875,0.002798175171483308,0.5004746899008751,0.29921875,-0.8103206783533097,0.5942268520593643,0.0627451241016388,0.055952518805861474,0.7598068028688431,0.004394960653735324,0.0015967854822520164,0.16632988750934596,nan,0.0,nan,0.0,0
28,320,9824,0.02791666666666668,2560,0.20644476301968098,0.933203125,0.007133224268909544,0.5038415431976319,0.287890625,-0.7764014184474946,0.5943269282579422,0.0627451241016388,0.05301640816032886,0.7544183760881424,0.004394960653735324,-0.002738263615174219,0.16632988750934596,nan,0.0,nan,0.0,0
28,340,9844,0.0271590909090909,2560,0.20506615452468396,0.931640625,0.0044669399387203155,0.4983894467353821,0.308984375,-0.8062840729951859,0.5935282588005066,0.0627451241016388,0.052248950488865374,0.7512217700481415,0.004394960653735324,-7.197928498499113e-05,0.16632988750934596,nan,0.0,nan,0.0,0
28,352,9856,0.02670454545454546,1480,0.1843922524033366,0.9459459475568823,0.010157051881322184,0.5032002418427854,0.2979729726507857,-0.8991946091523042,0.5920568711048848,0.0627451241016388,0.052463232101620856,0.7514252269590224,0.0044669399387203155,-0.005690111942601868,0.16632988750934596,nan,0.0,nan,0.0,0
29,20,9876,0.02594696969696968,2560,0.17148602120578288,0.951171875,0.003932937374338507,0.49875413328409196,0.27421875,-0.7482536554336547,0.5927084803581237,0.0627451241016388,0.05312091577798128,0.7514818251132965,0.005378761375322938,0.0014458240009844305,0.16632988750934596,nan,0.0,0.0,0.36973870001384057,0
29,40,9896,0.025189393939393945,2560,0.18034540191292764,0.946484375,0.0059766128630144525,0.5053595378994942,0.28515625,-0.7994336009025573,0.5936597347259521,0.0627451241016388,0.054654305800795555,0.7539058804512024,0.0044669399387203155,-0.001509672924294137,0.16632988750934596,nan,0.0,nan,0.0,0
29,60,9916,0.024431818181818166,2560,0.19060433842241764,0.935546875,0.005935111732105725,0.5003641873598099,0.309375,-0.8454667806625367,0.5927070766687393,0.0627451241016388,0.053203594870865345,0.7523653507232666,0.0059766128630144525,4.1501130908727646e-05,0.16632988750934596,nan,0.0,nan,0.0,0
29,80,9936,0.02367424242424243,2560,0.16614723205566406,0.943359375,0.00451938112382777,0.49815471917390824,0.2890625,-0.8496293663978577,0.5932350426912307,0.0627451241016388,0.053437240235507485,0.7546615958213806,0.005935111732105725,0.0014157306082779545,0.16632988750934596,nan,0.0,nan,0.0,0
29,100,9956,0.022916666666666655,2560,0.1698398269712925,0.94296875,0.002706986531848088,0.49806290715932844,0.283984375,-0.8094695508480072,0.5937613368034362,0.0627451241016388,0.05501115396618843,0.7558576315641403,0.005935111732105725,0.003228125200257637,0.16632988750934596,nan,0.0,nan,0.0,0
29,120,9976,0.02215909090909092,2560,0.157216352596879,0.95078125,0.0003117842716164887,0.4975059673190117,0.298828125,-0.858651927113533,0.5931117027997971,0.0627451241016388,0.054956760816276075,0.7537152647972107,0.00451938112382777,0.004207596852211282,0.16632988750934596,nan,0.0,0.0,0.3775231000036001,0
29,140,9996,0.02140151515151514,2560,0.17391181439161302,0.950390625,0.007129452162189409,0.5018979504704475,0.295703125,-0.8498740434646607,0.5946237117052078,0.0627451241016388,0.055004896596074104,0.7525512933731079,0.00451938112382777,-0.002610071038361639,0.16632988750934596,nan,0.0,nan,0.0,0
29,160,10016,0.020643939393939405,2560,0.17564781829714776,0.944921875,-0.000260855772648938,0.4946151882410049,0.28125,-0.8170877829194069,0.59227614402771,0.0627451241016388,0.05452664606273174,0.7502701938152313,0.00451938112382777,0.004780236896476708,0.16632988750934596,nan,0.0,nan,0.0,0
29,180,10036,0.019886363636363626,2560,0.17432356998324394,0.9515625,0.006913489324506372,0.5027968227863312,0.278515625,-0.7667881131172181,0.5932253688573838,0.0627451241016388,0.053722327947616576,0.7506868600845337,0.002706986531848088,-0.0042065027926582845,0.16632988750934596,nan,0.0,nan,0.0,0
29,200,10056,0.01912878787878789,2560,0.13824207261204718,0.9546875,0.009981203958159313,0.5037223994731903,0.270703125,-0.7525271862745285,0.5931831508874893,0.0627451241016388,0.05470305737107992,0.7519294261932373,0.002706986531848088,-0.007274217426311225,0.16632988750934596,nan,0.0,nan,0.0,0
29,220,10076,0.01837121212121211,2560,0.1519638106226921,0.948046875,0.012431823782389984,0.5072929501533509,0.276953125,-0.8544790655374527,0.5924123346805572,0.0627451241016388,0.05483263824135065,0.7509138286113739,0.006913489324506372,-0.005518334457883612,0.16632988750934596,nan,0.0,0.0,0.37376420001965016,0
29,240,10096,0.017613636363636376,2560,0.16084858626127244,0.947265625,0.0069257054652553055,0.5015505596995353,0.29609375,-0.8624519228935241,0.5939660549163819,0.0627451241016388,0.05408903677016497,0.7501495808362961,0.007129452162189409,0.00020374669693410362,0.16632988750934596,nan,0.0,nan,0.0,0
29,260,10116,0.016856060606060597,2560,0.15517496541142464,0.947265625,0.008474532590480522,0.49967398345470426,0.284375,-0.7928473383188248,0.5940740138292313,0.0627451241016388,0.05408322103321552,0.7512457311153412,0.0069257054652553055,-0.0015488271252252165,0.16632988750934596,nan,0.0,nan,0.0,0
29,280,10136,0.016098484848484862,2560,0.15909717418253422,0.94765625,0.008378924702992663,0.5032556086778641,0.294921875,-0.8805902153253555,0.5920851588249206,0.0627451241016388,0.053943575359880924,0.7508199036121368,0.008474532590480522,9.560788748785853e-05,0.16632988750934596,nan,0.0,nan,0.0,0
29,300,10156,0.015340909090909084,2560,0.15451459661126138,0.953125,-0.003687902959063649,0.4930882930755615,0.278125,-0.8176121145486832,0.593002849817276,0.0627451241016388,0.054247459024190904,0.7504793494939804,0.008474532590480522,0.012162435549544172,0.16632988750934596,nan,0.0,nan,0.0,0
29,320,10176,0.01458333333333335,2560,0.1506145779043436,0.95234375,0.0012125366542022676,0.49545225203037263,0.272265625,-0.7649462327361107,0.5934720546007156,0.0627451241016388,0.054299233481287956,0.7496975213289261,0.008378924702992663,0.007166388048790396,0.16632988750934596,nan,0.0,0.0,0.3755158999993,0
29,340,10196,0.01382575757575757,2560,0.14308942928910257,0.953515625,0.0020287942956201733,0.49775697141885755,0.259765625,-0.788059401512146,0.5920538812875747,0.0627451241016388,0.053950941562652587,0.7490587204694747,0.0069257054652553055,0.004896911169635133,0.16632988750934596,nan,0.0,nan,0.0,0
29,352,10208,0.01337121212121213,1480,0.15328273241584364,0.9479729720064112,-0.006914880060011873,0.4922268864270803,0.27567567551458205,-0.7814961710491696,0.5925319607193406,0.0627451241016388,0.05426983873586397,0.7500649503759436,0.0020287942956201733,0.008943674355632047,0.16632988750934596,nan,0.0,nan,0.0,0
30,20,10228,0.01261363636363635,2560,0.14323021322488785,0.95,0.00833101601456292,0.5049125865101814,0.284375,-0.8078142583370209,0.5932056605815887,0.0627451241016388,0.054337031207978725,0.749559098482132,0.0012125366542022676,-0.007118479360360653,0.16632988750934596,nan,0.0,nan,0.0,0
30,40,10248,0.011856060606060615,2560,0.14508195109665395,0.95,0.004257712134858593,0.5002102062106133,0.2671875,-0.729134701192379,0.5939427882432937,0.0627451241016388,0.05398508179932833,0.7487202376127243,0.0012125366542022676,-0.0030451754806563257,0.16632988750934596,nan,0.0,nan,0.0,0
30,60,10268,0.011098484848484837,2560,0.1346160527318716,0.95625,0.008641844987869263,0.5044614329934121,0.25625,-0.7670229107141495,0.5935034602880478,0.0627451241016388,0.05343565177172423,0.7485996305942535,0.0020287942956201733,-0.00661305069224909,0.16632988750934596,nan,0.0,0.0,0.36681350000435486,0
30,80,10288,0.010340909090909102,2560,0.14927260652184487,0.952734375,0.006084611674305051,0.5003868252038955,0.27109375,-0.7164628356695175,0.5935146510601044,0.0627451241016388,0.0539365578442812,0.7496844381093979,0.004257712134858593,-0.0018268995394464579,0.16632988750934596,nan,0.0,nan,0.0,0
30,100,10308,0.009583333333333322,2560,0.1418313592672348,0.951171875,0.006375366071006283,0.5019748792052269,0.2546875,-0.685265189409256,0.5915029078722001,0.0627451241016388,0.054431472718715665,0.7508158564567566,0.006084611674305051,-0.0002907543967012316,0.16632988750934596,nan,0.0,nan,0.0,0
30,120,10328,0.008825757575757587,2560,0.13160364218056203,0.958203125,0.00532909770263359,0.5010776668787003,0.25546875,-0.7267605885863304,0.5935931116342544,0.0627451241016388,0.054985362105071545,0.7520034104585648,0.006375366071006283,0.001046268368372693,0.16632988750934596,nan,0.0,nan,0.0,0
30,140,10348,0.008068181818181808,2560,0.1348643261939287,0.959765625,0.005151750007644296,0.5000183254480361,0.2640625,-0.7585118770599365,0.5925319880247116,0.0627451241016388,0.05510561000555754,0.7519371181726455,0.006084611674305051,0.0009328616666607554,0.16632988750934596,nan,0.0,nan,0.0,0
30,160,10368,0.007310606060606073,2560,0.1288614859804511,0.957421875,0.007185117830522359,0.5039413586258888,0.272265625,-0.8222749412059784,0.5929013848304748,0.0627451241016388,0.05493972115218639,0.7518979907035828,0.006084611674305051,-0.0011005061562173075,0.16632988750934596,nan,0.0,0.0,0.366070000018226,0
30,180,10388,0.006553030303030294,2560,0.1377418264746666,0.95859375,0.006084632268175483,0.5026083752512932,0.270703125,-0.785712742805481,0.592519786953926,0.0627451241016388,0.053573560900986195,0.7500361353158951,0.006084611674305051,-2.0593870431878658e-08,0.16632988750934596,nan,0.0,nan,0.0,0
30,200,10408,0.005795454545454559,2560,0.12472139708697796,0.959765625,0.002352871454786509,0.49833248257637025,0.26171875,-0.7485946968197823,0.5932401239871978,0.0627451241016388,0.054227832891047004,0.7514716744422912,0.006084632268175483,0.003731760813388974,0.16632988750934596,nan,0.0,nan,0.0,0
30,220,10428,0.00503787878787878,2560,0.1475021705031395,0.95234375,0.009992842265637592,0.5061713054776191,0.253515625,-0.7277295351028442,0.5948363214731216,0.0627451241016388,0.054043561778962614,0.7507403939962387,0.00532909770263359,-0.004663744563004002,0.16632988750934596,nan,0.0,nan,0.0,0
30,240,10448,0.004280303030303046,2560,0.1300028996542096,0.9578125,0.002942122344393283,0.49668746441602707,0.24296875,-0.6765170618891716,0.5929172724485398,0.0627451241016388,0.05441945623606444,0.7514008581638336,0.006084632268175483,0.0031425099237822,0.16632988750934596,nan,0.0,nan,0.0,0
30,260,10468,0.0035227272727272664,2560,0.1409948155283928,0.953515625,0.0034274369070772083,0.49929124116897583,0.262109375,-0.7201763778924942,0.5933704555034638,0.0627451241016388,0.05376273263245821,0.7502375066280365,0.006084632268175483,0.0026571953610982748,0.16632988750934596,nan,0.0,0.0,0.3708420000039041,0
30,280,10488,0.0027651515151515317,2560,0.13132856078445912,0.9546875,0.013521417533047498,0.5094725459814071,0.25546875,-0.7452245086431504,0.5942961513996124,0.0627451241016388,0.053951470740139486,0.7503358125686646,0.0034274369070772083,-0.010093980625970288,0.16632988750934596,nan,0.0,nan,0.0,0
30,300,10508,0.0020075757575757527,2560,0.12975322864949704,0.958984375,0.0030901956430170684,0.5003271907567978,0.247265625,-0.6814620077610016,0.5938322842121124,0.0627451241016388,0.054743149876594545,0.7513932883739471,0.0034274369070772083,0.0003372412640601399,0.16632988750934596,nan,0.0,nan,0.0,0
30,320,10528,0.0012500000000000178,2560,0.12122952416539193,0.96484375,0.00730704446323216,0.5019280925393105,0.248046875,-0.7154207676649094,0.5921870172023773,0.0627451241016388,0.05459870100021362,0.7504702150821686,0.0034274369070772083,-0.0038796075561549513,0.16632988750934596,nan,0.0,nan,0.0,0
30,340,10548,0.0004924242424242387,2560,0.12670307531952857,0.960546875,0.0013609588786493987,0.4960978329181671,0.241796875,-0.679382985830307,0.5937734186649323,0.0627451241016388,0.054302724450826644,0.750423201918602,0.0034274369070772083,0.0020664780284278097,0.16632988750934596,nan,0.0,nan,0.0,0
30,352,10560,3.787878787879784e-05,1480,0.14309252951596235,0.9500000012887491,0.006505813303630094,0.49753639875231565,0.2716216224270898,-0.7607961074726002,0.5935221556070689,0.0627451241016388,0.05443396185700958,0.7503404681747025,0.0034274369070772083,-0.003078376396552886,0.16632988750934596,nan,0.0,0.0,0.3784371000074316,0
