epoch,batch,global_step,lr,window_samples,train_adv_loss,train_adv_acc,free_gradient_cosine,free_gradient_sign_agreement,free_prediction_disagreement,free_attack_loss_gain,free_boundary_fraction,free_delta_linf,control_gradient_participation_ratio,control_gradient_entropy,detector_baseline,detector_score,detector_threshold,detector_pgd10_acc,detector_seconds,observer_pgd10_acc,observer_pgd10_seconds,intervention_triggered
1,20,20,0.0007196969696969698,2560,3.187693786621094,0.0,0.01279918048530817,0.4990891918540001,0.41171875,0.8443573772907257,0.6011343866586685,0.03137257695198059,0.24421700984239578,0.8843862444162369,nan,nan,0.16632988750934596,nan,0.0,nan,0.0,0
1,40,40,0.0014772727272727272,2560,2.9720382690429688,0.0,0.015954456850886346,0.4999486401677132,0.44765625,0.7230321615934372,0.6001949518918991,0.03137257695198059,0.23760294318199157,0.8822795301675797,nan,nan,0.16632988750934596,nan,0.0,nan,0.0,0
1,60,60,0.002234848484848485,2560,2.758502197265625,0.00078125,0.03212730847299099,0.5043483942747116,0.283984375,0.538719454407692,0.6002055019140243,0.03137257695198059,0.23129450157284737,0.8801351696252823,nan,nan,0.16632988750934596,nan,0.0,nan,0.0,0
1,80,80,0.0029924242424242426,2560,2.552556800842285,0.003515625,0.07438988368958235,0.5148402094841004,0.29296875,0.37161911725997926,0.6007145136594773,0.03137257695198059,0.2282387539744377,0.8791438281536103,0.015954456850886346,-0.05843542683869601,0.16632988750934596,nan,0.0,nan,0.0,0
1,100,100,0.00375,2560,2.4125434875488283,0.065625,0.1727186631411314,0.5388122707605362,0.217578125,0.2628514237701893,0.60092813372612,0.03137257695198059,0.2224936880171299,0.8769104152917861,0.024040882661938667,-0.14867778047919275,0.16632988750934596,nan,0.0,0.0234375,0.37858990000677295,0
1,120,120,0.004507575757575758,2560,2.3350765228271486,0.089453125,0.33954417556524275,0.5803040951490402,0.1890625,0.20224527418613433,0.6014269649982452,0.03137257695198059,0.1975235141813755,0.8651302486658097,0.03212730847299099,-0.30741686709225174,0.16632988750934596,nan,0.0,nan,0.0,0
1,140,140,0.005265151515151515,2560,2.254184031486511,0.12890625,0.4970881924033165,0.6217848658561707,0.17421875,0.16660273522138597,0.6019114315509796,0.03137257695198059,0.16408708244562148,0.8442695021629334,0.07438988368958235,-0.42269830871373415,0.16632988750934596,nan,0.0,nan,0.0,0
1,160,160,0.006022727272727273,2560,2.252765727043152,0.156640625,0.6037793219089508,0.6545660883188248,0.155078125,0.14760041534900664,0.6030032008886337,0.03137257695198059,0.1405987411737442,0.8265090942382812,0.1727186631411314,-0.4310606587678194,0.16632988750934596,nan,0.0,nan,0.0,0
1,180,180,0.0067803030303030315,2560,2.2354804039001466,0.186328125,0.6917434841394424,0.6848299860954284,0.141015625,0.14791673347353934,0.6041504085063935,0.03137257695198059,0.12167258374392986,0.8079416692256928,0.33954417556524275,-0.3521993085741997,0.16632988750934596,nan,0.0,nan,0.0,0
1,200,200,0.007537878787878788,2560,2.229202914237976,0.1703125,0.7288815200328826,0.7010739862918853,0.184765625,0.14450487196445466,0.6028995662927628,0.03137257695198059,0.11471000798046589,0.7993458211421967,0.4970881924033165,-0.23179332762956617,0.16632988750934596,nan,0.0,0.140625,0.3738383000018075,0
1,220,220,0.008295454545454547,2560,2.2058098196983336,0.163671875,0.7636180013418198,0.7214571833610535,0.1703125,0.14827111810445787,0.6036372095346451,0.03137257695198059,0.10917059294879436,0.7930242568254471,0.6037793219089508,-0.159838679432869,0.16632988750934596,nan,0.0,nan,0.0,0
1,240,240,0.009053030303030304,2560,2.208080840110779,0.18046875,0.7986825853586197,0.738354766368866,0.1703125,0.143849990144372,0.6041417598724366,0.03137257695198059,0.10149763748049737,0.7827522873878479,0.6917434841394424,-0.10693910121917727,0.16632988750934596,nan,0.0,nan,0.0,0
1,260,260,0.009810606060606061,2560,2.1541521549224854,0.187890625,0.816098690032959,0.7500240504741669,0.162109375,0.15414415374398233,0.6034916132688523,0.03137257695198059,0.09595404677093029,0.7753220856189728,0.7288815200328826,-0.08721717000007634,0.16632988750934596,nan,0.0,nan,0.0,0
1,280,280,0.010568181818181819,2560,2.1688780546188355,0.1828125,0.8367819100618362,0.7655611872673035,0.18125,0.1571652226150036,0.604300320148468,0.03137257695198059,0.09302937388420104,0.7711750835180282,0.7636180013418198,-0.07316390872001644,0.16632988750934596,nan,0.0,nan,0.0,0
1,300,300,0.011325757575757576,2560,2.1686561822891237,0.183203125,0.8514789789915085,0.774399071931839,0.138671875,0.1521721176803112,0.6048926204442978,0.03137257695198059,0.08647440634667873,0.7637522906064987,0.7986825853586197,-0.052796393632888794,0.16632988750934596,nan,0.0,0.234375,0.37415770000370685,0
1,320,320,0.012083333333333335,2560,2.1379595398902893,0.20859375,0.8547976732254028,0.7754042446613312,0.149609375,0.161609760671854,0.603957262635231,0.03137257695198059,0.08339372389018536,0.7566029995679855,0.816098690032959,-0.0386989831924438,0.16632988750934596,nan,0.0,nan,0.0,0
1,340,340,0.012840909090909092,2560,2.1043141365051268,0.208984375,0.8665246069431305,0.7869721949100494,0.174609375,0.16987669467926025,0.6050855159759522,0.03137257695198059,0.08071396052837372,0.7548388719558716,0.8367819100618362,-0.029742696881294273,0.16632988750934596,nan,0.0,nan,0.0,0
1,352,352,0.013295454545454548,1480,2.1110213202399177,0.2081081085108422,0.875251470385371,0.7920740272547747,0.1662162162162162,0.17109858740020442,0.6031459147865708,0.03137257695198059,0.07815044747816549,0.7506114022151844,0.8514789789915085,-0.023772491393862505,0.16632988750934596,nan,0.0,nan,0.0,0
2,20,372,0.014053030303030303,2560,2.12924063205719,0.21796875,0.873044154047966,0.7947573602199555,0.15859375,0.17685231193900108,0.6042020320892334,0.03137257695198059,0.0781480085104704,0.753940811753273,0.8547976732254028,-0.018246480822563194,0.16632988750934596,nan,0.0,nan,0.0,0
2,40,392,0.01481060606060606,2560,2.120478391647339,0.212109375,0.8815722167491913,0.8055557489395142,0.177734375,0.17635804414749146,0.6039631128311157,0.03137257695198059,0.07667999938130379,0.7513497561216355,0.8665246069431305,-0.015047609806060791,0.16632988750934596,nan,0.0,0.1484375,0.38460429999395274,0
2,60,412,0.015568181818181818,2560,2.0902170658111574,0.2078125,0.8834550261497498,0.8092481255531311,0.1703125,0.18671154379844665,0.605817687511444,0.03137257695198059,0.07673825323581696,0.7523216664791107,0.873044154047966,-0.010410872101783819,0.16632988750934596,nan,0.0,nan,0.0,0
2,80,432,0.016325757575757577,2560,2.0662810802459717,0.2125,0.8756595224142074,0.8075939327478409,0.1890625,0.20481144413352012,0.6055322229862213,0.03137257695198059,0.07399703040719033,0.7481734991073609,0.875251470385371,-0.00040805202883642533,0.16632988750934596,nan,0.0,nan,0.0,0
2,100,452,0.017083333333333336,2560,2.0947521686553956,0.20703125,0.8844806104898453,0.8146680384874344,0.177734375,0.20603834986686706,0.6051021754741669,0.03137257695198059,0.07565991207957268,0.7546443313360214,0.8756595224142074,-0.008821088075637862,0.16632988750934596,nan,0.0,nan,0.0,0
2,120,472,0.01784090909090909,2560,2.0882637977600096,0.216796875,0.8954443335533142,0.8225929498672485,0.162109375,0.20212014839053155,0.6041059136390686,0.03137257695198059,0.07431408800184727,0.7490215361118316,0.8815722167491913,-0.013872116804122925,0.16632988750934596,nan,0.0,nan,0.0,0
2,140,492,0.018598484848484847,2560,2.0881182193756103,0.209765625,0.8963048160076141,0.8248595088720322,0.172265625,0.20749405398964882,0.6052498161792755,0.03137257695198059,0.07375194393098354,0.7501128494739533,0.8834550261497498,-0.012849789857864335,0.16632988750934596,nan,0.0,0.2265625,0.3736994999926537,0
2,160,512,0.01935606060606061,2560,2.084844779968262,0.214453125,0.8990947514772415,0.82414031624794,0.18515625,0.2021017737686634,0.6080023616552352,0.03137257695198059,0.06910191737115383,0.740663743019104,0.8844806104898453,-0.014614140987396218,0.16632988750934596,nan,0.0,nan,0.0,0
2,180,532,0.020113636363636365,2560,2.0600821495056154,0.2375,0.9026739478111268,0.8289437770843506,0.183984375,0.20420321822166443,0.6053659021854401,0.03137257695198059,0.07393324524164199,0.7504122704267502,0.8954443335533142,-0.007229614257812544,0.16632988750934596,nan,0.0,nan,0.0,0
2,200,552,0.020871212121212124,2560,2.0191375613212585,0.22578125,0.9002157479524613,0.8300433039665223,0.201953125,0.2167895920574665,0.6064168483018875,0.03137257695198059,0.07550537809729577,0.7522756576538085,0.8963048160076141,-0.003910931944847151,0.16632988750934596,nan,0.0,nan,0.0,0
2,220,572,0.02162878787878788,2560,2.0680095195770263,0.210546875,0.8984150588512421,0.8251444697380066,0.192578125,0.21477831900119781,0.6068612605333328,0.03137257695198059,0.06983798295259476,0.7443353414535523,0.8990947514772415,0.0006796926259994285,0.16632988750934596,nan,0.0,nan,0.0,0
2,240,592,0.02238636363636364,2560,2.007871913909912,0.24296875,0.8999905467033387,0.828659838438034,0.183984375,0.21436892449855804,0.6076095819473266,0.03137257695198059,0.06886947751045228,0.7450847119092942,0.8990947514772415,-0.0008957952260971735,0.16632988750934596,nan,0.0,0.1796875,0.37461509999411646,0
2,260,612,0.023143939393939397,2560,2.0319077730178834,0.234375,0.9068399459123612,0.8315038293600082,0.189453125,0.21554679796099663,0.6057696282863617,0.03137257695198059,0.06814107038080693,0.7410280108451843,0.8999905467033387,-0.0068493992090225,0.16632988750934596,nan,0.0,nan,0.0,0
2,280,632,0.023901515151515153,2560,2.0002583026885987,0.242578125,0.9043528825044632,0.8311811000108719,0.1875,0.22133038192987442,0.6053316980600357,0.03137257695198059,0.06776233855634928,0.7396753281354904,0.9002157479524613,-0.004137134552001931,0.16632988750934596,nan,0.0,nan,0.0,0
2,300,652,0.02465909090909091,2560,2.020012354850769,0.248046875,0.9060077667236328,0.8322993129491806,0.204296875,0.22765493467450143,0.6073024958372116,0.03137257695198059,0.06651115603744984,0.7377049028873444,0.9002157479524613,-0.005792018771171525,0.16632988750934596,nan,0.0,nan,0.0,0
2,320,672,0.025416666666666667,2560,2.0291301727294924,0.230859375,0.909752967953682,0.8366705775260925,0.185546875,0.22148690819740297,0.6069434076547623,0.03137257695198059,0.06792968548834324,0.73855921626091,0.9043528825044632,-0.005400085449218772,0.16632988750934596,nan,0.0,nan,0.0,0
2,340,692,0.026174242424242423,2560,2.0296252727508546,0.23046875,0.9067278385162354,0.8359684258699417,0.18515625,0.20925656110048294,0.6079353481531143,0.03137257695198059,0.06495624519884587,0.735245606303215,0.9060077667236328,-0.0007200717926025835,0.16632988750934596,nan,0.0,0.1953125,0.3783592999971006,0
2,352,704,0.02662878787878788,1480,1.9928575644621978,0.23918918943082965,0.9048149988457963,0.8335548362216434,0.1972972972167505,0.2208752346199912,0.6085913500270328,0.03137257695198059,0.06663903642345119,0.7380615501790433,0.9067278385162354,0.0019128396704390926,0.16632988750934596,nan,0.0,nan,0.0,0
3,20,724,0.02738636363636364,2560,2.025410604476929,0.22890625,0.9042477488517762,0.8320348262786865,0.18515625,0.2269286923110485,0.6054851740598679,0.03137257695198059,0.06658622454851866,0.7396344244480133,0.9060077667236328,0.001760017871856645,0.16632988750934596,nan,0.0,nan,0.0,0
3,40,744,0.028143939393939395,2560,2.0090005874633787,0.235546875,0.9038051009178162,0.8348784357309341,0.1859375,0.23389130383729934,0.6082693994045257,0.03137257695198059,0.06471117418259383,0.7356717348098755,0.9060077667236328,0.002202665805816628,0.16632988750934596,nan,0.0,nan,0.0,0
3,60,764,0.02890151515151515,2560,1.9894878625869752,0.25390625,0.9100115269422531,0.8386179804801941,0.190234375,0.2283987432718277,0.6054390162229538,0.03137257695198059,0.06429155096411705,0.7351861894130707,0.9048149988457963,-0.005196528096456765,0.16632988750934596,nan,0.0,nan,0.0,0
3,80,784,0.02965909090909091,2560,1.954187536239624,0.267578125,0.9106975376605988,0.8409830957651139,0.18359375,0.22689139768481253,0.6074567377567291,0.03137257695198059,0.06496837828308344,0.7336077481508255,0.9048149988457963,-0.005882538814802496,0.16632988750934596,nan,0.0,0.2109375,0.37136390000523534,0
3,100,804,0.030416666666666665,2560,1.9946776628494263,0.253125,0.9112350523471833,0.8437539607286453,0.185546875,0.23194917067885398,0.6046199977397919,0.03137257695198059,0.06606294494122267,0.7369451463222504,0.9048149988457963,-0.006420053501386969,0.16632988750934596,nan,0.0,nan,0.0,0
3,120,824,0.031174242424242427,2560,1.9702580928802491,0.251171875,0.9082311719655991,0.8423846125602722,0.205078125,0.23174444437026978,0.6079321771860122,0.03137257695198059,0.06593242697417737,0.7385367393493653,0.9100115269422531,0.001780354976653964,0.16632988750934596,nan,0.0,nan,0.0,0
3,140,844,0.031931818181818186,2560,1.9998742580413817,0.249609375,0.9079031497240067,0.8373633235692978,0.197265625,0.23861897885799407,0.6089686274528503,0.03137257695198059,0.06611197497695684,0.7385993212461471,0.9100115269422531,0.0021083772182464156,0.16632988750934596,nan,0.0,nan,0.0,0
3,160,864,0.03268939393939394,2560,1.9992239236831666,0.25703125,0.9071092635393143,0.838760393857956,0.19765625,0.23326278924942018,0.6045041620731354,0.03137257695198059,0.06278811525553465,0.730662003159523,0.9100115269422531,0.002902263402938754,0.16632988750934596,nan,0.0,nan,0.0,0
3,180,884,0.0334469696969697,2560,1.964900588989258,0.253515625,0.9097643107175827,0.8450026392936707,0.190625,0.236884493380785,0.6077115565538407,0.03137257695198059,0.06418541204184294,0.735937836766243,0.9082311719655991,-0.001533138751983576,0.16632988750934596,nan,0.0,0.171875,0.3705574999912642,0
3,200,904,0.03420454545454545,2560,1.9631598949432374,0.258203125,0.9103150397539139,0.8437074214220047,0.181640625,0.23998496904969216,0.6085623621940612,0.03137257695198059,0.06359079238027335,0.7336013972759247,0.9082311719655991,-0.0020838677883148193,0.16632988750934596,nan,0.0,nan,0.0,0
3,220,924,0.034962121212121215,2560,1.97030029296875,0.2671875,0.9005575478076935,0.836995080113411,0.18046875,0.25173693522810936,0.6067582666873932,0.03137257695198059,0.06530962120741605,0.7400774151086807,0.9082311719655991,0.007673624157905623,0.16632988750934596,nan,0.0,nan,0.0,0
3,240,944,0.03571969696969697,2560,1.972177839279175,0.25625,0.9105137616395951,0.8441538721323013,0.197265625,0.24454173147678376,0.608664470911026,0.03137257695198059,0.0660572275519371,0.739335510134697,0.9079031497240067,-0.0026106119155884233,0.16632988750934596,nan,0.0,nan,0.0,0
3,260,964,0.036477272727272726,2560,1.9782153844833374,0.252734375,0.9031203985214233,0.8404339045286179,0.198828125,0.2386924795806408,0.6074690788984298,0.03137257695198059,0.06571064982563257,0.7401943355798721,0.9097643107175827,0.006643912196159341,0.16632988750934596,nan,0.0,nan,0.0,0
3,280,984,0.03723484848484849,2560,1.9369670867919921,0.27109375,0.9064879566431046,0.8433623164892197,0.19375,0.24129713997244834,0.6086831629276276,0.03137257695198059,0.06474246717989444,0.7400344908237457,0.9097643107175827,0.003276354074478127,0.16632988750934596,nan,0.0,0.25,0.3729458000016166,0
3,300,1004,0.037992424242424244,2560,1.9621616721153259,0.253125,0.9050040483474732,0.8384834438562393,0.196484375,0.24834602028131486,0.6053001552820205,0.03137257695198059,0.06498699486255646,0.7394323438405991,0.9064879566431046,0.0014839082956313865,0.16632988750934596,nan,0.0,nan,0.0,0
3,320,1024,0.03875000000000001,2560,1.9594325065612792,0.254296875,0.9042947500944137,0.8416994929313659,0.196875,0.2441491112112999,0.6075692713260651,0.03137257695198059,0.06451363451778888,0.738712465763092,0.9050040483474732,0.0007092982530594316,0.16632988750934596,nan,0.0,nan,0.0,0
3,340,1044,0.03950757575757576,2560,1.946649980545044,0.2765625,0.9079857677221298,0.8486160546541214,0.191796875,0.2646055743098259,0.6076206475496292,0.03137257695198059,0.07025107368826866,0.746836918592453,0.9050040483474732,-0.002981719374656633,0.16632988750934596,nan,0.0,nan,0.0,0
3,352,1056,0.03996212121212121,1480,2.0234428611961572,0.23716216200106852,0.9113497183129594,0.840731693602897,0.18175675699839722,0.24697660481607592,0.6098795758711325,0.03137257695198059,0.06339637310923757,0.7325502563167263,0.9050040483474732,-0.006345669965486245,0.16632988750934596,nan,0.0,nan,0.0,0
4,20,1076,0.040719696969696975,2560,1.950763177871704,0.26015625,0.9088031142950058,0.8446317166090012,0.18203125,0.24553807601332664,0.6062286585569382,0.03137257695198059,0.06348779033869505,0.7367465704679489,0.9064879566431046,-0.0023151576519012673,0.16632988750934596,nan,0.0,0.2265625,0.3696587000013096,0
4,40,1096,0.04147727272727273,2560,1.932825231552124,0.2671875,0.907269886136055,0.8444971919059754,0.198828125,0.25285298079252244,0.6094832330942154,0.03137257695198059,0.06367521900683641,0.7351735889911651,0.9079857677221298,0.0007158815860748291,0.16632988750934596,nan,0.0,nan,0.0,0
4,60,1116,0.042234848484848486,2560,1.9214802265167237,0.264453125,0.9052361994981766,0.8455562829971314,0.198828125,0.25413758382201196,0.6062345057725906,0.03137257695198059,0.06863057315349579,0.7454976856708526,0.9079857677221298,0.002749568223953225,0.16632988750934596,nan,0.0,nan,0.0,0
4,80,1136,0.04299242424242425,2560,1.9452326536178588,0.26015625,0.8962695091962815,0.8377161860466004,0.197265625,0.24720607101917266,0.6041117519140243,0.03137257695198059,0.06202574335038662,0.7346863925457001,0.9079857677221298,0.011716258525848344,0.16632988750934596,nan,0.0,nan,0.0,0
4,100,1156,0.043750000000000004,2560,1.9032385885715484,0.291796875,0.9071135342121124,0.8475592464208603,0.198828125,0.2595799408853054,0.6056957453489303,0.03137257695198059,0.06627291478216649,0.7429563939571381,0.907269886136055,0.00015635192394258812,0.16632988750934596,nan,0.0,nan,0.0,0
4,120,1176,0.04450757575757576,2560,1.8857821464538573,0.27421875,0.9065286457538605,0.8507198542356491,0.19765625,0.25989247038960456,0.6043898433446884,0.03137257695198059,0.06907273754477501,0.7467600971460342,0.9071135342121124,0.0005848884582518865,0.16632988750934596,nan,0.0,0.2890625,0.36949870000535157,0
4,140,1196,0.045265151515151515,2560,1.8991265296936035,0.27734375,0.9081173241138458,0.8452594935894012,0.20234375,0.2629049815237522,0.6060694575309753,0.03137257695198059,0.06630863808095455,0.743325200676918,0.9065286457538605,-0.0015886783599853294,0.16632988750934596,nan,0.0,nan,0.0,0
4,160,1216,0.04602272727272727,2560,1.9121093034744263,0.276171875,0.9056344479322433,0.8478613764047622,0.212890625,0.27180047035217286,0.6050824671983719,0.03137257695198059,0.06751509979367257,0.7461759328842164,0.9065286457538605,0.0008941978216171487,0.16632988750934596,nan,0.0,nan,0.0,0
4,180,1236,0.04678030303030303,2560,1.8760914206504822,0.28125,0.9082519084215164,0.8542878717184067,0.219140625,0.2666760146617889,0.6044399529695511,0.03137257695198059,0.06661850679665804,0.7475002348423004,0.9065286457538605,-0.0017232626676558782,0.16632988750934596,nan,0.0,nan,0.0,0
4,200,1256,0.047537878787878796,2560,1.8916365146636962,0.27890625,0.901989859342575,0.8448218286037446,0.207421875,0.26048801392316817,0.6074196040630341,0.03137257695198059,0.06397353801876307,0.7385118871927261,0.9071135342121124,0.0051236748695373535,0.16632988750934596,nan,0.0,nan,0.0,0
4,220,1276,0.04829545454545455,2560,1.890305757522583,0.284375,0.9061842679977417,0.8506327420473099,0.1984375,0.26286937221884726,0.6064539760351181,0.03137257695198059,0.06422896645963191,0.7388571172952652,0.9065286457538605,0.00034437775611884103,0.16632988750934596,nan,0.0,0.3125,0.37215609999839216,0
4,240,1296,0.04905303030303031,2560,1.8951179265975953,0.29453125,0.9048093289136887,0.8476968318223953,0.219140625,0.2811638355255127,0.6086480677127838,0.03137257695198059,0.06832166053354741,0.7481465429067612,0.9061842679977417,0.0013749390840529507,0.16632988750934596,nan,0.0,nan,0.0,0
4,260,1316,0.04981060606060606,2560,1.8885565757751466,0.282421875,0.9023130029439926,0.8454328119754791,0.209765625,0.2684093005955219,0.6078708887100219,0.03137257695198059,0.06457481812685728,0.7431070059537888,0.9056344479322433,0.0033214449882507102,0.16632988750934596,nan,0.0,nan,0.0,0
4,280,1336,0.050568181818181825,2560,1.872399353981018,0.28359375,0.8990502744913101,0.8477037012577057,0.221875,0.2832190915942192,0.6026109308004379,0.03137257695198059,0.06768304221332073,0.7477355271577835,0.9048093289136887,0.005759054422378562,0.16632988750934596,nan,0.0,nan,0.0,0
4,300,1356,0.05132575757575758,2560,1.8632380723953248,0.29296875,0.904804015159607,0.8474090844392776,0.204296875,0.2754643253982067,0.606794250011444,0.03137257695198059,0.0651592954993248,0.7410398066043854,0.9023130029439926,-0.002491012215614319,0.16632988750934596,nan,0.0,nan,0.0,0
4,320,1376,0.05208333333333334,2560,1.9060270309448242,0.283203125,0.9015746265649796,0.8501500606536865,0.204296875,0.27543818950653076,0.6060109704732894,0.03137257695198059,0.0667981669306755,0.7480763405561447,0.904804015159607,0.0032293885946274026,0.16632988750934596,nan,0.0,0.2734375,0.37383360000967514,0
4,340,1396,0.0528409090909091,2560,1.880715250968933,0.2828125,0.9108119398355484,0.8532173365354538,0.221484375,0.27350634932518003,0.6086030572652816,0.03137257695198059,0.06661058738827705,0.745696023106575,0.9023130029439926,-0.008498936891555786,0.16632988750934596,nan,0.0,nan,0.0,0
4,352,1408,0.05329545454545455,1480,1.8896759007428143,0.2952702709146448,0.8979421348185153,0.8466262566076742,0.21351351415788805,0.2726577463987711,0.6075567181045944,0.03137257695198059,0.06922554824803327,0.7536216065690324,0.9023130029439926,0.0043708681254773785,0.16632988750934596,nan,0.0,nan,0.0,0
5,20,1428,0.054053030303030304,2560,1.871772289276123,0.282421875,0.8941137731075287,0.8452649623155594,0.223828125,0.28654575571417806,0.6077427178621292,0.03137257695198059,0.0703577607870102,0.753059133887291,0.9015746265649796,0.0074608534574508445,0.16632988750934596,nan,0.0,nan,0.0,0
5,40,1448,0.05481060606060606,2560,1.8595142126083375,0.301953125,0.9014223873615265,0.847712728381157,0.21875,0.2872662678360939,0.6045407801866531,0.03137257695198059,0.06714231874793768,0.7495263814926147,0.9015746265649796,0.00015223920345308617,0.16632988750934596,nan,0.0,nan,0.0,0
5,60,1468,0.05556818181818182,2560,1.816927194595337,0.29453125,0.9006783127784729,0.8461190730333328,0.2375,0.2901276722550392,0.6059401363134385,0.03137257695198059,0.0666755536571145,0.7453388005495072,0.9014223873615265,0.0007440745830535889,0.16632988750934596,nan,0.0,0.3125,0.3670873999944888,0
5,80,1488,0.05632575757575758,2560,1.8504944801330567,0.30625,0.8983947604894638,0.8436625301837921,0.2171875,0.2834032908082008,0.6080818384885788,0.03137257695198059,0.06930514369159937,0.7534861087799072,0.9006783127784729,0.0022835522890091164,0.16632988750934596,nan,0.0,nan,0.0,0
5,100,1508,0.05708333333333333,2560,1.8715217590332032,0.29765625,0.9054548352956772,0.8493268549442291,0.205859375,0.27968248128890993,0.6062183499336242,0.03137257695198059,0.065240628272295,0.7434481710195542,0.8983947604894638,-0.007060074806213401,0.16632988750934596,nan,0.0,nan,0.0,0
5,120,1528,0.05784090909090909,2560,1.8283540248870849,0.301953125,0.8979695558547973,0.8455894708633422,0.21796875,0.2902388349175453,0.6061025232076644,0.03137257695198059,0.06558705680072308,0.7461136519908905,0.9006783127784729,0.0027087569236755593,0.16632988750934596,nan,0.0,nan,0.0,0
5,140,1548,0.058598484848484844,2560,1.8287953972816466,0.301953125,0.8938253492116928,0.8417677760124207,0.224609375,0.29281715005636216,0.6060768336057663,0.03137257695198059,0.06551181878894567,0.7459427237510681,0.9006783127784729,0.0068529635667801125,0.16632988750934596,nan,0.0,nan,0.0,0
5,160,1568,0.05935606060606061,2560,1.8641631126403808,0.28671875,0.897324088215828,0.8480027705430985,0.23203125,0.2908470258116722,0.6072077691555023,0.03137257695198059,0.06240812353789806,0.7416499823331832,0.8983947604894638,0.0010706722736357754,0.16632988750934596,nan,0.0,0.2734375,0.3714873999997508,0
5,180,1588,0.06011363636363637,2560,1.8157485127449036,0.308203125,0.8905936628580093,0.8434777796268463,0.2046875,0.2892820924520493,0.6076300472021103,0.03137257695198059,0.06321717165410519,0.7427888661623001,0.8979695558547973,0.0073758929967879805,0.16632988750934596,nan,0.0,nan,0.0,0
5,200,1608,0.06087121212121213,2560,1.8292502880096435,0.309375,0.9018907874822617,0.8499252557754516,0.220703125,0.29776015877723694,0.6091200709342957,0.03137257695198059,0.06564447339624166,0.7479359745979309,0.897324088215828,-0.004566699266433716,0.16632988750934596,nan,0.0,nan,0.0,0
5,220,1628,0.06162878787878789,2560,1.8134450674057008,0.315234375,0.8993364453315735,0.845499312877655,0.228125,0.3011973977088928,0.6087181240320205,0.03137257695198059,0.062147570215165614,0.7405054718255997,0.897324088215828,-0.0020123571157455444,0.16632988750934596,nan,0.0,nan,0.0,0
5,240,1648,0.06238636363636364,2560,1.8580020427703858,0.30546875,0.8957486897706985,0.8471106380224228,0.225,0.3070632964372635,0.609762093424797,0.03137257695198059,0.06650303658097982,0.7490175634622573,0.897324088215828,0.001575398445129439,0.16632988750934596,nan,0.0,nan,0.0,0
5,260,1668,0.0631439393939394,2560,1.8202468156814575,0.31328125,0.8999412953853607,0.8495931178331375,0.23828125,0.30053930133581164,0.6063992917537689,0.03137257695198059,0.06776040997356177,0.7527528226375579,0.897324088215828,-0.0026172071695327315,0.16632988750934596,nan,0.0,0.265625,0.37736759999825153,0
5,280,1688,0.06390151515151515,2560,1.805415654182434,0.31875,0.8996531158685684,0.8438448786735535,0.22265625,0.30385784059762955,0.6057941645383835,0.03137257695198059,0.06498114317655564,0.7455500274896621,0.8993364453315735,-0.0003166705369949119,0.16632988750934596,nan,0.0,nan,0.0,0
5,300,1708,0.06465909090909092,2560,1.829675567150116,0.303515625,0.8952370405197143,0.8481409937143326,0.2234375,0.3137700542807579,0.6081347346305848,0.03137257695198059,0.06642383337020874,0.7508843600749969,0.8996531158685684,0.0044160753488541316,0.16632988750934596,nan,0.0,nan,0.0,0
5,320,1728,0.06541666666666666,2560,1.8215271472930907,0.325,0.8961312621831894,0.8432787746191025,0.22265625,0.2966239139437675,0.6079573571681977,0.03137257695198059,0.06344607286155224,0.7439305454492569,0.8993364453315735,0.0032051831483841386,0.16632988750934596,nan,0.0,nan,0.0,0
5,340,1748,0.06617424242424243,2560,1.8065173625946045,0.315234375,0.8972340911626816,0.8452882260084152,0.247265625,0.3154003873467445,0.6078038722276687,0.03137257695198059,0.06418734584003687,0.7457160532474518,0.8961312621831894,-0.0011028289794922097,0.16632988750934596,nan,0.0,nan,0.0,0
5,352,1760,0.06662878787878788,1480,1.837658259030935,0.318918918435638,0.902707125367345,0.8469370358699077,0.2243243247270584,0.30085833185427896,0.6109058509001861,0.031372576770750255,0.06597484378395854,0.7494428048262725,0.8972340911626816,-0.005473034204663385,0.16632988750934596,nan,0.0,0.3046875,0.38090099999681115,0
6,20,1780,0.06738636363636363,2560,1.7985922634601592,0.312890625,0.8962463945150375,0.8445620447397232,0.236328125,0.310166534781456,0.6042158991098404,0.03137257695198059,0.06472258474677801,0.745698693394661,0.8972340911626816,0.0009876966476440874,0.16632988750934596,nan,0.0,nan,0.0,0
6,40,1800,0.0681439393939394,2560,1.7785051107406615,0.321875,0.8961497187614441,0.8510835200548172,0.23046875,0.30706755965948107,0.6063891261816025,0.03137257695198059,0.06771773435175418,0.7526267498731614,0.8962463945150375,9.667575359340042e-05,0.16632988750934596,nan,0.0,nan,0.0,0
6,60,1820,0.06890151515151514,2560,1.7866597414016723,0.315234375,0.8821416646242142,0.8375227808952331,0.245703125,0.336978605389595,0.605695617198944,0.03137257695198059,0.064222576841712,0.7474059224128723,0.8962463945150375,0.014104729890823342,0.16632988750934596,nan,0.0,nan,0.0,0
6,80,1840,0.0696590909090909,2560,1.7973739147186278,0.323828125,0.8887777626514435,0.8410239160060883,0.221875,0.31945216506719587,0.6045314967632294,0.03137257695198059,0.06402084194123744,0.7456291168928146,0.8962463945150375,0.007468631863594033,0.16632988750934596,nan,0.0,nan,0.0,0
6,100,1860,0.07041666666666667,2560,1.7727771520614624,0.3140625,0.892752182483673,0.8420331567525864,0.240625,0.3149405375123024,0.6090896844863891,0.03137257695198059,0.06313186101615428,0.7466955572366715,0.8961497187614441,0.0033975362777710627,0.16632988750934596,nan,0.0,0.3203125,0.372846699989168,0
6,120,1880,0.07117424242424243,2560,1.761343002319336,0.328515625,0.8910970002412796,0.8425636529922486,0.2390625,0.3132124781608582,0.6077764153480529,0.03137257695198059,0.059439653530716896,0.7408543586730957,0.892752182483673,0.0016551822423934714,0.16632988750934596,nan,0.0,nan,0.0,0
6,140,1900,0.0719318181818182,2560,1.7723246812820435,0.33828125,0.8906981706619262,0.8396320521831513,0.225390625,0.3338980063796043,0.6090428858995438,0.03137257695198059,0.06398117691278457,0.7483955770730972,0.8910970002412796,0.0003988295793533325,0.16632988750934596,nan,0.0,nan,0.0,0
6,160,1920,0.07268939393939394,2560,1.795777428150177,0.306640625,0.8943669706583023,0.8427288264036179,0.240234375,0.31357399821281434,0.6063761591911316,0.03137257695198059,0.06565672382712365,0.7501423060894012,0.8906981706619262,-0.0036687999963760376,0.16632988750934596,nan,0.0,nan,0.0,0
6,180,1940,0.0734469696969697,2560,1.8021156549453736,0.31875,0.8865100800991058,0.8390387415885925,0.246484375,0.32135343849658965,0.6089897364377975,0.03137257695198059,0.06789424903690815,0.7551118075847626,0.8910970002412796,0.004586920142173767,0.16632988750934596,nan,0.0,nan,0.0,0
6,200,1960,0.07420454545454545,2560,1.7642966866493226,0.3359375,0.8863045036792755,0.839485177397728,0.244140625,0.3326247602701187,0.6089612543582916,0.03137257695198059,0.0621727192774415,0.7464807868003845,0.8910970002412796,0.004792496562004089,0.16632988750934596,nan,0.0,0.2734375,0.37233060000289697,0
6,220,1980,0.07496212121212122,2560,1.7596372365951538,0.3265625,0.8893767356872558,0.8440791010856629,0.227734375,0.3207915395498276,0.6096545100212097,0.03137257695198059,0.06321823187172412,0.7475354194641113,0.8906981706619262,0.0013214349746704102,0.16632988750934596,nan,0.0,nan,0.0,0
6,240,2000,0.07571969696969698,2560,1.7544867753982545,0.358203125,0.8840037107467651,0.8366333216428756,0.222265625,0.33863962441682816,0.6095063716173172,0.03137257695198059,0.06084278393536806,0.7439960330724716,0.8893767356872558,0.005373024940490745,0.16632988750934596,nan,0.0,nan,0.0,0
6,260,2020,0.07647727272727273,2560,1.777575021982193,0.330078125,0.8918334484100342,0.8413194209337235,0.227734375,0.3273195058107376,0.6097300380468369,0.03137257695198059,0.06406867895275355,0.7499150812625885,0.8865100800991058,-0.005323368310928389,0.16632988750934596,nan,0.0,nan,0.0,0
6,280,2040,0.07723484848484849,2560,1.7552485108375548,0.349609375,0.8878759741783142,0.8386973291635513,0.23671875,0.32382108718156816,0.605094039440155,0.03137257695198059,0.05504264682531357,0.7314629167318344,0.8865100800991058,-0.0013658940792083962,0.16632988750934596,nan,0.0,nan,0.0,0
6,300,2060,0.07799242424242425,2560,1.7538338780403138,0.338671875,0.8863548278808594,0.8397955805063247,0.2203125,0.341328801214695,0.6100860804319381,0.03137257695198059,0.06179011315107345,0.7462637096643447,0.8878759741783142,0.0015211462974548118,0.16632988750934596,nan,0.0,0.2578125,0.3720457000017632,0
6,320,2080,0.07875,2560,1.7748192429542542,0.325390625,0.8952533185482026,0.8474907130002975,0.233984375,0.32327003926038744,0.6035151392221451,0.03137257695198059,0.058612854592502116,0.7392929762601852,0.8878759741783142,-0.00737734436988835,0.16632988750934596,nan,0.0,nan,0.0,0
6,340,2100,0.07950757575757576,2560,1.7378611445426941,0.33984375,0.8836333572864532,0.837403005361557,0.24921875,0.33967228084802625,0.6107760369777679,0.03137257695198059,0.06402117814868688,0.7494936972856522,0.8878759741783142,0.004242616891861006,0.16632988750934596,nan,0.0,nan,0.0,0
6,352,2112,0.0799621212121212,1480,1.7243585109710693,0.3358108114551854,0.8944136326377456,0.8454125961741885,0.2628378376767442,0.31974343544728046,0.610464411168485,0.03137257695198059,0.06201787631253938,0.7467404104567863,0.8878759741783142,-0.006537658459431439,0.16632988750934596,nan,0.0,nan,0.0,0
7,20,2132,0.08071969696969698,2560,1.734940105676651,0.33984375,0.8839420586824417,0.8398474484682084,0.252734375,0.3604730099439621,0.6054958522319793,0.03137257695198059,0.06119548734277487,0.7459001749753952,0.8878759741783142,0.00393391549587252,0.16632988750934596,nan,0.0,nan,0.0,0
7,40,2152,0.08147727272727273,2560,1.743354117870331,0.34375,0.8826983600854874,0.8376668483018875,0.2328125,0.3253667503595352,0.608174416422844,0.03137257695198059,0.06137898042798042,0.7453458070755005,0.8863548278808594,0.003656467795371987,0.16632988750934596,nan,0.0,0.2734375,0.38813210000807885,0
7,60,2172,0.0822348484848485,2560,1.7693129301071167,0.327734375,0.8857004076242447,0.8367838680744171,0.24765625,0.33402852714061737,0.6087074458599091,0.03137257695198059,0.05740383788943291,0.7363426268100739,0.8839420586824417,-0.0017583489418030451,0.16632988750934596,nan,0.0,nan,0.0,0
7,80,2192,0.08299242424242426,2560,1.7162752151489258,0.34453125,0.8778475612401963,0.8323806971311569,0.250390625,0.3486026987433434,0.6103101313114166,0.03137257695198059,0.05898087192326784,0.7404808282852173,0.8839420586824417,0.006094497442245439,0.16632988750934596,nan,0.0,nan,0.0,0
7,100,2212,0.08375,2560,1.7294615983963013,0.33984375,0.8846171259880066,0.8422479182481766,0.233984375,0.3307410702109337,0.6036228358745575,0.03137257695198059,0.06171165481209755,0.7460616409778595,0.8839420586824417,-0.0006750673055648804,0.16632988750934596,nan,0.0,nan,0.0,0
7,120,2232,0.08450757575757577,2560,1.6890275955200196,0.35625,0.8732418119907379,0.8363146632909775,0.26796875,0.3637390688061714,0.6107090204954148,0.03137257695198059,0.06020272970199585,0.7442212849855423,0.8839420586824417,0.010700246691703774,0.16632988750934596,nan,0.0,nan,0.0,0
7,140,2252,0.08526515151515152,2560,1.693565046787262,0.351953125,0.8838645458221436,0.8354250818490982,0.250390625,0.35428142845630645,0.6066141963005066,0.03137257695198059,0.05983306262642145,0.7419568449258804,0.8826983600854874,-0.0011661857366561668,0.16632988750934596,nan,0.0,0.3203125,0.37101620000612456,0
7,160,2272,0.08602272727272728,2560,1.7031628906726837,0.352734375,0.8793113946914672,0.8379952996969223,0.255078125,0.36658631563186644,0.6077792108058929,0.03137257695198059,0.06171166095882654,0.7458881169557572,0.8838645458221436,0.004553151130676336,0.16632988750934596,nan,0.0,nan,0.0,0
7,180,2292,0.08678030303030304,2560,1.734279453754425,0.34921875,0.8792372107505798,0.837434533238411,0.2421875,0.3570431753993034,0.6102020442485809,0.03137257695198059,0.056343473680317405,0.7388329923152923,0.8793113946914672,7.418394088742897e-05,0.16632988750934596,nan,0.0,nan,0.0,0
7,200,2312,0.08753787878787879,2560,1.7073579967021941,0.34765625,0.8771604031324387,0.8349193751811981,0.24921875,0.3510622143745422,0.6088952541351318,0.03137257695198059,0.06101063042879105,0.7465007156133652,0.8793113946914672,0.0021509915590285367,0.16632988750934596,nan,0.0,nan,0.0,0
7,220,2332,0.08829545454545455,2560,1.700659942626953,0.359375,0.8808053463697434,0.831671416759491,0.240234375,0.3373974531888962,0.6098865687847137,0.03137257695198059,0.056662460789084435,0.7383529663085937,0.8792372107505798,-0.0015681356191635798,0.16632988750934596,nan,0.0,nan,0.0,0
7,240,2352,0.0890530303030303,2560,1.7061826705932617,0.3546875,0.8781954616308212,0.8330508142709732,0.245703125,0.3530151888728142,0.6097547113895416,0.03137257695198059,0.05798396877944469,0.73996202647686,0.8793113946914672,0.0011159330606460571,0.16632988750934596,nan,0.0,0.2734375,0.3748327000066638,0
7,260,2372,0.08981060606060606,2560,1.7022961616516112,0.345703125,0.874995493888855,0.8326388269662857,0.263671875,0.35428967177867887,0.6089763879776001,0.03137257695198059,0.06026995312422514,0.7442838460206985,0.8792372107505798,0.004241716861724809,0.16632988750934596,nan,0.0,nan,0.0,0
7,280,2392,0.09056818181818183,2560,1.6905086576938628,0.351171875,0.8768091440200806,0.8320564419031143,0.255078125,0.37088715434074404,0.6073196649551391,0.03137257695198059,0.058145337551832196,0.7387906819581985,0.8781954616308212,0.001386317610740595,0.16632988750934596,nan,0.0,nan,0.0,0
7,300,2412,0.09132575757575757,2560,1.6934018969535827,0.375,0.8768657565116882,0.8352487117052079,0.228125,0.34384543001651763,0.6121113032102585,0.03137257695198059,0.05758358221501112,0.7401734977960587,0.8771604031324387,0.00029464662075051606,0.16632988750934596,nan,0.0,nan,0.0,0
7,320,2432,0.09208333333333334,2560,1.7151456713676452,0.346484375,0.8641474664211273,0.8261952936649323,0.26484375,0.36568930745124817,0.6093834131956101,0.03137257695198059,0.058249267749488354,0.742190346121788,0.8768657565116882,0.012718290090560913,0.16632988750934596,nan,0.0,nan,0.0,0
7,340,2452,0.0928409090909091,2560,1.6861617982387542,0.35703125,0.8808290094137192,0.8359981775283813,0.255078125,0.3597619727253914,0.6065254360437393,0.03137257695198059,0.05802337136119604,0.7407230049371719,0.8768091440200806,-0.004019865393638633,0.16632988750934596,nan,0.0,0.3046875,0.37329880001198035,0
7,352,2464,0.09329545454545456,1480,1.7012219828528328,0.3601351351351351,0.8733221476142471,0.8294572353363037,0.26689189173079825,0.3669437218356777,0.6092445992134713,0.031372576770750255,0.05899515828570804,0.7425971952644554,0.8768091440200806,0.003486996405833498,0.16632988750934596,nan,0.0,nan,0.0,0
8,20,2484,0.0940530303030303,2560,1.6614128410816194,0.3703125,0.8754014134407043,0.8353978633880615,0.25,0.3666383907198906,0.6111821740865707,0.03137257695198059,0.06008129995316267,0.7451169639825821,0.8768091440200806,0.0014077305793762651,0.16632988750934596,nan,0.0,nan,0.0,0
8,40,2504,0.09481060606060607,2560,1.6747157990932464,0.363671875,0.8747748106718063,0.8349131524562836,0.2515625,0.364066855609417,0.6075744837522506,0.03137257695198059,0.06445811986923218,0.7527104198932648,0.8754014134407043,0.0006266027688980325,0.16632988750934596,nan,0.0,nan,0.0,0
8,60,2524,0.09556818181818183,2560,1.6999223113059998,0.359765625,0.8718368291854859,0.8252268701791763,0.245703125,0.36816798001527784,0.6091477930545807,0.03137257695198059,0.05516245625913143,0.7352885931730271,0.8747748106718063,0.002937981486320407,0.16632988750934596,nan,0.0,nan,0.0,0
8,80,2544,0.09632575757575758,2560,1.6837202191352845,0.364453125,0.8719712436199188,0.8315972805023193,0.242578125,0.35940228700637816,0.6060255885124206,0.03137257695198059,0.05921870246529579,0.7441080242395401,0.8747748106718063,0.0028035670518874456,0.16632988750934596,nan,0.0,0.2890625,0.37071069999365136,0
8,100,2564,0.09708333333333334,2560,1.6883443236351012,0.363671875,0.8625919371843338,0.8258477717638015,0.2703125,0.3664563223719597,0.6089678645133972,0.03137257695198059,0.05666990224272013,0.7387570947408676,0.8733221476142471,0.01073021042991329,0.16632988750934596,nan,0.0,nan,0.0,0
8,120,2584,0.09784090909090909,2560,1.6677484929561615,0.37265625,0.8685892701148987,0.8286160945892334,0.25,0.3685646176338196,0.6099195003509521,0.03137257695198059,0.057808888144791126,0.7411569565534591,0.8719712436199188,0.0033819735050201194,0.16632988750934596,nan,0.0,nan,0.0,0
8,140,2604,0.09859848484848485,2560,1.6599474787712096,0.364453125,0.8678750425577164,0.8290320217609406,0.256640625,0.3823148638010025,0.6098029017448425,0.03137257695198059,0.057851114124059674,0.7423762619495392,0.8718368291854859,0.00396178662776947,0.16632988750934596,nan,0.0,nan,0.0,0
8,160,2624,0.09935606060606061,2560,1.6531646966934204,0.358203125,0.8676322102546692,0.8265773981809617,0.264453125,0.3743722528219223,0.61574327647686,0.03137257695198059,0.05697780251502991,0.7409632533788681,0.8685892701148987,0.0009570598602295366,0.16632988750934596,nan,0.0,nan,0.0,0
8,180,2644,0.10011363636363638,2560,1.7050385236740113,0.345703125,0.8660228610038757,0.8261947840452194,0.255078125,0.3635332450270653,0.6079426020383835,0.03137257695198059,0.054729761369526383,0.7349993348121643,0.8678750425577164,0.0018521815538407038,0.16632988750934596,nan,0.0,0.2578125,0.37288160000753123,0
8,200,2664,0.10087121212121214,2560,1.6744906187057496,0.35625,0.8742037832736969,0.8316898554563522,0.26328125,0.362585511803627,0.6087603479623794,0.03137257695198059,0.0628724057227373,0.747930359840393,0.8676322102546692,-0.0065715730190276656,0.16632988750934596,nan,0.0,nan,0.0,0
8,220,2684,0.10162878787878789,2560,1.6601641535758973,0.369140625,0.8679134637117386,0.8270905971527099,0.260546875,0.3722117692232132,0.6103267908096314,0.03137257695198059,0.05758828539401293,0.7419460326433182,0.8678750425577164,-3.842115402219459e-05,0.16632988750934596,nan,0.0,nan,0.0,0
8,240,2704,0.10238636363636365,2560,1.6810146391391754,0.373046875,0.865159022808075,0.8304950922727585,0.259765625,0.3682419002056122,0.608278289437294,0.03137257695198059,0.05700211599469185,0.739279282093048,0.8678750425577164,0.0027160197496414185,0.16632988750934596,nan,0.0,nan,0.0,0
8,260,2724,0.1031439393939394,2560,1.6555861234664917,0.34921875,0.8522120684385299,0.8208130061626434,0.28671875,0.3845898538827896,0.6069006800651551,0.03137257695198059,0.057477754354476926,0.7400982499122619,0.8676322102546692,0.015420141816139266,0.16632988750934596,nan,0.0,nan,0.0,0
8,280,2744,0.10390151515151516,2560,1.655274260044098,0.36015625,0.8606831192970276,0.8277207881212234,0.25703125,0.3862530529499054,0.6089199244976043,0.03137257695198059,0.0523389296606183,0.7295552551746368,0.8660228610038757,0.0053397417068481445,0.16632988750934596,nan,0.0,0.2734375,0.376124800008256,0
8,300,2764,0.10465909090909092,2560,1.6555663168430328,0.36171875,0.8638175845146179,0.8248989313840867,0.2671875,0.375511834025383,0.6091385036706924,0.03137257695198059,0.05404309518635273,0.7330442100763321,0.865159022808075,0.00134143829345712,0.16632988750934596,nan,0.0,nan,0.0,0
8,320,2784,0.10541666666666667,2560,1.6161652863025666,0.370703125,0.8560169011354446,0.8196886837482452,0.2625,0.388980969786644,0.6086471766233444,0.03137257695198059,0.053673270344734195,0.7341081857681274,0.8638175845146179,0.007800683379173279,0.16632988750934596,nan,0.0,nan,0.0,0
8,340,2804,0.10617424242424243,2560,1.6328583478927612,0.37421875,0.8613248884677887,0.8256202965974808,0.25078125,0.3626020550727844,0.6076094537973404,0.03137257695198059,0.057558464258909224,0.7420781075954437,0.8606831192970276,-0.0006417691707610862,0.16632988750934596,nan,0.0,nan,0.0,0
8,352,2816,0.10662878787878789,1480,1.671020683726749,0.358783784589252,0.856428980182957,0.8232586995975392,0.2648648648648649,0.3771461488427343,0.6176102602804029,0.031372576770750255,0.052359327855142385,0.7304342121691317,0.8606831192970276,0.004254139114070576,0.16632988750934596,nan,0.0,nan,0.0,0
9,20,2836,0.10738636363636365,2560,1.6444170773029327,0.368359375,0.8613510400056839,0.8234539240598678,0.26484375,0.37689252346754076,0.6119016259908676,0.03137257695198059,0.05613382495939732,0.7390374034643173,0.8606831192970276,-0.0006679207086562888,0.16632988750934596,nan,0.0,0.3203125,0.371189500001492,0
9,40,2856,0.1081439393939394,2560,1.5939424812793732,0.394140625,0.8602733463048935,0.8244013607501983,0.253515625,0.3728001192212105,0.6090004056692123,0.03137257695198059,0.06270133927464486,0.7506436884403229,0.8613248884677887,0.0010515421628951582,0.16632988750934596,nan,0.0,nan,0.0,0
9,60,2876,0.10890151515151517,2560,1.6194381773471833,0.381640625,0.8533315807580948,0.815642562508583,0.2609375,0.39567981064319613,0.6086422175168991,0.03137257695198059,0.053169410675764084,0.7322727620601654,0.8602733463048935,0.006941765546798706,0.16632988750934596,nan,0.0,nan,0.0,0
9,80,2896,0.10965909090909093,2560,1.6110940277576447,0.390625,0.860211044549942,0.8236032038927078,0.25703125,0.3787456780672073,0.6155122220516205,0.03137257695198059,0.055292175337672236,0.7362526655197144,0.8602733463048935,6.230175495147705e-05,0.16632988750934596,nan,0.0,nan,0.0,0
9,100,2916,0.11041666666666668,2560,1.6280484318733215,0.38515625,0.8592635512351989,0.8262746393680572,0.241796875,0.3741933465003967,0.6070551693439483,0.03137257695198059,0.049653480760753155,0.7252253323793412,0.860211044549942,0.0009474933147430864,0.16632988750934596,nan,0.0,nan,0.0,0
9,120,2936,0.11117424242424244,2560,1.6565114259719849,0.36953125,0.8593112796545028,0.8236263483762741,0.259375,0.3918051481246948,0.6101610988378525,0.03137257695198059,0.0532067334279418,0.7339073210954666,0.860211044549942,0.0008997648954391924,0.16632988750934596,nan,0.0,0.34375,0.37232619999849703,0
9,140,2956,0.11193181818181819,2560,1.5938605844974518,0.390625,0.8568108320236206,0.8154628932476043,0.269921875,0.39633490741252897,0.6100383996963501,0.03137257695198059,0.05517500154674053,0.7384913951158524,0.8593112796545028,0.0025004476308821966,0.16632988750934596,nan,0.0,nan,0.0,0
9,160,2976,0.11268939393939395,2560,1.5901098668575286,0.39375,0.8525555223226547,0.8185633540153503,0.2640625,0.40992129445075987,0.6106297999620438,0.03137257695198059,0.05235346723347902,0.7324205547571182,0.8592635512351989,0.006708028912544184,0.16632988750934596,nan,0.0,nan,0.0,0
9,180,2996,0.11344696969696971,2560,1.622486811876297,0.372265625,0.8709329098463059,0.8294071346521378,0.253515625,0.3601612001657486,0.6063277155160904,0.03137257695198059,0.052249835804104805,0.7293098509311676,0.8592635512351989,-0.011669358611106961,0.16632988750934596,nan,0.0,nan,0.0,0
9,200,3016,0.11420454545454546,2560,1.6320808410644532,0.374609375,0.8502074092626571,0.8214442133903503,0.2625,0.38915165364742277,0.6106749385595321,0.03137257695198059,0.05419194046407938,0.7344979494810104,0.8592635512351989,0.009056141972541787,0.16632988750934596,nan,0.0,nan,0.0,0
9,220,3036,0.11496212121212122,2560,1.6331243634223938,0.37109375,0.856189826130867,0.8236010402441025,0.267578125,0.38197139501571653,0.6110581934452057,0.03137257695198059,0.052399459108710286,0.7311486274003982,0.8568108320236206,0.0006210058927536011,0.16632988750934596,nan,0.0,0.25,0.37649290000263136,0
9,240,3056,0.11571969696969697,2560,1.6033284366130829,0.385546875,0.8456523507833481,0.818310821056366,0.251171875,0.38568888157606124,0.6087443232536316,0.03137257695198059,0.052669784612953664,0.7314264595508575,0.856189826130867,0.010537475347518921,0.16632988750934596,nan,0.0,nan,0.0,0
9,260,3076,0.11647727272727273,2560,1.6341971099376678,0.375390625,0.8419815897941589,0.8122712641954422,0.28125,0.40624153316020967,0.6107371211051941,0.03137257695198059,0.05351416729390621,0.7329981356859208,0.8525555223226547,0.01057393252849581,0.16632988750934596,nan,0.0,nan,0.0,0
9,280,3096,0.1172348484848485,2560,1.600492137670517,0.391796875,0.843113249540329,0.8154143184423447,0.2703125,0.38909394294023514,0.6095493465662003,0.03137257695198059,0.053258482553064826,0.7328080236911774,0.8502074092626571,0.007094159722328186,0.16632988750934596,nan,0.0,nan,0.0,0
9,300,3116,0.11799242424242425,2560,1.6213657200336455,0.387109375,0.8504628956317901,0.8199197322130203,0.268359375,0.38983628153800964,0.6096083492040634,0.03137257695198059,0.05204048380255699,0.7317353874444962,0.8456523507833481,-0.004810544848442011,0.16632988750934596,nan,0.0,nan,0.0,0
9,320,3136,0.11875000000000001,2560,1.621301794052124,0.376171875,0.8407459884881974,0.8166004449129105,0.27734375,0.3874272033572197,0.6108978480100632,0.03137257695198059,0.05123691111803055,0.7285969465970993,0.8456523507833481,0.004906362295150735,0.16632988750934596,nan,0.0,0.3203125,0.37669190000451636,0
9,340,3156,0.11950757575757576,2560,1.598393404483795,0.39453125,0.8421715527772904,0.8143549770116806,0.269140625,0.3999372750520706,0.6071556240320206,0.03137257695198059,0.052432383969426156,0.7302411496639252,0.843113249540329,0.0009416967630385686,0.16632988750934596,nan,0.0,nan,0.0,0
9,352,3168,0.11996212121212123,1480,1.5955589410421012,0.40472973037410426,0.8357389572504405,0.8125154173051988,0.25945945929836584,0.4007483925368335,0.606944824876012,0.03137257695198059,0.05207264846241152,0.7317600507993955,0.8421715527772904,0.006432595526849938,0.16632988750934596,nan,0.0,nan,0.0,0
10,20,3188,0.12071969696969698,2560,1.6288758993148804,0.37109375,0.8503130853176117,0.8146878778934479,0.26796875,0.38800751119852067,0.6125189661979675,0.03137257695198059,0.05056327562779188,0.7275459736585617,0.8421715527772904,-0.00814153254032135,0.16632988750934596,nan,0.0,nan,0.0,0
10,40,3208,0.12147727272727274,2560,1.576254516839981,0.412890625,0.8454844683408738,0.8202387779951096,0.262890625,0.4035940125584602,0.603205892443657,0.03137257695198059,0.05359489507973194,0.7358211755752564,0.8421715527772904,-0.003312915563583374,0.16632988750934596,nan,0.0,nan,0.0,0
10,60,3228,0.1222348484848485,2560,1.5745959401130676,0.3921875,0.8367441058158874,0.8131693780422211,0.26015625,0.3916825160384178,0.6049176722764968,0.03137257695198059,0.054360701516270635,0.7323769241571426,0.8421715527772904,0.00542744696140296,0.16632988750934596,nan,0.0,0.328125,0.36955390000366606,0
10,80,3248,0.12299242424242425,2560,1.5798384308815003,0.3921875,0.8478721439838409,0.8202428340911865,0.26171875,0.39297440052032473,0.6132381618022918,0.03137257695198059,0.05134524889290333,0.7297228276729584,0.8421715527772904,-0.0057005912065505315,0.16632988750934596,nan,0.0,nan,0.0,0
10,100,3268,0.12375000000000001,2560,1.5807740271091462,0.3890625,0.8482018500566483,0.8150219172239304,0.269140625,0.3974410057067871,0.6082227230072021,0.03137257695198059,0.0547857727855444,0.7375705420970917,0.8454844683408738,-0.002717381715774514,0.16632988750934596,nan,0.0,nan,0.0,0
10,120,3288,0.12450757575757576,2560,1.5783862709999084,0.38984375,0.8357378154993057,0.8160024285316467,0.283203125,0.39338838756084443,0.6118905544281006,0.03137257695198059,0.04983233213424683,0.726559841632843,0.8478721439838409,0.012134328484535217,0.16632988750934596,nan,0.0,nan,0.0,0
10,140,3308,0.12526515151515152,2560,1.5707079350948334,0.405859375,0.8320707470178604,0.8123406946659089,0.268359375,0.4207237780094147,0.6048841029405594,0.03137257695198059,0.05287990923970938,0.7329608529806138,0.8454844683408738,0.013413721323013328,0.16632988750934596,nan,0.0,nan,0.0,0
10,160,3328,0.1260227272727273,2560,1.5625337362289429,0.400390625,0.8461954563856124,0.8159757196903229,0.272265625,0.3930654600262642,0.6055289149284363,0.03137257695198059,0.05505341328680515,0.7377103179693222,0.8367441058158874,-0.009451350569725014,0.16632988750934596,nan,0.0,0.2734375,0.37320780000300147,0
10,180,3348,0.12678030303030305,2560,1.5692298889160157,0.38671875,0.830592805147171,0.8095808893442153,0.284765625,0.39493316411972046,0.6041465938091278,0.03137257695198059,0.04945106003433466,0.725249993801117,0.8461954563856124,0.0156026512384414,0.16632988750934596,nan,0.0,nan,0.0,0
10,200,3368,0.12753787878787878,2560,1.5837792456150055,0.402734375,0.8323858588933944,0.8110280573368073,0.267578125,0.39804271310567857,0.6091181695461273,0.03137257695198059,0.05213109403848648,0.7303080648183823,0.8357378154993057,0.003351956605911255,0.16632988750934596,nan,0.0,nan,0.0,0
10,220,3388,0.12829545454545455,2560,1.563469523191452,0.401171875,0.8325494587421417,0.8185453027486801,0.274609375,0.4111764430999756,0.6060104578733444,0.03137257695198059,0.05210113879293203,0.7326455056667328,0.8323858588933944,-0.00016359984874725342,0.16632988750934596,nan,0.0,nan,0.0,0
10,240,3408,0.1290530303030303,2560,1.5881362497806548,0.39375,0.8299495428800583,0.8092224329710007,0.273828125,0.4012978419661522,0.6092305719852448,0.03137257695198059,0.049837182462215426,0.72612384557724,0.8323858588933944,0.0024363160133361594,0.16632988750934596,nan,0.0,nan,0.0,0
10,260,3428,0.12981060606060607,2560,1.5660553932189942,0.40625,0.8347035259008407,0.8132927149534226,0.260546875,0.40985567569732667,0.6072026789188385,0.03137257695198059,0.04927755389362574,0.7276469230651855,0.8323858588933944,-0.002317667007446289,0.16632988750934596,nan,0.0,0.328125,0.3748775999993086,0
10,280,3448,0.13056818181818183,2560,1.6296595633029938,0.38203125,0.8310445278882981,0.8058966487646103,0.26171875,0.386115662753582,0.6081908106803894,0.03137257695198059,0.04768351186066866,0.723136842250824,0.8323858588933944,0.001341331005096369,0.16632988750934596,nan,0.0,nan,0.0,0
10,300,3468,0.13132575757575757,2560,1.5449448108673096,0.411328125,0.8325958728790284,0.810150933265686,0.284765625,0.4110624879598618,0.6040910363197327,0.03137257695198059,0.04943176694214344,0.7272971391677856,0.8323858588933944,-0.0002100139856339167,0.16632988750934596,nan,0.0,nan,0.0,0
10,320,3488,0.13208333333333333,2560,1.575137621164322,0.393359375,0.8289514422416687,0.8100595086812973,0.269921875,0.40859882086515426,0.6071197688579559,0.03137257695198059,0.04591760504990816,0.7193344891071319,0.8325494587421417,0.003598016500472978,0.16632988750934596,nan,0.0,nan,0.0,0
10,340,3508,0.1328409090909091,2560,1.568981647491455,0.40390625,0.8338610887527466,0.816986745595932,0.280078125,0.4114211842417717,0.6095279842615128,0.03137257695198059,0.05106350444257259,0.7300453454256057,0.8310445278882981,-0.0028165608644484807,0.16632988750934596,nan,0.0,nan,0.0,0
10,352,3520,0.13329545454545455,1480,1.5659624067512719,0.41959459523896914,0.832885618789776,0.8143942014591113,0.25270270294434316,0.3933621994546942,0.6060736127801843,0.03137257695198059,0.04655770695692784,0.7159374701010214,0.8325958728790284,-0.00028974591074759637,0.16632988750934596,nan,0.0,0.3515625,0.38034800000605173,0
11,20,3540,0.1340530303030303,2560,1.5591238379478454,0.4015625,0.832715380191803,0.8088596552610398,0.273046875,0.40378234088420867,0.6108562737703324,0.03137257695198059,0.047375967353582384,0.7229562819004058,0.8325958728790284,-0.0001195073127746582,0.16632988750934596,nan,0.0,nan,0.0,0
11,40,3560,0.13481060606060608,2560,1.5529505372047425,0.415234375,0.8302984744310379,0.8131112635135651,0.26484375,0.418265400826931,0.6052439600229264,0.03137257695198059,0.04710093103349209,0.7212613940238952,0.832715380191803,0.0024169057607651423,0.16632988750934596,nan,0.0,nan,0.0,0
11,60,3580,0.13556818181818184,2560,1.572299462556839,0.402734375,0.8414943873882293,0.8121405422687531,0.267578125,0.38615089654922485,0.6067501246929169,0.03137257695198059,0.04472319930791855,0.7152622520923615,0.832715380191803,-0.008779007196426325,0.16632988750934596,nan,0.0,nan,0.0,0
11,80,3600,0.13632575757575757,2560,1.5443606197834014,0.41953125,0.8315061181783676,0.8130972743034363,0.262890625,0.39852352142333985,0.6044657528400421,0.03137257695198059,0.046096278540790084,0.7179689466953277,0.832885618789776,0.0013795006114083463,0.16632988750934596,nan,0.0,nan,0.0,0
11,100,3620,0.13708333333333333,2560,1.5512721121311188,0.41484375,0.8293016970157623,0.811401641368866,0.267578125,0.40949912965297697,0.6114800959825516,0.03137257695198059,0.04846059940755367,0.723903912305832,0.832715380191803,0.0034136831760407382,0.16632988750934596,nan,0.0,0.2890625,0.37573780000093393,0
11,120,3640,0.1378409090909091,2560,1.558067750930786,0.398828125,0.8278220653533935,0.8094991207122803,0.275,0.4087995275855064,0.6087232172489166,0.03137257695198059,0.050914188288152216,0.7295736938714981,0.8315061181783676,0.0036840528249740823,0.16632988750934596,nan,0.0,nan,0.0,0
11,140,3660,0.13859848484848486,2560,1.5569138824939728,0.4046875,0.8275175601243973,0.8113517969846725,0.27734375,0.3976965293288231,0.6100826442241669,0.03137257695198059,0.04791412726044655,0.7223523527383804,0.8302984744310379,0.002780914306640625,0.16632988750934596,nan,0.0,nan,0.0,0
11,160,3680,0.13935606060606062,2560,1.5532124280929565,0.40390625,0.8151590615510941,0.810429909825325,0.270703125,0.41139558553695676,0.6075969845056534,0.03137257695198059,0.050456336326897146,0.7282435595989227,0.8293016970157623,0.014142635464668207,0.16632988750934596,nan,0.0,nan,0.0,0
11,180,3700,0.14011363636363636,2560,1.5487505316734314,0.3921875,0.8225772857666016,0.8087962031364441,0.289453125,0.41224418580532074,0.6077442348003388,0.03137257695198059,0.049395420029759406,0.7254711776971817,0.8278220653533935,0.005244779586791926,0.16632988750934596,nan,0.0,nan,0.0,0
11,200,3720,0.14087121212121212,2560,1.5278329849243164,0.41328125,0.8234571248292923,0.8118768244981766,0.265625,0.41658240407705305,0.6057074338197708,0.03137257695198059,0.04995497390627861,0.7271257668733597,0.8275175601243973,0.004060435295104914,0.16632988750934596,nan,0.0,0.328125,0.374108799995156,0
11,220,3740,0.14162878787878788,2560,1.54312407374382,0.412890625,0.834181347489357,0.8128774166107178,0.2890625,0.40150018185377123,0.6111310601234436,0.03137257695198059,0.054650958999991416,0.7368007183074952,0.8234571248292923,-0.010724222660064675,0.16632988750934596,nan,0.0,nan,0.0,0
11,240,3760,0.14238636363636364,2560,1.5859834015369416,0.39453125,0.833235090970993,0.8086275905370712,0.27578125,0.4116808816790581,0.6056199550628663,0.03137257695198059,0.049357086233794686,0.7262410640716552,0.8234571248292923,-0.009777966141700678,0.16632988750934596,nan,0.0,nan,0.0,0
11,260,3780,0.1431439393939394,2560,1.5739321053028106,0.397265625,0.8395325034856796,0.8199811488389969,0.270703125,0.40675318390131,0.6036472499370575,0.03137257695198059,0.04879000782966614,0.7242823362350463,0.8234571248292923,-0.016075378656387307,0.16632988750934596,nan,0.0,nan,0.0,0
11,280,3800,0.14390151515151514,2560,1.5601333737373353,0.398828125,0.8331551343202591,0.8202180385589599,0.262109375,0.4009992003440857,0.6091377466917038,0.03137257695198059,0.052147038653492926,0.7327130407094955,0.833235090970993,7.995665073390334e-05,0.16632988750934596,nan,0.0,nan,0.0,0
11,300,3820,0.1446590909090909,2560,1.5525428295135497,0.41015625,0.826307886838913,0.8119212031364441,0.255078125,0.40685657113790513,0.6054194301366806,0.03137257695198059,0.05078228060156107,0.7278116434812546,0.833235090970993,0.006927204132080034,0.16632988750934596,nan,0.0,0.3125,0.3704017999989446,0
11,320,3840,0.14541666666666667,2560,1.5381088256835938,0.41484375,0.8186763674020767,0.8063579797744751,0.271875,0.41241524517536166,0.6072110652923584,0.03137257695198059,0.047413328848779204,0.7205141574144364,0.833235090970993,0.014558723568916299,0.16632988750934596,nan,0.0,nan,0.0,0
11,340,3860,0.14617424242424243,2560,1.5543589472770691,0.40703125,0.8105355232954026,0.8070230036973953,0.276953125,0.42034074366092683,0.6084012597799301,0.03137257695198059,0.04596969075500965,0.7182612031698227,0.8331551343202591,0.022619611024856545,0.16632988750934596,nan,0.0,nan,0.0,0
11,352,3872,0.1466287878787879,1480,1.5688868967262475,0.4067567564345695,0.8153208136558533,0.8076541687991168,0.2662162162162162,0.4070276463353956,0.6040793702409074,0.03137257695198059,0.04423867510379972,0.7149197617092649,0.826307886838913,0.010987073183059692,0.16632988750934596,nan,0.0,nan,0.0,0
12,20,3892,0.14738636363636365,2560,1.545117688179016,0.409375,0.8182331949472428,0.8077390223741532,0.26953125,0.41360572874546053,0.5995112270116806,0.03137257695198059,0.04471655860543251,0.7173758655786514,0.8186763674020767,0.00044317245483393997,0.16632988750934596,nan,0.0,nan,0.0,0
12,40,3912,0.1481439393939394,2560,1.4735682606697083,0.42578125,0.8206729590892792,0.8078897058963775,0.284765625,0.402449706196785,0.6044994622468949,0.03137257695198059,0.05093304887413978,0.7285375356674194,0.8182331949472428,-0.0024397641420363936,0.16632988750934596,nan,0.0,0.2421875,0.3868536999943899,0
12,60,3932,0.14890151515151515,2560,1.5659127056598663,0.401171875,0.8169474273920059,0.8079493343830109,0.27421875,0.41664318889379504,0.6037510126829148,0.03137257695198059,0.04861046504229307,0.7239618122577667,0.8182331949472428,0.0012857675552369052,0.16632988750934596,nan,0.0,nan,0.0,0
12,80,3952,0.1496590909090909,2560,1.5125125765800476,0.41640625,0.8054672122001648,0.8039573907852173,0.27734375,0.4020773470401764,0.6099551051855088,0.03137257695198059,0.04582638256251812,0.7193594098091125,0.8169474273920059,0.011480215191841059,0.16632988750934596,nan,0.0,nan,0.0,0
12,100,3972,0.15041666666666667,2560,1.5058725357055665,0.42421875,0.8062563210725784,0.8032673060894012,0.262109375,0.4096031203866005,0.6057488977909088,0.03137257695198059,0.04510627575218677,0.7166153609752655,0.8169474273920059,0.01069110631942749,0.16632988750934596,nan,0.0,nan,0.0,0
12,120,3992,0.15117424242424243,2560,1.5618487298488617,0.40703125,0.8171203553676605,0.8119780451059342,0.2875,0.42552526146173475,0.6018847316503525,0.03137257695198059,0.04860593918710947,0.7241627335548401,0.8169474273920059,-0.00017292797565460205,0.16632988750934596,nan,0.0,nan,0.0,0
12,140,4012,0.1519318181818182,2560,1.5259251534938811,0.422265625,0.8240919947624207,0.8102897852659225,0.256640625,0.39829017519950866,0.6045930415391922,0.03137257695198059,0.046149469912052155,0.7189916729927063,0.8169474273920059,-0.0071445673704148005,0.16632988750934596,nan,0.0,0.3359375,0.3695882000029087,0
12,160,4032,0.15268939393939396,2560,1.5324573397636414,0.416796875,0.8063184946775437,0.8041182368993759,0.266796875,0.42150653153657913,0.6013015985488892,0.03137257695198059,0.044543285854160786,0.716281858086586,0.8169474273920059,0.010628932714462191,0.16632988750934596,nan,0.0,nan,0.0,0
12,180,4052,0.1534469696969697,2560,1.5327099978923797,0.411328125,0.8182239472866059,0.8100954860448837,0.26796875,0.4048445776104927,0.610562664270401,0.03137257695198059,0.04925809018313885,0.7247007668018342,0.8063184946775437,-0.011905452609062173,0.16632988750934596,nan,0.0,nan,0.0,0
12,200,4072,0.15420454545454546,2560,1.5330567538738251,0.4234375,0.8133144706487656,0.802893340587616,0.280859375,0.4229984194040298,0.6078501641750336,0.03137257695198059,0.05146521776914596,0.7308451563119889,0.8171203553676605,0.0038058847188948697,0.16632988750934596,nan,0.0,nan,0.0,0
12,220,4092,0.15496212121212122,2560,1.4972724795341492,0.431640625,0.8116240739822388,0.8058670222759247,0.265234375,0.4073182836174965,0.6058838069438934,0.03137257695198059,0.04513060785830021,0.7165149301290512,0.8171203553676605,0.005496281385421686,0.16632988750934596,nan,0.0,nan,0.0,0
12,240,4112,0.15571969696969698,2560,1.548125785589218,0.396875,0.8112440317869186,0.8077073633670807,0.29140625,0.4208906427025795,0.6051873654127121,0.03137257695198059,0.04635022822767496,0.7179265469312668,0.8133144706487656,0.0020704388618469904,0.16632988750934596,nan,0.0,0.328125,0.3746069000044372,0
12,260,4132,0.15647727272727274,2560,1.508364301919937,0.428515625,0.810246154665947,0.8017307490110397,0.27265625,0.40116444379091265,0.6070347011089325,0.03137257695198059,0.049912213906645776,0.7262983083724975,0.8116240739822388,0.0013779193162918313,0.16632988750934596,nan,0.0,nan,0.0,0
12,280,4152,0.15723484848484848,2560,1.549561208486557,0.402734375,0.8211954087018967,0.8091499537229538,0.27265625,0.4083343520760536,0.6077835261821747,0.03137257695198059,0.045976033248007295,0.7188705474138259,0.8116240739822388,-0.009571334719657876,0.16632988750934596,nan,0.0,nan,0.0,0
12,300,4172,0.15799242424242424,2560,1.5474666237831116,0.401953125,0.8053892076015472,0.8045467615127564,0.28359375,0.4106599450111389,0.6002301782369613,0.03137257695198059,0.04393474068492651,0.7131240725517273,0.8116240739822388,0.006234866380691595,0.16632988750934596,nan,0.0,nan,0.0,0
12,320,4192,0.15875,2560,1.5629652440547943,0.403515625,0.8039132237434388,0.8031976222991943,0.287890625,0.4210358217358589,0.5996560633182526,0.03137257695198059,0.04457839690148831,0.7159930884838104,0.8112440317869186,0.007330808043479853,0.16632988750934596,nan,0.0,nan,0.0,0
12,340,4212,0.15950757575757576,2560,1.5314399182796479,0.42890625,0.8153880685567856,0.8022033900022507,0.26875,0.4077957943081856,0.6026298701763153,0.03137257695198059,0.046443297527730465,0.7198163628578186,0.810246154665947,-0.005141913890838623,0.16632988750934596,nan,0.0,0.2734375,0.3704674000036903,0
12,352,4224,0.15996212121212122,1480,1.5345509078051593,0.411486487130861,0.8042816323203009,0.8043180059742283,0.28040540564704586,0.4289617601278666,0.6054918588818731,0.03137257695198059,0.04536517278568165,0.7170558252850094,0.810246154665947,0.0059645223456460394,0.16632988750934596,nan,0.0,nan,0.0,0
13,20,4244,0.16071969696969698,2560,1.5134077668190002,0.433203125,0.8085761487483978,0.8035157710313797,0.256640625,0.4080785110592842,0.6031465113162995,0.03137257695198059,0.04453573692589998,0.7142995089292526,0.8053892076015472,-0.003186941146850586,0.16632988750934596,nan,0.0,nan,0.0,0
13,40,4264,0.16147727272727275,2560,1.5411653459072112,0.398828125,0.810097998380661,0.7996471613645554,0.2921875,0.4107200041413307,0.6062211602926254,0.03137257695198059,0.04734523575752973,0.720127284526825,0.8053892076015472,-0.004708790779113792,0.16632988750934596,nan,0.0,nan,0.0,0
13,60,4284,0.16223484848484848,2560,1.5368006765842437,0.409375,0.8184731006622314,0.8089378535747528,0.2703125,0.3976993754506111,0.600295153260231,0.03137257695198059,0.04361516535282135,0.7134433925151825,0.8085761487483978,-0.009896951913833663,0.16632988750934596,nan,0.0,nan,0.0,0
13,80,4304,0.16299242424242424,2560,1.5261562764644623,0.413671875,0.8204360336065293,0.8086003839969635,0.2734375,0.41200686395168307,0.6049612790346146,0.03137257695198059,0.050205503776669505,0.7269653528928757,0.810097998380661,-0.010338035225868292,0.16632988750934596,nan,0.0,0.2890625,0.36984379999921657,0
13,100,4324,0.16375,2560,1.5261951208114624,0.419921875,0.8042830288410187,0.8037470698356628,0.265234375,0.41194173991680144,0.6071655452251434,0.03137257695198059,0.04185843486338854,0.7077354222536087,0.810097998380661,0.005814969539642334,0.16632988750934596,nan,0.0,nan,0.0,0
13,120,4344,0.16450757575757577,2560,1.5129117846488953,0.425,0.7916125982999802,0.802164101600647,0.271484375,0.40902336239814757,0.6063085198402405,0.03137257695198059,0.04362292159348726,0.7115999698638916,0.810097998380661,0.01848540008068078,0.16632988750934596,nan,0.0,nan,0.0,0
13,140,4364,0.16526515151515153,2560,1.4984492182731628,0.422265625,0.804648494720459,0.800962969660759,0.28046875,0.43725797832012175,0.6041735529899597,0.03137257695198059,0.04389691073447466,0.7134348928928376,0.810097998380661,0.005449503660202026,0.16632988750934596,nan,0.0,nan,0.0,0
13,160,4384,0.16602272727272727,2560,1.5413398146629333,0.42265625,0.8166337877511978,0.8083420008420944,0.25546875,0.41022736132144927,0.6036084741353989,0.03137257695198059,0.04527759421616793,0.7169319242238998,0.804648494720459,-0.011985293030738808,0.16632988750934596,nan,0.0,nan,0.0,0
13,180,4404,0.16678030303030303,2560,1.5405409157276153,0.419140625,0.8052365511655808,0.8021499872207641,0.263671875,0.4074608743190765,0.6106692165136337,0.03137257695198059,0.04646133109927177,0.720305785536766,0.804648494720459,-0.0005880564451218318,0.16632988750934596,nan,0.0,0.28125,0.3732848999934504,0
13,200,4424,0.1675378787878788,2560,1.5503028273582458,0.407421875,0.8136558145284652,0.8073977351188659,0.28203125,0.4188865587115288,0.6058651119470596,0.03137257695198059,0.04361891057342291,0.7135797947645187,0.804648494720459,-0.009007319808006287,0.16632988750934596,nan,0.0,nan,0.0,0
13,220,4444,0.16829545454545455,2560,1.5577438831329347,0.414453125,0.8134700536727906,0.8063415706157684,0.28125,0.40437584817409516,0.6043336421251297,0.03137257695198059,0.04702059552073479,0.7196609824895859,0.8052365511655808,-0.008233502507209778,0.16632988750934596,nan,0.0,nan,0.0,0
13,240,4464,0.16905303030303032,2560,1.480899167060852,0.428125,0.803580230474472,0.808797225356102,0.27890625,0.42166546285152434,0.6024292171001434,0.03137257695198059,0.041556693613529205,0.7073442906141281,0.8134700536727906,0.009889823198318548,0.16632988750934596,nan,0.0,nan,0.0,0
13,260,4484,0.16981060606060605,2560,1.543939334154129,0.419921875,0.8127827286720276,0.8058371394872665,0.261328125,0.41586603224277496,0.605922719836235,0.03137257695198059,0.04445183239877224,0.7156996190547943,0.8134700536727906,0.0006873250007629617,0.16632988750934596,nan,0.0,nan,0.0,0
13,280,4504,0.1705681818181818,2560,1.5199071407318114,0.428125,0.8056186407804489,0.8013094663619995,0.2578125,0.40247046053409574,0.6039770931005478,0.03137257695198059,0.0397840041667223,0.7036770492792129,0.8127827286720276,0.007164087891578741,0.16632988750934596,nan,0.0,0.3125,0.3734658000030322,0
13,300,4524,0.1713257575757576,2560,1.5176069557666778,0.426953125,0.8097401618957519,0.8045294612646103,0.265625,0.42638031095266343,0.5983534693717957,0.03137257695198059,0.04505334794521332,0.7172894537448883,0.8127827286720276,0.003042566776275679,0.16632988750934596,nan,0.0,nan,0.0,0
13,320,4544,0.17208333333333337,2560,1.5434279322624207,0.4171875,0.7969194024801254,0.7998963862657547,0.2859375,0.4191190794110298,0.6055898219347,0.03137257695198059,0.045412400364875795,0.7190253466367722,0.8097401618957519,0.012820759415626548,0.16632988750934596,nan,0.0,nan,0.0,0
13,340,4564,0.1728409090909091,2560,1.5441084504127502,0.418359375,0.8073149859905243,0.8040786951780319,0.279296875,0.4309562936425209,0.6085116237401962,0.03137257695198059,0.047601076774299145,0.7239406198263169,0.8056186407804489,-0.001696345210075445,0.16632988750934596,nan,0.0,nan,0.0,0
13,352,4576,0.17329545454545456,1480,1.5290237935813698,0.42702702767140155,0.8048097378498799,0.8049466133117675,0.2567567565151163,0.414247182575432,0.6002357921084842,0.03137257695198059,0.04610198037447156,0.7219517047340805,0.8073149859905243,0.002505248140644456,0.16632988750934596,nan,0.0,nan,0.0,0
14,20,4596,0.17405303030303032,2560,1.4938278317451477,0.430078125,0.8060077756643296,0.8043589502573013,0.290234375,0.4186883747577667,0.6064574122428894,0.03137257695198059,0.04999295268207789,0.7287570118904114,0.8056186407804489,-0.00038913488388070405,0.16632988750934596,nan,0.0,0.3125,0.36842909999541007,0
14,40,4616,0.17481060606060606,2560,1.5638422667980194,0.409375,0.7954780787229538,0.8025779962539673,0.2546875,0.4242503672838211,0.6035194605588913,0.03137257695198059,0.04206705298274756,0.7093283385038376,0.8060077756643296,0.010529696941375732,0.16632988750934596,nan,0.0,nan,0.0,0
14,60,4636,0.17556818181818182,2560,1.5171189427375793,0.415625,0.8055173873901367,0.8070991665124894,0.301171875,0.43003139346838,0.5991487085819245,0.03137257695198059,0.044667046330869195,0.7162569344043732,0.8048097378498799,-0.0007076495402568161,0.16632988750934596,nan,0.0,nan,0.0,0
14,80,4656,0.17632575757575758,2560,1.5107451796531677,0.427734375,0.8053906321525574,0.8060587704181671,0.259765625,0.4183516830205917,0.6067535549402236,0.03137257695198059,0.04580918364226818,0.7185044020414353,0.8055173873901367,0.0001267552375793235,0.16632988750934596,nan,0.0,nan,0.0,0
14,100,4676,0.17708333333333334,2560,1.574375534057617,0.380859375,0.8060631215572357,0.7998016595840454,0.29765625,0.42956714034080506,0.6011598140001297,0.03137257695198059,0.04346236903220415,0.7130471855401993,0.8053906321525574,-0.0006724894046783447,0.16632988750934596,nan,0.0,nan,0.0,0
14,120,4696,0.1778409090909091,2560,1.5278510749340057,0.420703125,0.812602773308754,0.8052767604589463,0.261328125,0.39975180476903915,0.5987156093120575,0.03137257695198059,0.04646864850074053,0.7211700737476349,0.8055173873901367,-0.007085385918617293,0.16632988750934596,nan,0.0,0.28125,0.3728890000056708,0
14,140,4716,0.17859848484848484,2560,1.5465920925140382,0.40625,0.801743084192276,0.8052088558673859,0.27890625,0.4136139199137688,0.6008665919303894,0.03137257695198059,0.04480093717575073,0.7152873814105988,0.8055173873901367,0.003774303197860651,0.16632988750934596,nan,0.0,nan,0.0,0
14,160,4736,0.1793560606060606,2560,1.5583197057247162,0.41015625,0.815500658750534,0.811195906996727,0.2734375,0.4209056332707405,0.6014375209808349,0.03137257695198059,0.05138955730944872,0.730923843383789,0.8055173873901367,-0.009983271360397339,0.16632988750934596,nan,0.0,nan,0.0,0
14,180,4756,0.18011363636363636,2560,1.540065723657608,0.419140625,0.803827428817749,0.8034026056528092,0.262109375,0.39747737497091296,0.6037920862436295,0.03137257695198059,0.04340341407805681,0.7125914424657822,0.8060631215572357,0.00223569273948665,0.16632988750934596,nan,0.0,nan,0.0,0
14,200,4776,0.18087121212121213,2560,1.515530103445053,0.425390625,0.7958627372980118,0.7974998652935028,0.2703125,0.417081181704998,0.5959837824106217,0.03137257695198059,0.04381666760891676,0.7133298814296722,0.8060631215572357,0.010200384259223871,0.16632988750934596,nan,0.0,nan,0.0,0
14,220,4796,0.1816287878787879,2560,1.513135838508606,0.419140625,0.8061911851167679,0.804650005698204,0.28125,0.41843731701374054,0.6010921686887741,0.03137257695198059,0.04221674893051386,0.7106340378522873,0.803827428817749,-0.00236375629901886,0.16632988750934596,nan,0.0,0.2578125,0.3722198999894317,0
14,240,4816,0.18238636363636365,2560,1.5509191572666168,0.422265625,0.8056376039981842,0.8008430689573288,0.273046875,0.42362380474805833,0.5991914242506027,0.03137257695198059,0.042180145904421804,0.7106944978237152,0.803827428817749,-0.0018101751804351363,0.16632988750934596,nan,0.0,nan,0.0,0
14,260,4836,0.18314393939393941,2560,1.5022014319896697,0.425,0.7959832102060318,0.8064786463975906,0.271484375,0.40983147025108335,0.6051732629537583,0.03137257695198059,0.040181321650743486,0.7059917002916336,0.8056376039981842,0.009654393792152383,0.16632988750934596,nan,0.0,nan,0.0,0
14,280,4856,0.18390151515151518,2560,1.5316977024078369,0.41015625,0.8164500623941422,0.8067686945199967,0.286328125,0.41321654319763185,0.6026683986186981,0.03137257695198059,0.04562425836920738,0.7153738796710968,0.803827428817749,-0.01262263357639315,0.16632988750934596,nan,0.0,nan,0.0,0
14,300,4876,0.18465909090909094,2560,1.5293430387973785,0.425390625,0.8257519572973251,0.8088449001312256,0.275,0.4041702449321747,0.6028325647115708,0.03137257695198059,0.039380636624991895,0.7032696038484574,0.8056376039981842,-0.020114353299140908,0.16632988750934596,nan,0.0,nan,0.0,0
14,320,4896,0.18541666666666667,2560,1.5288675546646118,0.413671875,0.8078795224428177,0.8050308436155319,0.2703125,0.409022131562233,0.602258825302124,0.03137257695198059,0.04046045392751694,0.7047494053840637,0.8061911851167679,-0.0016883373260497825,0.16632988750934596,nan,0.0,0.2890625,0.3742846999957692,0
14,340,4916,0.18617424242424244,2560,1.513242882490158,0.41640625,0.7934157967567443,0.8001819789409638,0.285546875,0.4202173322439194,0.6051335781812668,0.03137257695198059,0.0407754197716713,0.7056989550590516,0.8078795224428177,0.014463725686073348,0.16632988750934596,nan,0.0,nan,0.0,0
14,352,4928,0.1866287878787879,1480,1.474060489680316,0.42162162162162165,0.8112974634041658,0.8073114797875688,0.2743243246465116,0.4023507856033944,0.6056838715398634,0.03137257695198059,0.04272842312584052,0.7133934327074,0.8078795224428177,-0.003417940961348065,0.16632988750934596,nan,0.0,nan,0.0,0
15,20,4948,0.18738636363636363,2560,1.5030210733413696,0.434375,0.815173813700676,0.8093572139739991,0.254296875,0.4170458421111107,0.5980588495731354,0.03137257695198059,0.04178006742149591,0.7085099190473556,0.8112974634041658,-0.0038763502965102337,0.16632988750934596,nan,0.0,nan,0.0,0
15,40,4968,0.1881439393939394,2560,1.5199653267860413,0.41484375,0.8118645071983337,0.8025038570165635,0.28359375,0.4195900931954384,0.5980809718370438,0.03137257695198059,0.041961459629237655,0.7092143714427948,0.8112974634041658,-0.0005670437941679429,0.16632988750934596,nan,0.0,nan,0.0,0
15,60,4988,0.18890151515151515,2560,1.5434677481651307,0.41171875,0.7932125240564346,0.7965507715940475,0.28203125,0.43135047852993014,0.6022887110710144,0.03137257695198059,0.04119334127753973,0.7079888015985489,0.8112974634041658,0.018084939347731144,0.16632988750934596,nan,0.0,0.3515625,0.3652760999975726,0
15,80,5008,0.18965909090909092,2560,1.514145165681839,0.4328125,0.8025953292846679,0.8048145413398743,0.253125,0.398505200445652,0.5979291468858718,0.03137257695198059,0.04180247709155083,0.709568390250206,0.8112974634041658,0.008702134119497829,0.16632988750934596,nan,0.0,nan,0.0,0
15,100,5028,0.19041666666666668,2560,1.5148801803588867,0.43125,0.7976511955261231,0.8040072321891785,0.260546875,0.4272228017449379,0.6019027978181839,0.03137257695198059,0.04103154316544533,0.7075362831354142,0.8112974634041658,0.013646267878042684,0.16632988750934596,nan,0.0,nan,0.0,0
15,120,5048,0.1911742424242424,2560,1.514061015844345,0.417578125,0.802959731221199,0.8069125086069107,0.278515625,0.41106499135494234,0.6067803919315338,0.03137257695198059,0.03858226351439953,0.7017092347145081,0.8025953292846679,-0.0003644019365310891,0.16632988750934596,nan,0.0,nan,0.0,0
15,140,5068,0.1919318181818182,2560,1.483053159713745,0.44921875,0.790745946764946,0.7942817836999894,0.265234375,0.42102221846580506,0.6003728419542312,0.03137257695198059,0.04366696234792471,0.7138300329446793,0.8025953292846679,0.011849382519721896,0.16632988750934596,nan,0.0,nan,0.0,0
15,160,5088,0.19268939393939397,2560,1.5445034682750702,0.409765625,0.7846733003854751,0.788095498085022,0.280078125,0.4359361842274666,0.6021705776453018,0.03137257695198059,0.03646634556353092,0.6945642918348313,0.7976511955261231,0.012977895140647955,0.16632988750934596,nan,0.0,0.3125,0.375511699996423,0
15,180,5108,0.19344696969696973,2560,1.5261303305625915,0.41171875,0.8085461229085922,0.8066365748643876,0.2828125,0.4115975722670555,0.605155074596405,0.03137257695198059,0.04216175694018602,0.7094772249460221,0.7976511955261231,-0.01089492738246911,0.16632988750934596,nan,0.0,nan,0.0,0
15,200,5128,0.19420454545454546,2560,1.5191814661026002,0.419921875,0.7966440171003342,0.8018802851438522,0.253515625,0.40448099225759504,0.6034340173006058,0.03137257695198059,0.03862535916268826,0.7021608173847198,0.7976511955261231,0.0010071784257889016,0.16632988750934596,nan,0.0,nan,0.0,0
15,220,5148,0.19496212121212123,2560,1.5061170041561127,0.42890625,0.8015658676624298,0.8058838069438934,0.265234375,0.40362510532140733,0.5997623711824417,0.03137257695198059,0.0414127342402935,0.707297432422638,0.7966440171003342,-0.004921850562095598,0.16632988750934596,nan,0.0,nan,0.0,0
15,240,5168,0.195719696969697,2560,1.5123695075511931,0.4265625,0.795979019999504,0.8031844109296798,0.2640625,0.42826088070869445,0.6008543848991394,0.03137257695198059,0.039767001569271085,0.7049714773893356,0.7966440171003342,0.0006649971008301225,0.16632988750934596,nan,0.0,nan,0.0,0
15,260,5188,0.19647727272727275,2560,1.5879975140094758,0.394921875,0.8136835098266602,0.8098879665136337,0.285546875,0.4154549017548561,0.6028143763542175,0.03137257695198059,0.04609259553253651,0.7182911068201066,0.7966440171003342,-0.01703949272632599,0.16632988750934596,nan,0.0,0.28125,0.3761704000062309,0
15,280,5208,0.1972348484848485,2560,1.514460378885269,0.417578125,0.8009064197540283,0.8031936824321747,0.28359375,0.42783035933971403,0.6076048761606216,0.03137257695198059,0.044245895184576514,0.7145601749420166,0.8015658676624298,0.0006594479084014448,0.16632988750934596,nan,0.0,nan,0.0,0
15,300,5228,0.19799242424242425,2560,1.4915366649627686,0.430859375,0.8034656584262848,0.8036677271127701,0.278125,0.41919088661670684,0.6018431544303894,0.03137257695198059,0.04128461591899395,0.7093180537223815,0.8009064197540283,-0.002559238672256492,0.16632988750934596,nan,0.0,nan,0.0,0
15,320,5248,0.19875,2560,1.5061147511005402,0.430859375,0.7908427655696869,0.7996043145656586,0.284375,0.42318117171525954,0.6009866237640381,0.03137257695198059,0.0439715476706624,0.7155389934778214,0.8015658676624298,0.010723102092742853,0.16632988750934596,nan,0.0,nan,0.0,0
15,340,5268,0.19950757575757577,2560,1.5046116292476654,0.42421875,0.797786071896553,0.7980224817991257,0.2859375,0.42040680050849916,0.6070280969142914,0.03137257695198059,0.0455324824899435,0.7191378235816955,0.8009064197540283,0.0031203478574752808,0.16632988750934596,nan,0.0,nan,0.0,0
15,352,5280,0.1999621212121212,1480,1.535034948426324,0.3993243243243243,0.812191895214287,0.8082290955491969,0.27567567607840976,0.41015049718521734,0.6039861047590102,0.03137257695198059,0.04134779655047365,0.7094729098113808,0.8009064197540283,-0.01128547546025871,0.16632988750934596,nan,0.0,0.3203125,0.3801887000008719,0
16,20,5300,0.19928030303030303,2560,1.4983016848564148,0.428515625,0.8086764931678772,0.8064224481582641,0.26484375,0.4388040691614151,0.5999023646116257,0.03137257695198059,0.04334845021367073,0.7138527154922485,0.8009064197540283,-0.0077700734138488325,0.16632988750934596,nan,0.0,nan,0.0,0
16,40,5320,0.1985227272727273,2560,1.5448386132717133,0.418359375,0.8001373946666718,0.8096250116825103,0.273046875,0.41545170694589617,0.6007137537002564,0.03137257695198059,0.04343208558857441,0.7130378723144531,0.8034656584262848,0.003328263759613037,0.16632988750934596,nan,0.0,nan,0.0,0
16,60,5340,0.1977651515151515,2560,1.4942422389984131,0.42890625,0.8034012764692307,0.8065480709075927,0.269140625,0.4259504094719887,0.6019684046506881,0.03137257695198059,0.045977992750704286,0.7197844564914704,0.8001373946666718,-0.0032638818025588767,0.16632988750934596,nan,0.0,nan,0.0,0
16,80,5360,0.19700757575757577,2560,1.517100077867508,0.42109375,0.806403836607933,0.8053446650505066,0.276953125,0.4205974265933037,0.6032615840435028,0.03137257695198059,0.04315773230046034,0.7118079841136933,0.8034012764692307,-0.0030025601387023704,0.16632988750934596,nan,0.0,nan,0.0,0
16,100,5380,0.19625,2560,1.5358354687690734,0.412109375,0.8057740867137909,0.800499239563942,0.271875,0.40837489664554594,0.6033706933259964,0.03137257695198059,0.04101427216082811,0.7105822205543518,0.806403836607933,0.0006297498941421065,0.16632988750934596,nan,0.0,0.296875,0.36985219999041874,0
16,120,5400,0.19549242424242427,2560,1.5011539041996003,0.410546875,0.802587828040123,0.8048486262559891,0.27734375,0.41188948452472685,0.6054004937410354,0.03137257695198059,0.0396675931289792,0.7041405856609344,0.8057740867137909,0.003186258673667952,0.16632988750934596,nan,0.0,nan,0.0,0
16,140,5420,0.19473484848484848,2560,1.5032868206501007,0.431640625,0.7921116411685943,0.8060833156108856,0.285546875,0.42542598843574525,0.6049691736698151,0.03137257695198059,0.040000558272004126,0.7044887721538544,0.8034012764692307,0.011289635300636314,0.16632988750934596,nan,0.0,nan,0.0,0
16,160,5440,0.19397727272727275,2560,1.5254338085651398,0.409375,0.7998731911182404,0.7991466730833053,0.252734375,0.40641980469226835,0.6047264337539673,0.03137257695198059,0.04171768147498369,0.7092114418745041,0.8034012764692307,0.003528085350990251,0.16632988750934596,nan,0.0,nan,0.0,0
16,180,5460,0.19321969696969699,2560,1.5166037559509278,0.428125,0.7945817798376084,0.8000403195619583,0.266015625,0.40128238350152967,0.6037962794303894,0.03137257695198059,0.046230629272758963,0.7215934544801712,0.802587828040123,0.008006048202514604,0.16632988750934596,nan,0.0,nan,0.0,0
16,200,5480,0.19246212121212125,2560,1.5319082617759705,0.41796875,0.7974221765995025,0.7999726831912994,0.275,0.4332427680492401,0.6025887995958328,0.03137257695198059,0.041436468996107576,0.7100184589624405,0.7998731911182404,0.0024510145187378596,0.16632988750934596,nan,0.0,0.2734375,0.3771749000006821,0
16,220,5500,0.19170454545454546,2560,1.5500621557235719,0.408203125,0.8021275907754898,0.8033076137304306,0.290625,0.39846071898937224,0.6065422236919403,0.03137257695198059,0.037449094373732804,0.6992531239986419,0.7974221765995025,-0.004705414175987244,0.16632988750934596,nan,0.0,nan,0.0,0
16,240,5520,0.19094696969696973,2560,1.4978023052215577,0.419921875,0.8007298350334168,0.801171001791954,0.2921875,0.4249857321381569,0.601007729768753,0.03137257695198059,0.03918580822646618,0.7025981247425079,0.7974221765995025,-0.003307658433914229,0.16632988750934596,nan,0.0,nan,0.0,0
16,260,5540,0.19018939393939394,2560,1.5081128418445586,0.43203125,0.7944327354431152,0.8039643794298172,0.2703125,0.4099286288022995,0.5977750301361084,0.03137257695198059,0.040020303800702095,0.7042827844619751,0.7998731911182404,0.005440455675125189,0.16632988750934596,nan,0.0,nan,0.0,0
16,280,5560,0.1894318181818182,2560,1.5316200077533721,0.4265625,0.7939887851476669,0.7905173093080521,0.271484375,0.4346903502941132,0.6067764461040497,0.03137257695198059,0.045965918339788914,0.7203270792961121,0.7974221765995025,0.0034333914518356323,0.16632988750934596,nan,0.0,nan,0.0,0
16,300,5580,0.18867424242424244,2560,1.4913963556289673,0.433984375,0.7976845473051071,0.804838839173317,0.27109375,0.41819919645786285,0.604904568195343,0.03137257695198059,0.041664371639490126,0.7076908499002457,0.7974221765995025,-0.000262370705604531,0.16632988750934596,nan,0.0,0.21875,0.37618629999633413,0
16,320,5600,0.1879166666666667,2560,1.4918151915073394,0.4359375,0.779273247718811,0.8010556787252426,0.273046875,0.42985464483499525,0.5997827142477036,0.03137257695198059,0.03898013010621071,0.702268847823143,0.7976845473051071,0.01841129958629606,0.16632988750934596,nan,0.0,nan,0.0,0
16,340,5620,0.1871590909090909,2560,1.531770920753479,0.409765625,0.7911929011344909,0.7977476954460144,0.3,0.4243961974978447,0.6044950038194656,0.03137257695198059,0.040103049017488956,0.7049917370080948,0.7944327354431152,0.0032398343086242898,0.16632988750934596,nan,0.0,nan,0.0,0
16,352,5632,0.18670454545454548,1480,1.4908905673671413,0.42500000064437454,0.7983085223146387,0.8071471813562754,0.29864864816536774,0.4157518496384492,0.6007465191789576,0.03137257695198059,0.036455797887331734,0.6958751788010469,0.7939887851476669,-0.00431973716697176,0.16632988750934596,nan,0.0,nan,0.0,0
17,20,5652,0.1859469696969697,2560,1.4672062575817109,0.430078125,0.7895386993885041,0.7962822109460831,0.27578125,0.4126834377646446,0.5996263086795807,0.03137257695198059,0.039662627317011354,0.7025724053382874,0.7939887851476669,0.004450085759162836,0.16632988750934596,nan,0.0,nan,0.0,0
17,40,5672,0.18518939393939396,2560,1.502594381570816,0.421484375,0.7919333130121231,0.7984394311904908,0.28359375,0.4421806126832962,0.6036598384380341,0.03137257695198059,0.04339281320571899,0.7143043011426926,0.7911929011344909,-0.0007404118776321855,0.16632988750934596,nan,0.0,0.34375,0.3868829999992158,0
17,60,5692,0.1844318181818182,2560,1.4916732788085938,0.4265625,0.8059427797794342,0.8024872004985809,0.27421875,0.39556518793106077,0.6005892634391785,0.03137257695198059,0.04010357465595007,0.7050679594278335,0.7911929011344909,-0.01474987864494326,0.16632988750934596,nan,0.0,nan,0.0,0
17,80,5712,0.18367424242424246,2560,1.4657934486865998,0.43828125,0.7788698852062226,0.7961195856332779,0.284375,0.44123975485563277,0.6036317378282547,0.03137257695198059,0.04021924287080765,0.7055188059806824,0.7919333130121231,0.01306342780590053,0.16632988750934596,nan,0.0,nan,0.0,0
17,100,5732,0.18291666666666667,2560,1.5107348799705504,0.426953125,0.7968257963657379,0.7956080347299576,0.286328125,0.4318888083100319,0.6044062495231628,0.03137257695198059,0.0417256286367774,0.7090588092803956,0.7919333130121231,-0.004892483353614807,0.16632988750934596,nan,0.0,nan,0.0,0
17,120,5752,0.18215909090909094,2560,1.4806556105613708,0.4359375,0.8024749130010604,0.8011748224496842,0.27890625,0.42913873344659803,0.6039385706186294,0.03137257695198059,0.04140448532998562,0.7059843689203262,0.7919333130121231,-0.010541599988937334,0.16632988750934596,nan,0.0,nan,0.0,0
17,140,5772,0.18140151515151515,2560,1.474152421951294,0.44765625,0.7797429025173187,0.7933361232280731,0.284765625,0.4299661830067635,0.6043794184923172,0.03137257695198059,0.03946538064628839,0.7039661258459091,0.7968257963657379,0.01708289384841921,0.16632988750934596,nan,0.0,0.359375,0.37405900000885595,0
17,160,5792,0.1806439393939394,2560,1.4949393272399902,0.434765625,0.7916439890861511,0.8004656672477722,0.264453125,0.42547853887081144,0.6024854183197021,0.03137257695198059,0.04214007277041674,0.710632500052452,0.7968257963657379,0.005181807279586836,0.16632988750934596,nan,0.0,nan,0.0,0
17,180,5812,0.17988636363636365,2560,1.461826241016388,0.438671875,0.7988826870918274,0.8006392300128937,0.291015625,0.4454478114843369,0.5988387048244477,0.03137257695198059,0.046282011270523074,0.7194993108510971,0.7916439890861511,-0.007238698005676336,0.16632988750934596,nan,0.0,nan,0.0,0
17,200,5832,0.17912878787878792,2560,1.4772170722484588,0.4359375,0.7922335147857666,0.8000169277191163,0.284765625,0.4212947338819504,0.6041959285736084,0.03137257695198059,0.04211603458970785,0.7096623063087464,0.7968257963657379,0.004592281579971269,0.16632988750934596,nan,0.0,nan,0.0,0
17,220,5852,0.17837121212121212,2560,1.4563320636749268,0.43984375,0.7793183863162995,0.7870226740837097,0.28046875,0.44330077469348905,0.6058939814567565,0.03137257695198059,0.04014237802475691,0.7035300344228744,0.7922335147857666,0.012915128469467185,0.16632988750934596,nan,0.0,nan,0.0,0
17,240,5872,0.1776136363636364,2560,1.465184396505356,0.444140625,0.7875595420598984,0.7908570766448975,0.28984375,0.41824484765529635,0.6023580014705658,0.03137257695198059,0.040093117766082285,0.70694639980793,0.7916439890861511,0.004084447026252658,0.16632988750934596,nan,0.0,0.3359375,0.3759191999997711,0
17,260,5892,0.17685606060606063,2560,1.4686397910118103,0.451953125,0.7761874228715897,0.7879570245742797,0.274609375,0.44278932362794876,0.5996098995208741,0.03137257695198059,0.04086372852325439,0.7067765295505524,0.7916439890861511,0.015456566214561374,0.16632988750934596,nan,0.0,nan,0.0,0
17,280,5912,0.17609848484848484,2560,1.4753688275814056,0.437109375,0.7892121881246567,0.8019615322351455,0.26484375,0.4055701866745949,0.6010447442531586,0.03137257695198059,0.04009160827845335,0.7031650483608246,0.7875595420598984,-0.0016526460647582342,0.16632988750934596,nan,0.0,nan,0.0,0
17,300,5932,0.1753409090909091,2560,1.4722306251525878,0.43671875,0.7779834300279618,0.7911252498626709,0.28515625,0.42897333651781083,0.5999667018651962,0.03137257695198059,0.039416559413075446,0.7027039438486099,0.7875595420598984,0.009576112031936646,0.16632988750934596,nan,0.0,nan,0.0,0
17,320,5952,0.1745833333333333,2560,1.490725153684616,0.440625,0.782650476694107,0.7955181330442429,0.278125,0.42870000898838045,0.6064368098974228,0.03137257695198059,0.03883306607604027,0.7013313502073288,0.7793183863162995,-0.0033320903778075728,0.16632988750934596,nan,0.0,nan,0.0,0
17,340,5972,0.17382575757575758,2560,1.4978370428085328,0.436328125,0.7951217085123062,0.8015243709087372,0.27265625,0.42327371388673785,0.6009407281875611,0.03137257695198059,0.040062399581074715,0.7063390612602234,0.782650476694107,-0.012471231818199202,0.16632988750934596,nan,0.0,0.3125,0.3712939999968512,0
17,352,5984,0.17337121212121215,1480,1.480838559124921,0.4371621616788813,0.7764437859122818,0.7926190508378519,0.295270269948083,0.42882429377452747,0.603040117186469,0.03137257695198059,0.04107827697251294,0.7074169825863194,0.782650476694107,0.00620669078182523,0.16632988750934596,nan,0.0,nan,0.0,0
18,20,6004,0.17261363636363636,2560,1.4451126635074616,0.449609375,0.7810000419616699,0.7908676326274872,0.28359375,0.4306993082165718,0.6026106715202332,0.03137257695198059,0.03754977453500032,0.699608051776886,0.782650476694107,0.0016504347324370894,0.16632988750934596,nan,0.0,nan,0.0,0
18,40,6024,0.17185606060606062,2560,1.4638105750083923,0.440234375,0.7633901536464691,0.7850668787956238,0.27890625,0.44353956580162046,0.6010049343109131,0.03137257695198059,0.03880828395485878,0.7019324600696564,0.7810000419616699,0.017609888315200828,0.16632988750934596,nan,0.0,nan,0.0,0
18,60,6044,0.17109848484848486,2560,1.4541923820972442,0.43359375,0.7699621021747589,0.7916988551616668,0.295703125,0.422275410592556,0.5962413966655731,0.03137257695198059,0.03999972566962242,0.7040464609861374,0.7810000419616699,0.011037939786911033,0.16632988750934596,nan,0.0,nan,0.0,0
18,80,6064,0.17034090909090913,2560,1.458363789319992,0.456640625,0.7799435973167419,0.7907386958599091,0.258203125,0.4321288004517555,0.6045084863901138,0.03137257695198059,0.039228629879653455,0.7028287559747696,0.7764437859122818,-0.003499811404460096,0.16632988750934596,nan,0.0,0.3125,0.375271500000963,0
18,100,6084,0.16958333333333334,2560,1.497389370203018,0.423046875,0.7883368790149688,0.7905470728874207,0.308984375,0.4344221502542496,0.6085149317979812,0.03137257695198059,0.03877433557063341,0.7020304590463639,0.7764437859122818,-0.011893093102687047,0.16632988750934596,nan,0.0,nan,0.0,0
18,120,6104,0.1688257575757576,2560,1.45776486992836,0.44140625,0.7917171746492386,0.796440777182579,0.2625,0.43210271596908567,0.6028429925441742,0.03137257695198059,0.038541536591947076,0.7015467166900635,0.7799435973167419,-0.011773577332496732,0.16632988750934596,nan,0.0,nan,0.0,0
18,140,6124,0.16806818181818184,2560,1.448467481136322,0.4515625,0.7865085363388061,0.7929359674453735,0.2609375,0.43308004587888715,0.6028634548187256,0.03137257695198059,0.039944656379520896,0.7056274592876435,0.7799435973167419,-0.006564939022064231,0.16632988750934596,nan,0.0,nan,0.0,0
18,160,6144,0.1673106060606061,2560,1.39955974817276,0.4578125,0.7743514686822891,0.7906858056783677,0.282421875,0.4232616513967514,0.6004144221544265,0.03137257695198059,0.03796214945614338,0.7009570628404618,0.7865085363388061,0.012157067656517029,0.16632988750934596,nan,0.0,nan,0.0,0
18,180,6164,0.1665530303030303,2560,1.4347796797752381,0.433203125,0.7797221422195435,0.7957992762327194,0.29765625,0.45223005712032316,0.6032052516937256,0.03137257695198059,0.03912091702222824,0.7024202823638916,0.7865085363388061,0.006786394119262629,0.16632988750934596,nan,0.0,0.3828125,0.38087670000095386,0
18,200,6184,0.16579545454545452,2560,1.4916790008544922,0.42265625,0.7938807666301727,0.7965719997882843,0.285546875,0.40968929082155225,0.60608891248703,0.03137257695198059,0.03996443729847669,0.705987423658371,0.7865085363388061,-0.007372230291366577,0.16632988750934596,nan,0.0,nan,0.0,0
18,220,6204,0.1650378787878788,2560,1.4720616459846496,0.44296875,0.7782746434211731,0.7952853143215179,0.270703125,0.4245619550347328,0.5993426144123077,0.03137257695198059,0.038280198164284227,0.7017589718103409,0.7865085363388061,0.00823389291763299,0.16632988750934596,nan,0.0,nan,0.0,0
18,240,6224,0.16428030303030303,2560,1.4485751509666442,0.45390625,0.7864581286907196,0.7938565731048584,0.26640625,0.41715445220470426,0.6089690059423447,0.03137257695198059,0.036756130680441854,0.6975593775510788,0.7797221422195435,-0.006735986471176125,0.16632988750934596,nan,0.0,nan,0.0,0
18,260,6244,0.1635227272727273,2560,1.4546574711799622,0.4484375,0.7811245709657669,0.7967146754264831,0.273046875,0.43503706604242326,0.5985416620969772,0.03137257695198059,0.03604829460382462,0.6933978915214538,0.7797221422195435,-0.0014024287462234275,0.16632988750934596,nan,0.0,nan,0.0,0
18,280,6264,0.1627651515151515,2560,1.4405855000019074,0.45,0.7859522432088852,0.7898742884397507,0.273828125,0.42425707131624224,0.5987446039915085,0.03137257695198059,0.04186834916472435,0.7100418150424957,0.7811245709657669,-0.004827672243118308,0.16632988750934596,nan,0.0,0.359375,0.3785776000004262,0
18,300,6284,0.16200757575757577,2560,1.4587586164474486,0.443359375,0.7828469514846802,0.7954259365797043,0.286328125,0.4525686427950859,0.6054762750864029,0.03137257695198059,0.04194914046674967,0.7093444466590881,0.7859522432088852,0.0031052917242050393,0.16632988750934596,nan,0.0,nan,0.0,0
18,320,6304,0.16125,2560,1.481260734796524,0.437890625,0.7757809102535248,0.7923689663410187,0.282421875,0.426310858130455,0.598974758386612,0.03137257695198059,0.0422369321808219,0.71042600274086,0.7828469514846802,0.0070660412311553955,0.16632988750934596,nan,0.0,nan,0.0,0
18,340,6324,0.16049242424242427,2560,1.4846134185791016,0.4296875,0.7721276491880417,0.7914711147546768,0.28203125,0.4296701803803444,0.5963413447141648,0.03137257695198059,0.038353871926665305,0.7002408117055893,0.7828469514846802,0.010719302296638533,0.16632988750934596,nan,0.0,nan,0.0,0
18,352,6336,0.1600378787878788,1480,1.386335977992496,0.47297297329516025,0.7838828273721643,0.7932982483425656,0.25878378394487744,0.39744252916928885,0.6036214441866488,0.03137257695198059,0.03943404404295457,0.7029319035040366,0.7811245709657669,-0.0027582564063973747,0.16632988750934596,nan,0.0,nan,0.0,0
19,20,6356,0.15928030303030305,2560,1.4544322431087493,0.442578125,0.775497379899025,0.7938962519168854,0.28515625,0.447056682407856,0.6001742213964463,0.03137257695198059,0.04109019488096237,0.7076677650213241,0.7828469514846802,0.00734957158565519,0.16632988750934596,nan,0.0,0.328125,0.3771231999999145,0
19,40,6376,0.15852272727272732,2560,1.4294872403144836,0.450390625,0.7726251721382141,0.7885345667600632,0.283984375,0.43187375664711,0.6025248497724534,0.03137257695198059,0.03883601501584053,0.7021789997816086,0.7757809102535248,0.003155738115310669,0.16632988750934596,nan,0.0,nan,0.0,0
19,60,6396,0.15776515151515152,2560,1.4554195940494536,0.44296875,0.7717313170433044,0.7903456509113311,0.28125,0.44286434054374696,0.5994645655155182,0.03137257695198059,0.039276435226202014,0.7030161291360855,0.775497379899025,0.0037660628557205644,0.16632988750934596,nan,0.0,nan,0.0,0
19,80,6416,0.1570075757575758,2560,1.432512891292572,0.444921875,0.7775686621665955,0.7889699459075927,0.284375,0.4319906711578369,0.6099300563335419,0.03137257695198059,0.04027366917580366,0.7054543614387512,0.7726251721382141,-0.004943490028381348,0.16632988750934596,nan,0.0,nan,0.0,0
19,100,6436,0.15625,2560,1.4178967714309691,0.448046875,0.7802217990159989,0.7914428919553756,0.29140625,0.43389133363962173,0.6017571926116944,0.03137257695198059,0.03919454049319029,0.7044614911079407,0.775497379899025,-0.004724419116973855,0.16632988750934596,nan,0.0,nan,0.0,0
19,120,6456,0.15549242424242424,2560,1.4983664751052856,0.4234375,0.7790364444255828,0.7940525233745575,0.275390625,0.4335514083504677,0.6070072382688523,0.03137257695198059,0.0399188095703721,0.7053512692451477,0.775497379899025,-0.0035390645265578335,0.16632988750934596,nan,0.0,0.296875,0.37778480000270065,0
19,140,6476,0.1547348484848485,2560,1.449254834651947,0.437890625,0.7850166350603104,0.7984555780887603,0.281640625,0.39913944602012635,0.603545019030571,0.03137257695198059,0.03652167599648237,0.6965579748153686,0.7775686621665955,-0.007447972893714905,0.16632988750934596,nan,0.0,nan,0.0,0
19,160,6496,0.1539772727272727,2560,1.4381607830524445,0.470703125,0.767871442437172,0.7865235865116119,0.26484375,0.45472569912672045,0.5989527583122254,0.03137257695198059,0.03660328686237335,0.6965829372406006,0.7790364444255828,0.011165001988410861,0.16632988750934596,nan,0.0,nan,0.0,0
19,180,6516,0.15321969696969698,2560,1.4631827294826507,0.4453125,0.7829142928123474,0.7956096827983856,0.271875,0.4294417589902878,0.6056007593870163,0.03137257695198059,0.037200940400362016,0.6995159983634949,0.7790364444255828,-0.0038778483867645264,0.16632988750934596,nan,0.0,nan,0.0,0
19,200,6536,0.15246212121212122,2560,1.435223537683487,0.45390625,0.7680220276117324,0.7908185422420502,0.26171875,0.4232567071914673,0.6009664118289948,0.03137257695198059,0.03813036195933819,0.6996504902839661,0.7802217990159989,0.012199771404266424,0.16632988750934596,nan,0.0,nan,0.0,0
19,220,6556,0.15170454545454548,2560,1.4554556131362915,0.446875,0.7743569523096084,0.7863818049430847,0.283203125,0.45035911053419114,0.5950721949338913,0.03137257695198059,0.03874343335628509,0.701355841755867,0.7790364444255828,0.004679492115974404,0.16632988750934596,nan,0.0,0.3359375,0.37590179999824613,0
19,240,6576,0.1509469696969697,2560,1.4506590962409973,0.43125,0.7789076834917068,0.7893404841423035,0.295703125,0.431051142513752,0.6001144617795944,0.03137257695198059,0.03832121398299933,0.7010350525379181,0.7743569523096084,-0.0045507311820983665,0.16632988750934596,nan,0.0,nan,0.0,0
19,260,6596,0.15018939393939396,2560,1.4215815901756286,0.459765625,0.7831472963094711,0.7932361781597137,0.260546875,0.422161278128624,0.6007409662008285,0.03137257695198059,0.038053196109831336,0.698652270436287,0.7743569523096084,-0.008790343999862671,0.16632988750934596,nan,0.0,nan,0.0,0
19,280,6616,0.14943181818181817,2560,1.389807015657425,0.469140625,0.7678617626428604,0.7922596156597137,0.276953125,0.42778686583042147,0.5948710322380066,0.03137257695198059,0.03841595221310854,0.7023135989904403,0.7789076834917068,0.011045920848846369,0.16632988750934596,nan,0.0,nan,0.0,0
19,300,6636,0.14867424242424243,2560,1.4385118544101716,0.448828125,0.7811270773410797,0.7969583123922348,0.28984375,0.4572868809103966,0.6047095239162446,0.03137257695198059,0.040044051967561244,0.7057297229766846,0.7743569523096084,-0.00677012503147123,0.16632988750934596,nan,0.0,nan,0.0,0
19,320,6656,0.14791666666666667,2560,1.3880714654922486,0.476953125,0.7680413454771042,0.7887050867080688,0.276171875,0.42874746918678286,0.6035078883171081,0.03137257695198059,0.03404898997396231,0.6878649115562439,0.7789076834917068,0.010866338014602572,0.16632988750934596,nan,0.0,0.3671875,0.377990500011947,0
19,340,6676,0.14715909090909093,2560,1.4043078243732452,0.46640625,0.7641739338636399,0.7820910304784775,0.2828125,0.44114785492420194,0.6021154016256333,0.03137257695198059,0.03813726585358381,0.7024948567152023,0.7789076834917068,0.01473374962806695,0.16632988750934596,nan,0.0,nan,0.0,0
19,352,6688,0.14670454545454548,1480,1.485266149366224,0.4418918923751728,0.7688259189193313,0.7881675623558663,0.2695945941113137,0.45618272874806376,0.6060945124239535,0.03137257695198059,0.03641543442735801,0.6955242656372689,0.7680413454771042,-0.0007845734422270434,0.16632988750934596,nan,0.0,nan,0.0,0
20,20,6708,0.14594696969696971,2560,1.4048026919364929,0.4578125,0.7750624537467956,0.7851990014314651,0.299609375,0.4176878809928894,0.6060208767652512,0.03137257695198059,0.039240514114499095,0.7040204256772995,0.7680413454771042,-0.0070211082696913785,0.16632988750934596,nan,0.0,nan,0.0,0
20,40,6728,0.14518939393939392,2560,1.3743775546550752,0.47578125,0.7739896744489669,0.7899826228618622,0.26953125,0.4380566909909248,0.5994543880224228,0.03137257695198059,0.037935299798846245,0.7000607341527939,0.7688259189193313,-0.005163755529635661,0.16632988750934596,nan,0.0,nan,0.0,0
20,60,6748,0.1444318181818182,2560,1.4469800114631652,0.4421875,0.7600179791450501,0.7854819178581238,0.283984375,0.4521005406975746,0.611516210436821,0.03137257695198059,0.040238946303725244,0.7081965327262878,0.7688259189193313,0.008807939774281182,0.16632988750934596,nan,0.0,0.359375,0.3657076999952551,0
20,80,6768,0.1436742424242424,2560,1.3880986213684081,0.468359375,0.7867053359746933,0.7968584835529328,0.271484375,0.41700122207403184,0.6029515743255616,0.03137257695198059,0.038355464581400156,0.6989189326763153,0.7688259189193313,-0.017879417055362,0.16632988750934596,nan,0.0,nan,0.0,0
20,100,6788,0.14291666666666666,2560,1.406746220588684,0.46328125,0.7793682724237442,0.7914998590946197,0.270703125,0.4476985603570938,0.5994247645139694,0.03137257695198059,0.037123686820268634,0.6988253265619278,0.7739896744489669,-0.005378597974777244,0.16632988750934596,nan,0.0,nan,0.0,0
20,120,6808,0.1421590909090909,2560,1.4264095783233643,0.4421875,0.7684143155813217,0.7892151087522506,0.281640625,0.42248634397983553,0.6059168696403503,0.03137257695198059,0.03778387848287821,0.6978422969579696,0.7750624537467956,0.006648138165473938,0.16632988750934596,nan,0.0,nan,0.0,0
20,140,6828,0.14140151515151517,2560,1.4219441950321197,0.44921875,0.7682706356048584,0.7891052454710007,0.283984375,0.43728998452425005,0.6022492945194244,0.03137257695198059,0.036683670990169046,0.6948349326848984,0.7739896744489669,0.005719038844108515,0.16632988750934596,nan,0.0,nan,0.0,0
20,160,6848,0.14064393939393938,2560,1.4067038655281068,0.465234375,0.7679401755332946,0.7852408289909363,0.28203125,0.4468703120946884,0.6071917414665222,0.03137257695198059,0.037553852703422305,0.6983214437961578,0.7684143155813217,0.0004741400480270386,0.16632988750934596,nan,0.0,0.3515625,0.37730789999477565,0
20,180,6868,0.13988636363636364,2560,1.3940913021564483,0.476171875,0.7810033589601517,0.7873419642448425,0.281640625,0.4227937549352646,0.6028426051139831,0.03137257695198059,0.0425239497795701,0.7114419370889664,0.7684143155813217,-0.012589043378830045,0.16632988750934596,nan,0.0,nan,0.0,0
20,200,6888,0.13912878787878788,2560,1.4000138580799102,0.4703125,0.7649740785360336,0.7891605615615844,0.26640625,0.44508672654628756,0.6079231411218643,0.03137257695198059,0.036441849544644356,0.6945446252822876,0.7684143155813217,0.0034402370452880637,0.16632988750934596,nan,0.0,nan,0.0,0
20,220,6908,0.13837121212121214,2560,1.4070182144641876,0.4640625,0.7610495239496231,0.7830089807510376,0.2703125,0.43431890457868577,0.5992764979600906,0.03137257695198059,0.03684205785393715,0.6968748241662979,0.7682706356048584,0.007221111655235313,0.16632988750934596,nan,0.0,nan,0.0,0
20,240,6928,0.13761363636363635,2560,1.4299077451229096,0.462109375,0.7654454201459885,0.7888725459575653,0.260546875,0.42152500003576276,0.6026901483535767,0.03137257695198059,0.03584726098924875,0.6938453406095505,0.7679401755332946,0.0024947553873061468,0.16632988750934596,nan,0.0,nan,0.0,0
20,260,6948,0.13685606060606062,2560,1.3811285734176635,0.4640625,0.7634712725877761,0.7841465175151825,0.289453125,0.4463102251291275,0.6036537438631058,0.03137257695198059,0.03571583544835448,0.6942802548408509,0.7654454201459885,0.001974147558212347,0.16632988750934596,nan,0.0,0.265625,0.3738129999983357,0
20,280,6968,0.13609848484848483,2560,1.4190206468105315,0.456640625,0.7624109923839569,0.7864875972270966,0.272265625,0.4445542708039284,0.6020731776952744,0.03137257695198059,0.03735945485532284,0.6968649208545685,0.7649740785360336,0.0025630861520766768,0.16632988750934596,nan,0.0,nan,0.0,0
20,300,6988,0.1353409090909091,2560,1.4435239136219025,0.453515625,0.7685422867536544,0.7890190303325653,0.29453125,0.44721405059099195,0.6047027796506882,0.03137257695198059,0.03649791870266199,0.6952167868614196,0.7634712725877761,-0.005071014165878296,0.16632988750934596,nan,0.0,nan,0.0,0
20,320,7008,0.13458333333333333,2560,1.4152293980121613,0.462890625,0.7610138058662415,0.7917498469352722,0.283203125,0.43420321494340897,0.5948702692985535,0.03137257695198059,0.03946462795138359,0.7032966881990432,0.7634712725877761,0.0024574667215346846,0.16632988750934596,nan,0.0,nan,0.0,0
20,340,7028,0.1338257575757576,2560,1.4113700926303863,0.467578125,0.7686485826969147,0.7846752405166626,0.270703125,0.44219565838575364,0.6029168665409088,0.03137257695198059,0.0360208660364151,0.6944524109363556,0.7634712725877761,-0.005177310109138578,0.16632988750934596,nan,0.0,nan,0.0,0
20,352,7040,0.1333712121212121,1480,1.3641872290018442,0.4722972968140164,0.7639249659873344,0.7756715097942868,0.28175675707894404,0.416712488515957,0.5986295352110992,0.031372576770750255,0.03938931140142518,0.7013684678722072,0.7634712725877761,-0.0004536933995582526,0.16632988750934596,nan,0.0,0.3359375,0.3807980999990832,0
21,20,7060,0.13261363636363638,2560,1.3846798717975617,0.470703125,0.7668069273233413,0.7889331996440887,0.265625,0.4366180092096329,0.6002394586801529,0.03137257695198059,0.0379093149676919,0.7004445970058442,0.7639249659873344,-0.002881961336006933,0.16632988750934596,nan,0.0,nan,0.0,0
21,40,7080,0.1318560606060606,2560,1.3466282129287719,0.47578125,0.7578872919082642,0.7871978968381882,0.29140625,0.4481662690639496,0.6029024928808212,0.03137257695198059,0.038728411123156545,0.7024523556232453,0.7668069273233413,0.00891963541507712,0.16632988750934596,nan,0.0,nan,0.0,0
21,60,7100,0.13109848484848485,2560,1.3573541343212128,0.483203125,0.7492529541254044,0.779777929186821,0.273828125,0.4334377318620682,0.5966435998678208,0.03137257695198059,0.038371007144451144,0.7015031754970551,0.7639249659873344,0.014672011861930012,0.16632988750934596,nan,0.0,nan,0.0,0
21,80,7120,0.1303409090909091,2560,1.3531513869762422,0.482421875,0.7469540774822235,0.7883307278156281,0.2875,0.44199278503656386,0.6069626122713089,0.03137257695198059,0.03791219070553779,0.7001795560121536,0.7639249659873344,0.01697088850511086,0.16632988750934596,nan,0.0,nan,0.0,0
21,100,7140,0.12958333333333336,2560,1.38747119307518,0.465625,0.7722555816173553,0.7885861933231354,0.27734375,0.43672001361846924,0.60046845972538,0.03137257695198059,0.038396726921200754,0.7000043302774429,0.7578872919082642,-0.014368289709091098,0.16632988750934596,nan,0.0,0.2890625,0.3731365999992704,0
21,120,7160,0.12882575757575757,2560,1.3920984625816346,0.46484375,0.7760948866605759,0.7902230799198151,0.280078125,0.42953256964683534,0.6071727931499481,0.03137257695198059,0.03558931946754455,0.6950174063444138,0.7578872919082642,-0.018207594752311707,0.16632988750934596,nan,0.0,nan,0.0,0
21,140,7180,0.12806818181818183,2560,1.3916845798492432,0.46015625,0.7606413096189499,0.7807093471288681,0.2765625,0.4443125918507576,0.6024639278650283,0.03137257695198059,0.03683270812034607,0.6967812806367875,0.7578872919082642,-0.00275401771068573,0.16632988750934596,nan,0.0,nan,0.0,0
21,160,7200,0.12731060606060604,2560,1.3843889832496643,0.46953125,0.7576003044843673,0.7830995112657547,0.275,0.4510117694735527,0.5973504573106766,0.03137257695198059,0.036540980450809,0.6957787692546844,0.7606413096189499,0.0030410051345826083,0.16632988750934596,nan,0.0,nan,0.0,0
21,180,7220,0.1265530303030303,2560,1.3883449494838715,0.458984375,0.7559884041547775,0.7823683559894562,0.290234375,0.4364402413368225,0.6029182612895966,0.03137257695198059,0.03402231214568019,0.6883353948593139,0.7606413096189499,0.004652905464172408,0.16632988750934596,nan,0.0,nan,0.0,0
21,200,7240,0.12579545454545454,2560,1.410578727722168,0.452734375,0.7588737964630127,0.7864110469818115,0.290234375,0.43136671781539915,0.5975097835063934,0.03137257695198059,0.037338977120816706,0.6973855555057525,0.7606413096189499,0.0017675131559372614,0.16632988750934596,nan,0.0,0.375,0.37347749999025837,0
21,220,7260,0.1250378787878788,2560,1.3421486914157867,0.490234375,0.761796060204506,0.7808203607797622,0.284375,0.44614149183034896,0.6083360195159913,0.03137257695198059,0.03701007589697838,0.6988707304000854,0.7588737964630127,-0.0029222637414932917,0.16632988750934596,nan,0.0,nan,0.0,0
21,240,7280,0.12428030303030302,2560,1.4090999066829681,0.459375,0.7499248296022415,0.7815305322408677,0.282421875,0.44165271818637847,0.5967057704925537,0.03137257695198059,0.03777265790849924,0.6992249369621277,0.7588737964630127,0.00894896686077118,0.16632988750934596,nan,0.0,nan,0.0,0
21,260,7300,0.12352272727272728,2560,1.4287827074527741,0.462890625,0.7654427528381348,0.7877108424901962,0.271484375,0.4350425213575363,0.5999799340963363,0.03137257695198059,0.03934605848044157,0.7033069580793381,0.7576003044843673,-0.007842448353767462,0.16632988750934596,nan,0.0,nan,0.0,0
21,280,7320,0.12276515151515151,2560,1.3864051699638367,0.4640625,0.7554455935955048,0.7765373378992081,0.288671875,0.43608939796686175,0.6095333337783814,0.03137257695198059,0.03515898184850812,0.6915588229894638,0.7588737964630127,0.00342820286750789,0.16632988750934596,nan,0.0,nan,0.0,0
21,300,7340,0.12200757575757577,2560,1.3766621232032776,0.477734375,0.7512127131223678,0.777655303478241,0.27109375,0.4392267167568207,0.6050173670053482,0.03137257695198059,0.03685150779783726,0.6964521318674087,0.7588737964630127,0.007661083340644859,0.16632988750934596,nan,0.0,0.3125,0.37296630001219455,0
21,320,7360,0.12125,2560,1.3648114919662475,0.48125,0.7643741548061371,0.7872347682714462,0.26796875,0.42838600277900696,0.6018506556749343,0.03137257695198059,0.0368116457015276,0.6963295847177505,0.7554455935955048,-0.008928561210632346,0.16632988750934596,nan,0.0,nan,0.0,0
21,340,7380,0.12049242424242426,2560,1.361211758852005,0.47890625,0.7600331902503967,0.7857846796512604,0.27421875,0.4379168629646301,0.5993361324071884,0.03137257695198059,0.034867179580032825,0.6904172450304031,0.7554455935955048,-0.004587596654891946,0.16632988750934596,nan,0.0,nan,0.0,0
21,352,7392,0.12003787878787878,1480,1.3555074305147738,0.4824324325935261,0.7284355833723738,0.766375473705498,0.2878378376767442,0.44525571546039067,0.6006295010850237,0.03137257695198059,0.033058819939961306,0.6833905316687919,0.7600331902503967,0.03159760687802293,0.16632988750934596,nan,0.0,nan,0.0,0
22,20,7412,0.11928030303030304,2560,1.3350662589073181,0.467578125,0.7612158775329589,0.7859410792589188,0.298046875,0.446160663664341,0.6006823480129242,0.03137257695198059,0.03603097051382065,0.6925195515155792,0.7554455935955048,-0.005770283937454157,0.16632988750934596,nan,0.0,nan,0.0,0
22,40,7432,0.11852272727272727,2560,1.3445113718509674,0.48828125,0.7443171709775924,0.7771123468875885,0.269921875,0.4471043929457664,0.6032533258199692,0.03137257695198059,0.03698668237775564,0.6983686596155166,0.7600331902503967,0.015716019272804305,0.16632988750934596,nan,0.0,0.34375,0.390204100011033,0
22,60,7452,0.11776515151515153,2560,1.35381481051445,0.478125,0.7636364340782166,0.7830932825803757,0.2859375,0.43846188932657243,0.597970598936081,0.03137257695198059,0.03343026861548424,0.6875124603509903,0.7600331902503967,-0.0036032438278198464,0.16632988750934596,nan,0.0,nan,0.0,0
22,80,7472,0.11700757575757575,2560,1.3287793457508088,0.491015625,0.7536424577236176,0.7780897945165635,0.27421875,0.4449013754725456,0.598739767074585,0.03137257695198059,0.03391354996711016,0.6890671819448471,0.7600331902503967,0.00639073252677913,0.16632988750934596,nan,0.0,nan,0.0,0
22,100,7492,0.11625000000000002,2560,1.3438473224639893,0.473828125,0.7614767342805863,0.7826037257909775,0.278125,0.44639607816934584,0.6024920284748078,0.03137257695198059,0.03755658399313688,0.6987346351146698,0.7536424577236176,-0.007834276556968667,0.16632988750934596,nan,0.0,nan,0.0,0
22,120,7512,0.11549242424242423,2560,1.4048250555992126,0.449609375,0.7577205210924148,0.7853206813335418,0.278515625,0.4561032474040985,0.6007928401231766,0.03137257695198059,0.036721826530992985,0.6962271422147751,0.7612158775329589,0.003495356440544106,0.16632988750934596,nan,0.0,nan,0.0,0
22,140,7532,0.1147348484848485,2560,1.3744038224220276,0.48046875,0.7531416773796081,0.7805606991052627,0.282421875,0.43275085985660555,0.6076268702745438,0.03137257695198059,0.03645330350846052,0.6958997964859008,0.7577205210924148,0.004578843712806702,0.16632988750934596,nan,0.0,0.3046875,0.3792129999928875,0
22,160,7552,0.11397727272727272,2560,1.3743297100067138,0.46953125,0.747263890504837,0.7864353358745575,0.265625,0.43758651316165925,0.6009689539670944,0.03137257695198059,0.03391417097300291,0.6896676480770111,0.7577205210924148,0.010456630587577842,0.16632988750934596,nan,0.0,nan,0.0,0
22,180,7572,0.11321969696969698,2560,1.318654078245163,0.48984375,0.7702200204133988,0.7876023828983307,0.2671875,0.42415528893470766,0.5941257625818253,0.03137257695198059,0.03513172846287489,0.6932650655508041,0.7536424577236176,-0.016577562689781167,0.16632988750934596,nan,0.0,nan,0.0,0
22,200,7592,0.11246212121212121,2560,1.3686011850833892,0.452734375,0.7345006078481674,0.7680308222770691,0.301953125,0.4521454036235809,0.6026489436626434,0.03137257695198059,0.03307654680684209,0.6841595202684403,0.7577205210924148,0.023219913244247437,0.16632988750934596,nan,0.0,nan,0.0,0
22,220,7612,0.11170454545454547,2560,1.3494291007518768,0.484375,0.7337334126234054,0.7767280727624893,0.284765625,0.4549427956342697,0.59890176653862,0.03137257695198059,0.03422938147559762,0.6870067656040192,0.7531416773796081,0.01940826475620272,0.16632988750934596,nan,0.0,nan,0.0,0
22,240,7632,0.1109469696969697,2560,1.3397639989852905,0.490625,0.7511060327291489,0.7816166132688522,0.273828125,0.438182957470417,0.6006032556295395,0.03137257695198059,0.035959099419415,0.693797966837883,0.747263890504837,-0.0038421422243118952,0.16632988750934596,nan,0.0,0.3671875,0.3784538999898359,0
22,260,7652,0.11018939393939396,2560,1.339408427476883,0.49140625,0.755469799041748,0.7830414056777955,0.283203125,0.4499733805656433,0.6068785488605499,0.03137257695198059,0.036596089601516724,0.6943758994340896,0.747263890504837,-0.008205908536911055,0.16632988750934596,nan,0.0,nan,0.0,0
22,280,7672,0.10943181818181819,2560,1.347654688358307,0.47734375,0.7250874221324921,0.7736296474933624,0.298046875,0.45952777862548827,0.6002910733222961,0.03137257695198059,0.035695367865264414,0.6945715188980103,0.7511060327291489,0.026018610596656777,0.16632988750934596,nan,0.0,nan,0.0,0
22,300,7692,0.10867424242424245,2560,1.3537423491477967,0.484375,0.7494924783706665,0.7820933222770691,0.253515625,0.43009685128927233,0.6004122585058213,0.03137257695198059,0.03327802512794733,0.6859606891870499,0.7345006078481674,-0.014991870522499062,0.16632988750934596,nan,0.0,nan,0.0,0
22,320,7712,0.10791666666666666,2560,1.3317706406116485,0.483984375,0.7568791270256042,0.7829311609268188,0.287890625,0.4402839884161949,0.6006847649812699,0.03137257695198059,0.03417470315471292,0.6897725880146026,0.7494924783706665,-0.007386648654937766,0.16632988750934596,nan,0.0,nan,0.0,0
22,340,7732,0.10715909090909093,2560,1.389939796924591,0.473046875,0.7428416639566422,0.7763574212789536,0.28515625,0.4555849671363831,0.6087832272052764,0.03137257695198059,0.03424734678119421,0.6897530674934387,0.7511060327291489,0.008264368772506692,0.16632988750934596,nan,0.0,0.3828125,0.3767960999975912,0
22,352,7744,0.10670454545454544,1480,1.3752845119785617,0.4682432438876178,0.7495818637512826,0.7819158016024409,0.2905405402989001,0.4444090351865098,0.6018172177108558,0.03137257695198059,0.03294511697179563,0.6835070371627807,0.7494924783706665,-8.938538061609158e-05,0.16632988750934596,nan,0.0,nan,0.0,0
23,20,7764,0.1059469696969697,2560,1.3056093811988831,0.494921875,0.7537571102380752,0.7722088038921356,0.28359375,0.43506596237421036,0.6018061518669129,0.03137257695198059,0.03504013847559691,0.6914348840713501,0.7494924783706665,-0.004264631867408775,0.16632988750934596,nan,0.0,nan,0.0,0
23,40,7784,0.10518939393939393,2560,1.3318680465221404,0.49453125,0.7462553709745408,0.7761656641960144,0.27109375,0.4521180704236031,0.6027997553348541,0.03137257695198059,0.035592738259583714,0.6942452847957611,0.7495818637512826,0.0033264927767417962,0.16632988750934596,nan,0.0,nan,0.0,0
23,60,7804,0.1044318181818182,2560,1.3140651285648346,0.483203125,0.74368756711483,0.77292520403862,0.29296875,0.4428831562399864,0.5997482508420944,0.03137257695198059,0.0325282396748662,0.6839896231889725,0.7495818637512826,0.005894296636452578,0.16632988750934596,nan,0.0,nan,0.0,0
23,80,7824,0.10367424242424242,2560,1.3163763105869293,0.50078125,0.7274426609277725,0.7740168452262879,0.2734375,0.45488183945417404,0.6011814326047897,0.03137257695198059,0.03664331752806902,0.6978207439184189,0.7462553709745408,0.01881271004676821,0.16632988750934596,nan,0.0,0.4140625,0.38258840001071803,0
23,100,7844,0.10291666666666668,2560,1.332307517528534,0.474609375,0.7511063605546952,0.7825503200292587,0.286328125,0.4441687032580376,0.5984209835529327,0.03137257695198059,0.035578446462750435,0.6952732801437378,0.7462553709745408,-0.004850989580154397,0.16632988750934596,nan,0.0,nan,0.0,0
23,120,7864,0.10215909090909091,2560,1.2810447454452514,0.50625,0.7603805899620056,0.7780184626579285,0.28359375,0.42942251116037367,0.6043366968631745,0.03137257695198059,0.0378689082339406,0.7007388651371003,0.7462553709745408,-0.014125218987464883,0.16632988750934596,nan,0.0,nan,0.0,0
23,140,7884,0.10140151515151517,2560,1.3208910524845123,0.491015625,0.7307876229286194,0.7756337702274323,0.280859375,0.45858632028102875,0.6035864681005478,0.03137257695198059,0.033087465167045596,0.6851144194602966,0.7462553709745408,0.015467748045921326,0.16632988750934596,nan,0.0,nan,0.0,0
23,160,7904,0.1006439393939394,2560,1.346335369348526,0.475390625,0.7351523727178574,0.7683970302343368,0.28046875,0.44832009077072144,0.5988598078489303,0.03137257695198059,0.03441472966223955,0.687823286652565,0.74368756711483,0.00853519439697259,0.16632988750934596,nan,0.0,nan,0.0,0
23,180,7924,0.09988636363636366,2560,1.3396307945251464,0.490234375,0.7702659368515015,0.7841755092144013,0.265234375,0.43414190113544465,0.6037938684225083,0.03137257695198059,0.03531087376177311,0.6942063570022583,0.7351523727178574,-0.03511356413364408,0.16632988750934596,nan,0.0,0.3203125,0.37356049999652896,0
23,200,7944,0.09912878787878787,2560,1.2965378522872926,0.508203125,0.7334142774343491,0.7761792749166488,0.268359375,0.44492689371109007,0.6014677852392196,0.03137257695198059,0.03438347382470965,0.6901250779628754,0.7511063605546952,0.01769208312034609,0.16632988750934596,nan,0.0,nan,0.0,0
23,220,7964,0.09837121212121214,2560,1.3376728773117066,0.48046875,0.7424566566944122,0.7808610439300537,0.28515625,0.4572178214788437,0.6020234644412994,0.03137257695198059,0.03544338904321194,0.6942208260297775,0.7351523727178574,-0.007304283976554804,0.16632988750934596,nan,0.0,nan,0.0,0
23,240,7984,0.09761363636363636,2560,1.3270191252231598,0.4984375,0.7472865253686904,0.7708536922931671,0.279296875,0.4337118327617645,0.6054762721061706,0.03137257695198059,0.03574322555214167,0.693398380279541,0.7351523727178574,-0.012134152650833063,0.16632988750934596,nan,0.0,nan,0.0,0
23,260,8004,0.09685606060606063,2560,1.305528712272644,0.5,0.7360849946737289,0.7743877589702606,0.276953125,0.4430906519293785,0.6015218317508697,0.03137257695198059,0.03478155918419361,0.691366994380951,0.7424566566944122,0.006371662020683289,0.16632988750934596,nan,0.0,nan,0.0,0
23,280,8024,0.09609848484848485,2560,1.3110350608825683,0.49921875,0.7268650591373443,0.7712102442979812,0.27578125,0.4535069018602371,0.6067028224468232,0.03137257695198059,0.033517169672995804,0.6875057488679885,0.7424566566944122,0.015591597557067849,0.16632988750934596,nan,0.0,0.4140625,0.380193800010602,0
23,300,8044,0.09534090909090912,2560,1.2955516278743744,0.5,0.7277741611003876,0.7778309017419816,0.2625,0.4332648620009422,0.6042413234710693,0.03137257695198059,0.0343459309078753,0.6879282027482987,0.7360849946737289,0.00831083357334128,0.16632988750934596,nan,0.0,nan,0.0,0
23,320,8064,0.09458333333333334,2560,1.3287010312080383,0.49453125,0.7205424427986145,0.7656370967626571,0.26796875,0.4528407737612724,0.6015126734972001,0.03137257695198059,0.03426648043096066,0.6879037320613861,0.7360849946737289,0.015542551875114441,0.16632988750934596,nan,0.0,nan,0.0,0
23,340,8084,0.0938257575757576,2560,1.3566495895385742,0.480078125,0.7569261252880096,0.7775459468364716,0.2734375,0.43613822013139725,0.6076283991336823,0.03137257695198059,0.03443721234798432,0.6877528607845307,0.7277741611003876,-0.029151964187622004,0.16632988750934596,nan,0.0,nan,0.0,0
23,352,8096,0.09337121212121212,1480,1.2921938528885712,0.5047297305351979,0.7325831484150243,0.7604549575496364,0.2851351349740415,0.44321228749043234,0.5947131582208582,0.031372576770750255,0.03381319864577538,0.6877640940047599,0.7277741611003876,-0.004808987314636637,0.16632988750934596,nan,0.0,nan,0.0,0
24,20,8116,0.09261363636363638,2560,1.2703226625919342,0.50546875,0.731340017914772,0.7668777644634247,0.27890625,0.4370024472475052,0.6038833796977997,0.03137257695198059,0.03324609072878957,0.6858037710189819,0.7277741611003876,-0.0035658568143843716,0.16632988750934596,nan,0.0,0.3984375,0.3706705999939004,0
24,40,8136,0.09185606060606061,2560,1.3105993032455445,0.48828125,0.7370759308338165,0.7787975460290909,0.279296875,0.4447821840643883,0.5935814082622528,0.03137257695198059,0.035836008563637736,0.6929672807455063,0.731340017914772,-0.005735912919044517,0.16632988750934596,nan,0.0,nan,0.0,0
24,60,8156,0.09109848484848487,2560,1.292152190208435,0.496875,0.7305232435464859,0.7678076654672623,0.2890625,0.44219271242618563,0.6114995539188385,0.03137257695198059,0.033906560949981214,0.6881009966135025,0.7325831484150243,0.0020599048685383536,0.16632988750934596,nan,0.0,nan,0.0,0
24,80,8176,0.09034090909090908,2560,1.3053654789924622,0.4828125,0.7436344206333161,0.7796216577291488,0.30078125,0.4526193842291832,0.6088820338249207,0.03137257695198059,0.032461096346378324,0.6815730154514312,0.7325831484150243,-0.01105127221829183,0.16632988750934596,nan,0.0,nan,0.0,0
24,100,8196,0.08958333333333335,2560,1.3148202657699586,0.501171875,0.7453662276268005,0.7725316494703293,0.27265625,0.44429400712251665,0.6043856531381607,0.03137257695198059,0.035781781561672686,0.692529734969139,0.7325831484150243,-0.012783079211776238,0.16632988750934596,nan,0.0,nan,0.0,0
24,120,8216,0.08882575757575757,2560,1.2944748818874359,0.498828125,0.7335384964942933,0.7755637049674988,0.2828125,0.4439418435096741,0.5977506220340729,0.03137257695198059,0.03358123386278748,0.6855741411447525,0.7370759308338165,0.003537434339523249,0.16632988750934596,nan,0.0,0.390625,0.37321049999445677,0
24,140,8236,0.08806818181818184,2560,1.3455668330192565,0.475,0.7242275595664978,0.7647576838731766,0.28984375,0.4548667073249817,0.6012400537729263,0.03137257695198059,0.034289929922670125,0.6879773795604706,0.7370759308338165,0.012848371267318748,0.16632988750934596,nan,0.0,nan,0.0,0
24,160,8256,0.08731060606060606,2560,1.3041701436042785,0.50703125,0.7257031321525573,0.7724635034799576,0.27578125,0.4433958292007446,0.6052093774080276,0.03137257695198059,0.03314463123679161,0.6855659544467926,0.7335384964942933,0.007835364341735929,0.16632988750934596,nan,0.0,nan,0.0,0
24,180,8276,0.08655303030303033,2560,1.2745278298854827,0.510546875,0.7357350051403045,0.7691173732280732,0.281640625,0.4549789398908615,0.5991591334342956,0.03137257695198059,0.03396220905706286,0.688890665769577,0.7335384964942933,-0.002196508646011286,0.16632988750934596,nan,0.0,nan,0.0,0
24,200,8296,0.08579545454545455,2560,1.3133910417556762,0.490234375,0.7496244251728058,0.7864027857780457,0.2859375,0.4592313379049301,0.6033139795064926,0.03137257695198059,0.03120575286448002,0.6798375189304352,0.7335384964942933,-0.01608592867851255,0.16632988750934596,nan,0.0,nan,0.0,0
24,220,8316,0.08503787878787882,2560,1.2385860919952392,0.522265625,0.7174368262290954,0.7599342584609985,0.264453125,0.440910230576992,0.6029294550418853,0.03137257695198059,0.03203100757673383,0.681109967827797,0.7335384964942933,0.01610167026519782,0.16632988750934596,nan,0.0,0.34375,0.37031549999665003,0
24,240,8336,0.08428030303030304,2560,1.2576552152633667,0.52109375,0.7322784513235092,0.7674998223781586,0.262109375,0.43996364027261736,0.6009488642215729,0.03137257695198059,0.03388630645349622,0.688692358136177,0.7257031321525573,-0.006575319170951888,0.16632988750934596,nan,0.0,nan,0.0,0
24,260,8356,0.0835227272727273,2560,1.2847933053970337,0.51640625,0.7198972791433335,0.7668430536985398,0.269140625,0.4496114894747734,0.5976368188858032,0.03137257695198059,0.033771310746669767,0.6876956433057785,0.7322784513235092,0.012381172180175759,0.16632988750934596,nan,0.0,nan,0.0,0
24,280,8376,0.08276515151515151,2560,1.253203696012497,0.512890625,0.7292608082294464,0.7671842128038406,0.27109375,0.4457421198487282,0.5966671198606491,0.03137257695198059,0.03454227121546864,0.6891209125518799,0.7322784513235092,0.0030176430940628274,0.16632988750934596,nan,0.0,nan,0.0,0
24,300,8396,0.08200757575757578,2560,1.314265286922455,0.50546875,0.719258975982666,0.768346044421196,0.271875,0.46402430832386016,0.6043281733989716,0.03137257695198059,0.033895422145724295,0.6887385278940201,0.7292608082294464,0.010001832246780418,0.16632988750934596,nan,0.0,nan,0.0,0
24,320,8416,0.08125,2560,1.2763130247592926,0.526953125,0.7422812342643738,0.7731865167617797,0.259375,0.4275125667452812,0.5974584132432937,0.03137257695198059,0.03543125232681632,0.693110728263855,0.7198972791433335,-0.0223839551210403,0.16632988750934596,nan,0.0,0.4453125,0.37270669999998063,0
24,340,8436,0.08049242424242423,2560,1.2551726758480073,0.509765625,0.7169639050960541,0.7635054469108582,0.28046875,0.44877049922943113,0.6013796746730804,0.03137257695198059,0.03323661293834448,0.6851222932338714,0.7292608082294464,0.012296903133392267,0.16632988750934596,nan,0.0,nan,0.0,0
24,352,8448,0.08003787878787878,1480,1.2497979254335971,0.5263513521568195,0.729674188832979,0.7676854832752331,0.27364864864864863,0.4386574590528334,0.6002731906401144,0.031372576770750255,0.03411141631973756,0.6883686938801328,0.7198972791433335,-0.009776909689645508,0.16632988750934596,nan,0.0,nan,0.0,0
25,20,8468,0.07928030303030305,2560,1.248210960626602,0.51015625,0.722813880443573,0.7702275782823562,0.285546875,0.44639341682195666,0.5982778102159501,0.03137257695198059,0.03340240018442273,0.6869653671979904,0.7292608082294464,0.006446927785873413,0.16632988750934596,nan,0.0,nan,0.0,0
25,40,8488,0.07852272727272727,2560,1.24170383810997,0.521484375,0.7153997391462326,0.7598044246435165,0.273828125,0.45673191696405413,0.6043762415647507,0.03137257695198059,0.03686244487762451,0.6963353902101517,0.722813880443573,0.007414141297340415,0.16632988750934596,nan,0.0,nan,0.0,0
25,60,8508,0.07776515151515154,2560,1.2281593978404999,0.50859375,0.7272002458572387,0.7660949915647507,0.298828125,0.44634625017642976,0.5963525354862214,0.03137257695198059,0.03319271747022867,0.6844839245080948,0.722813880443573,-0.0043863654136657715,0.16632988750934596,nan,0.0,0.359375,0.3658226000115974,0
25,80,8528,0.07700757575757576,2560,1.278463214635849,0.498046875,0.715326264500618,0.7652616083621979,0.28515625,0.45519115328788756,0.5997088313102722,0.03137257695198059,0.03487209901213646,0.6898228645324707,0.722813880443573,0.007487615942954995,0.16632988750934596,nan,0.0,nan,0.0,0
25,100,8548,0.07625000000000003,2560,1.2644023001194,0.517578125,0.706300574541092,0.757241714000702,0.269921875,0.4420954197645187,0.6010985225439072,0.03137257695198059,0.033137965574860574,0.6855455189943314,0.722813880443573,0.016513305902481012,0.16632988750934596,nan,0.0,nan,0.0,0
25,120,8568,0.07549242424242425,2560,1.2611155033111572,0.515234375,0.7432257324457169,0.7768472284078598,0.2703125,0.4463492453098297,0.6090193629264832,0.03137257695198059,0.033627850376069544,0.6858711808919906,0.7153997391462326,-0.02782599329948432,0.16632988750934596,nan,0.0,nan,0.0,0
25,140,8588,0.0747348484848485,2560,1.235156536102295,0.52890625,0.7288804292678833,0.766264745593071,0.280859375,0.4439586907625198,0.60412637591362,0.03137257695198059,0.03374457694590092,0.6865396499633789,0.7153997391462326,-0.013480690121650762,0.16632988750934596,nan,0.0,nan,0.0,0
25,160,8608,0.07397727272727272,2560,1.2332463026046754,0.519921875,0.7209815979003906,0.7601584285497666,0.280078125,0.4630669891834259,0.5982277184724808,0.03137257695198059,0.03468844601884484,0.690163642168045,0.7272002458572387,0.006218647956848122,0.16632988750934596,nan,0.0,0.40625,0.3736826999956975,0
25,180,8628,0.07321969696969699,2560,1.249909484386444,0.519140625,0.7153587579727173,0.7701309353113175,0.2703125,0.44050315022468567,0.599333080649376,0.03137257695198059,0.029715199396014212,0.6719755977392197,0.7209815979003906,0.005622839927673318,0.16632988750934596,nan,0.0,nan,0.0,0
25,200,8648,0.07246212121212121,2560,1.256307601928711,0.515625,0.7252556353807449,0.7654424190521241,0.283203125,0.4539168670773506,0.5974268764257431,0.03137257695198059,0.033542423695325854,0.6869486391544342,0.7209815979003906,-0.004274037480354265,0.16632988750934596,nan,0.0,nan,0.0,0
25,220,8668,0.07170454545454548,2560,1.2374072968959808,0.523046875,0.7302387952804565,0.758971294760704,0.27734375,0.43743942975997924,0.6071015894412994,0.03137257695198059,0.03358659259974957,0.6877681821584701,0.7252556353807449,-0.004983159899711653,0.16632988750934596,nan,0.0,nan,0.0,0
25,240,8688,0.0709469696969697,2560,1.2767905414104461,0.516796875,0.7302096068859101,0.769833904504776,0.27109375,0.4647200107574463,0.6041471093893052,0.03137257695198059,0.03329809848219156,0.6850314170122147,0.7252556353807449,-0.004953971505165189,0.16632988750934596,nan,0.0,nan,0.0,0
25,260,8708,0.07018939393939393,2560,1.2472325384616851,0.532421875,0.7233595758676529,0.7671184718608857,0.248046875,0.4296769440174103,0.6039066553115845,0.03137257695198059,0.03447348084300757,0.6894755780696868,0.7252556353807449,0.0018960595130920188,0.16632988750934596,nan,0.0,0.4375,0.3703008000011323,0
25,280,8728,0.06943181818181819,2560,1.275499314069748,0.513671875,0.72615647315979,0.7596821039915085,0.285546875,0.45509121268987657,0.6066701501607895,0.03137257695198059,0.0329995883628726,0.684662327170372,0.7252556353807449,-0.0009008377790451494,0.16632988750934596,nan,0.0,nan,0.0,0
25,300,8748,0.0686742424242424,2560,1.2534153163433075,0.52578125,0.7110183417797089,0.7582051783800126,0.2703125,0.4446566179394722,0.601683446764946,0.03137257695198059,0.03096292121335864,0.677515709400177,0.72615647315979,0.015138131380081132,0.16632988750934596,nan,0.0,nan,0.0,0
25,320,8768,0.06791666666666667,2560,1.244226199388504,0.510546875,0.7157711386680603,0.761399096250534,0.276171875,0.44789229333400726,0.6003266870975494,0.03137257695198059,0.03222382282838225,0.6801889359951019,0.72615647315979,0.010385334491729736,0.16632988750934596,nan,0.0,nan,0.0,0
25,340,8788,0.06715909090909089,2560,1.1949922561645507,0.5375,0.7118425488471984,0.7640796840190888,0.27265625,0.43856835514307024,0.6039665341377258,0.03137257695198059,0.03474164213985205,0.6903341859579086,0.7233595758676529,0.011517027020454429,0.16632988750934596,nan,0.0,nan,0.0,0
25,352,8800,0.06670454545454545,1480,1.2154861353539133,0.5128378376767442,0.7076240075601113,0.7574408122011134,0.28581081161627897,0.4449251700092006,0.59720538145787,0.03137257695198059,0.03008815382380743,0.6741152959900933,0.7157711386680603,0.008147131107948957,0.16632988750934596,nan,0.0,0.421875,0.3816214999969816,0
26,20,8820,0.06594696969696971,2560,1.2399264097213745,0.530859375,0.7293069869279861,0.7744837701320648,0.26875,0.45047528594732283,0.6023075312376023,0.03137257695198059,0.03132776571437716,0.6801266700029374,0.7118425488471984,-0.01746443808078768,0.16632988750934596,nan,0.0,nan,0.0,0
26,40,8840,0.06518939393939394,2560,1.207651549577713,0.53671875,0.705029559135437,0.7656316310167313,0.271875,0.4458695471286774,0.5936531215906143,0.03137257695198059,0.032563747651875016,0.682654520869255,0.7118425488471984,0.006812989711761475,0.16632988750934596,nan,0.0,nan,0.0,0
26,60,8860,0.0644318181818182,2560,1.2077885448932648,0.53515625,0.7127012759447098,0.7599014461040496,0.27890625,0.43668710738420485,0.6009158045053482,0.03137257695198059,0.03218862609937787,0.6838238686323166,0.7118425488471984,-0.0008587270975113359,0.16632988750934596,nan,0.0,nan,0.0,0
26,80,8880,0.06367424242424242,2560,1.1912267982959748,0.553515625,0.7017754018306732,0.7598290979862213,0.260546875,0.44656033515930177,0.5967841029167176,0.03137257695198059,0.03073961166664958,0.6769348502159118,0.7118425488471984,0.010067147016525224,0.16632988750934596,nan,0.0,nan,0.0,0
26,100,8900,0.06291666666666669,2560,1.1816231548786162,0.537109375,0.703122353553772,0.7565461695194244,0.263671875,0.4433858901262283,0.5944814234972,0.03137257695198059,0.033091299794614316,0.686243224143982,0.7076240075601113,0.004501654006339395,0.16632988750934596,nan,0.0,0.4453125,0.3758749999979045,0
26,120,8920,0.062159090909090914,2560,1.1906451106071472,0.539453125,0.7174591720104218,0.7559172570705414,0.278125,0.45208796113729477,0.6077083766460418,0.03137257695198059,0.031174664106220006,0.6790337890386582,0.705029559135437,-0.012429612874984786,0.16632988750934596,nan,0.0,nan,0.0,0
26,140,8940,0.06140151515151518,2560,1.216038066148758,0.519921875,0.7069646388292312,0.75710489153862,0.28046875,0.4620863914489746,0.6024318933486938,0.03137257695198059,0.032290540914982555,0.6814802914857865,0.705029559135437,-0.0019350796937942505,0.16632988750934596,nan,0.0,nan,0.0,0
26,160,8960,0.060643939393939396,2560,1.230423766374588,0.524609375,0.7186323285102845,0.7608163386583329,0.27421875,0.44532996565103533,0.6035303950309754,0.03137257695198059,0.031781762931495906,0.6804335922002792,0.7069646388292312,-0.01166768968105325,0.16632988750934596,nan,0.0,nan,0.0,0
26,180,8980,0.05988636363636362,2560,1.2061953842639923,0.519140625,0.7164404302835464,0.7645179957151413,0.290625,0.44374220818281174,0.6059374690055848,0.03137257695198059,0.030423211771994828,0.673933920264244,0.7069646388292312,-0.009475791454315208,0.16632988750934596,nan,0.0,nan,0.0,0
26,200,9000,0.059128787878787885,2560,1.2242603302001953,0.512109375,0.7104287892580032,0.755150756239891,0.29375,0.4591496929526329,0.5950931817293167,0.03137257695198059,0.033663727529346946,0.6880184859037399,0.7164404302835464,0.006011641025543191,0.16632988750934596,nan,0.0,0.3671875,0.37420079999719746,0
26,220,9020,0.0583712121212121,2560,1.1654529988765716,0.554296875,0.6922043263912201,0.7545331507921219,0.259765625,0.4336714640259743,0.6034322261810303,0.03137257695198059,0.03115662410855293,0.6774645030498505,0.7164404302835464,0.024236103892326333,0.16632988750934596,nan,0.0,nan,0.0,0
26,240,9040,0.05761363636363637,2560,1.2022527694702148,0.540625,0.7024918287992478,0.7546123653650284,0.273828125,0.4666463524103165,0.6054997891187668,0.03137257695198059,0.03358026891946793,0.6852424889802933,0.7104287892580032,0.007936960458755471,0.16632988750934596,nan,0.0,nan,0.0,0
26,260,9060,0.05685606060606059,2560,1.2439007043838501,0.50859375,0.6963207393884658,0.7580522119998931,0.28671875,0.4720927208662033,0.6012862116098404,0.03137257695198059,0.03303641770035028,0.6859760165214539,0.7104287892580032,0.014108049869537398,0.16632988750934596,nan,0.0,nan,0.0,0
26,280,9080,0.056098484848484856,2560,1.234783685207367,0.517578125,0.72201167345047,0.7578083246946334,0.276171875,0.4348154217004776,0.5965797662734985,0.03137257695198059,0.03169350475072861,0.679525625705719,0.7024918287992478,-0.01951984465122225,0.16632988750934596,nan,0.0,nan,0.0,0
26,300,9100,0.05534090909090908,2560,1.208558589220047,0.522265625,0.7097561866044998,0.7535737603902817,0.278515625,0.43435476869344714,0.6024518519639969,0.03137257695198059,0.03232922647148371,0.6832141369581223,0.7024918287992478,-0.007264357805252031,0.16632988750934596,nan,0.0,0.40625,0.3730428999988362,0
26,320,9120,0.054583333333333345,2560,1.1639930129051208,0.55390625,0.7027356564998627,0.7558939784765244,0.2734375,0.4442598596215248,0.6038251429796219,0.03137257695198059,0.03148893928155303,0.6789101272821426,0.7024918287992478,-0.0002438277006149292,0.16632988750934596,nan,0.0,nan,0.0,0
26,340,9140,0.05382575757575756,2560,1.237124615907669,0.515625,0.7155450910329819,0.7577954739332199,0.280078125,0.4655675709247589,0.6048530817031861,0.03137257695198059,0.031891675852239135,0.6800537198781967,0.7027356564998627,-0.012809434533119224,0.16632988750934596,nan,0.0,nan,0.0,0
26,352,9152,0.053371212121212125,1480,1.2365782634632008,0.5256756753534884,0.6983491659164429,0.7477875802967999,0.27635135175408543,0.45633733095349494,0.5986235963331686,0.03137257695198059,0.031957286213700836,0.6808187149666451,0.7097561866044998,0.01140702068805688,0.16632988750934596,nan,0.0,nan,0.0,0
27,20,9172,0.05261363636363639,2560,1.18640296459198,0.527734375,0.7205608546733856,0.7578738123178482,0.283203125,0.43273672461509705,0.5952616572380066,0.03137257695198059,0.03315364681184292,0.6845196545124054,0.7097561866044998,-0.010804668068885803,0.16632988750934596,nan,0.0,nan,0.0,0
27,40,9192,0.05185606060606061,2560,1.1457795262336732,0.5609375,0.7090301603078842,0.7587408930063247,0.25234375,0.43417324125766754,0.5915088891983032,0.03137257695198059,0.033352396078407766,0.686776751279831,0.7097561866044998,0.0007260262966155562,0.16632988750934596,nan,0.0,0.4140625,0.3803378000011435,0
27,60,9212,0.05109848484848483,2560,1.1289689540863037,0.549609375,0.7011478692293167,0.7548449367284775,0.2671875,0.4472425192594528,0.601517629623413,0.03137257695198059,0.03220205418765545,0.6809407770633698,0.7090301603078842,0.007882291078567527,0.16632988750934596,nan,0.0,nan,0.0,0
27,80,9232,0.050340909090909096,2560,1.1577054560184479,0.542578125,0.6980512291193008,0.7559869319200516,0.266796875,0.4327897444367409,0.5961824029684066,0.03137257695198059,0.031018360517919064,0.6774064153432846,0.7090301603078842,0.010978931188583396,0.16632988750934596,nan,0.0,nan,0.0,0
27,100,9252,0.04958333333333331,2560,1.1258656919002532,0.56015625,0.7036068350076675,0.7539336055517196,0.27421875,0.4377906918525696,0.5970993250608444,0.03137257695198059,0.03185194917023182,0.6801398158073425,0.7011478692293167,-0.002458965778350808,0.16632988750934596,nan,0.0,nan,0.0,0
27,120,9272,0.04882575757575758,2560,1.1403615951538086,0.544921875,0.6877724468708039,0.7466313868761063,0.265234375,0.4379787415266037,0.6016334682703018,0.03137257695198059,0.03184642614796758,0.6801259636878967,0.7036068350076675,0.015834388136863664,0.16632988750934596,nan,0.0,nan,0.0,0
27,140,9292,0.0480681818181818,2560,1.146576863527298,0.554296875,0.6973817229270936,0.7473739802837371,0.266796875,0.44770713746547697,0.6043761134147644,0.03137257695198059,0.03146931482478976,0.6786791652441024,0.7011478692293167,0.003766146302223161,0.16632988750934596,nan,0.0,0.4140625,0.37822670000605285,0
27,160,9312,0.04731060606060607,2560,1.1521281123161315,0.542578125,0.7040125787258148,0.7598746210336685,0.283203125,0.44838267266750337,0.5989204585552216,0.03137257695198059,0.03193870559334755,0.6802813649177551,0.6980512291193008,-0.005961349606513955,0.16632988750934596,nan,0.0,nan,0.0,0
27,180,9332,0.04655303030303029,2560,1.1807960510253905,0.546875,0.6967831194400788,0.752687856554985,0.2734375,0.4489746794104576,0.6035132318735122,0.03137257695198059,0.0317176136188209,0.6802335858345032,0.6980512291193008,0.0012681096792220847,0.16632988750934596,nan,0.0,nan,0.0,0
27,200,9352,0.045795454545454556,2560,1.1605116248130798,0.564453125,0.6943227052688599,0.751279217004776,0.26875,0.4348692908883095,0.5950991481542587,0.03137257695198059,0.031152711249887943,0.6790817946195602,0.6973817229270936,0.003059017658233687,0.16632988750934596,nan,0.0,nan,0.0,0
27,220,9372,0.04503787878787877,2560,1.1658201813697815,0.544921875,0.6974527567625046,0.7492589473724365,0.265234375,0.45518450140953065,0.5992504358291626,0.03137257695198059,0.03203071365132928,0.6805351614952088,0.6967831194400788,-0.0006696373224258645,0.16632988750934596,nan,0.0,nan,0.0,0
27,240,9392,0.04428030303030304,2560,1.1699525892734528,0.55,0.6978072613477707,0.7524943321943283,0.259765625,0.44406954795122144,0.5964304834604264,0.03137257695198059,0.03290564473718405,0.684111675620079,0.6973817229270936,-0.00042553842067716285,0.16632988750934596,nan,0.0,0.4140625,0.37303570000221953,0
27,260,9412,0.04352272727272726,2560,1.1613587319850922,0.5546875,0.6909517914056778,0.7444009363651276,0.25625,0.44560959935188293,0.5977842003107071,0.03137257695198059,0.030851653404533864,0.6778180658817291,0.6974527567625046,0.006500965356826871,0.16632988750934596,nan,0.0,nan,0.0,0
27,280,9432,0.04276515151515153,2560,1.168119615316391,0.544140625,0.6954681128263474,0.7534249752759934,0.27109375,0.44752525687217715,0.600558876991272,0.03137257695198059,0.029564258456230164,0.6727908253669739,0.6967831194400788,0.0013150066137314065,0.16632988750934596,nan,0.0,nan,0.0,0
27,300,9452,0.042007575757575744,2560,1.1776729345321655,0.539453125,0.6796991467475891,0.743758025765419,0.28125,0.459754678606987,0.59789380133152,0.03137257695198059,0.03064211765304208,0.6775948226451873,0.6954681128263474,0.015768966078758218,0.16632988750934596,nan,0.0,nan,0.0,0
27,320,9472,0.04125000000000001,2560,1.1720081746578217,0.540625,0.6935451120138169,0.7531563013792038,0.276953125,0.4522562280297279,0.5971303552389144,0.03137257695198059,0.0326204489916563,0.6834548085927963,0.6954681128263474,0.0019230008125304954,0.16632988750934596,nan,0.0,nan,0.0,0
27,340,9492,0.04049242424242423,2560,1.1644237220287323,0.550390625,0.6930341243743896,0.7479152888059616,0.266796875,0.4502230390906334,0.6041017174720764,0.03137257695198059,0.03118807077407837,0.6788742274045945,0.6935451120138169,0.0005109876394272517,0.16632988750934596,nan,0.0,0.375,0.3708470999990823,0
27,352,9504,0.04003787878787879,1480,1.161533260345459,0.5621621611956004,0.6959933725563255,0.7606777545568105,0.2702702702702703,0.4420781813763283,0.603817195183522,0.03137257695198059,0.030900528362473926,0.6768842407175013,0.6930341243743896,-0.002959248181935936,0.16632988750934596,nan,0.0,nan,0.0,0
28,20,9524,0.03928030303030301,2560,1.0944820821285248,0.5765625,0.7040442049503326,0.75047507584095,0.267578125,0.4313305512070656,0.5965992212295532,0.03137257695198059,0.030876213405281305,0.6782331943511963,0.6935451120138169,-0.010499092936515741,0.16632988750934596,nan,0.0,nan,0.0,0
28,40,9544,0.03852272727272728,2560,1.0858976155519486,0.57265625,0.684137898683548,0.7591920375823975,0.25625,0.44246028959751127,0.5991209834814072,0.03137257695198059,0.029923427477478982,0.674290406703949,0.6935451120138169,0.009407213330268838,0.16632988750934596,nan,0.0,nan,0.0,0
28,60,9564,0.0377651515151515,2560,1.1028376907110213,0.572265625,0.6957023680210114,0.7451094537973404,0.25859375,0.4374664589762688,0.5988220423460007,0.03137257695198059,0.03210098808631301,0.6800919711589813,0.6935451120138169,-0.002157256007194519,0.16632988750934596,nan,0.0,nan,0.0,0
28,80,9584,0.03700757575757576,2560,1.1213566660881042,0.566796875,0.6863428235054017,0.755714812874794,0.262890625,0.4521279990673065,0.5958740413188934,0.03137257695198059,0.03047636765986681,0.6777169466018677,0.6957023680210114,0.009359544515609719,0.16632988750934596,nan,0.0,0.40625,0.3723669000028167,0
28,100,9604,0.036249999999999984,2560,1.0823616862297059,0.569921875,0.6823436558246613,0.7424475580453873,0.275,0.43613421320915224,0.6031784296035767,0.03137257695198059,0.030005122162401678,0.6734819144010544,0.6957023680210114,0.013358712196350098,0.16632988750934596,nan,0.0,nan,0.0,0
28,120,9624,0.03549242424242425,2560,1.1016271531581878,0.570703125,0.6831495493650437,0.7452273279428482,0.256640625,0.4397170692682266,0.6015122950077056,0.03137257695198059,0.030814958550035954,0.6753117650747299,0.6863428235054017,0.003193274140357971,0.16632988750934596,nan,0.0,nan,0.0,0
28,140,9644,0.03473484848484847,2560,1.0973140478134156,0.578125,0.6890325129032135,0.7571852535009385,0.259765625,0.4392146736383438,0.5962650567293167,0.03137257695198059,0.030061241518706084,0.6743267685174942,0.684137898683548,-0.004894614219665527,0.16632988750934596,nan,0.0,nan,0.0,0
28,160,9664,0.03397727272727274,2560,1.0929968118667603,0.571875,0.6814753144979477,0.7441149532794953,0.26015625,0.44061964452266694,0.6038617610931396,0.03137257695198059,0.030182401277124883,0.6750874280929565,0.6863428235054017,0.0048675090074539185,0.16632988750934596,nan,0.0,nan,0.0,0
28,180,9684,0.033219696969696955,2560,1.0994616717100143,0.576953125,0.6833128988742828,0.7416362971067428,0.262890625,0.45119037181138993,0.5978843927383423,0.03137257695198059,0.030694920942187308,0.67594695687294,0.6831495493650437,-0.00016334950923913016,0.16632988750934596,nan,0.0,0.4140625,0.3767017000063788,0
28,200,9704,0.03246212121212122,2560,1.124470093846321,0.565234375,0.6923716932535171,0.7555647820234299,0.263671875,0.45084055215120317,0.5945527583360672,0.03137257695198059,0.0314132247120142,0.6785558938980103,0.6831495493650437,-0.009222143888473422,0.16632988750934596,nan,0.0,nan,0.0,0
28,220,9724,0.031704545454545444,2560,1.1117021650075913,0.56484375,0.6824448943138123,0.7406522363424302,0.259375,0.44299825727939607,0.6006951838731766,0.03137257695198059,0.031314274203032254,0.6776988655328751,0.6833128988742828,0.0008680045604705366,0.16632988750934596,nan,0.0,nan,0.0,0
28,240,9744,0.03094696969696971,2560,1.0778798639774323,0.5859375,0.6843566447496414,0.7503805994987488,0.25625,0.43015545457601545,0.6017337948083877,0.03137257695198059,0.029887530766427518,0.6711341887712479,0.6833128988742828,-0.0010437458753586037,0.16632988750934596,nan,0.0,nan,0.0,0
28,260,9764,0.03018939393939393,2560,1.0948124289512635,0.57890625,0.6769813686609268,0.7387502253055572,0.25546875,0.44498552232980726,0.594525796175003,0.03137257695198059,0.030851424857974052,0.6766593277454376,0.6833128988742828,0.006331530213355974,0.16632988750934596,nan,0.0,nan,0.0,0
28,280,9784,0.029431818181818194,2560,1.072382390499115,0.57265625,0.6645782798528671,0.743883666396141,0.26953125,0.42153867781162263,0.5970150202512741,0.03137257695198059,0.03103797174990177,0.6781934589147568,0.6833128988742828,0.01873461902141571,0.16632988750934596,nan,0.0,0.484375,0.3706532999931369,0
28,300,9804,0.028674242424242415,2560,1.0866948127746583,0.569140625,0.6724488854408264,0.7395159631967545,0.269140625,0.4428789556026459,0.6002168208360672,0.03137257695198059,0.032929193880409005,0.683774533867836,0.6824448943138123,0.009996008872985906,0.16632988750934596,nan,0.0,nan,0.0,0
28,320,9824,0.02791666666666668,2560,1.087185624241829,0.578515625,0.6599983334541321,0.7440551936626434,0.2546875,0.4452637329697609,0.5959615260362625,0.03137257695198059,0.03129686284810305,0.6773659467697144,0.6769813686609268,0.016983035206794783,0.16632988750934596,nan,0.0,nan,0.0,0
28,340,9844,0.0271590909090909,2560,1.0986239969730378,0.56484375,0.6650616705417634,0.7382814019918442,0.273046875,0.44711919128894806,0.6042415797710419,0.03137257695198059,0.02924816831946373,0.6707186043262482,0.6724488854408264,0.0073872148990630215,0.16632988750934596,nan,0.0,nan,0.0,0
28,352,9856,0.02670454545454546,1480,1.0997238178510924,0.5668918928584536,0.6558649082441588,0.7325114153526925,0.26148648600320556,0.43173305907764953,0.602694153141331,0.03137257695198059,0.028977862604566522,0.6699369462760719,0.6650616705417634,0.009196762297604577,0.16632988750934596,nan,0.0,nan,0.0,0
29,20,9876,0.02594696969696968,2560,1.049184975028038,0.59765625,0.6885560899972916,0.7398940026760101,0.25625,0.42460000663995745,0.5953487575054168,0.03137257695198059,0.03024199800565839,0.6747646331787109,0.6645782798528671,-0.02397781014442446,0.16632988750934596,nan,0.0,0.3828125,0.3764013000036357,0
29,40,9896,0.025189393939393945,2560,1.0153218924999237,0.60859375,0.6779047071933746,0.7423214107751847,0.25078125,0.4134469568729401,0.5987632960081101,0.03137257695198059,0.03062213333323598,0.6771650314331055,0.6650616705417634,-0.01284303665161124,0.16632988750934596,nan,0.0,nan,0.0,0
29,60,9916,0.024431818181818166,2560,1.024916833639145,0.6015625,0.6769832849502564,0.7324455440044403,0.2453125,0.42568890899419787,0.6044282495975495,0.03137257695198059,0.03180288132280111,0.6794658690690994,0.6650616705417634,-0.011921614408493042,0.16632988750934596,nan,0.0,nan,0.0,0
29,80,9936,0.02367424242424243,2560,1.0058056890964509,0.597265625,0.671743381023407,0.7414180934429169,0.25625,0.41251982748508453,0.5989144802093506,0.03137257695198059,0.030033575650304557,0.6732669442892074,0.6769832849502564,0.005239903926849365,0.16632988750934596,nan,0.0,nan,0.0,0
29,100,9956,0.022916666666666655,2560,1.0119611144065856,0.60859375,0.6578691691160202,0.7336667627096176,0.24453125,0.4255488246679306,0.6010669827461242,0.03137257695198059,0.029262914694845675,0.670913216471672,0.6769832849502564,0.019114115834236167,0.16632988750934596,nan,0.0,nan,0.0,0
29,120,9976,0.02215909090909092,2560,1.0298046708106994,0.589453125,0.6598822087049484,0.7351974725723267,0.2640625,0.436323544383049,0.5977342188358307,0.03137257695198059,0.02954095471650362,0.6732925742864608,0.6769832849502564,0.01710107624530799,0.16632988750934596,nan,0.0,0.4765625,0.3793879000004381,0
29,140,9996,0.02140151515151514,2560,0.9899203896522522,0.612109375,0.6756787955760956,0.7390499293804169,0.24375,0.41658220887184144,0.5981598109006881,0.03137257695198059,0.02947561154142022,0.6713812857866287,0.671743381023407,-0.003935414552688532,0.16632988750934596,nan,0.0,nan,0.0,0
29,160,10016,0.020643939393939405,2560,1.0131464540958404,0.6,0.6451416581869125,0.732387688755989,0.265234375,0.4378983676433563,0.597468587756157,0.03137257695198059,0.030227300804108383,0.6744075566530228,0.671743381023407,0.026601722836494535,0.16632988750934596,nan,0.0,nan,0.0,0
29,180,10036,0.019886363636363626,2560,0.999236312508583,0.604296875,0.6628670811653137,0.7322531580924988,0.24609375,0.42833466082811356,0.5993680506944656,0.03137257695198059,0.03172772293910384,0.6785747647285462,0.6598822087049484,-0.002984872460365273,0.16632988750934596,nan,0.0,nan,0.0,0
29,200,10056,0.01912878787878789,2560,1.0149235874414444,0.600390625,0.6588976949453353,0.7359129816293717,0.2515625,0.4401577949523926,0.5875380426645279,0.03137257695198059,0.029988441336899995,0.672561040520668,0.6598822087049484,0.0009845137596130593,0.16632988750934596,nan,0.0,nan,0.0,0
29,220,10076,0.01837121212121211,2560,1.0200373947620391,0.591796875,0.6590445160865783,0.7254211634397507,0.25703125,0.43332348167896273,0.595755523443222,0.03137257695198059,0.03015239257365465,0.6727038323879242,0.6598822087049484,0.0008376926183700784,0.16632988750934596,nan,0.0,0.4765625,0.37203880000743084,0
29,240,10096,0.017613636363636376,2560,1.0044457644224167,0.607421875,0.6643773496150971,0.7326781183481217,0.251171875,0.42973820567131044,0.5866610407829285,0.03137257695198059,0.029165466781705618,0.6705979526042938,0.6590445160865783,-0.005332833528518766,0.16632988750934596,nan,0.0,nan,0.0,0
29,260,10116,0.016856060606060597,2560,0.9880693674087524,0.61171875,0.6571958929300308,0.7325808435678482,0.258984375,0.4240590199828148,0.5927885890007019,0.03137257695198059,0.02830208232626319,0.6651893764734268,0.6590445160865783,0.0018486231565475464,0.16632988750934596,nan,0.0,nan,0.0,0
29,280,10136,0.016098484848484862,2560,1.0306215286254883,0.60390625,0.6549995213747024,0.7302579402923584,0.2484375,0.44483407735824587,0.5980414271354675,0.03137257695198059,0.031320669781416656,0.6792700469493866,0.6590445160865783,0.0040449947118759155,0.16632988750934596,nan,0.0,nan,0.0,0
29,300,10156,0.015340909090909084,2560,1.028674739599228,0.601171875,0.6642601162195205,0.7305184930562973,0.24609375,0.4402902856469154,0.6030563533306121,0.03137257695198059,0.030707958899438382,0.676200321316719,0.6588976949453353,-0.005362421274185181,0.16632988750934596,nan,0.0,nan,0.0,0
29,320,10176,0.01458333333333335,2560,1.0194140076637268,0.594921875,0.6567493855953217,0.7340819239616394,0.26015625,0.4310715883970261,0.5989040583372116,0.03137257695198059,0.029194114729762077,0.669815132021904,0.6590445160865783,0.002295130491256625,0.16632988750934596,nan,0.0,0.484375,0.3738063000055263,0
29,340,10196,0.01382575757575757,2560,1.0389268010854722,0.593359375,0.6600271701812744,0.7371909052133561,0.2640625,0.4410807639360428,0.5965478479862213,0.03137257695198059,0.029462649952620268,0.6712102442979813,0.6571958929300308,-0.002831277251243658,0.16632988750934596,nan,0.0,nan,0.0,0
29,352,10208,0.01337121212121213,1480,1.0313299978101576,0.5783783790227529,0.6458272173598006,0.7316956242999515,0.2763513511902577,0.42657015597498094,0.5815777346894547,0.03137257695198059,0.03023556135594845,0.6743589936075984,0.6571958929300308,0.011368675570230136,0.16632988750934596,nan,0.0,nan,0.0,0
30,20,10228,0.01261363636363635,2560,0.9635177910327911,0.619140625,0.6789570122957229,0.7365504086017609,0.24609375,0.40110700130462645,0.5904743403196335,0.03137257695198059,0.029600535426288842,0.6720315992832184,0.6567493855953217,-0.022207626700401217,0.16632988750934596,nan,0.0,nan,0.0,0
30,40,10248,0.011856060606060615,2560,0.9721515834331512,0.621875,0.6621866077184677,0.7273646205663681,0.23671875,0.4205393850803375,0.5933670222759246,0.03137257695198059,0.029748409800231457,0.6721243441104889,0.6600271701812744,-0.002159437537193276,0.16632988750934596,nan,0.0,nan,0.0,0
30,60,10268,0.011098484848484837,2560,0.9710992366075516,0.628125,0.6461068749427795,0.7234263330698013,0.239453125,0.43275890648365023,0.5960626184940339,0.03137257695198059,0.030062714219093324,0.6729284077882767,0.6600271701812744,0.013920295238494917,0.16632988750934596,nan,0.0,0.453125,0.3663671000103932,0
30,80,10288,0.010340909090909102,2560,0.9496904581785202,0.617578125,0.6517353951931,0.7300865411758423,0.24921875,0.4080802291631699,0.5893155604600906,0.03137257695198059,0.029572497960180043,0.6704164713621139,0.6600271701812744,0.00829177498817446,0.16632988750934596,nan,0.0,nan,0.0,0
30,100,10308,0.009583333333333322,2560,0.9456011593341828,0.627734375,0.6714439451694488,0.7331179410219193,0.250390625,0.4115990176796913,0.5986419916152954,0.03137257695198059,0.030938676465302704,0.6752006143331528,0.6517353951931,-0.019708549976348855,0.16632988750934596,nan,0.0,nan,0.0,0
30,120,10328,0.008825757575757587,2560,0.9186840385198594,0.633984375,0.6622573137283325,0.723452016711235,0.243359375,0.4081762984395027,0.5889559626579285,0.03137257695198059,0.030156625993549825,0.6742927491664886,0.6621866077184677,-7.070600986480713e-05,0.16632988750934596,nan,0.0,nan,0.0,0
30,140,10348,0.008068181818181808,2560,0.937234029173851,0.62734375,0.6319239124655723,0.7220120996236801,0.241796875,0.4182227998971939,0.5882476896047593,0.03137257695198059,0.030151262041181327,0.6744014739990234,0.6621866077184677,0.030262695252895377,0.16632988750934596,nan,0.0,nan,0.0,0
30,160,10368,0.007310606060606073,2560,0.9185341030359269,0.6359375,0.656619456410408,0.7290485590696335,0.23828125,0.40857579112052916,0.6003755122423172,0.03137257695198059,0.029612144362181424,0.6719922065734864,0.6517353951931,-0.004884061217308,0.16632988750934596,nan,0.0,0.4921875,0.37073640000016894,0
30,180,10388,0.006553030303030294,2560,0.920961731672287,0.622265625,0.6614292562007904,0.7230260401964188,0.248828125,0.4049895003437996,0.5953877985477447,0.03137257695198059,0.030634271819144486,0.6746040314435959,0.656619456410408,-0.00480979979038243,0.16632988750934596,nan,0.0,nan,0.0,0
30,200,10408,0.005795454545454559,2560,0.923550221323967,0.633203125,0.6610276281833649,0.7230028986930848,0.24609375,0.41295908838510514,0.5957110315561295,0.03137257695198059,0.030705387983471156,0.6748547285795212,0.6614292562007904,0.0004016280174254927,0.16632988750934596,nan,0.0,nan,0.0,0
30,220,10428,0.00503787878787878,2560,0.9197376310825348,0.63828125,0.6491343230009079,0.717342022061348,0.23203125,0.4064573884010315,0.5955421656370163,0.03137257695198059,0.02970280172303319,0.6722415119409562,0.6610276281833649,0.011893305182457015,0.16632988750934596,nan,0.0,nan,0.0,0
30,240,10448,0.004280303030303046,2560,0.9226867735385895,0.636328125,0.6405498564243317,0.7167091548442841,0.241796875,0.40951127260923387,0.5854147762060166,0.03137257695198059,0.029986226093024017,0.6732387065887451,0.656619456410408,0.016069599986076266,0.16632988750934596,nan,0.0,nan,0.0,0
30,260,10468,0.0035227272727272664,2560,0.937511557340622,0.624609375,0.635885727405548,0.725598669052124,0.253125,0.41592859774827956,0.5969474941492081,0.03137257695198059,0.030804301239550115,0.6757327497005463,0.656619456410408,0.020733729004859924,0.16632988750934596,nan,0.0,0.484375,0.3757291000074474,0
30,280,10488,0.0027651515151515317,2560,0.8991125017404556,0.65390625,0.6490386605262757,0.7204915553331375,0.23359375,0.40531898438930514,0.5886958003044128,0.03137257695198059,0.030151714198291303,0.6737343847751618,0.6491343230009079,9.566247463221877e-05,0.16632988750934596,nan,0.0,nan,0.0,0
30,300,10508,0.0020075757575757527,2560,0.9337085634469986,0.627734375,0.6242066442966461,0.7162141382694245,0.254296875,0.4212739378213882,0.5996474117040634,0.03137257695198059,0.02979664960876107,0.6738460212945938,0.6490386605262757,0.024832016229629605,0.16632988750934596,nan,0.0,nan,0.0,0
30,320,10528,0.0012500000000000178,2560,0.9338978141546249,0.6265625,0.635365006327629,0.7153638362884521,0.24921875,0.4122107446193695,0.5875365138053894,0.03137257695198059,0.030422035325318574,0.6748654514551162,0.6405498564243317,0.0051848500967026645,0.16632988750934596,nan,0.0,nan,0.0,0
30,340,10548,0.0004924242424242387,2560,0.8861245602369309,0.6421875,0.6534732103347778,0.7204180657863617,0.23828125,0.387322835624218,0.583925399184227,0.03137257695198059,0.030049317888915537,0.6742180615663529,0.635885727405548,-0.017587482929229736,0.16632988750934596,nan,0.0,nan,0.0,0
30,352,10560,3.787878787879784e-05,1480,0.8705599965275945,0.6608108104886236,0.6598920403300105,0.7211791041735056,0.22027027027027027,0.3830891836333919,0.5922457984975866,0.03137257695198059,0.030313334895952327,0.6744238412058031,0.635885727405548,-0.024006312924462425,0.16632988750934596,nan,0.0,0.4921875,0.37910699998610653,0
