epoch,batch,global_step,lr,window_samples,train_adv_loss,train_adv_acc,free_gradient_cosine,free_gradient_sign_agreement,free_prediction_disagreement,free_attack_loss_gain,free_boundary_fraction,free_delta_linf,control_gradient_participation_ratio,control_gradient_entropy,detector_baseline,detector_score,detector_threshold,detector_pgd10_acc,detector_seconds,observer_pgd10_acc,observer_pgd10_seconds,intervention_triggered
1,20,20,0.0010795454545454546,2560,3.1867835998535154,0.0,-0.010228002618532628,0.49108633399009705,0.365234375,0.8655595928430557,0.9155248194932938,0.03137257695198059,0.24498243853449822,0.884347888827324,nan,nan,0.16632988750934596,nan,0.0,nan,0.0,0
1,40,40,0.002215909090909091,2560,2.905056381225586,0.0015625,-0.011757075949572027,0.49100698828697203,0.4375,0.6738470911979675,0.9156830012798309,0.03137257695198059,0.24126886576414108,0.8831942170858383,nan,nan,0.16632988750934596,nan,0.0,nan,0.0,0
1,60,60,0.0033522727272727276,2560,2.611143684387207,0.0421875,-0.007957303139846772,0.4932136595249176,0.246484375,0.4419307053089142,0.9140091150999069,0.03137257695198059,0.22655469179153442,0.8781928092241287,nan,nan,0.16632988750934596,nan,0.0,nan,0.0,0
1,80,80,0.004488636363636363,2560,2.4377185583114622,0.053125,0.002080825448501855,0.4958395719528198,0.273046875,0.31152965426445006,0.9155895382165908,0.03137257695198059,0.21550565734505653,0.8737867832183838,-0.010228002618532628,-0.012308828067034483,0.16632988750934596,nan,0.0,nan,0.0,0
1,100,100,0.005625,2560,2.3334933876991273,0.083203125,0.01887056170962751,0.4993672832846642,0.24140625,0.24146992340683937,0.9160033106803894,0.03137257695198059,0.2052026703953743,0.8696600735187531,-0.0090926528791897,-0.02796321458881721,0.16632988750934596,nan,0.0,0.0546875,0.3748791000107303,0
1,120,120,0.006761363636363636,2560,2.2921257972717286,0.0984375,0.03970394022762776,0.503876006603241,0.219140625,0.19501075372099877,0.9164552301168442,0.03137257695198059,0.1983904793858528,0.8669195741415023,-0.007957303139846772,-0.04766124336747453,0.16632988750934596,nan,0.0,nan,0.0,0
1,140,140,0.007897727272727272,2560,2.2581135034561157,0.132421875,0.08456996679306031,0.5133643001317978,0.180078125,0.1826397880911827,0.9140660762786865,0.03137257695198059,0.19806475937366486,0.866823610663414,0.002080825448501855,-0.08248914134455845,0.16632988750934596,nan,0.0,nan,0.0,0
1,160,160,0.009034090909090908,2560,2.2380372047424317,0.15390625,0.12509751915931702,0.5238987177610397,0.1609375,0.1681684710085392,0.9144568353891372,0.03137257695198059,0.1934305652976036,0.865846049785614,0.01887056170962751,-0.10622695744968952,0.16632988750934596,nan,0.0,nan,0.0,0
1,180,180,0.010170454545454547,2560,2.201589846611023,0.16015625,0.17395858615636825,0.536539351940155,0.207421875,0.1705584317445755,0.9162592768669129,0.03137257695198059,0.18872314020991326,0.8637137442827225,0.03970394022762776,-0.13425464592874048,0.16632988750934596,nan,0.0,nan,0.0,0
1,200,200,0.011306818181818182,2560,2.199013519287109,0.169921875,0.22460660114884376,0.5511497646570206,0.205859375,0.17680856883525847,0.9124205470085144,0.03137257695198059,0.18348268419504166,0.8615135163068771,0.08456996679306031,-0.14003663435578345,0.16632988750934596,nan,0.0,0.1171875,0.37297789999865927,0
1,220,220,0.012443181818181819,2560,2.242512655258179,0.17421875,0.33566284030675886,0.5796417385339737,0.183203125,0.18645804449915887,0.9147272855043411,0.03137257695198059,0.18098092079162598,0.859110078215599,0.12509751915931702,-0.21056532114744184,0.16632988750934596,nan,0.0,nan,0.0,0
1,240,240,0.013579545454545454,2560,2.1747212409973145,0.174609375,0.4272963643074036,0.6111789882183075,0.206640625,0.1842298649251461,0.9134664058685302,0.03137257695198059,0.16648882627487183,0.8511661678552628,0.17395858615636825,-0.2533377781510353,0.16632988750934596,nan,0.0,nan,0.0,0
1,260,260,0.014715909090909089,2560,2.1886857986450194,0.178125,0.5243370905518532,0.6362882107496262,0.198046875,0.18913137540221214,0.9135448634624481,0.03137257695198059,0.1503804564476013,0.8392734050750732,0.22460660114884376,-0.2997304894030094,0.16632988750934596,nan,0.0,nan,0.0,0
1,280,280,0.015852272727272725,2560,2.1889150619506834,0.177734375,0.626348739862442,0.6685005396604538,0.196484375,0.18305888324975966,0.9127720147371292,0.03137257695198059,0.14477446302771568,0.833212497830391,0.33566284030675886,-0.29068589955568314,0.16632988750934596,nan,0.0,nan,0.0,0
1,300,300,0.016988636363636362,2560,2.1821829319000243,0.184375,0.7587311565876007,0.7251952022314072,0.184375,0.20494904220104218,0.9129488825798034,0.03137257695198059,0.1253425169736147,0.8162561923265457,0.4272963643074036,-0.3314347922801971,0.16632988750934596,nan,0.0,0.15625,0.3735939000034705,0
1,320,320,0.018125,2560,2.1629024267196657,0.21015625,0.8063877820968628,0.7530159175395965,0.166015625,0.20251378789544106,0.9131661862134933,0.03137257695198059,0.11048781871795654,0.7997530072927475,0.5243370905518532,-0.2820506915450096,0.16632988750934596,nan,0.0,nan,0.0,0
1,340,340,0.019261363636363635,2560,2.1566185474395754,0.18984375,0.81923249065876,0.7593443721532822,0.209765625,0.20869584232568741,0.91458780169487,0.03137257695198059,0.1050573743879795,0.7962162584066391,0.626348739862442,-0.19288375079631803,0.16632988750934596,nan,0.0,nan,0.0,0
1,352,352,0.019943181818181818,1480,2.1583360633334596,0.18310810814838152,0.8313293070406527,0.7701451395009015,0.19999999975835955,0.20001732578148712,0.9159254673365,0.03137257695198059,0.10195320941306449,0.7941164748088734,0.7587311565876007,-0.07259815045305196,0.16632988750934596,nan,0.0,nan,0.0,0
2,20,372,0.021079545454545455,2560,2.1400808811187746,0.194921875,0.8426402807235718,0.776379543542862,0.201171875,0.19985088109970092,0.914834487438202,0.03137257695198059,0.09619457721710205,0.7852160722017288,0.8063877820968628,-0.036252498626708984,0.16632988750934596,nan,0.0,nan,0.0,0
2,40,392,0.022215909090909088,2560,2.114325833320618,0.194140625,0.8445018202066421,0.7804831326007843,0.21171875,0.21976588144898415,0.9165095180273056,0.03137257695198059,0.0940128818154335,0.7835537523031235,0.81923249065876,-0.02526932954788208,0.16632988750934596,nan,0.0,0.2421875,0.38400869999895804,0
2,60,412,0.023352272727272725,2560,2.1150497913360597,0.20625,0.8569360554218293,0.7864949733018876,0.2078125,0.21376241222023964,0.9153181910514832,0.03137257695198059,0.08981880843639374,0.7778646588325501,0.8313293070406527,-0.025606748381176603,0.16632988750934596,nan,0.0,nan,0.0,0
2,80,432,0.024488636363636365,2560,2.1007211685180662,0.1984375,0.8648983031511307,0.7938689082860947,0.19921875,0.2222015768289566,0.9151002436876297,0.03137257695198059,0.08529462181031704,0.7696771651506424,0.8426402807235718,-0.02225802242755892,0.16632988750934596,nan,0.0,nan,0.0,0
2,100,452,0.025625,2560,2.082452154159546,0.20625,0.8611750304698944,0.795192739367485,0.20546875,0.21969559267163277,0.9181519985198975,0.03137257695198059,0.08578857332468033,0.7707230001688004,0.8445018202066421,-0.016673210263252303,0.16632988750934596,nan,0.0,nan,0.0,0
2,120,472,0.026761363636363635,2560,2.0831671237945555,0.20703125,0.8642570376396179,0.7934229761362076,0.194140625,0.219497636705637,0.9175864100456238,0.03137257695198059,0.07877392731606961,0.7607955574989319,0.8569360554218293,-0.007320982217788652,0.16632988750934596,nan,0.0,nan,0.0,0
2,140,492,0.027897727272727272,2560,2.1114951848983763,0.210546875,0.8633675217628479,0.7944089472293854,0.19140625,0.22351858764886856,0.9181282222270966,0.03137257695198059,0.0778577171266079,0.7611015796661377,0.8611750304698944,-0.0021924912929535134,0.16632988750934596,nan,0.0,0.203125,0.3763423999916995,0
2,160,512,0.02903409090909091,2560,2.0950974941253664,0.213671875,0.8705742567777633,0.8010690212249756,0.205859375,0.22603924125432967,0.9178660333156585,0.03137257695198059,0.07755817472934723,0.759547621011734,0.8633675217628479,-0.007206735014915422,0.16632988750934596,nan,0.0,nan,0.0,0
2,180,532,0.030170454545454545,2560,2.088700735569,0.208984375,0.868379932641983,0.8024243891239167,0.1953125,0.22407737374305725,0.9172414302825928,0.03137257695198059,0.07633288055658341,0.7585225969552993,0.8642570376396179,-0.004122895002365068,0.16632988750934596,nan,0.0,nan,0.0,0
2,200,552,0.03130681818181818,2560,2.081693720817566,0.22109375,0.8760223627090454,0.8003717064857483,0.205859375,0.2287486083805561,0.9211578577756881,0.03137257695198059,0.07261076755821705,0.7511520236730576,0.8642570376396179,-0.011765325069427512,0.16632988750934596,nan,0.0,nan,0.0,0
2,220,572,0.032443181818181815,2560,2.063828206062317,0.2171875,0.8749833554029465,0.8047982722520828,0.2109375,0.23274497464299201,0.9172924280166626,0.03137257695198059,0.07144283801317215,0.7488506138324738,0.868379932641983,-0.006603422760963484,0.16632988750934596,nan,0.0,nan,0.0,0
2,240,592,0.03357954545454545,2560,2.0785809993743896,0.225390625,0.878152459859848,0.8137938380241394,0.19140625,0.2284242667257786,0.9177691370248795,0.03137257695198059,0.07163493037223816,0.7497614711523056,0.8705742567777633,-0.007578203082084678,0.16632988750934596,nan,0.0,0.203125,0.37257340000360273,0
2,260,612,0.03471590909090909,2560,2.0374699354171755,0.23359375,0.8789544463157654,0.810009914636612,0.229296875,0.23932894915342331,0.9186018824577331,0.03137257695198059,0.07308752350509166,0.7513250768184662,0.8749833554029465,-0.0039710909128188865,0.16632988750934596,nan,0.0,nan,0.0,0
2,280,632,0.035852272727272726,2560,2.031148147583008,0.2328125,0.8752755522727966,0.8087893426418304,0.221875,0.2467888668179512,0.919948473572731,0.03137257695198059,0.06927223317325115,0.7467269748449326,0.8760223627090454,0.0007468104362488015,0.16632988750934596,nan,0.0,nan,0.0,0
2,300,652,0.03698863636363636,2560,2.0448983192443846,0.23828125,0.8856468766927719,0.8139115840196609,0.2,0.23160145729780196,0.9178922235965729,0.03137257695198059,0.06908741109073162,0.7447740793228149,0.8760223627090454,-0.009624513983726435,0.16632988750934596,nan,0.0,nan,0.0,0
2,320,672,0.038125,2560,2.0349798917770388,0.230859375,0.8809238821268082,0.8117909908294678,0.209375,0.24145220965147018,0.9188057124614716,0.03137257695198059,0.06838621012866497,0.7434380382299424,0.878152459859848,-0.002771422266960144,0.16632988750934596,nan,0.0,nan,0.0,0
2,340,692,0.03926136363636363,2560,2.0321389198303224,0.225,0.8819446176290512,0.8135467737913131,0.19140625,0.2197348102927208,0.91917624771595,0.03137257695198059,0.06367291901260615,0.7334637224674225,0.8789544463157654,-0.0029901713132858276,0.16632988750934596,nan,0.0,0.3515625,0.37414160001208074,0
2,352,704,0.039943181818181815,1480,2.0317069440274627,0.22972973037410427,0.8770032476734471,0.809526561724173,0.21756756780920802,0.2369814096270381,0.9219753126840333,0.03137257695198059,0.06516587742277094,0.73836406952626,0.8809238821268082,0.003920634453361105,0.16632988750934596,nan,0.0,nan,0.0,0
3,20,724,0.04107954545454545,2560,2.0088974952697756,0.2203125,0.8698891818523407,0.8112055689096451,0.215625,0.2302161231637001,0.9201319515705109,0.03137257695198059,0.06486070677638053,0.7409708291292191,0.8809238821268082,0.011034700274467513,0.16632988750934596,nan,0.0,nan,0.0,0
3,40,744,0.04221590909090909,2560,2.0330878019332888,0.2359375,0.8769159704446793,0.8113749355077744,0.200390625,0.2399015747010708,0.9223353236913681,0.03137257695198059,0.06302395313978196,0.7365201145410538,0.8809238821268082,0.004007911682128884,0.16632988750934596,nan,0.0,nan,0.0,0
3,60,764,0.043352272727272725,2560,2.0564879179000854,0.230078125,0.87319715321064,0.8105460077524185,0.19296875,0.23146380484104156,0.9182455897331238,0.03137257695198059,0.06159302517771721,0.7324989646673202,0.8770032476734471,0.003806094462807108,0.16632988750934596,nan,0.0,nan,0.0,0
3,80,784,0.04448863636363636,2560,2.020293378829956,0.22890625,0.8787799000740051,0.8173275142908096,0.2109375,0.2405818931758404,0.9217268764972687,0.03137257695198059,0.06301607359200716,0.7352508723735809,0.8769159704446793,-0.0018639296293258,0.16632988750934596,nan,0.0,0.34375,0.37379289999080356,0
3,100,804,0.04562499999999999,2560,1.9984466552734375,0.25390625,0.8834095567464828,0.8176886439323425,0.209765625,0.2518607072532177,0.9184505701065063,0.03137257695198059,0.06256754118949175,0.7316438734531403,0.8769159704446793,-0.006493586301803522,0.16632988750934596,nan,0.0,nan,0.0,0
3,120,824,0.046761363636363636,2560,2.005775880813599,0.237890625,0.881727346777916,0.8181386500597,0.2125,0.24087940156459808,0.9209880977869034,0.03137257695198059,0.0630586864426732,0.732882383465767,0.8769159704446793,-0.004811376333236694,0.16632988750934596,nan,0.0,nan,0.0,0
3,140,844,0.04789772727272727,2560,2.0361055970191955,0.235546875,0.879498279094696,0.8225294947624207,0.21875,0.24501251727342604,0.917617815732956,0.03137257695198059,0.06214843541383743,0.7322221726179123,0.8787799000740051,-0.0007183790206909402,0.16632988750934596,nan,0.0,nan,0.0,0
3,160,864,0.04903409090909091,2560,2.0014788627624513,0.2453125,0.8862510412931442,0.8221838861703873,0.226171875,0.24242345988750458,0.9228300988674164,0.03137257695198059,0.06200165878981352,0.7329549372196198,0.879498279094696,-0.0067527621984482256,0.16632988750934596,nan,0.0,nan,0.0,0
3,180,884,0.050170454545454546,2560,2.0037871837615966,0.26015625,0.8780051738023757,0.8170298486948013,0.2078125,0.23970663025975228,0.9205781519412994,0.03137257695198059,0.059245314076542856,0.7253978550434113,0.881727346777916,0.0037221729755402277,0.16632988750934596,nan,0.0,0.3203125,0.3753358000103617,0
3,200,904,0.05130681818181818,2560,1.9656901717185975,0.248828125,0.8737800568342209,0.8151572048664093,0.206640625,0.2479285977780819,0.9211892664432526,0.03137257695198059,0.06375361420214176,0.7338258355855942,0.881727346777916,0.00794728994369509,0.16632988750934596,nan,0.0,nan,0.0,0
3,220,924,0.05244318181818181,2560,1.9726707935333252,0.254296875,0.881220817565918,0.8166426569223404,0.2234375,0.24972100257873536,0.9226179897785187,0.03137257695198059,0.059791301004588605,0.728972715139389,0.879498279094696,-0.001722538471221946,0.16632988750934596,nan,0.0,nan,0.0,0
3,240,944,0.05357954545454545,2560,2.0076537251472475,0.2359375,0.882477468252182,0.8217336237430573,0.2046875,0.2538212984800339,0.9239929378032684,0.03137257695198059,0.06077100709080696,0.7298875898122787,0.879498279094696,-0.002979189157485962,0.16632988750934596,nan,0.0,nan,0.0,0
3,260,964,0.054715909090909086,2560,1.9771839380264282,0.243359375,0.872192633152008,0.8182426631450653,0.21796875,0.26542540863156316,0.921355077624321,0.03137257695198059,0.06180469673126936,0.7348046690225601,0.881220817565918,0.009028184413909957,0.16632988750934596,nan,0.0,nan,0.0,0
3,280,984,0.05585227272727273,2560,1.9661630988121033,0.260546875,0.8850407600402832,0.821245214343071,0.221484375,0.24789031744003295,0.9208463221788407,0.03137257695198059,0.06361769940704107,0.7330789297819138,0.8780051738023757,-0.007035586237907454,0.16632988750934596,nan,0.0,0.234375,0.3762180000048829,0
3,300,1004,0.056988636363636366,2560,1.9515307605266572,0.255859375,0.8811847925186157,0.8207044214010238,0.215234375,0.2632525935769081,0.9188848048448562,0.03137257695198059,0.05914779473096132,0.7255408614873886,0.881220817565918,3.60250473022683e-05,0.16632988750934596,nan,0.0,nan,0.0,0
3,320,1024,0.058124999999999996,2560,1.9607651233673096,0.26171875,0.8863606959581375,0.8289035946130753,0.225,0.2524159297347069,0.9205806910991668,0.03137257695198059,0.06185299083590508,0.7311107873916626,0.881220817565918,-0.005139878392219521,0.16632988750934596,nan,0.0,nan,0.0,0
3,340,1044,0.05926136363636363,2560,1.9356321811676025,0.276953125,0.8842602729797363,0.8241200953722,0.212109375,0.2684964880347252,0.9227443903684616,0.03137257695198059,0.0611690366640687,0.732948613166809,0.882477468252182,-0.0017828047275543213,0.16632988750934596,nan,0.0,nan,0.0,0
3,352,1056,0.05994318181818181,1480,1.8916631357089893,0.2986486490513827,0.8839568015691396,0.8332128192927386,0.22905405381241362,0.2593558520884127,0.9174386933043196,0.03137257695198059,0.062175836796696124,0.7354137414210552,0.8842602729797363,0.0003034714105967229,0.16632988750934596,nan,0.0,nan,0.0,0
4,20,1076,0.061079545454545456,2560,1.9705215334892272,0.25625,0.8863396108150482,0.8327780604362488,0.216015625,0.2632578417658806,0.9191868007183075,0.03137257695198059,0.0610470425337553,0.7315211892127991,0.8842602729797363,-0.0020793378353118896,0.16632988750934596,nan,0.0,0.2890625,0.37242040000273846,0
4,40,1096,0.06221590909090909,2560,1.9458394169807434,0.266015625,0.8746863633394242,0.8279293268918991,0.233203125,0.2730186477303505,0.9206674128770829,0.03137257695198059,0.06364454105496406,0.7392233461141586,0.8842602729797363,0.009573909640312128,0.16632988750934596,nan,0.0,nan,0.0,0
4,60,1116,0.06335227272727273,2560,1.9322784900665284,0.274609375,0.8841578006744385,0.828058511018753,0.2265625,0.26412940844893457,0.9231069087982178,0.03137257695198059,0.06134532764554024,0.7326014369726181,0.8842602729797363,0.00010247230529780715,0.16632988750934596,nan,0.0,nan,0.0,0
4,80,1136,0.06448863636363636,2560,1.9444836378097534,0.2546875,0.8822539687156677,0.8230209648609161,0.23984375,0.27358419001102446,0.9252732753753662,0.03137257695198059,0.05868481732904911,0.7300102591514588,0.8841578006744385,0.001903831958770752,0.16632988750934596,nan,0.0,nan,0.0,0
4,100,1156,0.065625,2560,1.943911075592041,0.272265625,0.8821119546890259,0.8285328119993209,0.20546875,0.281489022821188,0.9222322016954422,0.03137257695198059,0.06204323824495077,0.734488108754158,0.8839568015691396,0.0018448468801136597,0.16632988750934596,nan,0.0,nan,0.0,0
4,120,1176,0.06676136363636363,2560,1.9545640230178833,0.250390625,0.8875466912984848,0.8338787257671356,0.222265625,0.26352283358573914,0.9215287744998932,0.03137257695198059,0.0611054565757513,0.7331892520189285,0.8822539687156677,-0.0052927225828171,0.16632988750934596,nan,0.0,0.296875,0.38176649999513756,0
4,140,1196,0.06789772727272726,2560,1.9334741115570069,0.26171875,0.8814973056316375,0.8295760035514832,0.221875,0.28215101957321165,0.9223887294530868,0.03137257695198059,0.05962975416332483,0.7320042610168457,0.8822539687156677,0.000756663084030218,0.16632988750934596,nan,0.0,nan,0.0,0
4,160,1216,0.0690340909090909,2560,1.9168837547302247,0.284765625,0.8868155032396317,0.8334371089935303,0.209765625,0.2673974931240082,0.9204663813114167,0.03137257695198059,0.0590761074796319,0.7302871227264405,0.8822539687156677,-0.004561534523963906,0.16632988750934596,nan,0.0,nan,0.0,0
4,180,1236,0.07017045454545454,2560,1.895262885093689,0.28125,0.880706611275673,0.8313447505235672,0.225,0.30017155706882476,0.9179125607013703,0.03137257695198059,0.059131054952740666,0.7325332045555115,0.8822539687156677,0.0015473574399947898,0.16632988750934596,nan,0.0,nan,0.0,0
4,200,1256,0.07130681818181818,2560,1.9212905168533325,0.27734375,0.8813317805528641,0.8300527125597,0.234375,0.27743644565343856,0.9180242151021958,0.03137257695198059,0.06005297228693962,0.7324906051158905,0.8821119546890259,0.0007801741361618264,0.16632988750934596,nan,0.0,nan,0.0,0
4,220,1276,0.07244318181818182,2560,1.9068434715270997,0.280078125,0.8817453712224961,0.8293772578239441,0.220703125,0.27117400914430617,0.9217292994260788,0.03137257695198059,0.05656830277293921,0.7244645178318023,0.8814973056316375,-0.0002480655908585483,0.16632988750934596,nan,0.0,0.2734375,0.3811984000058146,0
4,240,1296,0.07357954545454545,2560,1.9229375839233398,0.273828125,0.8853156328201294,0.8256724208593369,0.23125,0.28278594762086867,0.9201840877532959,0.03137257695198059,0.05522783435881138,0.723418551683426,0.8814973056316375,-0.0038183271884918435,0.16632988750934596,nan,0.0,nan,0.0,0
4,260,1316,0.07471590909090908,2560,1.9143939018249512,0.273828125,0.8794502526521683,0.8254847407341004,0.25,0.294742089509964,0.9232583522796631,0.03137257695198059,0.053515895083546636,0.7188476473093033,0.8817453712224961,0.0022951185703278254,0.16632988750934596,nan,0.0,nan,0.0,0
4,280,1336,0.07585227272727273,2560,1.8930633544921875,0.28203125,0.8801980376243591,0.8274602502584457,0.231640625,0.27730712816119196,0.9183773249387741,0.03137257695198059,0.05714529398828745,0.7283241659402847,0.8813317805528641,0.0011337429285049883,0.16632988750934596,nan,0.0,nan,0.0,0
4,300,1356,0.07698863636363637,2560,1.9174308776855469,0.276953125,0.8856435179710388,0.8346840083599091,0.21953125,0.28812428265810014,0.9166837304830551,0.03137257695198059,0.05415588989853859,0.7195042341947555,0.8813317805528641,-0.004311737418174699,0.16632988750934596,nan,0.0,nan,0.0,0
4,320,1376,0.078125,2560,1.9186014175415038,0.269921875,0.8723887741565705,0.8296692073345184,0.22890625,0.2851125538349152,0.9200849115848542,0.03137257695198059,0.0550680672749877,0.7233327955007554,0.8817453712224961,0.00935659706592562,0.16632988750934596,nan,0.0,0.3125,0.3806732000084594,0
4,340,1396,0.07926136363636364,2560,1.9258634090423583,0.2671875,0.8804152071475982,0.8292451500892639,0.23359375,0.2833933509886265,0.9268769770860672,0.03137257695198059,0.05959573276340961,0.7316479861736298,0.8801980376243591,-0.00021716952323913574,0.16632988750934596,nan,0.0,nan,0.0,0
4,352,1408,0.07994318181818182,1480,1.8891277848063288,0.29054054102382143,0.8780490362966383,0.8232505637246209,0.256756757078944,0.3064262288647729,0.9208414931555052,0.03137257695198059,0.05609193401964935,0.7262619443841882,0.8801980376243591,0.0021490013277207787,0.16632988750934596,nan,0.0,nan,0.0,0
5,20,1428,0.08107954545454545,2560,1.8975944757461547,0.286328125,0.8851083666086197,0.8303789973258973,0.23671875,0.292780302464962,0.9213932275772094,0.03137257695198059,0.05688718874007463,0.7255729615688324,0.8801980376243591,-0.004910328984260581,0.16632988750934596,nan,0.0,nan,0.0,0
5,40,1448,0.08221590909090909,2560,1.917971134185791,0.274609375,0.8842246174812317,0.8324915826320648,0.2296875,0.28520272448658945,0.9208217859268188,0.03137257695198059,0.058305995911359786,0.7307005137205124,0.8804152071475982,-0.0038094103336334673,0.16632988750934596,nan,0.0,nan,0.0,0
5,60,1468,0.08335227272727272,2560,1.8809168338775635,0.283984375,0.875063207745552,0.8274809658527374,0.265234375,0.3163090094923973,0.9272293210029602,0.03137257695198059,0.05496021080762148,0.7269908726215363,0.8804152071475982,0.005351999402046226,0.16632988750934596,nan,0.0,0.375,0.3683022999903187,0
5,80,1488,0.08448863636363636,2560,1.8658764362335205,0.282421875,0.8777415573596954,0.8315276026725769,0.242578125,0.30384625643491747,0.9168951839208603,0.03137257695198059,0.055327533185482024,0.7265361070632934,0.8804152071475982,0.0026736497879028542,0.16632988750934596,nan,0.0,nan,0.0,0
5,100,1508,0.08562499999999999,2560,1.8934107303619385,0.288671875,0.8881430864334107,0.8356671839952469,0.247265625,0.29224705174565313,0.9254177272319793,0.03137257695198059,0.05427216906100511,0.7231800317764282,0.8780490362966383,-0.010094050136772337,0.16632988750934596,nan,0.0,nan,0.0,0
5,120,1528,0.08676136363636362,2560,1.8786844730377197,0.284375,0.8807310998439789,0.8332351833581925,0.22890625,0.2922707453370094,0.9222350031137466,0.03137257695198059,0.053503452055156234,0.7225936561822891,0.8842246174812317,0.0034935176372528076,0.16632988750934596,nan,0.0,nan,0.0,0
5,140,1548,0.08789772727272727,2560,1.873785150051117,0.28203125,0.8742201894521713,0.8265534967184067,0.244140625,0.30828023701906204,0.9268376886844635,0.03137257695198059,0.055544694699347016,0.7259482055902481,0.8807310998439789,0.006510910391807623,0.16632988750934596,nan,0.0,nan,0.0,0
5,160,1568,0.0890340909090909,2560,1.8786023259162903,0.298828125,0.8859157145023346,0.8373258084058761,0.239453125,0.2930352598428726,0.9211600154638291,0.03137257695198059,0.054432527720928194,0.7230867862701416,0.8777415573596954,-0.008174157142639249,0.16632988750934596,nan,0.0,0.3828125,0.38038349999987986,0
5,180,1588,0.09017045454545455,2560,1.874254733324051,0.2953125,0.8820305287837982,0.8344514399766922,0.2390625,0.306077840924263,0.9195736169815063,0.03137257695198059,0.05648533888161182,0.7295315086841583,0.8807310998439789,-0.0012994289398192693,0.16632988750934596,nan,0.0,nan,0.0,0
5,200,1608,0.09130681818181818,2560,1.8523219347000122,0.30546875,0.8793134152889251,0.8341669946908951,0.23984375,0.31072662621736524,0.9256886959075927,0.03137257695198059,0.0578962804749608,0.7321403741836547,0.8820305287837982,0.0027171134948730247,0.16632988750934596,nan,0.0,nan,0.0,0
5,220,1628,0.09244318181818183,2560,1.8642608404159546,0.284765625,0.8790422409772873,0.8293958246707916,0.240625,0.309572359919548,0.9199151426553727,0.03137257695198059,0.051885480992496014,0.718805405497551,0.8807310998439789,0.0016888588666915672,0.16632988750934596,nan,0.0,nan,0.0,0
5,240,1648,0.09357954545454546,2560,1.8466848254203796,0.29921875,0.879686638712883,0.8321641474962235,0.25625,0.3206260874867439,0.9194225460290909,0.03137257695198059,0.05778528712689877,0.731966757774353,0.8793134152889251,-0.0003732234239578469,0.16632988750934596,nan,0.0,nan,0.0,0
5,260,1668,0.09471590909090909,2560,1.8827245712280274,0.287109375,0.8759086161851883,0.8322965204715729,0.2515625,0.313124081492424,0.9239223688840866,0.03137257695198059,0.0551473231986165,0.7304710954427719,0.879686638712883,0.0037780225276946577,0.16632988750934596,nan,0.0,0.390625,0.38054070000362117,0
5,280,1688,0.09585227272727273,2560,1.879532790184021,0.2859375,0.8777996003627777,0.8273816615343094,0.246484375,0.3118759483098984,0.9265130579471588,0.03137257695198059,0.056491859070956704,0.7312865406274796,0.8793134152889251,0.0015138149261474387,0.16632988750934596,nan,0.0,nan,0.0,0
5,300,1708,0.09698863636363636,2560,1.8564857482910155,0.3015625,0.8814431309700013,0.8324239313602447,0.2328125,0.3176253393292427,0.9219485133886337,0.03137257695198059,0.05366706214845181,0.7267693340778351,0.8790422409772873,-0.0024008899927139282,0.16632988750934596,nan,0.0,nan,0.0,0
5,320,1728,0.098125,2560,1.8334766745567321,0.301953125,0.874217078089714,0.830205425620079,0.25,0.3249434933066368,0.9210073083639145,0.03137257695198059,0.05503038130700588,0.7288207679986953,0.8790422409772873,0.004825162887573287,0.16632988750934596,nan,0.0,nan,0.0,0
5,340,1748,0.09926136363636363,2560,1.8594269156455994,0.29765625,0.876249122619629,0.83177250623703,0.25234375,0.3137836903333664,0.9254916071891784,0.03137257695198059,0.056449934281408785,0.733092674612999,0.8777996003627777,0.0015504777431487593,0.16632988750934596,nan,0.0,nan,0.0,0
5,352,1760,0.0999431818181818,1480,1.84531769688065,0.2918918922140792,0.872145372468072,0.822935599894137,0.23986486526759895,0.3306029139338313,0.9239473578092214,0.03137257695198059,0.05127863869876475,0.7188211138184006,0.876249122619629,0.004103750151556951,0.16632988750934596,nan,0.0,0.296875,0.3816048000007868,0
6,20,1780,0.10107954545454545,2560,1.8633424639701843,0.303125,0.8808577001094818,0.8329456508159637,0.229296875,0.30524508059024813,0.9238300591707229,0.03137257695198059,0.0533372912555933,0.7250831574201584,0.876249122619629,-0.004608577489852883,0.16632988750934596,nan,0.0,nan,0.0,0
6,40,1800,0.10221590909090908,2560,1.85247460603714,0.2921875,0.8647950470447541,0.8241927027702332,0.2703125,0.3312727242708206,0.9256824731826783,0.03137257695198059,0.05632189866155386,0.7315837204456329,0.876249122619629,0.011454075574874878,0.16632988750934596,nan,0.0,nan,0.0,0
6,60,1820,0.10335227272727272,2560,1.8457081079483033,0.294140625,0.8765942394733429,0.8295238673686981,0.2546875,0.32950240969657896,0.9223036646842957,0.03137257695198059,0.05472221374511719,0.7274164438247681,0.874217078089714,-0.0023771613836288674,0.16632988750934596,nan,0.0,nan,0.0,0
6,80,1840,0.10448863636363635,2560,1.8601155757904053,0.29375,0.8734988421201706,0.8302889674901962,0.259765625,0.30375504717230795,0.9266562342643738,0.03137257695198059,0.049004230089485644,0.7149073600769043,0.876249122619629,0.0027502804994583574,0.16632988750934596,nan,0.0,nan,0.0,0
6,100,1860,0.10562500000000001,2560,1.8092747688293458,0.306640625,0.877453139424324,0.8316356867551804,0.244140625,0.32493430078029634,0.9205265253782272,0.03137257695198059,0.05490056797862053,0.727697366476059,0.8734988421201706,-0.00395429730415342,0.16632988750934596,nan,0.0,0.3046875,0.378588799998397,0
6,120,1880,0.10676136363636364,2560,1.8225566267967224,0.315234375,0.8735956728458405,0.8251205652952194,0.256640625,0.34168032705783846,0.9253428310155869,0.03137257695198059,0.05464120116084814,0.7301639884710311,0.8765942394733429,0.002998566627502419,0.16632988750934596,nan,0.0,nan,0.0,0
6,140,1900,0.10789772727272727,2560,1.8058726847171784,0.3125,0.8705267280340194,0.8286758631467819,0.24765625,0.33910493850708007,0.9226730585098266,0.03137257695198059,0.056317029893398284,0.7327655494213104,0.8735956728458405,0.0030689448118210727,0.16632988750934596,nan,0.0,nan,0.0,0
6,160,1920,0.10903409090909091,2560,1.8161741137504577,0.316796875,0.8698176831007004,0.8256494015455246,0.267578125,0.3374225810170174,0.9247434169054032,0.03137257695198059,0.0527823057025671,0.7233567565679551,0.8735956728458405,0.003777989745140098,0.16632988750934596,nan,0.0,nan,0.0,0
6,180,1940,0.11017045454545454,2560,1.8268858909606933,0.310546875,0.8741198092699051,0.8261964350938797,0.25546875,0.3454893171787262,0.9196809321641922,0.03137257695198059,0.050641460530459884,0.7217426538467407,0.8734988421201706,-0.0006209671497344749,0.16632988750934596,nan,0.0,nan,0.0,0
6,200,1960,0.11130681818181819,2560,1.8118902683258056,0.318359375,0.8723792314529419,0.8271675288677216,0.23828125,0.33228001594543455,0.9250910639762878,0.03137257695198059,0.04957722406834364,0.7201760828495025,0.8735956728458405,0.0012164413928985596,0.16632988750934596,nan,0.0,0.3359375,0.37390229999436997,0
6,220,1980,0.11244318181818182,2560,1.8153826951980592,0.31328125,0.8728564321994782,0.8290425807237625,0.2375,0.33421959429979325,0.9210065484046936,0.03137257695198059,0.05467103514820337,0.7286591172218323,0.8723792314529419,-0.0004772007465362327,0.16632988750934596,nan,0.0,nan,0.0,0
6,240,2000,0.11357954545454545,2560,1.811521452665329,0.31796875,0.8688821375370026,0.8259970515966415,0.2390625,0.34159868508577346,0.9244916439056396,0.03137257695198059,0.050282791070640084,0.7196401804685593,0.8723792314529419,0.003497093915939331,0.16632988750934596,nan,0.0,nan,0.0,0
6,260,2020,0.11471590909090909,2560,1.8149933338165283,0.30546875,0.8657120913267136,0.8249277919530869,0.259765625,0.34708973467350007,0.9226533442735672,0.03137257695198059,0.051816366612911224,0.725044447183609,0.8723792314529419,0.006667140126228377,0.16632988750934596,nan,0.0,nan,0.0,0
6,280,2040,0.11585227272727272,2560,1.8084715008735657,0.336328125,0.8702662587165833,0.8257553279399872,0.239453125,0.34170890003442767,0.924855825304985,0.03137257695198059,0.053777559846639636,0.7309467166662216,0.8723792314529419,0.002112972736358687,0.16632988750934596,nan,0.0,nan,0.0,0
6,300,2060,0.11698863636363635,2560,1.8015223264694213,0.3046875,0.8729810833930969,0.8258934170007706,0.244921875,0.32553362995386126,0.9208433955907822,0.03137257695198059,0.0495942160487175,0.71738902926445,0.8702662587165833,-0.0027148246765136275,0.16632988750934596,nan,0.0,0.3671875,0.3729209000011906,0
6,320,2080,0.118125,2560,1.8074582815170288,0.33359375,0.8702333629131317,0.823845311999321,0.246875,0.3417787432670593,0.9265833705663681,0.03137257695198059,0.05368150770664215,0.729069373011589,0.8702662587165833,3.289580345156029e-05,0.16632988750934596,nan,0.0,nan,0.0,0
6,340,2100,0.11926136363636362,2560,1.8204698026180268,0.305859375,0.870515164732933,0.8272972285747529,0.26328125,0.34177892059087756,0.9234504908323288,0.03137257695198059,0.05404434464871884,0.7300143420696259,0.8702333629131317,-0.00028180181980130836,0.16632988750934596,nan,0.0,nan,0.0,0
6,352,2112,0.11994318181818181,1480,1.841607088656039,0.31216216216216214,0.8693167660687421,0.8248134964221233,0.24391891908001256,0.3581866159632399,0.9232226374987009,0.03137257695198059,0.05944928804764876,0.7419996242265443,0.8702662587165833,0.0009494926478411658,0.16632988750934596,nan,0.0,nan,0.0,0
7,20,2132,0.12107954545454545,2560,1.765956175327301,0.3328125,0.8713357895612717,0.82335524559021,0.254296875,0.3456162214279175,0.9223765194416046,0.03137257695198059,0.05213991869240999,0.7240143686532974,0.8702662587165833,-0.0010695308446884155,0.16632988750934596,nan,0.0,nan,0.0,0
7,40,2152,0.1222159090909091,2560,1.8015742778778077,0.30703125,0.8726725041866302,0.8289512813091278,0.273828125,0.3426103159785271,0.9208350002765655,0.03137257695198059,0.051548277586698533,0.7240707635879516,0.870515164732933,-0.002157339453697227,0.16632988750934596,nan,0.0,0.3046875,0.38850990000355523,0
7,60,2172,0.12335227272727273,2560,1.783546656370163,0.320703125,0.8683069378137589,0.8286601006984711,0.259375,0.3595545172691345,0.9232475489377976,0.03137257695198059,0.059495456703007224,0.7423911720514298,0.870515164732933,0.0022082269191741055,0.16632988750934596,nan,0.0,nan,0.0,0
7,80,2192,0.12448863636363636,2560,1.7904413223266602,0.325390625,0.868742024898529,0.8228511989116669,0.25625,0.3566013604402542,0.9220774561166764,0.03137257695198059,0.049982699938118456,0.7204907745122909,0.870515164732933,0.0017731398344039695,0.16632988750934596,nan,0.0,nan,0.0,0
7,100,2212,0.125625,2560,1.8173969507217407,0.32109375,0.8608100235462188,0.8203919947147369,0.265625,0.3557247772812843,0.9241990625858307,0.03137257695198059,0.05255682393908501,0.7300651669502258,0.8693167660687421,0.008506742522523258,0.16632988750934596,nan,0.0,nan,0.0,0
7,120,2232,0.12676136363636364,2560,1.7751630246639252,0.309375,0.8648847252130508,0.8254108667373657,0.273046875,0.3581699416041374,0.9214898645877838,0.03137257695198059,0.057866952009499074,0.7376539736986161,0.868742024898529,0.0038572996854782104,0.16632988750934596,nan,0.0,nan,0.0,0
7,140,2252,0.12789772727272727,2560,1.800551664829254,0.31796875,0.8645094722509384,0.8208013117313385,0.24921875,0.35325956642627715,0.9266456812620163,0.03137257695198059,0.0542009511962533,0.7306301534175873,0.8683069378137589,0.0037974655628204568,0.16632988750934596,nan,0.0,0.3984375,0.3791843000071822,0
7,160,2272,0.1290340909090909,2560,1.7431578040122986,0.337109375,0.8624861061573028,0.8189295649528503,0.25234375,0.3581840455532074,0.921083852648735,0.03137257695198059,0.051579867489635944,0.725902795791626,0.8648847252130508,0.002398619055748008,0.16632988750934596,nan,0.0,nan,0.0,0
7,180,2292,0.13017045454545453,2560,1.7922374606132507,0.328125,0.8646115124225616,0.8242812007665634,0.255078125,0.36174920201301575,0.9259914606809616,0.03137257695198059,0.0573687369003892,0.7376716792583465,0.8645094722509384,-0.00010204017162318557,0.16632988750934596,nan,0.0,nan,0.0,0
7,200,2312,0.13130681818181816,2560,1.7871729373931884,0.332421875,0.8726398795843124,0.8244821131229401,0.250390625,0.3517363011837006,0.9203815668821335,0.03137257695198059,0.05392289478331804,0.7306988090276718,0.8645094722509384,-0.008130407333374001,0.16632988750934596,nan,0.0,nan,0.0,0
7,220,2332,0.13244318181818182,2560,1.7526742458343505,0.335546875,0.8614813923835755,0.8233617335557938,0.261328125,0.3636176407337189,0.9262904077768326,0.03137257695198059,0.05165759269148111,0.7252157956361771,0.8646115124225616,0.0031301200389861616,0.16632988750934596,nan,0.0,nan,0.0,0
7,240,2352,0.13357954545454545,2560,1.838011085987091,0.30625,0.864419424533844,0.8207967281341553,0.292578125,0.35911797285079955,0.9234100490808487,0.03137257695198059,0.051229384168982504,0.7255060821771622,0.8645094722509384,9.004771709442139e-05,0.16632988750934596,nan,0.0,0.40625,0.3731907999899704,0
7,260,2372,0.13471590909090908,2560,1.7689982295036315,0.329296875,0.857763621211052,0.8195326715707779,0.290625,0.3686564087867737,0.9220882594585419,0.03137257695198059,0.05686972513794899,0.74033143222332,0.864419424533844,0.006655803322792031,0.16632988750934596,nan,0.0,nan,0.0,0
7,280,2392,0.1358522727272727,2560,1.7599539637565613,0.34453125,0.8669027507305145,0.8232213497161865,0.25234375,0.36323431581258775,0.9226961940526962,0.03137257695198059,0.05294588822871447,0.7280718475580216,0.864419424533844,-0.0024833261966704656,0.16632988750934596,nan,0.0,nan,0.0,0
7,300,2412,0.13698863636363634,2560,1.7820132732391358,0.3359375,0.8568055599927902,0.8145978480577469,0.24609375,0.3634816184639931,0.9246081203222275,0.03137257695198059,0.050717021338641644,0.7242702782154083,0.864419424533844,0.007613864541053839,0.16632988750934596,nan,0.0,nan,0.0,0
7,320,2432,0.138125,2560,1.7637338757514953,0.32109375,0.8639261990785598,0.8240178644657135,0.275,0.3632974162697792,0.9221103817224503,0.03137257695198059,0.0541871877387166,0.731092894077301,0.8614813923835755,-0.0024448066949843694,0.16632988750934596,nan,0.0,nan,0.0,0
7,340,2452,0.13926136363636363,2560,1.7596380829811096,0.316796875,0.8566997289657593,0.8145635098218917,0.300390625,0.38398662507534026,0.9217416375875473,0.03137257695198059,0.05537511222064495,0.7346715360879899,0.8639261990785598,0.0072264701128005315,0.16632988750934596,nan,0.0,0.3125,0.37559549999423325,0
7,352,2464,0.13994318181818183,1480,1.7308020527298387,0.34121621669949714,0.8748266854801694,0.8305123209953308,0.2587837838643306,0.34465067579939557,0.9226562731974833,0.03137257695198059,0.05408043565379607,0.7330785448486741,0.857763621211052,-0.01706306426911741,0.16632988750934596,nan,0.0,nan,0.0,0
8,20,2484,0.14107954545454546,2560,1.741798722743988,0.333984375,0.8513357728719712,0.8150311976671218,0.26953125,0.37857008874416354,0.9189679622650146,0.03137257695198059,0.05114837940782309,0.7249610334634781,0.8639261990785598,0.012590426206588679,0.16632988750934596,nan,0.0,nan,0.0,0
8,40,2504,0.1422159090909091,2560,1.7511142313480377,0.33671875,0.8490404993295669,0.8116049647331238,0.254296875,0.37722927033901216,0.9280951350927353,0.03137257695198059,0.04830958880484104,0.7205687940120697,0.8568055599927902,0.007765060663223244,0.16632988750934596,nan,0.0,nan,0.0,0
8,60,2524,0.14335227272727272,2560,1.7487239837646484,0.333984375,0.8565554857254029,0.8178202480077743,0.252734375,0.36005339920520785,0.9192994505167007,0.03137257695198059,0.049589934572577474,0.7232225745916366,0.8566997289657593,0.0001442432403564453,0.16632988750934596,nan,0.0,nan,0.0,0
8,80,2544,0.14448863636363635,2560,1.7192906200885774,0.35234375,0.8552091628313064,0.8223995417356491,0.26015625,0.3693606123328209,0.9238022089004516,0.03137257695198059,0.0549883134663105,0.7329960197210312,0.8565554857254029,0.001346322894096419,0.16632988750934596,nan,0.0,0.359375,0.3748653000075137,0
8,100,2564,0.145625,2560,1.7080898880958557,0.34921875,0.8504624664783478,0.8140009790658951,0.2734375,0.37248041331768034,0.9167939722537994,0.03137257695198059,0.05254330597817898,0.730293121933937,0.8552091628313064,0.004746696352958657,0.16632988750934596,nan,0.0,nan,0.0,0
8,120,2584,0.14676136363636363,2560,1.7328389167785645,0.35078125,0.8540983527898789,0.813683596253395,0.2703125,0.371408511698246,0.922534704208374,0.03137257695198059,0.049216434359550476,0.7237385958433151,0.8513357728719712,-0.002762579917907737,0.16632988750934596,nan,0.0,nan,0.0,0
8,140,2604,0.14789772727272726,2560,1.7932949841022492,0.31328125,0.8559870451688767,0.817235454916954,0.270703125,0.3654722645878792,0.9222058773040771,0.03137257695198059,0.05019352231174708,0.7218581378459931,0.8540983527898789,-0.0018886923789978027,0.16632988750934596,nan,0.0,nan,0.0,0
8,160,2624,0.1490340909090909,2560,1.7156742572784425,0.34453125,0.8475200533866882,0.8138744562864304,0.27265625,0.3724590435624123,0.9225708186626435,0.03137257695198059,0.05005480069667101,0.7272934257984162,0.8552091628313064,0.007689109444618203,0.16632988750934596,nan,0.0,nan,0.0,0
8,180,2644,0.15017045454545455,2560,1.76305992603302,0.33125,0.8564051359891891,0.8149456262588501,0.276171875,0.36320605129003525,0.9259726405143738,0.03137257695198059,0.05190012436360121,0.7264796048402786,0.8540983527898789,-0.002306783199310214,0.16632988750934596,nan,0.0,0.328125,0.3718995000090217,0
8,200,2664,0.15130681818181818,2560,1.7187288582324982,0.34375,0.8488241612911225,0.8143565028905868,0.263671875,0.374870577454567,0.9231403529644012,0.03137257695198059,0.05276006106287241,0.7295489698648453,0.8540983527898789,0.005274191498756409,0.16632988750934596,nan,0.0,nan,0.0,0
8,220,2684,0.1524431818181818,2560,1.723387998342514,0.34921875,0.8443714588880539,0.8098554253578186,0.283203125,0.37517466992139814,0.9261660486459732,0.03137257695198059,0.05182094108313322,0.7297562837600708,0.8540983527898789,0.009726893901825018,0.16632988750934596,nan,0.0,nan,0.0,0
8,240,2704,0.15357954545454547,2560,1.7146003246307373,0.33125,0.8534400522708893,0.8176362574100494,0.2921875,0.3708336099982262,0.9175092250108718,0.03137257695198059,0.04931427612900734,0.723557636141777,0.8488241612911225,-0.004615890979766779,0.16632988750934596,nan,0.0,nan,0.0,0
8,260,2724,0.1547159090909091,2560,1.766483235359192,0.329296875,0.8404431074857712,0.8099141627550125,0.273828125,0.3770059868693352,0.9257206171751022,0.03137257695198059,0.05041214060038328,0.725157368183136,0.8488241612911225,0.008381053805351257,0.16632988750934596,nan,0.0,nan,0.0,0
8,280,2744,0.15585227272727273,2560,1.7394107818603515,0.34453125,0.8548734754323959,0.8226575404405594,0.273828125,0.36248761862516404,0.9179145991802216,0.03137257695198059,0.05170965082943439,0.7296006411314011,0.8488241612911225,-0.00604931414127341,0.16632988750934596,nan,0.0,0.3828125,0.37479329999769107,0
8,300,2764,0.15698863636363636,2560,1.7356998920440674,0.333203125,0.8366542339324952,0.8105771541595459,0.28359375,0.38747985661029816,0.9245281428098678,0.03137257695198059,0.0483631543815136,0.7213515013456344,0.8488241612911225,0.01216992735862732,0.16632988750934596,nan,0.0,nan,0.0,0
8,320,2784,0.158125,2560,1.697090494632721,0.355078125,0.842589071393013,0.8105668604373932,0.266015625,0.3766298308968544,0.9266914576292038,0.03137257695198059,0.04971706587821245,0.7231884330511094,0.8443714588880539,0.0017823874950408936,0.16632988750934596,nan,0.0,nan,0.0,0
8,340,2804,0.15926136363636365,2560,1.6774574637413024,0.348046875,0.846640020608902,0.8107825100421906,0.279296875,0.3836304247379303,0.9235698908567429,0.03137257695198059,0.04723905697464943,0.7176487922668457,0.842589071393013,-0.004050949215888999,0.16632988750934596,nan,0.0,nan,0.0,0
8,352,2816,0.15994318181818182,1480,1.7547298012553034,0.3324324332379006,0.8433155056592581,0.8165864055221145,0.283108108591389,0.36216176732166394,0.9274920196146579,0.03137257695198059,0.04977173523322956,0.7202347227045007,0.842589071393013,-0.0007264342662450796,0.16632988750934596,nan,0.0,nan,0.0,0
9,20,2836,0.16107954545454548,2560,1.7247833013534546,0.328125,0.8410294651985168,0.8129626154899597,0.275,0.3766320377588272,0.9193106561899185,0.03137257695198059,0.05097829662263394,0.7255704164505005,0.8433155056592581,0.002286040460741212,0.16632988750934596,nan,0.0,0.375,0.376729499999783,0
9,40,2856,0.1622159090909091,2560,1.6515435457229615,0.356640625,0.8327532172203064,0.7998139888048172,0.296484375,0.38297065645456313,0.9256132930517197,0.03137257695198059,0.04835923984646797,0.7216633230447769,0.842589071393013,0.009835854172706604,0.16632988750934596,nan,0.0,nan,0.0,0
9,60,2876,0.16335227272727273,2560,1.6874720752239227,0.35,0.8444007277488709,0.8116712152957917,0.2953125,0.40221783369779585,0.9216786921024323,0.03137257695198059,0.04789495039731264,0.7198682576417923,0.842589071393013,-0.0018116563558578935,0.16632988750934596,nan,0.0,nan,0.0,0
9,80,2896,0.16448863636363636,2560,1.6983013987541198,0.3578125,0.8365425109863281,0.8088562220335007,0.26796875,0.3840576082468033,0.9232845515012741,0.03137257695198059,0.047418432869017126,0.7197509974241256,0.8433155056592581,0.006772994672929911,0.16632988750934596,nan,0.0,nan,0.0,0
9,100,2916,0.165625,2560,1.6760636568069458,0.365625,0.8343059152364731,0.804669463634491,0.280078125,0.40210248678922655,0.9219789057970047,0.03137257695198059,0.04814977552741766,0.7210379987955093,0.8410294651985168,0.006723549962043718,0.16632988750934596,nan,0.0,nan,0.0,0
9,120,2936,0.16676136363636365,2560,1.7145913183689117,0.348046875,0.8424892127513885,0.8086516231298446,0.271484375,0.3679496467113495,0.9215254694223404,0.03137257695198059,0.05233342926949262,0.7301360011100769,0.8365425109863281,-0.005946701765060403,0.16632988750934596,nan,0.0,0.421875,0.3792481999989832,0
9,140,2956,0.16789772727272728,2560,1.6994034826755524,0.35390625,0.8422466307878494,0.8106215357780456,0.2671875,0.38636747747659683,0.923823693394661,0.03137257695198059,0.04818821903318167,0.7211030632257461,0.8365425109863281,-0.005704119801521301,0.16632988750934596,nan,0.0,nan,0.0,0
9,160,2976,0.1690340909090909,2560,1.7012543976306915,0.338671875,0.8394398957490921,0.8088329523801804,0.299609375,0.38144194781780244,0.9250309199094773,0.03137257695198059,0.04855889417231083,0.7192524880170822,0.8422466307878494,0.002806735038757391,0.16632988750934596,nan,0.0,nan,0.0,0
9,180,2996,0.17017045454545454,2560,1.7226983785629273,0.348828125,0.8294075727462769,0.8071028649806976,0.280859375,0.3829477146267891,0.9189104944467544,0.03137257695198059,0.048781009018421174,0.7207887321710587,0.8394398957490921,0.010032323002815202,0.16632988750934596,nan,0.0,nan,0.0,0
9,200,3016,0.17130681818181817,2560,1.6920351028442382,0.359375,0.8346941083669662,0.8046585291624069,0.289453125,0.3995582342147827,0.921300145983696,0.03137257695198059,0.043488731049001216,0.709686079621315,0.8394398957490921,0.004745787382125832,0.16632988750934596,nan,0.0,nan,0.0,0
9,220,3036,0.17244318181818183,2560,1.719596540927887,0.35390625,0.8352345287799835,0.8090222895145416,0.26484375,0.384980297088623,0.9262741327285766,0.03137257695198059,0.04506387859582901,0.7132056146860123,0.8394398957490921,0.004205366969108559,0.16632988750934596,nan,0.0,0.3671875,0.37789540000085253,0
9,240,3056,0.17357954545454546,2560,1.6779824495315552,0.3640625,0.8393373101949692,0.8078200250864029,0.28671875,0.38129826784133913,0.9215035974979401,0.03137257695198059,0.045677094347774984,0.7130531787872314,0.8352345287799835,-0.004102781414985657,0.16632988750934596,nan,0.0,nan,0.0,0
9,260,3076,0.1747159090909091,2560,1.6888954758644104,0.348046875,0.8263621866703034,0.8099336206912995,0.284375,0.38913100510835646,0.9209742397069931,0.03137257695198059,0.048547700978815556,0.7212057381868362,0.8352345287799835,0.008872342109680131,0.16632988750934596,nan,0.0,nan,0.0,0
9,280,3096,0.17585227272727272,2560,1.6884698510169982,0.3671875,0.8352555245161056,0.8018991023302078,0.263671875,0.3885247051715851,0.9265932977199555,0.03137257695198059,0.04550194591283798,0.7150264829397202,0.8346941083669662,-0.0005614161491394043,0.16632988750934596,nan,0.0,nan,0.0,0
9,300,3116,0.17698863636363635,2560,1.717377883195877,0.3578125,0.840736809372902,0.8146681636571884,0.28203125,0.3714696243405342,0.9216869622468948,0.03137257695198059,0.04173734448850155,0.7047246843576431,0.8352345287799835,-0.005502280592918463,0.16632988750934596,nan,0.0,nan,0.0,0
9,320,3136,0.178125,2560,1.6833371341228485,0.352734375,0.8306439459323883,0.8107916712760925,0.264453125,0.3932559832930565,0.9237122982740402,0.03137257695198059,0.0467932403087616,0.7198189824819565,0.8352555245161056,0.004611578583717302,0.16632988750934596,nan,0.0,0.3828125,0.371953099995153,0
9,340,3156,0.17926136363636364,2560,1.709902584552765,0.355078125,0.8230257481336594,0.8027632594108581,0.265625,0.3837714210152626,0.9188334345817566,0.03137257695198059,0.05043824911117554,0.7277742922306061,0.8352555245161056,0.012229776382446267,0.16632988750934596,nan,0.0,nan,0.0,0
9,352,3168,0.17994318181818184,1480,1.6987675931002644,0.366891892294626,0.8345392639572556,0.8069721035055212,0.2668918918918919,0.3803344293220623,0.9262077495858476,0.03137257695198059,0.05282888567528209,0.7319919541075423,0.8306439459323883,-0.0038953180248673114,0.16632988750934596,nan,0.0,nan,0.0,0
10,20,3188,0.18107954545454547,2560,1.6596464574337007,0.36640625,0.8324240118265152,0.8069052577018738,0.283203125,0.39749882072210313,0.9200777918100357,0.03137257695198059,0.0471898403018713,0.720692053437233,0.8345392639572556,0.002115252130740486,0.16632988750934596,nan,0.0,nan,0.0,0
10,40,3208,0.1822159090909091,2560,1.6853494942188263,0.344921875,0.8230217844247818,0.802360686659813,0.280078125,0.3807819366455078,0.9241888850927353,0.03137257695198059,0.04544764421880245,0.714615997672081,0.8324240118265152,0.009402227401733354,0.16632988750934596,nan,0.0,nan,0.0,0
10,60,3228,0.18335227272727272,2560,1.6603916347026826,0.361328125,0.8297446966171265,0.8126883387565613,0.29296875,0.40309443324804306,0.92360218167305,0.03137257695198059,0.04669121131300926,0.7170286893844604,0.8306439459323883,0.000899249315261863,0.16632988750934596,nan,0.0,0.3515625,0.36905639999895357,0
10,80,3248,0.18448863636363635,2560,1.6872681021690368,0.344921875,0.8216349512338639,0.8034223139286041,0.3015625,0.3827757462859154,0.920934185385704,0.03137257695198059,0.04511573687195778,0.7162781447172165,0.8297446966171265,0.00810974538326259,0.16632988750934596,nan,0.0,nan,0.0,0
10,100,3268,0.185625,2560,1.6675441682338714,0.369921875,0.8075095474720001,0.7987828731536866,0.2875,0.40848100632429124,0.9162838190793992,0.03137257695198059,0.044733806513249874,0.7141240686178207,0.8297446966171265,0.022235149145126365,0.16632988750934596,nan,0.0,nan,0.0,0
10,120,3288,0.18676136363636364,2560,1.6680654406547546,0.367578125,0.8142841935157776,0.8027065485715866,0.27265625,0.3995468333363533,0.9266442775726318,0.03137257695198059,0.04296256061643362,0.707734689116478,0.8230217844247818,0.008737590909004167,0.16632988750934596,nan,0.0,nan,0.0,0
10,140,3308,0.18789772727272727,2560,1.7136679649353028,0.34921875,0.8264218151569367,0.8062229335308075,0.257421875,0.36095721572637557,0.9228719353675843,0.03137257695198059,0.04518680386245251,0.7147621840238572,0.8216349512338639,-0.004786863923072815,0.16632988750934596,nan,0.0,nan,0.0,0
10,160,3328,0.1890340909090909,2560,1.661086666584015,0.36171875,0.8103571325540543,0.8028891444206238,0.296484375,0.4013295665383339,0.9251896142959595,0.03137257695198059,0.042896047607064246,0.7082493424415588,0.8216349512338639,0.011277818679809593,0.16632988750934596,nan,0.0,0.34375,0.37265939998906106,0
10,180,3348,0.19017045454545453,2560,1.7071540534496308,0.36171875,0.8359939485788346,0.8109287410974503,0.260546875,0.3858388587832451,0.9216199457645416,0.03137257695198059,0.045206131786108016,0.7153428107500076,0.8142841935157776,-0.021709755063056946,0.16632988750934596,nan,0.0,nan,0.0,0
10,200,3368,0.1913068181818182,2560,1.6967401266098023,0.355859375,0.8290032535791397,0.804361617565155,0.267578125,0.39209426790475843,0.9222721338272095,0.03137257695198059,0.042055528797209266,0.705625569820404,0.8142841935157776,-0.0147190600633621,0.16632988750934596,nan,0.0,nan,0.0,0
10,220,3388,0.19244318181818182,2560,1.6961406648159028,0.354296875,0.827054688334465,0.8096344202756882,0.266796875,0.39433186054229735,0.9156585961580277,0.03137257695198059,0.04472424611449242,0.7141561299562454,0.8264218151569367,-0.0006328731775283591,0.16632988750934596,nan,0.0,nan,0.0,0
10,240,3408,0.19357954545454545,2560,1.6618112802505494,0.36328125,0.8276805967092514,0.8088384211063385,0.291015625,0.3931279256939888,0.9180037349462509,0.03137257695198059,0.04510515220463276,0.7124295622110367,0.827054688334465,-0.000625908374786377,0.16632988750934596,nan,0.0,nan,0.0,0
10,260,3428,0.19471590909090908,2560,1.6738811671733855,0.367578125,0.8232270061969758,0.8044239193201065,0.26953125,0.384260293841362,0.917571160197258,0.03137257695198059,0.04695786274969578,0.7168927460908889,0.8276805967092514,0.004453590512275674,0.16632988750934596,nan,0.0,0.359375,0.37764389999210835,0
10,280,3448,0.1958522727272727,2560,1.6884577572345734,0.351171875,0.8178760260343552,0.801976028084755,0.288671875,0.3945646345615387,0.9227213710546494,0.03137257695198059,0.038123388215899466,0.6950794726610183,0.8276805967092514,0.009804570674896262,0.16632988750934596,nan,0.0,nan,0.0,0
10,300,3468,0.19698863636363637,2560,1.6826815485954285,0.365234375,0.8227263033390045,0.814594030380249,0.28046875,0.38550283163785937,0.9207430779933929,0.03137257695198059,0.04685809873044491,0.7177832543849945,0.827054688334465,0.00432838499546051,0.16632988750934596,nan,0.0,nan,0.0,0
10,320,3488,0.198125,2560,1.6789862513542175,0.36953125,0.8171690672636032,0.8033319026231766,0.266015625,0.3931869015097618,0.9161925226449966,0.03137257695198059,0.04328582733869553,0.7071623504161835,0.8232270061969758,0.006057938933372586,0.16632988750934596,nan,0.0,nan,0.0,0
10,340,3508,0.19926136363636363,2560,1.6447731018066407,0.36171875,0.8165020525455475,0.79922995865345,0.290625,0.3857654005289078,0.920376855134964,0.03137257695198059,0.042107272706925866,0.7066840350627899,0.8227263033390045,0.006224250793457009,0.16632988750934596,nan,0.0,nan,0.0,0
10,352,3520,0.19994318181818183,1480,1.6229807550842699,0.3709459457848523,0.8206496287036587,0.8028456865130245,0.2871621618399749,0.3864877041932699,0.9286053744522301,0.03137257695198059,0.043634203519370106,0.7099161215730616,0.8178760260343552,-0.0027736026693034876,0.16632988750934596,nan,0.0,0.421875,0.38249530000030063,0
11,20,3540,0.20107954545454546,2560,1.658829790353775,0.36640625,0.8144684493541717,0.8049099147319794,0.292578125,0.41055971682071685,0.9193648219108581,0.03137257695198059,0.04234056565910578,0.7084612101316452,0.8178760260343552,0.003407576680183433,0.16632988750934596,nan,0.0,nan,0.0,0
11,40,3560,0.20221590909090909,2560,1.6997884213924408,0.3484375,0.8215710818767548,0.8121202021837235,0.30703125,0.4009999021887779,0.9160291194915772,0.03137257695198059,0.042319757491350175,0.7064146935939789,0.8171690672636032,-0.004402014613151595,0.16632988750934596,nan,0.0,nan,0.0,0
11,60,3580,0.20335227272727271,2560,1.6864560902118684,0.351953125,0.8248419225215912,0.8088229089975357,0.2859375,0.3792654052376747,0.9260257869958878,0.03137257695198059,0.04608949273824692,0.714987289905548,0.8171690672636032,-0.007672855257987998,0.16632988750934596,nan,0.0,nan,0.0,0
11,80,3600,0.20448863636363637,2560,1.6433787643909454,0.383984375,0.8240926563739777,0.8089437037706375,0.26171875,0.41059936583042145,0.9196448177099228,0.03137257695198059,0.04461725391447544,0.7120409637689591,0.8206496287036587,-0.00344302767031901,0.16632988750934596,nan,0.0,nan,0.0,0
11,100,3620,0.205625,2560,1.69601771235466,0.35546875,0.8261119663715363,0.8067308068275452,0.271484375,0.3871348053216934,0.9205105066299438,0.03137257695198059,0.0426277918741107,0.7080238580703735,0.8215710818767548,-0.004540884494781516,0.16632988750934596,nan,0.0,0.4453125,0.37063069999567233,0
11,120,3640,0.20676136363636363,2560,1.65105642080307,0.37578125,0.8048590749502182,0.8029784083366394,0.266796875,0.4053612440824509,0.9257432520389557,0.03137257695198059,0.042227082699537274,0.7086401730775833,0.8240926563739777,0.019233581423759416,0.16632988750934596,nan,0.0,nan,0.0,0
11,140,3660,0.20789772727272726,2560,1.6811745464801788,0.358203125,0.8276421457529068,0.8075751185417175,0.280078125,0.37938193380832674,0.9182598233222962,0.03137257695198059,0.04507106095552445,0.7132384568452835,0.8240926563739777,-0.0035494893789291826,0.16632988750934596,nan,0.0,nan,0.0,0
11,160,3680,0.2090340909090909,2560,1.662130457162857,0.3640625,0.8046405047178269,0.807073101401329,0.294140625,0.4027444958686829,0.9215760797262191,0.03137257695198059,0.040498447604477406,0.703034120798111,0.8248419225215912,0.020201417803764277,0.16632988750934596,nan,0.0,nan,0.0,0
11,180,3700,0.21017045454545455,2560,1.6963378965854645,0.347265625,0.8159877955913544,0.8059754878282547,0.290625,0.4085833117365837,0.9164261072874069,0.03137257695198059,0.04661452807486057,0.7176668375730515,0.8240926563739777,0.008104860782623291,0.16632988750934596,nan,0.0,nan,0.0,0
11,200,3720,0.21130681818181818,2560,1.6481816649436951,0.37578125,0.8159839898347855,0.8047376215457916,0.275,0.3896611511707306,0.918884813785553,0.03137257695198059,0.0417683731764555,0.7053323239088058,0.8159877955913544,3.805756568886487e-06,0.16632988750934596,nan,0.0,0.4296875,0.3726892999984557,0
11,220,3740,0.2124431818181818,2560,1.6544485211372375,0.367578125,0.8118139535188675,0.8042083948850631,0.28828125,0.4172525078058243,0.9212724298238755,0.03137257695198059,0.04663173574954271,0.7196873605251313,0.8159839898347855,0.0041700363159179465,0.16632988750934596,nan,0.0,nan,0.0,0
11,240,3760,0.21357954545454544,2560,1.68903728723526,0.35703125,0.8070321470499039,0.8008298426866531,0.29453125,0.3943948641419411,0.9219075739383698,0.03137257695198059,0.04579987805336714,0.717527961730957,0.8159839898347855,0.008951842784881592,0.16632988750934596,nan,0.0,nan,0.0,0
11,260,3780,0.21471590909090907,2560,1.6557625114917756,0.3515625,0.8172513335943222,0.8064906030893326,0.287890625,0.3879238605499268,0.923141884803772,0.03137257695198059,0.04128437824547291,0.7016896069049835,0.8118139535188675,-0.00543738007545469,0.16632988750934596,nan,0.0,nan,0.0,0
11,280,3800,0.21585227272727273,2560,1.6697577595710755,0.35703125,0.817871916294098,0.8063999384641647,0.289453125,0.3972786545753479,0.9196085810661316,0.03137257695198059,0.04549573324620724,0.7146983951330185,0.8159839898347855,-0.0018879264593124612,0.16632988750934596,nan,0.0,nan,0.0,0
11,300,3820,0.21698863636363636,2560,1.6993346452713012,0.35625,0.8161275893449783,0.807727700471878,0.286328125,0.4041300892829895,0.9185666590929031,0.03137257695198059,0.042864834889769554,0.7095626533031464,0.8159839898347855,-0.00014359951019282668,0.16632988750934596,nan,0.0,0.359375,0.37218180000490975,0
11,320,3840,0.21812499999999999,2560,1.662096416950226,0.368359375,0.8067409217357635,0.8025998592376709,0.278515625,0.3830342203378677,0.9170807093381882,0.03137257695198059,0.04309104233980179,0.7089439511299134,0.8161275893449783,0.009386667609214805,0.16632988750934596,nan,0.0,nan,0.0,0
11,340,3860,0.21926136363636362,2560,1.6387056112289429,0.37265625,0.8097193688154221,0.8056967675685882,0.282421875,0.40526937544345853,0.9154311060905457,0.03137257695198059,0.04172267504036427,0.7055040955543518,0.8161275893449783,0.006408220529556252,0.16632988750934596,nan,0.0,nan,0.0,0
11,352,3872,0.21994318181818182,1480,1.6870981583724152,0.3749999995167191,0.8203886283410562,0.8105284146360449,0.27702702751030794,0.40552005574509903,0.9245020537763029,0.03137257695198059,0.04083549162826022,0.7029574333010493,0.8161275893449783,-0.004261038996077882,0.16632988750934596,nan,0.0,nan,0.0,0
12,20,3892,0.22107954545454545,2560,1.6617657482624053,0.365625,0.8121950566768646,0.8108650356531143,0.273828125,0.37764732241630555,0.9184963375329971,0.03137257695198059,0.04035868253558874,0.7012435913085937,0.8161275893449783,0.003932532668113664,0.16632988750934596,nan,0.0,nan,0.0,0
12,40,3912,0.22221590909090908,2560,1.6460245311260224,0.36640625,0.8129058897495269,0.8041617333889007,0.294921875,0.41624805331230164,0.9175650507211686,0.03137257695198059,0.042005977407097814,0.7091142416000367,0.8121950566768646,-0.0007108330726622869,0.16632988750934596,nan,0.0,0.3359375,0.38148630000068806,0
12,60,3932,0.22335227272727273,2560,1.6602702379226684,0.351171875,0.8166650772094727,0.80844486951828,0.291796875,0.3870752453804016,0.9201954126358032,0.03137257695198059,0.04079610351473093,0.7008936733007431,0.8121950566768646,-0.004470020532608032,0.16632988750934596,nan,0.0,nan,0.0,0
12,80,3952,0.22448863636363636,2560,1.6770890712738038,0.355859375,0.8120367497205734,0.8145003169775009,0.291015625,0.40132284313440325,0.9153044581413269,0.03137257695198059,0.04410664439201355,0.7120123267173767,0.8129058897495269,0.0008691400289535522,0.16632988750934596,nan,0.0,nan,0.0,0
12,100,3972,0.225625,2560,1.7156342387199401,0.35,0.8151481688022614,0.8067847102880478,0.280078125,0.37673569470643997,0.9167518854141236,0.03137257695198059,0.040835403650999066,0.7045337289571763,0.8129058897495269,-0.0022422790527344416,0.16632988750934596,nan,0.0,nan,0.0,0
12,120,3992,0.22676136363636362,2560,1.683835470676422,0.36875,0.8164654940366745,0.8164508938789368,0.283203125,0.39671374559402467,0.920473113656044,0.03137257695198059,0.04161207154393196,0.7046176314353942,0.8129058897495269,-0.003559604287147522,0.16632988750934596,nan,0.0,nan,0.0,0
12,140,4012,0.22789772727272725,2560,1.6588226079940795,0.371875,0.8192223876714706,0.8070467859506607,0.27421875,0.4061368823051453,0.9222984552383423,0.03137257695198059,0.04083155207335949,0.7046441406011581,0.8151481688022614,-0.004074218869209223,0.16632988750934596,nan,0.0,0.328125,0.374194100004388,0
12,160,4032,0.22903409090909088,2560,1.6826812982559205,0.362109375,0.8095040500164032,0.8048622310161591,0.27109375,0.3735451966524124,0.9208207607269288,0.03137257695198059,0.04193502925336361,0.7073002099990845,0.8164654940366745,0.0069614440202712125,0.16632988750934596,nan,0.0,nan,0.0,0
12,180,4052,0.23017045454545454,2560,1.6051923394203187,0.37890625,0.8032957553863526,0.7961831629276276,0.269921875,0.4008143559098244,0.9239185482263566,0.03137257695198059,0.03961523436009884,0.700004979968071,0.8151481688022614,0.011852413415908813,0.16632988750934596,nan,0.0,nan,0.0,0
12,200,4072,0.23130681818181817,2560,1.6170790433883666,0.386328125,0.798788920044899,0.797467315196991,0.28046875,0.4202233448624611,0.9199927181005478,0.03137257695198059,0.040373384952545166,0.6995260745286942,0.8151481688022614,0.016359248757362388,0.16632988750934596,nan,0.0,nan,0.0,0
12,220,4092,0.2324431818181818,2560,1.6736669421195984,0.362890625,0.8071432173252105,0.8073172479867935,0.285546875,0.4046229884028435,0.9134328335523605,0.03137257695198059,0.04259296339005232,0.7083797931671143,0.8095040500164032,0.0023608326911926936,0.16632988750934596,nan,0.0,nan,0.0,0
12,240,4112,0.23357954545454543,2560,1.6888948380947113,0.350390625,0.8069469451904296,0.8048135310411453,0.28125,0.40060705989599227,0.919186806678772,0.03137257695198059,0.044262010417878625,0.7133784025907517,0.8071432173252105,0.000196272134780906,0.16632988750934596,nan,0.0,0.46875,0.37667850000434555,0
12,260,4132,0.23471590909090906,2560,1.6617549419403077,0.37578125,0.8006167024374008,0.8012996882200241,0.28203125,0.39189990907907485,0.9236677974462509,0.03137257695198059,0.03824914656579494,0.6987915366888047,0.8069469451904296,0.006330242753028847,0.16632988750934596,nan,0.0,nan,0.0,0
12,280,4152,0.23585227272727272,2560,1.6751279711723328,0.3671875,0.8106051027774811,0.800577563047409,0.290625,0.4065190777182579,0.9167146235704422,0.03137257695198059,0.042680108733475206,0.7084211885929108,0.8032957553863526,-0.00730934739112854,0.16632988750934596,nan,0.0,nan,0.0,0
12,300,4172,0.23698863636363635,2560,1.656819039583206,0.371484375,0.8054774135351181,0.804131469130516,0.283203125,0.3844745561480522,0.9237500727176666,0.03137257695198059,0.03771846406161785,0.693597850203514,0.8069469451904296,0.0014695316553114957,0.16632988750934596,nan,0.0,nan,0.0,0
12,320,4192,0.23812499999999998,2560,1.6724447011947632,0.362890625,0.8031732052564621,0.801736980676651,0.28359375,0.40910208970308304,0.9238106042146683,0.03137257695198059,0.04194421675056219,0.7061486274003983,0.8069469451904296,0.003773739933967568,0.16632988750934596,nan,0.0,nan,0.0,0
12,340,4212,0.2392613636363636,2560,1.6589822947978974,0.384375,0.8091795265674591,0.8076603174209595,0.273046875,0.4017718657851219,0.9194735437631607,0.03137257695198059,0.044248190522193906,0.715390396118164,0.8054774135351181,-0.0037021130323409146,0.16632988750934596,nan,0.0,0.328125,0.3768503999890527,0
12,352,4224,0.2399431818181818,1480,1.6762816061844696,0.3702702704313639,0.8120005907239141,0.8055512418618074,0.28108108124217474,0.39038662797695883,0.9141223462852271,0.03137257695198059,0.04242853782064206,0.7055652789167456,0.8054774135351181,-0.0065231771887959145,0.16632988750934596,nan,0.0,nan,0.0,0
13,20,4244,0.24107954545454544,2560,1.6564070165157319,0.3625,0.8106165528297424,0.8030703455209732,0.284765625,0.4025942414999008,0.921412804722786,0.03137257695198059,0.04390063099563122,0.7120813965797425,0.8091795265674591,-0.0014370262622833696,0.16632988750934596,nan,0.0,nan,0.0,0
13,40,4264,0.24221590909090907,2560,1.6510190784931182,0.364453125,0.8109181493520736,0.8046273738145828,0.28515625,0.4021777078509331,0.9182168513536453,0.03137257695198059,0.04022615663707256,0.7013894617557526,0.8091795265674591,-0.001738622784614563,0.16632988750934596,nan,0.0,nan,0.0,0
13,60,4284,0.24335227272727272,2560,1.686744749546051,0.352734375,0.8129532933235168,0.8067765742540359,0.265625,0.3888249292969704,0.9240223109722138,0.03137257695198059,0.04387418609112501,0.7116293668746948,0.8106165528297424,-0.002336740493774414,0.16632988750934596,nan,0.0,nan,0.0,0
13,80,4304,0.24448863636363635,2560,1.6717292606830596,0.360546875,0.8084961622953415,0.8001592189073563,0.301171875,0.4251982942223549,0.9219112575054169,0.03137257695198059,0.04011433385312557,0.7030364632606506,0.8109181493520736,0.0024219870567321333,0.16632988750934596,nan,0.0,0.390625,0.3735469999955967,0
13,100,4324,0.24562499999999998,2560,1.651115393638611,0.35859375,0.8178118288516998,0.8149213373661042,0.286328125,0.38664148598909376,0.9201267451047898,0.03137257695198059,0.04402667321264744,0.7119842588901519,0.8109181493520736,-0.00689367949962616,0.16632988750934596,nan,0.0,nan,0.0,0
13,120,4344,0.2467613636363636,2560,1.6453390538692474,0.370703125,0.7985099703073502,0.7927564203739166,0.277734375,0.3996452555060387,0.9127392053604126,0.03137257695198059,0.0404292531311512,0.7012072294950485,0.8109181493520736,0.012408179044723466,0.16632988750934596,nan,0.0,nan,0.0,0
13,140,4364,0.24789772727272724,2560,1.6698951363563537,0.371875,0.8147690802812576,0.8045562952756882,0.287109375,0.4081717863678932,0.9236978083848953,0.03137257695198059,0.042536009848117826,0.7078091591596604,0.8109181493520736,-0.003850930929183982,0.16632988750934596,nan,0.0,nan,0.0,0
13,160,4384,0.2490340909090909,2560,1.6606257438659668,0.356640625,0.8127974301576615,0.8068737238645554,0.291015625,0.3959626406431198,0.915858480334282,0.03137257695198059,0.044975141808390615,0.7136274993419647,0.8129532933235168,0.0001558631658553633,0.16632988750934596,nan,0.0,nan,0.0,0
13,180,4404,0.2501704545454545,2560,1.631575459241867,0.383203125,0.8126036584377289,0.808885732293129,0.276171875,0.4046155855059624,0.9246956050395966,0.03137257695198059,0.04176329765468836,0.7065176576375961,0.8127974301576615,0.00019377171993262277,0.16632988750934596,nan,0.0,0.3984375,0.3725280000071507,0
13,200,4424,0.25130681818181816,2560,1.6394335329532623,0.3703125,0.8101848006248474,0.8019315332174302,0.286328125,0.4004352644085884,0.9205110102891922,0.03137257695198059,0.042945903912186625,0.7104728668928146,0.8127974301576615,0.002612629532814048,0.16632988750934596,nan,0.0,nan,0.0,0
13,220,4444,0.2524431818181818,2560,1.6316352665424347,0.3765625,0.7990818411111832,0.8035063654184341,0.2984375,0.4163296163082123,0.9190147638320922,0.03137257695198059,0.04061743523925543,0.7026464492082596,0.8126036584377289,0.013521817326545671,0.16632988750934596,nan,0.0,nan,0.0,0
13,240,4464,0.2535795454545454,2560,1.6576780319213866,0.3796875,0.8127335608005524,0.8047975122928619,0.284765625,0.4050093412399292,0.9203607141971588,0.03137257695198059,0.039034783095121386,0.6989232420921325,0.8126036584377289,-0.00012990236282350853,0.16632988750934596,nan,0.0,nan,0.0,0
13,260,4484,0.2547159090909091,2560,1.7150096535682677,0.355859375,0.8241094648838043,0.8060796290636063,0.28671875,0.38794011920690535,0.9203540951013565,0.03137257695198059,0.039650152623653415,0.7032023310661316,0.8126036584377289,-0.011505806446075462,0.16632988750934596,nan,0.0,nan,0.0,0
13,280,4504,0.2558522727272727,2560,1.6619750142097474,0.376171875,0.8067915141582489,0.7979390680789947,0.278515625,0.3988402888178825,0.9184795618057251,0.03137257695198059,0.03998611178249121,0.69914970099926,0.8126036584377289,0.005812144279479958,0.16632988750934596,nan,0.0,0.4375,0.374738200000138,0
13,300,4524,0.2569886363636364,2560,1.6848417401313782,0.362890625,0.7983042657375335,0.8001636654138565,0.27578125,0.4059664741158485,0.9246972590684891,0.03137257695198059,0.04010234251618385,0.7024307161569595,0.8101848006248474,0.011880534887313887,0.16632988750934596,nan,0.0,nan,0.0,0
13,320,4544,0.258125,2560,1.6574947714805603,0.36640625,0.8051607877016067,0.7997492641210556,0.297265625,0.40015171021223067,0.9172022700309753,0.03137257695198059,0.04443563092499971,0.7125384479761123,0.8067915141582489,0.0016307264566421953,0.16632988750934596,nan,0.0,nan,0.0,0
13,340,4564,0.25926136363636365,2560,1.6867956578731538,0.359765625,0.8033336490392685,0.80007364153862,0.304296875,0.4086423203349113,0.9214983820915222,0.03137257695198059,0.0412309480831027,0.7056043922901154,0.8067915141582489,0.0034578651189803855,0.16632988750934596,nan,0.0,nan,0.0,0
13,352,4576,0.2599431818181818,1480,1.667249771066614,0.36486486438158394,0.8121260778324024,0.8028129158793269,0.30202702767140155,0.4006422762935226,0.919743506650667,0.03137257695198059,0.05006926414128896,0.7279669729438988,0.8051607877016067,-0.0069652901307957205,0.16632988750934596,nan,0.0,nan,0.0,0
14,20,4596,0.2610795454545454,2560,1.6386156320571899,0.369921875,0.8137989848852157,0.8029911249876023,0.287890625,0.41318964064121244,0.9218823909759521,0.03137257695198059,0.04167419523000717,0.7048986703157425,0.8051607877016067,-0.008638197183609031,0.16632988750934596,nan,0.0,0.40625,0.3771927999914624,0
14,40,4616,0.2622159090909091,2560,1.6747736275196075,0.34921875,0.7917096376419067,0.795580193400383,0.316015625,0.4233652725815773,0.9193776667118072,0.03137257695198059,0.04241786431521177,0.708884397149086,0.8051607877016067,0.01345115005969999,0.16632988750934596,nan,0.0,nan,0.0,0
14,60,4636,0.2633522727272727,2560,1.65088210105896,0.373046875,0.8108541786670684,0.8086742609739304,0.263671875,0.39012576192617415,0.9191134363412857,0.03137257695198059,0.04560245275497436,0.7164124190807343,0.8051607877016067,-0.005693390965461731,0.16632988750934596,nan,0.0,nan,0.0,0
14,80,4656,0.26448863636363634,2560,1.6761275708675385,0.361328125,0.8070561289787292,0.799522677063942,0.28046875,0.4028839498758316,0.9186205744743348,0.03137257695198059,0.03972272668033838,0.6993438571691513,0.8108541786670684,0.003798049688339189,0.16632988750934596,nan,0.0,nan,0.0,0
14,100,4676,0.265625,2560,1.65243598818779,0.36953125,0.8010735869407654,0.7942213863134384,0.287890625,0.4051545217633247,0.9173224240541458,0.03137257695198059,0.04403648655861616,0.7113761216402054,0.8108541786670684,0.009780591726303078,0.16632988750934596,nan,0.0,nan,0.0,0
14,120,4696,0.2667613636363636,2560,1.6823593378067017,0.371875,0.8201230436563491,0.8022036463022232,0.284375,0.4050665497779846,0.9191887140274048,0.03137257695198059,0.04486194290220737,0.7149780303239822,0.8070561289787292,-0.01306691467761989,0.16632988750934596,nan,0.0,0.34375,0.37277310001081787,0
14,140,4716,0.26789772727272726,2560,1.626962125301361,0.376953125,0.8039715588092804,0.8040905207395553,0.29296875,0.41840866655111314,0.9151321589946747,0.03137257695198059,0.04243251774460077,0.7092175751924514,0.8070561289787292,0.0030845701694488525,0.16632988750934596,nan,0.0,nan,0.0,0
14,160,4736,0.26903409090909086,2560,1.6773849427700043,0.36015625,0.8172649681568146,0.807393929362297,0.277734375,0.4008623108267784,0.9238736659288407,0.03137257695198059,0.038591986149549486,0.6986158668994904,0.8070561289787292,-0.01020883917808535,0.16632988750934596,nan,0.0,nan,0.0,0
14,180,4756,0.2701704545454545,2560,1.6143426775932312,0.378515625,0.7991232186555862,0.7971649378538131,0.2703125,0.4077163964509964,0.9209162592887878,0.03137257695198059,0.039142190292477605,0.699804162979126,0.8070561289787292,0.007932910323143028,0.16632988750934596,nan,0.0,nan,0.0,0
14,200,4776,0.2713068181818182,2560,1.6950086593627929,0.3515625,0.8051716089248657,0.8076617151498795,0.27890625,0.40155169516801836,0.9152511775493621,0.03137257695198059,0.03836317770183086,0.6965689718723297,0.8039715588092804,-0.0012000501155853271,0.16632988750934596,nan,0.0,nan,0.0,0
14,220,4796,0.27244318181818183,2560,1.6840879499912262,0.35,0.8133273035287857,0.8145085871219635,0.28984375,0.4050455242395401,0.9234221428632736,0.03137257695198059,0.045183465257287024,0.7152493357658386,0.8051716089248657,-0.00815569460391996,0.16632988750934596,nan,0.0,0.3359375,0.37659159999748226,0
14,240,4816,0.27357954545454544,2560,1.6450559675693512,0.3828125,0.8096855849027633,0.7978677242994309,0.27578125,0.4001124769449234,0.9251047998666764,0.03137257695198059,0.04084036834537983,0.702286958694458,0.8051716089248657,-0.0045139759778976,0.16632988750934596,nan,0.0,nan,0.0,0
14,260,4836,0.2747159090909091,2560,1.665588903427124,0.370703125,0.807224890589714,0.8087636500597,0.2796875,0.4035073474049568,0.9189401239156723,0.03137257695198059,0.04292493313550949,0.708305150270462,0.8096855849027633,0.002460694313049294,0.16632988750934596,nan,0.0,nan,0.0,0
14,280,4856,0.27585227272727275,2560,1.6521890223026277,0.36640625,0.809805229306221,0.8007981806993485,0.291015625,0.4031608194112778,0.9166140407323837,0.03137257695198059,0.03801362328231335,0.6966879814863205,0.807224890589714,-0.00258033871650698,0.16632988750934596,nan,0.0,nan,0.0,0
14,300,4876,0.27698863636363635,2560,1.6626232445240021,0.364453125,0.7975073844194412,0.802017742395401,0.280859375,0.4184262529015541,0.9189745754003524,0.03137257695198059,0.04159406181424856,0.7057495266199112,0.8096855849027633,0.012178200483322077,0.16632988750934596,nan,0.0,nan,0.0,0
14,320,4896,0.278125,2560,1.6588850438594818,0.375,0.8090049177408218,0.8075189113616943,0.27421875,0.4068537026643753,0.9270113825798034,0.03137257695198059,0.044474801421165465,0.7133584052324295,0.8096855849027633,0.0006806671619414839,0.16632988750934596,nan,0.0,0.34375,0.37338039999303874,0
14,340,4916,0.2792613636363636,2560,1.6733891546726227,0.37578125,0.8056036114692688,0.8017711818218232,0.281640625,0.40010655373334886,0.9228326350450515,0.03137257695198059,0.03944399170577526,0.700422278046608,0.8090049177408218,0.003401306271552995,0.16632988750934596,nan,0.0,nan,0.0,0
14,352,4928,0.2799431818181818,1480,1.6745743100707595,0.3513513510291641,0.8050749897956848,0.7998918085484892,0.2844594592983658,0.388847257962098,0.9178559351611781,0.03137257695198059,0.04036794105494344,0.7012268163062431,0.807224890589714,0.0021499007940292136,0.16632988750934596,nan,0.0,nan,0.0,0
15,20,4948,0.28107954545454544,2560,1.637103021144867,0.3828125,0.8068666279315948,0.8102204859256744,0.266015625,0.3936090558767319,0.9202570766210556,0.03137257695198059,0.04153771530836821,0.7078445136547089,0.8056036114692688,-0.001263016462325961,0.16632988750934596,nan,0.0,nan,0.0,0
15,40,4968,0.28221590909090905,2560,1.652776151895523,0.3703125,0.795440748333931,0.7936819940805435,0.3078125,0.41066964268684386,0.9189823299646378,0.03137257695198059,0.03918654341250658,0.6996531128883362,0.8056036114692688,0.010162863135337874,0.16632988750934596,nan,0.0,nan,0.0,0
15,60,4988,0.2833522727272727,2560,1.620227324962616,0.37890625,0.8044689029455185,0.8027800440788269,0.289453125,0.4030784770846367,0.9207180202007293,0.03137257695198059,0.04403207208961248,0.7127556174993515,0.8056036114692688,0.0011347085237503052,0.16632988750934596,nan,0.0,0.3984375,0.3679657999891788,0
15,80,5008,0.28448863636363636,2560,1.6674710631370544,0.351171875,0.7961588382720948,0.7925763666629791,0.292578125,0.41304217129945753,0.9250768214464188,0.03137257695198059,0.03542516883462667,0.6891119450330734,0.8050749897956848,0.008916151523590043,0.16632988750934596,nan,0.0,nan,0.0,0
15,100,5028,0.28562499999999996,2560,1.6854874908924102,0.363671875,0.810917055606842,0.8060653865337372,0.291015625,0.4047022357583046,0.9206713616847992,0.03137257695198059,0.04057802073657513,0.7016878485679626,0.8044689029455185,-0.006448152661323481,0.16632988750934596,nan,0.0,nan,0.0,0
15,120,5048,0.2867613636363636,2560,1.6476810216903686,0.375390625,0.7854225903749465,0.799925509095192,0.276953125,0.40375491976737976,0.9214080959558487,0.03137257695198059,0.037176168709993365,0.6925735324621201,0.8044689029455185,0.019046312570571988,0.16632988750934596,nan,0.0,nan,0.0,0
15,140,5068,0.2878977272727273,2560,1.6493338584899901,0.3640625,0.797394436597824,0.7939232051372528,0.2875,0.39222231805324553,0.9191738277673721,0.03137257695198059,0.04552117586135864,0.7137666523456574,0.7961588382720948,-0.0012355983257292813,0.16632988750934596,nan,0.0,nan,0.0,0
15,160,5088,0.28903409090909093,2560,1.6420341610908509,0.369921875,0.7914758890867233,0.7963754206895828,0.28984375,0.4249951705336571,0.9185341089963913,0.03137257695198059,0.037790694274008274,0.6928220838308334,0.797394436597824,0.005918547511100769,0.16632988750934596,nan,0.0,0.390625,0.37785799999255687,0
15,180,5108,0.29017045454545454,2560,1.6632736146450042,0.365625,0.8089789062738418,0.8053576320409774,0.28984375,0.40102549344301225,0.9181261926889419,0.03137257695198059,0.04339841976761818,0.7108480095863342,0.7961588382720948,-0.012820068001747065,0.16632988750934596,nan,0.0,nan,0.0,0
15,200,5128,0.2913068181818182,2560,1.6872081995010375,0.363671875,0.7987542927265168,0.7995650202035904,0.29765625,0.4062459573149681,0.9201212704181672,0.03137257695198059,0.04329431913793087,0.7104551047086716,0.797394436597824,-0.0013598561286927158,0.16632988750934596,nan,0.0,nan,0.0,0
15,220,5148,0.2924431818181818,2560,1.6624372541904449,0.3640625,0.8090129315853118,0.8045139461755753,0.29765625,0.4048205778002739,0.9177672266960144,0.03137257695198059,0.04611906688660383,0.7179082810878754,0.797394436597824,-0.011618494987487793,0.16632988750934596,nan,0.0,nan,0.0,0
15,240,5168,0.29357954545454545,2560,1.682173228263855,0.35859375,0.8044182151556015,0.8069572657346725,0.26484375,0.4014836013317108,0.9249603509902954,0.03137257695198059,0.039819557406008246,0.7017994970083237,0.7987542927265168,-0.005663922429084756,0.16632988750934596,nan,0.0,nan,0.0,0
15,260,5188,0.2947159090909091,2560,1.6256393909454345,0.383203125,0.7888170450925827,0.7903700739145278,0.303515625,0.4106362983584404,0.9139946162700653,0.03137257695198059,0.044394668005406854,0.7127456068992615,0.8044182151556015,0.015601170063018865,0.16632988750934596,nan,0.0,0.3671875,0.3762105000059819,0
15,280,5208,0.2958522727272727,2560,1.6836561560630798,0.369140625,0.8021016508340836,0.8029649317264557,0.283984375,0.41020309180021286,0.9289055019617081,0.03137257695198059,0.04258220680058002,0.7091936796903611,0.8044182151556015,0.0023165643215179443,0.16632988750934596,nan,0.0,nan,0.0,0
15,300,5228,0.29698863636363637,2560,1.66152526140213,0.3671875,0.804664009809494,0.8027081996202469,0.275390625,0.3887863203883171,0.9177134424448014,0.03137257695198059,0.04624111540615559,0.7181426703929901,0.8021016508340836,-0.0025623589754104614,0.16632988750934596,nan,0.0,nan,0.0,0
15,320,5248,0.298125,2560,1.6718188107013703,0.369921875,0.8029790848493576,0.7973428279161453,0.29609375,0.4335692435503006,0.921487957239151,0.03137257695198059,0.04011768214404583,0.7014975935220719,0.8044182151556015,0.0014391303062438743,0.16632988750934596,nan,0.0,nan,0.0,0
15,340,5268,0.29926136363636363,2560,1.6972837328910828,0.340625,0.823310735821724,0.8085374355316162,0.290234375,0.3917296528816223,0.9206274956464767,0.03137257695198059,0.04088017214089632,0.706043615937233,0.8029790848493576,-0.020331650972366333,0.16632988750934596,nan,0.0,nan,0.0,0
15,352,5280,0.2999431818181818,1480,1.7025465391777657,0.35878378442815834,0.8115982899794707,0.8100627879838685,0.2655405411849151,0.3940252592434754,0.9284945230226259,0.031372576770750255,0.04202435844250627,0.7093583174653956,0.8029790848493576,-0.00861920513011305,0.16632988750934596,nan,0.0,0.296875,0.3780075999966357,0
16,20,5300,0.2989204545454545,2560,1.6555393755435943,0.375390625,0.8079801023006439,0.7990257501602173,0.2640625,0.3861786678433418,0.9189022213220597,0.03137257695198059,0.04113407339900732,0.7051591247320175,0.804664009809494,-0.0033160924911498357,0.16632988750934596,nan,0.0,nan,0.0,0
16,40,5320,0.2977840909090909,2560,1.6800100684165955,0.3671875,0.801789054274559,0.806270107626915,0.26953125,0.40526185780763624,0.9184064418077469,0.03137257695198059,0.0375862255692482,0.695855563879013,0.8079801023006439,0.006191048026084833,0.16632988750934596,nan,0.0,nan,0.0,0
16,60,5340,0.29664772727272726,2560,1.6454725563526154,0.373828125,0.7962242156267166,0.790285125374794,0.26875,0.4018711447715759,0.9171342462301254,0.03137257695198059,0.04277331009507179,0.7076309770345688,0.8079801023006439,0.01175588667392724,0.16632988750934596,nan,0.0,nan,0.0,0
16,80,5360,0.29551136363636366,2560,1.6774430930614472,0.36796875,0.8087729781866073,0.8094420284032822,0.2609375,0.3983010396361351,0.9268975794315338,0.03137257695198059,0.041547985188663004,0.7050664693117141,0.8079801023006439,-0.0007928758859634399,0.16632988750934596,nan,0.0,nan,0.0,0
16,100,5380,0.294375,2560,1.6810117661952972,0.3578125,0.8012619704008103,0.8078109920024872,0.294140625,0.4140779346227646,0.9169127315282821,0.03137257695198059,0.04102755542844534,0.7004368036985398,0.8079801023006439,0.006718131899833613,0.16632988750934596,nan,0.0,0.34375,0.37513110000872985,0
16,120,5400,0.2932386363636364,2560,1.655318510532379,0.38359375,0.8036068439483642,0.8001515895128251,0.2734375,0.3932917654514313,0.9126098871231079,0.03137257695198059,0.040022920817136765,0.7024558931589127,0.801789054274559,-0.0018177896738051924,0.16632988750934596,nan,0.0,nan,0.0,0
16,140,5420,0.2921022727272727,2560,1.6442090332508088,0.36953125,0.7986334323883056,0.8034549981355668,0.2921875,0.4228692531585693,0.9240182518959046,0.03137257695198059,0.04353301785886288,0.7092887341976166,0.801789054274559,0.0031556218862534013,0.16632988750934596,nan,0.0,nan,0.0,0
16,160,5440,0.2909659090909091,2560,1.674623930454254,0.359375,0.8032305508852005,0.7969439387321472,0.318359375,0.412836791574955,0.924623891711235,0.03137257695198059,0.044273660890758036,0.7132913380861282,0.8012619704008103,-0.001968580484390192,0.16632988750934596,nan,0.0,nan,0.0,0
16,180,5460,0.2898295454545454,2560,1.642731386423111,0.3734375,0.7972089022397995,0.8007133662700653,0.290234375,0.4090670198202133,0.9240019649267197,0.03137257695198059,0.04271889757364988,0.7076476335525512,0.8032305508852005,0.006021648645401001,0.16632988750934596,nan,0.0,nan,0.0,0
16,200,5480,0.2886931818181818,2560,1.6559332847595214,0.36328125,0.7999112278223037,0.808308681845665,0.280078125,0.3884478539228439,0.9199071496725082,0.03137257695198059,0.04325356502085924,0.7097510516643524,0.8012619704008103,0.0013507425785065363,0.16632988750934596,nan,0.0,0.40625,0.3742729999939911,0
16,220,5500,0.28755681818181816,2560,1.6612033724784852,0.36015625,0.800814026594162,0.8050215542316437,0.28515625,0.4083286374807358,0.9208559900522232,0.03137257695198059,0.039005012810230257,0.6983571708202362,0.7999112278223037,-0.0009027987718582819,0.16632988750934596,nan,0.0,nan,0.0,0
16,240,5520,0.28642045454545456,2560,1.647048932313919,0.370703125,0.8055828243494034,0.8012481957674027,0.27265625,0.39883523881435395,0.922319558262825,0.03137257695198059,0.04674079045653343,0.7172073125839233,0.7999112278223037,-0.005671596527099698,0.16632988750934596,nan,0.0,nan,0.0,0
16,260,5540,0.2852840909090909,2560,1.650632417201996,0.3734375,0.7846075356006622,0.7971467524766922,0.2875,0.40403255969285967,0.9143320918083191,0.03137257695198059,0.039025676622986796,0.6983914047479629,0.800814026594162,0.0162064909934998,0.16632988750934596,nan,0.0,nan,0.0,0
16,280,5560,0.2841477272727273,2560,1.617390364408493,0.38359375,0.7957140922546386,0.7983210414648056,0.291796875,0.41611857116222384,0.9235717952251434,0.03137257695198059,0.0413172410801053,0.705872905254364,0.7999112278223037,0.0041971355676651,0.16632988750934596,nan,0.0,nan,0.0,0
16,300,5580,0.28301136363636364,2560,1.6665531039237975,0.36171875,0.8092534333467484,0.8061053156852722,0.290625,0.4191292285919189,0.9239026576280593,0.03137257695198059,0.04121032543480396,0.705063772201538,0.7999112278223037,-0.009342205524444647,0.16632988750934596,nan,0.0,0.453125,0.3697686999948928,0
16,320,5600,0.28187500000000004,2560,1.6468596458435059,0.36796875,0.8071454256772995,0.7987508356571198,0.29921875,0.3997767001390457,0.9178464442491532,0.03137257695198059,0.03882058244198561,0.6988986879587173,0.800814026594162,-0.006331399083137512,0.16632988750934596,nan,0.0,nan,0.0,0
16,340,5620,0.28073863636363633,2560,1.6335744917392732,0.375,0.7968133181333542,0.8043850183486938,0.28671875,0.42954310923814776,0.9160860896110534,0.03137257695198059,0.041326952166855335,0.7054937839508056,0.8055828243494034,0.008769506216049217,0.16632988750934596,nan,0.0,nan,0.0,0
16,352,5632,0.2800568181818182,1480,1.6233971685976596,0.3918918926973601,0.7869375283653671,0.7995372582126308,0.2743243247270584,0.418444839200458,0.9203714709024171,0.03137257695198059,0.045551955337459975,0.7157498984723478,0.7968133181333542,0.009875789767987087,0.16632988750934596,nan,0.0,nan,0.0,0
17,20,5652,0.2789204545454545,2560,1.6478850722312928,0.375390625,0.8048118233680726,0.8032572656869889,0.281640625,0.400900673866272,0.9224877923727035,0.03137257695198059,0.04266660250723362,0.7079758048057556,0.7968133181333542,-0.007998505234718345,0.16632988750934596,nan,0.0,nan,0.0,0
17,40,5672,0.2777840909090909,2560,1.6565018475055695,0.383203125,0.8098182499408721,0.8056092739105225,0.2609375,0.40099051743745806,0.9210907191038131,0.03137257695198059,0.04073561280965805,0.7026840031147004,0.8048118233680726,-0.005006426572799594,0.16632988750934596,nan,0.0,0.3515625,0.37960369999927934,0
17,60,5692,0.27664772727272724,2560,1.5997945606708526,0.39453125,0.7878351390361786,0.8028495997190476,0.283984375,0.4229033708572388,0.9184247553348541,0.03137257695198059,0.041328581422567366,0.706721231341362,0.8048118233680726,0.01697668433189392,0.16632988750934596,nan,0.0,nan,0.0,0
17,80,5712,0.27551136363636364,2560,1.6131857633590698,0.373046875,0.7842594087123871,0.792490154504776,0.287109375,0.4149585455656052,0.9206249415874481,0.03137257695198059,0.03973625060170889,0.7002272963523865,0.7968133181333542,0.012553909420967124,0.16632988750934596,nan,0.0,nan,0.0,0
17,100,5732,0.274375,2560,1.6551730155944824,0.376171875,0.8029203653335572,0.8054561823606491,0.281640625,0.42566691190004347,0.9227763056755066,0.03137257695198059,0.04557642862200737,0.7175002098083496,0.7878351390361786,-0.015085226297378518,0.16632988750934596,nan,0.0,nan,0.0,0
17,120,5752,0.2732386363636364,2560,1.6316103994846345,0.37890625,0.7942646324634552,0.7987643152475357,0.296484375,0.40747352987527846,0.9202835261821747,0.03137257695198059,0.04020466860383749,0.7040391564369202,0.8029203653335572,0.008655732870101907,0.16632988750934596,nan,0.0,nan,0.0,0
17,140,5772,0.2721022727272727,2560,1.655204862356186,0.353125,0.7964757740497589,0.79489925801754,0.3078125,0.4229013830423355,0.9197576105594635,0.03137257695198059,0.040452392771840096,0.7033001840114593,0.7942646324634552,-0.0022111415863036443,0.16632988750934596,nan,0.0,0.3828125,0.37256870001147036,0
17,160,5792,0.2709659090909091,2560,1.6620920121669769,0.359375,0.8112862914800644,0.8071922540664673,0.29765625,0.40392786860466,0.923498558998108,0.03137257695198059,0.04147967342287302,0.705272302031517,0.7942646324634552,-0.017021659016609125,0.16632988750934596,nan,0.0,nan,0.0,0
17,180,5812,0.26982954545454546,2560,1.6525094985961915,0.37421875,0.8021538883447648,0.8028727412223816,0.2875,0.4221884459257126,0.9210454523563385,0.03137257695198059,0.042281045392155645,0.7090544402599335,0.7964757740497589,-0.005678114295005865,0.16632988750934596,nan,0.0,nan,0.0,0
17,200,5832,0.26869318181818186,2560,1.6405834317207337,0.380078125,0.7973999977111816,0.7981893092393875,0.269921875,0.39899408370256423,0.9203141778707504,0.03137257695198059,0.037036819569766524,0.6921401411294937,0.8021538883447648,0.004753890633583113,0.16632988750934596,nan,0.0,nan,0.0,0
17,220,5852,0.26755681818181815,2560,1.6644952118396759,0.36171875,0.7984673857688904,0.8008663415908813,0.274609375,0.39548402428627016,0.91828373670578,0.03137257695198059,0.04166395477950573,0.7065319329500198,0.7973999977111816,-0.0010673880577087846,0.16632988750934596,nan,0.0,nan,0.0,0
17,240,5872,0.26642045454545454,2560,1.6289683699607849,0.380859375,0.7962211608886719,0.8044911831617355,0.29296875,0.4118568539619446,0.9219723016023635,0.03137257695198059,0.04274586662650108,0.7097447276115417,0.7984673857688904,0.002246224880218528,0.16632988750934596,nan,0.0,0.359375,0.37752379999437835,0
17,260,5892,0.2652840909090909,2560,1.6336638271808623,0.376953125,0.7930751800537109,0.8012092798948288,0.283203125,0.41933465003967285,0.9225143611431121,0.03137257695198059,0.0407683864235878,0.7035770088434219,0.7984673857688904,0.00539220571517951,0.16632988750934596,nan,0.0,nan,0.0,0
17,280,5912,0.26414772727272723,2560,1.668326634168625,0.3703125,0.8033761978149414,0.7964972376823425,0.26875,0.4022339373826981,0.9252297908067704,0.03137257695198059,0.04022723622620106,0.7044587314128876,0.7973999977111816,-0.005976200103759766,0.16632988750934596,nan,0.0,nan,0.0,0
17,300,5932,0.2630113636363636,2560,1.6339741110801698,0.387890625,0.7824891984462738,0.7865232020616532,0.271875,0.41840641647577287,0.9193204492330551,0.03137257695198059,0.03798555489629507,0.6962359637022019,0.7973999977111816,0.014910799264907793,0.16632988750934596,nan,0.0,nan,0.0,0
17,320,5952,0.26187499999999997,2560,1.603921687602997,0.39296875,0.801553612947464,0.7951423794031143,0.2859375,0.4097486913204193,0.917950588464737,0.03137257695198059,0.04240963831543922,0.7083103984594346,0.7962211608886719,-0.00533245205879207,0.16632988750934596,nan,0.0,nan,0.0,0
17,340,5972,0.26073863636363637,2560,1.578676348924637,0.391796875,0.7888102024793625,0.8004193812608719,0.283984375,0.42646890729665754,0.9268188714981079,0.03137257695198059,0.036933683790266514,0.6911304861307144,0.7962211608886719,0.007410958409309387,0.16632988750934596,nan,0.0,0.40625,0.37675019999733195,0
17,352,5984,0.2600568181818182,1480,1.6403766213236628,0.3587837837837838,0.7819172066611213,0.7898917211068643,0.3108108108108108,0.44901066293587555,0.920078274366018,0.031372576770750255,0.037829862192675874,0.6997099737863283,0.7930751800537109,0.011157973392589615,0.16632988750934596,nan,0.0,nan,0.0,0
18,20,6004,0.25892045454545454,2560,1.635869324207306,0.373828125,0.8035190790891648,0.801145824790001,0.289453125,0.39506720155477526,0.9186494499444962,0.03137257695198059,0.03970928248018026,0.7007805109024048,0.7888102024793625,-0.014708876609802246,0.16632988750934596,nan,0.0,nan,0.0,0
18,40,6024,0.25778409090909093,2560,1.605642408132553,0.398046875,0.7894732147455216,0.7936179101467132,0.282421875,0.43128855526447296,0.9155650019645691,0.03137257695198059,0.03942712843418121,0.7009892165660858,0.7888102024793625,-0.0006630122661590576,0.16632988750934596,nan,0.0,nan,0.0,0
18,60,6044,0.2566477272727273,2560,1.6384071350097655,0.380078125,0.7921517848968506,0.8019967645406723,0.290234375,0.42445687055587766,0.9151292353868484,0.03137257695198059,0.03912280946969986,0.6990881472826004,0.7894732147455216,-0.002678570151328996,0.16632988750934596,nan,0.0,nan,0.0,0
18,80,6064,0.2555113636363637,2560,1.6101781964302062,0.380078125,0.7848813652992248,0.7954195857048034,0.32109375,0.4199623420834541,0.9249840021133423,0.03137257695198059,0.04116210900247097,0.7054931938648223,0.7894732147455216,0.0045918494462967585,0.16632988750934596,nan,0.0,0.421875,0.37272079999092966,0
18,100,6084,0.25437499999999996,2560,1.5620356798171997,0.409765625,0.7770928531885147,0.7895961970090866,0.2921875,0.4344648241996765,0.9177320152521133,0.03137257695198059,0.03835301622748375,0.6967539340257645,0.7894732147455216,0.012380361557006836,0.16632988750934596,nan,0.0,nan,0.0,0
18,120,6104,0.25323863636363636,2560,1.6035493552684783,0.38984375,0.7830325067043304,0.7921061456203461,0.28984375,0.43718172460794447,0.9263397425413131,0.03137257695198059,0.03989323414862156,0.7007211357355118,0.7894732147455216,0.006440708041191123,0.16632988750934596,nan,0.0,nan,0.0,0
18,140,6124,0.2521022727272727,2560,1.6021122753620147,0.397265625,0.788179925084114,0.7966313898563385,0.273046875,0.41272922307252885,0.9188245385885239,0.03137257695198059,0.03987622000277043,0.7030357748270035,0.7848813652992248,-0.0032985597848892434,0.16632988750934596,nan,0.0,nan,0.0,0
18,160,6144,0.2509659090909091,2560,1.6063784956932068,0.3796875,0.7762695521116256,0.7827525079250336,0.305078125,0.42275116592645645,0.9193630456924439,0.03137257695198059,0.044835347682237625,0.7147635400295258,0.7848813652992248,0.008611813187599182,0.16632988750934596,nan,0.0,nan,0.0,0
18,180,6164,0.24982954545454544,2560,1.6132589161396027,0.380859375,0.7969729483127594,0.8031593561172485,0.279296875,0.4053965821862221,0.924397549033165,0.03137257695198059,0.03931201938539743,0.70016351044178,0.7830325067043304,-0.013940441608429,0.16632988750934596,nan,0.0,0.4140625,0.37266449999879114,0
18,200,6184,0.24869318181818179,2560,1.612905538082123,0.382421875,0.7912707656621933,0.7943156093358994,0.303515625,0.4463864594697952,0.9216646999120712,0.03137257695198059,0.04084063023328781,0.706309849023819,0.7830325067043304,-0.008238258957862898,0.16632988750934596,nan,0.0,nan,0.0,0
18,220,6204,0.24755681818181818,2560,1.629818719625473,0.379296875,0.7840719908475876,0.7953944057226181,0.29375,0.4169290840625763,0.9196987271308898,0.03137257695198059,0.0399596368893981,0.7023639708757401,0.788179925084114,0.004107934236526445,0.16632988750934596,nan,0.0,nan,0.0,0
18,240,6224,0.2464204545454545,2560,1.575872540473938,0.41171875,0.7858027249574662,0.7966554194688797,0.27421875,0.41995631754398344,0.9239013880491257,0.03137257695198059,0.03891135770827532,0.6994148373603821,0.788179925084114,0.0023772001266478826,0.16632988750934596,nan,0.0,nan,0.0,0
18,260,6244,0.2452840909090909,2560,1.612325406074524,0.387109375,0.7820329666137695,0.7912647426128387,0.27109375,0.42634971290826795,0.9293603420257568,0.03137257695198059,0.03844509795308113,0.6988705098628998,0.7858027249574662,0.0037697583436966386,0.16632988750934596,nan,0.0,nan,0.0,0
18,280,6264,0.24414772727272724,2560,1.5953163385391236,0.390625,0.7898439556360245,0.7969996333122253,0.2796875,0.4019096106290817,0.9177774012088775,0.03137257695198059,0.042061343975365165,0.7074414163827896,0.7858027249574662,-0.004041230678558327,0.16632988750934596,nan,0.0,0.3671875,0.3801666999934241,0
18,300,6284,0.24301136363636364,2560,1.6362507402896882,0.368359375,0.7933637440204621,0.8006862819194793,0.30625,0.43201075941324235,0.9171781092882156,0.03137257695198059,0.040914541482925414,0.7044867068529129,0.7858027249574662,-0.0075610190629958884,0.16632988750934596,nan,0.0,nan,0.0,0
18,320,6304,0.24187499999999995,2560,1.5971919476985932,0.395703125,0.7859837889671326,0.7906273066997528,0.284375,0.4116398110985756,0.922669741511345,0.03137257695198059,0.037972098030149934,0.698991385102272,0.7858027249574662,-0.00018106400966644287,0.16632988750934596,nan,0.0,nan,0.0,0
18,340,6324,0.24073863636363635,2560,1.6175381064414978,0.378125,0.7828677117824554,0.8009807825088501,0.295703125,0.42429814487695694,0.9193271815776825,0.03137257695198059,0.03821472730487585,0.6973468005657196,0.7859837889671326,0.003116077184677213,0.16632988750934596,nan,0.0,nan,0.0,0
18,352,6336,0.2400568181818182,1480,1.6241230320286106,0.3743243241632307,0.7874550255569251,0.7847126348598583,0.30608108188654926,0.4051953053152239,0.925807223126695,0.03137257695198059,0.03783056325203664,0.6965528375393636,0.7859837889671326,-0.001471236589792535,0.16632988750934596,nan,0.0,nan,0.0,0
19,20,6356,0.23892045454545452,2560,1.6168434023857117,0.389453125,0.7800015091896058,0.7902361750602722,0.29140625,0.4372290700674057,0.9223844081163406,0.03137257695198059,0.040343566238880156,0.7060520946979523,0.7874550255569251,0.0074535163673193905,0.16632988750934596,nan,0.0,0.3828125,0.37546119999024086,0
19,40,6376,0.23778409090909092,2560,1.600610965490341,0.387890625,0.8045698285102845,0.7999738276004791,0.281640625,0.4076547041535378,0.9202598750591278,0.03137257695198059,0.03931801840662956,0.7010437250137329,0.7859837889671326,-0.018586039543151855,0.16632988750934596,nan,0.0,nan,0.0,0
19,60,6396,0.23664772727272726,2560,1.5679360926151276,0.39453125,0.7748205035924911,0.784144738316536,0.296875,0.42542283684015275,0.9164412319660187,0.03137257695198059,0.04175818730145693,0.7056675612926483,0.7859837889671326,0.011163285374641507,0.16632988750934596,nan,0.0,nan,0.0,0
19,80,6416,0.23551136363636366,2560,1.6514521062374115,0.370703125,0.7891652703285217,0.7959659814834594,0.286328125,0.4200995847582817,0.9266970545053482,0.03137257695198059,0.03922061137855053,0.7004540950059891,0.7828677117824554,-0.006297558546066284,0.16632988750934596,nan,0.0,nan,0.0,0
19,100,6436,0.234375,2560,1.6167190968990326,0.391015625,0.7953765541315079,0.7936448603868484,0.2828125,0.41279700249433515,0.9234393030405045,0.03137257695198059,0.03877709601074457,0.7001762330532074,0.7874550255569251,-0.007921528574582726,0.16632988750934596,nan,0.0,nan,0.0,0
19,120,6456,0.23323863636363631,2560,1.563259220123291,0.39296875,0.7834105908870697,0.7872904628515244,0.29140625,0.4236560359597206,0.9227339655160904,0.03137257695198059,0.038142012991011144,0.6973941653966904,0.7891652703285217,0.005754679441452026,0.16632988750934596,nan,0.0,0.4296875,0.37691950000589713,0
19,140,6476,0.2321022727272727,2560,1.581065046787262,0.389453125,0.7837538689374923,0.7942925959825515,0.2921875,0.4401554450392723,0.9148146450519562,0.03137257695198059,0.039445074275135994,0.7025142639875412,0.7891652703285217,0.005411401391029358,0.16632988750934596,nan,0.0,nan,0.0,0
19,160,6496,0.23096590909090906,2560,1.6213519334793092,0.390234375,0.7775992751121521,0.7960530787706375,0.30078125,0.42973232120275495,0.9168089717626572,0.03137257695198059,0.038975801318883896,0.7007440268993378,0.7837538689374923,0.006154593825340227,0.16632988750934596,nan,0.0,nan,0.0,0
19,180,6516,0.22982954545454545,2560,1.6212040305137634,0.363671875,0.7922559767961502,0.7983416438102722,0.293359375,0.4190416783094406,0.9190211147069931,0.03137257695198059,0.03862152937799692,0.7001545011997223,0.7837538689374923,-0.008502107858657904,0.16632988750934596,nan,0.0,nan,0.0,0
19,200,6536,0.22869318181818177,2560,1.5846299290657044,0.3859375,0.781694769859314,0.7941758632659912,0.283203125,0.41714121401309967,0.9165299981832504,0.03137257695198059,0.03630322702229023,0.6919469356536865,0.7837538689374923,0.0020590990781783614,0.16632988750934596,nan,0.0,nan,0.0,0
19,220,6556,0.22755681818181817,2560,1.5444026648998261,0.41171875,0.7798100054264069,0.7958589136600495,0.295703125,0.4309771776199341,0.9215971797704696,0.03137257695198059,0.03863564860075712,0.6994897037744522,0.7834105908870697,0.003600585460662775,0.16632988750934596,nan,0.0,0.375,0.37544219999108464,0
19,240,6576,0.2264204545454545,2560,1.601545262336731,0.386328125,0.7826883643865585,0.7897277981042862,0.293359375,0.42019281089305877,0.9226844996213913,0.03137257695198059,0.038759014755487445,0.6974017828702926,0.781694769859314,-0.0009935945272445679,0.16632988750934596,nan,0.0,nan,0.0,0
19,260,6596,0.2252840909090909,2560,1.597658884525299,0.383984375,0.766709515452385,0.7959685236215591,0.296484375,0.4263774797320366,0.9174511104822158,0.03137257695198059,0.0383287325501442,0.6993981331586838,0.781694769859314,0.014985254406928994,0.16632988750934596,nan,0.0,nan,0.0,0
19,280,6616,0.22414772727272725,2560,1.6029778003692627,0.387890625,0.7879380822181702,0.7953883081674575,0.283203125,0.4185118541121483,0.9229792445898056,0.03137257695198059,0.037063340004533527,0.6944016098976136,0.781694769859314,-0.006243312358856223,0.16632988750934596,nan,0.0,nan,0.0,0
19,300,6636,0.22301136363636365,2560,1.5632422804832458,0.4171875,0.7591710090637207,0.7813767999410629,0.2859375,0.42888235598802565,0.9304060816764832,0.03137257695198059,0.039477618597447875,0.6995382130146026,0.781694769859314,0.02252376079559326,0.16632988750934596,nan,0.0,nan,0.0,0
19,320,6656,0.22187499999999996,2560,1.580612987279892,0.39609375,0.783732432126999,0.7905542016029358,0.2921875,0.4301352918148041,0.916678512096405,0.03137257695198059,0.04261141922324896,0.7097052156925201,0.7798100054264069,-0.003922426700592063,0.16632988750934596,nan,0.0,0.375,0.37305259999993723,0
19,340,6676,0.22073863636363636,2560,1.5766738176345825,0.409375,0.7684458047151566,0.7856792598962784,0.27265625,0.42315306067466735,0.9227722346782684,0.03137257695198059,0.03674909714609385,0.6926727622747422,0.7826883643865585,0.014242559671401978,0.16632988750934596,nan,0.0,nan,0.0,0
19,352,6688,0.22005681818181821,1480,1.587422494630556,0.3898648650259585,0.765783315413707,0.7703657462790205,0.30270270302489,0.43918808215373273,0.9238541074701258,0.03137257695198059,0.036244696700895154,0.6928381790985932,0.7684458047151566,0.002662489301449522,0.16632988750934596,nan,0.0,nan,0.0,0
20,20,6708,0.21892045454545453,2560,1.5886448979377747,0.39453125,0.7694290935993194,0.7819670528173447,0.297265625,0.43154224157333376,0.9179607629776001,0.03137257695198059,0.03752958606928587,0.6955713182687759,0.7684458047151566,-0.0009832888841628806,0.16632988750934596,nan,0.0,nan,0.0,0
20,40,6728,0.21778409090909087,2560,1.5358231127262116,0.417578125,0.7675868511199951,0.7820640712976455,0.298046875,0.43867144286632537,0.9247453272342682,0.03137257695198059,0.03626115620136261,0.6915839284658432,0.7684458047151566,0.0008589535951614158,0.16632988750934596,nan,0.0,nan,0.0,0
20,60,6748,0.21664772727272727,2560,1.5483612656593322,0.4046875,0.7751319020986557,0.7918777644634247,0.287890625,0.4312973991036415,0.9217397272586823,0.03137257695198059,0.041156882978975774,0.7042000532150269,0.7684458047151566,-0.006686097383499123,0.16632988750934596,nan,0.0,0.4609375,0.3710854999953881,0
20,80,6768,0.2155113636363636,2560,1.5740577280521393,0.40625,0.7765873610973358,0.7835237085819244,0.291796875,0.42916441708803177,0.9222829371690751,0.03137257695198059,0.037757298722863195,0.6969533234834671,0.7684458047151566,-0.008141556382179282,0.16632988750934596,nan,0.0,nan,0.0,0
20,100,6788,0.214375,2560,1.6128419518470765,0.38203125,0.7790202409029007,0.7945678979158401,0.2828125,0.4255180567502975,0.9191973567008972,0.03137257695198059,0.03866180535405874,0.7011738419532776,0.7694290935993194,-0.009591147303581238,0.16632988750934596,nan,0.0,nan,0.0,0
20,120,6808,0.21323863636363632,2560,1.562916749715805,0.41484375,0.7714676588773728,0.7857306331396103,0.29296875,0.4153436690568924,0.9245241999626159,0.03137257695198059,0.03768670642748475,0.6973018914461135,0.7751319020986557,0.0036642432212828924,0.16632988750934596,nan,0.0,nan,0.0,0
20,140,6828,0.21210227272727272,2560,1.5901964485645295,0.403515625,0.7745520770549774,0.7848156183958054,0.291015625,0.435106360912323,0.915739843249321,0.03137257695198059,0.037544059194624425,0.6963119357824326,0.7751319020986557,0.0005798250436782615,0.16632988750934596,nan,0.0,nan,0.0,0
20,160,6848,0.21096590909090907,2560,1.589012360572815,0.4,0.7922450125217437,0.7958215266466141,0.286328125,0.41977834701538086,0.9245763331651687,0.03137257695198059,0.041761277616024016,0.7067910075187683,0.7751319020986557,-0.01711311042308805,0.16632988750934596,nan,0.0,0.4140625,0.3729499999899417,0
20,180,6868,0.20982954545454546,2560,1.573500919342041,0.40234375,0.7834056824445724,0.7951104700565338,0.274609375,0.4324435755610466,0.920359444618225,0.03137257695198059,0.03729517143219709,0.6968043804168701,0.7765873610973358,-0.006818321347236589,0.16632988750934596,nan,0.0,nan,0.0,0
20,200,6888,0.20869318181818178,2560,1.5580522894859314,0.398046875,0.7702593207359314,0.7878887414932251,0.29453125,0.42101151347160337,0.9235280513763428,0.03137257695198059,0.0376497657969594,0.6966938257217408,0.7790202409029007,0.008760920166969277,0.16632988750934596,nan,0.0,nan,0.0,0
20,220,6908,0.20755681818181818,2560,1.534765750169754,0.403515625,0.7623633682727814,0.7886871546506882,0.283203125,0.4188869342207909,0.9190393030643463,0.03137257695198059,0.03332252148538828,0.6836580216884613,0.7745520770549774,0.012188708782196023,0.16632988750934596,nan,0.0,nan,0.0,0
20,240,6928,0.20642045454545452,2560,1.5650110840797424,0.401953125,0.7574325770139694,0.7868067592382431,0.3015625,0.4393930435180664,0.910501116514206,0.03137257695198059,0.03587420675903559,0.6922491133213043,0.7745520770549774,0.01711950004100804,0.16632988750934596,nan,0.0,nan,0.0,0
20,260,6948,0.20528409090909092,2560,1.5553868412971497,0.404296875,0.7663714766502381,0.7866976588964463,0.289453125,0.43403605967760084,0.9256558984518051,0.03137257695198059,0.03663269961252809,0.6972160965204239,0.7702593207359314,0.003887844085693315,0.16632988750934596,nan,0.0,0.40625,0.37038249999750406,0
20,280,6968,0.20414772727272726,2560,1.5776953756809236,0.39453125,0.7706377744674683,0.7836166560649872,0.276171875,0.41915248334407806,0.917844033241272,0.03137257695198059,0.03850457165390253,0.6978681862354279,0.7663714766502381,-0.004266297817230202,0.16632988750934596,nan,0.0,nan,0.0,0
20,300,6988,0.20301136363636366,2560,1.5183543920516969,0.41328125,0.7627080649137497,0.7834706842899323,0.29375,0.42308167070150376,0.9214748561382293,0.03137257695198059,0.036567290965467694,0.6921345591545105,0.7663714766502381,0.003663411736488431,0.16632988750934596,nan,0.0,nan,0.0,0
20,320,7008,0.20187499999999997,2560,1.567872154712677,0.403125,0.761988827586174,0.7883878320455551,0.294921875,0.44889663606882096,0.9224289149045944,0.03137257695198059,0.039550709538161755,0.7036931335926055,0.7627080649137497,0.000719237327575617,0.16632988750934596,nan,0.0,nan,0.0,0
20,340,7028,0.20073863636363637,2560,1.5671997487545013,0.40546875,0.7773183971643448,0.7856709986925126,0.2828125,0.4288307800889015,0.9158444851636887,0.03137257695198059,0.03602188853546977,0.6903199702501297,0.7627080649137497,-0.01461033225059516,0.16632988750934596,nan,0.0,nan,0.0,0
20,352,7040,0.20005681818181814,1480,1.554942917179417,0.4128378376767442,0.7656191693769919,0.7754790705603523,0.27905405405405403,0.4229252348075042,0.9240458868645333,0.03137257695198059,0.03543108731910989,0.6897071954366323,0.7663714766502381,0.0007523072732461555,0.16632988750934596,nan,0.0,0.3671875,0.38063670000701677,0
21,20,7060,0.19892045454545454,2560,1.5305473506450653,0.42578125,0.7538823366165162,0.7771310418844223,0.297265625,0.43053039312362673,0.9193001031875611,0.03137257695198059,0.03399166874587536,0.6858792841434479,0.7656191693769919,0.011736832760475768,0.16632988750934596,nan,0.0,nan,0.0,0
21,40,7080,0.19778409090909088,2560,1.5176708936691283,0.4265625,0.7597153097391128,0.7851467251777648,0.282421875,0.43632473796606064,0.9202622890472412,0.03137257695198059,0.03774027340114117,0.6956916213035583,0.7627080649137497,0.0029927551746368186,0.16632988750934596,nan,0.0,nan,0.0,0
21,60,7100,0.19664772727272728,2560,1.551349413394928,0.41484375,0.7658138871192932,0.7874415308237076,0.28359375,0.44326372593641283,0.9218420803546905,0.03137257695198059,0.03703653989359736,0.6975401401519775,0.761988827586174,-0.0038250595331191795,0.16632988750934596,nan,0.0,nan,0.0,0
21,80,7120,0.1955113636363636,2560,1.5433590531349182,0.421484375,0.7680030643939972,0.7903179377317429,0.280078125,0.4112589478492737,0.9245404750108719,0.03137257695198059,0.03494009170681238,0.6883429288864136,0.7656191693769919,-0.002383895017005311,0.16632988750934596,nan,0.0,nan,0.0,0
21,100,7140,0.194375,2560,1.5257074415683747,0.41875,0.7570055902004242,0.7839046686887741,0.301171875,0.4407360330224037,0.9186791926622391,0.03137257695198059,0.03488980922847986,0.6873517334461212,0.7656191693769919,0.008613579176567687,0.16632988750934596,nan,0.0,0.3515625,0.3745030999998562,0
21,120,7160,0.19323863636363633,2560,1.5494428873062134,0.40078125,0.7559602499008179,0.7806954890489578,0.3,0.4538141503930092,0.9167016506195068,0.03137257695198059,0.035348059795796874,0.6890201508998871,0.7597153097391128,0.0037550598382949385,0.16632988750934596,nan,0.0,nan,0.0,0
21,140,7180,0.19210227272727273,2560,1.527346956729889,0.4203125,0.763289725780487,0.7858591884374618,0.2828125,0.4237140417098999,0.9204345881938935,0.03137257695198059,0.03616628590971231,0.6934451043605805,0.7597153097391128,-0.0035744160413742065,0.16632988750934596,nan,0.0,nan,0.0,0
21,160,7200,0.19096590909090908,2560,1.5151861906051636,0.41875,0.7570261538028717,0.7864855617284775,0.289453125,0.4280705854296684,0.9160427302122116,0.03137257695198059,0.0343804594129324,0.6908790200948716,0.763289725780487,0.00626357197761529,0.16632988750934596,nan,0.0,nan,0.0,0
21,180,7220,0.18982954545454547,2560,1.564786583185196,0.40625,0.7288383096456528,0.7790012568235397,0.29296875,0.4318026080727577,0.9149067133665085,0.03137257695198059,0.03383046695962548,0.6867248266935349,0.7570261538028717,0.028187844157218978,0.16632988750934596,nan,0.0,nan,0.0,0
21,200,7240,0.1886931818181818,2560,1.5438114941120147,0.409765625,0.7791080057621003,0.7869643121957779,0.2859375,0.42781413048505784,0.9200476467609405,0.03137257695198059,0.043395796231925486,0.711054515838623,0.7570055902004242,-0.022102415561676025,0.16632988750934596,nan,0.0,0.453125,0.37357120000524446,0
21,220,7260,0.18755681818181819,2560,1.5397132337093353,0.41171875,0.737928506731987,0.7747979670763016,0.2921875,0.4276064410805702,0.9123385310173034,0.03137257695198059,0.03166121682152152,0.6773519366979599,0.7570261538028717,0.019097647070884793,0.16632988750934596,nan,0.0,nan,0.0,0
21,240,7280,0.18642045454545453,2560,1.5454657256603241,0.41796875,0.7340507656335831,0.7773840814828873,0.2921875,0.43613911867141725,0.923375591635704,0.03137257695198059,0.03182798130437732,0.6821420013904571,0.7570261538028717,0.02297538816928868,0.16632988750934596,nan,0.0,nan,0.0,0
21,260,7300,0.18528409090909093,2560,1.5047035336494445,0.404296875,0.7221688508987427,0.7712433069944382,0.30625,0.43121554106473925,0.9149424403905868,0.03137257695198059,0.03280968302860856,0.6822847336530685,0.737928506731987,0.015759655833244235,0.16632988750934596,nan,0.0,nan,0.0,0
21,280,7320,0.18414772727272724,2560,1.5231976628303527,0.41640625,0.6899855166673661,0.7680304497480392,0.2890625,0.43397302031517027,0.9177102535963059,0.03137257695198059,0.028596828691661358,0.668379259109497,0.7340507656335831,0.044065248966217,0.16632988750934596,nan,0.0,nan,0.0,0
21,300,7340,0.18301136363636364,2560,1.6076943635940553,0.39609375,0.7629620999097824,0.7861341029405594,0.291796875,0.42678494900465014,0.9250863522291184,0.03137257695198059,0.03837940394878388,0.6993768721818924,0.7340507656335831,-0.028911334276199296,0.16632988750934596,nan,0.0,0.390625,0.37498690000211354,0
21,320,7360,0.18187499999999998,2560,1.5622966170310975,0.4046875,0.7596361845731735,0.7832298457622529,0.294921875,0.4399722620844841,0.917686614394188,0.03137257695198059,0.03886358048766851,0.7021520972251892,0.7340507656335831,-0.025585418939590432,0.16632988750934596,nan,0.0,nan,0.0,0
21,340,7380,0.18073863636363638,2560,1.5242553114891053,0.4171875,0.7355582475662231,0.7765106409788132,0.298046875,0.4433620750904083,0.9216797083616257,0.03137257695198059,0.032145786192268135,0.6830059677362442,0.7340507656335831,-0.0015074819326400535,0.16632988750934596,nan,0.0,nan,0.0,0
21,352,7392,0.18005681818181815,1480,1.4997822929073024,0.41418918902809554,0.6957860936989655,0.7667832603325715,0.2993243243243243,0.42953058175138525,0.9227121362815032,0.03137257695198059,0.0270499776041991,0.6644842447461309,0.7355582475662231,0.03977215386725763,0.16632988750934596,nan,0.0,nan,0.0,0
22,20,7412,0.17892045454545455,2560,1.4906417846679687,0.425,0.6658711820840836,0.7636785119771957,0.296875,0.4271204650402069,0.9270898401737213,0.03137257695198059,0.028804159443825483,0.6729055672883988,0.7355582475662231,0.06968706548213954,0.16632988750934596,nan,0.0,nan,0.0,0
22,40,7432,0.1777840909090909,2560,1.476493227481842,0.419921875,0.6403814285993576,0.759712490439415,0.28046875,0.41737918108701705,0.9188163876533508,0.03137257695198059,0.027695586159825324,0.6708770602941513,0.7355582475662231,0.09517681896686547,0.16632988750934596,nan,0.0,0.3125,0.3878376000066055,0
22,60,7452,0.1766477272727273,2560,1.495847898721695,0.430859375,0.5866649925708771,0.7508225917816163,0.283203125,0.43028488755226135,0.9213138788938522,0.03137257695198059,0.025503935199230908,0.6628645867109298,0.6957860936989655,0.10912110112808837,0.16632988750934596,nan,0.0,nan,0.0,0
22,80,7472,0.1755113636363636,2560,1.4736072778701783,0.43125,0.5528765603899956,0.7248682796955108,0.277734375,0.4327277734875679,0.9233945339918137,0.03137257695198059,0.027825594414025545,0.6716959863901139,0.6658711820840836,0.11299462169408803,0.16632988750934596,nan,0.0,nan,0.0,0
22,100,7492,0.174375,2560,1.4108412563800812,0.469140625,0.3594838328659534,0.7093226313591003,0.249609375,0.3792386129498482,0.9270820826292038,0.03137257695198059,0.018303357297554612,0.6185064166784286,0.6403814285993576,0.2808975957334042,0.16632988750934596,nan,0.0,0.1796875,0.371217500010971,1
22,120,7512,0.17323863636363634,2560,1.4549685359001159,0.432421875,0.40941906422376634,0.734798577427864,0.285546875,0.4301804959774017,0.925117889046669,0.03137257695198059,0.024245406780391932,0.6482810735702514,0.5866649925708771,0.17724592834711078,0.16632988750934596,nan,0.0,0.2890625,0.3747972999990452,1
22,140,7532,0.17210227272727274,2560,1.4214092016220092,0.469921875,0.24962906427681447,0.6989580988883972,0.234765625,0.3689491659402847,0.9238098323345184,0.03137257695198059,0.017277093743905424,0.6045970052480698,0.5528765603899956,0.3032474961131811,0.16632988750934596,nan,0.0,0.3125,0.37586640000517946,1
22,160,7552,0.17096590909090906,2560,1.291627299785614,0.521484375,0.1058736288920045,0.6459430903196335,0.228515625,0.3755758211016655,0.9201259791851044,0.03137257695198059,0.015554795833304524,0.5837499916553497,0.40941906422376634,0.3035454353317618,0.16632988750934596,nan,0.0,0.2265625,0.3740032999921823,1
22,180,7572,0.16982954545454546,2560,1.3343015372753144,0.501171875,0.11298302356153726,0.6507677972316742,0.21875,0.3556914895772934,0.929377892613411,0.03137257695198059,0.01967691434547305,0.6065052300691605,0.3594838328659534,0.24650080930441615,0.16632988750934596,nan,0.0,0.125,0.37553590000607073,1
22,200,7592,0.1686931818181818,2560,1.2902120232582093,0.515625,0.0707710450515151,0.62642862200737,0.185546875,0.28074680380523204,0.9168711572885513,0.03137257695198059,0.02156489617191255,0.6128250926733017,0.24962906427681447,0.17885801922529937,0.16632988750934596,nan,0.0,0.0390625,0.37255510000977665,1
22,220,7612,0.1675568181818182,2560,0.9919944077730178,0.647265625,0.0027164806611835956,0.5483712762594223,0.15859375,0.06311896620318294,0.9098977655172348,0.03137257695198059,0.026777174975723027,0.6422829985618591,0.11298302356153726,0.11026654290035366,0.16632988750934596,nan,0.0,0.0,0.3704352999920957,0
22,240,7632,0.16642045454545454,2560,1.2706914961338043,0.533203125,0.05356486062519252,0.5824089288711548,0.202734375,0.32235896661877633,0.9135383784770965,0.03137257695198059,0.027019616775214673,0.6327451646327973,0.1058736288920045,0.052308768266811974,0.16632988750934596,nan,0.0,0.0625,0.36925580000388436,0
22,260,7652,0.16528409090909094,2560,1.4233705520629882,0.4671875,0.1312329954933375,0.6207098871469497,0.2015625,0.34938484281301496,0.9184115290641784,0.03137257695198059,0.03524450305849314,0.6758206218481064,0.0707710450515151,-0.0604619504418224,0.16632988750934596,nan,0.0,0.28125,0.37347389999195,0
22,280,7672,0.16414772727272725,2560,1.1065463364124297,0.59453125,0.0505573570728302,0.5658859491348267,0.13125,0.16622404232621193,0.914092144370079,0.03137257695198059,0.03509025676175952,0.66752410531044,0.0707710450515151,0.020213687978684905,0.16632988750934596,nan,0.0,nan,0.0,0
22,300,7692,0.16301136363636365,2560,0.8918866008520127,0.675,0.02301600172650069,0.5233822032809258,0.166015625,0.011034698504954577,0.9119292169809341,0.03137257695198059,0.040419498831033705,0.6953776448965072,0.05356486062519252,0.03054885889869183,0.16632988750934596,nan,0.0,nan,0.0,0
22,320,7712,0.161875,2560,1.2573590457439423,0.533203125,0.0021896598162129523,0.544368639588356,0.171484375,0.23107041399925948,0.9151499599218369,0.03137257695198059,0.030351644102483987,0.659134966135025,0.0505573570728302,0.04836769725661724,0.16632988750934596,nan,0.0,nan,0.0,0
22,340,7732,0.1607386363636364,2560,1.0898845106363297,0.590625,0.023604360688477755,0.55110844373703,0.160546875,0.16551490696147084,0.9148376733064651,0.03137257695198059,0.03349082674831152,0.6601827710866928,0.0505573570728302,0.026952996384352442,0.16632988750934596,nan,0.0,0.0,0.3799389999912819,0
22,352,7744,0.16005681818181816,1480,0.8234936324325768,0.710135136101697,0.0156095765128329,0.5067451206413476,0.15878378354214334,-0.0038514067595069473,0.9127287677816442,0.03137257695198059,0.03715360903659382,0.6850887565999417,0.023604360688477755,0.007994784175644856,0.16632988750934596,nan,0.0,nan,0.0,0
23,20,7764,0.15892045454545456,2560,0.9553346902132034,0.655078125,0.00814468360040337,0.5290404185652733,0.18671875,0.03920425390824676,0.9103728204965591,0.03137257695198059,0.029343656823039056,0.6528061538934707,0.02301600172650069,0.014871318126097322,0.16632988750934596,nan,0.0,nan,0.0,0
23,40,7784,0.15778409090909087,2560,1.0724848240613938,0.609765625,0.016134110221173614,0.5512265741825104,0.16171875,0.2486939959228039,0.9174540311098098,0.03137257695198059,0.028132400941103697,0.6524912923574447,0.0156095765128329,-0.0005245337083407148,0.16632988750934596,nan,0.0,nan,0.0,0
23,60,7804,0.15664772727272727,2560,0.908082389831543,0.671875,0.007234985195100308,0.514352947473526,0.164453125,0.03730736719444394,0.9159245967864991,0.03137257695198059,0.03261392815038562,0.6745604515075684,0.0156095765128329,0.008374591317732591,0.16632988750934596,nan,0.0,nan,0.0,0
23,80,7824,0.15551136363636361,2560,0.8693506240844726,0.694921875,0.0037245869752950966,0.5221491664648056,0.17265625,0.02651059036143124,0.9133850306272506,0.03137257695198059,0.036098528653383255,0.6765696287155152,0.0156095765128329,0.011884989537537803,0.16632988750934596,nan,0.0,0.0,0.3707315999927232,0
23,100,7844,0.154375,2560,0.7270747870206833,0.743359375,0.016899081028532235,0.5136965602636338,0.209375,-0.2164903564378619,0.9114059686660767,0.03137257695198059,0.03902791272848845,0.6918584495782852,0.00814468360040337,-0.008754397428128866,0.16632988750934596,nan,0.0,nan,0.0,0
23,120,7864,0.15323863636363635,2560,0.825435471534729,0.71640625,0.012883787276223302,0.5087859019637108,0.23203125,-0.1690401474479586,0.9137770593166351,0.03137257695198059,0.03533687861636281,0.6769834637641907,0.00814468360040337,-0.004739103675819933,0.16632988750934596,nan,0.0,nan,0.0,0
23,140,7884,0.15210227272727275,2560,0.7150165259838104,0.76015625,0.0019331717281602322,0.5008389949798584,0.212890625,-0.20559145316947253,0.9153277218341828,0.03137257695198059,0.04391714204102755,0.7103367954492569,0.012883787276223302,0.01095061554806307,0.16632988750934596,nan,0.0,nan,0.0,0
23,160,7904,0.15096590909090907,2560,0.9006111294031143,0.690625,0.018362684384919704,0.5095306530594825,0.23984375,-0.17794059747830032,0.9159223139286041,0.03137257695198059,0.04096902459859848,0.6970132768154145,0.007234985195100308,-0.011127699189819398,0.16632988750934596,nan,0.0,nan,0.0,0
23,180,7924,0.14982954545454547,2560,1.0267004907131194,0.643359375,0.009405924042221158,0.526732274889946,0.202734375,0.0202533470466733,0.9143790125846862,0.03137257695198059,0.03976040687412023,0.687797662615776,0.012883787276223302,0.0034778632340021435,0.16632988750934596,nan,0.0,0.0,0.37498359999153763,0
23,200,7944,0.1486931818181818,2560,0.8170053720474243,0.716015625,0.006350888323504477,0.510593681037426,0.1984375,-0.07673190837958828,0.9134732753038406,0.03137257695198059,0.04157579652965069,0.700510847568512,0.012883787276223302,0.0065328989527188245,0.16632988750934596,nan,0.0,nan,0.0,0
23,220,7964,0.1475568181818182,2560,0.7923177748918533,0.729296875,-0.005554204212967306,0.5132141217589379,0.186328125,-0.13139682868495584,0.9153679072856903,0.03137257695198059,0.037891864962875846,0.6928015679121018,0.009405924042221158,0.014960128255188464,0.16632988750934596,nan,0.0,nan,0.0,0
23,240,7984,0.14642045454545452,2560,0.7401774942874908,0.7484375,-0.001866452640388161,0.5037520200014114,0.16328125,-0.030129746091552077,0.913547033071518,0.03137257695198059,0.04379709362983704,0.715487402677536,0.006350888323504477,0.008217340963892638,0.16632988750934596,nan,0.0,nan,0.0,0
23,260,8004,0.14528409090909092,2560,0.8727018237113953,0.702734375,-0.010027190728578717,0.5051756724715233,0.174609375,-0.024102904507890342,0.9118646144866943,0.03137257695198059,0.048636936396360395,0.7252281069755554,0.006350888323504477,0.016378079052083196,0.16632988750934596,nan,0.0,nan,0.0,0
23,280,8024,0.14414772727272726,2560,0.9300554394721985,0.677734375,-0.008530181227251887,0.5149330332875252,0.1625,0.031712282076478006,0.9143090814352035,0.03137257695198059,0.04360244236886501,0.7090116024017334,-0.001866452640388161,0.006663728586863726,0.16632988750934596,nan,0.0,0.0,0.3751631000050111,0
23,300,8044,0.14301136363636366,2560,0.7703781932592392,0.7296875,-0.0087516724714078,0.509277617931366,0.169921875,-0.029727048659697174,0.9113287836313247,0.03137257695198059,0.04404156468808651,0.709667107462883,-0.005554204212967306,0.003197468258440494,0.16632988750934596,nan,0.0,nan,0.0,0
23,320,8064,0.141875,2560,0.8701860725879669,0.702734375,-0.012707247235812246,0.512096805870533,0.16171875,0.03649833728559315,0.9136141628026963,0.03137257695198059,0.037489272095263,0.6916214317083359,-0.008530181227251887,0.004177066008560359,0.16632988750934596,nan,0.0,nan,0.0,0
23,340,8084,0.1407386363636364,2560,0.7960095673799514,0.717578125,-0.013891192153096199,0.5124813228845596,0.152734375,0.03413776289671659,0.9138593226671219,0.03137257695198059,0.04013710301369429,0.6991414487361908,-0.0087516724714078,0.005139519681688399,0.16632988750934596,nan,0.0,nan,0.0,0
23,352,8096,0.14005681818181817,1480,0.8272696076212702,0.7101351354573224,0.017600325404389484,0.5125809640497775,0.09932432448541796,0.12896649599880786,0.913680911064148,0.03137257695198059,0.05010336468348632,0.7306549336459186,-0.010027190728578717,-0.0276275161329682,0.16632988750934596,nan,0.0,nan,0.0,0
24,20,8116,0.13892045454545457,2560,0.7499837130308151,0.724609375,-0.003406160301528871,0.4995810344815254,0.1296875,0.012649052403867244,0.9119177639484406,0.03137257695198059,0.05077290702611208,0.7343196898698807,-0.0087516724714078,-0.005345512169878929,0.16632988750934596,nan,0.0,0.0078125,0.37662599999748636,0
24,40,8136,0.13778409090909088,2560,0.7030440360307694,0.764453125,0.0068697120063006874,0.5071504130959511,0.11328125,0.029421648103743793,0.9147117882966995,0.03137257695198059,0.04913212992250919,0.7323599845170975,-0.0087516724714078,-0.015621384477708488,0.16632988750934596,nan,0.0,nan,0.0,0
24,60,8156,0.13664772727272728,2560,0.7462853163480758,0.741015625,0.010102668381296098,0.512080405652523,0.1375,0.021594035159796476,0.9131739467382431,0.03137257695198059,0.04042439237236976,0.710200360417366,-0.003406160301528871,-0.013508828682824969,0.16632988750934596,nan,0.0,nan,0.0,0
24,80,8176,0.13551136363636362,2560,0.5967618882656097,0.7984375,0.004473718017106876,0.5082079723477364,0.169921875,-0.16522911712527275,0.9143065363168716,0.03137257695198059,0.03744183648377657,0.7022992849349976,0.0068697120063006874,0.002395993989193812,0.16632988750934596,nan,0.0,nan,0.0,0
24,100,8196,0.13437500000000002,2560,0.4697836399078369,0.844140625,0.0033464533276855945,0.49969419836997986,0.20078125,-0.28449984863400457,0.9130916833877564,0.03137257695198059,0.035447001829743384,0.7022264689207077,0.0068697120063006874,0.003523258678615093,0.16632988750934596,nan,0.0,nan,0.0,0
24,120,8216,0.13323863636363634,2560,0.5444116592407227,0.8109375,0.005456415202934295,0.5067854776978493,0.194140625,-0.24360593780875206,0.9144558101892472,0.03137257695198059,0.03402408687397838,0.7001760274171829,0.004473718017106876,-0.0009826971858274197,0.16632988750934596,nan,0.0,0.0,0.3759935999987647,0
24,140,8236,0.13210227272727273,2560,0.5426533430814743,0.816015625,0.0036104107974097134,0.5100488156080246,0.1921875,-0.2724243862554431,0.9102836817502975,0.03137257695198059,0.0322877237573266,0.6978496432304382,0.005456415202934295,0.0018460044055245818,0.16632988750934596,nan,0.0,nan,0.0,0
24,160,8256,0.13096590909090908,2560,0.7559297919273377,0.751953125,0.008183594059664756,0.5099795192480088,0.17578125,-0.07130590081214905,0.9140859156847,0.03137257695198059,0.028911367058753967,0.6797725915908813,0.004473718017106876,-0.003709876042557881,0.16632988750934596,nan,0.0,nan,0.0,0
24,180,8276,0.12982954545454548,2560,0.5764587610960007,0.815234375,0.005609120684675872,0.5070311352610588,0.1859375,-0.2194523938000202,0.9141093164682388,0.03137257695198059,0.03443817812949419,0.7006164520978928,0.004473718017106876,-0.0011354026675689964,0.16632988750934596,nan,0.0,nan,0.0,0
24,200,8296,0.12869318181818182,2560,0.5875178903341294,0.80625,-0.007664278050651774,0.51122005879879,0.215625,-0.270238646492362,0.9138492792844772,0.03137257695198059,0.029598420672118663,0.6918080300092697,0.005456415202934295,0.013120693253586068,0.16632988750934596,nan,0.0,nan,0.0,0
24,220,8316,0.12755681818181822,2560,0.5546469628810883,0.82421875,-0.0006390561698935926,0.5005991786718369,0.215234375,-0.28970425873994826,0.9126823663711547,0.03137257695198059,0.032453966699540614,0.6987690269947052,0.005456415202934295,0.006095471372827888,0.16632988750934596,nan,0.0,0.0,0.36980689999472816,0
24,240,8336,0.12642045454545453,2560,0.5843582704663277,0.808203125,0.010824796900851651,0.5093448787927628,0.25625,-0.3367327056825161,0.9143093377351761,0.03137257695198059,0.02858774848282337,0.6877018064260483,0.0036104107974097134,-0.007214386103441938,0.16632988750934596,nan,0.0,nan,0.0,0
24,260,8356,0.12528409090909093,2560,0.46984718143939974,0.85390625,0.0008746301056817174,0.5067342281341553,0.2265625,-0.3556895971298218,0.9163719356060028,0.03137257695198059,0.027540905214846135,0.6823783189058303,0.005609120684675872,0.004734490578994155,0.16632988750934596,nan,0.0,nan,0.0,0
24,280,8376,0.12414772727272727,2560,0.4760890886187553,0.847265625,0.0026954007538734005,0.5092008098959923,0.220703125,-0.36665976122021676,0.9138556391000747,0.03137257695198059,0.028516808804124594,0.694047424197197,0.0008746301056817174,-0.001820770648191683,0.16632988750934596,nan,0.0,nan,0.0,0
24,300,8396,0.12301136363636367,2560,0.4983942374587059,0.837890625,0.004808224650332704,0.5074727565050126,0.24140625,-0.41983733475208285,0.9128040462732315,0.03137257695198059,0.03199158748611808,0.7021221846342087,0.0008746301056817174,-0.003933594544650987,0.16632988750934596,nan,0.0,nan,0.0,0
24,320,8416,0.121875,2560,0.5209256544709205,0.826171875,0.005997759464662522,0.5024898692965507,0.233203125,-0.37756050303578376,0.9136899530887603,0.03137257695198059,0.028903322760015726,0.6897972106933594,0.0026954007538734005,-0.0033023587107891216,0.16632988750934596,nan,0.0,0.0,0.3734036000096239,0
24,340,8436,0.12073863636363633,2560,0.45989833772182465,0.85234375,0.01027773431269452,0.509858338534832,0.240234375,-0.4198674887418747,0.9139334559440613,0.03137257695198059,0.03139277761802077,0.7007218331098557,0.004808224650332704,-0.005469509662361816,0.16632988750934596,nan,0.0,nan,0.0,0
24,352,8448,0.12005681818181817,1480,0.4330154600981119,0.8567567561123822,0.004455469825581924,0.5001414357004939,0.2304054057275927,-0.4347082495689392,0.9125653402225391,0.03137257695198059,0.03489374882868818,0.710331676135192,0.004808224650332704,0.0003527548247507801,0.16632988750934596,nan,0.0,nan,0.0,0
25,20,8468,0.11892045454545457,2560,0.5631712466478348,0.813671875,0.005986371135804802,0.5029157102108002,0.237890625,-0.36789810955524443,0.9137928187847137,0.03137257695198059,0.032245059963315725,0.6991243541240693,0.004808224650332704,-0.001178146485472098,0.16632988750934596,nan,0.0,nan,0.0,0
25,40,8488,0.1177840909090909,2560,0.45629204660654066,0.8484375,0.006909357279073447,0.5102509930729866,0.2265625,-0.3462876483798027,0.9126709192991257,0.03137257695198059,0.024966918956488372,0.6796161949634552,0.005986371135804802,-0.000922986143268645,0.16632988750934596,nan,0.0,nan,0.0,0
25,60,8508,0.11664772727272729,2560,0.42931336015462873,0.8609375,0.007412807247601449,0.5066136837005615,0.243359375,-0.44802370816469195,0.9127511531114578,0.03137257695198059,0.023541424609720706,0.6738674342632294,0.005997759464662522,-0.0014150477829389272,0.16632988750934596,nan,0.0,0.0,0.36948730000585783,0
25,80,8528,0.11551136363636362,2560,0.40050781294703486,0.873046875,0.008108997286763042,0.5116045832633972,0.2421875,-0.4500558838248253,0.9112224817276001,0.03137257695198059,0.029022236820310354,0.6953261286020279,0.006909357279073447,-0.0011996400076895947,0.16632988750934596,nan,0.0,nan,0.0,0
25,100,8548,0.11437500000000002,2560,0.38707660883665085,0.87421875,0.012758197245420887,0.5029925152659416,0.23671875,-0.4644868612289429,0.9120954036712646,0.03137257695198059,0.02691959571093321,0.6825285345315933,0.006909357279073447,-0.00584883996634744,0.16632988750934596,nan,0.0,nan,0.0,0
25,120,8568,0.11323863636363635,2560,0.3852417692542076,0.875,0.006182315968908369,0.5087055370211602,0.235546875,-0.45699682533741,0.9114484339952469,0.03137257695198059,0.027312446758151053,0.6883012652397156,0.007412807247601449,0.0012304912786930801,0.16632988750934596,nan,0.0,nan,0.0,0
25,140,8588,0.11210227272727276,2560,0.3767573103308678,0.8796875,0.001265116548165679,0.4972300365567207,0.247265625,-0.49359740018844606,0.9146264642477036,0.03137257695198059,0.030768779385834933,0.6968861579895019,0.007412807247601449,0.0061476906994357705,0.16632988750934596,nan,0.0,nan,0.0,0
25,160,8608,0.11096590909090909,2560,0.35070133954286575,0.891796875,0.011506070196628571,0.5070111736655235,0.232421875,-0.4489369384944439,0.9148502498865128,0.03137257695198059,0.03352512335404754,0.7048493772745132,0.007412807247601449,-0.004093262949027122,0.16632988750934596,nan,0.0,0.0,0.37323270000342745,0
25,180,8628,0.10982954545454549,2560,0.37327083498239516,0.884375,0.00894679978955537,0.5001115322113037,0.2203125,-0.45649089068174364,0.9137895107269287,0.03137257695198059,0.031316456757485865,0.7001529514789582,0.008108997286763042,-0.0008378025027923289,0.16632988750934596,nan,0.0,nan,0.0,0
25,200,8648,0.10869318181818181,2560,0.3359773963689804,0.891015625,0.003988879348617047,0.5025400921702385,0.258203125,-0.5661913737654686,0.9145057827234269,0.03137257695198059,0.034730846993625164,0.7108936011791229,0.00894679978955537,0.004957920440938323,0.16632988750934596,nan,0.0,nan,0.0,0
25,220,8668,0.10755681818181821,2560,0.3112467139959335,0.90390625,0.006732309295330197,0.5072267055511475,0.24375,-0.536132450401783,0.9144401699304581,0.03137257695198059,0.03671902511268854,0.7149594455957413,0.006182315968908369,-0.0005499933264218274,0.16632988750934596,nan,0.0,nan,0.0,0
25,240,8688,0.10642045454545454,2560,0.31040106490254404,0.897265625,0.0017267869843635708,0.5038485303521156,0.24609375,-0.5837793469429016,0.9156527400016785,0.03137257695198059,0.03639949336647987,0.7171295493841171,0.006732309295330197,0.005005522310966626,0.16632988750934596,nan,0.0,nan,0.0,0
25,260,8708,0.10528409090909087,2560,0.38182597905397414,0.868359375,0.006400623463559896,0.5006792843341827,0.25390625,-0.5523085132241249,0.9157584100961685,0.03137257695198059,0.038111887872219086,0.718952989578247,0.006732309295330197,0.00033168583177030104,0.16632988750934596,nan,0.0,0.0,0.37528870000096504,0
25,280,8728,0.10414772727272727,2560,0.3583174079656601,0.883984375,0.00247861270327121,0.4990366742014885,0.2453125,-0.5551345527172089,0.9136310786008834,0.03137257695198059,0.03347947020083666,0.7056746661663056,0.006400623463559896,0.003922010760288685,0.16632988750934596,nan,0.0,nan,0.0,0
25,300,8748,0.10301136363636361,2560,0.3772719010710716,0.88125,0.014552377187646926,0.5087983623147011,0.225390625,-0.477947036921978,0.9132002741098404,0.03137257695198059,0.031086076889187096,0.700265446305275,0.003988879348617047,-0.010563497839029878,0.16632988750934596,nan,0.0,nan,0.0,0
25,320,8768,0.10187500000000001,2560,0.3822553440928459,0.875390625,0.003706426767166704,0.5002299129962922,0.25859375,-0.5115093126893043,0.9149844110012054,0.03137257695198059,0.03231999045237899,0.7031390339136123,0.006400623463559896,0.0026941966963931916,0.16632988750934596,nan,0.0,nan,0.0,0
25,340,8788,0.10073863636363634,2560,0.35029255151748656,0.888671875,0.006782543926965446,0.5035041928291321,0.259765625,-0.5192898005247116,0.9146137446165085,0.03137257695198059,0.034128366596996786,0.7098249882459641,0.003706426767166704,-0.0030761171597987417,0.16632988750934596,nan,0.0,nan,0.0,0
25,352,8800,0.10005681818181818,1480,0.30939312561138255,0.9054054050832181,0.015419474712296112,0.5061635779367911,0.2391891891891892,-0.5569832189663037,0.9130795846114288,0.03137257695198059,0.034547992131194555,0.7069359847017237,0.006400623463559896,-0.009018851248736217,0.16632988750934596,nan,0.0,0.0,0.37977040000259876,0
26,20,8820,0.09892045454545458,2560,0.3766894094645977,0.878125,0.007229497982189059,0.4993070110678673,0.248828125,-0.5162802934646606,0.9141767054796219,0.03137257695198059,0.03553919121623039,0.7100410968065262,0.006782543926965446,-0.0004469540552236133,0.16632988750934596,nan,0.0,nan,0.0,0
26,40,8840,0.0977840909090909,2560,0.3796380259096622,0.87890625,0.01495888156350702,0.5059503108263016,0.259765625,-0.5713302731513977,0.9150988459587097,0.03137257695198059,0.030766854528337717,0.6944809198379517,0.007229497982189059,-0.007729383581317962,0.16632988750934596,nan,0.0,nan,0.0,0
26,60,8860,0.0966477272727273,2560,0.35505229979753494,0.885546875,0.00884195655817166,0.5034399822354316,0.239453125,-0.4812720835208893,0.9138644099235534,0.03137257695198059,0.029639840871095658,0.6942587792873383,0.007229497982189059,-0.0016124585759826008,0.16632988750934596,nan,0.0,nan,0.0,0
26,80,8880,0.09551136363636363,2560,0.347032231092453,0.883203125,0.014486415078863502,0.5038545161485672,0.2328125,-0.48891686648130417,0.9154559046030044,0.03137257695198059,0.02712176786735654,0.684654513001442,0.00884195655817166,-0.005644458520691842,0.16632988750934596,nan,0.0,nan,0.0,0
26,100,8900,0.09437500000000003,2560,0.3739572525024414,0.874609375,0.0037299517076462506,0.5052372112870216,0.2359375,-0.46267041116952895,0.9159833490848541,0.03137257695198059,0.031025896687060593,0.700083565711975,0.014486415078863502,0.01075646337121725,0.16632988750934596,nan,0.0,0.0,0.37842320000345353,0
26,120,8920,0.09323863636363636,2560,0.32986196875572205,0.89296875,0.015357623400632292,0.501613761484623,0.258203125,-0.5358012408018112,0.9145169764757156,0.03137257695198059,0.03032613331452012,0.7001958101987839,0.00884195655817166,-0.006515666842460632,0.16632988750934596,nan,0.0,nan,0.0,0
26,140,8940,0.09210227272727275,2560,0.4224791765213013,0.8609375,0.00818440472939983,0.5047466412186623,0.219140625,-0.42860462218523027,0.9119264155626297,0.03137257695198059,0.02985271392390132,0.6951092898845672,0.014486415078863502,0.006302010349463672,0.16632988750934596,nan,0.0,nan,0.0,0
26,160,8960,0.09096590909090908,2560,0.39140363708138465,0.871484375,0.007205529045313597,0.5001224637031555,0.2328125,-0.4417409222573042,0.9127817928791047,0.03137257695198059,0.027470676228404045,0.6859648764133454,0.00884195655817166,0.0016364275128580626,0.16632988750934596,nan,0.0,nan,0.0,0
26,180,8980,0.08982954545454543,2560,0.3143639460206032,0.89765625,0.011083450351725333,0.5090896725654602,0.2453125,-0.54183269739151,0.913429656624794,0.03137257695198059,0.02781135542318225,0.6891811281442642,0.00818440472939983,-0.002899045622325503,0.16632988750934596,nan,0.0,nan,0.0,0
26,200,9000,0.08869318181818182,2560,0.42535206824541094,0.862109375,0.0027479561395011842,0.5114252910017967,0.262109375,-0.4811895713210106,0.9141562342643738,0.03137257695198059,0.02520311651751399,0.6806688398122788,0.00818440472939983,0.0054364485898986455,0.16632988750934596,nan,0.0,0.0,0.3708416000008583,0
26,220,9020,0.08755681818181815,2560,0.6348673447966575,0.784765625,-0.0008714752038940787,0.5022991344332695,0.21796875,-0.19147755317389964,0.9150807857513428,0.03137257695198059,0.023945267125964165,0.6745370298624038,0.00818440472939983,0.009055879933293908,0.16632988750934596,nan,0.0,nan,0.0,0
26,240,9040,0.08642045454545455,2560,0.5239975690841675,0.824609375,0.00640741161769256,0.49697343409061434,0.2203125,-0.2746673058718443,0.9127548456192016,0.03137257695198059,0.027995609492063523,0.6808468669652938,0.007205529045313597,0.0007981174276210368,0.16632988750934596,nan,0.0,nan,0.0,0
26,260,9060,0.08528409090909088,2560,0.41817588433623315,0.867578125,0.012968335195910185,0.5066482678055764,0.230078125,-0.3910692475736141,0.9147388726472855,0.03137257695198059,0.02750074667856097,0.6830174833536148,0.00640741161769256,-0.006560923578217625,0.16632988750934596,nan,0.0,nan,0.0,0
26,280,9080,0.08414772727272728,2560,0.3730809986591339,0.874609375,0.0054023461882025,0.5021939724683762,0.215625,-0.3883535206317902,0.9140339106321335,0.03137257695198059,0.028199160937219858,0.6867525339126587,0.00640741161769256,0.0010050654294900601,0.16632988750934596,nan,0.0,nan,0.0,0
26,300,9100,0.0830113636363636,2560,0.4043047413229942,0.8703125,0.013567541190423072,0.5148013010621071,0.226953125,-0.412557452917099,0.9139091700315476,0.03137257695198059,0.023378996644169092,0.666175302863121,0.0054023461882025,-0.008165195002220571,0.16632988750934596,nan,0.0,0.0,0.37381200000527315,0
26,320,9120,0.081875,2560,0.5013050884008408,0.83515625,-0.00043912901310250163,0.5070394083857537,0.223828125,-0.32883616015315054,0.9143318414688111,0.03137257695198059,0.021289221663028,0.6632880210876465,0.00640741161769256,0.006846540630795062,0.16632988750934596,nan,0.0,nan,0.0,0
26,340,9140,0.08073863636363633,2560,0.5089053988456727,0.838671875,0.007025343837449327,0.5178809016942978,0.24140625,-0.3622864753007889,0.9109133571386338,0.03137257695198059,0.02026689760386944,0.6525423109531403,0.00640741161769256,-0.0006179322197567665,0.16632988750934596,nan,0.0,nan,0.0,0
26,352,9152,0.08005681818181817,1480,0.7219552104537551,0.7608108114551854,0.012412351450404605,0.5154079324490315,0.22770270278324953,-0.05151620974411836,0.9140550423312832,0.03137257695198059,0.02280577927626468,0.660691105675053,0.007025343837449327,-0.005387007612955278,0.16632988750934596,nan,0.0,nan,0.0,0
27,20,9172,0.07892045454545457,2560,0.6122580707073212,0.78984375,0.0018577220384031535,0.5097943782806397,0.23359375,-0.23749458603560925,0.9155414760112762,0.03137257695198059,0.025553066935390233,0.6697038739919663,0.007025343837449327,0.005167621799046174,0.16632988750934596,nan,0.0,nan,0.0,0
27,40,9192,0.0777840909090909,2560,0.6448094874620438,0.784375,0.008207262540236116,0.4925195187330246,0.196484375,-0.11959120715036989,0.9127950161695481,0.03137257695198059,0.02344673005864024,0.6635195136070251,0.007025343837449327,-0.0011819187027867894,0.16632988750934596,nan,0.0,0.0,0.3852437000023201,0
27,60,9212,0.07664772727272724,2560,0.3438529632985592,0.896484375,-0.0006656085723079741,0.5013811841607094,0.254296875,-0.46810083985328677,0.9129725337028504,0.03137257695198059,0.0273591635748744,0.6781514883041382,0.007025343837449327,0.007690952409757301,0.16632988750934596,nan,0.0,nan,0.0,0
27,80,9232,0.07551136363636364,2560,0.26663182601332663,0.917578125,0.01475438110064715,0.5049082607030868,0.23203125,-0.472540844976902,0.9139370173215866,0.03137257695198059,0.027231743279844522,0.676871994137764,0.007025343837449327,-0.007729037263197824,0.16632988750934596,nan,0.0,nan,0.0,0
27,100,9252,0.07437499999999997,2560,0.28198997750878335,0.918359375,0.01836015068984125,0.5021946087479592,0.21640625,-0.47651070952415464,0.9147784143686295,0.03137257695198059,0.027190559543669224,0.6816407650709152,0.008207262540236116,-0.010152888149605133,0.16632988750934596,nan,0.0,nan,0.0,0
27,120,9272,0.07323863636363637,2560,0.24706561639904975,0.916015625,0.012878951581660658,0.5036088466644287,0.237109375,-0.5519688718020916,0.9130181789398193,0.03137257695198059,0.025726312026381492,0.6766629368066788,0.008207262540236116,-0.004671689041424542,0.16632988750934596,nan,0.0,nan,0.0,0
27,140,9292,0.0721022727272727,2560,0.2808119349181652,0.90546875,0.012833350826986134,0.5024159923195839,0.230859375,-0.5209833323955536,0.915637093782425,0.03137257695198059,0.02691258564591408,0.6826470226049424,0.012878951581660658,4.560075467452407e-05,0.16632988750934596,nan,0.0,0.0,0.37178500001027714,0
27,160,9312,0.0709659090909091,2560,0.29781271070241927,0.90859375,0.016034085676074027,0.5156077235937119,0.23203125,-0.5048412680625916,0.9126205623149872,0.03137257695198059,0.027270146086812018,0.6847596079111099,0.012878951581660658,-0.003155134094413368,0.16632988750934596,nan,0.0,nan,0.0,0
27,180,9332,0.06982954545454542,2560,0.4307736337184906,0.866796875,-0.005528409528778866,0.4889790967106819,0.216796875,-0.31664848923683164,0.9143966943025589,0.03137257695198059,0.028980411868542433,0.6921165287494659,0.01475438110064715,0.020282790629426017,0.16632988750934596,nan,0.0,nan,0.0,0
27,200,9352,0.06869318181818182,2560,0.48035197108983996,0.846484375,0.015344287164043634,0.516819404065609,0.20703125,-0.24946731571108102,0.9140211969614029,0.03137257695198059,0.031037127133458853,0.6997312068939209,0.012878951581660658,-0.002465335582382976,0.16632988750934596,nan,0.0,nan,0.0,0
27,220,9372,0.06755681818181815,2560,0.5436407163739204,0.80859375,-0.0015362581296358257,0.4916029706597328,0.185546875,-0.16357184257358312,0.9137267023324966,0.03137257695198059,0.028797335177659988,0.6909676432609558,0.012878951581660658,0.014415209711296484,0.16632988750934596,nan,0.0,nan,0.0,0
27,240,9392,0.06642045454545455,2560,0.30989798828959464,0.898046875,-0.007725858787307516,0.5027346462011337,0.240234375,-0.42605471312999726,0.9124646693468094,0.03137257695198059,0.028015521448105575,0.6876501679420471,0.012833350826986134,0.02055920961429365,0.16632988750934596,nan,0.0,0.0,0.37285409998730756,0
27,260,9412,0.06528409090909089,2560,0.2630338676273823,0.9171875,0.007755970198195428,0.5017641842365265,0.2359375,-0.512092150747776,0.9112466365098953,0.03137257695198059,0.027066017780452967,0.6868428081274033,-0.0015362581296358257,-0.009292228327831253,0.16632988750934596,nan,0.0,nan,0.0,0
27,280,9432,0.06414772727272729,2560,0.25041511878371236,0.923828125,0.00030639912001788615,0.498867304623127,0.23984375,-0.5275846570730209,0.9151601403951645,0.03137257695198059,0.02973824944347143,0.6955649822950363,-0.0015362581296358257,-0.001842657249653712,0.16632988750934596,nan,0.0,nan,0.0,0
27,300,9452,0.06301136363636362,2560,0.23425304740667344,0.920703125,0.013962731932406314,0.5030974224209785,0.234765625,-0.5520910590887069,0.9140589565038681,0.03137257695198059,0.02951294742524624,0.6991110771894455,0.00030639912001788615,-0.013656332812388428,0.16632988750934596,nan,0.0,nan,0.0,0
27,320,9472,0.06187500000000001,2560,0.22291358150541782,0.930078125,0.004943936178460717,0.49913051873445513,0.2078125,-0.4855882108211517,0.9151610285043716,0.03137257695198059,0.03019846584647894,0.7021434634923935,0.00030639912001788615,-0.004637537058442831,0.16632988750934596,nan,0.0,nan,0.0,0
27,340,9492,0.06073863636363634,2560,0.24294859617948533,0.9234375,0.010266814241185784,0.502006682753563,0.206640625,-0.4767330586910248,0.9139166742563247,0.03137257695198059,0.030136223882436752,0.701276496052742,0.004943936178460717,-0.005322878062725067,0.16632988750934596,nan,0.0,0.0,0.3726235999929486,0
27,352,9504,0.06005681818181818,1480,0.25703767562234725,0.9162162178271526,0.012252120905228564,0.5004282503514677,0.20270270278324953,-0.44887722585652323,0.9160862503825007,0.03137257695198059,0.02841699910727707,0.6955660861891669,0.007755970198195428,-0.004496150707033136,0.16632988750934596,nan,0.0,nan,0.0,0
28,20,9524,0.05892045454545451,2560,0.2239752046763897,0.928125,0.014891649520723148,0.5041525706648826,0.19765625,-0.4405104838311672,0.9129454493522644,0.03137257695198059,0.026666890643537045,0.6875792771577836,0.010266814241185784,-0.0046248352795373645,0.16632988750934596,nan,0.0,nan,0.0,0
28,40,9544,0.05778409090909091,2560,0.2025700595229864,0.934375,-0.00200408028322272,0.500766259431839,0.1984375,-0.49249954521656036,0.9140316218137741,0.03137257695198059,0.025871956255286932,0.6833541870117188,0.012252120905228564,0.014256201188451284,0.16632988750934596,nan,0.0,nan,0.0,0
28,60,9564,0.05664772727272724,2560,0.2131458766758442,0.928515625,0.006873214559163898,0.4995650082826614,0.221484375,-0.5604622766375542,0.9140899837017059,0.03137257695198059,0.02540237745270133,0.6811069160699844,0.010266814241185784,0.0033935996820218858,0.16632988750934596,nan,0.0,nan,0.0,0
28,80,9584,0.05551136363636364,2560,0.1808218352496624,0.944140625,0.011433835630305112,0.504155370593071,0.215625,-0.5066452130675316,0.913105919957161,0.03137257695198059,0.026781944558024406,0.6860443234443665,0.010266814241185784,-0.0011670213891193278,0.16632988750934596,nan,0.0,0.0,0.37283589999424294,0
28,100,9604,0.05437499999999997,2560,0.188723236694932,0.942578125,0.012725486146518961,0.5004797771573066,0.2171875,-0.5648199498653412,0.9155409663915635,0.03137257695198059,0.025399076100438834,0.6804863303899765,0.011433835630305112,-0.0012916505162138495,0.16632988750934596,nan,0.0,nan,0.0,0
28,120,9624,0.05323863636363637,2560,0.1674595594406128,0.949609375,0.013230225979350507,0.507779449224472,0.205859375,-0.5286882475018502,0.9129356563091278,0.03137257695198059,0.024112365301698448,0.6762684673070908,0.011433835630305112,-0.0017963903490453952,0.16632988750934596,nan,0.0,nan,0.0,0
28,140,9644,0.0521022727272727,2560,0.18217106238007547,0.939453125,0.01123418405186385,0.5009656369686126,0.21328125,-0.48886131048202514,0.9170686274766922,0.03137257695198059,0.025205095764249563,0.679592388868332,0.011433835630305112,0.00019965157844126225,0.16632988750934596,nan,0.0,nan,0.0,0
28,160,9664,0.050965909090909096,2560,0.20035371147096157,0.936328125,0.00812800454441458,0.5024097621440887,0.20234375,-0.4948533922433853,0.9129183709621429,0.03137257695198059,0.02565587405115366,0.6824041724205017,0.011433835630305112,0.003305831085890531,0.16632988750934596,nan,0.0,nan,0.0,0
28,180,9684,0.04982954545454543,2560,0.2003390185534954,0.935546875,0.010107309051090852,0.5019901439547538,0.2,-0.49460790306329727,0.9135250329971314,0.03137257695198059,0.025366576109081506,0.6817031294107437,0.011433835630305112,0.0013265265792142596,0.16632988750934596,nan,0.0,0.0,0.3716922999883536,0
28,200,9704,0.04869318181818183,2560,0.24266086593270303,0.925390625,0.015074866241775453,0.5128966212272644,0.1921875,-0.4474276065826416,0.9149821162223816,0.03137257695198059,0.025519394781440496,0.6845287978649139,0.01123418405186385,-0.0038406821899116036,0.16632988750934596,nan,0.0,nan,0.0,0
28,220,9724,0.04755681818181816,2560,0.2674476630985737,0.912890625,-0.000280844874214381,0.49817162603139875,0.201953125,-0.43459274917840957,0.9134492427110672,0.03137257695198059,0.025586188584566117,0.6850329339504242,0.01123418405186385,0.01151502892607823,0.16632988750934596,nan,0.0,nan,0.0,0
28,240,9744,0.046420454545454556,2560,0.30440621748566626,0.902734375,0.008206758566666394,0.5066627621650696,0.209375,-0.387691867351532,0.9138633966445923,0.03137257695198059,0.027954874839633704,0.6947444140911102,0.010107309051090852,0.001900550484424458,0.16632988750934596,nan,0.0,nan,0.0,0
28,260,9764,0.04528409090909089,2560,0.287556017935276,0.9046875,0.0020907643483951688,0.5063743755221367,0.187109375,-0.3893205039203167,0.9143717646598816,0.03137257695198059,0.02858379716053605,0.6967352032661438,0.008206758566666394,0.006115994218271225,0.16632988750934596,nan,0.0,nan,0.0,0
28,280,9784,0.04414772727272729,2560,0.3012519247829914,0.902734375,0.009060183120891453,0.5005898952484131,0.194921875,-0.4052284598350525,0.9140740931034088,0.03137257695198059,0.03109923992305994,0.701581272482872,0.008206758566666394,-0.0008534245542250584,0.16632988750934596,nan,0.0,0.0,0.3716753999906359,0
28,300,9804,0.04301136363636362,2560,0.3216562993824482,0.899609375,0.007152097183279693,0.5033378764986992,0.202734375,-0.3980610743165016,0.9144793391227722,0.03137257695198059,0.03728346955031157,0.7173439770936966,0.008206758566666394,0.001054661383386701,0.16632988750934596,nan,0.0,nan,0.0,0
28,320,9824,0.041875000000000016,2560,0.289007793366909,0.90859375,0.01452772390912287,0.511887888610363,0.1984375,-0.39886623471975324,0.9125774592161179,0.03137257695198059,0.03733256123960018,0.7185858130455017,0.007152097183279693,-0.007375626725843177,0.16632988750934596,nan,0.0,nan,0.0,0
28,340,9844,0.040738636363636345,2560,0.30295549929141996,0.89921875,0.0020135325728915634,0.49176509827375414,0.198828125,-0.34618020355701445,0.9136919915676117,0.03137257695198059,0.03343344945460558,0.7084071546792984,0.008206758566666394,0.006193225993774831,0.16632988750934596,nan,0.0,nan,0.0,0
28,352,9856,0.040056818181818186,1480,0.2727404847338393,0.9135135131913262,0.03147847791378563,0.5146939865640692,0.19662162178271525,-0.39537515573807663,0.9115912021817387,0.03137257695198059,0.03592814845410553,0.7152530499406763,0.007152097183279693,-0.024326380730505935,0.16632988750934596,nan,0.0,nan,0.0,0
29,20,9876,0.038920454545454515,2560,0.2602641746401787,0.91171875,0.01266249615000561,0.5043111339211463,0.179296875,-0.3535382032394409,0.9131557703018188,0.03137257695198059,0.03380650170147419,0.7080964773893357,0.009060183120891453,-0.0036023130291141566,0.16632988750934596,nan,0.0,0.0,0.3776287999935448,0
29,40,9896,0.03778409090909091,2560,0.22657428234815596,0.933203125,0.007325369853060692,0.5006085872650147,0.193359375,-0.4308453068137169,0.9137427151203156,0.03137257695198059,0.03655823934823275,0.7159472912549972,0.01266249615000561,0.005337126296944917,0.16632988750934596,nan,0.0,nan,0.0,0
29,60,9916,0.03664772727272725,2560,0.1755789674818516,0.944921875,0.00938285308657214,0.4940920665860176,0.1921875,-0.4160183653235435,0.9131735652685166,0.03137257695198059,0.03496766481548548,0.7120727717876434,0.01266249615000561,0.003279643063433469,0.16632988750934596,nan,0.0,nan,0.0,0
29,80,9936,0.035511363636363646,2560,0.14515395369380713,0.956640625,0.006323789589805529,0.4984253108501434,0.178125,-0.4175506517291069,0.9145688563585281,0.03137257695198059,0.03418167997151613,0.7121284753084183,0.00938285308657214,0.0030590634967666112,0.16632988750934596,nan,0.0,nan,0.0,0
29,100,9956,0.034374999999999975,2560,0.15100054107606412,0.951953125,0.011313240451272577,0.5031393930315972,0.164453125,-0.4003408059477806,0.9148136258125306,0.03137257695198059,0.03531248364597559,0.7140874981880188,0.00938285308657214,-0.001930387364700437,0.16632988750934596,nan,0.0,nan,0.0,0
29,120,9976,0.03323863636363637,2560,0.18752373307943343,0.938671875,0.015900356834754346,0.5023563519120217,0.1828125,-0.41438190564513205,0.9131434321403503,0.03137257695198059,0.03566679675132036,0.7169362992048264,0.00938285308657214,-0.006517503748182206,0.16632988750934596,nan,0.0,0.0,0.38175100000808015,0
29,140,9996,0.03210227272727271,2560,0.18910976313054562,0.937890625,0.0035701739951036872,0.49552842527627944,0.1890625,-0.4026277273893356,0.9146906733512878,0.03137257695198059,0.034270367585122585,0.7137304455041885,0.00938285308657214,0.005812679091468453,0.16632988750934596,nan,0.0,nan,0.0,0
29,160,10016,0.030965909090909103,2560,0.16518357321619986,0.9484375,0.008623574557714165,0.4993928447365761,0.201171875,-0.48731168210506437,0.9140528559684753,0.03137257695198059,0.03243687013164163,0.7083933323621749,0.00938285308657214,0.0007592785288579752,0.16632988750934596,nan,0.0,nan,0.0,0
29,180,10036,0.029829545454545435,2560,0.16605571545660497,0.948046875,0.007804874377325177,0.5013210415840149,0.18125,-0.42829824760556223,0.91561039686203,0.03137257695198059,0.034083443135023116,0.7142985671758652,0.008623574557714165,0.0008187001803889879,0.16632988750934596,nan,0.0,nan,0.0,0
29,200,10056,0.028693181818181833,2560,0.20392330773174763,0.931640625,-0.0007287775340955704,0.49454715847969055,0.181640625,-0.4284081131219864,0.9152459621429443,0.03137257695198059,0.03297938145697117,0.7129976242780686,0.008623574557714165,0.009352352091809735,0.16632988750934596,nan,0.0,nan,0.0,0
29,220,10076,0.027556818181818165,2560,0.17412963956594468,0.942578125,0.010367525258334353,0.5010083720088006,0.1890625,-0.4435316577553749,0.9145955622196198,0.03137257695198059,0.03329369844868779,0.7138839989900589,0.007804874377325177,-0.002562650881009176,0.16632988750934596,nan,0.0,0.0,0.38240529999893624,0
29,240,10096,0.026420454545454563,2560,0.20102573968470097,0.932421875,0.013428717339411377,0.49986586570739744,0.1890625,-0.4629973739385605,0.9147093653678894,0.03137257695198059,0.03133186893537641,0.7064213395118714,0.007804874377325177,-0.0056238429620862,0.16632988750934596,nan,0.0,nan,0.0,0
29,260,10116,0.025284090909090895,2560,0.18687000945210458,0.940234375,-9.019618737511337e-05,0.4914753094315529,0.16953125,-0.398134183883667,0.9144283503293991,0.03137257695198059,0.028620702121406792,0.6985898435115814,0.008623574557714165,0.008713770745089278,0.16632988750934596,nan,0.0,nan,0.0,0
29,280,10136,0.024147727272727293,2560,0.1798171654343605,0.942578125,0.01596485156333074,0.5063444957137108,0.178515625,-0.41696391999721527,0.9154267907142639,0.03137257695198059,0.027119292970746757,0.6937246233224869,0.007804874377325177,-0.00815997718600556,0.16632988750934596,nan,0.0,nan,0.0,0
29,300,10156,0.023011363636363625,2560,0.18573987372219564,0.940234375,0.020411996834445743,0.5129287838935852,0.16953125,-0.37212066128849985,0.9161464899778367,0.03137257695198059,0.02792819859459996,0.698105326294899,0.010367525258334353,-0.01004447157611139,0.16632988750934596,nan,0.0,nan,0.0,0
29,320,10176,0.021875000000000023,2560,0.15870712473988532,0.9484375,0.005445117322960868,0.4958039730787277,0.16484375,-0.39001793041825294,0.9139633446931839,0.03137257695198059,0.026712412014603615,0.6924228698015213,0.013428717339411377,0.007983600016450508,0.16632988750934596,nan,0.0,0.0,0.37483590000192635,0
29,340,10196,0.02073863636363635,2560,0.17226779088377953,0.941796875,0.0024533422896638513,0.4976295635104179,0.16328125,-0.3829565137624741,0.9143395990133285,0.03137257695198059,0.026732184179127216,0.6936563938856125,0.013428717339411377,0.010975375049747526,0.16632988750934596,nan,0.0,nan,0.0,0
29,352,10208,0.020056818181818193,1480,0.15722023595023799,0.948648650259585,0.009503387961838696,0.5015409603312209,0.1709459461875864,-0.3873653307154372,0.9134875796936653,0.03137257695198059,0.02668013814333323,0.693867797787125,0.005445117322960868,-0.0040582706388778275,0.16632988750934596,nan,0.0,nan,0.0,0
30,20,10228,0.01892045454545452,2560,0.15439154841005803,0.953125,0.017098645097576082,0.5006731808185577,0.153125,-0.37243871837854386,0.9137361079454422,0.03137257695198059,0.02664963314309716,0.694610384106636,0.009503387961838696,-0.007595257135737386,0.16632988750934596,nan,0.0,nan,0.0,0
30,40,10248,0.01778409090909092,2560,0.14341505579650402,0.956640625,0.006353477924130857,0.5047733440995217,0.1734375,-0.41561842858791354,0.9153593897819519,0.03137257695198059,0.027268220484256745,0.6976268202066421,0.009503387961838696,0.003149910037707839,0.16632988750934596,nan,0.0,nan,0.0,0
30,60,10268,0.01664772727272725,2560,0.14173953793942928,0.954296875,-0.005261570680886507,0.48894387632608416,0.166015625,-0.3692022398114204,0.9142182886600494,0.03137257695198059,0.028788838535547256,0.7022537350654602,0.006353477924130857,0.011615048605017364,0.16632988750934596,nan,0.0,0.0,0.36820820000139065,0
30,80,10288,0.01551136363636365,2560,0.1270909843966365,0.96171875,0.001865473552607,0.5056518688797951,0.156640625,-0.383551812171936,0.9151755183935165,0.03137257695198059,0.02963875774294138,0.7043147504329681,0.006353477924130857,0.004488004371523857,0.16632988750934596,nan,0.0,nan,0.0,0
30,100,10308,0.014374999999999982,2560,0.14401792138814926,0.951953125,0.014038088754750789,0.5031837612390518,0.158984375,-0.3915823459625244,0.9153242915868759,0.03137257695198059,0.02920410204678774,0.7023599565029144,0.006353477924130857,-0.007684610830619932,0.16632988750934596,nan,0.0,nan,0.0,0
30,120,10328,0.01323863636363638,2560,0.1326888980343938,0.95546875,0.010293809557333588,0.5027608349919319,0.159765625,-0.3722357004880905,0.9136151760816574,0.03137257695198059,0.02893517557531595,0.7009156495332718,0.006353477924130857,-0.003940331633202732,0.16632988750934596,nan,0.0,nan,0.0,0
30,140,10348,0.012102272727272712,2560,0.12728438563644887,0.9609375,-0.002326809399528429,0.49384881407022474,0.15,-0.3681727319955826,0.913516503572464,0.03137257695198059,0.02936246683821082,0.7012870699167252,0.006353477924130857,0.008680287323659285,0.16632988750934596,nan,0.0,nan,0.0,0
30,160,10368,0.01096590909090911,2560,0.15165259651839733,0.9515625,0.01041503781452775,0.5034090861678123,0.17109375,-0.405110976845026,0.9147927790880204,0.03137257695198059,0.030040460545569657,0.7041304111480713,0.001865473552607,-0.00854956426192075,0.16632988750934596,nan,0.0,0.0,0.36998160000075586,0
30,180,10388,0.00982954545454544,2560,0.14096860401332378,0.95703125,0.009055858966894448,0.5047023922204972,0.16796875,-0.3899213239550591,0.9157721370458602,0.03137257695198059,0.03119828151538968,0.7091566830873489,0.010293809557333588,0.00123795059043914,0.16632988750934596,nan,0.0,nan,0.0,0
30,200,10408,0.008693181818181838,2560,0.12959252744913102,0.95625,0.016851846617646514,0.5043368145823479,0.150390625,-0.3648430734872818,0.9154266595840455,0.03137257695198059,0.032023786660283805,0.7114146143198014,0.010293809557333588,-0.006558037060312926,0.16632988750934596,nan,0.0,nan,0.0,0
30,220,10428,0.00755681818181817,2560,0.11151757948100567,0.965625,-0.0004909722658339888,0.4946094661951065,0.145703125,-0.33146693632006646,0.9158392786979676,0.03137257695198059,0.03181970156729221,0.7117461413145065,0.010293809557333588,0.010784781823167578,0.16632988750934596,nan,0.0,nan,0.0,0
30,240,10448,0.006420454545454568,2560,0.13887351397424935,0.953125,0.014651379082351923,0.5102621883153915,0.150390625,-0.36124091446399687,0.9154412806034088,0.03137257695198059,0.03117197137326002,0.7093666344881058,0.009055858966894448,-0.005595520115457475,0.16632988750934596,nan,0.0,nan,0.0,0
30,260,10468,0.005284090909090899,2560,0.13185936994850636,0.95546875,0.006747287325561046,0.5009929805994033,0.151953125,-0.37764727771282197,0.9149563074111938,0.03137257695198059,0.030762672331184147,0.7080704480409622,0.01041503781452775,0.003667750488966703,0.16632988750934596,nan,0.0,0.0,0.3765166999946814,0
30,280,10488,0.004147727272727297,2560,0.13569590114057065,0.954296875,0.008897194010205566,0.4983546152710915,0.156640625,-0.359568253159523,0.9151361048221588,0.03137257695198059,0.030771066341549157,0.7071712434291839,0.009055858966894448,0.00015866495668888196,0.16632988750934596,nan,0.0,nan,0.0,0
30,300,10508,0.0030113636363636284,2560,0.11730964928865432,0.965234375,0.00573080851463601,0.4995015636086464,0.144140625,-0.3628639504313469,0.9147723108530045,0.03137257695198059,0.030797542445361613,0.707592847943306,0.008897194010205566,0.0031663854955695566,0.16632988750934596,nan,0.0,nan,0.0,0
30,320,10528,0.0018750000000000266,2560,0.10799433533102273,0.96953125,0.0051584898494184015,0.4972189724445343,0.137890625,-0.37103568986058233,0.9154256373643875,0.03137257695198059,0.03044658899307251,0.7068636447191239,0.006747287325561046,0.0015887974761426447,0.16632988750934596,nan,0.0,nan,0.0,0
30,340,10548,0.000738636363636358,2560,0.12544589526951314,0.959375,0.01190095308702439,0.5065769389271736,0.15390625,-0.3855532810091972,0.9132965236902237,0.03137257695198059,0.030999003816395997,0.708288487792015,0.006747287325561046,-0.005153665761463344,0.16632988750934596,nan,0.0,nan,0.0,0
30,352,10560,5.681818181819675e-05,1480,0.11964041196011208,0.9594594610703958,0.003169653705648474,0.49001202325563176,0.14527027031054368,-0.3447577909843342,0.9134805515005782,0.03137257695198059,0.03063351580420056,0.7069977998733521,0.006747287325561046,0.0035776336199125724,0.16632988750934596,nan,0.0,0.0,0.3802715000056196,0
